universe,allocation,weighting,arm,group,metric,n_unweighted,weighted_persons,estimate,se_sdr,diff_vs_white,se_sdr_diff
adults_25_64,equal_adults_18plus,person,age_standardised,all_foreign_born,cash_noncash_tax_balance,15203,37078696.955611,11500.127546,318.264224,-2908.862441,444.242795
adults_25_64,equal_adults_18plus,person,age_standardised,all_foreign_born,children_5_17,15203,37078696.955611,0.278960,0.004460,0.026294,0.005609
adults_25_64,equal_adults_18plus,person,age_standardised,all_foreign_born,employer_payroll,15203,37078696.955611,3613.344631,40.337862,-677.719730,51.045554
adults_25_64,equal_adults_18plus,person,age_standardised,all_foreign_born,extended_balance_after_health,15203,37078696.955611,10894.818834,386.540932,-4058.794237,533.116140
adults_25_64,equal_adults_18plus,person,age_standardised,all_foreign_born,extended_balance_after_health_ins,15203,37078696.955611,10842.663937,401.883435,-4689.536147,549.160908
adults_25_64,equal_adults_18plus,person,age_standardised,all_foreign_born,extended_balance_base,15203,37078696.955611,13272.675877,385.247640,-4826.583510,528.741555
adults_25_64,equal_adults_18plus,person,age_standardised,all_foreign_born,extended_balance_flat090,15203,37078696.955611,12765.497115,387.016014,-4909.430132,530.727507
adults_25_64,equal_adults_18plus,person,age_standardised,all_foreign_born,extended_balance_renter,15203,37078696.955611,13919.524746,383.258653,-4526.297755,526.872919
adults_25_64,equal_adults_18plus,person,age_standardised,all_foreign_born,extended_balance_sales_itep,15203,37078696.955611,14012.396670,386.409972,-4998.877104,531.017490
adults_25_64,equal_adults_18plus,person,age_standardised,all_foreign_born,federal_after_refundable,15203,37078696.955611,7238.247571,224.115681,-2831.539481,321.119731
adults_25_64,equal_adults_18plus,person,age_standardised,all_foreign_born,health_age_birth,15203,37078696.955611,2377.857043,15.895964,-767.789273,19.736584
adults_25_64,equal_adults_18plus,person,age_standardised,all_foreign_born,health_age_birth_ins,15203,37078696.955611,2430.011940,39.800175,-137.047363,49.605487
adults_25_64,equal_adults_18plus,person,age_standardised,all_foreign_born,k12_charged,15203,37078696.955611,4184.154695,74.161181,683.473177,94.095447
adults_25_64,equal_adults_18plus,person,age_standardised,all_foreign_born,k12_charged_flat090,15203,37078696.955611,4691.333457,83.150565,766.319798,105.501147
adults_25_64,equal_adults_18plus,person,age_standardised,all_foreign_born,k12_cost_at_full_attendance,15203,37078696.955611,5212.592730,92.389517,851.466443,117.223496
adults_25_64,equal_adults_18plus,person,age_standardised,all_foreign_born,modeled_tax_total,15203,37078696.955611,13187.155767,307.877352,-4149.510702,429.743690
adults_25_64,equal_adults_18plus,person,age_standardised,all_foreign_born,payroll,15203,37078696.955611,3962.919035,43.840042,-738.083755,56.120207
adults_25_64,equal_adults_18plus,person,age_standardised,all_foreign_born,property_tax_owner,15203,37078696.955611,1249.510948,29.804006,-367.116158,33.353328
adults_25_64,equal_adults_18plus,person,age_standardised,all_foreign_born,property_tax_renter_proxy,15203,37078696.955611,646.848869,10.218026,300.285755,11.324278
adults_25_64,equal_adults_18plus,person,age_standardised,all_foreign_born,sales_tax_itep,15203,37078696.955611,1833.568241,16.042980,-361.705598,21.833026
adults_25_64,equal_adults_18plus,person,age_standardised,all_foreign_born,sales_tax_share35,15203,37078696.955611,1093.847447,14.153939,-189.412005,18.901479
adults_25_64,equal_adults_18plus,person,age_standardised,all_foreign_born,selected_cash_total,15203,37078696.955611,1351.798667,51.490551,-1332.817134,68.702304
adults_25_64,equal_adults_18plus,person,age_standardised,all_foreign_born,selected_noncash_total,15203,37078696.955611,335.229554,9.638044,92.168873,11.206197
adults_25_64,equal_adults_18plus,person,age_standardised,all_foreign_born,snap,15203,37078696.955611,168.171463,7.889877,34.656530,9.471771
adults_25_64,equal_adults_18plus,person,age_standardised,all_foreign_born,social_security,15203,37078696.955611,888.193659,39.781542,-916.255608,56.542258
adults_25_64,equal_adults_18plus,person,age_standardised,all_foreign_born,state_after_credits,15203,37078696.955611,1985.989160,60.112063,-579.887466,77.331863
adults_25_64,equal_adults_18plus,person,age_standardised,all_foreign_born,state_local_total,15203,37078696.955611,4329.347555,86.473395,-1136.415629,110.294341
adults_25_64,equal_adults_18plus,person,age_standardised,all_native,cash_noncash_tax_balance,55652,134686458.170775,12677.148833,228.183652,-1731.841154,118.551671
adults_25_64,equal_adults_18plus,person,age_standardised,all_native,children_5_17,55652,134686458.170775,0.254200,0.002883,0.001533,0.002000
adults_25_64,equal_adults_18plus,person,age_standardised,all_native,employer_payroll,55652,134686458.170775,4034.605903,24.511077,-256.458458,13.685386
adults_25_64,equal_adults_18plus,person,age_standardised,all_native,extended_balance_after_health,55652,134686458.170775,12693.319780,274.317673,-2260.293291,142.339940
adults_25_64,equal_adults_18plus,person,age_standardised,all_native,extended_balance_after_health_ins,55652,134686458.170775,12961.290940,283.566160,-2570.909145,147.987874
adults_25_64,equal_adults_18plus,person,age_standardised,all_native,extended_balance_base,55652,134686458.170775,15860.642079,270.101798,-2238.617308,140.396136
adults_25_64,equal_adults_18plus,person,age_standardised,all_native,extended_balance_flat090,55652,134686458.170775,15429.134054,271.477337,-2245.793193,141.260005
adults_25_64,equal_adults_18plus,person,age_standardised,all_native,extended_balance_renter,55652,134686458.170775,16309.610048,269.988788,-2136.212453,140.309065
adults_25_64,equal_adults_18plus,person,age_standardised,all_native,extended_balance_sales_itep,55652,134686458.170775,16742.387696,271.301379,-2268.886078,140.910732
adults_25_64,equal_adults_18plus,person,age_standardised,all_native,federal_after_refundable,55652,134686458.170775,9086.000930,162.907365,-983.786123,85.869198
adults_25_64,equal_adults_18plus,person,age_standardised,all_native,health_age_birth,55652,134686458.170775,3167.322299,10.770534,21.675983,6.962846
adults_25_64,equal_adults_18plus,person,age_standardised,all_native,health_age_birth_ins,55652,134686458.170775,2899.351140,28.144398,332.291837,18.553638
adults_25_64,equal_adults_18plus,person,age_standardised,all_native,k12_charged,55652,134686458.170775,3559.881581,46.731299,59.200063,31.613576
adults_25_64,equal_adults_18plus,person,age_standardised,all_native,k12_charged_flat090,55652,134686458.170775,3991.389607,52.395793,66.375948,35.445589
adults_25_64,equal_adults_18plus,person,age_standardised,all_native,k12_cost_at_full_attendance,55652,134686458.170775,4434.877341,58.217548,73.751054,39.383988
adults_25_64,equal_adults_18plus,person,age_standardised,all_native,modeled_tax_total,55652,134686458.170775,15816.983221,214.759157,-1519.683248,115.008079
adults_25_64,equal_adults_18plus,person,age_standardised,all_native,payroll,55652,134686458.170775,4398.500476,27.290500,-302.502315,15.610302
adults_25_64,equal_adults_18plus,person,age_standardised,all_native,property_tax_owner,55652,134686458.170775,1485.267398,13.820551,-131.359708,8.839353
adults_25_64,equal_adults_18plus,person,age_standardised,all_native,property_tax_renter_proxy,55652,134686458.170775,448.967968,5.279316,102.404854,3.819710
adults_25_64,equal_adults_18plus,person,age_standardised,all_native,sales_tax_itep,55652,134686458.170775,2105.247143,10.936137,-90.026696,5.917022
adults_25_64,equal_adults_18plus,person,age_standardised,all_native,sales_tax_share35,55652,134686458.170775,1223.501526,9.269601,-59.757926,5.114957
adults_25_64,equal_adults_18plus,person,age_standardised,all_native,selected_cash_total,55652,134686458.170775,2820.368176,41.792131,135.752375,26.890304
adults_25_64,equal_adults_18plus,person,age_standardised,all_native,selected_noncash_total,55652,134686458.170775,319.466212,6.422440,76.405530,5.246108
adults_25_64,equal_adults_18plus,person,age_standardised,all_native,snap,55652,134686458.170775,188.690951,5.165198,55.176018,4.286415
adults_25_64,equal_adults_18plus,person,age_standardised,all_native,social_security,55652,134686458.170775,1841.914822,35.614857,37.465555,20.679833
adults_25_64,equal_adults_18plus,person,age_standardised,all_native,state_after_credits,55652,134686458.170775,2332.481816,34.931090,-233.394810,21.539483
adults_25_64,equal_adults_18plus,person,age_standardised,all_native,state_local_total,55652,134686458.170775,5041.250740,49.962179,-424.512443,29.725984
adults_25_64,equal_adults_18plus,person,age_standardised,asian_indian_native_selfid,cash_noncash_tax_balance,258,642302.176503,32350.044615,4209.964548,17941.054628,4236.397447
adults_25_64,equal_adults_18plus,person,age_standardised,asian_indian_native_selfid,children_5_17,258,642302.176503,0.221218,0.037794,-0.031449,0.038373
adults_25_64,equal_adults_18plus,person,age_standardised,asian_indian_native_selfid,employer_payroll,258,642302.176503,6321.000713,442.764149,2029.936352,447.145941
adults_25_64,equal_adults_18plus,person,age_standardised,asian_indian_native_selfid,extended_balance_after_health,258,642302.176503,37907.041404,5020.179294,22953.428333,5056.906857
adults_25_64,equal_adults_18plus,person,age_standardised,asian_indian_native_selfid,extended_balance_after_health_ins,258,642302.176503,38979.499631,5102.855159,23447.299547,5137.309407
adults_25_64,equal_adults_18plus,person,age_standardised,asian_indian_native_selfid,extended_balance_base,258,642302.176503,40704.797961,5016.328543,22605.538574,5053.036629
adults_25_64,equal_adults_18plus,person,age_standardised,asian_indian_native_selfid,extended_balance_flat090,258,642302.176503,40271.516766,5019.444920,22596.589519,5056.449505
adults_25_64,equal_adults_18plus,person,age_standardised,asian_indian_native_selfid,extended_balance_renter,258,642302.176503,41058.179590,5018.953697,22612.357089,5055.117609
adults_25_64,equal_adults_18plus,person,age_standardised,asian_indian_native_selfid,extended_balance_sales_itep,258,642302.176503,41498.256035,5030.650283,22486.982261,5067.562865
adults_25_64,equal_adults_18plus,person,age_standardised,asian_indian_native_selfid,federal_after_refundable,258,642302.176503,21007.963070,3123.138831,10938.176018,3140.386864
adults_25_64,equal_adults_18plus,person,age_standardised,asian_indian_native_selfid,health_age_birth,258,642302.176503,2797.756557,116.455258,-347.889759,115.714251
adults_25_64,equal_adults_18plus,person,age_standardised,asian_indian_native_selfid,health_age_birth_ins,258,642302.176503,1725.298330,251.080980,-841.760973,249.642299
adults_25_64,equal_adults_18plus,person,age_standardised,asian_indian_native_selfid,k12_charged,258,642302.176503,3574.509985,640.249964,73.828467,648.193268
adults_25_64,equal_adults_18plus,person,age_standardised,asian_indian_native_selfid,k12_charged_flat090,258,642302.176503,4007.791180,717.857320,82.777522,726.763465
adults_25_64,equal_adults_18plus,person,age_standardised,asian_indian_native_selfid,k12_cost_at_full_attendance,258,642302.176503,4453.101312,797.619244,91.975025,807.514961
adults_25_64,equal_adults_18plus,person,age_standardised,asian_indian_native_selfid,modeled_tax_total,258,642302.176503,33174.380778,4179.994903,15837.714310,4206.170110
adults_25_64,equal_adults_18plus,person,age_standardised,asian_indian_native_selfid,payroll,258,642302.176503,6693.349323,494.453492,1992.346532,499.610495
adults_25_64,equal_adults_18plus,person,age_standardised,asian_indian_native_selfid,property_tax_owner,258,642302.176503,3630.069933,568.634418,2013.442827,568.300783
adults_25_64,equal_adults_18plus,person,age_standardised,asian_indian_native_selfid,property_tax_renter_proxy,258,642302.176503,353.381629,51.114636,6.818515,51.099258
adults_25_64,equal_adults_18plus,person,age_standardised,asian_indian_native_selfid,sales_tax_itep,258,642302.176503,2771.650760,202.688590,576.376921,203.317580
adults_25_64,equal_adults_18plus,person,age_standardised,asian_indian_native_selfid,sales_tax_share35,258,642302.176503,1978.192686,186.738974,694.933234,187.278600
adults_25_64,equal_adults_18plus,person,age_standardised,asian_indian_native_selfid,selected_cash_total,258,642302.176503,750.363665,257.810827,-1934.252135,260.120187
adults_25_64,equal_adults_18plus,person,age_standardised,asian_indian_native_selfid,selected_noncash_total,258,642302.176503,73.972498,20.071020,-169.088183,20.486028
adults_25_64,equal_adults_18plus,person,age_standardised,asian_indian_native_selfid,snap,258,642302.176503,27.750546,12.301289,-105.764387,13.158475
adults_25_64,equal_adults_18plus,person,age_standardised,asian_indian_native_selfid,social_security,258,642302.176503,597.738338,242.943466,-1206.710929,240.102912
adults_25_64,equal_adults_18plus,person,age_standardised,asian_indian_native_selfid,state_after_credits,258,642302.176503,5473.068385,742.285715,2907.191760,748.023744
adults_25_64,equal_adults_18plus,person,age_standardised,asian_indian_native_selfid,state_local_total,258,642302.176503,11081.331004,1267.131848,5615.567821,1274.418135
adults_25_64,equal_adults_18plus,person,age_standardised,china_born,cash_noncash_tax_balance,628,1512979.429194,23150.499331,2495.536521,8741.509345,2509.384273
adults_25_64,equal_adults_18plus,person,age_standardised,china_born,children_5_17,628,1512979.429194,0.263325,0.021502,0.010658,0.022293
adults_25_64,equal_adults_18plus,person,age_standardised,china_born,employer_payroll,628,1512979.429194,5157.120395,287.429380,866.056035,287.706630
adults_25_64,equal_adults_18plus,person,age_standardised,china_born,extended_balance_after_health,628,1512979.429194,25682.112163,2970.432723,10728.499092,2988.378117
adults_25_64,equal_adults_18plus,person,age_standardised,china_born,extended_balance_after_health_ins,628,1512979.429194,25205.155109,3074.582751,9672.955025,3093.135464
adults_25_64,equal_adults_18plus,person,age_standardised,china_born,extended_balance_base,628,1512979.429194,28103.891926,2975.800467,10004.632539,2992.744572
adults_25_64,equal_adults_18plus,person,age_standardised,china_born,extended_balance_flat090,628,1512979.429194,27565.511677,2984.210979,9890.584430,3001.589914
adults_25_64,equal_adults_18plus,person,age_standardised,china_born,extended_balance_renter,628,1512979.429194,28675.544091,2967.283991,10229.721590,2984.481182
adults_25_64,equal_adults_18plus,person,age_standardised,china_born,extended_balance_sales_itep,628,1512979.429194,28871.070129,2984.931368,9859.796355,3002.642847
adults_25_64,equal_adults_18plus,person,age_standardised,china_born,federal_after_refundable,628,1512979.429194,14445.767640,1709.535160,4375.980588,1720.831010
adults_25_64,equal_adults_18plus,person,age_standardised,china_born,health_age_birth,628,1512979.429194,2421.779763,76.089986,-723.866553,74.956019
adults_25_64,equal_adults_18plus,person,age_standardised,china_born,health_age_birth_ins,628,1512979.429194,2898.736817,278.632862,331.677514,277.910033
adults_25_64,equal_adults_18plus,person,age_standardised,china_born,k12_charged,628,1512979.429194,4441.562655,363.566404,940.881137,373.803612
adults_25_64,equal_adults_18plus,person,age_standardised,china_born,k12_charged_flat090,628,1512979.429194,4979.942904,407.635797,1054.929245,419.113899
adults_25_64,equal_adults_18plus,person,age_standardised,china_born,k12_cost_at_full_attendance,628,1512979.429194,5533.269893,452.928663,1172.143606,465.682110
adults_25_64,equal_adults_18plus,person,age_standardised,china_born,modeled_tax_total,628,1512979.429194,24348.316388,2510.202265,7011.649919,2523.173507
adults_25_64,equal_adults_18plus,person,age_standardised,china_born,payroll,628,1512979.429194,5553.864187,303.830541,852.861396,305.383017
adults_25_64,equal_adults_18plus,person,age_standardised,china_born,property_tax_owner,628,1512979.429194,2637.391046,192.567479,1020.763941,192.363278
adults_25_64,equal_adults_18plus,person,age_standardised,china_born,property_tax_renter_proxy,628,1512979.429194,571.652165,49.605954,225.089051,49.645171
adults_25_64,equal_adults_18plus,person,age_standardised,china_born,sales_tax_itep,628,1512979.429194,2367.622011,115.726996,172.348172,117.007257
adults_25_64,equal_adults_18plus,person,age_standardised,china_born,sales_tax_share35,628,1512979.429194,1600.443808,103.067280,317.184356,103.406575
adults_25_64,equal_adults_18plus,person,age_standardised,china_born,selected_cash_total,628,1512979.429194,962.077612,202.949257,-1722.538189,199.115929
adults_25_64,equal_adults_18plus,person,age_standardised,china_born,selected_noncash_total,628,1512979.429194,235.739445,35.957833,-7.321237,37.110993
adults_25_64,equal_adults_18plus,person,age_standardised,china_born,snap,628,1512979.429194,109.275184,28.898896,-24.239749,29.704853
adults_25_64,equal_adults_18plus,person,age_standardised,china_born,social_security,628,1512979.429194,584.614605,174.586709,-1219.834662,176.035967
adults_25_64,equal_adults_18plus,person,age_standardised,china_born,state_after_credits,628,1512979.429194,4348.684561,560.504910,1782.807935,561.991511
adults_25_64,equal_adults_18plus,person,age_standardised,china_born,state_local_total,628,1512979.429194,8586.519415,757.108313,3120.756232,758.034748
adults_25_64,equal_adults_18plus,person,age_standardised,china_born_broad,cash_noncash_tax_balance,769,1872200.147549,24107.610700,2218.305052,9698.620714,2230.624323
adults_25_64,equal_adults_18plus,person,age_standardised,china_born_broad,children_5_17,769,1872200.147549,0.255964,0.018062,0.003298,0.018824
adults_25_64,equal_adults_18plus,person,age_standardised,china_born_broad,employer_payroll,769,1872200.147549,5358.005406,250.633371,1066.941045,251.629246
adults_25_64,equal_adults_18plus,person,age_standardised,china_born_broad,extended_balance_after_health,769,1872200.147549,27169.988107,2627.192204,12216.375036,2644.091356
adults_25_64,equal_adults_18plus,person,age_standardised,china_born_broad,extended_balance_after_health_ins,769,1872200.147549,27070.955923,2720.197836,11538.755839,2738.459614
adults_25_64,equal_adults_18plus,person,age_standardised,china_born_broad,extended_balance_base,769,1872200.147549,29630.355544,2629.012027,11531.096157,2645.096109
adults_25_64,equal_adults_18plus,person,age_standardised,china_born_broad,extended_balance_flat090,769,1872200.147549,29113.327086,2636.091365,11438.399839,2652.508880
adults_25_64,equal_adults_18plus,person,age_standardised,china_born_broad,extended_balance_renter,769,1872200.147549,30186.400114,2624.241702,11740.577613,2640.488491
adults_25_64,equal_adults_18plus,person,age_standardised,china_born_broad,extended_balance_sales_itep,769,1872200.147549,30386.963260,2637.249986,11375.689486,2654.054387
adults_25_64,equal_adults_18plus,person,age_standardised,china_born_broad,federal_after_refundable,769,1872200.147549,15396.496575,1572.620577,5326.709523,1583.390139
adults_25_64,equal_adults_18plus,person,age_standardised,china_born_broad,health_age_birth,769,1872200.147549,2460.367437,68.596839,-685.278879,67.861492
adults_25_64,equal_adults_18plus,person,age_standardised,china_born_broad,health_age_birth_ins,769,1872200.147549,2559.399621,238.963034,-7.659682,239.076935
adults_25_64,equal_adults_18plus,person,age_standardised,china_born_broad,k12_charged,769,1872200.147549,4265.413331,311.268036,764.731813,320.490665
adults_25_64,equal_adults_18plus,person,age_standardised,china_born_broad,k12_charged_flat090,769,1872200.147549,4782.441790,348.998127,857.428131,359.338669
adults_25_64,equal_adults_18plus,person,age_standardised,china_born_broad,k12_cost_at_full_attendance,769,1872200.147549,5313.824211,387.775696,952.697923,399.265188
adults_25_64,equal_adults_18plus,person,age_standardised,china_born_broad,modeled_tax_total,769,1872200.147549,25341.474523,2218.028819,8004.808054,2230.110826
adults_25_64,equal_adults_18plus,person,age_standardised,china_born_broad,payroll,769,1872200.147549,5750.176002,264.097134,1049.173212,266.056371
adults_25_64,equal_adults_18plus,person,age_standardised,china_born_broad,property_tax_owner,769,1872200.147549,2736.802472,158.721464,1120.175367,158.589526
adults_25_64,equal_adults_18plus,person,age_standardised,china_born_broad,property_tax_renter_proxy,769,1872200.147549,556.044570,44.059034,209.481456,44.036452
adults_25_64,equal_adults_18plus,person,age_standardised,china_born_broad,sales_tax_itep,769,1872200.147549,2449.958013,106.157144,254.684174,107.659351
adults_25_64,equal_adults_18plus,person,age_standardised,china_born_broad,sales_tax_share35,769,1872200.147549,1693.350297,95.405191,410.090845,96.140066
adults_25_64,equal_adults_18plus,person,age_standardised,china_born_broad,selected_cash_total,769,1872200.147549,1017.743130,169.466211,-1666.872671,165.306376
adults_25_64,equal_adults_18plus,person,age_standardised,china_born_broad,selected_noncash_total,769,1872200.147549,216.120692,30.114403,-26.939989,31.575498
adults_25_64,equal_adults_18plus,person,age_standardised,china_born_broad,snap,769,1872200.147549,98.333208,24.053727,-35.181725,25.049809
adults_25_64,equal_adults_18plus,person,age_standardised,china_born_broad,social_security,769,1872200.147549,587.433368,144.308702,-1217.015899,146.726826
adults_25_64,equal_adults_18plus,person,age_standardised,china_born_broad,state_after_credits,769,1872200.147549,4194.801946,471.712382,1628.925320,473.512921
adults_25_64,equal_adults_18plus,person,age_standardised,china_born_broad,state_local_total,769,1872200.147549,8624.954715,627.972461,3159.191531,629.036456
adults_25_64,equal_adults_18plus,person,age_standardised,india_born,cash_noncash_tax_balance,1232,3245304.200540,25587.116445,1429.142381,11178.126459,1461.318780
adults_25_64,equal_adults_18plus,person,age_standardised,india_born,children_5_17,1232,3245304.200540,0.236704,0.011662,-0.015963,0.012309
adults_25_64,equal_adults_18plus,person,age_standardised,india_born,employer_payroll,1232,3245304.200540,6054.446524,194.646994,1763.382164,198.183378
adults_25_64,equal_adults_18plus,person,age_standardised,india_born,extended_balance_after_health,1232,3245304.200540,29878.391732,1691.680630,14924.778661,1728.508487
adults_25_64,equal_adults_18plus,person,age_standardised,india_born,extended_balance_after_health_ins,1232,3245304.200540,30814.193103,1726.029749,15281.993019,1765.915759
adults_25_64,equal_adults_18plus,person,age_standardised,india_born,extended_balance_base,1232,3245304.200540,32035.735132,1693.454504,13936.475745,1729.953013
adults_25_64,equal_adults_18plus,person,age_standardised,india_born,extended_balance_flat090,1232,3245304.200540,31594.086469,1696.353649,13919.159223,1732.873148
adults_25_64,equal_adults_18plus,person,age_standardised,india_born,extended_balance_renter,1232,3245304.200540,32478.285024,1691.813940,14032.462523,1728.014275
adults_25_64,equal_adults_18plus,person,age_standardised,india_born,extended_balance_sales_itep,1232,3245304.200540,32794.332091,1698.432245,13783.058318,1735.403606
adults_25_64,equal_adults_18plus,person,age_standardised,india_born,federal_after_refundable,1232,3245304.200540,16215.129928,1044.526830,6145.342876,1063.309431
adults_25_64,equal_adults_18plus,person,age_standardised,india_born,health_age_birth,1232,3245304.200540,2157.343400,57.651482,-988.302916,60.440401
adults_25_64,equal_adults_18plus,person,age_standardised,india_born,health_age_birth_ins,1232,3245304.200540,1221.542029,125.182205,-1345.517274,131.023033
adults_25_64,equal_adults_18plus,person,age_standardised,india_born,k12_charged,1232,3245304.200540,3643.540434,189.363654,142.858915,203.044915
adults_25_64,equal_adults_18plus,person,age_standardised,india_born,k12_charged_flat090,1232,3245304.200540,4085.189096,212.317209,160.175438,227.656832
adults_25_64,equal_adults_18plus,person,age_standardised,india_born,k12_cost_at_full_attendance,1232,3245304.200540,4539.098996,235.908010,177.972708,252.952036
adults_25_64,equal_adults_18plus,person,age_standardised,india_born,modeled_tax_total,1232,3245304.200540,26338.891819,1413.532060,9002.225350,1438.447462
adults_25_64,equal_adults_18plus,person,age_standardised,india_born,payroll,1232,3245304.200540,6389.563927,201.438974,1688.561137,205.234849
adults_25_64,equal_adults_18plus,person,age_standardised,india_born,property_tax_owner,1232,3245304.200540,2262.832716,119.502676,646.205611,117.909189
adults_25_64,equal_adults_18plus,person,age_standardised,india_born,property_tax_renter_proxy,1232,3245304.200540,442.549892,28.205008,95.986778,27.945972
adults_25_64,equal_adults_18plus,person,age_standardised,india_born,sales_tax_itep,1232,3245304.200540,2533.476839,72.698171,338.203000,74.557302
adults_25_64,equal_adults_18plus,person,age_standardised,india_born,sales_tax_share35,1232,3245304.200540,1774.879880,68.309321,491.620427,69.476891
adults_25_64,equal_adults_18plus,person,age_standardised,india_born,selected_cash_total,1232,3245304.200540,685.535514,149.880039,-1999.080287,155.514598
adults_25_64,equal_adults_18plus,person,age_standardised,india_born,selected_noncash_total,1232,3245304.200540,66.239859,8.707105,-176.820822,10.664971
adults_25_64,equal_adults_18plus,person,age_standardised,india_born,snap,1232,3245304.200540,13.026071,6.145220,-120.488862,8.402924
adults_25_64,equal_adults_18plus,person,age_standardised,india_born,social_security,1232,3245304.200540,474.416458,123.886257,-1330.032809,132.638469
adults_25_64,equal_adults_18plus,person,age_standardised,india_born,state_after_credits,1232,3245304.200540,3734.197963,276.789686,1168.321337,279.888442
adults_25_64,equal_adults_18plus,person,age_standardised,india_born,state_local_total,1232,3245304.200540,7771.910559,375.338159,2306.147375,379.703275
adults_25_64,equal_adults_18plus,person,age_standardised,india_born_recent_noncit,cash_noncash_tax_balance,362,974649.319403,14412.339885,1252.711647,3.349898,1239.861978
adults_25_64,equal_adults_18plus,person,age_standardised,india_born_recent_noncit,children_5_17,362,974649.319403,0.271133,0.041412,0.018466,0.041389
adults_25_64,equal_adults_18plus,person,age_standardised,india_born_recent_noncit,employer_payroll,362,974649.319403,4693.472303,278.528093,402.407942,277.891734
adults_25_64,equal_adults_18plus,person,age_standardised,india_born_recent_noncit,extended_balance_after_health,362,974649.319403,15090.987301,1527.607586,137.374231,1526.157037
adults_25_64,equal_adults_18plus,person,age_standardised,india_born_recent_noncit,extended_balance_after_health_ins,362,974649.319403,15898.042087,1523.028708,365.842003,1524.525442
adults_25_64,equal_adults_18plus,person,age_standardised,india_born_recent_noncit,extended_balance_base,362,974649.319403,16754.792311,1541.078036,-1344.467076,1536.246206
adults_25_64,equal_adults_18plus,person,age_standardised,india_born_recent_noncit,extended_balance_flat090,362,974649.319403,16227.333023,1554.819091,-1447.594223,1551.622444
adults_25_64,equal_adults_18plus,person,age_standardised,india_born_recent_noncit,extended_balance_renter,362,974649.319403,17562.859044,1545.084397,-882.963457,1536.616376
adults_25_64,equal_adults_18plus,person,age_standardised,india_born_recent_noncit,extended_balance_sales_itep,362,974649.319403,17523.866002,1533.677128,-1487.407772,1528.507432
adults_25_64,equal_adults_18plus,person,age_standardised,india_born_recent_noncit,federal_after_refundable,362,974649.319403,8045.293508,961.880191,-2024.493544,959.716311
adults_25_64,equal_adults_18plus,person,age_standardised,india_born_recent_noncit,health_age_birth,362,974649.319403,1663.805010,177.528391,-1481.841306,177.807380
adults_25_64,equal_adults_18plus,person,age_standardised,india_born_recent_noncit,health_age_birth_ins,362,974649.319403,856.750224,210.580012,-1710.309079,215.128653
adults_25_64,equal_adults_18plus,person,age_standardised,india_born_recent_noncit,k12_charged,362,974649.319403,4351.466237,738.603422,850.784719,739.612086
adults_25_64,equal_adults_18plus,person,age_standardised,india_born_recent_noncit,k12_charged_flat090,362,974649.319403,4878.925525,828.132609,953.911867,829.263537
adults_25_64,equal_adults_18plus,person,age_standardised,india_born_recent_noncit,k12_cost_at_full_attendance,362,974649.319403,5421.028362,920.147343,1059.902075,921.403930
adults_25_64,equal_adults_18plus,person,age_standardised,india_born_recent_noncit,modeled_tax_total,362,974649.319403,14809.678142,1288.915782,-2526.988326,1281.155074
adults_25_64,equal_adults_18plus,person,age_standardised,india_born_recent_noncit,payroll,362,974649.319403,4756.906487,284.117899,55.903697,281.471032
adults_25_64,equal_adults_18plus,person,age_standardised,india_born_recent_noncit,property_tax_owner,362,974649.319403,770.748291,122.190988,-845.878815,123.011962
adults_25_64,equal_adults_18plus,person,age_standardised,india_born_recent_noncit,property_tax_renter_proxy,362,974649.319403,808.066733,125.878240,461.503619,125.648348
adults_25_64,equal_adults_18plus,person,age_standardised,india_born_recent_noncit,sales_tax_itep,362,974649.319403,1998.771762,111.546164,-196.502077,109.918475
adults_25_64,equal_adults_18plus,person,age_standardised,india_born_recent_noncit,sales_tax_share35,362,974649.319403,1229.698071,106.323175,-53.561381,105.221337
adults_25_64,equal_adults_18plus,person,age_standardised,india_born_recent_noncit,selected_cash_total,362,974649.319403,333.497022,174.088657,-2351.118779,179.974640
adults_25_64,equal_adults_18plus,person,age_standardised,india_born_recent_noncit,selected_noncash_total,362,974649.319403,63.841236,16.175286,-179.219445,17.348839
adults_25_64,equal_adults_18plus,person,age_standardised,india_born_recent_noncit,snap,362,974649.319403,3.279013,1.615159,-130.235920,5.262138
adults_25_64,equal_adults_18plus,person,age_standardised,india_born_recent_noncit,social_security,362,974649.319403,124.376295,115.756085,-1680.072972,124.231106
adults_25_64,equal_adults_18plus,person,age_standardised,india_born_recent_noncit,state_after_credits,362,974649.319403,2007.478147,185.242982,-558.398479,187.405736
adults_25_64,equal_adults_18plus,person,age_standardised,india_born_recent_noncit,state_local_total,362,974649.319403,4007.924509,263.085896,-1457.838675,264.815268
adults_25_64,equal_adults_18plus,person,age_standardised,india_born_settled,cash_noncash_tax_balance,870,2270654.881137,28774.370365,1651.269578,14365.380379,1684.337102
adults_25_64,equal_adults_18plus,person,age_standardised,india_born_settled,children_5_17,870,2270654.881137,0.239428,0.012854,-0.013239,0.013398
adults_25_64,equal_adults_18plus,person,age_standardised,india_born_settled,employer_payroll,870,2270654.881137,6554.181604,224.950255,2263.117243,227.953983
adults_25_64,equal_adults_18plus,person,age_standardised,india_born_settled,extended_balance_after_health,870,2270654.881137,33954.326673,1940.164233,19000.713602,1977.809865
adults_25_64,equal_adults_18plus,person,age_standardised,india_born_settled,extended_balance_after_health_ins,870,2270654.881137,34919.731142,1985.794050,19387.531058,2025.929244
adults_25_64,equal_adults_18plus,person,age_standardised,india_born_settled,extended_balance_base,870,2270654.881137,36259.045818,1935.553728,18159.786431,1973.493796
adults_25_64,equal_adults_18plus,person,age_standardised,india_born_settled,extended_balance_flat090,870,2270654.881137,35816.905234,1936.871653,18141.977988,1974.825699
adults_25_64,equal_adults_18plus,person,age_standardised,india_born_settled,extended_balance_renter,870,2270654.881137,36595.471542,1937.776946,18149.649042,1975.380021
adults_25_64,equal_adults_18plus,person,age_standardised,india_born_settled,extended_balance_sales_itep,870,2270654.881137,37006.323940,1940.703781,17995.050166,1979.067384
adults_25_64,equal_adults_18plus,person,age_standardised,india_born_settled,federal_after_refundable,870,2270654.881137,18325.592400,1182.770039,8255.805348,1202.531340
adults_25_64,equal_adults_18plus,person,age_standardised,india_born_settled,health_age_birth,870,2270654.881137,2304.719146,66.040566,-840.927170,68.112606
adults_25_64,equal_adults_18plus,person,age_standardised,india_born_settled,health_age_birth_ins,870,2270654.881137,1339.314676,158.269196,-1227.744626,162.414428
adults_25_64,equal_adults_18plus,person,age_standardised,india_born_settled,k12_charged,870,2270654.881137,3647.598716,202.528618,146.917198,213.357798
adults_25_64,equal_adults_18plus,person,age_standardised,india_born_settled,k12_charged_flat090,870,2270654.881137,4089.739300,227.077952,164.725641,239.219783
adults_25_64,equal_adults_18plus,person,age_standardised,india_born_settled,k12_cost_at_full_attendance,870,2270654.881137,4544.154778,252.308836,183.028490,265.799758
adults_25_64,equal_adults_18plus,person,age_standardised,india_born_settled,modeled_tax_total,870,2270654.881137,29573.491825,1633.652061,12236.825357,1658.302429
adults_25_64,equal_adults_18plus,person,age_standardised,india_born_settled,payroll,870,2270654.881137,6928.186014,232.759199,2227.183224,236.071618
adults_25_64,equal_adults_18plus,person,age_standardised,india_born_settled,property_tax_owner,870,2270654.881137,2648.437938,134.891070,1031.810832,133.294498
adults_25_64,equal_adults_18plus,person,age_standardised,india_born_settled,property_tax_renter_proxy,870,2270654.881137,336.425724,33.000131,-10.137390,32.910086
adults_25_64,equal_adults_18plus,person,age_standardised,india_born_settled,sales_tax_itep,870,2270654.881137,2676.932748,84.135264,481.658909,86.124431
adults_25_64,equal_adults_18plus,person,age_standardised,india_born_settled,sales_tax_share35,870,2270654.881137,1929.654627,78.203020,646.395175,79.521222
adults_25_64,equal_adults_18plus,person,age_standardised,india_born_settled,selected_cash_total,870,2270654.881137,724.124011,159.578461,-1960.491790,164.975417
adults_25_64,equal_adults_18plus,person,age_standardised,india_born_settled,selected_noncash_total,870,2270654.881137,74.997449,16.256070,-168.063232,17.399637
adults_25_64,equal_adults_18plus,person,age_standardised,india_born_settled,snap,870,2270654.881137,21.099609,12.697300,-112.415324,14.174926
adults_25_64,equal_adults_18plus,person,age_standardised,india_born_settled,social_security,870,2270654.881137,541.974435,139.003400,-1262.474832,146.866230
adults_25_64,equal_adults_18plus,person,age_standardised,india_born_settled,state_after_credits,870,2270654.881137,4319.713411,345.144841,1753.836785,347.408003
adults_25_64,equal_adults_18plus,person,age_standardised,india_born_settled,state_local_total,870,2270654.881137,8897.805975,452.934298,3432.042792,456.425277
adults_25_64,equal_adults_18plus,person,age_standardised,india_second_gen,cash_noncash_tax_balance,209,491965.625932,37670.507163,5321.472414,23261.517177,5328.977230
adults_25_64,equal_adults_18plus,person,age_standardised,india_second_gen,children_5_17,209,491965.625932,0.221120,0.038142,-0.031547,0.038629
adults_25_64,equal_adults_18plus,person,age_standardised,india_second_gen,employer_payroll,209,491965.625932,6716.035382,439.013017,2424.971021,440.498189
adults_25_64,equal_adults_18plus,person,age_standardised,india_second_gen,extended_balance_after_health,209,491965.625932,44652.403870,6190.097814,29698.790799,6200.090514
adults_25_64,equal_adults_18plus,person,age_standardised,india_second_gen,extended_balance_after_health_ins,209,491965.625932,45993.066038,6201.554410,30460.865954,6209.850743
adults_25_64,equal_adults_18plus,person,age_standardised,india_second_gen,extended_balance_base,209,491965.625932,47635.050184,6171.639697,29535.790797,6180.826611
adults_25_64,equal_adults_18plus,person,age_standardised,india_second_gen,extended_balance_flat090,209,491965.625932,47217.905360,6179.280110,29542.978113,6188.792213
adults_25_64,equal_adults_18plus,person,age_standardised,india_second_gen,extended_balance_renter,209,491965.625932,47988.009247,6177.050374,29542.186746,6185.923886
adults_25_64,equal_adults_18plus,person,age_standardised,india_second_gen,extended_balance_sales_itep,209,491965.625932,48510.232495,6177.015671,29498.958721,6186.638409
adults_25_64,equal_adults_18plus,person,age_standardised,india_second_gen,federal_after_refundable,209,491965.625932,25384.724714,4055.712369,15314.937662,4063.728835
adults_25_64,equal_adults_18plus,person,age_standardised,india_second_gen,health_age_birth,209,491965.625932,2982.646314,153.427680,-163.000002,153.892892
adults_25_64,equal_adults_18plus,person,age_standardised,india_second_gen,health_age_birth_ins,209,491965.625932,1641.984146,250.913302,-925.075157,251.478592
adults_25_64,equal_adults_18plus,person,age_standardised,india_second_gen,k12_charged,209,491965.625932,3441.387151,595.130247,-59.294367,602.556067
adults_25_64,equal_adults_18plus,person,age_standardised,india_second_gen,k12_charged_flat090,209,491965.625932,3858.531975,667.268455,-66.481683,675.594390
adults_25_64,equal_adults_18plus,person,age_standardised,india_second_gen,k12_cost_at_full_attendance,209,491965.625932,4287.257750,741.409394,-73.868537,750.660433
adults_25_64,equal_adults_18plus,person,age_standardised,india_second_gen,modeled_tax_total,209,491965.625932,39080.240339,5251.946112,21743.573870,5257.781294
adults_25_64,equal_adults_18plus,person,age_standardised,india_second_gen,payroll,209,491965.625932,7194.446657,492.369893,2493.443867,493.398045
adults_25_64,equal_adults_18plus,person,age_standardised,india_second_gen,property_tax_owner,209,491965.625932,4481.136275,673.650126,2864.509170,671.295775
adults_25_64,equal_adults_18plus,person,age_standardised,india_second_gen,property_tax_renter_proxy,209,491965.625932,352.959063,56.944345,6.395949,56.990566
adults_25_64,equal_adults_18plus,person,age_standardised,india_second_gen,sales_tax_itep,209,491965.625932,3083.940826,241.442129,888.666987,241.574241
adults_25_64,equal_adults_18plus,person,age_standardised,india_second_gen,sales_tax_share35,209,491965.625932,2208.758515,235.553704,925.499063,235.455144
adults_25_64,equal_adults_18plus,person,age_standardised,india_second_gen,selected_cash_total,209,491965.625932,1358.135470,489.098903,-1326.480330,482.698673
adults_25_64,equal_adults_18plus,person,age_standardised,india_second_gen,selected_noncash_total,209,491965.625932,51.597705,20.443801,-191.462976,21.364550
adults_25_64,equal_adults_18plus,person,age_standardised,india_second_gen,snap,209,491965.625932,5.325672,4.707774,-128.189261,7.096312
adults_25_64,equal_adults_18plus,person,age_standardised,india_second_gen,social_security,209,491965.625932,1077.803266,463.957706,-726.646001,456.640915
adults_25_64,equal_adults_18plus,person,age_standardised,india_second_gen,state_after_credits,209,491965.625932,6501.068968,989.158378,3935.192342,986.338646
adults_25_64,equal_adults_18plus,person,age_standardised,india_second_gen,state_local_total,209,491965.625932,13190.963758,1564.605860,7725.200575,1558.458906
adults_25_64,equal_adults_18plus,person,age_standardised,mexican_second_gen,cash_noncash_tax_balance,2452,5614636.312903,6855.439770,538.926707,-7553.550217,579.983969
adults_25_64,equal_adults_18plus,person,age_standardised,mexican_second_gen,children_5_17,2452,5614636.312903,0.281026,0.013447,0.028359,0.013861
adults_25_64,equal_adults_18plus,person,age_standardised,mexican_second_gen,employer_payroll,2452,5614636.312903,3159.039558,80.178354,-1132.024803,80.037348
adults_25_64,equal_adults_18plus,person,age_standardised,mexican_second_gen,extended_balance_after_health,2452,5614636.312903,5009.801359,681.018068,-9943.811712,720.887229
adults_25_64,equal_adults_18plus,person,age_standardised,mexican_second_gen,extended_balance_after_health_ins,2452,5614636.312903,4650.622288,731.897061,-10881.577796,769.621433
adults_25_64,equal_adults_18plus,person,age_standardised,mexican_second_gen,extended_balance_base,2452,5614636.312903,8223.074508,662.224077,-9876.184879,702.695359
adults_25_64,equal_adults_18plus,person,age_standardised,mexican_second_gen,extended_balance_flat090,2452,5614636.312903,7748.694356,668.076377,-9926.232890,708.685505
adults_25_64,equal_adults_18plus,person,age_standardised,mexican_second_gen,extended_balance_renter,2452,5614636.312903,8757.902530,662.153492,-9687.919971,702.148600
adults_25_64,equal_adults_18plus,person,age_standardised,mexican_second_gen,extended_balance_sales_itep,2452,5614636.312903,8858.039220,662.849001,-10153.234554,703.273073
adults_25_64,equal_adults_18plus,person,age_standardised,mexican_second_gen,federal_after_refundable,2452,5614636.312903,4970.461916,386.393197,-5099.325136,416.276967
adults_25_64,equal_adults_18plus,person,age_standardised,mexican_second_gen,health_age_birth,2452,5614636.312903,3213.273149,54.213601,67.626833,54.673826
adults_25_64,equal_adults_18plus,person,age_standardised,mexican_second_gen,health_age_birth_ins,2452,5614636.312903,3572.452220,143.016021,1005.392917,146.636913
adults_25_64,equal_adults_18plus,person,age_standardised,mexican_second_gen,k12_charged,2452,5614636.312903,3913.570697,188.274359,412.889178,197.620874
adults_25_64,equal_adults_18plus,person,age_standardised,mexican_second_gen,k12_charged_flat090,2452,5614636.312903,4387.950848,211.095875,462.937190,221.575320
adults_25_64,equal_adults_18plus,person,age_standardised,mexican_second_gen,k12_cost_at_full_attendance,2452,5614636.312903,4875.500943,234.550973,514.374656,246.194801
adults_25_64,equal_adults_18plus,person,age_standardised,mexican_second_gen,modeled_tax_total,2452,5614636.312903,9567.750451,489.619678,-7768.916017,529.655254
adults_25_64,equal_adults_18plus,person,age_standardised,mexican_second_gen,payroll,2452,5614636.312903,3380.362255,85.161181,-1320.640536,87.565570
adults_25_64,equal_adults_18plus,person,age_standardised,mexican_second_gen,property_tax_owner,2452,5614636.312903,1102.653487,53.781210,-513.973619,57.911963
adults_25_64,equal_adults_18plus,person,age_standardised,mexican_second_gen,property_tax_renter_proxy,2452,5614636.312903,534.828022,30.367706,188.264908,29.827289
adults_25_64,equal_adults_18plus,person,age_standardised,mexican_second_gen,sales_tax_itep,2452,5614636.312903,1654.477102,32.726435,-540.796738,33.356507
adults_25_64,equal_adults_18plus,person,age_standardised,mexican_second_gen,sales_tax_share35,2452,5614636.312903,1019.512389,27.313368,-263.747063,28.061082
adults_25_64,equal_adults_18plus,person,age_standardised,mexican_second_gen,selected_cash_total,2452,5614636.312903,2301.510458,177.596933,-383.105343,189.123468
adults_25_64,equal_adults_18plus,person,age_standardised,mexican_second_gen,selected_noncash_total,2452,5614636.312903,410.800223,27.121581,167.739542,28.878751
adults_25_64,equal_adults_18plus,person,age_standardised,mexican_second_gen,snap,2452,5614636.312903,226.218710,23.221094,92.703777,24.662703
adults_25_64,equal_adults_18plus,person,age_standardised,mexican_second_gen,social_security,2452,5614636.312903,1389.662868,143.531184,-414.786399,153.945715
adults_25_64,equal_adults_18plus,person,age_standardised,mexican_second_gen,state_after_credits,2452,5614636.312903,1216.926281,80.168518,-1348.950345,91.141607
adults_25_64,equal_adults_18plus,person,age_standardised,mexican_second_gen,state_local_total,2452,5614636.312903,3339.092157,128.381942,-2126.671026,142.131587
adults_25_64,equal_adults_18plus,person,age_standardised,mexico_born,cash_noncash_tax_balance,4318,9446562.935127,4131.569140,291.783715,-10277.420846,405.629775
adults_25_64,equal_adults_18plus,person,age_standardised,mexico_born,children_5_17,4318,9446562.935127,0.327887,0.010329,0.075220,0.010767
adults_25_64,equal_adults_18plus,person,age_standardised,mexico_born,employer_payroll,4318,9446562.935127,2379.737392,44.182151,-1911.326969,52.349994
adults_25_64,equal_adults_18plus,person,age_standardised,mexico_born,extended_balance_after_health,4318,9446562.935127,997.836401,398.216559,-13955.776669,503.058393
adults_25_64,equal_adults_18plus,person,age_standardised,mexico_born,extended_balance_after_health_ins,4318,9446562.935127,497.851768,437.095587,-15034.348317,538.230365
adults_25_64,equal_adults_18plus,person,age_standardised,mexico_born,extended_balance_base,4318,9446562.935127,3369.984270,388.842351,-14729.275117,493.628511
adults_25_64,equal_adults_18plus,person,age_standardised,mexico_born,extended_balance_flat090,4318,9446562.935127,2819.532110,398.290929,-14855.395136,499.871483
adults_25_64,equal_adults_18plus,person,age_standardised,mexico_born,extended_balance_renter,4318,9446562.935127,4002.051148,386.077226,-14443.771353,491.340176
adults_25_64,equal_adults_18plus,person,age_standardised,mexico_born,extended_balance_sales_itep,4318,9446562.935127,4007.953512,390.321167,-15003.320261,495.166087
adults_25_64,equal_adults_18plus,person,age_standardised,mexico_born,federal_after_refundable,4318,9446562.935127,2239.336580,200.946618,-7830.450473,287.574061
adults_25_64,equal_adults_18plus,person,age_standardised,mexico_born,health_age_birth,4318,9446562.935127,2372.147868,28.422055,-773.498448,30.616918
adults_25_64,equal_adults_18plus,person,age_standardised,mexico_born,health_age_birth_ins,4318,9446562.935127,2872.132502,93.153705,305.073199,95.638936
adults_25_64,equal_adults_18plus,person,age_standardised,mexico_born,k12_charged,4318,9446562.935127,4541.154246,151.356547,1040.472728,162.696392
adults_25_64,equal_adults_18plus,person,age_standardised,mexico_born,k12_charged_flat090,4318,9446562.935127,5091.606406,169.703102,1166.592747,182.417498
adults_25_64,equal_adults_18plus,person,age_standardised,mexico_born,k12_cost_at_full_attendance,4318,9446562.935127,5657.340451,188.559002,1296.214164,202.686108
adults_25_64,equal_adults_18plus,person,age_standardised,mexico_born,modeled_tax_total,4318,9446562.935127,5640.603373,275.681729,-11696.063095,389.286899
adults_25_64,equal_adults_18plus,person,age_standardised,mexico_born,payroll,4318,9446562.935127,2700.233390,47.341639,-2000.769400,58.980859
adults_25_64,equal_adults_18plus,person,age_standardised,mexico_born,property_tax_owner,4318,9446562.935127,644.918187,27.846732,-971.708918,31.652428
adults_25_64,equal_adults_18plus,person,age_standardised,mexico_born,property_tax_renter_proxy,4318,9446562.935127,632.066878,17.046353,285.503764,17.424081
adults_25_64,equal_adults_18plus,person,age_standardised,mexico_born,sales_tax_itep,4318,9446562.935127,1392.883040,17.237121,-802.390800,21.889534
adults_25_64,equal_adults_18plus,person,age_standardised,mexico_born,sales_tax_share35,4318,9446562.935127,754.913797,13.711518,-528.345655,18.162665
adults_25_64,equal_adults_18plus,person,age_standardised,mexico_born,selected_cash_total,4318,9446562.935127,1060.688760,74.820807,-1623.927041,95.765663
adults_25_64,equal_adults_18plus,person,age_standardised,mexico_born,selected_noncash_total,4318,9446562.935127,448.345473,22.443540,205.284792,23.003867
adults_25_64,equal_adults_18plus,person,age_standardised,mexico_born,snap,4318,9446562.935127,203.106169,17.018450,69.591236,17.842027
adults_25_64,equal_adults_18plus,person,age_standardised,mexico_born,social_security,4318,9446562.935127,741.191972,60.370288,-1063.257295,77.866014
adults_25_64,equal_adults_18plus,person,age_standardised,mexico_born,state_after_credits,4318,9446562.935127,701.033403,47.237754,-1864.843223,65.644669
adults_25_64,equal_adults_18plus,person,age_standardised,mexico_born,state_local_total,4318,9446562.935127,2100.865387,65.934511,-3364.897796,93.019120
adults_25_64,equal_adults_18plus,person,age_standardised,third_plus_nh_white,cash_noncash_tax_balance,36287,87647853.345835,14408.989987,286.368625,0.000000,0.000000
adults_25_64,equal_adults_18plus,person,age_standardised,third_plus_nh_white,children_5_17,36287,87647853.345835,0.252667,0.003369,0.000000,0.000000
adults_25_64,equal_adults_18plus,person,age_standardised,third_plus_nh_white,employer_payroll,36287,87647853.345835,4291.064361,30.164078,0.000000,0.000000
adults_25_64,equal_adults_18plus,person,age_standardised,third_plus_nh_white,extended_balance_after_health,36287,87647853.345835,14953.613071,337.068845,0.000000,0.000000
adults_25_64,equal_adults_18plus,person,age_standardised,third_plus_nh_white,extended_balance_after_health_ins,36287,87647853.345835,15532.200084,346.448039,0.000000,0.000000
adults_25_64,equal_adults_18plus,person,age_standardised,third_plus_nh_white,extended_balance_base,36287,87647853.345835,18099.259387,332.895831,0.000000,0.000000
adults_25_64,equal_adults_18plus,person,age_standardised,third_plus_nh_white,extended_balance_flat090,36287,87647853.345835,17674.927247,333.972653,0.000000,0.000000
adults_25_64,equal_adults_18plus,person,age_standardised,third_plus_nh_white,extended_balance_renter,36287,87647853.345835,18445.822501,332.936788,0.000000,0.000000
adults_25_64,equal_adults_18plus,person,age_standardised,third_plus_nh_white,extended_balance_sales_itep,36287,87647853.345835,19011.273774,334.325068,0.000000,0.000000
adults_25_64,equal_adults_18plus,person,age_standardised,third_plus_nh_white,federal_after_refundable,36287,87647853.345835,10069.787052,206.276424,0.000000,0.000000
adults_25_64,equal_adults_18plus,person,age_standardised,third_plus_nh_white,health_age_birth,36287,87647853.345835,3145.646316,12.174418,0.000000,0.000000
adults_25_64,equal_adults_18plus,person,age_standardised,third_plus_nh_white,health_age_birth_ins,36287,87647853.345835,2567.059303,31.510591,0.000000,0.000000
adults_25_64,equal_adults_18plus,person,age_standardised,third_plus_nh_white,k12_charged,36287,87647853.345835,3500.681518,55.400207,0.000000,0.000000
adults_25_64,equal_adults_18plus,person,age_standardised,third_plus_nh_white,k12_charged_flat090,36287,87647853.345835,3925.013658,62.115496,0.000000,0.000000
adults_25_64,equal_adults_18plus,person,age_standardised,third_plus_nh_white,k12_cost_at_full_attendance,36287,87647853.345835,4361.126287,69.017218,0.000000,0.000000
adults_25_64,equal_adults_18plus,person,age_standardised,third_plus_nh_white,modeled_tax_total,36287,87647853.345835,17336.666468,271.778099,0.000000,0.000000
adults_25_64,equal_adults_18plus,person,age_standardised,third_plus_nh_white,payroll,36287,87647853.345835,4701.002790,34.053338,0.000000,0.000000
adults_25_64,equal_adults_18plus,person,age_standardised,third_plus_nh_white,property_tax_owner,36287,87647853.345835,1616.627105,17.873927,0.000000,0.000000
adults_25_64,equal_adults_18plus,person,age_standardised,third_plus_nh_white,property_tax_renter_proxy,36287,87647853.345835,346.563114,5.929261,0.000000,0.000000
adults_25_64,equal_adults_18plus,person,age_standardised,third_plus_nh_white,sales_tax_itep,36287,87647853.345835,2195.273839,13.540488,0.000000,0.000000
adults_25_64,equal_adults_18plus,person,age_standardised,third_plus_nh_white,sales_tax_share35,36287,87647853.345835,1283.259452,11.722689,0.000000,0.000000
adults_25_64,equal_adults_18plus,person,age_standardised,third_plus_nh_white,selected_cash_total,36287,87647853.345835,2684.615801,50.793971,0.000000,0.000000
adults_25_64,equal_adults_18plus,person,age_standardised,third_plus_nh_white,selected_noncash_total,36287,87647853.345835,243.060681,6.141192,0.000000,0.000000
adults_25_64,equal_adults_18plus,person,age_standardised,third_plus_nh_white,snap,36287,87647853.345835,133.514933,5.243542,0.000000,0.000000
adults_25_64,equal_adults_18plus,person,age_standardised,third_plus_nh_white,social_security,36287,87647853.345835,1804.449267,42.851413,0.000000,0.000000
adults_25_64,equal_adults_18plus,person,age_standardised,third_plus_nh_white,state_after_credits,36287,87647853.345835,2565.876626,43.964733,0.000000,0.000000
adults_25_64,equal_adults_18plus,person,age_standardised,third_plus_nh_white,state_local_total,36287,87647853.345835,5465.763183,62.547116,0.000000,0.000000
adults_25_64,equal_adults_18plus,person,exclude_recent_noncitizen,all_foreign_born,cash_noncash_tax_balance,12347,29859366.550770,11980.279137,364.232961,-2428.710867,491.657988
adults_25_64,equal_adults_18plus,person,exclude_recent_noncitizen,all_foreign_born,children_5_17,12347,29859366.550770,0.310347,0.005496,0.057680,0.006474
adults_25_64,equal_adults_18plus,person,exclude_recent_noncitizen,all_foreign_born,employer_payroll,12347,29859366.550770,3725.051128,45.214540,-566.013241,56.097979
adults_25_64,equal_adults_18plus,person,exclude_recent_noncitizen,all_foreign_born,extended_balance_after_health,12347,29859366.550770,11037.160041,440.609315,-3916.453028,591.260464
adults_25_64,equal_adults_18plus,person,exclude_recent_noncitizen,all_foreign_born,extended_balance_after_health_ins,12347,29859366.550770,10974.150838,459.281180,-4558.049246,610.605120
adults_25_64,equal_adults_18plus,person,exclude_recent_noncitizen,all_foreign_born,extended_balance_base,12347,29859366.550770,13577.054028,438.562331,-4522.205349,587.060141
adults_25_64,equal_adults_18plus,person,exclude_recent_noncitizen,all_foreign_born,extended_balance_flat090,12347,29859366.550770,13005.710128,440.516753,-4669.217104,589.572974
adults_25_64,equal_adults_18plus,person,exclude_recent_noncitizen,all_foreign_born,extended_balance_renter,12347,29859366.550770,14142.712769,436.224277,-4303.109724,584.661417
adults_25_64,equal_adults_18plus,person,exclude_recent_noncitizen,all_foreign_born,extended_balance_sales_itep,12347,29859366.550770,14307.814206,439.612644,-4703.459558,588.993645
adults_25_64,equal_adults_18plus,person,exclude_recent_noncitizen,all_foreign_born,federal_after_refundable,12347,29859366.550770,7571.882843,250.972293,-2497.904198,348.937399
adults_25_64,equal_adults_18plus,person,exclude_recent_noncitizen,all_foreign_born,health_age_birth,12347,29859366.550770,2539.893987,18.540480,-605.752321,22.233928
adults_25_64,equal_adults_18plus,person,exclude_recent_noncitizen,all_foreign_born,health_age_birth_ins,12347,29859366.550770,2602.903190,45.138660,35.843897,53.666130
adults_25_64,equal_adults_18plus,person,exclude_recent_noncitizen,all_foreign_born,k12_charged,12347,29859366.550770,4713.508218,93.675476,1212.826669,109.786558
adults_25_64,equal_adults_18plus,person,exclude_recent_noncitizen,all_foreign_born,k12_charged_flat090,12347,29859366.550770,5284.852118,105.030269,1359.838424,123.094243
adults_25_64,equal_adults_18plus,person,exclude_recent_noncitizen,all_foreign_born,k12_cost_at_full_attendance,12347,29859366.550770,5872.057908,116.700299,1510.931583,136.771381
adults_25_64,equal_adults_18plus,person,exclude_recent_noncitizen,all_foreign_born,modeled_tax_total,12347,29859366.550770,13790.902194,352.427435,-3545.764272,474.494028
adults_25_64,equal_adults_18plus,person,exclude_recent_noncitizen,all_foreign_born,payroll,12347,29859366.550770,4106.466107,49.160712,-594.536691,62.216639
adults_25_64,equal_adults_18plus,person,exclude_recent_noncitizen,all_foreign_born,property_tax_owner,12347,29859366.550770,1452.853788,32.905471,-163.773313,35.564346
adults_25_64,equal_adults_18plus,person,exclude_recent_noncitizen,all_foreign_born,property_tax_renter_proxy,12347,29859366.550770,565.658741,10.284815,219.095625,11.477082
adults_25_64,equal_adults_18plus,person,exclude_recent_noncitizen,all_foreign_born,sales_tax_itep,12347,29859366.550770,1863.138371,17.990550,-332.135469,24.036251
adults_25_64,equal_adults_18plus,person,exclude_recent_noncitizen,all_foreign_born,sales_tax_share35,12347,29859366.550770,1132.378193,16.242085,-150.881259,21.295808
adults_25_64,equal_adults_18plus,person,exclude_recent_noncitizen,all_foreign_born,selected_cash_total,12347,29859366.550770,1461.349088,56.905752,-1223.266692,72.041766
adults_25_64,equal_adults_18plus,person,exclude_recent_noncitizen,all_foreign_born,selected_noncash_total,12347,29859366.550770,349.273970,10.847608,106.213287,12.383487
adults_25_64,equal_adults_18plus,person,exclude_recent_noncitizen,all_foreign_born,snap,12347,29859366.550770,171.029779,9.025032,37.514845,10.425881
adults_25_64,equal_adults_18plus,person,exclude_recent_noncitizen,all_foreign_born,social_security,12347,29859366.550770,952.768684,42.936684,-851.680565,58.961380
adults_25_64,equal_adults_18plus,person,exclude_recent_noncitizen,all_foreign_born,state_after_credits,12347,29859366.550770,2112.553244,70.870928,-453.323383,86.839887
adults_25_64,equal_adults_18plus,person,exclude_recent_noncitizen,all_foreign_born,state_local_total,12347,29859366.550770,4697.785225,102.231489,-767.977955,124.417273
adults_25_64,equal_adults_18plus,person,exclude_recent_noncitizen,all_native,cash_noncash_tax_balance,55652,134686458.170775,12669.394413,223.622892,-1739.595590,120.900603
adults_25_64,equal_adults_18plus,person,exclude_recent_noncitizen,all_native,children_5_17,55652,134686458.170775,0.258922,0.003010,0.006255,0.002016
adults_25_64,equal_adults_18plus,person,exclude_recent_noncitizen,all_native,employer_payroll,55652,134686458.170775,4053.208359,24.246486,-237.856009,13.849179
adults_25_64,equal_adults_18plus,person,exclude_recent_noncitizen,all_native,extended_balance_after_health,55652,134686458.170775,12664.706831,271.322790,-2288.906238,146.099748
adults_25_64,equal_adults_18plus,person,exclude_recent_noncitizen,all_native,extended_balance_after_health_ins,55652,134686458.170775,12936.130765,280.185660,-2596.069319,151.770642
adults_25_64,equal_adults_18plus,person,exclude_recent_noncitizen,all_native,extended_balance_base,55652,134686458.170775,15776.094426,267.150429,-2323.164950,143.986480
adults_25_64,equal_adults_18plus,person,exclude_recent_noncitizen,all_native,extended_balance_flat090,55652,134686458.170775,15337.207399,268.827658,-2337.719834,144.961115
adults_25_64,equal_adults_18plus,person,exclude_recent_noncitizen,all_native,extended_balance_renter,55652,134686458.170775,16240.362997,267.023878,-2205.459495,143.826781
adults_25_64,equal_adults_18plus,person,exclude_recent_noncitizen,all_native,extended_balance_sales_itep,55652,134686458.170775,16659.499752,268.305573,-2351.774012,144.451512
adults_25_64,equal_adults_18plus,person,exclude_recent_noncitizen,all_native,federal_after_refundable,55652,134686458.170775,8977.610663,160.376336,-1092.176378,88.074588
adults_25_64,equal_adults_18plus,person,exclude_recent_noncitizen,all_native,health_age_birth,55652,134686458.170775,3111.387595,10.849346,-34.258713,7.213127
adults_25_64,equal_adults_18plus,person,exclude_recent_noncitizen,all_native,health_age_birth_ins,55652,134686458.170775,2839.963662,27.082903,272.904369,18.632349
adults_25_64,equal_adults_18plus,person,exclude_recent_noncitizen,all_native,k12_charged,55652,134686458.170775,3620.757328,47.853440,120.075779,32.062877
adults_25_64,equal_adults_18plus,person,exclude_recent_noncitizen,all_native,k12_charged_flat090,55652,134686458.170775,4059.644356,53.653954,134.630663,35.949351
adults_25_64,equal_adults_18plus,person,exclude_recent_noncitizen,all_native,k12_cost_at_full_attendance,55652,134686458.170775,4510.715951,59.615505,149.589625,39.943724
adults_25_64,equal_adults_18plus,person,exclude_recent_noncitizen,all_native,modeled_tax_total,55652,134686458.170775,15710.762938,211.232987,-1625.903527,116.965830
adults_25_64,equal_adults_18plus,person,exclude_recent_noncitizen,all_native,payroll,55652,134686458.170775,4412.631427,27.200938,-288.371371,15.581760
adults_25_64,equal_adults_18plus,person,exclude_recent_noncitizen,all_native,property_tax_owner,55652,134686458.170775,1454.354022,13.566356,-162.273080,9.155192
adults_25_64,equal_adults_18plus,person,exclude_recent_noncitizen,all_native,property_tax_renter_proxy,55652,134686458.170775,464.268571,5.486253,117.705455,3.915775
adults_25_64,equal_adults_18plus,person,exclude_recent_noncitizen,all_native,sales_tax_itep,55652,134686458.170775,2103.300286,10.758818,-91.973554,5.995923
adults_25_64,equal_adults_18plus,person,exclude_recent_noncitizen,all_native,sales_tax_share35,55652,134686458.170775,1219.894960,9.110324,-63.364492,5.239282
adults_25_64,equal_adults_18plus,person,exclude_recent_noncitizen,all_native,selected_cash_total,55652,134686458.170775,2713.152040,40.548930,28.536260,27.151248
adults_25_64,equal_adults_18plus,person,exclude_recent_noncitizen,all_native,selected_noncash_total,55652,134686458.170775,328.216485,6.695486,85.155803,5.384339
adults_25_64,equal_adults_18plus,person,exclude_recent_noncitizen,all_native,snap,55652,134686458.170775,193.455965,5.330246,59.941031,4.397539
adults_25_64,equal_adults_18plus,person,exclude_recent_noncitizen,all_native,social_security,55652,134686458.170775,1755.317883,34.043623,-49.131366,20.863754
adults_25_64,equal_adults_18plus,person,exclude_recent_noncitizen,all_native,state_after_credits,55652,134686458.170775,2320.520849,34.054132,-245.355778,21.448305
adults_25_64,equal_adults_18plus,person,exclude_recent_noncitizen,all_native,state_local_total,55652,134686458.170775,4994.769831,48.774487,-470.993350,29.993341
adults_25_64,equal_adults_18plus,person,exclude_recent_noncitizen,asian_indian_native_selfid,cash_noncash_tax_balance,258,642302.176503,30721.362726,3304.985766,16312.372723,3345.772975
adults_25_64,equal_adults_18plus,person,exclude_recent_noncitizen,asian_indian_native_selfid,children_5_17,258,642302.176503,0.202542,0.031400,-0.050125,0.031846
adults_25_64,equal_adults_18plus,person,exclude_recent_noncitizen,asian_indian_native_selfid,employer_payroll,258,642302.176503,6293.503535,329.157334,2002.439166,333.790565
adults_25_64,equal_adults_18plus,person,exclude_recent_noncitizen,asian_indian_native_selfid,extended_balance_after_health,258,642302.176503,36129.454512,3807.362662,21175.841443,3863.602737
adults_25_64,equal_adults_18plus,person,exclude_recent_noncitizen,asian_indian_native_selfid,extended_balance_after_health_ins,258,642302.176503,37058.780543,3856.008268,21526.580460,3909.834285
adults_25_64,equal_adults_18plus,person,exclude_recent_noncitizen,asian_indian_native_selfid,extended_balance_base,258,642302.176503,38688.531238,3793.681440,20589.271861,3849.745206
adults_25_64,equal_adults_18plus,person,exclude_recent_noncitizen,asian_indian_native_selfid,extended_balance_flat090,258,642302.176503,38290.846808,3796.697475,20615.919575,3853.611685
adults_25_64,equal_adults_18plus,person,exclude_recent_noncitizen,asian_indian_native_selfid,extended_balance_renter,258,642302.176503,39158.429674,3802.744791,20712.607182,3858.504609
adults_25_64,equal_adults_18plus,person,exclude_recent_noncitizen,asian_indian_native_selfid,extended_balance_sales_itep,258,642302.176503,39483.753878,3801.111890,20472.480114,3857.250421
adults_25_64,equal_adults_18plus,person,exclude_recent_noncitizen,asian_indian_native_selfid,federal_after_refundable,258,642302.176503,19597.552128,2467.852003,9527.765087,2494.469512
adults_25_64,equal_adults_18plus,person,exclude_recent_noncitizen,asian_indian_native_selfid,health_age_birth,258,642302.176503,2559.076726,122.206107,-586.569582,121.993934
adults_25_64,equal_adults_18plus,person,exclude_recent_noncitizen,asian_indian_native_selfid,health_age_birth_ins,258,642302.176503,1629.750694,198.150675,-937.308599,196.343785
adults_25_64,equal_adults_18plus,person,exclude_recent_noncitizen,asian_indian_native_selfid,k12_charged,258,642302.176503,3280.841590,522.918319,-219.839959,530.503648
adults_25_64,equal_adults_18plus,person,exclude_recent_noncitizen,asian_indian_native_selfid,k12_charged_flat090,258,642302.176503,3678.526020,586.303419,-246.487673,594.808198
adults_25_64,equal_adults_18plus,person,exclude_recent_noncitizen,asian_indian_native_selfid,k12_cost_at_full_attendance,258,642302.176503,4087.251133,651.448244,-273.875193,660.897998
adults_25_64,equal_adults_18plus,person,exclude_recent_noncitizen,asian_indian_native_selfid,modeled_tax_total,258,642302.176503,31573.564122,3261.004594,14236.897656,3300.142846
adults_25_64,equal_adults_18plus,person,exclude_recent_noncitizen,asian_indian_native_selfid,payroll,258,642302.176503,6621.293735,358.828805,1920.290937,364.709062
adults_25_64,equal_adults_18plus,person,exclude_recent_noncitizen,asian_indian_native_selfid,property_tax_owner,258,642302.176503,3025.073264,356.756526,1408.446162,356.824847
adults_25_64,equal_adults_18plus,person,exclude_recent_noncitizen,asian_indian_native_selfid,property_tax_renter_proxy,258,642302.176503,469.898436,71.842752,123.335320,71.826991
adults_25_64,equal_adults_18plus,person,exclude_recent_noncitizen,asian_indian_native_selfid,sales_tax_itep,258,642302.176503,2724.655943,157.233587,529.382103,158.048660
adults_25_64,equal_adults_18plus,person,exclude_recent_noncitizen,asian_indian_native_selfid,sales_tax_share35,258,642302.176503,1929.433303,145.791149,646.173851,146.721712
adults_25_64,equal_adults_18plus,person,exclude_recent_noncitizen,asian_indian_native_selfid,selected_cash_total,258,642302.176503,777.146484,253.673974,-1907.469296,256.291441
adults_25_64,equal_adults_18plus,person,exclude_recent_noncitizen,asian_indian_native_selfid,selected_noncash_total,258,642302.176503,75.054912,19.110557,-168.005770,19.267275
adults_25_64,equal_adults_18plus,person,exclude_recent_noncitizen,asian_indian_native_selfid,snap,258,642302.176503,31.500895,14.716686,-102.014039,15.138005
adults_25_64,equal_adults_18plus,person,exclude_recent_noncitizen,asian_indian_native_selfid,social_security,258,642302.176503,597.145478,235.414414,-1207.303771,232.483798
adults_25_64,equal_adults_18plus,person,exclude_recent_noncitizen,asian_indian_native_selfid,state_after_credits,258,642302.176503,5354.718259,599.565127,2788.841632,607.569479
adults_25_64,equal_adults_18plus,person,exclude_recent_noncitizen,asian_indian_native_selfid,state_local_total,258,642302.176503,10309.224826,873.426600,4843.461645,883.624544
adults_25_64,equal_adults_18plus,person,exclude_recent_noncitizen,china_born,cash_noncash_tax_balance,540,1308756.143825,24597.165897,2800.802783,10188.175894,2807.349892
adults_25_64,equal_adults_18plus,person,exclude_recent_noncitizen,china_born,children_5_17,540,1308756.143825,0.273664,0.027299,0.020998,0.027558
adults_25_64,equal_adults_18plus,person,exclude_recent_noncitizen,china_born,employer_payroll,540,1308756.143825,5349.526271,316.170436,1058.461902,315.142056
adults_25_64,equal_adults_18plus,person,exclude_recent_noncitizen,china_born,extended_balance_after_health,540,1308756.143825,27283.909956,3288.466791,12330.296887,3297.539425
adults_25_64,equal_adults_18plus,person,exclude_recent_noncitizen,china_born,extended_balance_after_health_ins,540,1308756.143825,26804.129217,3405.479208,11271.929134,3415.085577
adults_25_64,equal_adults_18plus,person,exclude_recent_noncitizen,china_born,extended_balance_base,540,1308756.143825,29797.408864,3289.523956,11698.149488,3298.466083
adults_25_64,equal_adults_18plus,person,exclude_recent_noncitizen,china_born,extended_balance_flat090,540,1308756.143825,29231.277903,3293.845814,11556.350670,3303.173464
adults_25_64,equal_adults_18plus,person,exclude_recent_noncitizen,china_born,extended_balance_renter,540,1308756.143825,30283.845357,3281.446474,11838.022864,3290.126494
adults_25_64,equal_adults_18plus,person,exclude_recent_noncitizen,china_born,extended_balance_sales_itep,540,1308756.143825,30556.761398,3297.998857,11545.487633,3307.659001
adults_25_64,equal_adults_18plus,person,exclude_recent_noncitizen,china_born,federal_after_refundable,540,1308756.143825,15422.672672,1921.628375,5352.885631,1928.776967
adults_25_64,equal_adults_18plus,person,exclude_recent_noncitizen,china_born,health_age_birth,540,1308756.143825,2513.498908,87.359946,-632.147399,86.375837
adults_25_64,equal_adults_18plus,person,exclude_recent_noncitizen,china_born,health_age_birth_ins,540,1308756.143825,2993.279647,299.521269,426.220354,297.786937
adults_25_64,equal_adults_18plus,person,exclude_recent_noncitizen,china_born,k12_charged,540,1308756.143825,4670.502196,453.349008,1169.820647,455.913603
adults_25_64,equal_adults_18plus,person,exclude_recent_noncitizen,china_born,k12_charged_flat090,540,1308756.143825,5236.633157,508.301323,1311.619464,511.176784
adults_25_64,equal_adults_18plus,person,exclude_recent_noncitizen,china_born,k12_cost_at_full_attendance,540,1308756.143825,5818.481286,564.779248,1457.354960,567.974204
adults_25_64,equal_adults_18plus,person,exclude_recent_noncitizen,china_born,modeled_tax_total,540,1308756.143825,25844.309973,2817.463424,8507.643508,2824.802993
adults_25_64,equal_adults_18plus,person,exclude_recent_noncitizen,china_born,payroll,540,1308756.143825,5776.570613,337.126341,1075.567814,337.563276
adults_25_64,equal_adults_18plus,person,exclude_recent_noncitizen,china_born,property_tax_owner,540,1308756.143825,2850.280889,214.799016,1233.653787,215.281848
adults_25_64,equal_adults_18plus,person,exclude_recent_noncitizen,china_born,property_tax_renter_proxy,540,1308756.143825,486.436492,50.222570,139.873376,50.163245
adults_25_64,equal_adults_18plus,person,exclude_recent_noncitizen,china_born,sales_tax_itep,540,1308756.143825,2430.290537,124.156260,235.016697,125.139518
adults_25_64,equal_adults_18plus,person,exclude_recent_noncitizen,china_born,sales_tax_share35,540,1308756.143825,1670.938003,112.978771,387.678551,112.989862
adults_25_64,equal_adults_18plus,person,exclude_recent_noncitizen,china_born,selected_cash_total,540,1308756.143825,1010.686588,217.370038,-1673.929192,211.716681
adults_25_64,equal_adults_18plus,person,exclude_recent_noncitizen,china_born,selected_noncash_total,540,1308756.143825,236.457488,34.452624,-6.603195,35.522197
adults_25_64,equal_adults_18plus,person,exclude_recent_noncitizen,china_born,snap,540,1308756.143825,106.466193,27.588563,-27.048740,28.344795
adults_25_64,equal_adults_18plus,person,exclude_recent_noncitizen,china_born,social_security,540,1308756.143825,607.173598,176.492001,-1197.275651,176.644864
adults_25_64,equal_adults_18plus,person,exclude_recent_noncitizen,china_born,state_after_credits,540,1308756.143825,4645.066689,630.033939,2079.190062,631.001506
adults_25_64,equal_adults_18plus,person,exclude_recent_noncitizen,china_born,state_local_total,540,1308756.143825,9166.285581,853.797904,3700.522400,854.679239
adults_25_64,equal_adults_18plus,person,exclude_recent_noncitizen,china_born_broad,cash_noncash_tax_balance,670,1634468.406788,25352.160993,2456.433545,10943.170990,2461.855211
adults_25_64,equal_adults_18plus,person,exclude_recent_noncitizen,china_born_broad,children_5_17,670,1634468.406788,0.270721,0.023147,0.018054,0.023438
adults_25_64,equal_adults_18plus,person,exclude_recent_noncitizen,china_born_broad,employer_payroll,670,1634468.406788,5502.526944,271.163974,1211.462575,270.744125
adults_25_64,equal_adults_18plus,person,exclude_recent_noncitizen,china_born_broad,extended_balance_after_health,670,1634468.406788,28445.669713,2869.398487,13492.056644,2878.116342
adults_25_64,equal_adults_18plus,person,exclude_recent_noncitizen,china_born_broad,extended_balance_after_health_ins,670,1634468.406788,28339.624508,2968.892838,12807.424425,2979.390427
adults_25_64,equal_adults_18plus,person,exclude_recent_noncitizen,china_born_broad,extended_balance_base,670,1634468.406788,31056.182954,2871.995370,12956.923578,2880.664695
adults_25_64,equal_adults_18plus,person,exclude_recent_noncitizen,china_born_broad,extended_balance_flat090,670,1634468.406788,30504.999197,2876.113159,12830.071964,2885.107000
adults_25_64,equal_adults_18plus,person,exclude_recent_noncitizen,china_born_broad,extended_balance_renter,670,1634468.406788,31496.541449,2866.396077,13050.718957,2874.640994
adults_25_64,equal_adults_18plus,person,exclude_recent_noncitizen,china_born_broad,extended_balance_sales_itep,670,1634468.406788,31796.370388,2879.533510,12785.096624,2888.744049
adults_25_64,equal_adults_18plus,person,exclude_recent_noncitizen,china_born_broad,federal_after_refundable,670,1634468.406788,16354.020782,1741.494774,6284.233741,1748.996601
adults_25_64,equal_adults_18plus,person,exclude_recent_noncitizen,china_born_broad,health_age_birth,670,1634468.406788,2610.513241,77.320918,-535.133066,76.532562
adults_25_64,equal_adults_18plus,person,exclude_recent_noncitizen,china_born_broad,health_age_birth_ins,670,1634468.406788,2716.558446,257.560373,149.499153,256.416449
adults_25_64,equal_adults_18plus,person,exclude_recent_noncitizen,china_born_broad,k12_charged,670,1634468.406788,4547.189828,388.447284,1046.508279,391.037045
adults_25_64,equal_adults_18plus,person,exclude_recent_noncitizen,china_born_broad,k12_charged_flat090,670,1634468.406788,5098.373585,435.532592,1173.359892,438.436269
adults_25_64,equal_adults_18plus,person,exclude_recent_noncitizen,china_born_broad,k12_cost_at_full_attendance,670,1634468.406788,5664.859539,483.925102,1303.733213,487.151410
adults_25_64,equal_adults_18plus,person,exclude_recent_noncitizen,china_born_broad,modeled_tax_total,670,1634468.406788,26688.477867,2457.273894,9351.811402,2464.211310
adults_25_64,equal_adults_18plus,person,exclude_recent_noncitizen,china_born_broad,payroll,670,1634468.406788,5930.809728,288.552847,1229.806930,289.239573
adults_25_64,equal_adults_18plus,person,exclude_recent_noncitizen,china_born_broad,property_tax_owner,670,1634468.406788,2986.979610,175.929949,1370.352508,176.809444
adults_25_64,equal_adults_18plus,person,exclude_recent_noncitizen,china_born_broad,property_tax_renter_proxy,670,1634468.406788,440.358495,43.713782,93.795379,43.608148
adults_25_64,equal_adults_18plus,person,exclude_recent_noncitizen,china_born_broad,sales_tax_itep,670,1634468.406788,2501.892669,111.996503,306.618830,113.099977
adults_25_64,equal_adults_18plus,person,exclude_recent_noncitizen,china_born_broad,sales_tax_share35,670,1634468.406788,1761.705236,102.986504,478.445783,103.423860
adults_25_64,equal_adults_18plus,person,exclude_recent_noncitizen,china_born_broad,selected_cash_total,670,1634468.406788,1116.777224,188.116597,-1567.838556,182.748426
adults_25_64,equal_adults_18plus,person,exclude_recent_noncitizen,china_born_broad,selected_noncash_total,670,1634468.406788,219.539651,29.216886,-23.521032,30.559835
adults_25_64,equal_adults_18plus,person,exclude_recent_noncitizen,china_born_broad,snap,670,1634468.406788,96.159553,23.073650,-37.355381,23.972711
adults_25_64,equal_adults_18plus,person,exclude_recent_noncitizen,china_born_broad,social_security,670,1634468.406788,643.795373,156.725530,-1160.653876,158.044378
adults_25_64,equal_adults_18plus,person,exclude_recent_noncitizen,china_born_broad,state_after_credits,670,1634468.406788,4403.647357,528.670693,1837.770730,530.035055
adults_25_64,equal_adults_18plus,person,exclude_recent_noncitizen,china_born_broad,state_local_total,670,1634468.406788,9152.332203,703.390064,3686.569022,704.515558
adults_25_64,equal_adults_18plus,person,exclude_recent_noncitizen,india_born,cash_noncash_tax_balance,870,2270654.881137,29756.418524,1803.157327,15347.428521,1838.102544
adults_25_64,equal_adults_18plus,person,exclude_recent_noncitizen,india_born,children_5_17,870,2270654.881137,0.298194,0.017737,0.045527,0.018110
adults_25_64,equal_adults_18plus,person,exclude_recent_noncitizen,india_born,employer_payroll,870,2270654.881137,6718.508698,222.464220,2427.444329,226.295945
adults_25_64,equal_adults_18plus,person,exclude_recent_noncitizen,india_born,extended_balance_after_health,870,2270654.881137,34446.949340,2098.103228,19493.336270,2138.582839
adults_25_64,equal_adults_18plus,person,exclude_recent_noncitizen,india_born,extended_balance_after_health_ins,870,2270654.881137,35417.226976,2135.572967,19885.026892,2178.961199
adults_25_64,equal_adults_18plus,person,exclude_recent_noncitizen,india_born,extended_balance_base,870,2270654.881137,36682.603887,2087.015904,18583.344510,2126.001930
adults_25_64,equal_adults_18plus,person,exclude_recent_noncitizen,india_born,extended_balance_flat090,870,2270654.881137,36131.242938,2087.986016,18456.315706,2126.696746
adults_25_64,equal_adults_18plus,person,exclude_recent_noncitizen,india_born,extended_balance_renter,870,2270654.881137,36995.618175,2090.063611,18549.795682,2129.079996
adults_25_64,equal_adults_18plus,person,exclude_recent_noncitizen,india_born,extended_balance_sales_itep,870,2270654.881137,37430.004535,2090.932874,18418.730771,2130.611677
adults_25_64,equal_adults_18plus,person,exclude_recent_noncitizen,india_born,federal_after_refundable,870,2270654.881137,18963.408481,1294.143390,8893.621440,1313.541650
adults_25_64,equal_adults_18plus,person,exclude_recent_noncitizen,india_born,health_age_birth,870,2270654.881137,2235.654547,68.350313,-909.991760,71.013040
adults_25_64,equal_adults_18plus,person,exclude_recent_noncitizen,india_born,health_age_birth_ins,870,2270654.881137,1265.376911,131.411223,-1301.682382,137.303687
adults_25_64,equal_adults_18plus,person,exclude_recent_noncitizen,india_born,k12_charged,870,2270654.881137,4548.651630,281.364264,1047.970081,288.631866
adults_25_64,equal_adults_18plus,person,exclude_recent_noncitizen,india_born,k12_charged_flat090,870,2270654.881137,5100.012578,315.469595,1174.998885,323.618133
adults_25_64,equal_adults_18plus,person,exclude_recent_noncitizen,india_born,k12_cost_at_full_attendance,870,2270654.881137,5666.680643,350.521772,1305.554317,359.575704
adults_25_64,equal_adults_18plus,person,exclude_recent_noncitizen,india_born,modeled_tax_total,870,2270654.881137,30548.347334,1781.306590,13211.680868,1807.551503
adults_25_64,equal_adults_18plus,person,exclude_recent_noncitizen,india_born,payroll,870,2270654.881137,7082.704984,231.106841,2381.702186,235.633399
adults_25_64,equal_adults_18plus,person,exclude_recent_noncitizen,india_born,property_tax_owner,870,2270654.881137,2779.652444,145.030152,1163.025342,143.190091
adults_25_64,equal_adults_18plus,person,exclude_recent_noncitizen,india_born,property_tax_renter_proxy,870,2270654.881137,313.014288,32.126235,-33.548828,32.568202
adults_25_64,equal_adults_18plus,person,exclude_recent_noncitizen,india_born,sales_tax_itep,870,2270654.881137,2724.076499,86.771040,528.802659,89.188036
adults_25_64,equal_adults_18plus,person,exclude_recent_noncitizen,india_born,sales_tax_share35,870,2270654.881137,1976.675851,82.414814,693.416398,84.043669
adults_25_64,equal_adults_18plus,person,exclude_recent_noncitizen,india_born,selected_cash_total,870,2270654.881137,707.658258,148.704093,-1976.957522,155.957235
adults_25_64,equal_adults_18plus,person,exclude_recent_noncitizen,india_born,selected_noncash_total,870,2270654.881137,84.270552,13.958487,-158.790131,15.201561
adults_25_64,equal_adults_18plus,person,exclude_recent_noncitizen,india_born,snap,870,2270654.881137,19.714651,10.634288,-113.800282,12.303174
adults_25_64,equal_adults_18plus,person,exclude_recent_noncitizen,india_born,social_security,870,2270654.881137,545.827959,138.443780,-1258.621290,146.785740
adults_25_64,equal_adults_18plus,person,exclude_recent_noncitizen,india_born,state_after_credits,870,2270654.881137,4502.233869,378.028221,1936.357243,380.580187
adults_25_64,equal_adults_18plus,person,exclude_recent_noncitizen,india_born,state_local_total,870,2270654.881137,9258.562164,503.404676,3792.798983,506.887399
adults_25_64,equal_adults_18plus,person,exclude_recent_noncitizen,india_born_settled,cash_noncash_tax_balance,870,2270654.881137,29756.418524,1803.157327,15347.428521,1838.102544
adults_25_64,equal_adults_18plus,person,exclude_recent_noncitizen,india_born_settled,children_5_17,870,2270654.881137,0.298194,0.017737,0.045527,0.018110
adults_25_64,equal_adults_18plus,person,exclude_recent_noncitizen,india_born_settled,employer_payroll,870,2270654.881137,6718.508698,222.464220,2427.444329,226.295945
adults_25_64,equal_adults_18plus,person,exclude_recent_noncitizen,india_born_settled,extended_balance_after_health,870,2270654.881137,34446.949340,2098.103228,19493.336270,2138.582839
adults_25_64,equal_adults_18plus,person,exclude_recent_noncitizen,india_born_settled,extended_balance_after_health_ins,870,2270654.881137,35417.226976,2135.572967,19885.026892,2178.961199
adults_25_64,equal_adults_18plus,person,exclude_recent_noncitizen,india_born_settled,extended_balance_base,870,2270654.881137,36682.603887,2087.015904,18583.344510,2126.001930
adults_25_64,equal_adults_18plus,person,exclude_recent_noncitizen,india_born_settled,extended_balance_flat090,870,2270654.881137,36131.242938,2087.986016,18456.315706,2126.696746
adults_25_64,equal_adults_18plus,person,exclude_recent_noncitizen,india_born_settled,extended_balance_renter,870,2270654.881137,36995.618175,2090.063611,18549.795682,2129.079996
adults_25_64,equal_adults_18plus,person,exclude_recent_noncitizen,india_born_settled,extended_balance_sales_itep,870,2270654.881137,37430.004535,2090.932874,18418.730771,2130.611677
adults_25_64,equal_adults_18plus,person,exclude_recent_noncitizen,india_born_settled,federal_after_refundable,870,2270654.881137,18963.408481,1294.143390,8893.621440,1313.541650
adults_25_64,equal_adults_18plus,person,exclude_recent_noncitizen,india_born_settled,health_age_birth,870,2270654.881137,2235.654547,68.350313,-909.991760,71.013040
adults_25_64,equal_adults_18plus,person,exclude_recent_noncitizen,india_born_settled,health_age_birth_ins,870,2270654.881137,1265.376911,131.411223,-1301.682382,137.303687
adults_25_64,equal_adults_18plus,person,exclude_recent_noncitizen,india_born_settled,k12_charged,870,2270654.881137,4548.651630,281.364264,1047.970081,288.631866
adults_25_64,equal_adults_18plus,person,exclude_recent_noncitizen,india_born_settled,k12_charged_flat090,870,2270654.881137,5100.012578,315.469595,1174.998885,323.618133
adults_25_64,equal_adults_18plus,person,exclude_recent_noncitizen,india_born_settled,k12_cost_at_full_attendance,870,2270654.881137,5666.680643,350.521772,1305.554317,359.575704
adults_25_64,equal_adults_18plus,person,exclude_recent_noncitizen,india_born_settled,modeled_tax_total,870,2270654.881137,30548.347334,1781.306590,13211.680868,1807.551503
adults_25_64,equal_adults_18plus,person,exclude_recent_noncitizen,india_born_settled,payroll,870,2270654.881137,7082.704984,231.106841,2381.702186,235.633399
adults_25_64,equal_adults_18plus,person,exclude_recent_noncitizen,india_born_settled,property_tax_owner,870,2270654.881137,2779.652444,145.030152,1163.025342,143.190091
adults_25_64,equal_adults_18plus,person,exclude_recent_noncitizen,india_born_settled,property_tax_renter_proxy,870,2270654.881137,313.014288,32.126235,-33.548828,32.568202
adults_25_64,equal_adults_18plus,person,exclude_recent_noncitizen,india_born_settled,sales_tax_itep,870,2270654.881137,2724.076499,86.771040,528.802659,89.188036
adults_25_64,equal_adults_18plus,person,exclude_recent_noncitizen,india_born_settled,sales_tax_share35,870,2270654.881137,1976.675851,82.414814,693.416398,84.043669
adults_25_64,equal_adults_18plus,person,exclude_recent_noncitizen,india_born_settled,selected_cash_total,870,2270654.881137,707.658258,148.704093,-1976.957522,155.957235
adults_25_64,equal_adults_18plus,person,exclude_recent_noncitizen,india_born_settled,selected_noncash_total,870,2270654.881137,84.270552,13.958487,-158.790131,15.201561
adults_25_64,equal_adults_18plus,person,exclude_recent_noncitizen,india_born_settled,snap,870,2270654.881137,19.714651,10.634288,-113.800282,12.303174
adults_25_64,equal_adults_18plus,person,exclude_recent_noncitizen,india_born_settled,social_security,870,2270654.881137,545.827959,138.443780,-1258.621290,146.785740
adults_25_64,equal_adults_18plus,person,exclude_recent_noncitizen,india_born_settled,state_after_credits,870,2270654.881137,4502.233869,378.028221,1936.357243,380.580187
adults_25_64,equal_adults_18plus,person,exclude_recent_noncitizen,india_born_settled,state_local_total,870,2270654.881137,9258.562164,503.404676,3792.798983,506.887399
adults_25_64,equal_adults_18plus,person,exclude_recent_noncitizen,india_second_gen,cash_noncash_tax_balance,209,491965.625932,35348.993043,4787.794668,20940.003040,4819.766739
adults_25_64,equal_adults_18plus,person,exclude_recent_noncitizen,india_second_gen,children_5_17,209,491965.625932,0.184625,0.035762,-0.068042,0.036171
adults_25_64,equal_adults_18plus,person,exclude_recent_noncitizen,india_second_gen,employer_payroll,209,491965.625932,6612.608205,347.979670,2321.543836,350.802001
adults_25_64,equal_adults_18plus,person,exclude_recent_noncitizen,india_second_gen,extended_balance_after_health,209,491965.625932,42043.855699,5281.186820,27090.242630,5317.121809
adults_25_64,equal_adults_18plus,person,exclude_recent_noncitizen,india_second_gen,extended_balance_after_health_ins,209,491965.625932,43231.917207,5309.575910,27699.717123,5344.214740
adults_25_64,equal_adults_18plus,person,exclude_recent_noncitizen,india_second_gen,extended_balance_base,209,491965.625932,44644.378189,5295.861336,26545.118812,5331.853660
adults_25_64,equal_adults_18plus,person,exclude_recent_noncitizen,india_second_gen,extended_balance_flat090,209,491965.625932,44280.523931,5288.713523,26605.596698,5324.999874
adults_25_64,equal_adults_18plus,person,exclude_recent_noncitizen,india_second_gen,extended_balance_renter,209,491965.625932,45122.486847,5302.006808,26676.664354,5337.791045
adults_25_64,equal_adults_18plus,person,exclude_recent_noncitizen,india_second_gen,extended_balance_sales_itep,209,491965.625932,45543.209749,5307.149120,26531.935985,5343.517866
adults_25_64,equal_adults_18plus,person,exclude_recent_noncitizen,india_second_gen,federal_after_refundable,209,491965.625932,23029.661758,3532.222990,12959.874717,3558.139087
adults_25_64,equal_adults_18plus,person,exclude_recent_noncitizen,india_second_gen,health_age_birth,209,491965.625932,2600.522490,136.711644,-545.123818,136.815432
adults_25_64,equal_adults_18plus,person,exclude_recent_noncitizen,india_second_gen,health_age_birth_ins,209,491965.625932,1412.460982,171.135409,-1154.598311,171.773944
adults_25_64,equal_adults_18plus,person,exclude_recent_noncitizen,india_second_gen,k12_charged,209,491965.625932,3001.747346,596.570992,-498.934203,604.999695
adults_25_64,equal_adults_18plus,person,exclude_recent_noncitizen,india_second_gen,k12_charged_flat090,209,491965.625932,3365.601604,668.883838,-559.412089,678.334220
adults_25_64,equal_adults_18plus,person,exclude_recent_noncitizen,india_second_gen,k12_cost_at_full_attendance,209,491965.625932,3739.557338,743.204265,-621.568988,753.704689
adults_25_64,equal_adults_18plus,person,exclude_recent_noncitizen,india_second_gen,modeled_tax_total,209,491965.625932,36486.859430,4710.549358,19150.192964,4740.902615
adults_25_64,equal_adults_18plus,person,exclude_recent_noncitizen,india_second_gen,payroll,209,491965.625932,7062.207054,401.526423,2361.204256,404.521606
adults_25_64,equal_adults_18plus,person,exclude_recent_noncitizen,india_second_gen,property_tax_owner,209,491965.625932,3611.385287,438.634523,1994.758185,436.415381
adults_25_64,equal_adults_18plus,person,exclude_recent_noncitizen,india_second_gen,property_tax_renter_proxy,209,491965.625932,478.108658,76.808921,131.545542,76.934165
adults_25_64,equal_adults_18plus,person,exclude_recent_noncitizen,india_second_gen,sales_tax_itep,209,491965.625932,2971.970561,205.502922,776.696721,206.436160
adults_25_64,equal_adults_18plus,person,exclude_recent_noncitizen,india_second_gen,sales_tax_share35,209,491965.625932,2073.139000,191.034218,789.879548,191.808043
adults_25_64,equal_adults_18plus,person,exclude_recent_noncitizen,india_second_gen,selected_cash_total,209,491965.625932,1100.433139,319.005691,-1584.182641,315.711099
adults_25_64,equal_adults_18plus,person,exclude_recent_noncitizen,india_second_gen,selected_noncash_total,209,491965.625932,37.433248,14.072648,-205.627435,15.524073
adults_25_64,equal_adults_18plus,person,exclude_recent_noncitizen,india_second_gen,snap,209,491965.625932,9.916969,8.947368,-123.597965,10.403616
adults_25_64,equal_adults_18plus,person,exclude_recent_noncitizen,india_second_gen,social_security,209,491965.625932,839.873272,289.024112,-964.575977,284.280350
adults_25_64,equal_adults_18plus,person,exclude_recent_noncitizen,india_second_gen,state_after_credits,209,491965.625932,6394.990618,981.879984,3829.113991,983.000289
adults_25_64,equal_adults_18plus,person,exclude_recent_noncitizen,india_second_gen,state_local_total,209,491965.625932,12079.514905,1370.643856,6613.751724,1368.944453
adults_25_64,equal_adults_18plus,person,exclude_recent_noncitizen,mexican_second_gen,cash_noncash_tax_balance,2452,5614636.312903,6783.923269,382.070917,-7625.066734,462.439069
adults_25_64,equal_adults_18plus,person,exclude_recent_noncitizen,mexican_second_gen,children_5_17,2452,5614636.312903,0.320071,0.014177,0.067404,0.014588
adults_25_64,equal_adults_18plus,person,exclude_recent_noncitizen,mexican_second_gen,employer_payroll,2452,5614636.312903,3214.563110,60.513627,-1076.501259,64.363525
adults_25_64,equal_adults_18plus,person,exclude_recent_noncitizen,mexican_second_gen,extended_balance_after_health,2452,5614636.312903,4569.861505,529.010026,-10383.751564,601.624856
adults_25_64,equal_adults_18plus,person,exclude_recent_noncitizen,mexican_second_gen,extended_balance_after_health_ins,2452,5614636.312903,4247.461497,557.992037,-11284.738587,627.168657
adults_25_64,equal_adults_18plus,person,exclude_recent_noncitizen,mexican_second_gen,extended_balance_base,2452,5614636.312903,7465.999915,515.183874,-10633.259462,587.241243
adults_25_64,equal_adults_18plus,person,exclude_recent_noncitizen,mexican_second_gen,extended_balance_flat090,2452,5614636.312903,6920.371761,527.156215,-10754.555472,597.601145
adults_25_64,equal_adults_18plus,person,exclude_recent_noncitizen,mexican_second_gen,extended_balance_renter,2452,5614636.312903,8065.741928,513.857640,-10380.080565,586.149978
adults_25_64,equal_adults_18plus,person,exclude_recent_noncitizen,mexican_second_gen,extended_balance_sales_itep,2452,5614636.312903,8114.334166,515.887027,-10896.939598,588.173229
adults_25_64,equal_adults_18plus,person,exclude_recent_noncitizen,mexican_second_gen,federal_after_refundable,2452,5614636.312903,4390.531122,273.944423,-5679.255919,326.808494
adults_25_64,equal_adults_18plus,person,exclude_recent_noncitizen,mexican_second_gen,health_age_birth,2452,5614636.312903,2896.138410,43.589059,-249.507898,45.309889
adults_25_64,equal_adults_18plus,person,exclude_recent_noncitizen,mexican_second_gen,health_age_birth_ins,2452,5614636.312903,3218.538418,100.183324,651.479125,105.735666
adults_25_64,equal_adults_18plus,person,exclude_recent_noncitizen,mexican_second_gen,k12_charged,2452,5614636.312903,4501.356868,212.772219,1000.675319,221.581501
adults_25_64,equal_adults_18plus,person,exclude_recent_noncitizen,mexican_second_gen,k12_charged_flat090,2452,5614636.312903,5046.985022,238.563223,1121.971329,248.440315
adults_25_64,equal_adults_18plus,person,exclude_recent_noncitizen,mexican_second_gen,k12_cost_at_full_attendance,2452,5614636.312903,5607.761135,265.070247,1246.634810,276.044794
adults_25_64,equal_adults_18plus,person,exclude_recent_noncitizen,mexican_second_gen,modeled_tax_total,2452,5614636.312903,8997.052252,367.287479,-8339.614213,437.329975
adults_25_64,equal_adults_18plus,person,exclude_recent_noncitizen,mexican_second_gen,payroll,2452,5614636.312903,3450.689027,65.279464,-1250.313771,71.934365
adults_25_64,equal_adults_18plus,person,exclude_recent_noncitizen,mexican_second_gen,property_tax_owner,2452,5614636.312903,963.519058,36.046488,-653.108044,40.481847
adults_25_64,equal_adults_18plus,person,exclude_recent_noncitizen,mexican_second_gen,property_tax_renter_proxy,2452,5614636.312903,599.742013,24.719087,253.178897,24.256656
adults_25_64,equal_adults_18plus,person,exclude_recent_noncitizen,mexican_second_gen,sales_tax_itep,2452,5614636.312903,1653.685597,25.731745,-541.588243,27.797859
adults_25_64,equal_adults_18plus,person,exclude_recent_noncitizen,mexican_second_gen,sales_tax_share35,2452,5614636.312903,1005.351346,20.555150,-277.908106,22.634992
adults_25_64,equal_adults_18plus,person,exclude_recent_noncitizen,mexican_second_gen,selected_cash_total,2452,5614636.312903,1732.828550,116.168369,-951.787230,132.157524
adults_25_64,equal_adults_18plus,person,exclude_recent_noncitizen,mexican_second_gen,selected_noncash_total,2452,5614636.312903,480.300433,31.181333,237.239751,32.611038
adults_25_64,equal_adults_18plus,person,exclude_recent_noncitizen,mexican_second_gen,snap,2452,5614636.312903,257.210389,25.013646,123.695455,26.375616
adults_25_64,equal_adults_18plus,person,exclude_recent_noncitizen,mexican_second_gen,social_security,2452,5614636.312903,963.850374,78.551862,-840.598875,95.502307
adults_25_64,equal_adults_18plus,person,exclude_recent_noncitizen,mexican_second_gen,state_after_credits,2452,5614636.312903,1155.832103,66.791327,-1410.044523,80.276270
adults_25_64,equal_adults_18plus,person,exclude_recent_noncitizen,mexican_second_gen,state_local_total,2452,5614636.312903,3124.702507,99.662213,-2341.060674,117.002433
adults_25_64,equal_adults_18plus,person,exclude_recent_noncitizen,mexico_born,cash_noncash_tax_balance,3800,8230339.030379,3680.587532,223.257587,-10728.402471,375.110992
adults_25_64,equal_adults_18plus,person,exclude_recent_noncitizen,mexico_born,children_5_17,3800,8230339.030379,0.343038,0.011625,0.090372,0.012096
adults_25_64,equal_adults_18plus,person,exclude_recent_noncitizen,mexico_born,employer_payroll,3800,8230339.030379,2335.707128,42.560755,-1955.357240,52.820576
adults_25_64,equal_adults_18plus,person,exclude_recent_noncitizen,mexico_born,extended_balance_after_health,3800,8230339.030379,180.251915,357.719707,-14773.361154,490.072604
adults_25_64,equal_adults_18plus,person,exclude_recent_noncitizen,mexico_born,extended_balance_after_health_ins,3800,8230339.030379,-382.228500,408.945501,-15914.428583,531.294014
adults_25_64,equal_adults_18plus,person,exclude_recent_noncitizen,mexico_born,extended_balance_base,3800,8230339.030379,2691.238499,345.888937,-15408.020877,479.063684
adults_25_64,equal_adults_18plus,person,exclude_recent_noncitizen,mexico_born,extended_balance_flat090,3800,8230339.030379,2113.236863,359.043751,-15561.690370,487.705022
adults_25_64,equal_adults_18plus,person,exclude_recent_noncitizen,mexico_born,extended_balance_renter,3800,8230339.030379,3286.093422,341.070968,-15159.729071,474.344843
adults_25_64,equal_adults_18plus,person,exclude_recent_noncitizen,mexico_born,extended_balance_sales_itep,3800,8230339.030379,3306.146422,345.403141,-15705.127343,479.049059
adults_25_64,equal_adults_18plus,person,exclude_recent_noncitizen,mexico_born,federal_after_refundable,3800,8230339.030379,1960.996109,135.450872,-8108.790932,255.667065
adults_25_64,equal_adults_18plus,person,exclude_recent_noncitizen,mexico_born,health_age_birth,3800,8230339.030379,2510.986585,32.711393,-634.659723,35.067837
adults_25_64,equal_adults_18plus,person,exclude_recent_noncitizen,mexico_born,health_age_birth_ins,3800,8230339.030379,3073.466999,106.148164,506.407706,108.497232
adults_25_64,equal_adults_18plus,person,exclude_recent_noncitizen,mexico_born,k12_charged,3800,8230339.030379,4768.433630,168.171010,1267.752081,178.766768
adults_25_64,equal_adults_18plus,person,exclude_recent_noncitizen,mexico_born,k12_charged_flat090,3800,8230339.030379,5346.435267,188.555717,1421.421574,200.435830
adults_25_64,equal_adults_18plus,person,exclude_recent_noncitizen,mexico_born,k12_cost_at_full_attendance,3800,8230339.030379,5940.483630,209.506352,1579.357304,222.706477
adults_25_64,equal_adults_18plus,person,exclude_recent_noncitizen,mexico_born,modeled_tax_total,3800,8230339.030379,5287.142891,200.466640,-12049.523574,351.569795
adults_25_64,equal_adults_18plus,person,exclude_recent_noncitizen,mexico_born,payroll,3800,8230339.030379,2656.150147,45.421810,-2044.852651,58.948661
adults_25_64,equal_adults_18plus,person,exclude_recent_noncitizen,mexico_born,property_tax_owner,3800,8230339.030379,697.076411,25.720500,-919.550691,30.121175
adults_25_64,equal_adults_18plus,person,exclude_recent_noncitizen,mexico_born,property_tax_renter_proxy,3800,8230339.030379,594.854922,17.363520,248.291806,18.028198
adults_25_64,equal_adults_18plus,person,exclude_recent_noncitizen,mexico_born,sales_tax_itep,3800,8230339.030379,1361.208981,15.419323,-834.064859,21.024660
adults_25_64,equal_adults_18plus,person,exclude_recent_noncitizen,mexico_born,sales_tax_share35,3800,8230339.030379,746.301059,12.407662,-536.958394,17.839761
adults_25_64,equal_adults_18plus,person,exclude_recent_noncitizen,mexico_born,selected_cash_total,3800,8230339.030379,1143.111752,81.063771,-1541.504028,100.787579
adults_25_64,equal_adults_18plus,person,exclude_recent_noncitizen,mexico_born,selected_noncash_total,3800,8230339.030379,463.443607,22.867367,220.382925,23.540062
adults_25_64,equal_adults_18plus,person,exclude_recent_noncitizen,mexico_born,snap,3800,8230339.030379,208.071702,17.611574,74.556768,18.484410
adults_25_64,equal_adults_18plus,person,exclude_recent_noncitizen,mexico_born,social_security,3800,8230339.030379,799.070474,65.509282,-1005.378775,81.413744
adults_25_64,equal_adults_18plus,person,exclude_recent_noncitizen,mexico_born,state_after_credits,3800,8230339.030379,669.996636,37.687783,-1895.879991,60.033722
adults_25_64,equal_adults_18plus,person,exclude_recent_noncitizen,mexico_born,state_local_total,3800,8230339.030379,2113.374105,57.393750,-3352.389076,88.730419
adults_25_64,equal_adults_18plus,person,exclude_recent_noncitizen,third_plus_nh_white,cash_noncash_tax_balance,36287,87647853.345835,14408.990003,286.303495,0.000000,0.000000
adults_25_64,equal_adults_18plus,person,exclude_recent_noncitizen,third_plus_nh_white,children_5_17,36287,87647853.345835,0.252667,0.003406,0.000000,0.000000
adults_25_64,equal_adults_18plus,person,exclude_recent_noncitizen,third_plus_nh_white,employer_payroll,36287,87647853.345835,4291.064369,30.073938,0.000000,0.000000
adults_25_64,equal_adults_18plus,person,exclude_recent_noncitizen,third_plus_nh_white,extended_balance_after_health,36287,87647853.345835,14953.613069,337.389341,0.000000,0.000000
adults_25_64,equal_adults_18plus,person,exclude_recent_noncitizen,third_plus_nh_white,extended_balance_after_health_ins,36287,87647853.345835,15532.200084,346.766672,0.000000,0.000000
adults_25_64,equal_adults_18plus,person,exclude_recent_noncitizen,third_plus_nh_white,extended_balance_base,36287,87647853.345835,18099.259377,333.263522,0.000000,0.000000
adults_25_64,equal_adults_18plus,person,exclude_recent_noncitizen,third_plus_nh_white,extended_balance_flat090,36287,87647853.345835,17674.927233,334.408943,0.000000,0.000000
adults_25_64,equal_adults_18plus,person,exclude_recent_noncitizen,third_plus_nh_white,extended_balance_renter,36287,87647853.345835,18445.822493,333.276831,0.000000,0.000000
adults_25_64,equal_adults_18plus,person,exclude_recent_noncitizen,third_plus_nh_white,extended_balance_sales_itep,36287,87647853.345835,19011.273764,334.680893,0.000000,0.000000
adults_25_64,equal_adults_18plus,person,exclude_recent_noncitizen,third_plus_nh_white,federal_after_refundable,36287,87647853.345835,10069.787041,206.538656,0.000000,0.000000
adults_25_64,equal_adults_18plus,person,exclude_recent_noncitizen,third_plus_nh_white,health_age_birth,36287,87647853.345835,3145.646308,12.231952,0.000000,0.000000
adults_25_64,equal_adults_18plus,person,exclude_recent_noncitizen,third_plus_nh_white,health_age_birth_ins,36287,87647853.345835,2567.059293,31.395469,0.000000,0.000000
adults_25_64,equal_adults_18plus,person,exclude_recent_noncitizen,third_plus_nh_white,k12_charged,36287,87647853.345835,3500.681549,55.855099,0.000000,0.000000
adults_25_64,equal_adults_18plus,person,exclude_recent_noncitizen,third_plus_nh_white,k12_charged_flat090,36287,87647853.345835,3925.013693,62.625528,0.000000,0.000000
adults_25_64,equal_adults_18plus,person,exclude_recent_noncitizen,third_plus_nh_white,k12_cost_at_full_attendance,36287,87647853.345835,4361.126326,69.583920,0.000000,0.000000
adults_25_64,equal_adults_18plus,person,exclude_recent_noncitizen,third_plus_nh_white,modeled_tax_total,36287,87647853.345835,17336.666466,271.872410,0.000000,0.000000
adults_25_64,equal_adults_18plus,person,exclude_recent_noncitizen,third_plus_nh_white,payroll,36287,87647853.345835,4701.002798,33.992698,0.000000,0.000000
adults_25_64,equal_adults_18plus,person,exclude_recent_noncitizen,third_plus_nh_white,property_tax_owner,36287,87647853.345835,1616.627102,17.952180,0.000000,0.000000
adults_25_64,equal_adults_18plus,person,exclude_recent_noncitizen,third_plus_nh_white,property_tax_renter_proxy,36287,87647853.345835,346.563116,5.958810,0.000000,0.000000
adults_25_64,equal_adults_18plus,person,exclude_recent_noncitizen,third_plus_nh_white,sales_tax_itep,36287,87647853.345835,2195.273840,13.520555,0.000000,0.000000
adults_25_64,equal_adults_18plus,person,exclude_recent_noncitizen,third_plus_nh_white,sales_tax_share35,36287,87647853.345835,1283.259452,11.723270,0.000000,0.000000
adults_25_64,equal_adults_18plus,person,exclude_recent_noncitizen,third_plus_nh_white,selected_cash_total,36287,87647853.345835,2684.615780,51.047707,0.000000,0.000000
adults_25_64,equal_adults_18plus,person,exclude_recent_noncitizen,third_plus_nh_white,selected_noncash_total,36287,87647853.345835,243.060683,6.148586,0.000000,0.000000
adults_25_64,equal_adults_18plus,person,exclude_recent_noncitizen,third_plus_nh_white,snap,36287,87647853.345835,133.514934,5.243049,0.000000,0.000000
adults_25_64,equal_adults_18plus,person,exclude_recent_noncitizen,third_plus_nh_white,social_security,36287,87647853.345835,1804.449249,43.037255,0.000000,0.000000
adults_25_64,equal_adults_18plus,person,exclude_recent_noncitizen,third_plus_nh_white,state_after_credits,36287,87647853.345835,2565.876627,43.914187,0.000000,0.000000
adults_25_64,equal_adults_18plus,person,exclude_recent_noncitizen,third_plus_nh_white,state_local_total,36287,87647853.345835,5465.763181,62.525850,0.000000,0.000000
adults_25_64,equal_adults_18plus,person,exclude_top1_income,all_foreign_born,cash_noncash_tax_balance,15074,36761293.903811,10109.066589,224.213043,-2092.404060,280.927662
adults_25_64,equal_adults_18plus,person,exclude_top1_income,all_foreign_born,children_5_17,15074,36761293.903811,0.299748,0.004813,0.047972,0.006109
adults_25_64,equal_adults_18plus,person,exclude_top1_income,all_foreign_born,employer_payroll,15074,36761293.903811,3571.693581,38.508849,-615.024996,47.947512
adults_25_64,equal_adults_18plus,person,exclude_top1_income,all_foreign_born,extended_balance_after_health,15074,36761293.903811,9119.453811,289.141829,-3427.422934,366.493465
adults_25_64,equal_adults_18plus,person,exclude_top1_income,all_foreign_born,extended_balance_after_health_ins,15074,36761293.903811,9067.891211,302.657155,-4042.374079,381.793943
adults_25_64,equal_adults_18plus,person,exclude_top1_income,all_foreign_born,extended_balance_base,15074,36761293.903811,11460.158796,285.747130,-4231.425625,360.704851
adults_25_64,equal_adults_18plus,person,exclude_top1_income,all_foreign_born,extended_balance_flat090,15074,36761293.903811,10914.573566,287.764029,-4354.444625,363.646575
adults_25_64,equal_adults_18plus,person,exclude_top1_income,all_foreign_born,extended_balance_renter,15074,36761293.903811,12109.929581,284.091165,-3930.787086,359.007959
adults_25_64,equal_adults_18plus,person,exclude_top1_income,all_foreign_born,extended_balance_sales_itep,15074,36761293.903811,12191.644283,285.923579,-4395.644086,361.319499
adults_25_64,equal_adults_18plus,person,exclude_top1_income,all_foreign_born,federal_after_refundable,15074,36761293.903811,6059.770808,137.532115,-2235.082475,174.713359
adults_25_64,equal_adults_18plus,person,exclude_top1_income,all_foreign_born,health_age_birth,15074,36761293.903811,2340.704985,17.129341,-804.002690,20.960945
adults_25_64,equal_adults_18plus,person,exclude_top1_income,all_foreign_born,health_age_birth_ins,15074,36761293.903811,2392.267584,37.976339,-189.051546,47.933941
adults_25_64,equal_adults_18plus,person,exclude_top1_income,all_foreign_born,k12_charged,15074,36761293.903811,4501.002748,80.928355,1014.889754,102.125940
adults_25_64,equal_adults_18plus,person,exclude_top1_income,all_foreign_born,k12_charged_flat090,15074,36761293.903811,5046.587977,90.738017,1137.908755,114.505049
adults_25_64,equal_adults_18plus,person,exclude_top1_income,all_foreign_born,k12_cost_at_full_attendance,15074,36761293.903811,5607.319975,100.820019,1264.343061,127.227832
adults_25_64,equal_adults_18plus,person,exclude_top1_income,all_foreign_born,modeled_tax_total,15074,36761293.903811,11756.637360,212.633512,-3377.445770,263.531541
adults_25_64,equal_adults_18plus,person,exclude_top1_income,all_foreign_born,payroll,15074,36761293.903811,3892.743878,41.042616,-651.655412,50.815388
adults_25_64,equal_adults_18plus,person,exclude_top1_income,all_foreign_born,property_tax_owner,15074,36761293.903811,1237.373398,28.665922,-352.883428,32.308537
adults_25_64,equal_adults_18plus,person,exclude_top1_income,all_foreign_born,property_tax_renter_proxy,15074,36761293.903811,649.770785,10.298188,300.638539,11.601456
adults_25_64,equal_adults_18plus,person,exclude_top1_income,all_foreign_born,sales_tax_itep,15074,36761293.903811,1774.513463,12.396819,-320.441848,15.529262
adults_25_64,equal_adults_18plus,person,exclude_top1_income,all_foreign_born,sales_tax_share35,15074,36761293.903811,1043.027976,11.396196,-156.223387,13.979343
adults_25_64,equal_adults_18plus,person,exclude_top1_income,all_foreign_born,selected_cash_total,15074,36761293.903811,1297.078908,48.943942,-1390.762456,66.831051
adults_25_64,equal_adults_18plus,person,exclude_top1_income,all_foreign_born,selected_noncash_total,15074,36761293.903811,350.491863,9.806122,105.720746,11.486730
adults_25_64,equal_adults_18plus,person,exclude_top1_income,all_foreign_born,snap,15074,36761293.903811,173.482125,8.066065,38.591911,9.691535
adults_25_64,equal_adults_18plus,person,exclude_top1_income,all_foreign_born,social_security,15074,36761293.903811,828.109548,37.298101,-986.500954,55.315343
adults_25_64,equal_adults_18plus,person,exclude_top1_income,all_foreign_born,state_after_credits,15074,36761293.903811,1804.122674,46.047536,-490.707884,54.505450
adults_25_64,equal_adults_18plus,person,exclude_top1_income,all_foreign_born,state_local_total,15074,36761293.903811,4084.524047,69.723020,-999.814699,82.985674
adults_25_64,equal_adults_18plus,person,exclude_top1_income,all_native,cash_noncash_tax_balance,55064,133287999.105192,10708.708695,140.112940,-1492.761953,83.107520
adults_25_64,equal_adults_18plus,person,exclude_top1_income,all_native,children_5_17,55064,133287999.105192,0.258050,0.003025,0.006274,0.002037
adults_25_64,equal_adults_18plus,person,exclude_top1_income,all_native,employer_payroll,55064,133287999.105192,3956.998390,22.947251,-229.720187,13.476941
adults_25_64,equal_adults_18plus,person,exclude_top1_income,all_native,extended_balance_after_health,55064,133287999.105192,10522.421138,189.692400,-2024.455607,111.184303
adults_25_64,equal_adults_18plus,person,exclude_top1_income,all_native,extended_balance_after_health_ins,55064,133287999.105192,10777.463848,201.233751,-2332.801443,117.552502
adults_25_64,equal_adults_18plus,person,exclude_top1_income,all_native,extended_balance_base,55064,133287999.105192,13632.667180,183.585038,-2058.917241,108.359114
adults_25_64,equal_adults_18plus,person,exclude_top1_income,all_native,extended_balance_flat090,55064,133287999.105192,13195.538714,185.808644,-2073.479478,109.723587
adults_25_64,equal_adults_18plus,person,exclude_top1_income,all_native,extended_balance_renter,55064,133287999.105192,14099.854081,183.368716,-1940.862586,108.168831
adults_25_64,equal_adults_18plus,person,exclude_top1_income,all_native,extended_balance_sales_itep,55064,133287999.105192,14502.247632,183.871117,-2085.040736,108.597402
adults_25_64,equal_adults_18plus,person,exclude_top1_income,all_native,federal_after_refundable,55064,133287999.105192,7411.947613,84.341461,-882.905670,48.816808
adults_25_64,equal_adults_18plus,person,exclude_top1_income,all_native,health_age_birth,55064,133287999.105192,3110.246041,11.060117,-34.461634,7.358503
adults_25_64,equal_adults_18plus,person,exclude_top1_income,all_native,health_age_birth_ins,55064,133287999.105192,2855.203332,27.148152,273.884202,18.829016
adults_25_64,equal_adults_18plus,person,exclude_top1_income,all_native,k12_charged,55064,133287999.105192,3606.249439,47.716632,120.136446,32.454631
adults_25_64,equal_adults_18plus,person,exclude_top1_income,all_native,k12_charged_flat090,55064,133287999.105192,4043.377905,53.500563,134.698683,36.388591
adults_25_64,equal_adults_18plus,person,exclude_top1_income,all_native,k12_cost_at_full_attendance,55064,133287999.105192,4492.642117,59.445070,149.665203,40.431768
adults_25_64,equal_adults_18plus,person,exclude_top1_income,all_native,modeled_tax_total,55064,133287999.105192,13760.012400,122.665368,-1374.070730,72.974614
adults_25_64,equal_adults_18plus,person,exclude_top1_income,all_native,payroll,55064,133287999.105192,4271.804417,24.008678,-272.594873,14.646267
adults_25_64,equal_adults_18plus,person,exclude_top1_income,all_native,property_tax_owner,55064,133287999.105192,1427.243436,13.105694,-163.013389,9.109616
adults_25_64,equal_adults_18plus,person,exclude_top1_income,all_native,property_tax_renter_proxy,55064,133287999.105192,467.186902,5.499990,118.054655,3.965480
adults_25_64,equal_adults_18plus,person,exclude_top1_income,all_native,sales_tax_itep,55064,133287999.105192,2015.546550,7.395873,-79.408762,4.690778
adults_25_64,equal_adults_18plus,person,exclude_top1_income,all_native,sales_tax_share35,55064,133287999.105192,1145.966097,6.452205,-53.285266,4.049425
adults_25_64,equal_adults_18plus,person,exclude_top1_income,all_native,selected_cash_total,55064,133287999.105192,2720.711199,40.653911,32.869834,27.549677
adults_25_64,equal_adults_18plus,person,exclude_top1_income,all_native,selected_noncash_total,55064,133287999.105192,330.592506,6.728431,85.821389,5.418101
adults_25_64,equal_adults_18plus,person,exclude_top1_income,all_native,snap,55064,133287999.105192,195.301684,5.366031,60.411471,4.438206
adults_25_64,equal_adults_18plus,person,exclude_top1_income,all_native,social_security,55064,133287999.105192,1764.473637,34.249658,-50.136865,21.115729
adults_25_64,equal_adults_18plus,person,exclude_top1_income,all_native,state_after_credits,55064,133287999.105192,2076.260370,21.388376,-218.570188,14.310994
adults_25_64,equal_adults_18plus,person,exclude_top1_income,all_native,state_local_total,55064,133287999.105192,4649.469903,33.393845,-434.868843,22.610994
adults_25_64,equal_adults_18plus,person,exclude_top1_income,asian_indian_native_selfid,cash_noncash_tax_balance,248,618486.225749,25837.392685,2293.338275,13635.922036,2312.868804
adults_25_64,equal_adults_18plus,person,exclude_top1_income,asian_indian_native_selfid,children_5_17,248,618486.225749,0.202276,0.030787,-0.049500,0.031033
adults_25_64,equal_adults_18plus,person,exclude_top1_income,asian_indian_native_selfid,employer_payroll,248,618486.225749,6050.330725,314.698863,1863.612148,318.521256
adults_25_64,equal_adults_18plus,person,exclude_top1_income,asian_indian_native_selfid,extended_balance_after_health,248,618486.225749,30718.121096,2727.799482,18171.244351,2757.958529
adults_25_64,equal_adults_18plus,person,exclude_top1_income,asian_indian_native_selfid,extended_balance_after_health_ins,248,618486.225749,31607.829147,2770.882066,18497.563857,2799.124393
adults_25_64,equal_adults_18plus,person,exclude_top1_income,asian_indian_native_selfid,extended_balance_base,248,618486.225749,33270.983782,2696.586361,17579.399361,2728.284991
adults_25_64,equal_adults_18plus,person,exclude_top1_income,asian_indian_native_selfid,extended_balance_flat090,248,618486.225749,32872.332885,2693.913593,17603.314693,2726.222475
adults_25_64,equal_adults_18plus,person,exclude_top1_income,asian_indian_native_selfid,extended_balance_renter,248,618486.225749,33750.036873,2712.876302,17709.320206,2744.897400
adults_25_64,equal_adults_18plus,person,exclude_top1_income,asian_indian_native_selfid,extended_balance_sales_itep,248,618486.225749,34058.567853,2711.940407,17471.279485,2743.522419
adults_25_64,equal_adults_18plus,person,exclude_top1_income,asian_indian_native_selfid,federal_after_refundable,248,618486.225749,15981.191995,1662.559214,7686.338712,1672.051513
adults_25_64,equal_adults_18plus,person,exclude_top1_income,asian_indian_native_selfid,health_age_birth,248,618486.225749,2552.862686,125.940665,-591.844989,125.703152
adults_25_64,equal_adults_18plus,person,exclude_top1_income,asian_indian_native_selfid,health_age_birth_ins,248,618486.225749,1663.154635,204.766959,-918.164496,202.844779
adults_25_64,equal_adults_18plus,person,exclude_top1_income,asian_indian_native_selfid,k12_charged,248,618486.225749,3288.814809,518.678551,-197.298184,524.013830
adults_25_64,equal_adults_18plus,person,exclude_top1_income,asian_indian_native_selfid,k12_charged_flat090,248,618486.225749,3687.465706,581.549731,-221.213516,587.531721
adults_25_64,equal_adults_18plus,person,exclude_top1_income,asian_indian_native_selfid,k12_cost_at_full_attendance,248,618486.225749,4097.184118,646.166368,-245.792796,652.813024
adults_25_64,equal_adults_18plus,person,exclude_top1_income,asian_indian_native_selfid,modeled_tax_total,248,618486.225749,26722.409665,2239.006893,11588.326535,2259.088034
adults_25_64,equal_adults_18plus,person,exclude_top1_income,asian_indian_native_selfid,payroll,248,618486.225749,6303.731173,329.887852,1759.331883,334.729266
adults_25_64,equal_adults_18plus,person,exclude_top1_income,asian_indian_native_selfid,property_tax_owner,248,618486.225749,2904.344999,358.973790,1314.088173,358.521601
adults_25_64,equal_adults_18plus,person,exclude_top1_income,asian_indian_native_selfid,property_tax_renter_proxy,248,618486.225749,479.053092,74.397114,129.920845,74.348477
adults_25_64,equal_adults_18plus,person,exclude_top1_income,asian_indian_native_selfid,sales_tax_itep,248,618486.225749,2555.314254,134.593381,460.358943,134.714972
adults_25_64,equal_adults_18plus,person,exclude_top1_income,asian_indian_native_selfid,sales_tax_share35,248,618486.225749,1767.730183,118.605509,568.478819,118.941400
adults_25_64,equal_adults_18plus,person,exclude_top1_income,asian_indian_native_selfid,selected_cash_total,248,618486.225749,807.071940,263.593826,-1880.769425,265.930591
adults_25_64,equal_adults_18plus,person,exclude_top1_income,asian_indian_native_selfid,selected_noncash_total,248,618486.225749,77.945040,19.880506,-166.826077,19.993175
adults_25_64,equal_adults_18plus,person,exclude_top1_income,asian_indian_native_selfid,snap,248,618486.225749,32.713895,15.291707,-102.176319,15.697911
adults_25_64,equal_adults_18plus,person,exclude_top1_income,asian_indian_native_selfid,social_security,248,618486.225749,620.139664,244.419962,-1194.470838,241.300667
adults_25_64,equal_adults_18plus,person,exclude_top1_income,asian_indian_native_selfid,state_after_credits,248,618486.225749,4437.486497,443.962092,2142.655940,448.714469
adults_25_64,equal_adults_18plus,person,exclude_top1_income,asian_indian_native_selfid,state_local_total,248,618486.225749,9109.561678,714.958920,4025.222932,720.735947
adults_25_64,equal_adults_18plus,person,exclude_top1_income,china_born,cash_noncash_tax_balance,620,1488257.024911,20583.288334,1875.183146,8381.817686,1873.091128
adults_25_64,equal_adults_18plus,person,exclude_top1_income,china_born,children_5_17,620,1488257.024911,0.273114,0.025962,0.021339,0.026430
adults_25_64,equal_adults_18plus,person,exclude_top1_income,china_born,employer_payroll,620,1488257.024911,5074.693193,279.414282,887.974616,278.140369
adults_25_64,equal_adults_18plus,person,exclude_top1_income,china_born,extended_balance_after_health,620,1488257.024911,22709.939339,2232.531014,10163.062594,2224.857566
adults_25_64,equal_adults_18plus,person,exclude_top1_income,china_born,extended_balance_after_health_ins,620,1488257.024911,22322.604040,2388.979245,9212.338750,2380.760768
adults_25_64,equal_adults_18plus,person,exclude_top1_income,china_born,extended_balance_base,620,1488257.024911,25066.561875,2223.810558,9374.977455,2215.535582
adults_25_64,equal_adults_18plus,person,exclude_top1_income,china_born,extended_balance_flat090,620,1488257.024911,24508.337656,2225.298038,9239.319465,2216.900339
adults_25_64,equal_adults_18plus,person,exclude_top1_income,china_born,extended_balance_renter,620,1488257.024911,25670.263137,2215.791297,9629.546470,2208.064942
adults_25_64,equal_adults_18plus,person,exclude_top1_income,china_born,extended_balance_sales_itep,620,1488257.024911,25842.372159,2233.726847,9255.083791,2225.937744
adults_25_64,equal_adults_18plus,person,exclude_top1_income,china_born,federal_after_refundable,620,1488257.024911,12577.599281,1243.783106,4282.745998,1240.328065
adults_25_64,equal_adults_18plus,person,exclude_top1_income,china_born,health_age_birth,620,1488257.024911,2356.622536,84.237445,-788.085139,83.245348
adults_25_64,equal_adults_18plus,person,exclude_top1_income,china_born,health_age_birth_ins,620,1488257.024911,2743.957835,279.577443,162.638705,278.362181
adults_25_64,equal_adults_18plus,person,exclude_top1_income,china_born,k12_charged,620,1488257.024911,4605.272666,415.186373,1119.159673,421.492470
adults_25_64,equal_adults_18plus,person,exclude_top1_income,china_born,k12_charged_flat090,620,1488257.024911,5163.496886,465.512837,1254.817663,472.583322
adults_25_64,equal_adults_18plus,person,exclude_top1_income,china_born,k12_cost_at_full_attendance,620,1488257.024911,5737.218762,517.236485,1394.241848,525.092580
adults_25_64,equal_adults_18plus,person,exclude_top1_income,china_born,modeled_tax_total,620,1488257.024911,21739.554691,1850.611434,6605.471561,1847.331061
adults_25_64,equal_adults_18plus,person,exclude_top1_income,china_born,payroll,620,1488257.024911,5427.975818,285.746028,883.576528,285.843446
adults_25_64,equal_adults_18plus,person,exclude_top1_income,china_born,property_tax_owner,620,1488257.024911,2491.535319,177.555280,901.278494,176.411664
adults_25_64,equal_adults_18plus,person,exclude_top1_income,china_born,property_tax_renter_proxy,620,1488257.024911,603.701262,55.818425,254.569015,55.834930
adults_25_64,equal_adults_18plus,person,exclude_top1_income,china_born,sales_tax_itep,620,1488257.024911,2298.127979,99.345945,203.172668,99.370446
adults_25_64,equal_adults_18plus,person,exclude_top1_income,china_born,sales_tax_share35,620,1488257.024911,1522.317695,85.046937,323.066332,84.460839
adults_25_64,equal_adults_18plus,person,exclude_top1_income,china_born,selected_cash_total,620,1488257.024911,918.054176,192.917552,-1769.787189,190.150716
adults_25_64,equal_adults_18plus,person,exclude_top1_income,china_born,selected_noncash_total,620,1488257.024911,238.212181,35.248537,-6.558936,36.346804
adults_25_64,equal_adults_18plus,person,exclude_top1_income,china_born,snap,620,1488257.024911,109.033044,29.062535,-25.857170,29.858440
adults_25_64,equal_adults_18plus,person,exclude_top1_income,china_born,social_security,620,1488257.024911,538.519832,156.694435,-1276.090670,157.702715
adults_25_64,equal_adults_18plus,person,exclude_top1_income,china_born,state_after_credits,620,1488257.024911,3733.979592,393.129216,1439.149034,393.222896
adults_25_64,equal_adults_18plus,person,exclude_top1_income,china_born,state_local_total,620,1488257.024911,7747.832606,539.466982,2663.493860,537.766079
adults_25_64,equal_adults_18plus,person,exclude_top1_income,china_born_broad,cash_noncash_tax_balance,755,1835837.521349,20848.867068,1644.923250,8647.396420,1641.859119
adults_25_64,equal_adults_18plus,person,exclude_top1_income,china_born_broad,children_5_17,755,1835837.521349,0.266756,0.022171,0.014980,0.022663
adults_25_64,equal_adults_18plus,person,exclude_top1_income,china_born_broad,employer_payroll,755,1835837.521349,5199.272093,243.710821,1012.553516,242.939538
adults_25_64,equal_adults_18plus,person,exclude_top1_income,china_born_broad,extended_balance_after_health,755,1835837.521349,23372.673311,1962.488650,10825.796565,1953.775952
adults_25_64,equal_adults_18plus,person,exclude_top1_income,china_born_broad,extended_balance_after_health_ins,755,1835837.521349,23312.338986,2096.121098,10202.073696,2087.758155
adults_25_64,equal_adults_18plus,person,exclude_top1_income,china_born_broad,extended_balance_base,755,1835837.521349,25815.241192,1955.373317,10123.656772,1945.736643
adults_25_64,equal_adults_18plus,person,exclude_top1_income,china_born_broad,extended_balance_flat090,755,1835837.521349,25276.250880,1958.207614,10007.232688,1948.296811
adults_25_64,equal_adults_18plus,person,exclude_top1_income,china_born_broad,extended_balance_renter,755,1835837.521349,26378.866720,1951.292141,10338.150053,1942.307184
adults_25_64,equal_adults_18plus,person,exclude_top1_income,china_born_broad,extended_balance_sales_itep,755,1835837.521349,26565.719673,1963.650042,9978.431304,1954.530693
adults_25_64,equal_adults_18plus,person,exclude_top1_income,china_born_broad,federal_after_refundable,755,1835837.521349,12882.468167,1099.743707,4587.614884,1095.092406
adults_25_64,equal_adults_18plus,person,exclude_top1_income,china_born_broad,health_age_birth,755,1835837.521349,2442.567881,74.080214,-702.139794,73.387466
adults_25_64,equal_adults_18plus,person,exclude_top1_income,china_born_broad,health_age_birth_ins,755,1835837.521349,2502.902206,241.336177,-78.416924,240.870194
adults_25_64,equal_adults_18plus,person,exclude_top1_income,china_born_broad,k12_charged,755,1835837.521349,4446.595594,358.706449,960.482600,364.645522
adults_25_64,equal_adults_18plus,person,exclude_top1_income,china_born_broad,k12_charged_flat090,755,1835837.521349,4985.585906,402.186746,1076.906683,408.845720
adults_25_64,equal_adults_18plus,person,exclude_top1_income,china_born_broad,k12_cost_at_full_attendance,755,1835837.521349,5539.539896,446.874163,1196.562982,454.273022
adults_25_64,equal_adults_18plus,person,exclude_top1_income,china_born_broad,modeled_tax_total,755,1835837.521349,22088.066897,1627.156111,6953.983767,1621.769847
adults_25_64,equal_adults_18plus,person,exclude_top1_income,china_born_broad,payroll,755,1835837.521349,5539.192665,247.364853,994.793375,247.524527
adults_25_64,equal_adults_18plus,person,exclude_top1_income,china_born_broad,property_tax_owner,755,1835837.521349,2638.443055,148.736531,1048.186230,147.923789
adults_25_64,equal_adults_18plus,person,exclude_top1_income,china_born_broad,property_tax_renter_proxy,755,1835837.521349,563.625528,48.484154,214.493281,48.446818
adults_25_64,equal_adults_18plus,person,exclude_top1_income,china_born_broad,sales_tax_itep,755,1835837.521349,2325.733050,86.466478,230.777739,86.667139
adults_25_64,equal_adults_18plus,person,exclude_top1_income,china_born_broad,sales_tax_share35,755,1835837.521349,1575.254569,75.301625,376.003206,74.928377
adults_25_64,equal_adults_18plus,person,exclude_top1_income,china_born_broad,selected_cash_total,755,1835837.521349,1018.006966,168.396250,-1669.834399,166.320325
adults_25_64,equal_adults_18plus,person,exclude_top1_income,china_born_broad,selected_noncash_total,755,1835837.521349,221.192863,29.817774,-23.578254,31.214849
adults_25_64,equal_adults_18plus,person,exclude_top1_income,china_born_broad,snap,755,1835837.521349,99.294426,24.249608,-35.595787,25.217941
adults_25_64,equal_adults_18plus,person,exclude_top1_income,china_born_broad,social_security,755,1835837.521349,576.890347,139.182614,-1237.720155,141.421729
adults_25_64,equal_adults_18plus,person,exclude_top1_income,china_born_broad,state_after_credits,755,1835837.521349,3666.406065,344.687126,1371.575508,344.390221
adults_25_64,equal_adults_18plus,person,exclude_top1_income,china_born_broad,state_local_total,755,1835837.521349,7880.103690,459.347873,2795.764944,457.350325
adults_25_64,equal_adults_18plus,person,exclude_top1_income,india_born,cash_noncash_tax_balance,1213,3194208.629159,23341.974716,1073.633495,11140.504067,1097.772770
adults_25_64,equal_adults_18plus,person,exclude_top1_income,india_born,children_5_17,1213,3194208.629159,0.263542,0.015339,0.011766,0.015858
adults_25_64,equal_adults_18plus,person,exclude_top1_income,india_born,employer_payroll,1213,3194208.629159,6143.575871,185.360422,1956.857294,188.235916
adults_25_64,equal_adults_18plus,person,exclude_top1_income,india_born,extended_balance_after_health,1213,3194208.629159,27351.585150,1353.230406,14804.708404,1383.171660
adults_25_64,equal_adults_18plus,person,exclude_top1_income,india_born,extended_balance_after_health_ins,1213,3194208.629159,28200.018761,1377.032802,15089.753471,1409.605014
adults_25_64,equal_adults_18plus,person,exclude_top1_income,india_born,extended_balance_base,1213,3194208.629159,29240.621458,1343.194780,13549.037038,1371.671232
adults_25_64,equal_adults_18plus,person,exclude_top1_income,india_born,extended_balance_flat090,1213,3194208.629159,28750.620040,1347.764560,13481.601848,1376.494901
adults_25_64,equal_adults_18plus,person,exclude_top1_income,india_born,extended_balance_renter,1213,3194208.629159,29772.738467,1344.700099,13732.021800,1372.722778
adults_25_64,equal_adults_18plus,person,exclude_top1_income,india_born,extended_balance_sales_itep,1213,3194208.629159,30000.023063,1343.428043,13412.734695,1371.916446
adults_25_64,equal_adults_18plus,person,exclude_top1_income,india_born,federal_after_refundable,1213,3194208.629159,14170.807791,688.085964,5875.954509,701.945818
adults_25_64,equal_adults_18plus,person,exclude_top1_income,india_born,health_age_birth,1213,3194208.629159,1889.036308,55.963537,-1255.671367,58.992250
adults_25_64,equal_adults_18plus,person,exclude_top1_income,india_born,health_age_birth_ins,1213,3194208.629159,1040.602697,96.427909,-1540.716433,104.594147
adults_25_64,equal_adults_18plus,person,exclude_top1_income,india_born,k12_charged,1213,3194208.629159,4042.443988,245.407420,556.330994,256.344176
adults_25_64,equal_adults_18plus,person,exclude_top1_income,india_born,k12_charged_flat090,1213,3194208.629159,4532.445406,275.154273,623.766183,287.416718
adults_25_64,equal_adults_18plus,person,exclude_top1_income,india_born,k12_cost_at_full_attendance,1213,3194208.629159,5036.050451,305.726970,693.073537,319.351908
adults_25_64,equal_adults_18plus,person,exclude_top1_income,india_born,modeled_tax_total,1213,3194208.629159,23996.792050,1048.158791,8862.708919,1065.447891
adults_25_64,equal_adults_18plus,person,exclude_top1_income,india_born,payroll,1213,3194208.629159,6361.235436,187.662848,1816.836146,190.297145
adults_25_64,equal_adults_18plus,person,exclude_top1_income,india_born,property_tax_owner,1213,3194208.629159,2095.770209,117.628601,505.513383,116.259665
adults_25_64,equal_adults_18plus,person,exclude_top1_income,india_born,property_tax_renter_proxy,1213,3194208.629159,532.117009,33.662898,182.984762,33.918807
adults_25_64,equal_adults_18plus,person,exclude_top1_income,india_born,sales_tax_itep,1213,3194208.629159,2461.146255,56.802146,366.190944,58.138338
adults_25_64,equal_adults_18plus,person,exclude_top1_income,india_born,sales_tax_share35,1213,3194208.629159,1701.744650,56.907403,502.493287,58.049211
adults_25_64,equal_adults_18plus,person,exclude_top1_income,india_born,selected_cash_total,1213,3194208.629159,580.639063,115.547349,-2107.202301,124.412043
adults_25_64,equal_adults_18plus,person,exclude_top1_income,india_born,selected_noncash_total,1213,3194208.629159,74.178271,10.546302,-170.592846,12.316626
adults_25_64,equal_adults_18plus,person,exclude_top1_income,india_born,snap,1213,3194208.629159,15.966405,7.682406,-118.923808,9.664590
adults_25_64,equal_adults_18plus,person,exclude_top1_income,india_born,social_security,1213,3194208.629159,409.500093,100.947118,-1405.110409,110.882278
adults_25_64,equal_adults_18plus,person,exclude_top1_income,india_born,state_after_credits,1213,3194208.629159,3464.748822,229.513143,1169.918265,232.119250
adults_25_64,equal_adults_18plus,person,exclude_top1_income,india_born,state_local_total,1213,3194208.629159,7262.263681,319.043305,2177.924935,322.512103
adults_25_64,equal_adults_18plus,person,exclude_top1_income,india_born_recent_noncit,cash_noncash_tax_balance,360,969017.594424,17245.072078,1366.406968,5043.601429,1357.629043
adults_25_64,equal_adults_18plus,person,exclude_top1_income,india_born_recent_noncit,children_5_17,360,969017.594424,0.181621,0.028200,-0.070155,0.028570
adults_25_64,equal_adults_18plus,person,exclude_top1_income,india_born_recent_noncit,employer_payroll,360,969017.594424,5163.915306,260.708463,977.196729,260.169135
adults_25_64,equal_adults_18plus,person,exclude_top1_income,india_born_recent_noncit,extended_balance_after_health,360,969017.594424,20463.143525,1769.927536,7916.266779,1765.604048
adults_25_64,equal_adults_18plus,person,exclude_top1_income,india_born_recent_noncit,extended_balance_after_health_ins,360,969017.594424,21073.688237,1776.659022,7963.422947,1771.545822
adults_25_64,equal_adults_18plus,person,exclude_top1_income,india_born_recent_noncit,extended_balance_base,360,969017.594424,21569.416129,1763.835509,5877.831708,1759.662195
adults_25_64,equal_adults_18plus,person,exclude_top1_income,india_born_recent_noncit,extended_balance_flat090,360,969017.594424,21223.593495,1780.129776,5954.575304,1777.029277
adults_25_64,equal_adults_18plus,person,exclude_top1_income,india_born_recent_noncit,extended_balance_renter,360,969017.594424,22599.134943,1777.329386,6558.418276,1772.067891
adults_25_64,equal_adults_18plus,person,exclude_top1_income,india_born_recent_noncit,extended_balance_sales_itep,360,969017.594424,22408.152068,1759.431241,5820.863700,1755.268057
adults_25_64,equal_adults_18plus,person,exclude_top1_income,india_born_recent_noncit,federal_after_refundable,360,969017.594424,9927.540616,886.799399,1632.687333,883.431554
adults_25_64,equal_adults_18plus,person,exclude_top1_income,india_born_recent_noncit,health_age_birth,360,969017.594424,1106.272604,50.558071,-2038.435071,51.741712
adults_25_64,equal_adults_18plus,person,exclude_top1_income,india_born_recent_noncit,health_age_birth_ins,360,969017.594424,495.727892,74.969735,-2085.591238,84.585032
adults_25_64,equal_adults_18plus,person,exclude_top1_income,india_born_recent_noncit,k12_charged,360,969017.594424,2852.988937,507.584155,-633.124057,515.555497
adults_25_64,equal_adults_18plus,person,exclude_top1_income,india_born_recent_noncit,k12_charged_flat090,360,969017.594424,3198.811570,569.110537,-709.867652,578.048119
adults_25_64,equal_adults_18plus,person,exclude_top1_income,india_born_recent_noncit,k12_cost_at_full_attendance,360,969017.594424,3554.235078,632.345042,-788.741836,642.275688
adults_25_64,equal_adults_18plus,person,exclude_top1_income,india_born_recent_noncit,modeled_tax_total,360,969017.594424,17550.763068,1345.939235,2416.679938,1341.335657
adults_25_64,equal_adults_18plus,person,exclude_top1_income,india_born_recent_noncit,payroll,360,969017.594424,5233.986818,264.062604,689.587528,262.248090
adults_25_64,equal_adults_18plus,person,exclude_top1_income,india_born_recent_noncit,property_tax_owner,360,969017.594424,633.571146,99.836530,-956.685679,100.560232
adults_25_64,equal_adults_18plus,person,exclude_top1_income,india_born_recent_noncit,property_tax_renter_proxy,360,969017.594424,1029.718814,64.626059,680.586567,64.596979
adults_25_64,equal_adults_18plus,person,exclude_top1_income,india_born_recent_noncit,sales_tax_itep,360,969017.594424,2218.582475,79.717137,123.627163,79.658178
adults_25_64,equal_adults_18plus,person,exclude_top1_income,india_born_recent_noncit,sales_tax_share35,360,969017.594424,1379.846536,83.735430,180.595172,83.626570
adults_25_64,equal_adults_18plus,person,exclude_top1_income,india_born_recent_noncit,selected_cash_total,360,969017.594424,255.758647,131.747695,-2432.082717,139.779759
adults_25_64,equal_adults_18plus,person,exclude_top1_income,india_born_recent_noncit,selected_noncash_total,360,969017.594424,49.932343,11.481811,-194.838774,13.189129
adults_25_64,equal_adults_18plus,person,exclude_top1_income,india_born_recent_noncit,snap,360,969017.594424,6.434208,3.504769,-128.456006,5.831104
adults_25_64,equal_adults_18plus,person,exclude_top1_income,india_born_recent_noncit,social_security,360,969017.594424,70.836496,54.647163,-1743.774006,69.406223
adults_25_64,equal_adults_18plus,person,exclude_top1_income,india_born_recent_noncit,state_after_credits,360,969017.594424,2389.235634,266.198286,94.405077,268.318575
adults_25_64,equal_adults_18plus,person,exclude_top1_income,india_born_recent_noncit,state_local_total,360,969017.594424,4402.653316,345.278706,-681.685430,347.692481
adults_25_64,equal_adults_18plus,person,exclude_top1_income,india_born_settled,cash_noncash_tax_balance,853,2225191.034736,25997.030320,1310.186539,13795.559672,1345.028625
adults_25_64,equal_adults_18plus,person,exclude_top1_income,india_born_settled,children_5_17,853,2225191.034736,0.299216,0.018160,0.047440,0.018460
adults_25_64,equal_adults_18plus,person,exclude_top1_income,india_born_settled,employer_payroll,853,2225191.034736,6570.194669,220.584390,2383.476092,224.694803
adults_25_64,equal_adults_18plus,person,exclude_top1_income,india_born_settled,extended_balance_after_health,853,2225191.034736,30351.337094,1614.767436,17804.460348,1656.530147
adults_25_64,equal_adults_18plus,person,exclude_top1_income,india_born_settled,extended_balance_after_health_ins,853,2225191.034736,31303.365644,1655.427379,18193.100354,1700.540287
adults_25_64,equal_adults_18plus,person,exclude_top1_income,india_born_settled,extended_balance_base,853,2225191.034736,32581.248316,1591.251274,16889.663895,1631.769202
adults_25_64,equal_adults_18plus,person,exclude_top1_income,india_born_settled,extended_balance_flat090,853,2225191.034736,32028.460477,1592.691090,16759.442286,1633.087959
adults_25_64,equal_adults_18plus,person,exclude_top1_income,india_born_settled,extended_balance_renter,853,2225191.034736,32896.671613,1595.399935,16855.954946,1635.563732
adults_25_64,equal_adults_18plus,person,exclude_top1_income,india_born_settled,extended_balance_sales_itep,853,2225191.034736,33306.101712,1594.273627,16718.813343,1634.681974
adults_25_64,equal_adults_18plus,person,exclude_top1_income,india_born_settled,federal_after_refundable,853,2225191.034736,16018.649386,836.291246,7723.796104,856.827143
adults_25_64,equal_adults_18plus,person,exclude_top1_income,india_born_settled,health_age_birth,853,2225191.034736,2229.911222,68.085940,-914.796453,70.927713
adults_25_64,equal_adults_18plus,person,exclude_top1_income,india_born_settled,health_age_birth_ins,853,2225191.034736,1277.882672,133.853780,-1303.436459,139.669614
adults_25_64,equal_adults_18plus,person,exclude_top1_income,india_born_settled,k12_charged,853,2225191.034736,4560.423277,288.750403,1074.310284,295.689826
adults_25_64,equal_adults_18plus,person,exclude_top1_income,india_born_settled,k12_charged_flat090,853,2225191.034736,5113.211116,323.751038,1204.531893,331.531618
adults_25_64,equal_adults_18plus,person,exclude_top1_income,india_born_settled,k12_cost_at_full_attendance,853,2225191.034736,5681.345684,359.723376,1338.368770,368.368464
adults_25_64,equal_adults_18plus,person,exclude_top1_income,india_born_settled,modeled_tax_total,853,2225191.034736,26803.883845,1268.191819,11669.800715,1294.341180
adults_25_64,equal_adults_18plus,person,exclude_top1_income,india_born_settled,payroll,853,2225191.034736,6852.125309,223.125067,2307.726019,227.491576
adults_25_64,equal_adults_18plus,person,exclude_top1_income,india_born_settled,property_tax_owner,853,2225191.034736,2732.523007,139.618090,1142.266182,138.446541
adults_25_64,equal_adults_18plus,person,exclude_top1_income,india_born_settled,property_tax_renter_proxy,853,2225191.034736,315.423298,32.341872,-33.708949,32.735585
adults_25_64,equal_adults_18plus,person,exclude_top1_income,india_born_settled,sales_tax_itep,853,2225191.034736,2566.776993,70.048396,471.821682,71.704929
adults_25_64,equal_adults_18plus,person,exclude_top1_income,india_born_settled,sales_tax_share35,853,2225191.034736,1841.923597,66.671846,642.672234,68.235200
adults_25_64,equal_adults_18plus,person,exclude_top1_income,india_born_settled,selected_cash_total,853,2225191.034736,722.116731,152.080347,-1965.724633,159.125387
adults_25_64,equal_adults_18plus,person,exclude_top1_income,india_born_settled,selected_noncash_total,853,2225191.034736,84.736794,14.313092,-160.034324,15.621234
adults_25_64,equal_adults_18plus,person,exclude_top1_income,india_born_settled,snap,853,2225191.034736,20.117450,10.889746,-114.772764,12.591710
adults_25_64,equal_adults_18plus,person,exclude_top1_income,india_born_settled,social_security,853,2225191.034736,556.980008,141.588185,-1257.630494,149.568283
adults_25_64,equal_adults_18plus,person,exclude_top1_income,india_born_settled,state_after_credits,853,2225191.034736,3933.109150,281.334035,1638.278593,283.973162
adults_25_64,equal_adults_18plus,person,exclude_top1_income,india_born_settled,state_local_total,853,2225191.034736,8507.555754,386.032329,3423.217008,390.862876
adults_25_64,equal_adults_18plus,person,exclude_top1_income,india_second_gen,cash_noncash_tax_balance,202,477663.988122,28224.425745,2851.380826,16022.955097,2853.652921
adults_25_64,equal_adults_18plus,person,exclude_top1_income,india_second_gen,children_5_17,202,477663.988122,0.177267,0.035521,-0.074509,0.035776
adults_25_64,equal_adults_18plus,person,exclude_top1_income,india_second_gen,employer_payroll,202,477663.988122,6335.424927,329.249709,2148.706350,330.424038
adults_25_64,equal_adults_18plus,person,exclude_top1_income,india_second_gen,extended_balance_after_health,202,477663.988122,34272.936860,3285.891617,21726.060115,3293.115617
adults_25_64,equal_adults_18plus,person,exclude_top1_income,india_second_gen,extended_balance_after_health_ins,202,477663.988122,35429.000087,3308.189748,22318.734797,3312.563260
adults_25_64,equal_adults_18plus,person,exclude_top1_income,india_second_gen,extended_balance_base,202,477663.988122,36858.039475,3253.123475,21166.455055,3261.462506
adults_25_64,equal_adults_18plus,person,exclude_top1_income,india_second_gen,extended_balance_flat090,202,477663.988122,36506.809233,3248.992068,21237.791042,3257.858118
adults_25_64,equal_adults_18plus,person,exclude_top1_income,india_second_gen,extended_balance_renter,202,477663.988122,37338.887898,3273.907585,21298.171231,3281.306560
adults_25_64,equal_adults_18plus,person,exclude_top1_income,india_second_gen,extended_balance_sales_itep,202,477663.988122,37738.885046,3265.853967,21151.596677,3273.839857
adults_25_64,equal_adults_18plus,person,exclude_top1_income,india_second_gen,federal_after_refundable,202,477663.988122,17823.078860,2108.131901,9528.225577,2108.256156
adults_25_64,equal_adults_18plus,person,exclude_top1_income,india_second_gen,health_age_birth,202,477663.988122,2585.102615,136.869104,-559.605060,137.009727
adults_25_64,equal_adults_18plus,person,exclude_top1_income,india_second_gen,health_age_birth_ins,202,477663.988122,1429.039388,176.160671,-1152.279742,176.775817
adults_25_64,equal_adults_18plus,person,exclude_top1_income,india_second_gen,k12_charged,202,477663.988122,2897.600959,597.972369,-588.512035,604.517658
adults_25_64,equal_adults_18plus,person,exclude_top1_income,india_second_gen,k12_charged_flat090,202,477663.988122,3248.831201,670.455083,-659.848022,677.793753
adults_25_64,equal_adults_18plus,person,exclude_top1_income,india_second_gen,k12_cost_at_full_attendance,202,477663.988122,3609.812445,744.950092,-733.164469,753.104170
adults_25_64,equal_adults_18plus,person,exclude_top1_income,india_second_gen,modeled_tax_total,202,477663.988122,29396.045652,2750.555761,14261.962522,2755.280964
adults_25_64,equal_adults_18plus,person,exclude_top1_income,india_second_gen,payroll,202,477663.988122,6616.519584,349.066983,2072.120294,349.878990
adults_25_64,equal_adults_18plus,person,exclude_top1_income,india_second_gen,property_tax_owner,202,477663.988122,3370.981415,404.700941,1780.724590,403.634807
adults_25_64,equal_adults_18plus,person,exclude_top1_income,india_second_gen,property_tax_renter_proxy,202,477663.988122,480.848423,77.840868,131.716177,77.944953
adults_25_64,equal_adults_18plus,person,exclude_top1_income,india_second_gen,sales_tax_itep,202,477663.988122,2705.653917,153.478458,610.698606,152.576904
adults_25_64,equal_adults_18plus,person,exclude_top1_income,india_second_gen,sales_tax_share35,202,477663.988122,1824.808346,138.118912,625.556983,137.691187
adults_25_64,equal_adults_18plus,person,exclude_top1_income,india_second_gen,selected_cash_total,202,477663.988122,1133.380978,326.076394,-1554.460387,322.574112
adults_25_64,equal_adults_18plus,person,exclude_top1_income,india_second_gen,selected_noncash_total,202,477663.988122,38.238929,14.510881,-206.532188,16.005654
adults_25_64,equal_adults_18plus,person,exclude_top1_income,india_second_gen,snap,202,477663.988122,10.213891,9.179373,-124.676323,10.634985
adults_25_64,equal_adults_18plus,person,exclude_top1_income,india_second_gen,social_security,202,477663.988122,865.019742,296.417772,-949.590760,291.508763
adults_25_64,equal_adults_18plus,person,exclude_top1_income,india_second_gen,state_after_credits,202,477663.988122,4956.447208,549.258371,2661.616650,551.600193
adults_25_64,equal_adults_18plus,person,exclude_top1_income,india_second_gen,state_local_total,202,477663.988122,10152.236970,826.679179,5067.898223,828.683394
adults_25_64,equal_adults_18plus,person,exclude_top1_income,mexican_second_gen,cash_noncash_tax_balance,2446,5595543.409223,6223.165455,297.324311,-5978.305193,354.968246
adults_25_64,equal_adults_18plus,person,exclude_top1_income,mexican_second_gen,children_5_17,2446,5595543.409223,0.319049,0.014038,0.067273,0.014515
adults_25_64,equal_adults_18plus,person,exclude_top1_income,mexican_second_gen,employer_payroll,2446,5595543.409223,3185.767690,60.475635,-1000.950887,64.708343
adults_25_64,equal_adults_18plus,person,exclude_top1_income,mexican_second_gen,extended_balance_after_health,2446,5595543.409223,3961.662382,461.916483,-8585.214363,514.087435
adults_25_64,equal_adults_18plus,person,exclude_top1_income,mexican_second_gen,extended_balance_after_health_ins,2446,5595543.409223,3630.379550,497.147297,-9479.885740,545.646875
adults_25_64,equal_adults_18plus,person,exclude_top1_income,mexican_second_gen,extended_balance_base,2446,5595543.409223,6857.624629,445.302115,-8833.959791,495.302625
adults_25_64,equal_adults_18plus,person,exclude_top1_income,mexican_second_gen,extended_balance_flat090,2446,5595543.409223,6312.991532,459.250456,-8956.026659,507.921676
adults_25_64,equal_adults_18plus,person,exclude_top1_income,mexican_second_gen,extended_balance_renter,2446,5595543.409223,7459.413060,443.678324,-8581.303607,494.328249
adults_25_64,equal_adults_18plus,person,exclude_top1_income,mexican_second_gen,extended_balance_sales_itep,2446,5595543.409223,7504.932865,445.460258,-9082.355503,495.457280
adults_25_64,equal_adults_18plus,person,exclude_top1_income,mexican_second_gen,federal_after_refundable,2446,5595543.409223,3934.893919,174.845846,-4359.959364,200.122858
adults_25_64,equal_adults_18plus,person,exclude_top1_income,mexican_second_gen,health_age_birth,2446,5595543.409223,2895.962247,43.606901,-248.745428,45.393433
adults_25_64,equal_adults_18plus,person,exclude_top1_income,mexican_second_gen,health_age_birth_ins,2446,5595543.409223,3227.245080,100.606759,645.925949,106.309127
adults_25_64,equal_adults_18plus,person,exclude_top1_income,mexican_second_gen,k12_charged,2446,5595543.409223,4493.147788,212.122973,1007.034794,221.678466
adults_25_64,equal_adults_18plus,person,exclude_top1_income,mexican_second_gen,k12_charged_flat090,2446,5595543.409223,5037.780885,237.835279,1129.101662,248.549033
adults_25_64,equal_adults_18plus,person,exclude_top1_income,mexican_second_gen,k12_cost_at_full_attendance,2446,5595543.409223,5597.534316,264.261421,1254.557402,276.165593
adults_25_64,equal_adults_18plus,person,exclude_top1_income,mexican_second_gen,modeled_tax_total,2446,5595543.409223,8442.093386,268.465522,-6691.989744,304.917875
adults_25_64,equal_adults_18plus,person,exclude_top1_income,mexican_second_gen,payroll,2446,5595543.409223,3411.724440,63.680500,-1132.674850,69.383248
adults_25_64,equal_adults_18plus,person,exclude_top1_income,mexican_second_gen,property_tax_owner,2446,5595543.409223,958.456280,35.504187,-631.800546,39.571074
adults_25_64,equal_adults_18plus,person,exclude_top1_income,mexican_second_gen,property_tax_renter_proxy,2446,5595543.409223,601.788430,24.880151,252.656184,24.388584
adults_25_64,equal_adults_18plus,person,exclude_top1_income,mexican_second_gen,sales_tax_itep,2446,5595543.409223,1630.691228,22.914275,-464.264084,24.041226
adults_25_64,equal_adults_18plus,person,exclude_top1_income,mexican_second_gen,sales_tax_share35,2446,5595543.409223,983.382992,17.524024,-215.868371,18.725085
adults_25_64,equal_adults_18plus,person,exclude_top1_income,mexican_second_gen,selected_cash_total,2446,5595543.409223,1738.741243,116.974384,-949.100122,132.178022
adults_25_64,equal_adults_18plus,person,exclude_top1_income,mexican_second_gen,selected_noncash_total,2446,5595543.409223,480.186689,31.122627,235.415571,32.589727
adults_25_64,equal_adults_18plus,person,exclude_top1_income,mexican_second_gen,snap,2446,5595543.409223,258.088033,25.060790,123.197819,26.449927
adults_25_64,equal_adults_18plus,person,exclude_top1_income,mexican_second_gen,social_security,2446,5595543.409223,967.139188,78.701772,-847.471314,95.230652
adults_25_64,equal_adults_18plus,person,exclude_top1_income,mexican_second_gen,state_after_credits,2446,5595543.409223,1095.475028,51.311523,-1199.355530,59.249004
adults_25_64,equal_adults_18plus,person,exclude_top1_income,mexican_second_gen,state_local_total,2446,5595543.409223,3037.314300,85.042583,-2047.024447,96.124488
adults_25_64,equal_adults_18plus,person,exclude_top1_income,mexico_born,cash_noncash_tax_balance,4309,9433097.196745,3733.859448,204.721381,-8467.611200,276.386842
adults_25_64,equal_adults_18plus,person,exclude_top1_income,mexico_born,children_5_17,4309,9433097.196745,0.334246,0.010754,0.082471,0.011304
adults_25_64,equal_adults_18plus,person,exclude_top1_income,mexico_born,employer_payroll,4309,9433097.196745,2344.097797,40.041473,-1842.620780,48.245700
adults_25_64,equal_adults_18plus,person,exclude_top1_income,mexico_born,extended_balance_after_health,4309,9433097.196745,452.358251,325.931906,-12094.518494,401.059007
adults_25_64,equal_adults_18plus,person,exclude_top1_income,mexico_born,extended_balance_after_health_ins,4309,9433097.196745,-35.193113,368.911881,-13145.458403,438.180510
adults_25_64,equal_adults_18plus,person,exclude_top1_income,mexico_born,extended_balance_base,4309,9433097.196745,2828.598932,316.405654,-12862.985488,391.477453
adults_25_64,equal_adults_18plus,person,exclude_top1_income,mexico_born,extended_balance_flat090,4309,9433097.196745,2267.382874,328.399939,-13001.635318,402.099021
adults_25_64,equal_adults_18plus,person,exclude_top1_income,mexico_born,extended_balance_renter,4309,9433097.196745,3451.158710,312.416990,-12589.557957,387.648285
adults_25_64,equal_adults_18plus,person,exclude_top1_income,mexico_born,extended_balance_sales_itep,4309,9433097.196745,3458.958539,316.345732,-13128.329830,391.162927
adults_25_64,equal_adults_18plus,person,exclude_top1_income,mexico_born,federal_after_refundable,4309,9433097.196745,1914.802403,120.603373,-6380.050880,164.350939
adults_25_64,equal_adults_18plus,person,exclude_top1_income,mexico_born,health_age_birth,4309,9433097.196745,2376.240681,30.349762,-768.466994,32.425500
adults_25_64,equal_adults_18plus,person,exclude_top1_income,mexico_born,health_age_birth_ins,4309,9433097.196745,2863.792045,94.219719,282.472915,96.437937
adults_25_64,equal_adults_18plus,person,exclude_top1_income,mexico_born,k12_charged,4309,9433097.196745,4629.954928,156.126672,1143.841934,168.827322
adults_25_64,equal_adults_18plus,person,exclude_top1_income,mexico_born,k12_charged_flat090,4309,9433097.196745,5191.170986,175.051434,1282.491764,189.291583
adults_25_64,equal_adults_18plus,person,exclude_top1_income,mexico_born,k12_cost_at_full_attendance,4309,9433097.196745,5767.967763,194.501594,1424.990849,210.323981
adults_25_64,equal_adults_18plus,person,exclude_top1_income,mexico_born,modeled_tax_total,4309,9433097.196745,5229.512944,184.763191,-9904.570187,247.842184
adults_25_64,equal_adults_18plus,person,exclude_top1_income,mexico_born,payroll,4309,9433097.196745,2654.647716,43.004272,-1889.751574,53.352045
adults_25_64,equal_adults_18plus,person,exclude_top1_income,mexico_born,property_tax_owner,4309,9433097.196745,644.485933,26.647430,-945.770893,30.765688
adults_25_64,equal_adults_18plus,person,exclude_top1_income,mexico_born,property_tax_renter_proxy,4309,9433097.196745,622.559777,16.482816,273.427531,16.979805
adults_25_64,equal_adults_18plus,person,exclude_top1_income,mexico_born,sales_tax_itep,4309,9433097.196745,1366.470289,14.331873,-728.485023,16.914555
adults_25_64,equal_adults_18plus,person,exclude_top1_income,mexico_born,sales_tax_share35,4309,9433097.196745,736.110682,11.333786,-463.140681,14.042906
adults_25_64,equal_adults_18plus,person,exclude_top1_income,mexico_born,selected_cash_total,4309,9433097.196745,1044.143255,74.009276,-1643.698109,94.970130
adults_25_64,equal_adults_18plus,person,exclude_top1_income,mexico_born,selected_noncash_total,4309,9433097.196745,451.510240,22.024173,206.739123,22.702132
adults_25_64,equal_adults_18plus,person,exclude_top1_income,mexico_born,snap,4309,9433097.196745,203.571732,16.892062,68.681518,17.771217
adults_25_64,equal_adults_18plus,person,exclude_top1_income,mexico_born,social_security,4309,9433097.196745,727.282775,60.241028,-1087.327727,77.511540
adults_25_64,equal_adults_18plus,person,exclude_top1_income,mexico_born,state_after_credits,4309,9433097.196745,660.062825,35.154968,-1634.767733,45.603535
adults_25_64,equal_adults_18plus,person,exclude_top1_income,mexico_born,state_local_total,4309,9433097.196745,2040.659440,54.702984,-3043.679306,72.959751
adults_25_64,equal_adults_18plus,person,exclude_top1_income,third_plus_nh_white,cash_noncash_tax_balance,35844,86591221.239663,12201.470648,179.913621,0.000000,0.000000
adults_25_64,equal_adults_18plus,person,exclude_top1_income,third_plus_nh_white,children_5_17,35844,86591221.239663,0.251776,0.003409,0.000000,0.000000
adults_25_64,equal_adults_18plus,person,exclude_top1_income,third_plus_nh_white,employer_payroll,35844,86591221.239663,4186.718577,28.425980,0.000000,0.000000
adults_25_64,equal_adults_18plus,person,exclude_top1_income,third_plus_nh_white,extended_balance_after_health,35844,86591221.239663,12546.876745,232.708174,0.000000,0.000000
adults_25_64,equal_adults_18plus,person,exclude_top1_income,third_plus_nh_white,extended_balance_after_health_ins,35844,86591221.239663,13110.265290,244.553429,0.000000,0.000000
adults_25_64,equal_adults_18plus,person,exclude_top1_income,third_plus_nh_white,extended_balance_base,35844,86591221.239663,15691.584420,226.846703,0.000000,0.000000
adults_25_64,equal_adults_18plus,person,exclude_top1_income,third_plus_nh_white,extended_balance_flat090,35844,86591221.239663,15269.018192,228.618724,0.000000,0.000000
adults_25_64,equal_adults_18plus,person,exclude_top1_income,third_plus_nh_white,extended_balance_renter,35844,86591221.239663,16040.716667,226.644042,0.000000,0.000000
adults_25_64,equal_adults_18plus,person,exclude_top1_income,third_plus_nh_white,extended_balance_sales_itep,35844,86591221.239663,16587.288368,227.239220,0.000000,0.000000
adults_25_64,equal_adults_18plus,person,exclude_top1_income,third_plus_nh_white,federal_after_refundable,35844,86591221.239663,8294.853283,106.715666,0.000000,0.000000
adults_25_64,equal_adults_18plus,person,exclude_top1_income,third_plus_nh_white,health_age_birth,35844,86591221.239663,3144.707675,12.430602,0.000000,0.000000
adults_25_64,equal_adults_18plus,person,exclude_top1_income,third_plus_nh_white,health_age_birth_ins,35844,86591221.239663,2581.319130,31.563955,0.000000,0.000000
adults_25_64,equal_adults_18plus,person,exclude_top1_income,third_plus_nh_white,k12_charged,35844,86591221.239663,3486.112994,55.812123,0.000000,0.000000
adults_25_64,equal_adults_18plus,person,exclude_top1_income,third_plus_nh_white,k12_charged_flat090,35844,86591221.239663,3908.679223,62.577342,0.000000,0.000000
adults_25_64,equal_adults_18plus,person,exclude_top1_income,third_plus_nh_white,k12_cost_at_full_attendance,35844,86591221.239663,4342.976914,69.530380,0.000000,0.000000
adults_25_64,equal_adults_18plus,person,exclude_top1_income,third_plus_nh_white,modeled_tax_total,35844,86591221.239663,15134.083130,155.226729,0.000000,0.000000
adults_25_64,equal_adults_18plus,person,exclude_top1_income,third_plus_nh_white,payroll,35844,86591221.239663,4544.399290,29.852031,0.000000,0.000000
adults_25_64,equal_adults_18plus,person,exclude_top1_income,third_plus_nh_white,property_tax_owner,35844,86591221.239663,1590.256825,17.705906,0.000000,0.000000
adults_25_64,equal_adults_18plus,person,exclude_top1_income,third_plus_nh_white,property_tax_renter_proxy,35844,86591221.239663,349.132247,6.013982,0.000000,0.000000
adults_25_64,equal_adults_18plus,person,exclude_top1_income,third_plus_nh_white,sales_tax_itep,35844,86591221.239663,2094.955311,9.045941,0.000000,0.000000
adults_25_64,equal_adults_18plus,person,exclude_top1_income,third_plus_nh_white,sales_tax_share35,35844,86591221.239663,1199.251363,8.056177,0.000000,0.000000
adults_25_64,equal_adults_18plus,person,exclude_top1_income,third_plus_nh_white,selected_cash_total,35844,86591221.239663,2687.841365,51.398888,0.000000,0.000000
adults_25_64,equal_adults_18plus,person,exclude_top1_income,third_plus_nh_white,selected_noncash_total,35844,86591221.239663,244.771117,6.194176,0.000000,0.000000
adults_25_64,equal_adults_18plus,person,exclude_top1_income,third_plus_nh_white,snap,35844,86591221.239663,134.890214,5.292571,0.000000,0.000000
adults_25_64,equal_adults_18plus,person,exclude_top1_income,third_plus_nh_white,social_security,35844,86591221.239663,1814.610502,43.235131,0.000000,0.000000
adults_25_64,equal_adults_18plus,person,exclude_top1_income,third_plus_nh_white,state_after_credits,35844,86591221.239663,2294.830558,27.876573,0.000000,0.000000
adults_25_64,equal_adults_18plus,person,exclude_top1_income,third_plus_nh_white,state_local_total,35844,86591221.239663,5084.338746,43.744774,0.000000,0.000000
adults_25_64,equal_adults_18plus,person,raw,all_foreign_born,cash_noncash_tax_balance,15203,37078696.955611,11660.445304,317.830931,-2748.544700,444.754707
adults_25_64,equal_adults_18plus,person,raw,all_foreign_born,children_5_17,15203,37078696.955611,0.299494,0.004824,0.046827,0.006114
adults_25_64,equal_adults_18plus,person,raw,all_foreign_born,employer_payroll,15203,37078696.955611,3655.761217,40.697584,-635.303151,51.560925
adults_25_64,equal_adults_18plus,person,raw,all_foreign_born,extended_balance_after_health,15203,37078696.955611,10840.998641,384.662161,-4112.614428,533.380902
adults_25_64,equal_adults_18plus,person,raw,all_foreign_born,extended_balance_after_health_ins,15203,37078696.955611,10799.605653,398.326438,-4732.594430,548.558546
adults_25_64,equal_adults_18plus,person,raw,all_foreign_born,extended_balance_base,15203,37078696.955611,13182.344689,383.295043,-4916.914687,529.325728
adults_25_64,equal_adults_18plus,person,raw,all_foreign_born,extended_balance_flat090,15203,37078696.955611,12637.259477,384.912373,-5037.667756,531.373226
adults_25_64,equal_adults_18plus,person,raw,all_foreign_born,extended_balance_renter,15203,37078696.955611,13828.669983,381.354889,-4617.152509,527.309098
adults_25_64,equal_adults_18plus,person,raw,all_foreign_born,extended_balance_sales_itep,15203,37078696.955611,13923.893239,384.415824,-5087.380525,531.501102
adults_25_64,equal_adults_18plus,person,raw,all_foreign_born,federal_after_refundable,15203,37078696.955611,7290.093886,223.090826,-2779.693155,320.683181
adults_25_64,equal_adults_18plus,person,raw,all_foreign_born,health_age_birth,15203,37078696.955611,2341.346048,17.090699,-804.300260,20.858517
adults_25_64,equal_adults_18plus,person,raw,all_foreign_born,health_age_birth_ins,15203,37078696.955611,2382.739036,38.063744,-184.320257,48.144033
adults_25_64,equal_adults_18plus,person,raw,all_foreign_born,k12_charged,15203,37078696.955611,4496.877679,80.880336,996.196129,102.044561
adults_25_64,equal_adults_18plus,person,raw,all_foreign_born,k12_charged_flat090,15203,37078696.955611,5041.962891,90.684178,1116.949198,114.413806
adults_25_64,equal_adults_18plus,person,raw,all_foreign_born,k12_cost_at_full_attendance,15203,37078696.955611,5602.180990,100.760197,1241.054664,127.126451
adults_25_64,equal_adults_18plus,person,raw,all_foreign_born,modeled_tax_total,15203,37078696.955611,13305.383602,308.217389,-4031.282863,430.667123
adults_25_64,equal_adults_18plus,person,raw,all_foreign_born,payroll,15203,37078696.955611,4009.704819,44.386279,-691.297979,57.071545
adults_25_64,equal_adults_18plus,person,raw,all_foreign_born,property_tax_owner,15203,37078696.955611,1259.806863,30.127481,-356.820238,33.679456
adults_25_64,equal_adults_18plus,person,raw,all_foreign_born,property_tax_renter_proxy,15203,37078696.955611,646.325294,10.230374,299.762178,11.569826
adults_25_64,equal_adults_18plus,person,raw,all_foreign_born,sales_tax_itep,15203,37078696.955611,1844.757533,16.091596,-350.516307,21.988819
adults_25_64,equal_adults_18plus,person,raw,all_foreign_born,sales_tax_share35,15203,37078696.955611,1103.208983,14.276853,-180.050469,19.119385
adults_25_64,equal_adults_18plus,person,raw,all_foreign_born,selected_cash_total,15203,37078696.955611,1296.897615,48.672694,-1387.718165,67.311728
adults_25_64,equal_adults_18plus,person,raw,all_foreign_born,selected_noncash_total,15203,37078696.955611,348.040684,9.741647,104.980001,11.435284
adults_25_64,equal_adults_18plus,person,raw,all_foreign_born,snap,15203,37078696.955611,172.047744,8.003663,38.532811,9.628379
adults_25_64,equal_adults_18plus,person,raw,all_foreign_born,social_security,15203,37078696.955611,830.766002,36.877094,-973.683247,55.742316
adults_25_64,equal_adults_18plus,person,raw,all_foreign_born,state_after_credits,15203,37078696.955611,2005.584897,60.400832,-560.291729,77.398534
adults_25_64,equal_adults_18plus,person,raw,all_foreign_born,state_local_total,15203,37078696.955611,4368.600744,87.538466,-1097.162436,111.079353
adults_25_64,equal_adults_18plus,person,raw,all_native,cash_noncash_tax_balance,55652,134686458.170775,12669.394413,223.622892,-1739.595590,120.900603
adults_25_64,equal_adults_18plus,person,raw,all_native,children_5_17,55652,134686458.170775,0.258922,0.003010,0.006255,0.002016
adults_25_64,equal_adults_18plus,person,raw,all_native,employer_payroll,55652,134686458.170775,4053.208359,24.246486,-237.856009,13.849179
adults_25_64,equal_adults_18plus,person,raw,all_native,extended_balance_after_health,55652,134686458.170775,12664.706831,271.322790,-2288.906238,146.099748
adults_25_64,equal_adults_18plus,person,raw,all_native,extended_balance_after_health_ins,55652,134686458.170775,12936.130765,280.185660,-2596.069319,151.770642
adults_25_64,equal_adults_18plus,person,raw,all_native,extended_balance_base,55652,134686458.170775,15776.094426,267.150429,-2323.164950,143.986480
adults_25_64,equal_adults_18plus,person,raw,all_native,extended_balance_flat090,55652,134686458.170775,15337.207399,268.827658,-2337.719834,144.961115
adults_25_64,equal_adults_18plus,person,raw,all_native,extended_balance_renter,55652,134686458.170775,16240.362997,267.023878,-2205.459495,143.826781
adults_25_64,equal_adults_18plus,person,raw,all_native,extended_balance_sales_itep,55652,134686458.170775,16659.499752,268.305573,-2351.774012,144.451512
adults_25_64,equal_adults_18plus,person,raw,all_native,federal_after_refundable,55652,134686458.170775,8977.610663,160.376336,-1092.176378,88.074588
adults_25_64,equal_adults_18plus,person,raw,all_native,health_age_birth,55652,134686458.170775,3111.387595,10.849346,-34.258713,7.213127
adults_25_64,equal_adults_18plus,person,raw,all_native,health_age_birth_ins,55652,134686458.170775,2839.963662,27.082903,272.904369,18.632349
adults_25_64,equal_adults_18plus,person,raw,all_native,k12_charged,55652,134686458.170775,3620.757328,47.853440,120.075779,32.062877
adults_25_64,equal_adults_18plus,person,raw,all_native,k12_charged_flat090,55652,134686458.170775,4059.644356,53.653954,134.630663,35.949351
adults_25_64,equal_adults_18plus,person,raw,all_native,k12_cost_at_full_attendance,55652,134686458.170775,4510.715951,59.615505,149.589625,39.943724
adults_25_64,equal_adults_18plus,person,raw,all_native,modeled_tax_total,55652,134686458.170775,15710.762938,211.232987,-1625.903527,116.965830
adults_25_64,equal_adults_18plus,person,raw,all_native,payroll,55652,134686458.170775,4412.631427,27.200938,-288.371371,15.581760
adults_25_64,equal_adults_18plus,person,raw,all_native,property_tax_owner,55652,134686458.170775,1454.354022,13.566356,-162.273080,9.155192
adults_25_64,equal_adults_18plus,person,raw,all_native,property_tax_renter_proxy,55652,134686458.170775,464.268571,5.486253,117.705455,3.915775
adults_25_64,equal_adults_18plus,person,raw,all_native,sales_tax_itep,55652,134686458.170775,2103.300286,10.758818,-91.973554,5.995923
adults_25_64,equal_adults_18plus,person,raw,all_native,sales_tax_share35,55652,134686458.170775,1219.894960,9.110324,-63.364492,5.239282
adults_25_64,equal_adults_18plus,person,raw,all_native,selected_cash_total,55652,134686458.170775,2713.152040,40.548930,28.536260,27.151248
adults_25_64,equal_adults_18plus,person,raw,all_native,selected_noncash_total,55652,134686458.170775,328.216485,6.695486,85.155803,5.384339
adults_25_64,equal_adults_18plus,person,raw,all_native,snap,55652,134686458.170775,193.455965,5.330246,59.941031,4.397539
adults_25_64,equal_adults_18plus,person,raw,all_native,social_security,55652,134686458.170775,1755.317883,34.043623,-49.131366,20.863754
adults_25_64,equal_adults_18plus,person,raw,all_native,state_after_credits,55652,134686458.170775,2320.520849,34.054132,-245.355778,21.448305
adults_25_64,equal_adults_18plus,person,raw,all_native,state_local_total,55652,134686458.170775,4994.769831,48.774487,-470.993350,29.993341
adults_25_64,equal_adults_18plus,person,raw,asian_indian_native_selfid,cash_noncash_tax_balance,258,642302.176503,30721.362726,3304.985766,16312.372723,3345.772975
adults_25_64,equal_adults_18plus,person,raw,asian_indian_native_selfid,children_5_17,258,642302.176503,0.202542,0.031400,-0.050125,0.031846
adults_25_64,equal_adults_18plus,person,raw,asian_indian_native_selfid,employer_payroll,258,642302.176503,6293.503535,329.157334,2002.439166,333.790565
adults_25_64,equal_adults_18plus,person,raw,asian_indian_native_selfid,extended_balance_after_health,258,642302.176503,36129.454512,3807.362662,21175.841443,3863.602737
adults_25_64,equal_adults_18plus,person,raw,asian_indian_native_selfid,extended_balance_after_health_ins,258,642302.176503,37058.780543,3856.008268,21526.580460,3909.834285
adults_25_64,equal_adults_18plus,person,raw,asian_indian_native_selfid,extended_balance_base,258,642302.176503,38688.531238,3793.681440,20589.271861,3849.745206
adults_25_64,equal_adults_18plus,person,raw,asian_indian_native_selfid,extended_balance_flat090,258,642302.176503,38290.846808,3796.697475,20615.919575,3853.611685
adults_25_64,equal_adults_18plus,person,raw,asian_indian_native_selfid,extended_balance_renter,258,642302.176503,39158.429674,3802.744791,20712.607182,3858.504609
adults_25_64,equal_adults_18plus,person,raw,asian_indian_native_selfid,extended_balance_sales_itep,258,642302.176503,39483.753878,3801.111890,20472.480114,3857.250421
adults_25_64,equal_adults_18plus,person,raw,asian_indian_native_selfid,federal_after_refundable,258,642302.176503,19597.552128,2467.852003,9527.765087,2494.469512
adults_25_64,equal_adults_18plus,person,raw,asian_indian_native_selfid,health_age_birth,258,642302.176503,2559.076726,122.206107,-586.569582,121.993934
adults_25_64,equal_adults_18plus,person,raw,asian_indian_native_selfid,health_age_birth_ins,258,642302.176503,1629.750694,198.150675,-937.308599,196.343785
adults_25_64,equal_adults_18plus,person,raw,asian_indian_native_selfid,k12_charged,258,642302.176503,3280.841590,522.918319,-219.839959,530.503648
adults_25_64,equal_adults_18plus,person,raw,asian_indian_native_selfid,k12_charged_flat090,258,642302.176503,3678.526020,586.303419,-246.487673,594.808198
adults_25_64,equal_adults_18plus,person,raw,asian_indian_native_selfid,k12_cost_at_full_attendance,258,642302.176503,4087.251133,651.448244,-273.875193,660.897998
adults_25_64,equal_adults_18plus,person,raw,asian_indian_native_selfid,modeled_tax_total,258,642302.176503,31573.564122,3261.004594,14236.897656,3300.142846
adults_25_64,equal_adults_18plus,person,raw,asian_indian_native_selfid,payroll,258,642302.176503,6621.293735,358.828805,1920.290937,364.709062
adults_25_64,equal_adults_18plus,person,raw,asian_indian_native_selfid,property_tax_owner,258,642302.176503,3025.073264,356.756526,1408.446162,356.824847
adults_25_64,equal_adults_18plus,person,raw,asian_indian_native_selfid,property_tax_renter_proxy,258,642302.176503,469.898436,71.842752,123.335320,71.826991
adults_25_64,equal_adults_18plus,person,raw,asian_indian_native_selfid,sales_tax_itep,258,642302.176503,2724.655943,157.233587,529.382103,158.048660
adults_25_64,equal_adults_18plus,person,raw,asian_indian_native_selfid,sales_tax_share35,258,642302.176503,1929.433303,145.791149,646.173851,146.721712
adults_25_64,equal_adults_18plus,person,raw,asian_indian_native_selfid,selected_cash_total,258,642302.176503,777.146484,253.673974,-1907.469296,256.291441
adults_25_64,equal_adults_18plus,person,raw,asian_indian_native_selfid,selected_noncash_total,258,642302.176503,75.054912,19.110557,-168.005770,19.267275
adults_25_64,equal_adults_18plus,person,raw,asian_indian_native_selfid,snap,258,642302.176503,31.500895,14.716686,-102.014039,15.138005
adults_25_64,equal_adults_18plus,person,raw,asian_indian_native_selfid,social_security,258,642302.176503,597.145478,235.414414,-1207.303771,232.483798
adults_25_64,equal_adults_18plus,person,raw,asian_indian_native_selfid,state_after_credits,258,642302.176503,5354.718259,599.565127,2788.841632,607.569479
adults_25_64,equal_adults_18plus,person,raw,asian_indian_native_selfid,state_local_total,258,642302.176503,10309.224826,873.426600,4843.461645,883.624544
adults_25_64,equal_adults_18plus,person,raw,china_born,cash_noncash_tax_balance,628,1512979.429194,23527.112093,2485.647008,9118.122090,2498.046970
adults_25_64,equal_adults_18plus,person,raw,china_born,children_5_17,628,1512979.429194,0.271459,0.025916,0.018792,0.026430
adults_25_64,equal_adults_18plus,person,raw,china_born,employer_payroll,628,1512979.429194,5254.225049,296.830341,963.160681,296.610514
adults_25_64,equal_adults_18plus,person,raw,china_born,extended_balance_after_health,628,1512979.429194,26099.776276,2938.936661,11146.163207,2954.815411
adults_25_64,equal_adults_18plus,person,raw,china_born,extended_balance_after_health_ins,628,1512979.429194,25687.704985,3047.828527,10155.504901,3063.502613
adults_25_64,equal_adults_18plus,person,raw,china_born,extended_balance_base,628,1512979.429194,28462.312165,2940.932977,10363.052788,2956.303195
adults_25_64,equal_adults_18plus,person,raw,china_born,extended_balance_flat090,628,1512979.429194,27907.530858,2945.979306,10232.603625,2961.836791
adults_25_64,equal_adults_18plus,person,raw,china_born,extended_balance_renter,628,1512979.429194,29056.148820,2933.419005,10610.326328,2948.894368
adults_25_64,equal_adults_18plus,person,raw,china_born,extended_balance_sales_itep,628,1512979.429194,29236.175201,2949.830454,10224.901437,2965.941876
adults_25_64,equal_adults_18plus,person,raw,china_born,federal_after_refundable,628,1512979.429194,14618.404459,1702.172995,4548.617418,1712.485836
adults_25_64,equal_adults_18plus,person,raw,china_born,health_age_birth,628,1512979.429194,2362.535889,83.069877,-783.110418,82.040406
adults_25_64,equal_adults_18plus,person,raw,china_born,health_age_birth_ins,628,1512979.429194,2774.607180,274.488533,207.547887,273.404486
adults_25_64,equal_adults_18plus,person,raw,china_born,k12_charged,628,1512979.429194,4576.869120,414.134762,1076.187571,421.720293
adults_25_64,equal_adults_18plus,person,raw,china_born,k12_charged_flat090,628,1512979.429194,5131.650428,464.333756,1206.636734,472.838761
adults_25_64,equal_adults_18plus,person,raw,china_born,k12_cost_at_full_attendance,628,1512979.429194,5701.833808,515.926396,1340.707483,525.376401
adults_25_64,equal_adults_18plus,person,raw,china_born,modeled_tax_total,628,1512979.429194,24675.223236,2496.982283,7338.556770,2508.747333
adults_25_64,equal_adults_18plus,person,raw,china_born,payroll,628,1512979.429194,5646.666574,311.404863,945.663776,312.773622
adults_25_64,equal_adults_18plus,person,raw,china_born,property_tax_owner,628,1512979.429194,2635.201651,196.854175,1018.574549,196.641373
adults_25_64,equal_adults_18plus,person,raw,china_born,property_tax_renter_proxy,628,1512979.429194,593.836655,54.986971,247.273540,55.001361
adults_25_64,equal_adults_18plus,person,raw,china_born,sales_tax_itep,628,1512979.429194,2396.505528,116.458764,201.231688,117.561987
adults_25_64,equal_adults_18plus,person,raw,china_born,sales_tax_share35,628,1512979.429194,1622.642492,103.856838,339.383040,104.062244
adults_25_64,equal_adults_18plus,person,raw,china_born,selected_cash_total,628,1512979.429194,912.895052,190.665766,-1771.720728,185.875720
adults_25_64,equal_adults_18plus,person,raw,china_born,selected_noncash_total,628,1512979.429194,235.216091,34.710645,-7.844591,35.828415
adults_25_64,equal_adults_18plus,person,raw,china_born,snap,628,1512979.429194,107.251421,28.562581,-26.263513,29.353674
adults_25_64,equal_adults_18plus,person,raw,china_born,social_security,628,1512979.429194,539.562380,155.197567,-1264.886869,156.165551
adults_25_64,equal_adults_18plus,person,raw,china_born,state_after_credits,628,1512979.429194,4410.152203,551.584267,1844.275576,552.815120
adults_25_64,equal_adults_18plus,person,raw,china_born,state_local_total,628,1512979.429194,8667.996345,751.710805,3202.233165,752.353406
adults_25_64,equal_adults_18plus,person,raw,china_born_broad,cash_noncash_tax_balance,769,1872200.147549,24214.232332,2202.429100,9805.242329,2213.748334
adults_25_64,equal_adults_18plus,person,raw,china_born_broad,children_5_17,769,1872200.147549,0.264414,0.022011,0.011747,0.022547
adults_25_64,equal_adults_18plus,person,raw,china_born_broad,employer_payroll,769,1872200.147549,5394.915432,258.308525,1103.851063,258.777505
adults_25_64,equal_adults_18plus,person,raw,china_born_broad,extended_balance_after_health,769,1872200.147549,27207.329674,2591.355669,12253.716605,2607.146863
adults_25_64,equal_adults_18plus,person,raw,china_born_broad,extended_balance_after_health_ins,769,1872200.147549,27130.175853,2684.163300,11597.975769,2701.096391
adults_25_64,equal_adults_18plus,person,raw,china_born_broad,extended_balance_base,769,1872200.147549,29655.672481,2593.668146,11556.413104,2609.071642
adults_25_64,equal_adults_18plus,person,raw,china_born_broad,extended_balance_flat090,769,1872200.147549,29121.895272,2598.243913,11446.968039,2614.071180
adults_25_64,equal_adults_18plus,person,raw,china_born_broad,extended_balance_renter,769,1872200.147549,30210.480167,2588.565235,11764.657674,2603.972810
adults_25_64,equal_adults_18plus,person,raw,china_born_broad,extended_balance_sales_itep,769,1872200.147549,30413.335456,2601.498932,11402.061691,2617.574973
adults_25_64,equal_adults_18plus,person,raw,china_born_broad,federal_after_refundable,769,1872200.147549,15435.525541,1555.178002,5365.738500,1565.905866
adults_25_64,equal_adults_18plus,person,raw,china_born_broad,health_age_birth,769,1872200.147549,2448.342807,72.648605,-697.303501,71.871501
adults_25_64,equal_adults_18plus,person,raw,china_born_broad,health_age_birth_ins,769,1872200.147549,2525.496628,236.092028,-41.562665,235.649858
adults_25_64,equal_adults_18plus,person,raw,china_born_broad,k12_charged,769,1872200.147549,4403.588211,355.664900,902.906662,362.938127
adults_25_64,equal_adults_18plus,person,raw,china_born_broad,k12_charged_flat090,769,1872200.147549,4937.365420,398.776519,1012.351727,406.931364
adults_25_64,equal_adults_18plus,person,raw,china_born_broad,k12_cost_at_full_attendance,769,1872200.147549,5485.961578,443.085022,1124.835252,452.145960
adults_25_64,equal_adults_18plus,person,raw,china_born_broad,modeled_tax_total,769,1872200.147549,25438.041954,2201.374633,8101.375488,2212.777700
adults_25_64,equal_adults_18plus,person,raw,china_born_broad,payroll,769,1872200.147549,5787.437304,269.670919,1086.434505,271.325651
adults_25_64,equal_adults_18plus,person,raw,china_born_broad,property_tax_owner,769,1872200.147549,2749.292226,163.185926,1132.665124,163.265295
adults_25_64,equal_adults_18plus,person,raw,china_born_broad,property_tax_renter_proxy,769,1872200.147549,554.807686,47.665010,208.244570,47.668456
adults_25_64,equal_adults_18plus,person,raw,china_born_broad,sales_tax_itep,769,1872200.147549,2458.483677,105.245099,263.209837,106.611814
adults_25_64,equal_adults_18plus,person,raw,china_born_broad,sales_tax_share35,769,1872200.147549,1700.820703,95.012019,417.561251,95.672074
adults_25_64,equal_adults_18plus,person,raw,china_born_broad,selected_cash_total,769,1872200.147549,1006.188491,166.216945,-1678.427288,161.854622
adults_25_64,equal_adults_18plus,person,raw,china_born_broad,selected_noncash_total,769,1872200.147549,217.621131,29.350215,-25.439552,30.778780
adults_25_64,equal_adults_18plus,person,raw,china_born_broad,snap,769,1872200.147549,97.365890,23.784966,-36.149044,24.756251
adults_25_64,equal_adults_18plus,person,raw,china_born_broad,social_security,769,1872200.147549,573.639417,137.487696,-1230.809832,139.696943
adults_25_64,equal_adults_18plus,person,raw,china_born_broad,state_after_credits,769,1872200.147549,4215.079109,468.817622,1649.202483,470.371821
adults_25_64,equal_adults_18plus,person,raw,china_born_broad,state_local_total,769,1872200.147549,8665.192038,626.258766,3199.428857,627.196472
adults_25_64,equal_adults_18plus,person,raw,india_born,cash_noncash_tax_balance,1232,3245304.200540,26140.769569,1393.310709,11731.779566,1417.521479
adults_25_64,equal_adults_18plus,person,raw,india_born,children_5_17,1232,3245304.200540,0.263737,0.015010,0.011070,0.015575
adults_25_64,equal_adults_18plus,person,raw,india_born,employer_payroll,1232,3245304.200540,6268.255541,188.346447,1977.191172,190.951191
adults_25_64,equal_adults_18plus,person,raw,india_born,extended_balance_after_health,1232,3245304.200540,30413.755079,1669.070955,15460.142010,1695.407451
adults_25_64,equal_adults_18plus,person,raw,india_born,extended_balance_after_health_ins,1232,3245304.200540,31276.029282,1694.333384,15743.829198,1723.383314
adults_25_64,equal_adults_18plus,person,raw,india_born,extended_balance_base,1232,3245304.200540,32309.867530,1665.171963,14210.608153,1689.938956
adults_25_64,equal_adults_18plus,person,raw,india_born,extended_balance_flat090,1232,3245304.200540,31819.267940,1668.751010,14144.340708,1693.358049
adults_25_64,equal_adults_18plus,person,raw,india_born,extended_balance_renter,1232,3245304.200540,32836.339923,1666.050310,14390.517431,1690.578961
adults_25_64,equal_adults_18plus,person,raw,india_born,extended_balance_sales_itep,1232,3245304.200540,33083.456955,1665.243041,14072.183191,1690.792513
adults_25_64,equal_adults_18plus,person,raw,india_born,federal_after_refundable,1232,3245304.200540,16376.174976,993.519285,6306.387935,1007.272446
adults_25_64,equal_adults_18plus,person,raw,india_born,health_age_birth,1232,3245304.200540,1896.112451,56.337288,-1249.533857,59.158597
adults_25_64,equal_adults_18plus,person,raw,india_born,health_age_birth_ins,1232,3245304.200540,1033.838248,95.302579,-1533.221045,103.505816
adults_25_64,equal_adults_18plus,person,raw,india_born,k12_charged,1232,3245304.200540,4047.378817,239.824522,546.697268,250.795868
adults_25_64,equal_adults_18plus,person,raw,india_born,k12_charged_flat090,1232,3245304.200540,4537.978407,268.894648,612.964714,281.195876
adults_25_64,equal_adults_18plus,person,raw,india_born,k12_cost_at_full_attendance,1232,3245304.200540,5042.198230,298.771832,681.071904,312.439862
adults_25_64,equal_adults_18plus,person,raw,india_born,modeled_tax_total,1232,3245304.200540,26786.794855,1381.358423,9450.128389,1398.087609
adults_25_64,equal_adults_18plus,person,raw,india_born,payroll,1232,3245304.200540,6547.120526,194.722066,1846.117728,197.337700
adults_25_64,equal_adults_18plus,person,raw,india_born,property_tax_owner,1232,3245304.200540,2139.425351,122.263254,522.798249,120.299853
adults_25_64,equal_adults_18plus,person,raw,india_born,property_tax_renter_proxy,1232,3245304.200540,526.472393,33.507562,179.909277,33.812913
adults_25_64,equal_adults_18plus,person,raw,india_born,sales_tax_itep,1232,3245304.200540,2582.385312,68.590041,387.111472,70.497270
adults_25_64,equal_adults_18plus,person,raw,india_born,sales_tax_share35,1232,3245304.200540,1808.795887,69.056823,525.536434,70.112760
adults_25_64,equal_adults_18plus,person,raw,india_born,selected_cash_total,1232,3245304.200540,571.497213,113.309358,-2113.118567,122.254229
adults_25_64,equal_adults_18plus,person,raw,india_born,selected_noncash_total,1232,3245304.200540,74.528073,10.367933,-168.532610,12.083399
adults_25_64,equal_adults_18plus,person,raw,india_born,snap,1232,3245304.200540,15.715023,7.541101,-117.799911,9.487585
adults_25_64,equal_adults_18plus,person,raw,india_born,social_security,1232,3245304.200540,403.052734,99.234645,-1401.396515,109.470121
adults_25_64,equal_adults_18plus,person,raw,india_born,state_after_credits,1232,3245304.200540,3863.499353,287.743241,1297.622726,289.800892
adults_25_64,equal_adults_18plus,person,raw,india_born,state_local_total,1232,3245304.200540,7811.720590,393.583857,2345.957410,395.323076
adults_25_64,equal_adults_18plus,person,raw,india_born_recent_noncit,cash_noncash_tax_balance,362,974649.319403,17717.338920,1399.579917,3308.348916,1381.840490
adults_25_64,equal_adults_18plus,person,raw,india_born_recent_noncit,children_5_17,362,974649.319403,0.183461,0.028474,-0.069206,0.028829
adults_25_64,equal_adults_18plus,person,raw,india_born_recent_noncit,employer_payroll,362,974649.319403,5219.294126,264.350371,928.229757,263.774979
adults_25_64,equal_adults_18plus,person,raw,india_born_recent_noncit,extended_balance_after_health,362,974649.319403,21017.562980,1780.781380,6063.949911,1761.073171
adults_25_64,equal_adults_18plus,person,raw,india_born_recent_noncit,extended_balance_after_health_ins,362,974649.319403,21628.219993,1788.214957,6096.019909,1769.001689
adults_25_64,equal_adults_18plus,person,raw,india_born_recent_noncit,extended_balance_base,362,974649.319403,22122.639206,1775.204534,4023.379829,1755.419739
adults_25_64,equal_adults_18plus,person,raw,india_born_recent_noncit,extended_balance_flat090,362,974649.319403,21773.596249,1787.231993,4098.669016,1767.888825
adults_25_64,equal_adults_18plus,person,raw,india_born_recent_noncit,extended_balance_renter,362,974649.319403,23146.408092,1787.682699,4700.585599,1766.500303
adults_25_64,equal_adults_18plus,person,raw,india_born_recent_noncit,extended_balance_sales_itep,362,974649.319403,22957.241011,1769.252817,3945.967246,1749.641948
adults_25_64,equal_adults_18plus,person,raw,india_born_recent_noncit,federal_after_refundable,362,974649.319403,10348.658956,974.474724,278.871915,968.531690
adults_25_64,equal_adults_18plus,person,raw,india_born_recent_noncit,health_age_birth,362,974649.319403,1105.076226,50.259851,-2040.570082,51.417925
adults_25_64,equal_adults_18plus,person,raw,india_born_recent_noncit,health_age_birth_ins,362,974649.319403,494.419213,74.596015,-2072.640080,84.204427
adults_25_64,equal_adults_18plus,person,raw,india_born_recent_noncit,k12_charged,362,974649.319403,2879.556159,509.920959,-621.125390,517.592006
adults_25_64,equal_adults_18plus,person,raw,india_born_recent_noncit,k12_charged_flat090,362,974649.319403,3228.599116,571.730595,-696.414578,580.331482
adults_25_64,equal_adults_18plus,person,raw,india_born_recent_noncit,k12_cost_at_full_attendance,362,974649.319403,3587.332351,635.256217,-773.793975,644.812758
adults_25_64,equal_adults_18plus,person,raw,india_born_recent_noncit,modeled_tax_total,362,974649.319403,18023.450616,1415.376049,686.784150,1402.429216
adults_25_64,equal_adults_18plus,person,raw,india_born_recent_noncit,payroll,362,974649.319403,5299.361522,269.684445,598.358724,267.362693
adults_25_64,equal_adults_18plus,person,raw,india_born_recent_noncit,property_tax_owner,362,974649.319403,647.878858,100.172298,-968.748243,100.866654
adults_25_64,equal_adults_18plus,person,raw,india_born_recent_noncit,property_tax_renter_proxy,362,974649.319403,1023.768886,64.409652,677.205770,64.444964
adults_25_64,equal_adults_18plus,person,raw,india_born_recent_noncit,sales_tax_itep,362,974649.319403,2252.285265,85.937044,57.011425,85.477980
adults_25_64,equal_adults_18plus,person,raw,india_born_recent_noncit,sales_tax_share35,362,974649.319403,1417.683460,92.343883,134.424008,91.787519
adults_25_64,equal_adults_18plus,person,raw,india_born_recent_noncit,selected_cash_total,362,974649.319403,254.280821,129.853315,-2430.334959,137.681402
adults_25_64,equal_adults_18plus,person,raw,india_born_recent_noncit,selected_noncash_total,362,974649.319403,51.830875,11.752576,-191.229808,13.439728
adults_25_64,equal_adults_18plus,person,raw,india_born_recent_noncit,snap,362,974649.319403,6.397029,3.485526,-127.117904,5.782967
adults_25_64,equal_adults_18plus,person,raw,india_born_recent_noncit,social_security,362,974649.319403,70.427188,54.331468,-1734.022061,68.916715
adults_25_64,equal_adults_18plus,person,raw,india_born_recent_noncit,state_after_credits,362,974649.319403,2375.430138,265.084758,-190.446489,265.654303
adults_25_64,equal_adults_18plus,person,raw,india_born_recent_noncit,state_local_total,362,974649.319403,4440.992456,345.336677,-1024.770724,345.321913
adults_25_64,equal_adults_18plus,person,raw,india_born_settled,cash_noncash_tax_balance,870,2270654.881137,29756.418524,1803.157327,15347.428521,1838.102544
adults_25_64,equal_adults_18plus,person,raw,india_born_settled,children_5_17,870,2270654.881137,0.298194,0.017737,0.045527,0.018110
adults_25_64,equal_adults_18plus,person,raw,india_born_settled,employer_payroll,870,2270654.881137,6718.508698,222.464220,2427.444329,226.295945
adults_25_64,equal_adults_18plus,person,raw,india_born_settled,extended_balance_after_health,870,2270654.881137,34446.949340,2098.103228,19493.336270,2138.582839
adults_25_64,equal_adults_18plus,person,raw,india_born_settled,extended_balance_after_health_ins,870,2270654.881137,35417.226976,2135.572967,19885.026892,2178.961199
adults_25_64,equal_adults_18plus,person,raw,india_born_settled,extended_balance_base,870,2270654.881137,36682.603887,2087.015904,18583.344510,2126.001930
adults_25_64,equal_adults_18plus,person,raw,india_born_settled,extended_balance_flat090,870,2270654.881137,36131.242938,2087.986016,18456.315706,2126.696746
adults_25_64,equal_adults_18plus,person,raw,india_born_settled,extended_balance_renter,870,2270654.881137,36995.618175,2090.063611,18549.795682,2129.079996
adults_25_64,equal_adults_18plus,person,raw,india_born_settled,extended_balance_sales_itep,870,2270654.881137,37430.004535,2090.932874,18418.730771,2130.611677
adults_25_64,equal_adults_18plus,person,raw,india_born_settled,federal_after_refundable,870,2270654.881137,18963.408481,1294.143390,8893.621440,1313.541650
adults_25_64,equal_adults_18plus,person,raw,india_born_settled,health_age_birth,870,2270654.881137,2235.654547,68.350313,-909.991760,71.013040
adults_25_64,equal_adults_18plus,person,raw,india_born_settled,health_age_birth_ins,870,2270654.881137,1265.376911,131.411223,-1301.682382,137.303687
adults_25_64,equal_adults_18plus,person,raw,india_born_settled,k12_charged,870,2270654.881137,4548.651630,281.364264,1047.970081,288.631866
adults_25_64,equal_adults_18plus,person,raw,india_born_settled,k12_charged_flat090,870,2270654.881137,5100.012578,315.469595,1174.998885,323.618133
adults_25_64,equal_adults_18plus,person,raw,india_born_settled,k12_cost_at_full_attendance,870,2270654.881137,5666.680643,350.521772,1305.554317,359.575704
adults_25_64,equal_adults_18plus,person,raw,india_born_settled,modeled_tax_total,870,2270654.881137,30548.347334,1781.306590,13211.680868,1807.551503
adults_25_64,equal_adults_18plus,person,raw,india_born_settled,payroll,870,2270654.881137,7082.704984,231.106841,2381.702186,235.633399
adults_25_64,equal_adults_18plus,person,raw,india_born_settled,property_tax_owner,870,2270654.881137,2779.652444,145.030152,1163.025342,143.190091
adults_25_64,equal_adults_18plus,person,raw,india_born_settled,property_tax_renter_proxy,870,2270654.881137,313.014288,32.126235,-33.548828,32.568202
adults_25_64,equal_adults_18plus,person,raw,india_born_settled,sales_tax_itep,870,2270654.881137,2724.076499,86.771040,528.802659,89.188036
adults_25_64,equal_adults_18plus,person,raw,india_born_settled,sales_tax_share35,870,2270654.881137,1976.675851,82.414814,693.416398,84.043669
adults_25_64,equal_adults_18plus,person,raw,india_born_settled,selected_cash_total,870,2270654.881137,707.658258,148.704093,-1976.957522,155.957235
adults_25_64,equal_adults_18plus,person,raw,india_born_settled,selected_noncash_total,870,2270654.881137,84.270552,13.958487,-158.790131,15.201561
adults_25_64,equal_adults_18plus,person,raw,india_born_settled,snap,870,2270654.881137,19.714651,10.634288,-113.800282,12.303174
adults_25_64,equal_adults_18plus,person,raw,india_born_settled,social_security,870,2270654.881137,545.827959,138.443780,-1258.621290,146.785740
adults_25_64,equal_adults_18plus,person,raw,india_born_settled,state_after_credits,870,2270654.881137,4502.233869,378.028221,1936.357243,380.580187
adults_25_64,equal_adults_18plus,person,raw,india_born_settled,state_local_total,870,2270654.881137,9258.562164,503.404676,3792.798983,506.887399
adults_25_64,equal_adults_18plus,person,raw,india_second_gen,cash_noncash_tax_balance,209,491965.625932,35348.993043,4787.794668,20940.003040,4819.766739
adults_25_64,equal_adults_18plus,person,raw,india_second_gen,children_5_17,209,491965.625932,0.184625,0.035762,-0.068042,0.036171
adults_25_64,equal_adults_18plus,person,raw,india_second_gen,employer_payroll,209,491965.625932,6612.608205,347.979670,2321.543836,350.802001
adults_25_64,equal_adults_18plus,person,raw,india_second_gen,extended_balance_after_health,209,491965.625932,42043.855699,5281.186820,27090.242630,5317.121809
adults_25_64,equal_adults_18plus,person,raw,india_second_gen,extended_balance_after_health_ins,209,491965.625932,43231.917207,5309.575910,27699.717123,5344.214740
adults_25_64,equal_adults_18plus,person,raw,india_second_gen,extended_balance_base,209,491965.625932,44644.378189,5295.861336,26545.118812,5331.853660
adults_25_64,equal_adults_18plus,person,raw,india_second_gen,extended_balance_flat090,209,491965.625932,44280.523931,5288.713523,26605.596698,5324.999874
adults_25_64,equal_adults_18plus,person,raw,india_second_gen,extended_balance_renter,209,491965.625932,45122.486847,5302.006808,26676.664354,5337.791045
adults_25_64,equal_adults_18plus,person,raw,india_second_gen,extended_balance_sales_itep,209,491965.625932,45543.209749,5307.149120,26531.935985,5343.517866
adults_25_64,equal_adults_18plus,person,raw,india_second_gen,federal_after_refundable,209,491965.625932,23029.661758,3532.222990,12959.874717,3558.139087
adults_25_64,equal_adults_18plus,person,raw,india_second_gen,health_age_birth,209,491965.625932,2600.522490,136.711644,-545.123818,136.815432
adults_25_64,equal_adults_18plus,person,raw,india_second_gen,health_age_birth_ins,209,491965.625932,1412.460982,171.135409,-1154.598311,171.773944
adults_25_64,equal_adults_18plus,person,raw,india_second_gen,k12_charged,209,491965.625932,3001.747346,596.570992,-498.934203,604.999695
adults_25_64,equal_adults_18plus,person,raw,india_second_gen,k12_charged_flat090,209,491965.625932,3365.601604,668.883838,-559.412089,678.334220
adults_25_64,equal_adults_18plus,person,raw,india_second_gen,k12_cost_at_full_attendance,209,491965.625932,3739.557338,743.204265,-621.568988,753.704689
adults_25_64,equal_adults_18plus,person,raw,india_second_gen,modeled_tax_total,209,491965.625932,36486.859430,4710.549358,19150.192964,4740.902615
adults_25_64,equal_adults_18plus,person,raw,india_second_gen,payroll,209,491965.625932,7062.207054,401.526423,2361.204256,404.521606
adults_25_64,equal_adults_18plus,person,raw,india_second_gen,property_tax_owner,209,491965.625932,3611.385287,438.634523,1994.758185,436.415381
adults_25_64,equal_adults_18plus,person,raw,india_second_gen,property_tax_renter_proxy,209,491965.625932,478.108658,76.808921,131.545542,76.934165
adults_25_64,equal_adults_18plus,person,raw,india_second_gen,sales_tax_itep,209,491965.625932,2971.970561,205.502922,776.696721,206.436160
adults_25_64,equal_adults_18plus,person,raw,india_second_gen,sales_tax_share35,209,491965.625932,2073.139000,191.034218,789.879548,191.808043
adults_25_64,equal_adults_18plus,person,raw,india_second_gen,selected_cash_total,209,491965.625932,1100.433139,319.005691,-1584.182641,315.711099
adults_25_64,equal_adults_18plus,person,raw,india_second_gen,selected_noncash_total,209,491965.625932,37.433248,14.072648,-205.627435,15.524073
adults_25_64,equal_adults_18plus,person,raw,india_second_gen,snap,209,491965.625932,9.916969,8.947368,-123.597965,10.403616
adults_25_64,equal_adults_18plus,person,raw,india_second_gen,social_security,209,491965.625932,839.873272,289.024112,-964.575977,284.280350
adults_25_64,equal_adults_18plus,person,raw,india_second_gen,state_after_credits,209,491965.625932,6394.990618,981.879984,3829.113991,983.000289
adults_25_64,equal_adults_18plus,person,raw,india_second_gen,state_local_total,209,491965.625932,12079.514905,1370.643856,6613.751724,1368.944453
adults_25_64,equal_adults_18plus,person,raw,mexican_second_gen,cash_noncash_tax_balance,2452,5614636.312903,6783.923269,382.070917,-7625.066734,462.439069
adults_25_64,equal_adults_18plus,person,raw,mexican_second_gen,children_5_17,2452,5614636.312903,0.320071,0.014177,0.067404,0.014588
adults_25_64,equal_adults_18plus,person,raw,mexican_second_gen,employer_payroll,2452,5614636.312903,3214.563110,60.513627,-1076.501259,64.363525
adults_25_64,equal_adults_18plus,person,raw,mexican_second_gen,extended_balance_after_health,2452,5614636.312903,4569.861505,529.010026,-10383.751564,601.624856
adults_25_64,equal_adults_18plus,person,raw,mexican_second_gen,extended_balance_after_health_ins,2452,5614636.312903,4247.461497,557.992037,-11284.738587,627.168657
adults_25_64,equal_adults_18plus,person,raw,mexican_second_gen,extended_balance_base,2452,5614636.312903,7465.999915,515.183874,-10633.259462,587.241243
adults_25_64,equal_adults_18plus,person,raw,mexican_second_gen,extended_balance_flat090,2452,5614636.312903,6920.371761,527.156215,-10754.555472,597.601145
adults_25_64,equal_adults_18plus,person,raw,mexican_second_gen,extended_balance_renter,2452,5614636.312903,8065.741928,513.857640,-10380.080565,586.149978
adults_25_64,equal_adults_18plus,person,raw,mexican_second_gen,extended_balance_sales_itep,2452,5614636.312903,8114.334166,515.887027,-10896.939598,588.173229
adults_25_64,equal_adults_18plus,person,raw,mexican_second_gen,federal_after_refundable,2452,5614636.312903,4390.531122,273.944423,-5679.255919,326.808494
adults_25_64,equal_adults_18plus,person,raw,mexican_second_gen,health_age_birth,2452,5614636.312903,2896.138410,43.589059,-249.507898,45.309889
adults_25_64,equal_adults_18plus,person,raw,mexican_second_gen,health_age_birth_ins,2452,5614636.312903,3218.538418,100.183324,651.479125,105.735666
adults_25_64,equal_adults_18plus,person,raw,mexican_second_gen,k12_charged,2452,5614636.312903,4501.356868,212.772219,1000.675319,221.581501
adults_25_64,equal_adults_18plus,person,raw,mexican_second_gen,k12_charged_flat090,2452,5614636.312903,5046.985022,238.563223,1121.971329,248.440315
adults_25_64,equal_adults_18plus,person,raw,mexican_second_gen,k12_cost_at_full_attendance,2452,5614636.312903,5607.761135,265.070247,1246.634810,276.044794
adults_25_64,equal_adults_18plus,person,raw,mexican_second_gen,modeled_tax_total,2452,5614636.312903,8997.052252,367.287479,-8339.614213,437.329975
adults_25_64,equal_adults_18plus,person,raw,mexican_second_gen,payroll,2452,5614636.312903,3450.689027,65.279464,-1250.313771,71.934365
adults_25_64,equal_adults_18plus,person,raw,mexican_second_gen,property_tax_owner,2452,5614636.312903,963.519058,36.046488,-653.108044,40.481847
adults_25_64,equal_adults_18plus,person,raw,mexican_second_gen,property_tax_renter_proxy,2452,5614636.312903,599.742013,24.719087,253.178897,24.256656
adults_25_64,equal_adults_18plus,person,raw,mexican_second_gen,sales_tax_itep,2452,5614636.312903,1653.685597,25.731745,-541.588243,27.797859
adults_25_64,equal_adults_18plus,person,raw,mexican_second_gen,sales_tax_share35,2452,5614636.312903,1005.351346,20.555150,-277.908106,22.634992
adults_25_64,equal_adults_18plus,person,raw,mexican_second_gen,selected_cash_total,2452,5614636.312903,1732.828550,116.168369,-951.787230,132.157524
adults_25_64,equal_adults_18plus,person,raw,mexican_second_gen,selected_noncash_total,2452,5614636.312903,480.300433,31.181333,237.239751,32.611038
adults_25_64,equal_adults_18plus,person,raw,mexican_second_gen,snap,2452,5614636.312903,257.210389,25.013646,123.695455,26.375616
adults_25_64,equal_adults_18plus,person,raw,mexican_second_gen,social_security,2452,5614636.312903,963.850374,78.551862,-840.598875,95.502307
adults_25_64,equal_adults_18plus,person,raw,mexican_second_gen,state_after_credits,2452,5614636.312903,1155.832103,66.791327,-1410.044523,80.276270
adults_25_64,equal_adults_18plus,person,raw,mexican_second_gen,state_local_total,2452,5614636.312903,3124.702507,99.662213,-2341.060674,117.002433
adults_25_64,equal_adults_18plus,person,raw,mexico_born,cash_noncash_tax_balance,4318,9446562.935127,4022.544466,250.749524,-10386.445537,384.277991
adults_25_64,equal_adults_18plus,person,raw,mexico_born,children_5_17,4318,9446562.935127,0.334095,0.010734,0.081428,0.011298
adults_25_64,equal_adults_18plus,person,raw,mexico_born,employer_payroll,4318,9446562.935127,2362.425676,40.598877,-1928.638693,50.116427
adults_25_64,equal_adults_18plus,person,raw,mexico_born,extended_balance_after_health,4318,9446562.935127,777.791564,362.288769,-14175.821505,482.303030
adults_25_64,equal_adults_18plus,person,raw,mexico_born,extended_balance_after_health_ins,4318,9446562.935127,291.379431,405.315222,-15240.820652,518.371288
adults_25_64,equal_adults_18plus,person,raw,mexico_born,extended_balance_base,4318,9446562.935127,3154.373627,353.863815,-14944.885750,474.517826
adults_25_64,equal_adults_18plus,person,raw,mexico_born,extended_balance_flat090,4318,9446562.935127,2593.431076,364.821298,-15081.496156,481.554139
adults_25_64,equal_adults_18plus,person,raw,mexico_born,extended_balance_renter,4318,9446562.935127,3776.045968,349.710993,-14669.776525,470.848335
adults_25_64,equal_adults_18plus,person,raw,mexico_born,extended_balance_sales_itep,4318,9446562.935127,3786.034083,354.433562,-15225.239681,475.359725
adults_25_64,equal_adults_18plus,person,raw,mexico_born,federal_after_refundable,4318,9446562.935127,2148.024996,169.009575,-7921.762045,270.503783
adults_25_64,equal_adults_18plus,person,raw,mexico_born,health_age_birth,4318,9446562.935127,2376.582063,30.429193,-769.064244,32.486875
adults_25_64,equal_adults_18plus,person,raw,mexico_born,health_age_birth_ins,4318,9446562.935127,2862.994196,94.516819,295.934903,96.795310
adults_25_64,equal_adults_18plus,person,raw,mexico_born,k12_charged,4318,9446562.935127,4627.698526,155.880287,1127.016977,168.938448
adults_25_64,equal_adults_18plus,person,raw,mexico_born,k12_charged_flat090,4318,9446562.935127,5188.641077,174.775183,1263.627384,189.416179
adults_25_64,equal_adults_18plus,person,raw,mexico_born,k12_cost_at_full_attendance,4318,9446562.935127,5765.156752,194.194648,1404.030427,210.462421
adults_25_64,equal_adults_18plus,person,raw,mexico_born,modeled_tax_total,4318,9446562.935127,5519.278665,234.528512,-11817.387801,366.752389
adults_25_64,equal_adults_18plus,person,raw,mexico_born,payroll,4318,9446562.935127,2681.161373,43.848242,-2019.841425,57.090938
adults_25_64,equal_adults_18plus,person,raw,mexico_born,property_tax_owner,4318,9446562.935127,647.687026,26.983447,-968.940075,31.115371
adults_25_64,equal_adults_18plus,person,raw,mexico_born,property_tax_renter_proxy,4318,9446562.935127,621.672341,16.480620,275.109225,16.958205
adults_25_64,equal_adults_18plus,person,raw,mexico_born,sales_tax_itep,4318,9446562.935127,1381.075442,15.812889,-814.198398,21.097309
adults_25_64,equal_adults_18plus,person,raw,mexico_born,sales_tax_share35,4318,9446562.935127,749.414986,12.529762,-533.844467,17.556895
adults_25_64,equal_adults_18plus,person,raw,mexico_born,selected_cash_total,4318,9446562.935127,1045.609582,73.874211,-1639.006198,95.380218
adults_25_64,equal_adults_18plus,person,raw,mexico_born,selected_noncash_total,4318,9446562.935127,451.124617,22.000305,208.063934,22.669071
adults_25_64,equal_adults_18plus,person,raw,mexico_born,snap,4318,9446562.935127,203.281547,16.875442,69.766614,17.751359
adults_25_64,equal_adults_18plus,person,raw,mexico_born,social_security,4318,9446562.935127,729.200775,60.300782,-1075.248474,77.781089
adults_25_64,equal_adults_18plus,person,raw,mexico_born,state_after_credits,4318,9446562.935127,690.092296,40.700066,-1875.784330,61.261727
adults_25_64,equal_adults_18plus,person,raw,mexico_born,state_local_total,4318,9446562.935127,2087.194308,59.292243,-3378.568872,89.414992
adults_25_64,equal_adults_18plus,person,raw,third_plus_nh_white,cash_noncash_tax_balance,36287,87647853.345835,14408.990003,286.303495,0.000000,0.000000
adults_25_64,equal_adults_18plus,person,raw,third_plus_nh_white,children_5_17,36287,87647853.345835,0.252667,0.003406,0.000000,0.000000
adults_25_64,equal_adults_18plus,person,raw,third_plus_nh_white,employer_payroll,36287,87647853.345835,4291.064369,30.073938,0.000000,0.000000
adults_25_64,equal_adults_18plus,person,raw,third_plus_nh_white,extended_balance_after_health,36287,87647853.345835,14953.613069,337.389341,0.000000,0.000000
adults_25_64,equal_adults_18plus,person,raw,third_plus_nh_white,extended_balance_after_health_ins,36287,87647853.345835,15532.200084,346.766672,0.000000,0.000000
adults_25_64,equal_adults_18plus,person,raw,third_plus_nh_white,extended_balance_base,36287,87647853.345835,18099.259377,333.263522,0.000000,0.000000
adults_25_64,equal_adults_18plus,person,raw,third_plus_nh_white,extended_balance_flat090,36287,87647853.345835,17674.927233,334.408943,0.000000,0.000000
adults_25_64,equal_adults_18plus,person,raw,third_plus_nh_white,extended_balance_renter,36287,87647853.345835,18445.822493,333.276831,0.000000,0.000000
adults_25_64,equal_adults_18plus,person,raw,third_plus_nh_white,extended_balance_sales_itep,36287,87647853.345835,19011.273764,334.680893,0.000000,0.000000
adults_25_64,equal_adults_18plus,person,raw,third_plus_nh_white,federal_after_refundable,36287,87647853.345835,10069.787041,206.538656,0.000000,0.000000
adults_25_64,equal_adults_18plus,person,raw,third_plus_nh_white,health_age_birth,36287,87647853.345835,3145.646308,12.231952,0.000000,0.000000
adults_25_64,equal_adults_18plus,person,raw,third_plus_nh_white,health_age_birth_ins,36287,87647853.345835,2567.059293,31.395469,0.000000,0.000000
adults_25_64,equal_adults_18plus,person,raw,third_plus_nh_white,k12_charged,36287,87647853.345835,3500.681549,55.855099,0.000000,0.000000
adults_25_64,equal_adults_18plus,person,raw,third_plus_nh_white,k12_charged_flat090,36287,87647853.345835,3925.013693,62.625528,0.000000,0.000000
adults_25_64,equal_adults_18plus,person,raw,third_plus_nh_white,k12_cost_at_full_attendance,36287,87647853.345835,4361.126326,69.583920,0.000000,0.000000
adults_25_64,equal_adults_18plus,person,raw,third_plus_nh_white,modeled_tax_total,36287,87647853.345835,17336.666466,271.872410,0.000000,0.000000
adults_25_64,equal_adults_18plus,person,raw,third_plus_nh_white,payroll,36287,87647853.345835,4701.002798,33.992698,0.000000,0.000000
adults_25_64,equal_adults_18plus,person,raw,third_plus_nh_white,property_tax_owner,36287,87647853.345835,1616.627102,17.952180,0.000000,0.000000
adults_25_64,equal_adults_18plus,person,raw,third_plus_nh_white,property_tax_renter_proxy,36287,87647853.345835,346.563116,5.958810,0.000000,0.000000
adults_25_64,equal_adults_18plus,person,raw,third_plus_nh_white,sales_tax_itep,36287,87647853.345835,2195.273840,13.520555,0.000000,0.000000
adults_25_64,equal_adults_18plus,person,raw,third_plus_nh_white,sales_tax_share35,36287,87647853.345835,1283.259452,11.723270,0.000000,0.000000
adults_25_64,equal_adults_18plus,person,raw,third_plus_nh_white,selected_cash_total,36287,87647853.345835,2684.615780,51.047707,0.000000,0.000000
adults_25_64,equal_adults_18plus,person,raw,third_plus_nh_white,selected_noncash_total,36287,87647853.345835,243.060683,6.148586,0.000000,0.000000
adults_25_64,equal_adults_18plus,person,raw,third_plus_nh_white,snap,36287,87647853.345835,133.514934,5.243049,0.000000,0.000000
adults_25_64,equal_adults_18plus,person,raw,third_plus_nh_white,social_security,36287,87647853.345835,1804.449249,43.037255,0.000000,0.000000
adults_25_64,equal_adults_18plus,person,raw,third_plus_nh_white,state_after_credits,36287,87647853.345835,2565.876627,43.914187,0.000000,0.000000
adults_25_64,equal_adults_18plus,person,raw,third_plus_nh_white,state_local_total,36287,87647853.345835,5465.763181,62.525850,0.000000,0.000000
adults_25_64,equal_adults_18plus,resource_unit_head,raw,all_foreign_born,cash_noncash_tax_balance,15203,36501324.130126,11817.423239,322.668415,-2859.033282,438.641136
adults_25_64,equal_adults_18plus,resource_unit_head,raw,all_foreign_born,children_5_17,15203,36501324.130126,0.302583,0.004765,0.046609,0.006091
adults_25_64,equal_adults_18plus,resource_unit_head,raw,all_foreign_born,employer_payroll,15203,36501324.130126,3681.349420,41.009255,-650.383030,50.527366
adults_25_64,equal_adults_18plus,resource_unit_head,raw,all_foreign_born,extended_balance_after_health,15203,36501324.130126,11011.120088,391.487968,-4257.676633,526.269587
adults_25_64,equal_adults_18plus,resource_unit_head,raw,all_foreign_born,extended_balance_after_health_ins,15203,36501324.130126,10972.150319,405.482334,-4896.261872,540.493099
adults_25_64,equal_adults_18plus,resource_unit_head,raw,all_foreign_born,extended_balance_base,15203,36501324.130126,13333.826465,390.404905,-5040.492059,523.934753
adults_25_64,equal_adults_18plus,resource_unit_head,raw,all_foreign_born,extended_balance_flat090,15203,36501324.130126,12783.106423,392.220356,-5161.238766,526.314547
adults_25_64,equal_adults_18plus,resource_unit_head,raw,all_foreign_born,extended_balance_renter,15203,36501324.130126,13980.680581,388.469129,-4744.276722,521.940049
adults_25_64,equal_adults_18plus,resource_unit_head,raw,all_foreign_born,extended_balance_sales_itep,15203,36501324.130126,14078.574711,391.538874,-5212.886453,525.958914
adults_25_64,equal_adults_18plus,resource_unit_head,raw,all_foreign_born,federal_after_refundable,15203,36501324.130126,7367.341284,226.953021,-2796.071480,321.454551
adults_25_64,equal_adults_18plus,resource_unit_head,raw,all_foreign_born,health_age_birth,15203,36501324.130126,2322.706377,16.295264,-782.815426,19.681719
adults_25_64,equal_adults_18plus,resource_unit_head,raw,all_foreign_born,health_age_birth_ins,15203,36501324.130126,2361.676146,37.865292,-144.230187,46.021480
adults_25_64,equal_adults_18plus,resource_unit_head,raw,all_foreign_born,k12_charged,15203,36501324.130126,4543.364239,80.140461,996.143648,102.323588
adults_25_64,equal_adults_18plus,resource_unit_head,raw,all_foreign_born,k12_charged_flat090,15203,36501324.130126,5094.084280,89.854619,1116.890355,114.726655
adults_25_64,equal_adults_18plus,resource_unit_head,raw,all_foreign_born,k12_cost_at_full_attendance,15203,36501324.130126,5660.093645,99.838466,1240.989284,127.474062
adults_25_64,equal_adults_18plus,resource_unit_head,raw,all_foreign_born,modeled_tax_total,15203,36501324.130126,13429.455310,313.199023,-4070.974186,429.402006
adults_25_64,equal_adults_18plus,resource_unit_head,raw,all_foreign_born,payroll,15203,36501324.130126,4036.420124,44.998889,-708.163929,55.601069
adults_25_64,equal_adults_18plus,resource_unit_head,raw,all_foreign_born,property_tax_owner,15203,36501324.130126,1268.182514,30.055400,-353.810749,33.642508
adults_25_64,equal_adults_18plus,resource_unit_head,raw,all_foreign_born,property_tax_renter_proxy,15203,36501324.130126,646.854116,10.298079,296.215337,11.710817
adults_25_64,equal_adults_18plus,resource_unit_head,raw,all_foreign_born,sales_tax_itep,15203,36501324.130126,1854.983777,16.202102,-353.515744,21.711270
adults_25_64,equal_adults_18plus,resource_unit_head,raw,all_foreign_born,sales_tax_share35,15203,36501324.130126,1110.235531,14.407242,-181.121350,18.982926
adults_25_64,equal_adults_18plus,resource_unit_head,raw,all_foreign_born,selected_cash_total,15203,36501324.130126,1261.356486,47.393493,-1318.556519,64.467708
adults_25_64,equal_adults_18plus,resource_unit_head,raw,all_foreign_born,selected_noncash_total,15203,36501324.130126,350.675585,9.829635,106.615615,11.491246
adults_25_64,equal_adults_18plus,resource_unit_head,raw,all_foreign_born,snap,15203,36501324.130126,173.114435,8.070438,39.770401,9.682854
adults_25_64,equal_adults_18plus,resource_unit_head,raw,all_foreign_born,social_security,15203,36501324.130126,795.246912,34.840760,-907.843019,51.489504
adults_25_64,equal_adults_18plus,resource_unit_head,raw,all_foreign_born,state_after_credits,15203,36501324.130126,2025.693901,61.098538,-566.738777,77.067896
adults_25_64,equal_adults_18plus,resource_unit_head,raw,all_foreign_born,state_local_total,15203,36501324.130126,4404.111946,88.152945,-1101.670876,110.088920
adults_25_64,equal_adults_18plus,resource_unit_head,raw,all_native,cash_noncash_tax_balance,55652,131181477.253553,13033.039604,219.079994,-1643.416916,122.023259
adults_25_64,equal_adults_18plus,resource_unit_head,raw,all_native,children_5_17,55652,131181477.253553,0.263922,0.003113,0.007948,0.002024
adults_25_64,equal_adults_18plus,resource_unit_head,raw,all_native,employer_payroll,55652,131181477.253553,4110.613572,22.793515,-221.118878,13.894900
adults_25_64,equal_adults_18plus,resource_unit_head,raw,all_native,extended_balance_after_health,55652,131181477.253553,13089.940875,266.159716,-2178.855846,145.355630
adults_25_64,equal_adults_18plus,resource_unit_head,raw,all_native,extended_balance_after_health_ins,55652,131181477.253553,13388.358990,274.218464,-2480.053201,150.402970
adults_25_64,equal_adults_18plus,resource_unit_head,raw,all_native,extended_balance_base,55652,131181477.253553,16150.627604,263.543672,-2223.690920,143.982162
adults_25_64,equal_adults_18plus,resource_unit_head,raw,all_native,extended_balance_flat090,55652,131181477.253553,15703.327090,265.578839,-2241.018100,144.820524
adults_25_64,equal_adults_18plus,resource_unit_head,raw,all_native,extended_balance_renter,55652,131181477.253553,16621.903871,263.194460,-2103.053432,143.884189
adults_25_64,equal_adults_18plus,resource_unit_head,raw,all_native,extended_balance_sales_itep,55652,131181477.253553,17042.040679,264.462243,-2249.420485,144.567138
adults_25_64,equal_adults_18plus,resource_unit_head,raw,all_native,federal_after_refundable,55652,131181477.253553,9121.293048,161.558893,-1042.119716,90.413805
adults_25_64,equal_adults_18plus,resource_unit_head,raw,all_native,health_age_birth,55652,131181477.253553,3060.686729,8.847127,-44.835074,5.863910
adults_25_64,equal_adults_18plus,resource_unit_head,raw,all_native,health_age_birth_ins,55652,131181477.253553,2762.268614,24.118897,256.362281,17.111829
adults_25_64,equal_adults_18plus,resource_unit_head,raw,all_native,k12_charged,55652,131181477.253553,3690.167427,49.226940,142.946837,32.277366
adults_25_64,equal_adults_18plus,resource_unit_head,raw,all_native,k12_charged_flat090,55652,131181477.253553,4137.467941,55.193942,160.274016,36.189840
adults_25_64,equal_adults_18plus,resource_unit_head,raw,all_native,k12_cost_at_full_attendance,55652,131181477.253553,4597.186601,61.326602,178.082240,40.210933
adults_25_64,equal_adults_18plus,resource_unit_head,raw,all_native,modeled_tax_total,55652,131181477.253553,15955.270569,211.052829,-1545.158927,119.549488
adults_25_64,equal_adults_18plus,resource_unit_head,raw,all_native,payroll,55652,131181477.253553,4475.395206,25.507436,-269.188848,15.536618
adults_25_64,equal_adults_18plus,resource_unit_head,raw,all_native,property_tax_owner,55652,131181477.253553,1463.994101,13.577127,-157.999161,9.006078
adults_25_64,equal_adults_18plus,resource_unit_head,raw,all_native,property_tax_renter_proxy,55652,131181477.253553,471.276268,5.584389,120.637489,3.908944
adults_25_64,equal_adults_18plus,resource_unit_head,raw,all_native,sales_tax_itep,55652,131181477.253553,2124.560829,10.423950,-83.938692,6.181960
adults_25_64,equal_adults_18plus,resource_unit_head,raw,all_native,sales_tax_share35,55652,131181477.253553,1233.147754,9.007212,-58.209127,5.332248
adults_25_64,equal_adults_18plus,resource_unit_head,raw,all_native,selected_cash_total,55652,131181477.253553,2591.424122,35.802773,11.511117,24.871524
adults_25_64,equal_adults_18plus,resource_unit_head,raw,all_native,selected_noncash_total,55652,131181477.253553,330.806843,6.920122,86.746873,5.366824
adults_25_64,equal_adults_18plus,resource_unit_head,raw,all_native,snap,55652,131181477.253553,193.876248,5.452212,60.532214,4.366569
adults_25_64,equal_adults_18plus,resource_unit_head,raw,all_native,social_security,55652,131181477.253553,1640.324117,28.309530,-62.765814,18.421305
adults_25_64,equal_adults_18plus,resource_unit_head,raw,all_native,state_after_credits,55652,131181477.253553,2358.582315,34.083748,-233.850363,21.427216
adults_25_64,equal_adults_18plus,resource_unit_head,raw,all_native,state_local_total,55652,131181477.253553,5055.724170,48.566846,-450.058652,29.897868
adults_25_64,equal_adults_18plus,resource_unit_head,raw,asian_indian_native_selfid,cash_noncash_tax_balance,258,635110.400557,30544.527437,3148.185910,15868.070916,3187.962144
adults_25_64,equal_adults_18plus,resource_unit_head,raw,asian_indian_native_selfid,children_5_17,258,635110.400557,0.205852,0.031506,-0.050123,0.032028
adults_25_64,equal_adults_18plus,resource_unit_head,raw,asian_indian_native_selfid,employer_payroll,258,635110.400557,6310.319568,317.110167,1978.587118,322.691414
adults_25_64,equal_adults_18plus,resource_unit_head,raw,asian_indian_native_selfid,extended_balance_after_health,258,635110.400557,35942.099316,3629.521955,20673.302595,3682.167906
adults_25_64,equal_adults_18plus,resource_unit_head,raw,asian_indian_native_selfid,extended_balance_after_health_ins,258,635110.400557,36850.705543,3677.477463,20982.293352,3728.312722
adults_25_64,equal_adults_18plus,resource_unit_head,raw,asian_indian_native_selfid,extended_balance_base,258,635110.400557,38494.287204,3614.975177,20119.968680,3668.040874
adults_25_64,equal_adults_18plus,resource_unit_head,raw,asian_indian_native_selfid,extended_balance_flat090,258,635110.400557,38090.373893,3617.520294,20146.028703,3671.210102
adults_25_64,equal_adults_18plus,resource_unit_head,raw,asian_indian_native_selfid,extended_balance_renter,258,635110.400557,38969.375135,3625.062436,20244.417832,3677.834142
adults_25_64,equal_adults_18plus,resource_unit_head,raw,asian_indian_native_selfid,extended_balance_sales_itep,258,635110.400557,39296.929391,3623.713224,20005.468227,3676.848068
adults_25_64,equal_adults_18plus,resource_unit_head,raw,asian_indian_native_selfid,federal_after_refundable,258,635110.400557,19471.384933,2360.828293,9307.972169,2388.220203
adults_25_64,equal_adults_18plus,resource_unit_head,raw,asian_indian_native_selfid,health_age_birth,258,635110.400557,2552.187888,121.410670,-553.333915,121.675722
adults_25_64,equal_adults_18plus,resource_unit_head,raw,asian_indian_native_selfid,health_age_birth_ins,258,635110.400557,1643.581661,197.830133,-862.324672,196.950935
adults_25_64,equal_adults_18plus,resource_unit_head,raw,asian_indian_native_selfid,k12_charged,258,635110.400557,3332.229002,524.048149,-214.991588,533.053512
adults_25_64,equal_adults_18plus,resource_unit_head,raw,asian_indian_native_selfid,k12_charged_flat090,258,635110.400557,3736.142314,587.570201,-241.051611,597.667141
adults_25_64,equal_adults_18plus,resource_unit_head,raw,asian_indian_native_selfid,k12_cost_at_full_attendance,258,635110.400557,4151.269237,652.855779,-267.835124,664.074601
adults_25_64,equal_adults_18plus,resource_unit_head,raw,asian_indian_native_selfid,modeled_tax_total,258,635110.400557,31417.492458,3092.870125,13917.062962,3131.856900
adults_25_64,equal_adults_18plus,resource_unit_head,raw,asian_indian_native_selfid,payroll,258,635110.400557,6630.247583,344.913522,1885.663530,351.265414
adults_25_64,equal_adults_18plus,resource_unit_head,raw,asian_indian_native_selfid,property_tax_owner,258,635110.400557,3043.160999,368.527489,1421.167737,368.499497
adults_25_64,equal_adults_18plus,resource_unit_head,raw,asian_indian_native_selfid,property_tax_renter_proxy,258,635110.400557,475.087930,71.948297,124.449151,71.947298
adults_25_64,equal_adults_18plus,resource_unit_head,raw,asian_indian_native_selfid,sales_tax_itep,258,635110.400557,2731.150389,152.483747,522.650869,153.411809
adults_25_64,equal_adults_18plus,resource_unit_head,raw,asian_indian_native_selfid,sales_tax_share35,258,635110.400557,1928.508203,141.065615,637.151321,142.027271
adults_25_64,equal_adults_18plus,resource_unit_head,raw,asian_indian_native_selfid,selected_cash_total,258,635110.400557,797.339008,256.266870,-1782.573997,261.210228
adults_25_64,equal_adults_18plus,resource_unit_head,raw,asian_indian_native_selfid,selected_noncash_total,258,635110.400557,75.626013,19.397339,-168.433957,19.507344
adults_25_64,equal_adults_18plus,resource_unit_head,raw,asian_indian_native_selfid,snap,258,635110.400557,31.732851,14.924923,-101.611183,15.318557
adults_25_64,equal_adults_18plus,resource_unit_head,raw,asian_indian_native_selfid,social_security,258,635110.400557,618.152777,243.037968,-1084.937154,242.310247
adults_25_64,equal_adults_18plus,resource_unit_head,raw,asian_indian_native_selfid,state_after_credits,258,635110.400557,5315.859942,560.125344,2723.427263,567.420546
adults_25_64,equal_adults_18plus,resource_unit_head,raw,asian_indian_native_selfid,state_local_total,258,635110.400557,10287.529143,837.515834,4781.746321,846.437898
adults_25_64,equal_adults_18plus,resource_unit_head,raw,china_born,cash_noncash_tax_balance,628,1514489.459777,23525.816064,2470.494609,8849.359543,2479.353511
adults_25_64,equal_adults_18plus,resource_unit_head,raw,china_born,children_5_17,628,1514489.459777,0.272230,0.025926,0.016255,0.026426
adults_25_64,equal_adults_18plus,resource_unit_head,raw,china_born,employer_payroll,628,1514489.459777,5257.430139,293.168494,925.697688,292.467782
adults_25_64,equal_adults_18plus,resource_unit_head,raw,china_born,extended_balance_after_health,628,1514489.459777,26056.505573,2923.263609,10787.708852,2935.584343
adults_25_64,equal_adults_18plus,resource_unit_head,raw,china_born,extended_balance_after_health_ins,628,1514489.459777,25650.583834,3033.132799,9782.171642,3045.021737
adults_25_64,equal_adults_18plus,resource_unit_head,raw,china_born,extended_balance_base,628,1514489.459777,28423.800053,2923.924004,10049.481529,2935.935361
adults_25_64,equal_adults_18plus,resource_unit_head,raw,china_born,extended_balance_flat090,628,1514489.459777,27865.861595,2929.165148,9921.516405,2941.758230
adults_25_64,equal_adults_18plus,resource_unit_head,raw,china_born,extended_balance_renter,628,1514489.459777,29018.805862,2916.509961,10293.848559,2928.584917
adults_25_64,equal_adults_18plus,resource_unit_head,raw,china_born,extended_balance_sales_itep,628,1514489.459777,29198.059815,2932.865029,9906.598652,2945.509367
adults_25_64,equal_adults_18plus,resource_unit_head,raw,china_born,federal_after_refundable,628,1514489.459777,14620.475456,1694.517407,4457.062692,1702.849316
adults_25_64,equal_adults_18plus,resource_unit_head,raw,china_born,health_age_birth,628,1514489.459777,2367.294480,83.134064,-738.227323,82.825312
adults_25_64,equal_adults_18plus,resource_unit_head,raw,china_born,health_age_birth_ins,628,1514489.459777,2773.216219,273.844909,267.309886,272.880297
adults_25_64,equal_adults_18plus,resource_unit_head,raw,china_born,k12_charged,628,1514489.459777,4602.915174,415.835266,1055.694584,423.268667
adults_25_64,equal_adults_18plus,resource_unit_head,raw,china_born,k12_charged_flat090,628,1514489.459777,5160.853632,466.240385,1183.659707,474.574819
adults_25_64,equal_adults_18plus,resource_unit_head,raw,china_born,k12_cost_at_full_attendance,628,1514489.459777,5734.281813,518.044872,1315.177452,527.305355
adults_25_64,equal_adults_18plus,resource_unit_head,raw,china_born,modeled_tax_total,628,1514489.459777,24677.352176,2482.833290,7176.922681,2491.796957
adults_25_64,equal_adults_18plus,resource_unit_head,raw,china_born,payroll,628,1514489.459777,5648.959070,306.677153,904.375017,307.469319
adults_25_64,equal_adults_18plus,resource_unit_head,raw,china_born,property_tax_owner,628,1514489.459777,2620.274123,196.980141,998.280861,196.811594
adults_25_64,equal_adults_18plus,resource_unit_head,raw,china_born,property_tax_renter_proxy,628,1514489.459777,595.005809,54.813840,244.367030,54.832150
adults_25_64,equal_adults_18plus,resource_unit_head,raw,china_born,sales_tax_itep,628,1514489.459777,2397.454663,115.112486,188.955143,116.073072
adults_25_64,equal_adults_18plus,resource_unit_head,raw,china_born,sales_tax_share35,628,1514489.459777,1623.194901,102.707776,331.838020,102.883845
adults_25_64,equal_adults_18plus,resource_unit_head,raw,china_born,selected_cash_total,628,1514489.459777,914.365393,190.834497,-1665.547612,187.253939
adults_25_64,equal_adults_18plus,resource_unit_head,raw,china_born,selected_noncash_total,628,1514489.459777,237.170719,34.829545,-6.889251,36.083413
adults_25_64,equal_adults_18plus,resource_unit_head,raw,china_born,snap,628,1514489.459777,108.748645,28.513008,-24.595389,29.377894
adults_25_64,equal_adults_18plus,resource_unit_head,raw,china_born,social_security,628,1514489.459777,540.389118,155.493324,-1162.700813,156.268839
adults_25_64,equal_adults_18plus,resource_unit_head,raw,china_born,state_after_credits,628,1514489.459777,4407.917651,549.092021,1815.484972,550.089719
adults_25_64,equal_adults_18plus,resource_unit_head,raw,china_born,state_local_total,628,1514489.459777,8651.386675,749.255928,3145.603853,749.484005
adults_25_64,equal_adults_18plus,resource_unit_head,raw,china_born_broad,cash_noncash_tax_balance,769,1873381.851191,24218.308558,2189.974522,9541.852037,2198.109593
adults_25_64,equal_adults_18plus,resource_unit_head,raw,china_born_broad,children_5_17,769,1873381.851191,0.265041,0.022031,0.009066,0.022557
adults_25_64,equal_adults_18plus,resource_unit_head,raw,china_born_broad,employer_payroll,769,1873381.851191,5397.978820,255.984476,1066.246370,256.022600
adults_25_64,equal_adults_18plus,resource_unit_head,raw,china_born_broad,extended_balance_after_health,769,1873381.851191,27176.956054,2579.015384,11908.159332,2591.749027
adults_25_64,equal_adults_18plus,resource_unit_head,raw,china_born_broad,extended_balance_after_health_ins,769,1873381.851191,27105.248602,2672.304616,11236.836411,2685.903580
adults_25_64,equal_adults_18plus,resource_unit_head,raw,china_born_broad,extended_balance_base,769,1873381.851191,29628.912612,2580.593195,11254.594087,2593.017769
adults_25_64,equal_adults_18plus,resource_unit_head,raw,china_born_broad,extended_balance_flat090,769,1873381.851191,29092.548951,2585.438243,11148.203761,2598.354157
adults_25_64,equal_adults_18plus,resource_unit_head,raw,china_born_broad,extended_balance_renter,769,1873381.851191,30184.794165,2575.570351,11459.836862,2587.940431
adults_25_64,equal_adults_18plus,resource_unit_head,raw,china_born_broad,extended_balance_sales_itep,769,1873381.851191,30386.989915,2588.394016,11095.528752,2601.418589
adults_25_64,equal_adults_18plus,resource_unit_head,raw,china_born_broad,federal_after_refundable,769,1873381.851191,15438.472410,1547.914398,5275.059646,1557.184608
adults_25_64,equal_adults_18plus,resource_unit_head,raw,china_born_broad,health_age_birth,769,1873381.851191,2451.956558,73.083665,-653.565245,73.038320
adults_25_64,equal_adults_18plus,resource_unit_head,raw,china_born_broad,health_age_birth_ins,769,1873381.851191,2523.664009,236.190689,17.757676,236.038253
adults_25_64,equal_adults_18plus,resource_unit_head,raw,china_born_broad,k12_charged,769,1873381.851191,4424.926081,357.359920,877.705490,364.489149
adults_25_64,equal_adults_18plus,resource_unit_head,raw,china_born_broad,k12_charged_flat090,769,1873381.851191,4961.289742,400.676999,984.095817,408.670391
adults_25_64,equal_adults_18plus,resource_unit_head,raw,china_born_broad,k12_cost_at_full_attendance,769,1873381.851191,5512.544157,445.196666,1093.439796,454.078213
adults_25_64,equal_adults_18plus,resource_unit_head,raw,china_born_broad,modeled_tax_total,769,1873381.851191,25442.096572,2189.674961,7941.667076,2198.729577
adults_25_64,equal_adults_18plus,resource_unit_head,raw,china_born_broad,payroll,769,1873381.851191,5789.831747,266.305999,1045.247694,267.395507
adults_25_64,equal_adults_18plus,resource_unit_head,raw,china_born_broad,property_tax_owner,769,1873381.851191,2736.264402,162.854946,1114.271140,163.044535
adults_25_64,equal_adults_18plus,resource_unit_head,raw,china_born_broad,property_tax_renter_proxy,769,1873381.851191,555.881554,47.618862,205.242775,47.642258
adults_25_64,equal_adults_18plus,resource_unit_head,raw,china_born_broad,sales_tax_itep,769,1873381.851191,2459.364216,104.161552,250.864695,105.431512
adults_25_64,equal_adults_18plus,resource_unit_head,raw,china_born_broad,sales_tax_share35,769,1873381.851191,1701.286912,94.128029,409.930031,94.764398
adults_25_64,equal_adults_18plus,resource_unit_head,raw,china_born_broad,selected_cash_total,769,1873381.851191,1005.139139,166.514925,-1574.773865,163.863888
adults_25_64,equal_adults_18plus,resource_unit_head,raw,china_born_broad,selected_noncash_total,769,1873381.851191,218.648875,29.422778,-25.411095,30.945317
adults_25_64,equal_adults_18plus,resource_unit_head,raw,china_born_broad,snap,769,1873381.851191,98.077137,23.685061,-35.266897,24.709750
adults_25_64,equal_adults_18plus,resource_unit_head,raw,china_born_broad,social_security,769,1873381.851191,572.041683,138.132590,-1131.048248,139.637619
adults_25_64,equal_adults_18plus,resource_unit_head,raw,china_born_broad,state_after_credits,769,1873381.851191,4213.792415,467.393453,1621.359736,468.712390
adults_25_64,equal_adults_18plus,resource_unit_head,raw,china_born_broad,state_local_total,769,1873381.851191,8651.343729,624.503388,3145.560907,625.102943
adults_25_64,equal_adults_18plus,resource_unit_head,raw,india_born,cash_noncash_tax_balance,1232,3252165.274333,26111.149317,1383.764878,11434.692796,1401.619921
adults_25_64,equal_adults_18plus,resource_unit_head,raw,india_born,children_5_17,1232,3252165.274333,0.263416,0.014965,0.007441,0.015518
adults_25_64,equal_adults_18plus,resource_unit_head,raw,india_born,employer_payroll,1232,3252165.274333,6259.379228,187.299009,1927.646778,189.582800
adults_25_64,equal_adults_18plus,resource_unit_head,raw,india_born,extended_balance_after_health,1232,3252165.274333,30379.319929,1657.742952,15110.523207,1677.142998
adults_25_64,equal_adults_18plus,resource_unit_head,raw,india_born,extended_balance_after_health_ins,1232,3252165.274333,31240.279948,1684.685761,15371.867757,1705.790616
adults_25_64,equal_adults_18plus,resource_unit_head,raw,india_born,extended_balance_base,1232,3252165.274333,32276.822364,1653.057876,13902.503839,1671.906974
adults_25_64,equal_adults_18plus,resource_unit_head,raw,india_born,extended_balance_flat090,1232,3252165.274333,31787.078684,1656.672929,13842.733494,1675.559938
adults_25_64,equal_adults_18plus,resource_unit_head,raw,india_born,extended_balance_renter,1232,3252165.274333,32802.295457,1653.758500,14077.338154,1672.537128
adults_25_64,equal_adults_18plus,resource_unit_head,raw,india_born,extended_balance_sales_itep,1232,3252165.274333,33049.785593,1653.058636,13758.324430,1672.607694
adults_25_64,equal_adults_18plus,resource_unit_head,raw,india_born,federal_after_refundable,1232,3252165.274333,16353.361657,989.350681,6189.948893,1001.487032
adults_25_64,equal_adults_18plus,resource_unit_head,raw,india_born,health_age_birth,1232,3252165.274333,1897.502435,55.270038,-1208.019368,57.709612
adults_25_64,equal_adults_18plus,resource_unit_head,raw,india_born,health_age_birth_ins,1232,3252165.274333,1036.542415,99.502457,-1469.363917,106.657945
adults_25_64,equal_adults_18plus,resource_unit_head,raw,india_born,k12_charged,1232,3252165.274333,4040.317678,238.781129,493.097088,249.622410
adults_25_64,equal_adults_18plus,resource_unit_head,raw,india_born,k12_charged_flat090,1232,3252165.274333,4530.061358,267.724781,552.867433,279.880179
adults_25_64,equal_adults_18plus,resource_unit_head,raw,india_born,k12_cost_at_full_attendance,1232,3252165.274333,5033.401509,297.471979,614.297148,310.977977
adults_25_64,equal_adults_18plus,resource_unit_head,raw,india_born,modeled_tax_total,1232,3252165.274333,26753.547466,1372.888051,9253.117970,1386.731007
adults_25_64,equal_adults_18plus,resource_unit_head,raw,india_born,payroll,1232,3252165.274333,6538.538878,193.263316,1793.954824,195.318088
adults_25_64,equal_adults_18plus,resource_unit_head,raw,india_born,property_tax_owner,1232,3252165.274333,2139.909201,122.049890,517.915938,119.777474
adults_25_64,equal_adults_18plus,resource_unit_head,raw,india_born,property_tax_renter_proxy,1232,3252165.274333,525.473093,33.202866,174.834314,33.623156
adults_25_64,equal_adults_18plus,resource_unit_head,raw,india_born,sales_tax_itep,1232,3252165.274333,2579.665526,68.253282,371.166005,69.923479
adults_25_64,equal_adults_18plus,resource_unit_head,raw,india_born,sales_tax_share35,1232,3252165.274333,1806.702296,68.769480,515.345415,69.679077
adults_25_64,equal_adults_18plus,resource_unit_head,raw,india_born,selected_cash_total,1232,3252165.274333,567.698805,111.516304,-2012.214200,119.244147
adults_25_64,equal_adults_18plus,resource_unit_head,raw,india_born,selected_noncash_total,1232,3252165.274333,74.699344,10.396882,-169.360626,12.148395
adults_25_64,equal_adults_18plus,resource_unit_head,raw,india_born,snap,1232,3252165.274333,15.956673,7.585970,-117.387361,9.570393
adults_25_64,equal_adults_18plus,resource_unit_head,raw,india_born,social_security,1232,3252165.274333,398.220069,97.006324,-1304.869862,105.394077
adults_25_64,equal_adults_18plus,resource_unit_head,raw,india_born,state_after_credits,1232,3252165.274333,3861.646931,285.294294,1269.214253,286.967988
adults_25_64,equal_adults_18plus,resource_unit_head,raw,india_born,state_local_total,1232,3252165.274333,7808.258428,389.966950,2302.475606,390.710740
adults_25_64,equal_adults_18plus,resource_unit_head,raw,india_born_recent_noncit,cash_noncash_tax_balance,362,976387.547101,17699.782379,1396.828068,3023.325858,1376.224851
adults_25_64,equal_adults_18plus,resource_unit_head,raw,india_born_recent_noncit,children_5_17,362,976387.547101,0.184011,0.028446,-0.071964,0.028927
adults_25_64,equal_adults_18plus,resource_unit_head,raw,india_born_recent_noncit,employer_payroll,362,976387.547101,5210.770006,264.389908,879.037555,263.980399
adults_25_64,equal_adults_18plus,resource_unit_head,raw,india_born_recent_noncit,extended_balance_after_health,362,976387.547101,20977.036411,1779.696557,5708.239689,1755.497500
adults_25_64,equal_adults_18plus,resource_unit_head,raw,india_born_recent_noncit,extended_balance_after_health_ins,362,976387.547101,21589.131015,1787.167502,5720.718824,1762.648552
adults_25_64,equal_adults_18plus,resource_unit_head,raw,india_born_recent_noncit,extended_balance_base,362,976387.547101,22083.665573,1773.602377,3709.347049,1749.920028
adults_25_64,equal_adults_18plus,resource_unit_head,raw,india_born_recent_noncit,extended_balance_flat090,362,976387.547101,21733.784977,1785.692555,3789.439788,1762.389085
adults_25_64,equal_adults_18plus,resource_unit_head,raw,india_born_recent_noncit,extended_balance_renter,362,976387.547101,23106.322987,1785.991924,4381.365684,1761.003858
adults_25_64,equal_adults_18plus,resource_unit_head,raw,india_born_recent_noncit,extended_balance_sales_itep,362,976387.547101,22918.105623,1767.678929,3626.644460,1744.092712
adults_25_64,equal_adults_18plus,resource_unit_head,raw,india_born_recent_noncit,federal_after_refundable,362,976387.547101,10330.924559,973.358501,167.511795,965.976265
adults_25_64,equal_adults_18plus,resource_unit_head,raw,india_born_recent_noncit,health_age_birth,362,976387.547101,1106.629163,51.058879,-1998.892640,51.336093
adults_25_64,equal_adults_18plus,resource_unit_head,raw,india_born_recent_noncit,health_age_birth_ins,362,976387.547101,494.534558,74.784344,-2011.371775,82.613974
adults_25_64,equal_adults_18plus,resource_unit_head,raw,india_born_recent_noncit,k12_charged,362,976387.547101,2886.466564,509.327679,-660.754026,518.606182
adults_25_64,equal_adults_18plus,resource_unit_head,raw,india_born_recent_noncit,k12_charged_flat090,362,976387.547101,3236.347160,571.065402,-740.846765,581.468590
adults_25_64,equal_adults_18plus,resource_unit_head,raw,india_born_recent_noncit,k12_cost_at_full_attendance,362,976387.547101,3595.941289,634.517113,-823.163072,646.076211
adults_25_64,equal_adults_18plus,resource_unit_head,raw,india_born_recent_noncit,modeled_tax_total,362,976387.547101,17996.089879,1414.112858,495.660383,1399.100380
adults_25_64,equal_adults_18plus,resource_unit_head,raw,india_born_recent_noncit,payroll,362,976387.547101,5290.816720,269.649676,546.232666,267.340924
adults_25_64,equal_adults_18plus,resource_unit_head,raw,india_born_recent_noncit,property_tax_owner,362,976387.547101,643.683279,99.234742,-978.309983,99.859311
adults_25_64,equal_adults_18plus,resource_unit_head,raw,india_born_recent_noncit,property_tax_renter_proxy,362,976387.547101,1022.657414,64.374165,672.018635,64.383869
adults_25_64,equal_adults_18plus,resource_unit_head,raw,india_born_recent_noncit,sales_tax_itep,362,976387.547101,2250.336524,85.879060,41.837003,85.401547
adults_25_64,equal_adults_18plus,resource_unit_head,raw,india_born_recent_noncit,sales_tax_share35,362,976387.547101,1415.896474,92.269256,124.539593,91.703547
adults_25_64,equal_adults_18plus,resource_unit_head,raw,india_born_recent_noncit,selected_cash_total,362,976387.547101,244.551540,126.195682,-2335.361465,132.285429
adults_25_64,equal_adults_18plus,resource_unit_head,raw,india_born_recent_noncit,selected_noncash_total,362,976387.547101,51.755960,11.711779,-192.304010,13.440069
adults_25_64,equal_adults_18plus,resource_unit_head,raw,india_born_recent_noncit,snap,362,976387.547101,6.402999,3.484362,-126.941036,5.802929
adults_25_64,equal_adults_18plus,resource_unit_head,raw,india_born_recent_noncit,social_security,362,976387.547101,61.090743,46.302587,-1641.999188,58.262226
adults_25_64,equal_adults_18plus,resource_unit_head,raw,india_born_recent_noncit,state_after_credits,362,976387.547101,2374.348600,265.033755,-218.084078,265.209293
adults_25_64,equal_adults_18plus,resource_unit_head,raw,india_born_recent_noncit,state_local_total,362,976387.547101,4433.928354,345.479899,-1071.854469,344.889822
adults_25_64,equal_adults_18plus,resource_unit_head,raw,india_born_settled,cash_noncash_tax_balance,870,2275777.727232,29719.917359,1791.430694,15043.460838,1821.876012
adults_25_64,equal_adults_18plus,resource_unit_head,raw,india_born_settled,children_5_17,870,2275777.727232,0.297483,0.017771,0.041508,0.018046
adults_25_64,equal_adults_18plus,resource_unit_head,raw,india_born_settled,employer_payroll,870,2275777.727232,6709.268940,221.091243,2377.536490,224.649821
adults_25_64,equal_adults_18plus,resource_unit_head,raw,india_born_settled,extended_balance_after_health,870,2275777.727232,34413.225539,2081.594140,19144.428817,2117.747657
adults_25_64,equal_adults_18plus,resource_unit_head,raw,india_born_settled,extended_balance_after_health_ins,870,2275777.727232,35380.957449,2121.288261,19512.545258,2159.611174
adults_25_64,equal_adults_18plus,resource_unit_head,raw,india_born_settled,extended_balance_base,870,2275777.727232,36650.040027,2069.928481,18275.721503,2105.483489
adults_25_64,equal_adults_18plus,resource_unit_head,raw,india_born_settled,extended_balance_flat090,870,2275777.727232,36100.290236,2070.703966,18155.945046,2106.198831
adults_25_64,equal_adults_18plus,resource_unit_head,raw,india_born_settled,extended_balance_renter,870,2275777.727232,36962.203810,2072.712577,18237.246506,2108.402661
adults_25_64,equal_adults_18plus,resource_unit_head,raw,india_born_settled,extended_balance_sales_itep,870,2275777.727232,37396.627570,2073.797341,18105.166406,2109.980286
adults_25_64,equal_adults_18plus,resource_unit_head,raw,india_born_settled,federal_after_refundable,870,2275777.727232,18937.195972,1289.523408,8773.783208,1308.217161
adults_25_64,equal_adults_18plus,resource_unit_head,raw,india_born_settled,health_age_birth,870,2275777.727232,2236.814489,67.930245,-868.707314,69.885828
adults_25_64,equal_adults_18plus,resource_unit_head,raw,india_born_settled,health_age_birth_ins,870,2275777.727232,1269.082578,138.027250,-1236.823755,143.070013
adults_25_64,equal_adults_18plus,resource_unit_head,raw,india_born_settled,k12_charged,870,2275777.727232,4535.359810,281.278508,988.139220,287.160390
adults_25_64,equal_adults_18plus,resource_unit_head,raw,india_born_settled,k12_charged_flat090,870,2275777.727232,5085.109602,315.373444,1107.915677,321.968293
adults_25_64,equal_adults_18plus,resource_unit_head,raw,india_born_settled,k12_cost_at_full_attendance,870,2275777.727232,5650.121780,350.414938,1231.017419,357.742548
adults_25_64,equal_adults_18plus,resource_unit_head,raw,india_born_settled,modeled_tax_total,870,2275777.727232,30510.800395,1771.177993,13010.370899,1796.027778
adults_25_64,equal_adults_18plus,resource_unit_head,raw,india_born_settled,payroll,870,2275777.727232,7073.854942,229.252714,2329.270889,233.359015
adults_25_64,equal_adults_18plus,resource_unit_head,raw,india_born_settled,property_tax_owner,870,2275777.727232,2781.841996,145.310393,1159.848733,143.155327
adults_25_64,equal_adults_18plus,resource_unit_head,raw,india_born_settled,property_tax_renter_proxy,870,2275777.727232,312.163782,31.869267,-38.474997,32.426542
adults_25_64,equal_adults_18plus,resource_unit_head,raw,india_born_settled,sales_tax_itep,870,2275777.727232,2720.959085,86.569250,512.459565,88.765949
adults_25_64,equal_adults_18plus,resource_unit_head,raw,india_born_settled,sales_tax_share35,870,2275777.727232,1974.371543,82.182139,683.014662,83.684403
adults_25_64,equal_adults_18plus,resource_unit_head,raw,india_born_settled,selected_cash_total,870,2275777.727232,706.340185,146.532289,-1873.572820,152.891493
adults_25_64,equal_adults_18plus,resource_unit_head,raw,india_born_settled,selected_noncash_total,870,2275777.727232,84.542851,14.010401,-159.517119,15.282661
adults_25_64,equal_adults_18plus,resource_unit_head,raw,india_born_settled,snap,870,2275777.727232,20.055531,10.702442,-113.288503,12.410367
adults_25_64,equal_adults_18plus,resource_unit_head,raw,india_born_settled,social_security,870,2275777.727232,542.860239,135.949617,-1160.229692,142.832928
adults_25_64,equal_adults_18plus,resource_unit_head,raw,india_born_settled,state_after_credits,870,2275777.727232,4499.749481,374.634072,1907.316802,377.051153
adults_25_64,equal_adults_18plus,resource_unit_head,raw,india_born_settled,state_local_total,870,2275777.727232,9255.963019,498.844908,3750.180197,501.752416
adults_25_64,equal_adults_18plus,resource_unit_head,raw,india_second_gen,cash_noncash_tax_balance,209,489721.451463,35417.340463,4839.739833,20740.883943,4870.809443
adults_25_64,equal_adults_18plus,resource_unit_head,raw,india_second_gen,children_5_17,209,489721.451463,0.185256,0.035840,-0.070719,0.036380
adults_25_64,equal_adults_18plus,resource_unit_head,raw,india_second_gen,employer_payroll,209,489721.451463,6614.923991,346.810952,2283.191540,350.713731
adults_25_64,equal_adults_18plus,resource_unit_head,raw,india_second_gen,extended_balance_after_health,209,489721.451463,42111.180207,5338.898121,26842.383486,5373.335330
adults_25_64,equal_adults_18plus,resource_unit_head,raw,india_second_gen,extended_balance_after_health_ins,209,489721.451463,43276.366406,5370.019570,27407.954215,5403.582998
adults_25_64,equal_adults_18plus,resource_unit_head,raw,india_second_gen,extended_balance_base,209,489721.451463,44704.872948,5351.842762,26330.554423,5386.393541
adults_25_64,equal_adults_18plus,resource_unit_head,raw,india_second_gen,extended_balance_flat090,209,489721.451463,44339.257149,5345.144597,26394.911959,5379.852490
adults_25_64,equal_adults_18plus,resource_unit_head,raw,india_second_gen,extended_balance_renter,209,489721.451463,45181.346369,5359.469229,26456.389066,5393.888734
adults_25_64,equal_adults_18plus,resource_unit_head,raw,india_second_gen,extended_balance_sales_itep,209,489721.451463,45608.646806,5363.365702,26317.185643,5398.413287
adults_25_64,equal_adults_18plus,resource_unit_head,raw,india_second_gen,federal_after_refundable,209,489721.451463,23084.441100,3566.416980,12921.028336,3592.303257
adults_25_64,equal_adults_18plus,resource_unit_head,raw,india_second_gen,health_age_birth,209,489721.451463,2593.692740,136.204793,-511.829063,136.496879
adults_25_64,equal_adults_18plus,resource_unit_head,raw,india_second_gen,health_age_birth_ins,209,489721.451463,1428.506541,172.407671,-1077.399792,174.728455
adults_25_64,equal_adults_18plus,resource_unit_head,raw,india_second_gen,k12_charged,209,489721.451463,3016.279812,599.494755,-530.940778,610.066379
adults_25_64,equal_adults_18plus,resource_unit_head,raw,india_second_gen,k12_charged_flat090,209,489721.451463,3381.895611,672.162003,-595.298314,684.015057
adults_25_64,equal_adults_18plus,resource_unit_head,raw,india_second_gen,k12_cost_at_full_attendance,209,489721.451463,3757.661790,746.846670,-661.442571,760.016730
adults_25_64,equal_adults_18plus,resource_unit_head,raw,india_second_gen,modeled_tax_total,209,489721.451463,36562.859640,4758.768559,19062.430144,4788.867363
adults_25_64,equal_adults_18plus,resource_unit_head,raw,india_second_gen,payroll,209,489721.451463,7065.456802,403.500127,2320.872749,407.079580
adults_25_64,equal_adults_18plus,resource_unit_head,raw,india_second_gen,property_tax_owner,209,489721.451463,3614.303670,436.919919,1992.310408,434.863353
adults_25_64,equal_adults_18plus,resource_unit_head,raw,india_second_gen,property_tax_renter_proxy,209,489721.451463,476.473421,78.167743,125.834642,78.369653
adults_25_64,equal_adults_18plus,resource_unit_head,raw,india_second_gen,sales_tax_itep,209,489721.451463,2978.358494,207.407373,769.858974,208.521723
adults_25_64,equal_adults_18plus,resource_unit_head,raw,india_second_gen,sales_tax_share35,209,489721.451463,2074.584636,192.827307,783.227754,193.614368
adults_25_64,equal_adults_18plus,resource_unit_head,raw,india_second_gen,selected_cash_total,209,489721.451463,1108.395012,318.528649,-1471.517993,316.615678
adults_25_64,equal_adults_18plus,resource_unit_head,raw,india_second_gen,selected_noncash_total,209,489721.451463,37.124165,14.087582,-206.935806,15.540723
adults_25_64,equal_adults_18plus,resource_unit_head,raw,india_second_gen,snap,209,489721.451463,9.800629,8.996340,-123.543405,10.437204
adults_25_64,equal_adults_18plus,resource_unit_head,raw,india_second_gen,social_security,209,489721.451463,850.341176,293.438068,-852.748755,289.670179
adults_25_64,equal_adults_18plus,resource_unit_head,raw,india_second_gen,state_after_credits,209,489721.451463,6412.961737,991.228330,3820.529059,992.207569
adults_25_64,equal_adults_18plus,resource_unit_head,raw,india_second_gen,state_local_total,209,489721.451463,12101.850043,1378.288633,6596.067221,1376.703925
adults_25_64,equal_adults_18plus,resource_unit_head,raw,mexican_second_gen,cash_noncash_tax_balance,2452,5392173.171042,7104.993354,396.913961,-7571.463167,469.117094
adults_25_64,equal_adults_18plus,resource_unit_head,raw,mexican_second_gen,children_5_17,2452,5392173.171042,0.328768,0.014640,0.072794,0.015024
adults_25_64,equal_adults_18plus,resource_unit_head,raw,mexican_second_gen,employer_payroll,2452,5392173.171042,3285.562538,62.420544,-1046.169913,65.639814
adults_25_64,equal_adults_18plus,resource_unit_head,raw,mexican_second_gen,extended_balance_after_health,2452,5392173.171042,4937.394288,544.997647,-10331.402433,609.300638
adults_25_64,equal_adults_18plus,resource_unit_head,raw,mexican_second_gen,extended_balance_after_health_ins,2452,5392173.171042,4663.694502,579.315999,-11204.717689,638.382935
adults_25_64,equal_adults_18plus,resource_unit_head,raw,mexican_second_gen,extended_balance_base,2452,5392173.171042,7756.308177,534.372273,-10618.010347,598.056765
adults_25_64,equal_adults_18plus,resource_unit_head,raw,mexican_second_gen,extended_balance_flat090,2452,5392173.171042,7195.760587,546.535151,-10748.584603,608.858104
adults_25_64,equal_adults_18plus,resource_unit_head,raw,mexican_second_gen,extended_balance_renter,2452,5392173.171042,8371.309586,533.043196,-10353.647717,596.740443
adults_25_64,equal_adults_18plus,resource_unit_head,raw,mexican_second_gen,extended_balance_sales_itep,2452,5392173.171042,8412.600527,535.116986,-10878.860637,598.851228
adults_25_64,equal_adults_18plus,resource_unit_head,raw,mexican_second_gen,federal_after_refundable,2452,5392173.171042,4493.239008,288.091806,-5670.173756,339.664509
adults_25_64,equal_adults_18plus,resource_unit_head,raw,mexican_second_gen,health_age_birth,2452,5392173.171042,2818.913889,37.808460,-286.607914,38.939104
adults_25_64,equal_adults_18plus,resource_unit_head,raw,mexican_second_gen,health_age_birth_ins,2452,5392173.171042,3092.613675,98.419316,586.707342,102.422497
adults_25_64,equal_adults_18plus,resource_unit_head,raw,mexican_second_gen,k12_charged,2452,5392173.171042,4624.440161,219.044965,1077.219570,227.288314
adults_25_64,equal_adults_18plus,resource_unit_head,raw,mexican_second_gen,k12_charged_flat090,2452,5392173.171042,5184.987751,245.596314,1207.793826,254.838875
adults_25_64,equal_adults_18plus,resource_unit_head,raw,mexican_second_gen,k12_cost_at_full_attendance,2452,5392173.171042,5761.097501,272.884794,1341.993140,283.154305
adults_25_64,equal_adults_18plus,resource_unit_head,raw,mexican_second_gen,modeled_tax_total,2452,5392173.171042,9202.305280,384.746901,-8298.124216,452.463369
adults_25_64,equal_adults_18plus,resource_unit_head,raw,mexican_second_gen,payroll,2452,5392173.171042,3524.720183,66.591597,-1219.863871,72.465440
adults_25_64,equal_adults_18plus,resource_unit_head,raw,mexican_second_gen,property_tax_owner,2452,5392173.171042,967.309760,36.727214,-654.683502,40.814704
adults_25_64,equal_adults_18plus,resource_unit_head,raw,mexican_second_gen,property_tax_renter_proxy,2452,5392173.171042,615.001409,24.847035,264.362630,24.266455
adults_25_64,equal_adults_18plus,resource_unit_head,raw,mexican_second_gen,sales_tax_itep,2452,5392173.171042,1679.175036,26.676538,-529.324485,28.667643
adults_25_64,equal_adults_18plus,resource_unit_head,raw,mexican_second_gen,sales_tax_share35,2452,5392173.171042,1022.882686,21.332848,-268.474195,23.425712
adults_25_64,equal_adults_18plus,resource_unit_head,raw,mexican_second_gen,selected_cash_total,2452,5392173.171042,1609.461615,108.358767,-970.451390,121.348422
adults_25_64,equal_adults_18plus,resource_unit_head,raw,mexican_second_gen,selected_noncash_total,2452,5392173.171042,487.850311,32.086800,243.790341,33.349428
adults_25_64,equal_adults_18plus,resource_unit_head,raw,mexican_second_gen,snap,2452,5392173.171042,258.992774,25.835906,125.648739,27.130280
adults_25_64,equal_adults_18plus,resource_unit_head,raw,mexican_second_gen,social_security,2452,5392173.171042,846.322934,67.353983,-856.766997,80.351315
adults_25_64,equal_adults_18plus,resource_unit_head,raw,mexican_second_gen,state_after_credits,2452,5392173.171042,1184.346089,69.365546,-1408.086589,82.161543
adults_25_64,equal_adults_18plus,resource_unit_head,raw,mexican_second_gen,state_local_total,2452,5392173.171042,3174.538536,103.016920,-2331.244287,118.610023
adults_25_64,equal_adults_18plus,resource_unit_head,raw,mexico_born,cash_noncash_tax_balance,4318,9260854.369099,4063.886825,254.748582,-10612.569696,376.063020
adults_25_64,equal_adults_18plus,resource_unit_head,raw,mexico_born,children_5_17,4318,9260854.369099,0.338142,0.010782,0.082167,0.011340
adults_25_64,equal_adults_18plus,resource_unit_head,raw,mexico_born,employer_payroll,4318,9260854.369099,2368.224072,40.525277,-1963.508378,48.760508
adults_25_64,equal_adults_18plus,resource_unit_head,raw,mexico_born,extended_balance_after_health,4318,9260854.369099,802.730012,366.625125,-14466.066709,473.244053
adults_25_64,equal_adults_18plus,resource_unit_head,raw,mexico_born,extended_balance_after_health_ins,4318,9260854.369099,312.309628,409.764849,-15556.102564,507.658264
adults_25_64,equal_adults_18plus,resource_unit_head,raw,mexico_born,extended_balance_base,4318,9260854.369099,3154.915737,358.159725,-15219.402787,467.581260
adults_25_64,equal_adults_18plus,resource_unit_head,raw,mexico_born,extended_balance_flat090,4318,9260854.369099,2587.669288,369.164212,-15356.675902,475.152011
adults_25_64,equal_adults_18plus,resource_unit_head,raw,mexico_born,extended_balance_renter,4318,9260854.369099,3774.771700,354.089841,-14950.185603,463.825813
adults_25_64,equal_adults_18plus,resource_unit_head,raw,mexico_born,extended_balance_sales_itep,4318,9260854.369099,3788.718539,358.820552,-15502.742624,468.239124
adults_25_64,equal_adults_18plus,resource_unit_head,raw,mexico_born,federal_after_refundable,4318,9260854.369099,2150.707392,172.261189,-8012.705372,271.175982
adults_25_64,equal_adults_18plus,resource_unit_head,raw,mexico_born,health_age_birth,4318,9260854.369099,2352.185726,28.545076,-753.336077,30.029578
adults_25_64,equal_adults_18plus,resource_unit_head,raw,mexico_born,health_age_birth_ins,4318,9260854.369099,2842.606110,94.150051,336.699777,94.619273
adults_25_64,equal_adults_18plus,resource_unit_head,raw,mexico_born,k12_charged,4318,9260854.369099,4679.704818,156.561621,1132.484227,169.821230
adults_25_64,equal_adults_18plus,resource_unit_head,raw,mexico_born,k12_charged_flat090,4318,9260854.369099,5246.951267,175.539105,1269.757342,190.405967
adults_25_64,equal_adults_18plus,resource_unit_head,raw,mexico_born,k12_cost_at_full_attendance,4318,9260854.369099,5829.945852,195.043450,1410.841491,211.562185
adults_25_64,equal_adults_18plus,resource_unit_head,raw,mexico_born,modeled_tax_total,4318,9260854.369099,5527.094499,239.217179,-11973.334997,365.229592
adults_25_64,equal_adults_18plus,resource_unit_head,raw,mexico_born,payroll,4318,9260854.369099,2686.938465,44.487991,-2057.645588,55.527051
adults_25_64,equal_adults_18plus,resource_unit_head,raw,mexico_born,property_tax_owner,4318,9260854.369099,652.214254,26.935998,-969.779008,31.234297
adults_25_64,equal_adults_18plus,resource_unit_head,raw,mexico_born,property_tax_renter_proxy,4318,9260854.369099,619.855963,16.342405,269.217184,16.896575
adults_25_64,equal_adults_18plus,resource_unit_head,raw,mexico_born,sales_tax_itep,4318,9260854.369099,1384.098205,16.170486,-824.401315,21.058762
adults_25_64,equal_adults_18plus,resource_unit_head,raw,mexico_born,sales_tax_share35,4318,9260854.369099,750.295404,12.762229,-541.061478,17.538596
adults_25_64,equal_adults_18plus,resource_unit_head,raw,mexico_born,selected_cash_total,4318,9260854.369099,1005.584005,72.128758,-1574.329000,89.993268
adults_25_64,equal_adults_18plus,resource_unit_head,raw,mexico_born,selected_noncash_total,4318,9260854.369099,457.623669,22.068716,213.563699,22.717905
adults_25_64,equal_adults_18plus,resource_unit_head,raw,mexico_born,snap,4318,9260854.369099,207.340191,17.082426,73.996157,17.975103
adults_25_64,equal_adults_18plus,resource_unit_head,raw,mexico_born,social_security,4318,9260854.369099,688.223772,57.662434,-1014.866159,70.319929
adults_25_64,equal_adults_18plus,resource_unit_head,raw,mexico_born,state_after_credits,4318,9260854.369099,689.448642,41.287053,-1902.984036,60.718357
adults_25_64,equal_adults_18plus,resource_unit_head,raw,mexico_born,state_local_total,4318,9260854.369099,2091.958301,60.126958,-3413.824521,88.459943
adults_25_64,equal_adults_18plus,resource_unit_head,raw,third_plus_nh_white,cash_noncash_tax_balance,36287,86225412.683336,14676.456521,278.705189,0.000000,0.000000
adults_25_64,equal_adults_18plus,resource_unit_head,raw,third_plus_nh_white,children_5_17,36287,86225412.683336,0.255975,0.003441,0.000000,0.000000
adults_25_64,equal_adults_18plus,resource_unit_head,raw,third_plus_nh_white,employer_payroll,36287,86225412.683336,4331.732450,28.254739,0.000000,0.000000
adults_25_64,equal_adults_18plus,resource_unit_head,raw,third_plus_nh_white,extended_balance_after_health,36287,86225412.683336,15268.796721,328.073831,0.000000,0.000000
adults_25_64,equal_adults_18plus,resource_unit_head,raw,third_plus_nh_white,extended_balance_after_health_ins,36287,86225412.683336,15868.412191,335.614298,0.000000,0.000000
adults_25_64,equal_adults_18plus,resource_unit_head,raw,third_plus_nh_white,extended_balance_base,36287,86225412.683336,18374.318524,325.621453,0.000000,0.000000
adults_25_64,equal_adults_18plus,resource_unit_head,raw,third_plus_nh_white,extended_balance_flat090,36287,86225412.683336,17944.345190,327.115935,0.000000,0.000000
adults_25_64,equal_adults_18plus,resource_unit_head,raw,third_plus_nh_white,extended_balance_renter,36287,86225412.683336,18724.957303,325.559727,0.000000,0.000000
adults_25_64,equal_adults_18plus,resource_unit_head,raw,third_plus_nh_white,extended_balance_sales_itep,36287,86225412.683336,19291.461163,326.810470,0.000000,0.000000
adults_25_64,equal_adults_18plus,resource_unit_head,raw,third_plus_nh_white,federal_after_refundable,36287,86225412.683336,10163.412764,206.206926,0.000000,0.000000
adults_25_64,equal_adults_18plus,resource_unit_head,raw,third_plus_nh_white,health_age_birth,36287,86225412.683336,3105.521803,10.060229,0.000000,0.000000
adults_25_64,equal_adults_18plus,resource_unit_head,raw,third_plus_nh_white,health_age_birth_ins,36287,86225412.683336,2505.906333,27.548187,0.000000,0.000000
adults_25_64,equal_adults_18plus,resource_unit_head,raw,third_plus_nh_white,k12_charged,36287,86225412.683336,3547.220590,56.559865,0.000000,0.000000
adults_25_64,equal_adults_18plus,resource_unit_head,raw,third_plus_nh_white,k12_charged_flat090,36287,86225412.683336,3977.193925,63.415721,0.000000,0.000000
adults_25_64,equal_adults_18plus,resource_unit_head,raw,third_plus_nh_white,k12_cost_at_full_attendance,36287,86225412.683336,4419.104361,70.461913,0.000000,0.000000
adults_25_64,equal_adults_18plus,resource_unit_head,raw,third_plus_nh_white,modeled_tax_total,36287,86225412.683336,17500.429496,269.026827,0.000000,0.000000
adults_25_64,equal_adults_18plus,resource_unit_head,raw,third_plus_nh_white,payroll,36287,86225412.683336,4744.584053,31.715060,0.000000,0.000000
adults_25_64,equal_adults_18plus,resource_unit_head,raw,third_plus_nh_white,property_tax_owner,36287,86225412.683336,1621.993262,17.853700,0.000000,0.000000
adults_25_64,equal_adults_18plus,resource_unit_head,raw,third_plus_nh_white,property_tax_renter_proxy,36287,86225412.683336,350.638779,6.065020,0.000000,0.000000
adults_25_64,equal_adults_18plus,resource_unit_head,raw,third_plus_nh_white,sales_tax_itep,36287,86225412.683336,2208.499521,13.046297,0.000000,0.000000
adults_25_64,equal_adults_18plus,resource_unit_head,raw,third_plus_nh_white,sales_tax_share35,36287,86225412.683336,1291.356881,11.457650,0.000000,0.000000
adults_25_64,equal_adults_18plus,resource_unit_head,raw,third_plus_nh_white,selected_cash_total,36287,86225412.683336,2579.913005,45.446642,0.000000,0.000000
adults_25_64,equal_adults_18plus,resource_unit_head,raw,third_plus_nh_white,selected_noncash_total,36287,86225412.683336,244.059970,6.253836,0.000000,0.000000
adults_25_64,equal_adults_18plus,resource_unit_head,raw,third_plus_nh_white,snap,36287,86225412.683336,133.344034,5.276083,0.000000,0.000000
adults_25_64,equal_adults_18plus,resource_unit_head,raw,third_plus_nh_white,social_security,36287,86225412.683336,1703.089931,36.079547,0.000000,0.000000
adults_25_64,equal_adults_18plus,resource_unit_head,raw,third_plus_nh_white,state_after_credits,36287,86225412.683336,2592.432678,43.302200,0.000000,0.000000
adults_25_64,equal_adults_18plus,resource_unit_head,raw,third_plus_nh_white,state_local_total,36287,86225412.683336,5505.782822,61.152224,0.000000,0.000000
adults_25_64,equal_all_members,person,age_standardised,all_foreign_born,cash_noncash_tax_balance,15203,37078696.955611,9603.236136,272.917539,-2181.425571,376.907405
adults_25_64,equal_all_members,person,age_standardised,all_foreign_born,children_5_17,15203,37078696.955611,0.140153,0.001995,0.020871,0.002502
adults_25_64,equal_all_members,person,age_standardised,all_foreign_born,employer_payroll,15203,37078696.955611,2917.157567,35.026794,-571.665843,43.912177
adults_25_64,equal_all_members,person,age_standardised,all_foreign_born,extended_balance_after_health,15203,37078696.955611,10384.681619,326.384964,-3046.255798,446.758386
adults_25_64,equal_all_members,person,age_standardised,all_foreign_born,extended_balance_after_health_ins,15203,37078696.955611,10407.514608,336.872134,-3445.285131,457.998913
adults_25_64,equal_all_members,person,age_standardised,all_foreign_born,extended_balance_base,15203,37078696.955611,12281.787391,326.080757,-3702.637459,444.157984
adults_25_64,equal_all_members,person,age_standardised,all_foreign_born,extended_balance_flat090,15203,37078696.955611,12026.869935,326.756414,-3757.364168,444.746060
adults_25_64,equal_all_members,person,age_standardised,all_foreign_born,extended_balance_renter,15203,37078696.955611,12812.567581,324.783439,-3476.122613,442.907702
adults_25_64,equal_all_members,person,age_standardised,all_foreign_born,extended_balance_sales_itep,15203,37078696.955611,12879.949972,327.612408,-3867.225947,446.729152
adults_25_64,equal_all_members,person,age_standardised,all_foreign_born,federal_after_refundable,15203,37078696.955611,6138.420497,195.144929,-2324.532924,274.569617
adults_25_64,equal_all_members,person,age_standardised,all_foreign_born,health_age_birth,15203,37078696.955611,1897.105772,13.207930,-656.381662,17.743444
adults_25_64,equal_all_members,person,age_standardised,all_foreign_born,health_age_birth_ins,15203,37078696.955611,1874.272782,33.509736,-257.352328,43.435418
adults_25_64,equal_all_members,person,age_standardised,all_foreign_born,k12_charged,15203,37078696.955611,2103.033782,33.326189,451.487788,41.604721
adults_25_64,equal_all_members,person,age_standardised,all_foreign_born,k12_charged_flat090,15203,37078696.955611,2357.951238,37.365795,506.214497,46.647802
adults_25_64,equal_all_members,person,age_standardised,all_foreign_born,k12_cost_at_full_attendance,15203,37078696.955611,2619.945820,41.517550,562.460553,51.830891
adults_25_64,equal_all_members,person,age_standardised,all_foreign_born,modeled_tax_total,15203,37078696.955611,10964.996738,264.660132,-3418.318852,364.871756
adults_25_64,equal_all_members,person,age_standardised,all_foreign_born,payroll,15203,37078696.955611,3199.242753,38.200089,-616.259587,47.928478
adults_25_64,equal_all_members,person,age_standardised,all_foreign_born,property_tax_owner,15203,37078696.955611,985.147115,23.797590,-327.608734,27.597257
adults_25_64,equal_all_members,person,age_standardised,all_foreign_born,property_tax_renter_proxy,15203,37078696.955611,530.780190,9.035456,226.514846,10.233400
adults_25_64,equal_all_members,person,age_standardised,all_foreign_born,sales_tax_itep,15203,37078696.955611,1477.442935,14.370611,-335.038011,19.204642
adults_25_64,equal_all_members,person,age_standardised,all_foreign_born,sales_tax_share35,15203,37078696.955611,879.280354,12.071056,-170.449523,15.966755
adults_25_64,equal_all_members,person,age_standardised,all_foreign_born,selected_cash_total,15203,37078696.955611,1173.448109,46.369836,-1279.871280,63.548067
adults_25_64,equal_all_members,person,age_standardised,all_foreign_born,selected_noncash_total,15203,37078696.955611,188.312494,5.434273,42.977999,6.957038
adults_25_64,equal_all_members,person,age_standardised,all_foreign_born,snap,15203,37078696.955611,103.557071,4.897630,12.690198,6.452858
adults_25_64,equal_all_members,person,age_standardised,all_foreign_born,social_security,15203,37078696.955611,808.169444,37.054126,-891.470043,52.717200
adults_25_64,equal_all_members,person,age_standardised,all_foreign_born,state_after_credits,15203,37078696.955611,1627.333489,50.348807,-477.526342,65.638489
adults_25_64,equal_all_members,person,age_standardised,all_foreign_born,state_local_total,15203,37078696.955611,3491.760958,70.433421,-975.584599,92.355823
adults_25_64,equal_all_members,person,age_standardised,all_native,cash_noncash_tax_balance,55652,134686458.170775,10496.387651,200.010408,-1288.274057,103.059642
adults_25_64,equal_all_members,person,age_standardised,all_native,children_5_17,55652,134686458.170775,0.119129,0.001185,-0.000153,0.000804
adults_25_64,equal_all_members,person,age_standardised,all_native,employer_payroll,55652,134686458.170775,3304.783037,22.468430,-184.040373,12.473222
adults_25_64,equal_all_members,person,age_standardised,all_native,extended_balance_after_health,55652,134686458.170775,11771.215561,238.456454,-1659.721856,120.917067
adults_25_64,equal_all_members,person,age_standardised,all_native,extended_balance_after_health_ins,55652,134686458.170775,11965.216777,246.051807,-1887.582962,125.554948
adults_25_64,equal_all_members,person,age_standardised,all_native,extended_balance_base,55652,134686458.170775,14349.661418,235.541059,-1634.763432,120.218799
adults_25_64,equal_all_members,person,age_standardised,all_native,extended_balance_flat090,55652,134686458.170775,14147.331411,236.085227,-1636.902693,120.375154
adults_25_64,equal_all_members,person,age_standardised,all_native,extended_balance_renter,55652,134686458.170775,14733.779536,235.760219,-1554.910658,120.442362
adults_25_64,equal_all_members,person,age_standardised,all_native,extended_balance_sales_itep,55652,134686458.170775,15088.219099,236.927072,-1658.956820,120.959441
adults_25_64,equal_all_members,person,age_standardised,all_native,federal_after_refundable,55652,134686458.170775,7715.651558,141.558778,-747.301862,75.880437
adults_25_64,equal_all_members,person,age_standardised,all_native,health_age_birth,55652,134686458.170775,2578.445857,10.463942,24.958424,6.597037
adults_25_64,equal_all_members,person,age_standardised,all_native,health_age_birth_ins,55652,134686458.170775,2384.444641,25.219604,252.819530,15.536637
adults_25_64,equal_all_members,person,age_standardised,all_native,k12_charged,55652,134686458.170775,1669.194601,18.639135,17.648607,12.645080
adults_25_64,equal_all_members,person,age_standardised,all_native,k12_charged_flat090,55652,134686458.170775,1871.524609,20.898462,19.787868,14.177843
adults_25_64,equal_all_members,person,age_standardised,all_native,k12_cost_at_full_attendance,55652,134686458.170775,2079.471787,23.220514,21.986520,15.753159
adults_25_64,equal_all_members,person,age_standardised,all_native,modeled_tax_total,55652,134686458.170775,13241.669155,187.519773,-1141.646436,101.705192
adults_25_64,equal_all_members,person,age_standardised,all_native,payroll,55652,134686458.170775,3596.090131,24.442161,-219.412209,13.991328
adults_25_64,equal_all_members,person,age_standardised,all_native,property_tax_owner,55652,134686458.170775,1213.291254,12.546301,-99.464596,7.729599
adults_25_64,equal_all_members,person,age_standardised,all_native,property_tax_renter_proxy,55652,134686458.170775,384.118117,5.036828,79.852773,3.445534
adults_25_64,equal_all_members,person,age_standardised,all_native,sales_tax_itep,55652,134686458.170775,1742.951759,10.085871,-69.529187,5.573814
adults_25_64,equal_all_members,person,age_standardised,all_native,sales_tax_share35,55652,134686458.170775,1004.394078,8.337746,-45.335799,4.552316
adults_25_64,equal_all_members,person,age_standardised,all_native,selected_cash_total,55652,134686458.170775,2559.458363,38.809203,106.138974,25.585246
adults_25_64,equal_all_members,person,age_standardised,all_native,selected_noncash_total,55652,134686458.170775,185.823142,3.797905,40.488647,2.889041
adults_25_64,equal_all_members,person,age_standardised,all_native,snap,55652,134686458.170775,121.683444,3.405514,30.816571,2.643680
adults_25_64,equal_all_members,person,age_standardised,all_native,social_security,55652,134686458.170775,1722.279860,33.903001,22.640373,19.687324
adults_25_64,equal_all_members,person,age_standardised,all_native,state_after_credits,55652,134686458.170775,1929.927466,30.825331,-174.932365,18.922373
adults_25_64,equal_all_members,person,age_standardised,all_native,state_local_total,55652,134686458.170775,4147.612798,44.070303,-319.732759,26.018928
adults_25_64,equal_all_members,person,age_standardised,asian_indian_native_selfid,cash_noncash_tax_balance,258,642302.176503,26573.544429,3837.037754,14788.882721,3865.913352
adults_25_64,equal_all_members,person,age_standardised,asian_indian_native_selfid,children_5_17,258,642302.176503,0.117760,0.019553,-0.001521,0.019813
adults_25_64,equal_all_members,person,age_standardised,asian_indian_native_selfid,employer_payroll,258,642302.176503,5174.551621,385.308653,1685.728211,390.623587
adults_25_64,equal_all_members,person,age_standardised,asian_indian_native_selfid,extended_balance_after_health,258,642302.176503,32092.642771,4640.983249,18661.705354,4678.930578
adults_25_64,equal_all_members,person,age_standardised,asian_indian_native_selfid,extended_balance_after_health_ins,258,642302.176503,32955.548921,4693.299246,19102.749181,4729.813488
adults_25_64,equal_all_members,person,age_standardised,asian_indian_native_selfid,extended_balance_base,258,642302.176503,34334.286310,4641.269783,18349.861460,4679.356564
adults_25_64,equal_all_members,person,age_standardised,asian_indian_native_selfid,extended_balance_flat090,258,642302.176503,34105.562740,4649.153192,18321.328637,4687.301094
adults_25_64,equal_all_members,person,age_standardised,asian_indian_native_selfid,extended_balance_renter,258,642302.176503,34654.014452,4646.578588,18365.324258,4684.087608
adults_25_64,equal_all_members,person,age_standardised,asian_indian_native_selfid,extended_balance_sales_itep,258,642302.176503,35011.130093,4659.042678,18263.954174,4697.437831
adults_25_64,equal_all_members,person,age_standardised,asian_indian_native_selfid,federal_after_refundable,258,642302.176503,17412.113920,2876.409549,8949.160500,2895.589739
adults_25_64,equal_all_members,person,age_standardised,asian_indian_native_selfid,health_age_birth,258,642302.176503,2241.643539,89.774635,-311.843894,88.754583
adults_25_64,equal_all_members,person,age_standardised,asian_indian_native_selfid,health_age_birth_ins,258,642302.176503,1378.737389,193.127569,-752.887721,191.866894
adults_25_64,equal_all_members,person,age_standardised,asian_indian_native_selfid,k12_charged,258,642302.176503,1886.937845,328.165991,235.391851,331.717356
adults_25_64,equal_all_members,person,age_standardised,asian_indian_native_selfid,k12_charged_flat090,258,642302.176503,2115.661415,367.944353,263.924675,371.926194
adults_25_64,equal_all_members,person,age_standardised,asian_indian_native_selfid,k12_cost_at_full_attendance,258,642302.176503,2350.734906,408.827059,293.249639,413.251327
adults_25_64,equal_all_members,person,age_standardised,asian_indian_native_selfid,modeled_tax_total,258,642302.176503,27299.728566,3811.782417,12916.412976,3840.686560
adults_25_64,equal_all_members,person,age_standardised,asian_indian_native_selfid,payroll,258,642302.176503,5476.032585,436.990271,1660.530245,441.890029
adults_25_64,equal_all_members,person,age_standardised,asian_indian_native_selfid,property_tax_owner,258,642302.176503,2858.406856,514.010598,1545.651007,514.322995
adults_25_64,equal_all_members,person,age_standardised,asian_indian_native_selfid,property_tax_renter_proxy,258,642302.176503,319.728142,47.612152,15.462798,47.514116
adults_25_64,equal_all_members,person,age_standardised,asian_indian_native_selfid,sales_tax_itep,258,642302.176503,2291.565033,189.273626,479.084087,190.216608
adults_25_64,equal_all_members,person,age_standardised,asian_indian_native_selfid,sales_tax_share35,258,642302.176503,1614.721250,169.424236,564.991373,170.079593
adults_25_64,equal_all_members,person,age_standardised,asian_indian_native_selfid,selected_cash_total,258,642302.176503,680.916460,247.350112,-1772.402929,248.619265
adults_25_64,equal_all_members,person,age_standardised,asian_indian_native_selfid,selected_noncash_total,258,642302.176503,45.267678,13.619698,-100.066816,13.839650
adults_25_64,equal_all_members,person,age_standardised,asian_indian_native_selfid,snap,258,642302.176503,19.159221,9.466403,-71.707652,10.037788
adults_25_64,equal_all_members,person,age_standardised,asian_indian_native_selfid,social_security,258,642302.176503,573.673830,238.487935,-1125.965657,235.307865
adults_25_64,equal_all_members,person,age_standardised,asian_indian_native_selfid,state_after_credits,258,642302.176503,4411.582062,647.650019,2306.722231,653.969458
adults_25_64,equal_all_members,person,age_standardised,asian_indian_native_selfid,state_local_total,258,642302.176503,8884.710167,1133.538731,4417.364610,1141.944725
adults_25_64,equal_all_members,person,age_standardised,china_born,cash_noncash_tax_balance,628,1512979.429194,18662.599104,2187.529139,6877.937397,2196.230132
adults_25_64,equal_all_members,person,age_standardised,china_born,children_5_17,628,1512979.429194,0.140671,0.010088,0.021390,0.010375
adults_25_64,equal_all_members,person,age_standardised,china_born,employer_payroll,628,1512979.429194,4139.112415,253.074574,650.289005,253.343632
adults_25_64,equal_all_members,person,age_standardised,china_born,extended_balance_after_health,628,1512979.429194,21717.141680,2601.173376,8286.204263,2613.546586
adults_25_64,equal_all_members,person,age_standardised,china_born,extended_balance_after_health_ins,628,1512979.429194,21314.167455,2672.662739,7461.367716,2684.273426
adults_25_64,equal_all_members,person,age_standardised,china_born,extended_balance_base,628,1512979.429194,23655.644092,2614.197824,7671.219242,2626.654016
adults_25_64,equal_all_members,person,age_standardised,china_born,extended_balance_flat090,628,1512979.429194,23364.278026,2620.077589,7580.043922,2632.902275
adults_25_64,equal_all_members,person,age_standardised,china_born,extended_balance_renter,628,1512979.429194,24165.612649,2608.891486,7876.922455,2621.795573
adults_25_64,equal_all_members,person,age_standardised,china_born,extended_balance_sales_itep,628,1512979.429194,24279.569206,2624.550987,7532.393287,2637.771231
adults_25_64,equal_all_members,person,age_standardised,china_born,federal_after_refundable,628,1512979.429194,11732.639963,1478.192278,3269.686542,1486.416356
adults_25_64,equal_all_members,person,age_standardised,china_born,health_age_birth,628,1512979.429194,1938.502412,69.668279,-614.985022,69.415948
adults_25_64,equal_all_members,person,age_standardised,china_born,health_age_birth_ins,628,1512979.429194,2341.476636,224.989258,209.851526,224.197493
adults_25_64,equal_all_members,person,age_standardised,china_born,k12_charged,628,1512979.429194,2403.729780,181.667280,752.183785,184.978336
adults_25_64,equal_all_members,person,age_standardised,china_born,k12_charged_flat090,628,1512979.429194,2695.095845,203.687926,843.359105,207.400328
adults_25_64,equal_all_members,person,age_standardised,china_born,k12_cost_at_full_attendance,628,1512979.429194,2994.550939,226.319917,937.065672,230.444809
adults_25_64,equal_all_members,person,age_standardised,china_born,modeled_tax_total,628,1512979.429194,19697.842972,2196.996572,5314.527382,2206.179684
adults_25_64,equal_all_members,person,age_standardised,china_born,payroll,628,1512979.429194,4446.159695,272.776759,630.657355,272.999578
adults_25_64,equal_all_members,person,age_standardised,china_born,property_tax_owner,628,1512979.429194,1968.683694,142.467432,655.927845,142.743579
adults_25_64,equal_all_members,person,age_standardised,china_born,property_tax_renter_proxy,628,1512979.429194,509.968557,44.203382,205.703213,44.317907
adults_25_64,equal_all_members,person,age_standardised,china_born,sales_tax_itep,628,1512979.429194,1912.903772,106.150055,100.422826,107.230844
adults_25_64,equal_all_members,person,age_standardised,china_born,sales_tax_share35,628,1512979.429194,1288.978658,92.732333,239.248780,92.915151
adults_25_64,equal_all_members,person,age_standardised,china_born,selected_cash_total,628,1512979.429194,868.115319,187.800569,-1585.204070,184.365607
adults_25_64,equal_all_members,person,age_standardised,china_born,selected_noncash_total,628,1512979.429194,167.128550,27.690906,21.794055,28.211971
adults_25_64,equal_all_members,person,age_standardised,china_born,snap,628,1512979.429194,92.843047,23.628129,1.976174,24.092262
adults_25_64,equal_all_members,person,age_standardised,china_born,social_security,628,1512979.429194,549.675238,169.614251,-1149.964248,171.559367
adults_25_64,equal_all_members,person,age_standardised,china_born,state_after_credits,628,1512979.429194,3519.043314,493.229263,1414.183484,495.397615
adults_25_64,equal_all_members,person,age_standardised,china_born,state_local_total,628,1512979.429194,6776.705666,659.665713,2309.360109,661.594872
adults_25_64,equal_all_members,person,age_standardised,china_born_broad,cash_noncash_tax_balance,769,1872200.147549,19527.961887,1937.365814,7743.300179,1946.644632
adults_25_64,equal_all_members,person,age_standardised,china_born_broad,children_5_17,769,1872200.147549,0.136386,0.008528,0.017104,0.008797
adults_25_64,equal_all_members,person,age_standardised,china_born_broad,employer_payroll,769,1872200.147549,4302.745620,220.111977,813.922210,220.885979
adults_25_64,equal_all_members,person,age_standardised,china_born_broad,extended_balance_after_health,769,1872200.147549,22989.291816,2299.368084,9558.354400,2311.967008
adults_25_64,equal_all_members,person,age_standardised,china_born_broad,extended_balance_after_health_ins,769,1872200.147549,22898.685168,2368.551190,9045.885429,2380.502275
adults_25_64,equal_all_members,person,age_standardised,china_born_broad,extended_balance_base,769,1872200.147549,24980.740456,2306.216911,8996.315606,2318.817824
adults_25_64,equal_all_members,person,age_standardised,china_born_broad,extended_balance_flat090,769,1872200.147549,24701.731285,2311.465871,8917.497182,2324.326692
adults_25_64,equal_all_members,person,age_standardised,china_born_broad,extended_balance_renter,769,1872200.147549,25483.849636,2303.947944,9195.159442,2316.863243
adults_25_64,equal_all_members,person,age_standardised,china_born_broad,extended_balance_sales_itep,769,1872200.147549,25602.050988,2315.973738,8854.875069,2329.219566
adults_25_64,equal_all_members,person,age_standardised,china_born_broad,federal_after_refundable,769,1872200.147549,12579.069318,1370.136461,4116.115898,1379.317413
adults_25_64,equal_all_members,person,age_standardised,china_born_broad,health_age_birth,769,1872200.147549,1991.448640,61.585858,-562.038794,61.563142
adults_25_64,equal_all_members,person,age_standardised,china_born_broad,health_age_birth_ins,769,1872200.147549,2082.055288,194.077403,-49.569823,193.879977
adults_25_64,equal_all_members,person,age_standardised,china_born_broad,k12_charged,769,1872200.147549,2301.787101,153.843023,650.241107,156.715852
adults_25_64,equal_all_members,person,age_standardised,china_born_broad,k12_charged_flat090,769,1872200.147549,2580.796272,172.490974,729.059531,175.712030
adults_25_64,equal_all_members,person,age_standardised,china_born_broad,k12_cost_at_full_attendance,769,1872200.147549,2867.551413,191.656638,810.066146,195.235589
adults_25_64,equal_all_members,person,age_standardised,china_born_broad,modeled_tax_total,769,1872200.147549,20586.307137,1939.180799,6202.991546,1948.125269
adults_25_64,equal_all_members,person,age_standardised,china_born_broad,payroll,769,1872200.147549,4614.735630,235.966165,799.233290,236.764749
adults_25_64,equal_all_members,person,age_standardised,china_born_broad,property_tax_owner,769,1872200.147549,2087.485309,123.939554,774.729460,124.002546
adults_25_64,equal_all_members,person,age_standardised,china_born_broad,property_tax_renter_proxy,769,1872200.147549,503.109180,40.408714,198.843836,40.446221
adults_25_64,equal_all_members,person,age_standardised,china_born_broad,sales_tax_itep,769,1872200.147549,1985.645274,96.942089,173.164328,98.044124
adults_25_64,equal_all_members,person,age_standardised,china_born_broad,sales_tax_share35,769,1872200.147549,1364.334742,84.849606,314.604864,85.243274
adults_25_64,equal_all_members,person,age_standardised,china_born_broad,selected_cash_total,769,1872200.147549,905.020680,152.184230,-1548.298709,149.895518
adults_25_64,equal_all_members,person,age_standardised,china_born_broad,selected_noncash_total,769,1872200.147549,153.324570,23.422699,7.990076,24.104456
adults_25_64,equal_all_members,person,age_standardised,china_born_broad,snap,769,1872200.147549,84.383213,19.928184,-6.483660,20.511146
adults_25_64,equal_all_members,person,age_standardised,china_born_broad,social_security,769,1872200.147549,558.234875,139.622623,-1141.404611,142.540874
adults_25_64,equal_all_members,person,age_standardised,china_born_broad,state_after_credits,769,1872200.147549,3392.502189,411.020684,1287.642358,412.718228
adults_25_64,equal_all_members,person,age_standardised,china_born_broad,state_local_total,769,1872200.147549,6844.322240,546.334399,2376.976682,547.337029
adults_25_64,equal_all_members,person,age_standardised,india_born,cash_noncash_tax_balance,1232,3245304.200540,20224.184376,1189.715661,8439.522669,1214.576946
adults_25_64,equal_all_members,person,age_standardised,india_born,children_5_17,1232,3245304.200540,0.130448,0.006274,0.011166,0.006446
adults_25_64,equal_all_members,person,age_standardised,india_born,employer_payroll,1232,3245304.200540,4793.853727,172.716837,1305.030317,175.699602
adults_25_64,equal_all_members,person,age_standardised,india_born,extended_balance_after_health,1232,3245304.200540,24386.060333,1420.018132,10955.122917,1448.517790
adults_25_64,equal_all_members,person,age_standardised,india_born,extended_balance_after_health_ins,1232,3245304.200540,25146.748066,1445.153244,11293.948327,1475.813976
adults_25_64,equal_all_members,person,age_standardised,india_born,extended_balance_base,1232,3245304.200540,26162.475071,1422.776764,10178.050222,1451.837641
adults_25_64,equal_all_members,person,age_standardised,india_born,extended_balance_flat090,1232,3245304.200540,25919.645987,1425.218097,10135.411883,1454.252548
adults_25_64,equal_all_members,person,age_standardised,india_born,extended_balance_renter,1232,3245304.200540,26546.248882,1422.749978,10257.558688,1451.219704
adults_25_64,equal_all_members,person,age_standardised,india_born,extended_balance_sales_itep,1232,3245304.200540,26790.733436,1430.536573,10043.557517,1459.615668
adults_25_64,equal_all_members,person,age_standardised,india_born,federal_after_refundable,1232,3245304.200540,12893.429290,884.491119,4430.475870,896.682877
adults_25_64,equal_all_members,person,age_standardised,india_born,health_age_birth,1232,3245304.200540,1776.414738,52.223010,-777.072695,55.865596
adults_25_64,equal_all_members,person,age_standardised,india_born,health_age_birth_ins,1232,3245304.200540,1015.727005,96.139017,-1115.898105,102.458566
adults_25_64,equal_all_members,person,age_standardised,india_born,k12_charged,1232,3245304.200540,2003.306392,101.577703,351.760398,105.762619
adults_25_64,equal_all_members,person,age_standardised,india_born,k12_charged_flat090,1232,3245304.200540,2246.135476,113.890358,394.398736,118.582545
adults_25_64,equal_all_members,person,age_standardised,india_born,k12_cost_at_full_attendance,1232,3245304.200540,2495.706085,126.544842,438.220818,131.758384
adults_25_64,equal_all_members,person,age_standardised,india_born,modeled_tax_total,1232,3245304.200540,20867.806957,1176.117106,6484.491366,1195.212151
adults_25_64,equal_all_members,person,age_standardised,india_born,payroll,1232,3245304.200540,5068.477205,178.067336,1252.974865,180.530090
adults_25_64,equal_all_members,person,age_standardised,india_born,property_tax_owner,1232,3245304.200540,1740.173110,96.693719,427.417261,95.704476
adults_25_64,equal_all_members,person,age_standardised,india_born,property_tax_renter_proxy,1232,3245304.200540,383.773811,24.408128,79.508467,24.015126
adults_25_64,equal_all_members,person,age_standardised,india_born,sales_tax_itep,1232,3245304.200540,2035.828614,65.794082,223.347668,66.700531
adults_25_64,equal_all_members,person,age_standardised,india_born,sales_tax_share35,1232,3245304.200540,1407.570250,57.723465,357.840372,58.624592
adults_25_64,equal_all_members,person,age_standardised,india_born,selected_cash_total,1232,3245304.200540,605.163524,140.336783,-1848.155865,146.131773
adults_25_64,equal_all_members,person,age_standardised,india_born,selected_noncash_total,1232,3245304.200540,38.459056,4.616685,-106.875438,6.162902
adults_25_64,equal_all_members,person,age_standardised,india_born,snap,1232,3245304.200540,8.182302,3.415998,-82.684571,5.304016
adults_25_64,equal_all_members,person,age_standardised,india_born,social_security,1232,3245304.200540,428.319651,117.812711,-1271.319836,125.757444
adults_25_64,equal_all_members,person,age_standardised,india_born,state_after_credits,1232,3245304.200540,2905.900461,212.125039,801.040631,216.239032
adults_25_64,equal_all_members,person,age_standardised,india_born,state_local_total,1232,3245304.200540,6053.643821,286.179603,1586.298264,292.702454
adults_25_64,equal_all_members,person,age_standardised,india_born_recent_noncit,cash_noncash_tax_balance,362,974649.319403,10910.349746,805.914037,-874.311962,801.982584
adults_25_64,equal_all_members,person,age_standardised,india_born_recent_noncit,children_5_17,362,974649.319403,0.155074,0.024481,0.035792,0.024493
adults_25_64,equal_all_members,person,age_standardised,india_born_recent_noncit,employer_payroll,362,974649.319403,3576.286165,176.282122,87.462755,176.327231
adults_25_64,equal_all_members,person,age_standardised,india_born_recent_noncit,extended_balance_after_health,362,974649.319403,12202.221789,1044.052900,-1228.715628,1050.265949
adults_25_64,equal_all_members,person,age_standardised,india_born_recent_noncit,extended_balance_after_health_ins,362,974649.319403,12859.485494,1048.384205,-993.314246,1058.900063
adults_25_64,equal_all_members,person,age_standardised,india_born_recent_noncit,extended_balance_base,362,974649.319403,13543.055623,1071.399224,-2441.369226,1077.025986
adults_25_64,equal_all_members,person,age_standardised,india_born_recent_noncit,extended_balance_flat090,362,974649.319403,13244.399136,1088.066617,-2539.834967,1094.938261
adults_25_64,equal_all_members,person,age_standardised,india_born_recent_noncit,extended_balance_renter,362,974649.319403,14159.936691,1071.329981,-2128.753503,1073.726339
adults_25_64,equal_all_members,person,age_standardised,india_born_recent_noncit,extended_balance_sales_itep,362,974649.319403,14157.268250,1070.946666,-2589.907669,1076.786427
adults_25_64,equal_all_members,person,age_standardised,india_born_recent_noncit,federal_after_refundable,362,974649.319403,6027.923813,569.745963,-2435.029607,572.059315
adults_25_64,equal_all_members,person,age_standardised,india_born_recent_noncit,health_age_birth,362,974649.319403,1340.833834,152.587541,-1212.653599,153.812544
adults_25_64,equal_all_members,person,age_standardised,india_born_recent_noncit,health_age_birth_ins,362,974649.319403,683.570130,181.615924,-1448.054981,186.191711
adults_25_64,equal_all_members,person,age_standardised,india_born_recent_noncit,k12_charged,362,974649.319403,2463.874748,427.309502,812.328754,427.771233
adults_25_64,equal_all_members,person,age_standardised,india_born_recent_noncit,k12_charged_flat090,362,974649.319403,2762.531235,479.105461,910.794494,479.623160
adults_25_64,equal_all_members,person,age_standardised,india_born_recent_noncit,k12_cost_at_full_attendance,362,974649.319403,3069.479150,532.339401,1011.993883,532.914622
adults_25_64,equal_all_members,person,age_standardised,india_born_recent_noncit,modeled_tax_total,362,974649.319403,11174.997872,811.967180,-3208.317719,812.820020
adults_25_64,equal_all_members,person,age_standardised,india_born_recent_noncit,payroll,362,974649.319403,3615.816203,177.490676,-199.686137,176.894156
adults_25_64,equal_all_members,person,age_standardised,india_born_recent_noncit,property_tax_owner,362,974649.319403,594.365426,96.995131,-718.390423,98.104423
adults_25_64,equal_all_members,person,age_standardised,india_born_recent_noncit,property_tax_renter_proxy,362,974649.319403,616.881067,88.436288,312.615723,88.201064
adults_25_64,equal_all_members,person,age_standardised,india_born_recent_noncit,sales_tax_itep,362,974649.319403,1540.141661,60.334434,-272.339286,59.202807
adults_25_64,equal_all_members,person,age_standardised,india_born_recent_noncit,sales_tax_share35,362,974649.319403,925.929034,61.301128,-123.800843,60.645826
adults_25_64,equal_all_members,person,age_standardised,india_born_recent_noncit,selected_cash_total,362,974649.319403,229.736036,131.864857,-2223.583353,140.835384
adults_25_64,equal_all_members,person,age_standardised,india_born_recent_noncit,selected_noncash_total,362,974649.319403,34.912090,8.219290,-110.422404,8.927688
adults_25_64,equal_all_members,person,age_standardised,india_born_recent_noncit,snap,362,974649.319403,2.586443,1.315889,-88.280429,3.980538
adults_25_64,equal_all_members,person,age_standardised,india_born_recent_noncit,social_security,362,974649.319403,122.883212,115.731622,-1576.756274,124.377632
adults_25_64,equal_all_members,person,age_standardised,india_born_recent_noncit,state_after_credits,362,974649.319403,1531.257856,140.629145,-573.601975,144.850408
adults_25_64,equal_all_members,person,age_standardised,india_born_recent_noncit,state_local_total,362,974649.319403,3051.552316,188.600149,-1415.793241,194.682606
adults_25_64,equal_all_members,person,age_standardised,india_born_settled,cash_noncash_tax_balance,870,2270654.881137,22795.105644,1357.013066,11010.443936,1382.202539
adults_25_64,equal_all_members,person,age_standardised,india_born_settled,children_5_17,870,2270654.881137,0.130712,0.006692,0.011431,0.006839
adults_25_64,equal_all_members,person,age_standardised,india_born_settled,employer_payroll,870,2270654.881137,5191.025600,200.059197,1702.202190,202.673285
adults_25_64,equal_all_members,person,age_standardised,india_born_settled,extended_balance_after_health,870,2270654.881137,27667.784194,1613.586028,14236.846778,1641.761683
adults_25_64,equal_all_members,person,age_standardised,india_born_settled,extended_balance_after_health_ins,870,2270654.881137,28442.847433,1646.619523,14590.047694,1676.329385
adults_25_64,equal_all_members,person,age_standardised,india_born_settled,extended_balance_base,870,2270654.881137,29549.204510,1607.103540,13564.779660,1636.828544
adults_25_64,equal_all_members,person,age_standardised,india_born_settled,extended_balance_flat090,870,2270654.881137,29308.012904,1608.583347,13523.778800,1638.286606
adults_25_64,equal_all_members,person,age_standardised,india_born_settled,extended_balance_renter,870,2270654.881137,29852.011818,1611.371752,13563.321624,1640.580027
adults_25_64,equal_all_members,person,age_standardised,india_born_settled,extended_balance_sales_itep,870,2270654.881137,30163.316418,1615.298689,13416.140499,1644.978444
adults_25_64,equal_all_members,person,age_standardised,india_born_settled,federal_after_refundable,870,2270654.881137,14602.963999,984.664128,6140.010579,997.296337
adults_25_64,equal_all_members,person,age_standardised,india_born_settled,health_age_birth,870,2270654.881137,1881.420316,57.648464,-672.067118,60.856403
adults_25_64,equal_all_members,person,age_standardised,india_born_settled,health_age_birth_ins,870,2270654.881137,1106.357077,118.213033,-1025.268033,122.943011
adults_25_64,equal_all_members,person,age_standardised,india_born_settled,k12_charged,870,2270654.881137,1989.797424,104.655188,338.251430,108.086834
adults_25_64,equal_all_members,person,age_standardised,india_born_settled,k12_charged_flat090,870,2270654.881137,2230.989030,117.340878,379.252290,121.188488
adults_25_64,equal_all_members,person,age_standardised,india_born_settled,k12_cost_at_full_attendance,870,2270654.881137,2478.876700,130.378753,421.391433,134.653875
adults_25_64,equal_all_members,person,age_standardised,india_born_settled,modeled_tax_total,870,2270654.881137,23491.279759,1345.125327,9107.964168,1363.651841
adults_25_64,equal_all_members,person,age_standardised,india_born_settled,payroll,870,2270654.881137,5497.780272,205.637540,1682.277932,207.563257
adults_25_64,equal_all_members,person,age_standardised,india_born_settled,property_tax_owner,870,2270654.881137,2022.715880,105.610398,709.960030,104.740759
adults_25_64,equal_all_members,person,age_standardised,india_born_settled,property_tax_renter_proxy,870,2270654.881137,302.807308,30.755037,-1.458036,30.631255
adults_25_64,equal_all_members,person,age_standardised,india_born_settled,sales_tax_itep,870,2270654.881137,2144.266718,75.620687,331.785772,76.621115
adults_25_64,equal_all_members,person,age_standardised,india_born_settled,sales_tax_share35,870,2270654.881137,1530.154811,66.377723,480.424933,67.357880
adults_25_64,equal_all_members,person,age_standardised,india_born_settled,selected_cash_total,870,2270654.881137,653.233902,151.757785,-1800.085487,157.096032
adults_25_64,equal_all_members,person,age_standardised,india_born_settled,selected_noncash_total,870,2270654.881137,42.940214,8.321332,-102.394281,9.319261
adults_25_64,equal_all_members,person,age_standardised,india_born_settled,snap,870,2270654.881137,12.262814,6.576714,-78.604059,7.838241
adults_25_64,equal_all_members,person,age_standardised,india_born_settled,social_security,870,2270654.881137,484.042376,130.105052,-1215.597111,137.269543
adults_25_64,equal_all_members,person,age_standardised,india_born_settled,state_after_credits,870,2270654.881137,3390.535488,273.755119,1285.675657,276.921171
adults_25_64,equal_all_members,person,age_standardised,india_born_settled,state_local_total,870,2270654.881137,6943.406178,350.782203,2476.060621,356.453677
adults_25_64,equal_all_members,person,age_standardised,india_second_gen,cash_noncash_tax_balance,209,491965.625932,30558.496350,4592.408979,18773.834643,4611.006280
adults_25_64,equal_all_members,person,age_standardised,india_second_gen,children_5_17,209,491965.625932,0.117285,0.020237,-0.001996,0.020354
adults_25_64,equal_all_members,person,age_standardised,india_second_gen,employer_payroll,209,491965.625932,5558.148149,426.310861,2069.324740,429.631199
adults_25_64,equal_all_members,person,age_standardised,india_second_gen,extended_balance_after_health,209,491965.625932,37122.712903,5458.960874,23691.775486,5481.934321
adults_25_64,equal_all_members,person,age_standardised,india_second_gen,extended_balance_after_health_ins,209,491965.625932,38086.676326,5479.039021,24233.876586,5500.866307
adults_25_64,equal_all_members,person,age_standardised,india_second_gen,extended_balance_base,209,491965.625932,39521.355126,5453.662889,23536.930277,5476.020233
adults_25_64,equal_all_members,person,age_standardised,india_second_gen,extended_balance_flat090,209,491965.625932,39302.976469,5464.989871,23518.742365,5487.401110
adults_25_64,equal_all_members,person,age_standardised,india_second_gen,extended_balance_renter,209,491965.625932,39861.095319,5462.909644,23572.405125,5484.775594
adults_25_64,equal_all_members,person,age_standardised,india_second_gen,extended_balance_sales_itep,209,491965.625932,40251.153189,5464.279501,23503.977270,5487.076495
adults_25_64,equal_all_members,person,age_standardised,india_second_gen,federal_after_refundable,209,491965.625932,20708.880478,3550.033913,12245.927057,3564.639934
adults_25_64,equal_all_members,person,age_standardised,india_second_gen,health_age_birth,209,491965.625932,2398.642224,134.904782,-154.845210,134.164683
adults_25_64,equal_all_members,person,age_standardised,india_second_gen,health_age_birth_ins,209,491965.625932,1434.678801,241.470393,-696.946310,242.128253
adults_25_64,equal_all_members,person,age_standardised,india_second_gen,k12_charged,209,491965.625932,1801.593749,301.175915,150.047755,303.597234
adults_25_64,equal_all_members,person,age_standardised,india_second_gen,k12_charged_flat090,209,491965.625932,2019.972406,337.682698,168.235666,340.397515
adults_25_64,equal_all_members,person,age_standardised,india_second_gen,k12_cost_at_full_attendance,209,491965.625932,2244.413785,375.202998,186.928518,378.219461
adults_25_64,equal_all_members,person,age_standardised,india_second_gen,modeled_tax_total,209,491965.625932,31769.691450,4538.958918,17386.375859,4556.729823
adults_25_64,equal_all_members,person,age_standardised,india_second_gen,payroll,209,491965.625932,5892.278721,469.763344,2076.776381,472.306089
adults_25_64,equal_all_members,person,age_standardised,india_second_gen,property_tax_owner,209,491965.625932,3400.698984,570.960368,2087.943135,569.915941
adults_25_64,equal_all_members,person,age_standardised,india_second_gen,property_tax_renter_proxy,209,491965.625932,339.740192,56.066461,35.474848,56.043758
adults_25_64,equal_all_members,person,age_standardised,india_second_gen,sales_tax_itep,209,491965.625932,2535.403453,224.925428,722.922507,225.365210
adults_25_64,equal_all_members,person,age_standardised,india_second_gen,sales_tax_share35,209,491965.625932,1805.605391,216.393297,755.875514,216.567323
adults_25_64,equal_all_members,person,age_standardised,india_second_gen,selected_cash_total,209,491965.625932,1180.652522,397.560933,-1272.666867,392.580432
adults_25_64,equal_all_members,person,age_standardised,india_second_gen,selected_noncash_total,209,491965.625932,30.542578,11.958315,-114.791917,12.614355
adults_25_64,equal_all_members,person,age_standardised,india_second_gen,snap,209,491965.625932,5.325672,4.707774,-85.541201,6.159372
adults_25_64,equal_all_members,person,age_standardised,india_second_gen,social_security,209,491965.625932,922.227275,366.876856,-777.412212,360.494329
adults_25_64,equal_all_members,person,age_standardised,india_second_gen,state_after_credits,209,491965.625932,5168.532251,766.752220,3063.672421,767.755581
adults_25_64,equal_all_members,person,age_standardised,india_second_gen,state_local_total,209,491965.625932,10374.836627,1267.883083,5907.491070,1267.985204
adults_25_64,equal_all_members,person,age_standardised,mexican_second_gen,cash_noncash_tax_balance,2452,5614636.312903,5829.343484,480.524284,-5955.318223,507.761939
adults_25_64,equal_all_members,person,age_standardised,mexican_second_gen,children_5_17,2452,5614636.312903,0.135094,0.005897,0.015812,0.006074
adults_25_64,equal_all_members,person,age_standardised,mexican_second_gen,employer_payroll,2452,5614636.312903,2565.956799,71.286615,-922.866611,70.950700
adults_25_64,equal_all_members,person,age_standardised,mexican_second_gen,extended_balance_after_health,2452,5614636.312903,5666.552236,597.668037,-7764.385180,622.545861
adults_25_64,equal_all_members,person,age_standardised,mexican_second_gen,extended_balance_after_health_ins,2452,5614636.312903,5375.822367,643.618334,-8476.977373,667.418203
adults_25_64,equal_all_members,person,age_standardised,mexican_second_gen,extended_balance_base,2452,5614636.312903,8245.416717,583.303117,-7739.008133,609.091550
adults_25_64,equal_all_members,person,age_standardised,mexican_second_gen,extended_balance_flat090,2452,5614636.312903,8016.185427,585.610037,-7768.048676,611.355441
adults_25_64,equal_all_members,person,age_standardised,mexican_second_gen,extended_balance_renter,2452,5614636.312903,8679.211106,583.827485,-7609.479088,608.917430
adults_25_64,equal_all_members,person,age_standardised,mexican_second_gen,extended_balance_sales_itep,2452,5614636.312903,8757.238941,585.437986,-7989.936978,610.949095
adults_25_64,equal_all_members,person,age_standardised,mexican_second_gen,federal_after_refundable,2452,5614636.312903,4327.764212,351.600129,-4135.189208,368.922891
adults_25_64,equal_all_members,person,age_standardised,mexican_second_gen,health_age_birth,2452,5614636.312903,2578.864481,55.246473,25.377048,56.178380
adults_25_64,equal_all_members,person,age_standardised,mexican_second_gen,health_age_birth_ins,2452,5614636.312903,2869.594350,122.619223,737.969240,125.210359
adults_25_64,equal_all_members,person,age_standardised,mexican_second_gen,k12_charged,2452,5614636.312903,1891.126463,82.005819,239.580469,85.953366
adults_25_64,equal_all_members,person,age_standardised,mexican_second_gen,k12_charged_flat090,2452,5614636.312903,2120.357753,91.946084,268.621012,96.372131
adults_25_64,equal_all_members,person,age_standardised,mexican_second_gen,k12_cost_at_full_attendance,2452,5614636.312903,2355.953059,102.162316,298.467792,107.080145
adults_25_64,equal_all_members,person,age_standardised,mexican_second_gen,modeled_tax_total,2452,5614636.312903,8080.405074,436.334990,-6302.910517,459.988770
adults_25_64,equal_all_members,person,age_standardised,mexican_second_gen,payroll,2452,5614636.312903,2733.244970,75.441821,-1082.257369,76.225219
adults_25_64,equal_all_members,person,age_standardised,mexican_second_gen,property_tax_owner,2452,5614636.312903,915.603782,48.338001,-397.152067,51.754435
adults_25_64,equal_all_members,person,age_standardised,mexican_second_gen,property_tax_renter_proxy,2452,5614636.312903,433.794389,27.940081,129.529044,27.540229
adults_25_64,equal_all_members,person,age_standardised,mexican_second_gen,sales_tax_itep,2452,5614636.312903,1337.461339,30.030520,-475.019607,29.742816
adults_25_64,equal_all_members,person,age_standardised,mexican_second_gen,sales_tax_share35,2452,5614636.312903,825.639115,24.559832,-224.090762,24.546221
adults_25_64,equal_all_members,person,age_standardised,mexican_second_gen,selected_cash_total,2452,5614636.312903,2025.074670,164.874952,-428.244719,176.349338
adults_25_64,equal_all_members,person,age_standardised,mexican_second_gen,selected_noncash_total,2452,5614636.312903,225.986920,16.163534,80.652426,17.140026
adults_25_64,equal_all_members,person,age_standardised,mexican_second_gen,snap,2452,5614636.312903,135.362948,15.426873,44.496076,16.256867
adults_25_64,equal_all_members,person,age_standardised,mexican_second_gen,social_security,2452,5614636.312903,1260.554927,137.937646,-439.084560,147.756579
adults_25_64,equal_all_members,person,age_standardised,mexican_second_gen,state_after_credits,2452,5614636.312903,1019.395892,64.253676,-1085.463939,74.149727
adults_25_64,equal_all_members,person,age_standardised,mexican_second_gen,state_local_total,2452,5614636.312903,2760.638789,108.270089,-1706.706768,119.890970
adults_25_64,equal_all_members,person,age_standardised,mexico_born,cash_noncash_tax_balance,4318,9446562.935127,3892.449461,271.119095,-7892.212246,363.262663
adults_25_64,equal_all_members,person,age_standardised,mexico_born,children_5_17,4318,9446562.935127,0.161794,0.003956,0.042513,0.004220
adults_25_64,equal_all_members,person,age_standardised,mexico_born,employer_payroll,4318,9446562.935127,1914.910794,39.883328,-1573.912616,46.355456
adults_25_64,equal_all_members,person,age_standardised,mexico_born,extended_balance_after_health,4318,9446562.935127,2855.536458,329.798456,-10575.400959,430.139446
adults_25_64,equal_all_members,person,age_standardised,mexico_born,extended_balance_after_health_ins,4318,9446562.935127,2587.630390,354.842098,-11265.169349,455.441831
adults_25_64,equal_all_members,person,age_standardised,mexico_born,extended_balance_base,4318,9446562.935127,4679.978765,327.428880,-11304.446085,425.021707
adults_25_64,equal_all_members,person,age_standardised,mexico_born,extended_balance_flat090,4318,9446562.935127,4407.771623,329.678439,-11376.462480,426.197421
adults_25_64,equal_all_members,person,age_standardised,mexico_born,extended_balance_renter,4318,9446562.935127,5172.682677,327.985705,-11116.007517,425.116452
adults_25_64,equal_all_members,person,age_standardised,mexico_born,extended_balance_sales_itep,4318,9446562.935127,5177.380839,330.552615,-11569.795079,427.820507
adults_25_64,equal_all_members,person,age_standardised,mexico_born,federal_after_refundable,4318,9446562.935127,2233.933980,192.051410,-6229.019440,260.978247
adults_25_64,equal_all_members,person,age_standardised,mexico_born,health_age_birth,4318,9446562.935127,1824.442307,23.035734,-729.045126,25.744695
adults_25_64,equal_all_members,person,age_standardised,mexico_born,health_age_birth_ins,4318,9446562.935127,2092.348375,70.899435,-39.276736,74.938420
adults_25_64,equal_all_members,person,age_standardised,mexico_born,k12_charged,4318,9446562.935127,2245.671304,59.023194,594.125310,64.675138
adults_25_64,equal_all_members,person,age_standardised,mexico_born,k12_charged_flat090,4318,9446562.935127,2517.878446,66.177640,666.141705,72.514680
adults_25_64,equal_all_members,person,age_standardised,mexico_born,k12_cost_at_full_attendance,4318,9446562.935127,2797.642717,73.530712,740.157450,80.571867
adults_25_64,equal_all_members,person,age_standardised,mexico_born,modeled_tax_total,4318,9446562.935127,5011.383822,261.535373,-9371.931768,350.257550
adults_25_64,equal_all_members,person,age_standardised,mexico_born,payroll,4318,9446562.935127,2169.816231,43.628893,-1645.686109,52.234060
adults_25_64,equal_all_members,person,age_standardised,mexico_born,property_tax_owner,4318,9446562.935127,519.401342,25.710449,-793.354507,29.367293
adults_25_64,equal_all_members,person,age_standardised,mexico_born,property_tax_renter_proxy,4318,9446562.935127,492.703912,14.433089,188.438568,14.906975
adults_25_64,equal_all_members,person,age_standardised,mexico_born,sales_tax_itep,4318,9446562.935127,1096.290546,17.060688,-716.190400,20.433593
adults_25_64,equal_all_members,person,age_standardised,mexico_born,sales_tax_share35,4318,9446562.935127,598.888471,12.742715,-450.841406,16.121844
adults_25_64,equal_all_members,person,age_standardised,mexico_born,selected_cash_total,4318,9446562.935127,876.556420,62.701038,-1576.762969,84.235453
adults_25_64,equal_all_members,person,age_standardised,mexico_born,selected_noncash_total,4318,9446562.935127,242.377941,13.227281,97.043447,13.850123
adults_25_64,equal_all_members,person,age_standardised,mexico_born,snap,4318,9446562.935127,117.887706,11.424273,27.020833,12.178244
adults_25_64,equal_all_members,person,age_standardised,mexico_born,social_security,4318,9446562.935127,650.954191,52.146170,-1048.685296,69.669994
adults_25_64,equal_all_members,person,age_standardised,mexico_born,state_after_credits,4318,9446562.935127,607.633611,43.736268,-1497.226220,58.500278
adults_25_64,equal_all_members,person,age_standardised,mexico_born,state_local_total,4318,9446562.935127,1725.923424,60.383508,-2741.422133,82.614264
adults_25_64,equal_all_members,person,age_standardised,third_plus_nh_white,cash_noncash_tax_balance,36287,87647853.345835,11784.661708,249.750755,0.000000,0.000000
adults_25_64,equal_all_members,person,age_standardised,third_plus_nh_white,children_5_17,36287,87647853.345835,0.119281,0.001440,0.000000,0.000000
adults_25_64,equal_all_members,person,age_standardised,third_plus_nh_white,employer_payroll,36287,87647853.345835,3488.823410,27.529039,0.000000,0.000000
adults_25_64,equal_all_members,person,age_standardised,third_plus_nh_white,extended_balance_after_health,36287,87647853.345835,13430.937416,294.067750,0.000000,0.000000
adults_25_64,equal_all_members,person,age_standardised,third_plus_nh_white,extended_balance_after_health_ins,36287,87647853.345835,13852.799739,302.450881,0.000000,0.000000
adults_25_64,equal_all_members,person,age_standardised,third_plus_nh_white,extended_balance_base,36287,87647853.345835,15984.424850,291.141710,0.000000,0.000000
adults_25_64,equal_all_members,person,age_standardised,third_plus_nh_white,extended_balance_flat090,36287,87647853.345835,15784.234103,291.589468,0.000000,0.000000
adults_25_64,equal_all_members,person,age_standardised,third_plus_nh_white,extended_balance_renter,36287,87647853.345835,16288.690194,291.481808,0.000000,0.000000
adults_25_64,equal_all_members,person,age_standardised,third_plus_nh_white,extended_balance_sales_itep,36287,87647853.345835,16747.175919,292.739471,0.000000,0.000000
adults_25_64,equal_all_members,person,age_standardised,third_plus_nh_white,federal_after_refundable,36287,87647853.345835,8462.953420,179.442595,0.000000,0.000000
adults_25_64,equal_all_members,person,age_standardised,third_plus_nh_white,health_age_birth,36287,87647853.345835,2553.487433,12.303950,0.000000,0.000000
adults_25_64,equal_all_members,person,age_standardised,third_plus_nh_white,health_age_birth_ins,36287,87647853.345835,2131.625110,28.537262,0.000000,0.000000
adults_25_64,equal_all_members,person,age_standardised,third_plus_nh_white,k12_charged,36287,87647853.345835,1651.545994,22.843505,0.000000,0.000000
adults_25_64,equal_all_members,person,age_standardised,third_plus_nh_white,k12_charged_flat090,36287,87647853.345835,1851.736741,25.612461,0.000000,0.000000
adults_25_64,equal_all_members,person,age_standardised,third_plus_nh_white,k12_cost_at_full_attendance,36287,87647853.345835,2057.485267,28.458290,0.000000,0.000000
adults_25_64,equal_all_members,person,age_standardised,third_plus_nh_white,modeled_tax_total,36287,87647853.345835,14383.315591,237.071792,0.000000,0.000000
adults_25_64,equal_all_members,person,age_standardised,third_plus_nh_white,payroll,36287,87647853.345835,3815.502340,30.388290,0.000000,0.000000
adults_25_64,equal_all_members,person,age_standardised,third_plus_nh_white,property_tax_owner,36287,87647853.345835,1312.755849,16.249246,0.000000,0.000000
adults_25_64,equal_all_members,person,age_standardised,third_plus_nh_white,property_tax_renter_proxy,36287,87647853.345835,304.265344,5.621283,0.000000,0.000000
adults_25_64,equal_all_members,person,age_standardised,third_plus_nh_white,sales_tax_itep,36287,87647853.345835,1812.480946,12.380793,0.000000,0.000000
adults_25_64,equal_all_members,person,age_standardised,third_plus_nh_white,sales_tax_share35,36287,87647853.345835,1049.729877,10.447672,0.000000,0.000000
adults_25_64,equal_all_members,person,age_standardised,third_plus_nh_white,selected_cash_total,36287,87647853.345835,2453.319389,47.913195,0.000000,0.000000
adults_25_64,equal_all_members,person,age_standardised,third_plus_nh_white,selected_noncash_total,36287,87647853.345835,145.334494,4.225674,0.000000,0.000000
adults_25_64,equal_all_members,person,age_standardised,third_plus_nh_white,snap,36287,87647853.345835,90.866873,3.937087,0.000000,0.000000
adults_25_64,equal_all_members,person,age_standardised,third_plus_nh_white,social_security,36287,87647853.345835,1699.639486,41.230770,0.000000,0.000000
adults_25_64,equal_all_members,person,age_standardised,third_plus_nh_white,state_after_credits,36287,87647853.345835,2104.859831,38.869816,0.000000,0.000000
adults_25_64,equal_all_members,person,age_standardised,third_plus_nh_white,state_local_total,36287,87647853.345835,4467.345557,55.759544,0.000000,0.000000
adults_25_64,equal_all_members,person,exclude_recent_noncitizen,all_foreign_born,cash_noncash_tax_balance,12347,29859366.550770,9699.298633,292.001360,-2085.363067,402.551520
adults_25_64,equal_all_members,person,exclude_recent_noncitizen,all_foreign_born,children_5_17,12347,29859366.550770,0.155954,0.002437,0.036672,0.002907
adults_25_64,equal_all_members,person,exclude_recent_noncitizen,all_foreign_born,employer_payroll,12347,29859366.550770,2940.530609,37.896122,-548.292801,47.540027
adults_25_64,equal_all_members,person,exclude_recent_noncitizen,all_foreign_born,extended_balance_after_health,12347,29859366.550770,10286.284172,352.022474,-3144.653230,480.316126
adults_25_64,equal_all_members,person,exclude_recent_noncitizen,all_foreign_born,extended_balance_after_health_ins,12347,29859366.550770,10295.644513,365.864531,-3557.155212,493.970792
adults_25_64,equal_all_members,person,exclude_recent_noncitizen,all_foreign_born,extended_balance_base,12347,29859366.550770,12281.921444,351.577948,-3702.503377,478.520890
adults_25_64,equal_all_members,person,exclude_recent_noncitizen,all_foreign_born,extended_balance_flat090,12347,29859366.550770,11994.466038,352.444445,-3789.768035,479.507770
adults_25_64,equal_all_members,person,exclude_recent_noncitizen,all_foreign_born,extended_balance_renter,12347,29859366.550770,12742.761964,350.082241,-3545.928203,477.032487
adults_25_64,equal_all_members,person,exclude_recent_noncitizen,all_foreign_born,extended_balance_sales_itep,12347,29859366.550770,12861.226103,353.211285,-3885.949786,481.035623
adults_25_64,equal_all_members,person,exclude_recent_noncitizen,all_foreign_born,federal_after_refundable,12347,29859366.550770,6226.118787,203.677466,-2236.834609,288.027066
adults_25_64,equal_all_members,person,exclude_recent_noncitizen,all_foreign_born,health_age_birth,12347,29859366.550770,1995.637272,17.078820,-557.850147,21.650355
adults_25_64,equal_all_members,person,exclude_recent_noncitizen,all_foreign_born,health_age_birth_ins,12347,29859366.550770,1986.276931,37.956355,-145.348166,46.301563
adults_25_64,equal_all_members,person,exclude_recent_noncitizen,all_foreign_born,k12_charged,12347,29859366.550770,2371.467378,41.755771,719.921371,49.156830
adults_25_64,equal_all_members,person,exclude_recent_noncitizen,all_foreign_born,k12_charged_flat090,12347,29859366.550770,2658.922784,46.817161,807.186029,55.115333
adults_25_64,equal_all_members,person,exclude_recent_noncitizen,all_foreign_born,k12_cost_at_full_attendance,12347,29859366.550770,2954.358649,52.019068,896.873365,61.239259
adults_25_64,equal_all_members,person,exclude_recent_noncitizen,all_foreign_born,modeled_tax_total,12347,29859366.550770,11148.546358,282.998229,-3234.769204,388.699213
adults_25_64,equal_all_members,person,exclude_recent_noncitizen,all_foreign_born,payroll,12347,29859366.550770,3241.835562,41.520337,-573.666777,52.364581
adults_25_64,equal_all_members,person,exclude_recent_noncitizen,all_foreign_born,property_tax_owner,12347,29859366.550770,1123.691309,25.884918,-189.064534,29.172771
adults_25_64,equal_all_members,person,exclude_recent_noncitizen,all_foreign_born,property_tax_renter_proxy,12347,29859366.550770,460.840520,9.131619,156.575174,10.215889
adults_25_64,equal_all_members,person,exclude_recent_noncitizen,all_foreign_born,sales_tax_itep,12347,29859366.550770,1469.172930,15.310761,-343.308014,20.674381
adults_25_64,equal_all_members,person,exclude_recent_noncitizen,all_foreign_born,sales_tax_share35,12347,29859366.550770,889.868271,13.080572,-159.861605,17.531912
adults_25_64,equal_all_members,person,exclude_recent_noncitizen,all_foreign_born,selected_cash_total,12347,29859366.550770,1254.376417,49.963088,-1198.942950,65.321263
adults_25_64,equal_all_members,person,exclude_recent_noncitizen,all_foreign_born,selected_noncash_total,12347,29859366.550770,194.871308,6.267142,49.536813,7.590508
adults_25_64,equal_all_members,person,exclude_recent_noncitizen,all_foreign_born,snap,12347,29859366.550770,104.603633,5.750169,13.736760,7.043516
adults_25_64,equal_all_members,person,exclude_recent_noncitizen,all_foreign_born,social_security,12347,29859366.550770,856.163711,39.206946,-843.475757,54.500973
adults_25_64,equal_all_members,person,exclude_recent_noncitizen,all_foreign_born,state_after_credits,12347,29859366.550770,1680.592010,55.310817,-424.267817,70.137713
adults_25_64,equal_all_members,person,exclude_recent_noncitizen,all_foreign_born,state_local_total,12347,29859366.550770,3694.151590,78.609841,-773.193956,100.151611
adults_25_64,equal_all_members,person,exclude_recent_noncitizen,all_native,cash_noncash_tax_balance,55652,134686458.170775,10471.612923,195.426833,-1313.048778,105.624736
adults_25_64,equal_all_members,person,exclude_recent_noncitizen,all_native,children_5_17,55652,134686458.170775,0.120746,0.001225,0.001465,0.000806
adults_25_64,equal_all_members,person,exclude_recent_noncitizen,all_native,employer_payroll,55652,134686458.170775,3307.299102,22.442604,-181.524307,12.761700
adults_25_64,equal_all_members,person,exclude_recent_noncitizen,all_native,extended_balance_after_health,55652,134686458.170775,11756.011245,234.131102,-1674.926157,124.319825
adults_25_64,equal_all_members,person,exclude_recent_noncitizen,all_native,extended_balance_after_health_ins,55652,134686458.170775,11955.660703,241.274855,-1897.139022,129.028076
adults_25_64,equal_all_members,person,exclude_recent_noncitizen,all_native,extended_balance_base,55652,134686458.170775,14265.654779,231.612161,-1718.770042,123.628277
adults_25_64,equal_all_members,person,exclude_recent_noncitizen,all_native,extended_balance_flat090,55652,134686458.170775,14060.835445,232.274571,-1723.398628,123.818987
adults_25_64,equal_all_members,person,exclude_recent_noncitizen,all_native,extended_balance_renter,55652,134686458.170775,14661.408135,231.923758,-1627.282031,123.829898
adults_25_64,equal_all_members,person,exclude_recent_noncitizen,all_native,extended_balance_sales_itep,55652,134686458.170775,15001.548671,233.061646,-1745.627218,124.354091
adults_25_64,equal_all_members,person,exclude_recent_noncitizen,all_native,federal_after_refundable,55652,134686458.170775,7603.041087,138.949568,-859.912309,78.356853
adults_25_64,equal_all_members,person,exclude_recent_noncitizen,all_native,health_age_birth,55652,134686458.170775,2509.643534,10.369906,-43.843885,6.653913
adults_25_64,equal_all_members,person,exclude_recent_noncitizen,all_native,health_age_birth_ins,55652,134686458.170775,2309.994076,23.870391,178.368980,15.528029
adults_25_64,equal_all_members,person,exclude_recent_noncitizen,all_native,k12_charged,55652,134686458.170775,1689.731202,18.998905,38.185195,12.759979
adults_25_64,equal_all_members,person,exclude_recent_noncitizen,all_native,k12_charged_flat090,55652,134686458.170775,1894.550536,21.301841,42.813781,14.306669
adults_25_64,equal_all_members,person,exclude_recent_noncitizen,all_native,k12_cost_at_full_attendance,55652,134686458.170775,2105.056151,23.668713,47.570867,15.896298
adults_25_64,equal_all_members,person,exclude_recent_noncitizen,all_native,modeled_tax_total,55652,134686458.170775,13110.121066,184.352763,-1273.194496,104.111004
adults_25_64,equal_all_members,person,exclude_recent_noncitizen,all_native,payroll,55652,134686458.170775,3593.197815,24.521421,-222.304524,14.123361
adults_25_64,equal_all_members,person,exclude_recent_noncitizen,all_native,property_tax_owner,55652,134686458.170775,1179.938471,12.274359,-132.817372,8.089025
adults_25_64,equal_all_members,person,exclude_recent_noncitizen,all_native,property_tax_renter_proxy,55652,134686458.170775,395.753356,5.209966,91.488010,3.514984
adults_25_64,equal_all_members,person,exclude_recent_noncitizen,all_native,sales_tax_itep,55652,134686458.170775,1732.429377,10.060773,-80.051566,5.747196
adults_25_64,equal_all_members,person,exclude_recent_noncitizen,all_native,sales_tax_share35,55652,134686458.170775,996.535485,8.228730,-53.194390,4.725236
adults_25_64,equal_all_members,person,exclude_recent_noncitizen,all_native,selected_cash_total,55652,134686458.170775,2450.869587,37.556896,-2.449779,25.640026
adults_25_64,equal_all_members,person,exclude_recent_noncitizen,all_native,selected_noncash_total,55652,134686458.170775,187.638556,3.806158,42.304061,2.897568
adults_25_64,equal_all_members,person,exclude_recent_noncitizen,all_native,snap,55652,134686458.170775,122.205807,3.389439,31.338934,2.649002
adults_25_64,equal_all_members,person,exclude_recent_noncitizen,all_native,social_security,55652,134686458.170775,1636.485196,32.257872,-63.154272,19.768779
adults_25_64,equal_all_members,person,exclude_recent_noncitizen,all_native,state_after_credits,55652,134686458.170775,1913.882164,30.049052,-190.977663,18.894915
adults_25_64,equal_all_members,person,exclude_recent_noncitizen,all_native,state_local_total,55652,134686458.170775,4090.356120,43.096837,-376.989426,26.443320
adults_25_64,equal_all_members,person,exclude_recent_noncitizen,asian_indian_native_selfid,cash_noncash_tax_balance,258,642302.176503,25058.956890,2854.123887,13274.295190,2902.370129
adults_25_64,equal_all_members,person,exclude_recent_noncitizen,asian_indian_native_selfid,children_5_17,258,642302.176503,0.107743,0.016406,-0.011538,0.016609
adults_25_64,equal_all_members,person,exclude_recent_noncitizen,asian_indian_native_selfid,employer_payroll,258,642302.176503,5156.354374,274.294655,1667.530964,280.858776
adults_25_64,equal_all_members,person,exclude_recent_noncitizen,asian_indian_native_selfid,extended_balance_after_health,258,642302.176503,30343.925402,3320.128357,16912.988000,3382.109038
adults_25_64,equal_all_members,person,exclude_recent_noncitizen,asian_indian_native_selfid,extended_balance_after_health_ins,258,642302.176503,31070.445029,3354.252451,17217.645304,3414.782342
adults_25_64,equal_all_members,person,exclude_recent_noncitizen,asian_indian_native_selfid,extended_balance_base,258,642302.176503,32387.454564,3303.806931,16403.029743,3366.370935
adults_25_64,equal_all_members,person,exclude_recent_noncitizen,asian_indian_native_selfid,extended_balance_flat090,258,642302.176503,32177.765572,3310.633125,16393.531499,3373.516149
adults_25_64,equal_all_members,person,exclude_recent_noncitizen,asian_indian_native_selfid,extended_balance_renter,258,642302.176503,32817.708263,3316.275255,16529.018097,3378.473588
adults_25_64,equal_all_members,person,exclude_recent_noncitizen,asian_indian_native_selfid,extended_balance_sales_itep,258,642302.176503,33060.602763,3311.416404,16313.426874,3374.392688
adults_25_64,equal_all_members,person,exclude_recent_noncitizen,asian_indian_native_selfid,federal_after_refundable,258,642302.176503,16041.933980,2127.987202,7578.980584,2159.133083
adults_25_64,equal_all_members,person,exclude_recent_noncitizen,asian_indian_native_selfid,health_age_birth,258,642302.176503,2043.529163,99.320448,-509.958257,98.312995
adults_25_64,equal_all_members,person,exclude_recent_noncitizen,asian_indian_native_selfid,health_age_birth_ins,258,642302.176503,1317.009536,163.417726,-814.615561,161.682600
adults_25_64,equal_all_members,person,exclude_recent_noncitizen,asian_indian_native_selfid,k12_charged,258,642302.176503,1729.905210,269.500458,78.359203,272.839620
adults_25_64,equal_all_members,person,exclude_recent_noncitizen,asian_indian_native_selfid,k12_charged_flat090,258,642302.176503,1939.594203,302.167728,87.857448,305.911643
adults_25_64,equal_all_members,person,exclude_recent_noncitizen,asian_indian_native_selfid,k12_cost_at_full_attendance,258,642302.176503,2155.104670,335.741920,97.619386,339.901825
adults_25_64,equal_all_members,person,exclude_recent_noncitizen,asian_indian_native_selfid,modeled_tax_total,258,642302.176503,25827.763276,2811.922008,11444.447714,2858.697164
adults_25_64,equal_all_members,person,exclude_recent_noncitizen,asian_indian_native_selfid,payroll,258,642302.176503,5418.040253,299.603225,1602.537914,306.842299
adults_25_64,equal_all_members,person,exclude_recent_noncitizen,asian_indian_native_selfid,property_tax_owner,258,642302.176503,2336.093710,293.004407,1023.337867,293.853541
adults_25_64,equal_all_members,person,exclude_recent_noncitizen,asian_indian_native_selfid,property_tax_renter_proxy,258,642302.176503,430.253699,68.135504,125.988354,68.069078
adults_25_64,equal_all_members,person,exclude_recent_noncitizen,asian_indian_native_selfid,sales_tax_itep,258,642302.176503,2239.102999,135.034176,426.622056,136.710277
adults_25_64,equal_all_members,person,exclude_recent_noncitizen,asian_indian_native_selfid,sales_tax_share35,258,642302.176503,1565.954801,122.561665,516.224926,124.008620
adults_25_64,equal_all_members,person,exclude_recent_noncitizen,asian_indian_native_selfid,selected_cash_total,258,642302.176503,722.133837,249.466610,-1731.185530,250.786578
adults_25_64,equal_all_members,person,exclude_recent_noncitizen,asian_indian_native_selfid,selected_noncash_total,258,642302.176503,46.672549,13.347657,-98.661946,13.532300
adults_25_64,equal_all_members,person,exclude_recent_noncitizen,asian_indian_native_selfid,snap,258,642302.176503,21.897122,11.690720,-68.969751,12.042819
adults_25_64,equal_all_members,person,exclude_recent_noncitizen,asian_indian_native_selfid,social_security,258,642302.176503,584.590573,235.977735,-1115.048895,233.047284
adults_25_64,equal_all_members,person,exclude_recent_noncitizen,asian_indian_native_selfid,state_after_credits,258,642302.176503,4367.789042,521.263506,2262.929215,530.636069
adults_25_64,equal_all_members,person,exclude_recent_noncitizen,asian_indian_native_selfid,state_local_total,258,642302.176503,8269.837553,737.046379,3802.492008,750.674391
adults_25_64,equal_all_members,person,exclude_recent_noncitizen,china_born,cash_noncash_tax_balance,540,1308756.143825,19379.372900,2363.655469,7594.711200,2367.346857
adults_25_64,equal_all_members,person,exclude_recent_noncitizen,china_born,children_5_17,540,1308756.143825,0.146855,0.013025,0.027573,0.013109
adults_25_64,equal_all_members,person,exclude_recent_noncitizen,china_born,employer_payroll,540,1308756.143825,4209.505316,260.530165,720.681906,259.562749
adults_25_64,equal_all_members,person,exclude_recent_noncitizen,china_born,extended_balance_after_health,540,1308756.143825,22453.441726,2793.700856,9022.504324,2799.669184
adults_25_64,equal_all_members,person,exclude_recent_noncitizen,china_born,extended_balance_after_health_ins,540,1308756.143825,22043.440774,2870.598885,8190.641049,2875.216774
adults_25_64,equal_all_members,person,exclude_recent_noncitizen,china_born,extended_balance_base,540,1308756.143825,24451.061880,2801.006792,8466.637059,2807.670358
adults_25_64,equal_all_members,person,exclude_recent_noncitizen,china_born,extended_balance_flat090,540,1308756.143825,24142.947631,2806.555569,8358.713558,2813.567489
adults_25_64,equal_all_members,person,exclude_recent_noncitizen,china_born,extended_balance_renter,540,1308756.143825,24889.231893,2796.354917,8600.541726,2802.964123
adults_25_64,equal_all_members,person,exclude_recent_noncitizen,china_born,extended_balance_sales_itep,540,1308756.143825,25057.185053,2809.615113,8310.009164,2817.066740
adults_25_64,equal_all_members,person,exclude_recent_noncitizen,china_born,federal_after_refundable,540,1308756.143825,12241.212704,1603.286487,3778.259308,1609.069832
adults_25_64,equal_all_members,person,exclude_recent_noncitizen,china_born,health_age_birth,540,1308756.143825,1997.620154,79.046467,-555.867265,78.993821
adults_25_64,equal_all_members,person,exclude_recent_noncitizen,china_born,health_age_birth_ins,540,1308756.143825,2407.621106,243.677952,275.996009,241.912697
adults_25_64,equal_all_members,person,exclude_recent_noncitizen,china_born,k12_charged,540,1308756.143825,2541.899972,225.983412,890.353965,226.779658
adults_25_64,equal_all_members,person,exclude_recent_noncitizen,china_born,k12_charged_flat090,540,1308756.143825,2850.014221,253.375799,998.277466,254.268562
adults_25_64,equal_all_members,person,exclude_recent_noncitizen,china_born,k12_cost_at_full_attendance,540,1308756.143825,3166.682468,281.528666,1109.197184,282.520624
adults_25_64,equal_all_members,person,exclude_recent_noncitizen,china_born,modeled_tax_total,540,1308756.143825,20453.740646,2375.816444,6070.425084,2381.143719
adults_25_64,equal_all_members,person,exclude_recent_noncitizen,china_born,payroll,540,1308756.143825,4540.227303,284.437940,724.724964,283.654649
adults_25_64,equal_all_members,person,exclude_recent_noncitizen,china_born,property_tax_owner,540,1308756.143825,2085.086697,146.676740,772.330854,147.607977
adults_25_64,equal_all_members,person,exclude_recent_noncitizen,china_born,property_tax_renter_proxy,540,1308756.143825,438.170013,46.226476,133.904668,46.140188
adults_25_64,equal_all_members,person,exclude_recent_noncitizen,china_born,sales_tax_itep,540,1308756.143825,1925.120113,109.195085,112.639170,110.095200
adults_25_64,equal_all_members,person,exclude_recent_noncitizen,china_born,sales_tax_share35,540,1308756.143825,1318.996939,98.101462,269.267064,98.019836
adults_25_64,equal_all_members,person,exclude_recent_noncitizen,china_born,selected_cash_total,540,1308756.143825,906.490343,194.428674,-1546.829023,189.401359
adults_25_64,equal_all_members,person,exclude_recent_noncitizen,china_born,selected_noncash_total,540,1308756.143825,167.877403,26.536297,22.542908,26.978934
adults_25_64,equal_all_members,person,exclude_recent_noncitizen,china_born,snap,540,1308756.143825,91.228171,23.061225,0.361298,23.431379
adults_25_64,equal_all_members,person,exclude_recent_noncitizen,china_born,social_security,540,1308756.143825,564.852187,168.358920,-1134.787281,169.378183
adults_25_64,equal_all_members,person,exclude_recent_noncitizen,china_born,state_after_credits,540,1308756.143825,3672.300639,537.330844,1567.440812,538.821765
adults_25_64,equal_all_members,person,exclude_recent_noncitizen,china_born,state_local_total,540,1308756.143825,7076.384276,712.373129,2609.038730,714.078374
adults_25_64,equal_all_members,person,exclude_recent_noncitizen,china_born_broad,cash_noncash_tax_balance,670,1634468.406788,20129.710627,2079.867350,8345.048927,2085.104527
adults_25_64,equal_all_members,person,exclude_recent_noncitizen,china_born_broad,children_5_17,670,1634468.406788,0.145126,0.011352,0.025844,0.011447
adults_25_64,equal_all_members,person,exclude_recent_noncitizen,china_born_broad,employer_payroll,670,1634468.406788,4333.341088,222.208726,844.517678,221.907340
adults_25_64,equal_all_members,person,exclude_recent_noncitizen,china_born_broad,extended_balance_after_health,670,1634468.406788,23533.812471,2449.496903,10102.875069,2457.110066
adults_25_64,equal_all_members,person,exclude_recent_noncitizen,china_born_broad,extended_balance_after_health_ins,670,1634468.406788,23428.299741,2520.416437,9575.500016,2527.296560
adults_25_64,equal_all_members,person,exclude_recent_noncitizen,china_born_broad,extended_balance_base,670,1634468.406788,25639.944464,2456.444396,9655.519643,2464.716522
adults_25_64,equal_all_members,person,exclude_recent_noncitizen,china_born_broad,extended_balance_flat090,670,1634468.406788,25340.462527,2461.503391,9556.228454,2470.039550
adults_25_64,equal_all_members,person,exclude_recent_noncitizen,china_born_broad,extended_balance_renter,670,1634468.406788,26039.486418,2453.019110,9750.796251,2461.038377
adults_25_64,equal_all_members,person,exclude_recent_noncitizen,china_born_broad,extended_balance_sales_itep,670,1634468.406788,26236.176184,2464.806187,9489.000295,2473.664320
adults_25_64,equal_all_members,person,exclude_recent_noncitizen,china_born_broad,federal_after_refundable,670,1634468.406788,13110.434982,1477.554110,4647.481587,1485.569328
adults_25_64,equal_all_members,person,exclude_recent_noncitizen,china_born_broad,health_age_birth,670,1634468.406788,2106.131993,70.038274,-447.355426,69.967152
adults_25_64,equal_all_members,person,exclude_recent_noncitizen,china_born_broad,health_age_birth_ins,670,1634468.406788,2211.644724,210.889041,80.019627,209.511397
adults_25_64,equal_all_members,person,exclude_recent_noncitizen,china_born_broad,k12_charged,670,1634468.406788,2470.684601,194.786314,819.138594,195.585437
adults_25_64,equal_all_members,person,exclude_recent_noncitizen,china_born_broad,k12_charged_flat090,670,1634468.406788,2770.166538,218.397172,918.429783,219.293160
adults_25_64,equal_all_members,person,exclude_recent_noncitizen,china_born_broad,k12_cost_at_full_attendance,670,1634468.406788,3077.962821,242.663525,1020.477537,243.659067
adults_25_64,equal_all_members,person,exclude_recent_noncitizen,china_born_broad,modeled_tax_total,670,1634468.406788,21275.901705,2085.101431,6892.586143,2091.438149
adults_25_64,equal_all_members,person,exclude_recent_noncitizen,china_born_broad,payroll,670,1634468.406788,4675.873515,242.865617,860.371176,242.799806
adults_25_64,equal_all_members,person,exclude_recent_noncitizen,china_born_broad,property_tax_owner,670,1634468.406788,2254.711428,132.653638,941.955585,133.549649
adults_25_64,equal_all_members,person,exclude_recent_noncitizen,china_born_broad,property_tax_renter_proxy,670,1634468.406788,399.541953,40.561395,95.276608,40.437445
adults_25_64,equal_all_members,person,exclude_recent_noncitizen,china_born_broad,sales_tax_itep,670,1634468.406788,1989.097641,98.658610,176.616698,99.552118
adults_25_64,equal_all_members,person,exclude_recent_noncitizen,china_born_broad,sales_tax_share35,670,1634468.406788,1392.865922,88.777622,343.136047,88.981025
adults_25_64,equal_all_members,person,exclude_recent_noncitizen,china_born_broad,selected_cash_total,670,1634468.406788,990.730023,166.122356,-1462.589344,162.763277
adults_25_64,equal_all_members,person,exclude_recent_noncitizen,china_born_broad,selected_noncash_total,670,1634468.406788,155.461055,22.548038,10.126560,23.113340
adults_25_64,equal_all_members,person,exclude_recent_noncitizen,china_born_broad,snap,670,1634468.406788,82.662567,19.418564,-8.204306,19.855429
adults_25_64,equal_all_members,person,exclude_recent_noncitizen,china_born_broad,social_security,670,1634468.406788,609.072085,150.441904,-1090.567383,152.454662
adults_25_64,equal_all_members,person,exclude_recent_noncitizen,china_born_broad,state_after_credits,670,1634468.406788,3489.593208,449.782177,1384.733380,450.985775
adults_25_64,equal_all_members,person,exclude_recent_noncitizen,china_born_broad,state_local_total,670,1634468.406788,7137.170558,593.122459,2669.825012,594.136318
adults_25_64,equal_all_members,person,exclude_recent_noncitizen,india_born,cash_noncash_tax_balance,870,2270654.881137,22434.024621,1330.092405,10649.362920,1356.390375
adults_25_64,equal_all_members,person,exclude_recent_noncitizen,india_born,children_5_17,870,2270654.881137,0.162394,0.009336,0.043113,0.009434
adults_25_64,equal_all_members,person,exclude_recent_noncitizen,india_born,employer_payroll,870,2270654.881137,5088.341834,179.990457,1599.518425,183.187971
adults_25_64,equal_all_members,person,exclude_recent_noncitizen,india_born,extended_balance_after_health,870,2270654.881137,26827.620346,1587.861111,13396.682944,1618.248794
adults_25_64,equal_all_members,person,exclude_recent_noncitizen,india_born,extended_balance_after_health_ins,870,2270654.881137,27559.860555,1615.627901,13707.060830,1647.451362
adults_25_64,equal_all_members,person,exclude_recent_noncitizen,india_born,extended_balance_base,870,2270654.881137,28571.209196,1576.437705,12586.784374,1606.501577
adults_25_64,equal_all_members,person,exclude_recent_noncitizen,india_born,extended_balance_flat090,870,2270654.881137,28271.190747,1580.222567,12486.956674,1610.084361
adults_25_64,equal_all_members,person,exclude_recent_noncitizen,india_born,extended_balance_renter,870,2270654.881137,28846.556256,1581.512798,12557.866089,1611.428285
adults_25_64,equal_all_members,person,exclude_recent_noncitizen,india_born,extended_balance_sales_itep,870,2270654.881137,29159.948086,1583.431625,12412.772197,1613.642486
adults_25_64,equal_all_members,person,exclude_recent_noncitizen,india_born,federal_after_refundable,870,2270654.881137,14391.241307,983.531746,5928.287911,995.155615
adults_25_64,equal_all_members,person,exclude_recent_noncitizen,india_born,health_age_birth,870,2270654.881137,1743.588849,64.801388,-809.898570,67.484922
adults_25_64,equal_all_members,person,exclude_recent_noncitizen,india_born,health_age_birth_ins,870,2270654.881137,1011.348641,99.509650,-1120.276456,105.484033
adults_25_64,equal_all_members,person,exclude_recent_noncitizen,india_born,k12_charged,870,2270654.881137,2475.110740,147.479474,823.564733,149.853413
adults_25_64,equal_all_members,person,exclude_recent_noncitizen,india_born,k12_charged_flat090,870,2270654.881137,2775.129189,165.356073,923.392434,168.017767
adults_25_64,equal_all_members,person,exclude_recent_noncitizen,india_born,k12_cost_at_full_attendance,870,2270654.881137,3083.476876,183.728970,1025.991593,186.686408
adults_25_64,equal_all_members,person,exclude_recent_noncitizen,india_born,modeled_tax_total,870,2270654.881137,23101.829888,1314.895913,8718.514326,1334.094200
adults_25_64,equal_all_members,person,exclude_recent_noncitizen,india_born,payroll,870,2270654.881137,5368.175542,185.828420,1552.673203,188.098270
adults_25_64,equal_all_members,person,exclude_recent_noncitizen,india_born,property_tax_owner,870,2270654.881137,2028.411137,102.972406,715.655295,101.605764
adults_25_64,equal_all_members,person,exclude_recent_noncitizen,india_born,property_tax_renter_proxy,870,2270654.881137,275.347060,28.696524,-28.918285,29.105158
adults_25_64,equal_all_members,person,exclude_recent_noncitizen,india_born,sales_tax_itep,870,2270654.881137,2084.281233,71.615847,271.800290,72.899923
adults_25_64,equal_all_members,person,exclude_recent_noncitizen,india_born,sales_tax_share35,870,2270654.881137,1495.542343,63.606571,445.812468,64.785580
adults_25_64,equal_all_members,person,exclude_recent_noncitizen,india_born,selected_cash_total,870,2270654.881137,619.554129,133.283981,-1833.765237,140.956470
adults_25_64,equal_all_members,person,exclude_recent_noncitizen,india_born,selected_noncash_total,870,2270654.881137,48.251138,7.261585,-97.083357,8.400008
adults_25_64,equal_all_members,person,exclude_recent_noncitizen,india_born,snap,870,2270654.881137,11.727673,5.726169,-79.139200,7.151447
adults_25_64,equal_all_members,person,exclude_recent_noncitizen,india_born,social_security,870,2270654.881137,473.197375,122.095699,-1226.442093,130.142442
adults_25_64,equal_all_members,person,exclude_recent_noncitizen,india_born,state_after_credits,870,2270654.881137,3342.413039,259.107133,1237.553212,262.872527
adults_25_64,equal_all_members,person,exclude_recent_noncitizen,india_born,state_local_total,870,2270654.881137,6866.366520,335.951539,2399.020974,341.552654
adults_25_64,equal_all_members,person,exclude_recent_noncitizen,india_born_settled,cash_noncash_tax_balance,870,2270654.881137,22434.024621,1330.092405,10649.362920,1356.390375
adults_25_64,equal_all_members,person,exclude_recent_noncitizen,india_born_settled,children_5_17,870,2270654.881137,0.162394,0.009336,0.043113,0.009434
adults_25_64,equal_all_members,person,exclude_recent_noncitizen,india_born_settled,employer_payroll,870,2270654.881137,5088.341834,179.990457,1599.518425,183.187971
adults_25_64,equal_all_members,person,exclude_recent_noncitizen,india_born_settled,extended_balance_after_health,870,2270654.881137,26827.620346,1587.861111,13396.682944,1618.248794
adults_25_64,equal_all_members,person,exclude_recent_noncitizen,india_born_settled,extended_balance_after_health_ins,870,2270654.881137,27559.860555,1615.627901,13707.060830,1647.451362
adults_25_64,equal_all_members,person,exclude_recent_noncitizen,india_born_settled,extended_balance_base,870,2270654.881137,28571.209196,1576.437705,12586.784374,1606.501577
adults_25_64,equal_all_members,person,exclude_recent_noncitizen,india_born_settled,extended_balance_flat090,870,2270654.881137,28271.190747,1580.222567,12486.956674,1610.084361
adults_25_64,equal_all_members,person,exclude_recent_noncitizen,india_born_settled,extended_balance_renter,870,2270654.881137,28846.556256,1581.512798,12557.866089,1611.428285
adults_25_64,equal_all_members,person,exclude_recent_noncitizen,india_born_settled,extended_balance_sales_itep,870,2270654.881137,29159.948086,1583.431625,12412.772197,1613.642486
adults_25_64,equal_all_members,person,exclude_recent_noncitizen,india_born_settled,federal_after_refundable,870,2270654.881137,14391.241307,983.531746,5928.287911,995.155615
adults_25_64,equal_all_members,person,exclude_recent_noncitizen,india_born_settled,health_age_birth,870,2270654.881137,1743.588849,64.801388,-809.898570,67.484922
adults_25_64,equal_all_members,person,exclude_recent_noncitizen,india_born_settled,health_age_birth_ins,870,2270654.881137,1011.348641,99.509650,-1120.276456,105.484033
adults_25_64,equal_all_members,person,exclude_recent_noncitizen,india_born_settled,k12_charged,870,2270654.881137,2475.110740,147.479474,823.564733,149.853413
adults_25_64,equal_all_members,person,exclude_recent_noncitizen,india_born_settled,k12_charged_flat090,870,2270654.881137,2775.129189,165.356073,923.392434,168.017767
adults_25_64,equal_all_members,person,exclude_recent_noncitizen,india_born_settled,k12_cost_at_full_attendance,870,2270654.881137,3083.476876,183.728970,1025.991593,186.686408
adults_25_64,equal_all_members,person,exclude_recent_noncitizen,india_born_settled,modeled_tax_total,870,2270654.881137,23101.829888,1314.895913,8718.514326,1334.094200
adults_25_64,equal_all_members,person,exclude_recent_noncitizen,india_born_settled,payroll,870,2270654.881137,5368.175542,185.828420,1552.673203,188.098270
adults_25_64,equal_all_members,person,exclude_recent_noncitizen,india_born_settled,property_tax_owner,870,2270654.881137,2028.411137,102.972406,715.655295,101.605764
adults_25_64,equal_all_members,person,exclude_recent_noncitizen,india_born_settled,property_tax_renter_proxy,870,2270654.881137,275.347060,28.696524,-28.918285,29.105158
adults_25_64,equal_all_members,person,exclude_recent_noncitizen,india_born_settled,sales_tax_itep,870,2270654.881137,2084.281233,71.615847,271.800290,72.899923
adults_25_64,equal_all_members,person,exclude_recent_noncitizen,india_born_settled,sales_tax_share35,870,2270654.881137,1495.542343,63.606571,445.812468,64.785580
adults_25_64,equal_all_members,person,exclude_recent_noncitizen,india_born_settled,selected_cash_total,870,2270654.881137,619.554129,133.283981,-1833.765237,140.956470
adults_25_64,equal_all_members,person,exclude_recent_noncitizen,india_born_settled,selected_noncash_total,870,2270654.881137,48.251138,7.261585,-97.083357,8.400008
adults_25_64,equal_all_members,person,exclude_recent_noncitizen,india_born_settled,snap,870,2270654.881137,11.727673,5.726169,-79.139200,7.151447
adults_25_64,equal_all_members,person,exclude_recent_noncitizen,india_born_settled,social_security,870,2270654.881137,473.197375,122.095699,-1226.442093,130.142442
adults_25_64,equal_all_members,person,exclude_recent_noncitizen,india_born_settled,state_after_credits,870,2270654.881137,3342.413039,259.107133,1237.553212,262.872527
adults_25_64,equal_all_members,person,exclude_recent_noncitizen,india_born_settled,state_local_total,870,2270654.881137,6866.366520,335.951539,2399.020974,341.552654
adults_25_64,equal_all_members,person,exclude_recent_noncitizen,india_second_gen,cash_noncash_tax_balance,209,491965.625932,27865.095202,3385.146401,16080.433501,3427.505926
adults_25_64,equal_all_members,person,exclude_recent_noncitizen,india_second_gen,children_5_17,209,491965.625932,0.096935,0.018213,-0.022347,0.018320
adults_25_64,equal_all_members,person,exclude_recent_noncitizen,india_second_gen,employer_payroll,209,491965.625932,5468.972477,293.863428,1980.149068,298.664525
adults_25_64,equal_all_members,person,exclude_recent_noncitizen,india_second_gen,extended_balance_after_health,209,491965.625932,34002.521156,3823.583385,20571.583754,3872.119938
adults_25_64,equal_all_members,person,exclude_recent_noncitizen,india_second_gen,extended_balance_after_health_ins,209,491965.625932,34864.621025,3836.051118,21011.821300,3883.125653
adults_25_64,equal_all_members,person,exclude_recent_noncitizen,india_second_gen,extended_balance_base,209,491965.625932,36105.110612,3808.668091,20120.685791,3857.571909
adults_25_64,equal_all_members,person,exclude_recent_noncitizen,india_second_gen,extended_balance_flat090,209,491965.625932,35915.731646,3811.368465,20131.497573,3860.389724
adults_25_64,equal_all_members,person,exclude_recent_noncitizen,india_second_gen,extended_balance_renter,209,491965.625932,36568.039460,3821.758028,20279.349294,3870.069838
adults_25_64,equal_all_members,person,exclude_recent_noncitizen,india_second_gen,extended_balance_sales_itep,209,491965.625932,36869.535868,3817.738295,20122.359979,3867.075544
adults_25_64,equal_all_members,person,exclude_recent_noncitizen,india_second_gen,federal_after_refundable,209,491965.625932,18129.640711,2544.568016,9666.687316,2575.904627
adults_25_64,equal_all_members,person,exclude_recent_noncitizen,india_second_gen,health_age_birth,209,491965.625932,2102.589456,115.624344,-450.897963,114.324225
adults_25_64,equal_all_members,person,exclude_recent_noncitizen,india_second_gen,health_age_birth_ins,209,491965.625932,1240.489587,165.277946,-891.135509,165.695992
adults_25_64,equal_all_members,person,exclude_recent_noncitizen,india_second_gen,k12_charged,209,491965.625932,1562.350299,300.184954,-89.195708,303.025901
adults_25_64,equal_all_members,person,exclude_recent_noncitizen,india_second_gen,k12_charged_flat090,209,491965.625932,1751.729265,336.571619,-100.007490,339.756928
adults_25_64,equal_all_members,person,exclude_recent_noncitizen,india_second_gen,k12_cost_at_full_attendance,209,491965.625932,1946.365850,373.968465,-111.119433,377.507698
adults_25_64,equal_all_members,person,exclude_recent_noncitizen,india_second_gen,modeled_tax_total,209,491965.625932,28905.506530,3312.487265,14522.190968,3353.641966
adults_25_64,equal_all_members,person,exclude_recent_noncitizen,india_second_gen,payroll,209,491965.625932,5777.543593,322.310520,1962.041254,326.755888
adults_25_64,equal_all_members,person,exclude_recent_noncitizen,india_second_gen,property_tax_owner,209,491965.625932,2665.552367,320.686885,1352.796524,319.559902
adults_25_64,equal_all_members,person,exclude_recent_noncitizen,india_second_gen,property_tax_renter_proxy,209,491965.625932,462.928848,75.838745,158.663503,75.869146
adults_25_64,equal_all_members,person,exclude_recent_noncitizen,india_second_gen,sales_tax_itep,209,491965.625932,2432.266121,156.388218,619.785178,157.500644
adults_25_64,equal_all_members,person,exclude_recent_noncitizen,india_second_gen,sales_tax_share35,209,491965.625932,1667.840865,143.349200,618.110990,144.368505
adults_25_64,equal_all_members,person,exclude_recent_noncitizen,india_second_gen,selected_cash_total,209,491965.625932,1015.759275,303.018380,-1437.560092,300.725664
adults_25_64,equal_all_members,person,exclude_recent_noncitizen,india_second_gen,selected_noncash_total,209,491965.625932,24.652053,10.412932,-120.682442,11.293719
adults_25_64,equal_all_members,person,exclude_recent_noncitizen,india_second_gen,snap,209,491965.625932,9.916969,8.947368,-80.949904,9.757380
adults_25_64,equal_all_members,person,exclude_recent_noncitizen,india_second_gen,social_security,209,491965.625932,781.405565,273.827578,-918.233903,270.325435
adults_25_64,equal_all_members,person,exclude_recent_noncitizen,india_second_gen,state_after_credits,209,491965.625932,4998.322226,639.692751,2893.462398,644.708399
adults_25_64,equal_all_members,person,exclude_recent_noncitizen,india_second_gen,state_local_total,209,491965.625932,9331.715458,856.941911,4864.369912,861.373089
adults_25_64,equal_all_members,person,exclude_recent_noncitizen,mexican_second_gen,cash_noncash_tax_balance,2452,5614636.312903,5718.833339,277.965089,-6065.828361,352.711536
adults_25_64,equal_all_members,person,exclude_recent_noncitizen,mexican_second_gen,children_5_17,2452,5614636.312903,0.149061,0.005718,0.029780,0.005931
adults_25_64,equal_all_members,person,exclude_recent_noncitizen,mexican_second_gen,employer_payroll,2452,5614636.312903,2542.465791,51.683996,-946.357619,54.945910
adults_25_64,equal_all_members,person,exclude_recent_noncitizen,mexican_second_gen,extended_balance_after_health,2452,5614636.312903,5508.388312,378.077895,-7922.549089,448.021490
adults_25_64,equal_all_members,person,exclude_recent_noncitizen,mexican_second_gen,extended_balance_after_health_ins,2452,5614636.312903,5316.483067,395.970437,-8536.316657,464.897341
adults_25_64,equal_all_members,person,exclude_recent_noncitizen,mexican_second_gen,extended_balance_base,2452,5614636.312903,7698.194188,374.820467,-8286.230633,443.061076
adults_25_64,equal_all_members,person,exclude_recent_noncitizen,mexican_second_gen,extended_balance_flat090,2452,5614636.312903,7442.193978,379.762596,-8342.040095,446.951800
adults_25_64,equal_all_members,person,exclude_recent_noncitizen,mexican_second_gen,extended_balance_renter,2452,5614636.312903,8165.348244,376.781063,-8123.341922,444.298908
adults_25_64,equal_all_members,person,exclude_recent_noncitizen,mexican_second_gen,extended_balance_sales_itep,2452,5614636.312903,8200.832177,378.033835,-8546.343712,445.986557
adults_25_64,equal_all_members,person,exclude_recent_noncitizen,mexican_second_gen,federal_after_refundable,2452,5614636.312903,3753.583694,190.745252,-4709.369702,240.504912
adults_25_64,equal_all_members,person,exclude_recent_noncitizen,mexican_second_gen,health_age_birth,2452,5614636.312903,2189.805876,39.249621,-363.681544,42.306512
adults_25_64,equal_all_members,person,exclude_recent_noncitizen,mexican_second_gen,health_age_birth_ins,2452,5614636.312903,2381.711121,72.244049,250.086024,78.398436
adults_25_64,equal_all_members,person,exclude_recent_noncitizen,mexican_second_gen,k12_charged,2452,5614636.312903,2111.966358,85.949228,460.420351,90.170164
adults_25_64,equal_all_members,person,exclude_recent_noncitizen,mexican_second_gen,k12_charged_flat090,2452,5614636.312903,2367.966568,96.367491,516.229813,101.100064
adults_25_64,equal_all_members,person,exclude_recent_noncitizen,mexican_second_gen,k12_cost_at_full_attendance,2452,5614636.312903,2631.073964,107.074990,573.588681,112.333405
adults_25_64,equal_all_members,person,exclude_recent_noncitizen,mexican_second_gen,modeled_tax_total,2452,5614636.312903,7418.525534,268.485720,-6964.790028,330.305161
adults_25_64,equal_all_members,person,exclude_recent_noncitizen,mexican_second_gen,payroll,2452,5614636.312903,2711.904768,54.439657,-1103.597571,59.220110
adults_25_64,equal_all_members,person,exclude_recent_noncitizen,mexican_second_gen,property_tax_owner,2452,5614636.312903,764.776994,28.942479,-547.978849,32.754417
adults_25_64,equal_all_members,person,exclude_recent_noncitizen,mexican_second_gen,property_tax_renter_proxy,2452,5614636.312903,467.154056,21.915307,162.888710,21.602921
adults_25_64,equal_all_members,person,exclude_recent_noncitizen,mexican_second_gen,sales_tax_itep,2452,5614636.312903,1286.722411,22.166078,-525.758532,23.296637
adults_25_64,equal_all_members,person,exclude_recent_noncitizen,mexican_second_gen,sales_tax_share35,2452,5614636.312903,784.084422,16.480301,-265.645454,17.780003
adults_25_64,equal_all_members,person,exclude_recent_noncitizen,mexican_second_gen,selected_cash_total,2452,5614636.312903,1459.661646,102.347585,-993.657721,118.631238
adults_25_64,equal_all_members,person,exclude_recent_noncitizen,mexican_second_gen,selected_noncash_total,2452,5614636.312903,240.030549,13.929586,94.696054,15.018167
adults_25_64,equal_all_members,person,exclude_recent_noncitizen,mexican_second_gen,snap,2452,5614636.312903,134.008585,12.269093,43.141712,13.353634
adults_25_64,equal_all_members,person,exclude_recent_noncitizen,mexican_second_gen,social_security,2452,5614636.312903,851.944527,72.085836,-847.694941,88.874987
adults_25_64,equal_all_members,person,exclude_recent_noncitizen,mexican_second_gen,state_after_credits,2452,5614636.312903,953.037073,49.877708,-1151.822755,62.541916
adults_25_64,equal_all_members,person,exclude_recent_noncitizen,mexican_second_gen,state_local_total,2452,5614636.312903,2501.898488,76.718806,-1965.447057,92.352122
adults_25_64,equal_all_members,person,exclude_recent_noncitizen,mexico_born,cash_noncash_tax_balance,3800,8230339.030379,3427.011413,194.928821,-8357.650288,322.008365
adults_25_64,equal_all_members,person,exclude_recent_noncitizen,mexico_born,children_5_17,3800,8230339.030379,0.171025,0.004587,0.051743,0.004888
adults_25_64,equal_all_members,person,exclude_recent_noncitizen,mexico_born,employer_payroll,3800,8230339.030379,1863.685296,38.102672,-1625.138113,46.874213
adults_25_64,equal_all_members,person,exclude_recent_noncitizen,mexico_born,extended_balance_after_health,3800,8230339.030379,2111.425028,268.872333,-11319.512373,399.197823
adults_25_64,equal_all_members,person,exclude_recent_noncitizen,mexico_born,extended_balance_after_health_ins,3800,8230339.030379,1795.908305,303.529377,-12056.891419,427.969962
adults_25_64,equal_all_members,person,exclude_recent_noncitizen,mexico_born,extended_balance_base,3800,8230339.030379,4048.516809,267.023389,-11935.908012,394.508354
adults_25_64,equal_all_members,person,exclude_recent_noncitizen,mexico_born,extended_balance_flat090,3800,8230339.030379,3759.414852,270.933485,-12024.819221,396.760826
adults_25_64,equal_all_members,person,exclude_recent_noncitizen,mexico_born,extended_balance_renter,3800,8230339.030379,4510.806455,265.971699,-11777.883712,392.575884
adults_25_64,equal_all_members,person,exclude_recent_noncitizen,mexico_born,extended_balance_sales_itep,3800,8230339.030379,4522.256426,269.201655,-12224.919463,396.296954
adults_25_64,equal_all_members,person,exclude_recent_noncitizen,mexico_born,federal_after_refundable,3800,8230339.030379,1939.810568,120.840864,-6523.142828,221.842840
adults_25_64,equal_all_members,person,exclude_recent_noncitizen,mexico_born,health_age_birth,3800,8230339.030379,1937.091781,29.846651,-616.395639,32.527924
adults_25_64,equal_all_members,person,exclude_recent_noncitizen,mexico_born,health_age_birth_ins,3800,8230339.030379,2252.608504,81.814116,120.983407,85.119994
adults_25_64,equal_all_members,person,exclude_recent_noncitizen,mexico_born,k12_charged,3800,8230339.030379,2385.051192,67.387972,733.505185,73.326792
adults_25_64,equal_all_members,person,exclude_recent_noncitizen,mexico_born,k12_charged_flat090,3800,8230339.030379,2674.153148,75.556347,822.416393,82.215037
adults_25_64,equal_all_members,person,exclude_recent_noncitizen,mexico_born,k12_cost_at_full_attendance,3800,8230339.030379,2971.281276,83.951497,913.795993,91.350041
adults_25_64,equal_all_members,person,exclude_recent_noncitizen,mexico_born,modeled_tax_total,3800,8230339.030379,4622.685093,180.586828,-9760.630469,303.635406
adults_25_64,equal_all_members,person,exclude_recent_noncitizen,mexico_born,payroll,3800,8230339.030379,2114.023447,41.994753,-1701.478892,52.074865
adults_25_64,equal_all_members,person,exclude_recent_noncitizen,mexico_born,property_tax_owner,3800,8230339.030379,556.433778,22.967240,-756.322065,27.202722
adults_25_64,equal_all_members,person,exclude_recent_noncitizen,mexico_born,property_tax_renter_proxy,3800,8230339.030379,462.289646,14.465553,158.024300,15.069590
adults_25_64,equal_all_members,person,exclude_recent_noncitizen,mexico_born,sales_tax_itep,3800,8230339.030379,1060.177130,14.994482,-752.303813,19.057112
adults_25_64,equal_all_members,person,exclude_recent_noncitizen,mexico_born,sales_tax_share35,3800,8230339.030379,586.437513,11.511768,-463.292362,15.770824
adults_25_64,equal_all_members,person,exclude_recent_noncitizen,mexico_born,selected_cash_total,3800,8230339.030379,941.188376,68.449511,-1512.130991,88.265507
adults_25_64,equal_all_members,person,exclude_recent_noncitizen,mexico_born,selected_noncash_total,3800,8230339.030379,254.485305,14.645347,109.150810,15.216430
adults_25_64,equal_all_members,person,exclude_recent_noncitizen,mexico_born,snap,3800,8230339.030379,123.769599,13.069739,32.902726,13.724950
adults_25_64,equal_all_members,person,exclude_recent_noncitizen,mexico_born,social_security,3800,8230339.030379,698.068560,55.880035,-1001.570908,71.949382
adults_25_64,equal_all_members,person,exclude_recent_noncitizen,mexico_born,state_after_credits,3800,8230339.030379,568.851078,32.988589,-1536.008750,51.284185
adults_25_64,equal_all_members,person,exclude_recent_noncitizen,mexico_born,state_local_total,3800,8230339.030379,1711.722369,51.375639,-2755.623176,77.109841
adults_25_64,equal_all_members,person,exclude_recent_noncitizen,third_plus_nh_white,cash_noncash_tax_balance,36287,87647853.345835,11784.661700,250.000378,0.000000,0.000000
adults_25_64,equal_all_members,person,exclude_recent_noncitizen,third_plus_nh_white,children_5_17,36287,87647853.345835,0.119281,0.001463,0.000000,0.000000
adults_25_64,equal_all_members,person,exclude_recent_noncitizen,third_plus_nh_white,employer_payroll,36287,87647853.345835,3488.823410,27.593245,0.000000,0.000000
adults_25_64,equal_all_members,person,exclude_recent_noncitizen,third_plus_nh_white,extended_balance_after_health,36287,87647853.345835,13430.937402,294.627463,0.000000,0.000000
adults_25_64,equal_all_members,person,exclude_recent_noncitizen,third_plus_nh_white,extended_balance_after_health_ins,36287,87647853.345835,13852.799725,303.062245,0.000000,0.000000
adults_25_64,equal_all_members,person,exclude_recent_noncitizen,third_plus_nh_white,extended_balance_base,36287,87647853.345835,15984.424821,291.832923,0.000000,0.000000
adults_25_64,equal_all_members,person,exclude_recent_noncitizen,third_plus_nh_white,extended_balance_flat090,36287,87647853.345835,15784.234073,292.318162,0.000000,0.000000
adults_25_64,equal_all_members,person,exclude_recent_noncitizen,third_plus_nh_white,extended_balance_renter,36287,87647853.345835,16288.690167,292.168811,0.000000,0.000000
adults_25_64,equal_all_members,person,exclude_recent_noncitizen,third_plus_nh_white,extended_balance_sales_itep,36287,87647853.345835,16747.175889,293.454751,0.000000,0.000000
adults_25_64,equal_all_members,person,exclude_recent_noncitizen,third_plus_nh_white,federal_after_refundable,36287,87647853.345835,8462.953396,179.812593,0.000000,0.000000
adults_25_64,equal_all_members,person,exclude_recent_noncitizen,third_plus_nh_white,health_age_birth,36287,87647853.345835,2553.487419,12.333206,0.000000,0.000000
adults_25_64,equal_all_members,person,exclude_recent_noncitizen,third_plus_nh_white,health_age_birth_ins,36287,87647853.345835,2131.625097,28.371579,0.000000,0.000000
adults_25_64,equal_all_members,person,exclude_recent_noncitizen,third_plus_nh_white,k12_charged,36287,87647853.345835,1651.546007,23.158706,0.000000,0.000000
adults_25_64,equal_all_members,person,exclude_recent_noncitizen,third_plus_nh_white,k12_charged_flat090,36287,87647853.345835,1851.736755,25.965868,0.000000,0.000000
adults_25_64,equal_all_members,person,exclude_recent_noncitizen,third_plus_nh_white,k12_cost_at_full_attendance,36287,87647853.345835,2057.485283,28.850965,0.000000,0.000000
adults_25_64,equal_all_members,person,exclude_recent_noncitizen,third_plus_nh_white,modeled_tax_total,36287,87647853.345835,14383.315562,237.544217,0.000000,0.000000
adults_25_64,equal_all_members,person,exclude_recent_noncitizen,third_plus_nh_white,payroll,36287,87647853.345835,3815.502339,30.446246,0.000000,0.000000
adults_25_64,equal_all_members,person,exclude_recent_noncitizen,third_plus_nh_white,property_tax_owner,36287,87647853.345835,1312.755843,16.306512,0.000000,0.000000
adults_25_64,equal_all_members,person,exclude_recent_noncitizen,third_plus_nh_white,property_tax_renter_proxy,36287,87647853.345835,304.265345,5.644885,0.000000,0.000000
adults_25_64,equal_all_members,person,exclude_recent_noncitizen,third_plus_nh_white,sales_tax_itep,36287,87647853.345835,1812.480943,12.441644,0.000000,0.000000
adults_25_64,equal_all_members,person,exclude_recent_noncitizen,third_plus_nh_white,sales_tax_share35,36287,87647853.345835,1049.729875,10.483413,0.000000,0.000000
adults_25_64,equal_all_members,person,exclude_recent_noncitizen,third_plus_nh_white,selected_cash_total,36287,87647853.345835,2453.319367,48.066805,0.000000,0.000000
adults_25_64,equal_all_members,person,exclude_recent_noncitizen,third_plus_nh_white,selected_noncash_total,36287,87647853.345835,145.334495,4.223250,0.000000,0.000000
adults_25_64,equal_all_members,person,exclude_recent_noncitizen,third_plus_nh_white,snap,36287,87647853.345835,90.866873,3.935621,0.000000,0.000000
adults_25_64,equal_all_members,person,exclude_recent_noncitizen,third_plus_nh_white,social_security,36287,87647853.345835,1699.639468,41.332281,0.000000,0.000000
adults_25_64,equal_all_members,person,exclude_recent_noncitizen,third_plus_nh_white,state_after_credits,36287,87647853.345835,2104.859828,38.916183,0.000000,0.000000
adults_25_64,equal_all_members,person,exclude_recent_noncitizen,third_plus_nh_white,state_local_total,36287,87647853.345835,4467.345546,55.898807,0.000000,0.000000
adults_25_64,equal_all_members,person,exclude_top1_income,all_foreign_born,cash_noncash_tax_balance,15074,36761293.903811,8321.451889,184.508345,-1681.750812,230.826292
adults_25_64,equal_all_members,person,exclude_top1_income,all_foreign_born,children_5_17,15074,36761293.903811,0.150448,0.002168,0.031580,0.002731
adults_25_64,equal_all_members,person,exclude_top1_income,all_foreign_born,employer_payroll,15074,36761293.903811,2837.033185,32.427507,-569.320069,40.612031
adults_25_64,equal_all_members,person,exclude_top1_income,all_foreign_born,extended_balance_after_health,15074,36761293.903811,8847.138856,235.564727,-2640.901732,298.740379
adults_25_64,equal_all_members,person,exclude_top1_income,all_foreign_born,extended_balance_after_health_ins,15074,36761293.903811,8872.227516,244.814916,-3026.571438,309.080550
adults_25_64,equal_all_members,person,exclude_top1_income,all_foreign_born,extended_balance_base,15074,36761293.903811,10681.627591,233.113599,-3360.501595,294.933961
adults_25_64,equal_all_members,person,exclude_top1_income,all_foreign_born,extended_balance_flat090,15074,36761293.903811,10407.705763,233.913052,-3435.089933,296.111558
adults_25_64,equal_all_members,person,exclude_top1_income,all_foreign_born,extended_balance_renter,15074,36761293.903811,11209.299095,232.507676,-3139.285282,294.721640
adults_25_64,equal_all_members,person,exclude_top1_income,all_foreign_born,extended_balance_sales_itep,15074,36761293.903811,11264.071547,234.024910,-3528.480323,296.657013
adults_25_64,equal_all_members,person,exclude_top1_income,all_foreign_born,federal_after_refundable,15074,36761293.903811,5073.943388,111.655551,-1953.663573,141.091080
adults_25_64,equal_all_members,person,exclude_top1_income,all_foreign_born,health_age_birth,15074,36761293.903811,1834.488735,14.828312,-719.599863,19.659293
adults_25_64,equal_all_members,person,exclude_top1_income,all_foreign_born,health_age_birth_ins,15074,36761293.903811,1809.400075,31.978976,-333.930157,42.266955
adults_25_64,equal_all_members,person,exclude_top1_income,all_foreign_born,k12_charged,15074,36761293.903811,2259.817227,36.251251,615.343479,45.145380
adults_25_64,equal_all_members,person,exclude_top1_income,all_foreign_born,k12_charged_flat090,15074,36761293.903811,2533.739055,40.645416,689.931817,50.617639
adults_25_64,equal_all_members,person,exclude_top1_income,all_foreign_born,k12_cost_at_full_attendance,15074,36761293.903811,2815.265617,45.161573,766.590907,56.241821
adults_25_64,equal_all_members,person,exclude_top1_income,all_foreign_born,modeled_tax_total,15074,36761293.903811,9625.198755,174.165448,-2982.044636,215.992999
adults_25_64,equal_all_members,person,exclude_top1_income,all_foreign_born,payroll,15074,36761293.903811,3093.402998,34.938918,-599.555919,42.901634
adults_25_64,equal_all_members,person,exclude_top1_income,all_foreign_born,property_tax_owner,15074,36761293.903811,959.433198,22.622098,-335.381959,26.596982
adults_25_64,equal_all_members,person,exclude_top1_income,all_foreign_born,property_tax_renter_proxy,15074,36761293.903811,527.671504,8.901609,221.216314,10.289190
adults_25_64,equal_all_members,person,exclude_top1_income,all_foreign_born,sales_tax_itep,15074,36761293.903811,1405.970503,10.899853,-326.684004,13.966558
adults_25_64,equal_all_members,person,exclude_top1_income,all_foreign_born,sales_tax_share35,15074,36761293.903811,823.526547,9.177667,-158.705276,11.483822
adults_25_64,equal_all_members,person,exclude_top1_income,all_foreign_born,selected_cash_total,15074,36761293.903811,1108.684158,43.142316,-1348.937833,61.604644
adults_25_64,equal_all_members,person,exclude_top1_income,all_foreign_born,selected_noncash_total,15074,36761293.903811,195.062708,5.502921,48.644009,7.062648
adults_25_64,equal_all_members,person,exclude_top1_income,all_foreign_born,snap,15074,36761293.903811,105.559696,4.982577,13.825271,6.555217
adults_25_64,equal_all_members,person,exclude_top1_income,all_foreign_born,social_security,15074,36761293.903811,744.034676,34.083100,-964.833082,51.199075
adults_25_64,equal_all_members,person,exclude_top1_income,all_foreign_born,state_after_credits,15074,36761293.903811,1457.852370,37.800127,-428.825144,45.591170
adults_25_64,equal_all_members,person,exclude_top1_income,all_foreign_born,state_local_total,15074,36761293.903811,3240.812115,54.743893,-922.912380,67.739908
adults_25_64,equal_all_members,person,exclude_top1_income,all_native,cash_noncash_tax_balance,55064,133287999.105192,8899.004702,123.148099,-1104.197999,72.666709
adults_25_64,equal_all_members,person,exclude_top1_income,all_native,children_5_17,55064,133287999.105192,0.120375,0.001228,0.001507,0.000816
adults_25_64,equal_all_members,person,exclude_top1_income,all_native,employer_payroll,55064,133287999.105192,3232.309408,21.188180,-174.043845,12.299246
adults_25_64,equal_all_members,person,exclude_top1_income,all_native,extended_balance_after_health,55064,133287999.105192,10038.057329,162.493225,-1449.983259,92.734495
adults_25_64,equal_all_members,person,exclude_top1_income,all_native,extended_balance_after_health_ins,55064,133287999.105192,10225.941413,172.577391,-1672.857541,97.709570
adults_25_64,equal_all_members,person,exclude_top1_income,all_native,extended_balance_base,55064,133287999.105192,12548.156653,158.609099,-1493.972533,91.187281
adults_25_64,equal_all_members,person,exclude_top1_income,all_native,extended_balance_flat090,55064,133287999.105192,12344.157667,159.489447,-1498.638030,91.506567
adults_25_64,equal_all_members,person,exclude_top1_income,all_native,extended_balance_renter,55064,133287999.105192,12946.351930,158.930114,-1402.232447,91.443816
adults_25_64,equal_all_members,person,exclude_top1_income,all_native,extended_balance_sales_itep,55064,133287999.105192,13273.571965,159.473858,-1518.979905,91.722451
adults_25_64,equal_all_members,person,exclude_top1_income,all_native,federal_after_refundable,55064,133287999.105192,6343.984109,73.513428,-683.622851,43.581033
adults_25_64,equal_all_members,person,exclude_top1_income,all_native,health_age_birth,55064,133287999.105192,2510.099324,10.570683,-43.989274,6.792321
adults_25_64,equal_all_members,person,exclude_top1_income,all_native,health_age_birth_ins,55064,133287999.105192,2322.215240,23.966328,178.885008,15.732270
adults_25_64,equal_all_members,person,exclude_top1_income,all_native,k12_charged,55064,133287999.105192,1682.963451,18.894898,38.489703,12.933403
adults_25_64,equal_all_members,person,exclude_top1_income,all_native,k12_charged_flat090,55064,133287999.105192,1886.962438,21.185227,43.155199,14.501114
adults_25_64,equal_all_members,person,exclude_top1_income,all_native,k12_cost_at_full_attendance,55064,133287999.105192,2096.624931,23.539141,47.950221,16.112349
adults_25_64,equal_all_members,person,exclude_top1_income,all_native,modeled_tax_total,55064,133287999.105192,11546.547534,108.060449,-1060.695857,65.042213
adults_25_64,equal_all_members,person,exclude_top1_income,all_native,payroll,55064,133287999.105192,3483.993804,21.896235,-208.965113,13.129459
adults_25_64,equal_all_members,person,exclude_top1_income,all_native,property_tax_owner,55064,133287999.105192,1162.011897,11.956792,-132.803260,8.000647
adults_25_64,equal_all_members,person,exclude_top1_income,all_native,property_tax_renter_proxy,55064,133287999.105192,398.195277,5.230938,91.740086,3.564965
adults_25_64,equal_all_members,person,exclude_top1_income,all_native,sales_tax_itep,55064,133287999.105192,1663.209409,7.452728,-69.445098,4.567988
adults_25_64,equal_all_members,person,exclude_top1_income,all_native,sales_tax_share35,55064,133287999.105192,937.794097,6.050541,-44.437726,3.629045
adults_25_64,equal_all_members,person,exclude_top1_income,all_native,selected_cash_total,55064,133287999.105192,2458.512092,37.615891,0.890102,26.148138
adults_25_64,equal_all_members,person,exclude_top1_income,all_native,selected_noncash_total,55064,133287999.105192,189.030739,3.827537,42.612040,2.914275
adults_25_64,equal_all_members,person,exclude_top1_income,all_native,snap,55064,133287999.105192,123.312211,3.412055,31.577786,2.673428
adults_25_64,equal_all_members,person,exclude_top1_income,all_native,social_security,55064,133287999.105192,1644.880437,32.423951,-63.987321,20.018231
adults_25_64,equal_all_members,person,exclude_top1_income,all_native,state_after_credits,55064,133287999.105192,1718.569621,18.652650,-168.107893,12.491733
adults_25_64,equal_all_members,person,exclude_top1_income,all_native,state_local_total,55064,133287999.105192,3818.375615,29.630611,-345.348879,19.711014
adults_25_64,equal_all_members,person,exclude_top1_income,asian_indian_native_selfid,cash_noncash_tax_balance,248,618486.225749,21153.551821,1988.602951,11150.349119,2009.756809
adults_25_64,equal_all_members,person,exclude_top1_income,asian_indian_native_selfid,children_5_17,248,618486.225749,0.107860,0.016019,-0.011008,0.016138
adults_25_64,equal_all_members,person,exclude_top1_income,asian_indian_native_selfid,employer_payroll,248,618486.225749,4977.532028,267.228659,1571.178775,272.901940
adults_25_64,equal_all_members,person,exclude_top1_income,asian_indian_native_selfid,extended_balance_after_health,248,618486.225749,26048.017571,2439.895323,14559.976983,2471.896094
adults_25_64,equal_all_members,person,exclude_top1_income,asian_indian_native_selfid,extended_balance_after_health_ins,248,618486.225749,26745.587859,2468.571883,14846.788905,2498.832851
adults_25_64,equal_all_members,person,exclude_top1_income,asian_indian_native_selfid,extended_balance_base,248,618486.225749,28091.138205,2408.956120,14049.009019,2442.821263
adults_25_64,equal_all_members,person,exclude_top1_income,asian_indian_native_selfid,extended_balance_flat090,248,618486.225749,27880.548304,2413.457418,14037.752608,2447.560464
adults_25_64,equal_all_members,person,exclude_top1_income,asian_indian_native_selfid,extended_balance_renter,248,618486.225749,28529.019966,2429.059876,14180.435589,2463.089618
adults_25_64,equal_all_members,person,exclude_top1_income,asian_indian_native_selfid,extended_balance_sales_itep,248,618486.225749,28762.560136,2426.180516,13970.008266,2460.158924
adults_25_64,equal_all_members,person,exclude_top1_income,asian_indian_native_selfid,federal_after_refundable,248,618486.225749,13173.263938,1473.538724,6145.656977,1483.667801
adults_25_64,equal_all_members,person,exclude_top1_income,asian_indian_native_selfid,health_age_birth,248,618486.225749,2043.120634,101.642882,-510.967964,100.595041
adults_25_64,equal_all_members,person,exclude_top1_income,asian_indian_native_selfid,health_age_birth_ins,248,618486.225749,1345.550346,168.467480,-797.779887,166.642388
adults_25_64,equal_all_members,person,exclude_top1_income,asian_indian_native_selfid,k12_charged,248,618486.225749,1737.337582,265.831369,92.863834,268.244661
adults_25_64,equal_all_members,person,exclude_top1_income,asian_indian_native_selfid,k12_charged_flat090,248,618486.225749,1947.927483,298.053893,104.120245,300.759710
adults_25_64,equal_all_members,person,exclude_top1_income,asian_indian_native_selfid,k12_cost_at_full_attendance,248,618486.225749,2164.363870,331.170993,115.689161,334.177456
adults_25_64,equal_all_members,person,exclude_top1_income,asian_indian_native_selfid,modeled_tax_total,248,618486.225749,21951.962511,1934.404931,9344.719120,1955.962447
adults_25_64,equal_all_members,person,exclude_top1_income,asian_indian_native_selfid,payroll,248,618486.225749,5178.910956,279.455362,1485.952040,285.367262
adults_25_64,equal_all_members,person,exclude_top1_income,asian_indian_native_selfid,property_tax_owner,248,618486.225749,2260.666107,299.186068,965.850950,299.627722
adults_25_64,equal_all_members,person,exclude_top1_income,asian_indian_native_selfid,property_tax_renter_proxy,248,618486.225749,437.881761,70.374845,131.426570,70.294701
adults_25_64,equal_all_members,person,exclude_top1_income,asian_indian_native_selfid,sales_tax_itep,248,618486.225749,2108.147762,121.139596,375.493256,121.886634
adults_25_64,equal_all_members,person,exclude_top1_income,asian_indian_native_selfid,sales_tax_share35,248,618486.225749,1436.725832,101.118202,454.494008,101.794374
adults_25_64,equal_all_members,person,exclude_top1_income,asian_indian_native_selfid,selected_cash_total,248,618486.225749,749.940930,259.313160,-1707.681061,260.390285
adults_25_64,equal_all_members,person,exclude_top1_income,asian_indian_native_selfid,selected_noncash_total,248,618486.225749,48.469761,13.756461,-97.948939,13.929438
adults_25_64,equal_all_members,person,exclude_top1_income,asian_indian_native_selfid,snap,248,618486.225749,22.740311,12.089790,-68.994114,12.429661
adults_25_64,equal_all_members,person,exclude_top1_income,asian_indian_native_selfid,social_security,248,618486.225749,607.101310,245.038647,-1101.766448,241.894595
adults_25_64,equal_all_members,person,exclude_top1_income,asian_indian_native_selfid,state_after_credits,248,618486.225749,3599.787617,357.675347,1713.110103,362.829416
adults_25_64,equal_all_members,person,exclude_top1_income,asian_indian_native_selfid,state_local_total,248,618486.225749,7297.179556,578.366101,3133.455061,586.448160
adults_25_64,equal_all_members,person,exclude_top1_income,china_born,cash_noncash_tax_balance,620,1488257.024911,16301.585577,1457.163387,6298.382876,1455.367813
adults_25_64,equal_all_members,person,exclude_top1_income,china_born,children_5_17,620,1488257.024911,0.144983,0.012269,0.026115,0.012401
adults_25_64,equal_all_members,person,exclude_top1_income,china_born,employer_payroll,620,1488257.024911,4030.366676,225.099221,624.013422,224.430090
adults_25_64,equal_all_members,person,exclude_top1_income,china_born,extended_balance_after_health,620,1488257.024911,19045.515098,1790.560067,7557.474510,1787.951128
adults_25_64,equal_all_members,person,exclude_top1_income,china_born,extended_balance_after_health_ins,620,1488257.024911,18728.724531,1910.106346,6829.925576,1905.432037
adults_25_64,equal_all_members,person,exclude_top1_income,china_born,extended_balance_base,620,1488257.024911,20906.040185,1785.030427,6863.910999,1782.344186
adults_25_64,equal_all_members,person,exclude_top1_income,china_born,extended_balance_flat090,620,1488257.024911,20605.720091,1789.391575,6762.924395,1786.901886
adults_25_64,equal_all_members,person,exclude_top1_income,china_born,extended_balance_renter,620,1488257.024911,21446.402184,1784.637626,7097.817807,1782.720881
adults_25_64,equal_all_members,person,exclude_top1_income,china_born,extended_balance_sales_itep,620,1488257.024911,21533.026245,1796.121708,6740.474375,1794.002668
adults_25_64,equal_all_members,person,exclude_top1_income,china_born,federal_after_refundable,620,1488257.024911,10038.178482,946.828567,3010.571521,943.988781
adults_25_64,equal_all_members,person,exclude_top1_income,china_born,health_age_birth,620,1488257.024911,1860.525087,74.788691,-693.563511,74.527159
adults_25_64,equal_all_members,person,exclude_top1_income,china_born,health_age_birth_ins,620,1488257.024911,2177.315655,224.968442,33.985422,223.595282
adults_25_64,equal_all_members,person,exclude_top1_income,china_born,k12_charged,620,1488257.024911,2477.599273,205.023275,833.125524,206.621459
adults_25_64,equal_all_members,person,exclude_top1_income,china_born,k12_charged_flat090,620,1488257.024911,2777.919366,229.874997,934.112128,231.666904
adults_25_64,equal_all_members,person,exclude_top1_income,china_born,k12_cost_at_full_attendance,620,1488257.024911,3086.577074,255.416663,1037.902365,257.407671
adults_25_64,equal_all_members,person,exclude_top1_income,china_born,modeled_tax_total,620,1488257.024911,17288.611481,1438.166180,4681.368089,1435.645053
adults_25_64,equal_all_members,person,exclude_top1_income,china_born,payroll,620,1488257.024911,4297.132104,235.030198,604.173187,234.881602
adults_25_64,equal_all_members,person,exclude_top1_income,china_born,property_tax_owner,620,1488257.024911,1842.571145,127.703369,547.755988,127.708723
adults_25_64,equal_all_members,person,exclude_top1_income,china_born,property_tax_renter_proxy,620,1488257.024911,540.361999,51.218611,233.906808,51.252350
adults_25_64,equal_all_members,person,exclude_top1_income,china_born,sales_tax_itep,620,1488257.024911,1836.102120,84.751022,103.447613,84.993220
adults_25_64,equal_all_members,person,exclude_top1_income,china_born,sales_tax_share35,620,1488257.024911,1209.116061,69.678003,226.884237,69.222266
adults_25_64,equal_all_members,person,exclude_top1_income,china_born,selected_cash_total,620,1488257.024911,818.892351,172.902096,-1638.729640,171.089509
adults_25_64,equal_all_members,person,exclude_top1_income,china_born,selected_noncash_total,620,1488257.024911,168.133553,27.608260,21.714853,28.103197
adults_25_64,equal_all_members,person,exclude_top1_income,china_born,snap,620,1488257.024911,93.279915,24.170807,1.545490,24.619475
adults_25_64,equal_all_members,person,exclude_top1_income,china_born,social_security,620,1488257.024911,501.302869,149.979829,-1207.564889,151.875382
adults_25_64,equal_all_members,person,exclude_top1_income,china_born,state_after_credits,620,1488257.024911,2953.300895,306.898246,1066.623380,307.921899
adults_25_64,equal_all_members,person,exclude_top1_income,china_born,state_local_total,620,1488257.024911,6004.988100,418.282484,1841.263605,417.861740
adults_25_64,equal_all_members,person,exclude_top1_income,china_born_broad,cash_noncash_tax_balance,755,1835837.521349,16565.971436,1311.304720,6562.768735,1309.582673
adults_25_64,equal_all_members,person,exclude_top1_income,china_born_broad,children_5_17,755,1835837.521349,0.141815,0.010660,0.022948,0.010805
adults_25_64,equal_all_members,person,exclude_top1_income,china_born_broad,employer_payroll,755,1835837.521349,4129.833391,197.561429,723.480138,197.316100
adults_25_64,equal_all_members,person,exclude_top1_income,china_born_broad,extended_balance_after_health,755,1835837.521349,19599.133353,1611.556791,8111.092764,1609.142365
adults_25_64,equal_all_members,person,exclude_top1_income,china_born_broad,extended_balance_after_health_ins,755,1835837.521349,19543.871065,1717.675651,7645.072111,1714.057424
adults_25_64,equal_all_members,person,exclude_top1_income,china_born_broad,extended_balance_base,755,1835837.521349,21559.149003,1606.739080,7517.019816,1603.546889
adults_25_64,equal_all_members,person,exclude_top1_income,china_born_broad,extended_balance_flat090,755,1835837.521349,21268.980719,1610.958332,7426.185022,1607.851862
adults_25_64,equal_all_members,person,exclude_top1_income,china_born_broad,extended_balance_renter,755,1835837.521349,22067.630889,1607.701672,7719.046512,1605.349965
adults_25_64,equal_all_members,person,exclude_top1_income,china_born_broad,extended_balance_sales_itep,755,1835837.521349,22169.642666,1616.306917,7377.090796,1613.623070
adults_25_64,equal_all_members,person,exclude_top1_income,china_born_broad,federal_after_refundable,755,1835837.521349,10310.765621,861.430543,3283.158661,857.675042
adults_25_64,equal_all_members,person,exclude_top1_income,china_born_broad,health_age_birth,755,1835837.521349,1960.015650,66.004286,-594.072948,65.840897
adults_25_64,equal_all_members,person,exclude_top1_income,china_born_broad,health_age_birth_ins,755,1835837.521349,2015.277938,195.406818,-128.052295,194.504651
adults_25_64,equal_all_members,person,exclude_top1_income,china_born_broad,k12_charged,755,1835837.521349,2393.848244,176.750603,749.374495,178.278050
adults_25_64,equal_all_members,person,exclude_top1_income,china_born_broad,k12_charged_flat090,755,1835837.521349,2684.016528,198.175278,840.209289,199.887872
adults_25_64,equal_all_members,person,exclude_top1_income,china_born_broad,k12_cost_at_full_attendance,755,1835837.521349,2982.240586,220.194753,933.565877,222.097636
adults_25_64,equal_all_members,person,exclude_top1_income,china_born_broad,modeled_tax_total,755,1835837.521349,17621.873007,1295.133355,5014.629616,1290.597285
adults_25_64,equal_all_members,person,exclude_top1_income,china_born_broad,payroll,755,1835837.521349,4393.919236,205.067710,700.960319,205.212312
adults_25_64,equal_all_members,person,exclude_top1_income,china_born_broad,property_tax_owner,755,1835837.521349,2006.901709,118.642917,712.086552,118.674812
adults_25_64,equal_all_members,person,exclude_top1_income,china_born_broad,property_tax_renter_proxy,755,1835837.521349,508.481886,45.116273,202.026696,45.090702
adults_25_64,equal_all_members,person,exclude_top1_income,china_born_broad,sales_tax_itep,755,1835837.521349,1860.784373,74.604939,128.129866,74.837989
adults_25_64,equal_all_members,person,exclude_top1_income,china_born_broad,sales_tax_share35,755,1835837.521349,1250.290710,62.186887,268.058886,61.791939
adults_25_64,equal_all_members,person,exclude_top1_income,china_born_broad,selected_cash_total,755,1835837.521349,899.678970,148.654840,-1557.943021,148.750918
adults_25_64,equal_all_members,person,exclude_top1_income,china_born_broad,selected_noncash_total,755,1835837.521349,156.222602,23.305190,9.803902,23.945590
adults_25_64,equal_all_members,person,exclude_top1_income,china_born_broad,snap,755,1835837.521349,85.370402,20.234655,-6.364023,20.778145
adults_25_64,equal_all_members,person,exclude_top1_income,china_born_broad,social_security,755,1835837.521349,545.975782,133.941306,-1162.891976,136.847128
adults_25_64,equal_all_members,person,exclude_top1_income,china_born_broad,state_after_credits,755,1835837.521349,2917.188150,273.468386,1030.510636,273.734777
adults_25_64,equal_all_members,person,exclude_top1_income,china_born_broad,state_local_total,755,1835837.521349,6174.380569,371.639689,2010.656074,370.333408
adults_25_64,equal_all_members,person,exclude_top1_income,india_born,cash_noncash_tax_balance,1213,3194208.629159,18051.872461,909.296086,8048.669759,928.583392
adults_25_64,equal_all_members,person,exclude_top1_income,india_born,children_5_17,1213,3194208.629159,0.144280,0.008190,0.025412,0.008347
adults_25_64,equal_all_members,person,exclude_top1_income,india_born,employer_payroll,1213,3194208.629159,4749.459806,161.854842,1343.106552,163.695749
adults_25_64,equal_all_members,person,exclude_top1_income,india_born,extended_balance_after_health,1213,3194208.629159,21976.082726,1164.356735,10488.042137,1186.737373
adults_25_64,equal_all_members,person,exclude_top1_income,india_born,extended_balance_after_health_ins,1213,3194208.629159,22627.586643,1179.837461,10728.787688,1203.761414
adults_25_64,equal_all_members,person,exclude_top1_income,india_born,extended_balance_base,1213,3194208.629159,23457.026972,1157.660131,9414.897786,1179.014445
adults_25_64,equal_all_members,person,exclude_top1_income,india_born,extended_balance_flat090,1213,3194208.629159,23189.669987,1162.588104,9346.874291,1184.006676
adults_25_64,equal_all_members,person,exclude_top1_income,india_born,extended_balance_renter,1213,3194208.629159,23918.975050,1161.926019,9570.390673,1182.911271
adults_25_64,equal_all_members,person,exclude_top1_income,india_born,extended_balance_sales_itep,1213,3194208.629159,24071.412734,1160.731727,9278.860864,1181.927857
adults_25_64,equal_all_members,person,exclude_top1_income,india_born,federal_after_refundable,1213,3194208.629159,10991.988952,577.756068,3964.381991,588.863329
adults_25_64,equal_all_members,person,exclude_top1_income,india_born,health_age_birth,1213,3194208.629159,1480.944246,51.289890,-1073.144352,53.844495
adults_25_64,equal_all_members,person,exclude_top1_income,india_born,health_age_birth_ins,1213,3194208.629159,829.440330,73.582671,-1313.889903,81.600855
adults_25_64,equal_all_members,person,exclude_top1_income,india_born,k12_charged,1213,3194208.629159,2205.658181,130.704983,561.184433,134.402152
adults_25_64,equal_all_members,person,exclude_top1_income,india_born,k12_charged_flat090,1213,3194208.629159,2473.015166,146.548277,629.207928,150.693595
adults_25_64,equal_all_members,person,exclude_top1_income,india_born,k12_cost_at_full_attendance,1213,3194208.629159,2747.794629,162.831419,699.119920,167.437328
adults_25_64,equal_all_members,person,exclude_top1_income,india_born,modeled_tax_total,1213,3194208.629159,18583.053037,891.734842,5975.809646,906.109644
adults_25_64,equal_all_members,person,exclude_top1_income,india_born,payroll,1213,3194208.629159,4920.376982,164.314422,1227.418065,165.378100
adults_25_64,equal_all_members,person,exclude_top1_income,india_born,property_tax_owner,1213,3194208.629159,1544.369547,89.774902,249.554390,88.283438
adults_25_64,equal_all_members,person,exclude_top1_income,india_born,property_tax_renter_proxy,1213,3194208.629159,461.948078,29.475216,155.492887,29.739786
adults_25_64,equal_all_members,person,exclude_top1_income,india_born,sales_tax_itep,1213,3194208.629159,1931.369101,51.970499,198.714594,52.450943
adults_25_64,equal_all_members,person,exclude_top1_income,india_born,sales_tax_share35,1213,3194208.629159,1316.983340,47.761188,334.751517,48.466025
adults_25_64,equal_all_members,person,exclude_top1_income,india_born,selected_cash_total,1213,3194208.629159,488.588366,98.644675,-1969.033624,108.843562
adults_25_64,equal_all_members,person,exclude_top1_income,india_born,selected_noncash_total,1213,3194208.629159,42.592210,5.529426,-103.826490,6.940076
adults_25_64,equal_all_members,person,exclude_top1_income,india_born,snap,1213,3194208.629159,9.930153,4.207079,-81.804272,5.881314
adults_25_64,equal_all_members,person,exclude_top1_income,india_born,social_security,1213,3194208.629159,356.677748,89.617515,-1352.190010,99.526755
adults_25_64,equal_all_members,person,exclude_top1_income,india_born,state_after_credits,1213,3194208.629159,2670.687103,191.660613,784.009589,194.752750
adults_25_64,equal_all_members,person,exclude_top1_income,india_born,state_local_total,1213,3194208.629159,5532.039991,259.611596,1368.315496,263.083925
adults_25_64,equal_all_members,person,exclude_top1_income,india_born_recent_noncit,cash_noncash_tax_balance,360,969017.594424,14313.663793,1228.464714,4310.461091,1223.039886
adults_25_64,equal_all_members,person,exclude_top1_income,india_born_recent_noncit,children_5_17,360,969017.594424,0.101692,0.014638,-0.017176,0.014776
adults_25_64,equal_all_members,person,exclude_top1_income,india_born_recent_noncit,employer_payroll,360,969017.594424,4250.130997,235.025465,843.777743,233.739749
adults_25_64,equal_all_members,person,exclude_top1_income,india_born_recent_noncit,extended_balance_after_health,360,969017.594424,17722.011417,1610.796985,6233.970829,1606.883372
adults_25_64,equal_all_members,person,exclude_top1_income,india_born_recent_noncit,extended_balance_after_health_ins,360,969017.594424,18225.029961,1617.578890,6326.231007,1613.526611
adults_25_64,equal_all_members,person,exclude_top1_income,india_born_recent_noncit,extended_balance_base,360,969017.594424,18614.285616,1609.274953,4572.156430,1605.611879
adults_25_64,equal_all_members,person,exclude_top1_income,india_born_recent_noncit,extended_balance_flat090,360,969017.594424,18422.623207,1621.159096,4579.827511,1618.003612
adults_25_64,equal_all_members,person,exclude_top1_income,india_born_recent_noncit,extended_balance_renter,360,969017.594424,19497.916570,1625.611417,5149.332193,1621.134970
adults_25_64,equal_all_members,person,exclude_top1_income,india_born_recent_noncit,extended_balance_sales_itep,360,969017.594424,19333.442067,1611.543605,4540.890197,1607.950773
adults_25_64,equal_all_members,person,exclude_top1_income,india_born_recent_noncit,federal_after_refundable,360,969017.594424,8251.360526,789.262368,1223.753565,786.905257
adults_25_64,equal_all_members,person,exclude_top1_income,india_born_recent_noncit,health_age_birth,360,969017.594424,892.274199,38.459485,-1661.814399,39.562986
adults_25_64,equal_all_members,person,exclude_top1_income,india_born_recent_noncit,health_age_birth_ins,360,969017.594424,389.255655,57.701725,-1754.074578,67.254999
adults_25_64,equal_all_members,person,exclude_top1_income,india_born_recent_noncit,k12_charged,360,969017.594424,1581.188387,261.547027,-63.285361,264.332775
adults_25_64,equal_all_members,person,exclude_top1_income,india_born_recent_noncit,k12_charged_flat090,360,969017.594424,1772.850796,293.250228,-70.956442,296.373649
adults_25_64,equal_all_members,person,exclude_top1_income,india_born_recent_noncit,k12_cost_at_full_attendance,360,969017.594424,1969.834218,325.833587,-78.840492,329.304054
adults_25_64,equal_all_members,person,exclude_top1_income,india_born_recent_noncit,modeled_tax_total,360,969017.594424,14501.552028,1215.127400,1894.308637,1213.496361
adults_25_64,equal_all_members,person,exclude_top1_income,india_born_recent_noncit,payroll,360,969017.594424,4302.193079,237.599801,609.234163,236.373684
adults_25_64,equal_all_members,person,exclude_top1_income,india_born_recent_noncit,property_tax_owner,360,969017.594424,492.356708,80.897287,-802.458448,81.365118
adults_25_64,equal_all_members,person,exclude_top1_income,india_born_recent_noncit,property_tax_renter_proxy,360,969017.594424,883.630954,56.705703,577.175764,56.554171
adults_25_64,equal_all_members,person,exclude_top1_income,india_born_recent_noncit,sales_tax_itep,360,969017.594424,1858.478956,78.459430,125.824449,78.087766
adults_25_64,equal_all_members,person,exclude_top1_income,india_born_recent_noncit,sales_tax_share35,360,969017.594424,1139.322505,73.920898,157.090682,73.729230
adults_25_64,equal_all_members,person,exclude_top1_income,india_born_recent_noncit,selected_cash_total,360,969017.594424,158.778920,76.642570,-2298.843070,90.479732
adults_25_64,equal_all_members,person,exclude_top1_income,india_born_recent_noncit,selected_noncash_total,360,969017.594424,29.109315,6.496354,-117.309385,7.536432
adults_25_64,equal_all_members,person,exclude_top1_income,india_born_recent_noncit,snap,360,969017.594424,5.252209,3.056303,-86.482216,4.657140
adults_25_64,equal_all_members,person,exclude_top1_income,india_born_recent_noncit,social_security,360,969017.594424,66.908187,54.151364,-1641.959571,68.628521
adults_25_64,equal_all_members,person,exclude_top1_income,india_born_recent_noncit,state_after_credits,360,969017.594424,1947.998423,242.706744,61.320909,245.198674
adults_25_64,equal_all_members,person,exclude_top1_income,india_born_recent_noncit,state_local_total,360,969017.594424,3579.677637,307.304067,-584.046858,310.125642
adults_25_64,equal_all_members,person,exclude_top1_income,india_born_settled,cash_noncash_tax_balance,853,2225191.034736,19679.773128,1045.174655,9676.570427,1073.646531
adults_25_64,equal_all_members,person,exclude_top1_income,india_born_settled,children_5_17,853,2225191.034736,0.162826,0.009534,0.043959,0.009602
adults_25_64,equal_all_members,person,exclude_top1_income,india_born_settled,employer_payroll,853,2225191.034736,4966.905586,180.000535,1560.552333,183.442828
adults_25_64,equal_all_members,person,exclude_top1_income,india_born_settled,extended_balance_after_health,853,2225191.034736,23828.629263,1321.741871,12340.588675,1354.510405
adults_25_64,equal_all_members,person,exclude_top1_income,india_born_settled,extended_balance_after_health_ins,853,2225191.034736,24544.795016,1347.977474,12645.996062,1382.634093
adults_25_64,equal_all_members,person,exclude_top1_income,india_born_settled,extended_balance_base,853,2225191.034736,25565.925267,1301.839767,11523.796081,1333.875328
adults_25_64,equal_all_members,person,exclude_top1_income,india_born_settled,extended_balance_flat090,853,2225191.034736,25265.605101,1306.448569,11422.809404,1338.293423
adults_25_64,equal_all_members,person,exclude_top1_income,india_born_settled,extended_balance_renter,853,2225191.034736,25844.240516,1308.272828,11495.656139,1340.018030
adults_25_64,equal_all_members,person,exclude_top1_income,india_born_settled,extended_balance_sales_itep,853,2225191.034736,26134.685894,1307.478964,11342.134024,1339.194284
adults_25_64,equal_all_members,person,exclude_top1_income,india_born_settled,federal_after_refundable,853,2225191.034736,12185.467230,667.138233,5157.860269,684.099199
adults_25_64,equal_all_members,person,exclude_top1_income,india_born_settled,health_age_birth,853,2225191.034736,1737.296004,64.585561,-816.792594,67.352498
adults_25_64,equal_all_members,person,exclude_top1_income,india_born_settled,health_age_birth_ins,853,2225191.034736,1021.130251,101.347747,-1122.199981,107.318606
adults_25_64,equal_all_members,person,exclude_top1_income,india_born_settled,k12_charged,853,2225191.034736,2477.599874,150.596072,833.126126,152.931687
adults_25_64,equal_all_members,person,exclude_top1_income,india_born_settled,k12_charged_flat090,853,2225191.034736,2777.920041,168.850447,934.112803,171.469172
adults_25_64,equal_all_members,person,exclude_top1_income,india_born_settled,k12_cost_at_full_attendance,853,2225191.034736,3086.577823,187.611608,1037.903114,190.521302
adults_25_64,equal_all_members,person,exclude_top1_income,india_born_settled,modeled_tax_total,853,2225191.034736,20360.449327,1015.950624,7753.205935,1037.580614
adults_25_64,equal_all_members,person,exclude_top1_income,india_born_settled,payroll,853,2225191.034736,5189.581319,182.522510,1496.622403,184.918903
adults_25_64,equal_all_members,person,exclude_top1_income,india_born_settled,property_tax_owner,853,2225191.034736,2002.496034,101.611387,707.680877,100.344653
adults_25_64,equal_all_members,person,exclude_top1_income,india_born_settled,property_tax_renter_proxy,853,2225191.034736,278.315248,29.062225,-28.139942,29.428320
adults_25_64,equal_all_members,person,exclude_top1_income,india_born_settled,sales_tax_itep,853,2225191.034736,1963.111020,59.928178,230.456513,60.790051
adults_25_64,equal_all_members,person,exclude_top1_income,india_born_settled,sales_tax_share35,853,2225191.034736,1394.350394,53.078645,412.118570,54.209400
adults_25_64,equal_all_members,person,exclude_top1_income,india_born_settled,selected_cash_total,853,2225191.034736,632.212510,136.320999,-1825.409481,143.936232
adults_25_64,equal_all_members,person,exclude_top1_income,india_born_settled,selected_noncash_total,853,2225191.034736,48.463689,7.431532,-97.955011,8.610220
adults_25_64,equal_all_members,person,exclude_top1_income,india_born_settled,snap,853,2225191.034736,11.967286,5.863935,-79.767139,7.305402
adults_25_64,equal_all_members,person,exclude_top1_income,india_born_settled,social_security,853,2225191.034736,482.865477,124.857063,-1226.002281,132.677278
adults_25_64,equal_all_members,person,exclude_top1_income,india_born_settled,state_after_credits,853,2225191.034736,2985.400778,221.385015,1098.723263,224.349003
adults_25_64,equal_all_members,person,exclude_top1_income,india_born_settled,state_local_total,853,2225191.034736,6382.247205,292.795363,2218.522711,297.340063
adults_25_64,equal_all_members,person,exclude_top1_income,india_second_gen,cash_noncash_tax_balance,202,477663.988122,23458.181061,2479.023353,13454.978360,2486.700927
adults_25_64,equal_all_members,person,exclude_top1_income,india_second_gen,children_5_17,202,477663.988122,0.093639,0.018117,-0.025228,0.018141
adults_25_64,equal_all_members,person,exclude_top1_income,india_second_gen,employer_payroll,202,477663.988122,5299.971035,285.399128,1893.617782,289.216853
adults_25_64,equal_all_members,person,exclude_top1_income,india_second_gen,extended_balance_after_health,202,477663.988122,29214.315169,2919.522675,17726.274581,2933.772297
adults_25_64,equal_all_members,person,exclude_top1_income,india_second_gen,extended_balance_after_health_ins,202,477663.988122,30058.265720,2930.489113,18159.466766,2942.507617
adults_25_64,equal_all_members,person,exclude_top1_income,india_second_gen,extended_balance_base,202,477663.988122,31319.122991,2890.059621,17276.993804,2905.281884
adults_25_64,equal_all_members,person,exclude_top1_income,india_second_gen,extended_balance_flat090,202,477663.988122,31135.338792,2893.200346,17292.543096,2908.547711
adults_25_64,equal_all_members,person,exclude_top1_income,india_second_gen,extended_balance_renter,202,477663.988122,31784.337108,2910.839994,17435.752731,2925.340871
adults_25_64,equal_all_members,person,exclude_top1_income,india_second_gen,extended_balance_sales_itep,202,477663.988122,32078.772888,2904.190973,17286.221018,2919.284327
adults_25_64,equal_all_members,person,exclude_top1_income,india_second_gen,federal_after_refundable,202,477663.988122,14896.571013,1880.435437,7868.964052,1881.811739
adults_25_64,equal_all_members,person,exclude_top1_income,india_second_gen,health_age_birth,202,477663.988122,2104.807821,118.381750,-449.280777,117.114550
adults_25_64,equal_all_members,person,exclude_top1_income,india_second_gen,health_age_birth_ins,202,477663.988122,1260.857271,170.092957,-882.472962,170.546216
adults_25_64,equal_all_members,person,exclude_top1_income,india_second_gen,k12_charged,202,477663.988122,1516.194238,301.053696,-128.279510,302.879127
adults_25_64,equal_all_members,person,exclude_top1_income,india_second_gen,k12_charged_flat090,202,477663.988122,1699.978436,337.545664,-143.828802,339.592363
adults_25_64,equal_all_members,person,exclude_top1_income,india_second_gen,k12_cost_at_full_attendance,202,477663.988122,1888.864929,375.050738,-159.809780,377.324848
adults_25_64,equal_all_members,person,exclude_top1_income,india_second_gen,modeled_tax_total,202,477663.988122,24529.617088,2403.023888,11922.373696,2410.263494
adults_25_64,equal_all_members,person,exclude_top1_income,india_second_gen,payroll,202,477663.988122,5515.618314,304.001716,1822.659397,306.899863
adults_25_64,equal_all_members,person,exclude_top1_income,india_second_gen,property_tax_owner,202,477663.988122,2563.667785,319.473515,1268.852628,319.074502
adults_25_64,equal_all_members,person,exclude_top1_income,india_second_gen,property_tax_renter_proxy,202,477663.988122,465.214118,76.834267,158.758927,76.844452
adults_25_64,equal_all_members,person,exclude_top1_income,india_second_gen,sales_tax_itep,202,477663.988122,2273.147244,136.856093,540.492737,136.387429
adults_25_64,equal_all_members,person,exclude_top1_income,india_second_gen,sales_tax_share35,202,477663.988122,1513.497347,119.434071,531.265523,119.338056
adults_25_64,equal_all_members,person,exclude_top1_income,india_second_gen,selected_cash_total,202,477663.988122,1046.171911,309.627753,-1411.450079,307.041309
adults_25_64,equal_all_members,person,exclude_top1_income,india_second_gen,selected_noncash_total,202,477663.988122,25.264115,10.680351,-121.154585,11.582409
adults_25_64,equal_all_members,person,exclude_top1_income,india_second_gen,snap,202,477663.988122,10.213891,9.179373,-81.520534,9.983351
adults_25_64,equal_all_members,person,exclude_top1_income,india_second_gen,social_security,202,477663.988122,804.801466,280.739019,-904.066292,277.058206
adults_25_64,equal_all_members,person,exclude_top1_income,india_second_gen,state_after_credits,202,477663.988122,4117.427761,449.195176,2230.750247,451.771818
adults_25_64,equal_all_members,person,exclude_top1_income,india_second_gen,state_local_total,202,477663.988122,8194.592893,651.617054,4030.868399,655.573950
adults_25_64,equal_all_members,person,exclude_top1_income,mexican_second_gen,cash_noncash_tax_balance,2446,5595543.409223,5384.021980,242.998128,-4619.180721,295.980352
adults_25_64,equal_all_members,person,exclude_top1_income,mexican_second_gen,children_5_17,2446,5595543.409223,0.148821,0.005709,0.029953,0.005944
adults_25_64,equal_all_members,person,exclude_top1_income,mexican_second_gen,employer_payroll,2446,5595543.409223,2526.958141,52.302098,-879.395113,56.154016
adults_25_64,equal_all_members,person,exclude_top1_income,mexican_second_gen,extended_balance_after_health,2446,5595543.409223,5142.984495,348.227340,-6345.056093,401.670333
adults_25_64,equal_all_members,person,exclude_top1_income,mexican_second_gen,extended_balance_after_health_ins,2446,5595543.409223,4945.939856,370.025612,-6952.859098,420.892326
adults_25_64,equal_all_members,person,exclude_top1_income,mexican_second_gen,extended_balance_base,2446,5595543.409223,7334.179720,344.540833,-6707.949466,393.558632
adults_25_64,equal_all_members,person,exclude_top1_income,mexican_second_gen,extended_balance_flat090,2446,5595543.409223,7078.347945,349.587348,-6764.447751,397.813032
adults_25_64,equal_all_members,person,exclude_top1_income,mexican_second_gen,extended_balance_renter,2446,5595543.409223,7802.927782,345.595637,-6545.656595,394.612814
adults_25_64,equal_all_members,person,exclude_top1_income,mexican_second_gen,extended_balance_sales_itep,2446,5595543.409223,7836.605183,347.617698,-6955.946687,396.302282
adults_25_64,equal_all_members,person,exclude_top1_income,mexican_second_gen,federal_after_refundable,2446,5595543.409223,3480.628288,142.765890,-3546.978673,163.860326
adults_25_64,equal_all_members,person,exclude_top1_income,mexican_second_gen,health_age_birth,2446,5595543.409223,2191.195225,39.378297,-362.893373,42.488072
adults_25_64,equal_all_members,person,exclude_top1_income,mexican_second_gen,health_age_birth_ins,2446,5595543.409223,2388.239864,72.749378,244.909632,79.051831
adults_25_64,equal_all_members,person,exclude_top1_income,mexican_second_gen,k12_charged,2446,5595543.409223,2110.576788,85.960098,466.103040,90.471776
adults_25_64,equal_all_members,person,exclude_top1_income,mexican_second_gen,k12_charged_flat090,2446,5595543.409223,2366.408563,96.379679,522.601325,101.438236
adults_25_64,equal_all_members,person,exclude_top1_income,mexican_second_gen,k12_cost_at_full_attendance,2446,5595543.409223,2629.342848,107.088532,580.668138,112.709151
adults_25_64,equal_all_members,person,exclude_top1_income,mexican_second_gen,modeled_tax_total,2446,5595543.409223,7088.892850,224.991706,-5518.350541,253.887621
adults_25_64,equal_all_members,person,exclude_top1_income,mexican_second_gen,payroll,2446,5595543.409223,2690.393695,54.364091,-1002.565222,58.469298
adults_25_64,equal_all_members,person,exclude_top1_income,mexican_second_gen,property_tax_owner,2446,5595543.409223,762.088117,28.699177,-532.727040,32.201775
adults_25_64,equal_all_members,person,exclude_top1_income,mexican_second_gen,property_tax_renter_proxy,2446,5595543.409223,468.748062,22.056161,162.292871,21.705273
adults_25_64,equal_all_members,person,exclude_top1_income,mexican_second_gen,sales_tax_itep,2446,5595543.409223,1274.113733,21.259709,-458.540773,21.667011
adults_25_64,equal_all_members,person,exclude_top1_income,mexican_second_gen,sales_tax_share35,2446,5595543.409223,771.688271,15.495149,-210.543552,15.957624
adults_25_64,equal_all_members,person,exclude_top1_income,mexican_second_gen,selected_cash_total,2446,5595543.409223,1464.642248,102.992792,-992.979742,118.805679
adults_25_64,equal_all_members,person,exclude_top1_income,mexican_second_gen,selected_noncash_total,2446,5595543.409223,240.228621,13.938006,93.809921,15.034052
adults_25_64,equal_all_members,person,exclude_top1_income,mexican_second_gen,snap,2446,5595543.409223,134.465844,12.289875,42.731419,13.374835
adults_25_64,equal_all_members,person,exclude_top1_income,mexican_second_gen,social_security,2446,5595543.409223,854.851500,72.221544,-854.016258,88.571821
adults_25_64,equal_all_members,person,exclude_top1_income,mexican_second_gen,state_after_credits,2446,5595543.409223,917.870868,41.823885,-968.806647,48.424094
adults_25_64,equal_all_members,person,exclude_top1_income,mexican_second_gen,state_local_total,2446,5595543.409223,2451.647255,69.476914,-1712.077239,78.214034
adults_25_64,equal_all_members,person,exclude_top1_income,mexico_born,cash_noncash_tax_balance,4309,9433097.196745,3491.526499,181.625831,-6511.676202,236.468397
adults_25_64,equal_all_members,person,exclude_top1_income,mexico_born,children_5_17,4309,9433097.196745,0.166569,0.004198,0.047702,0.004515
adults_25_64,equal_all_members,person,exclude_top1_income,mexico_born,employer_payroll,4309,9433097.196745,1877.153298,36.265432,-1529.199955,43.233922
adults_25_64,equal_all_members,person,exclude_top1_income,mexico_born,extended_balance_after_health,4309,9433097.196745,2326.956854,247.543675,-9161.083735,313.199755
adults_25_64,equal_all_members,person,exclude_top1_income,mexico_born,extended_balance_after_health_ins,4309,9433097.196745,2069.791996,275.600856,-9829.006958,338.185197
adults_25_64,equal_all_members,person,exclude_top1_income,mexico_born,extended_balance_base,4309,9433097.196745,4151.528263,246.294878,-9890.600923,311.193746
adults_25_64,equal_all_members,person,exclude_top1_income,mexico_born,extended_balance_flat090,4309,9433097.196745,3871.228949,249.593150,-9971.566747,314.174949
adults_25_64,equal_all_members,person,exclude_top1_income,mexico_born,extended_balance_renter,4309,9433097.196745,4636.941417,246.011654,-9711.642960,310.781629
adults_25_64,equal_all_members,person,exclude_top1_income,mexico_born,extended_balance_sales_itep,4309,9433097.196745,4641.519311,248.492353,-10151.032559,313.137561
adults_25_64,equal_all_members,person,exclude_top1_income,mexico_born,federal_after_refundable,4309,9433097.196745,1908.107179,108.268052,-5119.499781,140.449490
adults_25_64,equal_all_members,person,exclude_top1_income,mexico_born,health_age_birth,4309,9433097.196745,1824.571409,26.783560,-729.517189,29.655503
adults_25_64,equal_all_members,person,exclude_top1_income,mexico_born,health_age_birth_ins,4309,9433097.196745,2081.736267,71.014852,-61.593965,74.530509
adults_25_64,equal_all_members,person,exclude_top1_income,mexico_born,k12_charged,4309,9433097.196745,2312.430605,62.056111,667.956857,68.522716
adults_25_64,equal_all_members,person,exclude_top1_income,mexico_born,k12_charged_flat090,4309,9433097.196745,2592.729919,69.578190,748.922681,76.828639
adults_25_64,equal_all_members,person,exclude_top1_income,mexico_born,k12_cost_at_full_attendance,4309,9433097.196745,2880.811021,77.309100,832.136312,85.365155
adults_25_64,equal_all_members,person,exclude_top1_income,mexico_born,modeled_tax_total,4309,9433097.196745,4596.333653,168.443730,-8010.909738,214.267889
adults_25_64,equal_all_members,person,exclude_top1_income,mexico_born,payroll,4309,9433097.196745,2122.712584,39.846694,-1570.246333,47.677689
adults_25_64,equal_all_members,person,exclude_top1_income,mexico_born,property_tax_owner,4309,9433097.196745,515.439967,24.574816,-779.375190,28.386049
adults_25_64,equal_all_members,person,exclude_top1_income,mexico_born,property_tax_renter_proxy,4309,9433097.196745,485.413154,13.787883,178.957963,14.304599
adults_25_64,equal_all_members,person,exclude_top1_income,mexico_born,sales_tax_itep,4309,9433097.196745,1069.830152,14.000966,-662.824355,16.092004
adults_25_64,equal_all_members,person,exclude_top1_income,mexico_born,sales_tax_share35,4309,9433097.196745,579.839104,10.313981,-402.392719,12.411307
adults_25_64,equal_all_members,person,exclude_top1_income,mexico_born,selected_cash_total,4309,9433097.196745,858.431159,63.058652,-1599.190832,83.976614
adults_25_64,equal_all_members,person,exclude_top1_income,mexico_born,selected_noncash_total,4309,9433097.196745,246.375995,13.489466,99.957296,14.139041
adults_25_64,equal_all_members,person,exclude_top1_income,mexico_born,snap,4309,9433097.196745,119.410217,11.896804,27.675792,12.653014
adults_25_64,equal_all_members,person,exclude_top1_income,mexico_born,social_security,4309,9433097.196745,636.040461,52.233047,-1072.827297,69.273555
adults_25_64,equal_all_members,person,exclude_top1_income,mexico_born,state_after_credits,4309,9433097.196745,565.513891,31.361149,-1321.163624,39.316893
adults_25_64,equal_all_members,person,exclude_top1_income,mexico_born,state_local_total,4309,9433097.196745,1660.792962,49.684289,-2502.931533,64.118682
adults_25_64,equal_all_members,person,exclude_top1_income,third_plus_nh_white,cash_noncash_tax_balance,35844,86591221.239663,10003.202701,158.980359,0.000000,0.000000
adults_25_64,equal_all_members,person,exclude_top1_income,third_plus_nh_white,children_5_17,35844,86591221.239663,0.118867,0.001468,0.000000,0.000000
adults_25_64,equal_all_members,person,exclude_top1_income,third_plus_nh_white,employer_payroll,35844,86591221.239663,3406.353253,26.097985,0.000000,0.000000
adults_25_64,equal_all_members,person,exclude_top1_income,third_plus_nh_white,extended_balance_after_health,35844,86591221.239663,11488.040589,204.391313,0.000000,0.000000
adults_25_64,equal_all_members,person,exclude_top1_income,third_plus_nh_white,extended_balance_after_health_ins,35844,86591221.239663,11898.798954,214.879447,0.000000,0.000000
adults_25_64,equal_all_members,person,exclude_top1_income,third_plus_nh_white,extended_balance_base,35844,86591221.239663,14042.129187,200.355410,0.000000,0.000000
adults_25_64,equal_all_members,person,exclude_top1_income,third_plus_nh_white,extended_balance_flat090,35844,86591221.239663,13842.795696,201.139757,0.000000,0.000000
adults_25_64,equal_all_members,person,exclude_top1_income,third_plus_nh_white,extended_balance_renter,35844,86591221.239663,14348.584377,200.693693,0.000000,0.000000
adults_25_64,equal_all_members,person,exclude_top1_income,third_plus_nh_white,extended_balance_sales_itep,35844,86591221.239663,14792.551870,201.311159,0.000000,0.000000
adults_25_64,equal_all_members,person,exclude_top1_income,third_plus_nh_white,federal_after_refundable,35844,86591221.239663,7027.606960,93.792329,0.000000,0.000000
adults_25_64,equal_all_members,person,exclude_top1_income,third_plus_nh_white,health_age_birth,35844,86591221.239663,2554.088598,12.582903,0.000000,0.000000
adults_25_64,equal_all_members,person,exclude_top1_income,third_plus_nh_white,health_age_birth_ins,35844,86591221.239663,2143.330232,28.598488,0.000000,0.000000
adults_25_64,equal_all_members,person,exclude_top1_income,third_plus_nh_white,k12_charged,35844,86591221.239663,1644.473748,23.143962,0.000000,0.000000
adults_25_64,equal_all_members,person,exclude_top1_income,third_plus_nh_white,k12_charged_flat090,35844,86591221.239663,1843.807238,25.949338,0.000000,0.000000
adults_25_64,equal_all_members,person,exclude_top1_income,third_plus_nh_white,k12_cost_at_full_attendance,35844,86591221.239663,2048.674709,28.832597,0.000000,0.000000
adults_25_64,equal_all_members,person,exclude_top1_income,third_plus_nh_white,modeled_tax_total,35844,86591221.239663,12607.243391,137.479607,0.000000,0.000000
adults_25_64,equal_all_members,person,exclude_top1_income,third_plus_nh_white,payroll,35844,86591221.239663,3692.958917,27.080717,0.000000,0.000000
adults_25_64,equal_all_members,person,exclude_top1_income,third_plus_nh_white,property_tax_owner,35844,86591221.239663,1294.815157,16.017675,0.000000,0.000000
adults_25_64,equal_all_members,person,exclude_top1_income,third_plus_nh_white,property_tax_renter_proxy,35844,86591221.239663,306.455190,5.696034,0.000000,0.000000
adults_25_64,equal_all_members,person,exclude_top1_income,third_plus_nh_white,sales_tax_itep,35844,86591221.239663,1732.654507,8.982999,0.000000,0.000000
adults_25_64,equal_all_members,person,exclude_top1_income,third_plus_nh_white,sales_tax_share35,35844,86591221.239663,982.231823,7.452683,0.000000,0.000000
adults_25_64,equal_all_members,person,exclude_top1_income,third_plus_nh_white,selected_cash_total,35844,86591221.239663,2457.621990,48.549257,0.000000,0.000000
adults_25_64,equal_all_members,person,exclude_top1_income,third_plus_nh_white,selected_noncash_total,35844,86591221.239663,146.418700,4.250378,0.000000,0.000000
adults_25_64,equal_all_members,person,exclude_top1_income,third_plus_nh_white,snap,35844,86591221.239663,91.734425,3.965323,0.000000,0.000000
adults_25_64,equal_all_members,person,exclude_top1_income,third_plus_nh_white,social_security,35844,86591221.239663,1708.867758,41.534952,0.000000,0.000000
adults_25_64,equal_all_members,person,exclude_top1_income,third_plus_nh_white,state_after_credits,35844,86591221.239663,1886.677514,24.835767,0.000000,0.000000
adults_25_64,equal_all_members,person,exclude_top1_income,third_plus_nh_white,state_local_total,35844,86591221.239663,4163.724494,39.300599,0.000000,0.000000
adults_25_64,equal_all_members,person,raw,all_foreign_born,cash_noncash_tax_balance,15203,37078696.955611,9566.192314,261.991024,-2218.469387,369.301639
adults_25_64,equal_all_members,person,raw,all_foreign_born,children_5_17,15203,37078696.955611,0.150416,0.002184,0.031134,0.002744
adults_25_64,equal_all_members,person,raw,all_foreign_born,employer_payroll,15203,37078696.955611,2905.075298,34.338999,-583.748112,43.611203
adults_25_64,equal_all_members,person,raw,all_foreign_born,extended_balance_after_health,15203,37078696.955611,10222.253077,315.289721,-3208.684324,439.534897
adults_25_64,equal_all_members,person,raw,all_foreign_born,extended_balance_after_health_ins,15203,37078696.955611,10254.396794,324.560557,-3598.402931,450.055893
adults_25_64,equal_all_members,person,raw,all_foreign_born,extended_balance_base,15203,37078696.955611,12057.410182,314.496528,-3927.014640,437.009611
adults_25_64,equal_all_members,person,raw,all_foreign_born,extended_balance_flat090,15203,37078696.955611,11783.580016,315.228724,-4000.654057,437.736673
adults_25_64,equal_all_members,person,raw,all_foreign_born,extended_balance_renter,15203,37078696.955611,12582.344239,313.300070,-3706.345928,435.774313
adults_25_64,equal_all_members,person,raw,all_foreign_born,extended_balance_sales_itep,15203,37078696.955611,12648.498363,316.062409,-4098.677526,439.620943
adults_25_64,equal_all_members,person,raw,all_foreign_born,federal_after_refundable,15203,37078696.955611,6071.221619,186.672745,-2391.731777,268.643099
adults_25_64,equal_all_members,person,raw,all_foreign_born,health_age_birth,15203,37078696.955611,1835.157104,14.865627,-718.330315,19.627926
adults_25_64,equal_all_members,person,raw,all_foreign_born,health_age_birth_ins,15203,37078696.955611,1803.013388,32.081688,-328.611709,42.367668
adults_25_64,equal_all_members,person,raw,all_foreign_born,k12_charged,15203,37078696.955611,2259.061024,36.456614,607.515017,45.278918
adults_25_64,equal_all_members,person,raw,all_foreign_born,k12_charged_flat090,15203,37078696.955611,2532.891189,40.875672,681.154434,50.767364
adults_25_64,equal_all_members,person,raw,all_foreign_born,k12_cost_at_full_attendance,15203,37078696.955611,2814.323543,45.417413,756.838260,56.408182
adults_25_64,equal_all_members,person,raw,all_foreign_born,modeled_tax_total,15203,37078696.955611,10868.876195,253.901919,-3514.439368,357.636051
adults_25_64,equal_all_members,person,raw,all_foreign_born,payroll,15203,37078696.955611,3186.305716,37.519376,-629.196623,47.822227
adults_25_64,equal_all_members,person,raw,all_foreign_born,property_tax_owner,15203,37078696.955611,973.163361,23.399514,-339.592481,27.369276
adults_25_64,equal_all_members,person,raw,all_foreign_born,property_tax_renter_proxy,15203,37078696.955611,524.934057,8.829521,220.668711,10.252750
adults_25_64,equal_all_members,person,raw,all_foreign_born,sales_tax_itep,15203,37078696.955611,1463.128413,13.890271,-349.352530,18.985794
adults_25_64,equal_all_members,person,raw,all_foreign_born,sales_tax_share35,15203,37078696.955611,872.040232,11.628913,-177.689643,15.749787
adults_25_64,equal_all_members,person,raw,all_foreign_born,selected_cash_total,15203,37078696.955611,1108.952380,43.070595,-1344.366987,62.060777
adults_25_64,equal_all_members,person,raw,all_foreign_born,selected_noncash_total,15203,37078696.955611,193.731501,5.480352,48.397006,7.041303
adults_25_64,equal_all_members,person,raw,all_foreign_born,snap,15203,37078696.955611,104.706749,4.951468,13.839876,6.521868
adults_25_64,equal_all_members,person,raw,all_foreign_born,social_security,15203,37078696.955611,746.738836,33.844778,-952.900632,51.688414
adults_25_64,equal_all_members,person,raw,all_foreign_born,state_after_credits,15203,37078696.955611,1611.348859,48.019117,-493.510968,63.774897
adults_25_64,equal_all_members,person,raw,all_foreign_born,state_local_total,15203,37078696.955611,3456.552453,67.620610,-1010.793092,90.413944
adults_25_64,equal_all_members,person,raw,all_native,cash_noncash_tax_balance,55652,134686458.170775,10471.612923,195.426833,-1313.048778,105.624736
adults_25_64,equal_all_members,person,raw,all_native,children_5_17,55652,134686458.170775,0.120746,0.001225,0.001465,0.000806
adults_25_64,equal_all_members,person,raw,all_native,employer_payroll,55652,134686458.170775,3307.299102,22.442604,-181.524307,12.761700
adults_25_64,equal_all_members,person,raw,all_native,extended_balance_after_health,55652,134686458.170775,11756.011245,234.131102,-1674.926157,124.319825
adults_25_64,equal_all_members,person,raw,all_native,extended_balance_after_health_ins,55652,134686458.170775,11955.660703,241.274855,-1897.139022,129.028076
adults_25_64,equal_all_members,person,raw,all_native,extended_balance_base,55652,134686458.170775,14265.654779,231.612161,-1718.770042,123.628277
adults_25_64,equal_all_members,person,raw,all_native,extended_balance_flat090,55652,134686458.170775,14060.835445,232.274571,-1723.398628,123.818987
adults_25_64,equal_all_members,person,raw,all_native,extended_balance_renter,55652,134686458.170775,14661.408135,231.923758,-1627.282031,123.829898
adults_25_64,equal_all_members,person,raw,all_native,extended_balance_sales_itep,55652,134686458.170775,15001.548671,233.061646,-1745.627218,124.354091
adults_25_64,equal_all_members,person,raw,all_native,federal_after_refundable,55652,134686458.170775,7603.041087,138.949568,-859.912309,78.356853
adults_25_64,equal_all_members,person,raw,all_native,health_age_birth,55652,134686458.170775,2509.643534,10.369906,-43.843885,6.653913
adults_25_64,equal_all_members,person,raw,all_native,health_age_birth_ins,55652,134686458.170775,2309.994076,23.870391,178.368980,15.528029
adults_25_64,equal_all_members,person,raw,all_native,k12_charged,55652,134686458.170775,1689.731202,18.998905,38.185195,12.759979
adults_25_64,equal_all_members,person,raw,all_native,k12_charged_flat090,55652,134686458.170775,1894.550536,21.301841,42.813781,14.306669
adults_25_64,equal_all_members,person,raw,all_native,k12_cost_at_full_attendance,55652,134686458.170775,2105.056151,23.668713,47.570867,15.896298
adults_25_64,equal_all_members,person,raw,all_native,modeled_tax_total,55652,134686458.170775,13110.121066,184.352763,-1273.194496,104.111004
adults_25_64,equal_all_members,person,raw,all_native,payroll,55652,134686458.170775,3593.197815,24.521421,-222.304524,14.123361
adults_25_64,equal_all_members,person,raw,all_native,property_tax_owner,55652,134686458.170775,1179.938471,12.274359,-132.817372,8.089025
adults_25_64,equal_all_members,person,raw,all_native,property_tax_renter_proxy,55652,134686458.170775,395.753356,5.209966,91.488010,3.514984
adults_25_64,equal_all_members,person,raw,all_native,sales_tax_itep,55652,134686458.170775,1732.429377,10.060773,-80.051566,5.747196
adults_25_64,equal_all_members,person,raw,all_native,sales_tax_share35,55652,134686458.170775,996.535485,8.228730,-53.194390,4.725236
adults_25_64,equal_all_members,person,raw,all_native,selected_cash_total,55652,134686458.170775,2450.869587,37.556896,-2.449779,25.640026
adults_25_64,equal_all_members,person,raw,all_native,selected_noncash_total,55652,134686458.170775,187.638556,3.806158,42.304061,2.897568
adults_25_64,equal_all_members,person,raw,all_native,snap,55652,134686458.170775,122.205807,3.389439,31.338934,2.649002
adults_25_64,equal_all_members,person,raw,all_native,social_security,55652,134686458.170775,1636.485196,32.257872,-63.154272,19.768779
adults_25_64,equal_all_members,person,raw,all_native,state_after_credits,55652,134686458.170775,1913.882164,30.049052,-190.977663,18.894915
adults_25_64,equal_all_members,person,raw,all_native,state_local_total,55652,134686458.170775,4090.356120,43.096837,-376.989426,26.443320
adults_25_64,equal_all_members,person,raw,asian_indian_native_selfid,cash_noncash_tax_balance,258,642302.176503,25058.956890,2854.123887,13274.295190,2902.370129
adults_25_64,equal_all_members,person,raw,asian_indian_native_selfid,children_5_17,258,642302.176503,0.107743,0.016406,-0.011538,0.016609
adults_25_64,equal_all_members,person,raw,asian_indian_native_selfid,employer_payroll,258,642302.176503,5156.354374,274.294655,1667.530964,280.858776
adults_25_64,equal_all_members,person,raw,asian_indian_native_selfid,extended_balance_after_health,258,642302.176503,30343.925402,3320.128357,16912.988000,3382.109038
adults_25_64,equal_all_members,person,raw,asian_indian_native_selfid,extended_balance_after_health_ins,258,642302.176503,31070.445029,3354.252451,17217.645304,3414.782342
adults_25_64,equal_all_members,person,raw,asian_indian_native_selfid,extended_balance_base,258,642302.176503,32387.454564,3303.806931,16403.029743,3366.370935
adults_25_64,equal_all_members,person,raw,asian_indian_native_selfid,extended_balance_flat090,258,642302.176503,32177.765572,3310.633125,16393.531499,3373.516149
adults_25_64,equal_all_members,person,raw,asian_indian_native_selfid,extended_balance_renter,258,642302.176503,32817.708263,3316.275255,16529.018097,3378.473588
adults_25_64,equal_all_members,person,raw,asian_indian_native_selfid,extended_balance_sales_itep,258,642302.176503,33060.602763,3311.416404,16313.426874,3374.392688
adults_25_64,equal_all_members,person,raw,asian_indian_native_selfid,federal_after_refundable,258,642302.176503,16041.933980,2127.987202,7578.980584,2159.133083
adults_25_64,equal_all_members,person,raw,asian_indian_native_selfid,health_age_birth,258,642302.176503,2043.529163,99.320448,-509.958257,98.312995
adults_25_64,equal_all_members,person,raw,asian_indian_native_selfid,health_age_birth_ins,258,642302.176503,1317.009536,163.417726,-814.615561,161.682600
adults_25_64,equal_all_members,person,raw,asian_indian_native_selfid,k12_charged,258,642302.176503,1729.905210,269.500458,78.359203,272.839620
adults_25_64,equal_all_members,person,raw,asian_indian_native_selfid,k12_charged_flat090,258,642302.176503,1939.594203,302.167728,87.857448,305.911643
adults_25_64,equal_all_members,person,raw,asian_indian_native_selfid,k12_cost_at_full_attendance,258,642302.176503,2155.104670,335.741920,97.619386,339.901825
adults_25_64,equal_all_members,person,raw,asian_indian_native_selfid,modeled_tax_total,258,642302.176503,25827.763276,2811.922008,11444.447714,2858.697164
adults_25_64,equal_all_members,person,raw,asian_indian_native_selfid,payroll,258,642302.176503,5418.040253,299.603225,1602.537914,306.842299
adults_25_64,equal_all_members,person,raw,asian_indian_native_selfid,property_tax_owner,258,642302.176503,2336.093710,293.004407,1023.337867,293.853541
adults_25_64,equal_all_members,person,raw,asian_indian_native_selfid,property_tax_renter_proxy,258,642302.176503,430.253699,68.135504,125.988354,68.069078
adults_25_64,equal_all_members,person,raw,asian_indian_native_selfid,sales_tax_itep,258,642302.176503,2239.102999,135.034176,426.622056,136.710277
adults_25_64,equal_all_members,person,raw,asian_indian_native_selfid,sales_tax_share35,258,642302.176503,1565.954801,122.561665,516.224926,124.008620
adults_25_64,equal_all_members,person,raw,asian_indian_native_selfid,selected_cash_total,258,642302.176503,722.133837,249.466610,-1731.185530,250.786578
adults_25_64,equal_all_members,person,raw,asian_indian_native_selfid,selected_noncash_total,258,642302.176503,46.672549,13.347657,-98.661946,13.532300
adults_25_64,equal_all_members,person,raw,asian_indian_native_selfid,snap,258,642302.176503,21.897122,11.690720,-68.969751,12.042819
adults_25_64,equal_all_members,person,raw,asian_indian_native_selfid,social_security,258,642302.176503,584.590573,235.977735,-1115.048895,233.047284
adults_25_64,equal_all_members,person,raw,asian_indian_native_selfid,state_after_credits,258,642302.176503,4367.789042,521.263506,2262.929215,530.636069
adults_25_64,equal_all_members,person,raw,asian_indian_native_selfid,state_local_total,258,642302.176503,8269.837553,737.046379,3802.492008,750.674391
adults_25_64,equal_all_members,person,raw,china_born,cash_noncash_tax_balance,628,1512979.429194,18792.543483,2107.942056,7007.881782,2116.588200
adults_25_64,equal_all_members,person,raw,china_born,children_5_17,628,1512979.429194,0.144197,0.012294,0.024916,0.012454
adults_25_64,equal_all_members,person,raw,china_born,employer_payroll,628,1512979.429194,4186.948591,248.088480,698.125182,248.279475
adults_25_64,equal_all_members,person,raw,china_born,extended_balance_after_health,628,1512979.429194,21876.998709,2510.353843,8446.061307,2522.564731
adults_25_64,equal_all_members,person,raw,china_born,extended_balance_after_health_ins,628,1512979.429194,21529.890157,2581.175793,7677.090433,2591.774991
adults_25_64,equal_all_members,person,raw,china_born,extended_balance_base,628,1512979.429194,23745.543471,2517.651937,7761.118650,2530.273663
adults_25_64,equal_all_members,person,raw,china_born,extended_balance_flat090,628,1512979.429194,23446.926832,2523.436283,7662.692759,2536.450117
adults_25_64,equal_all_members,person,raw,china_born,extended_balance_renter,628,1512979.429194,24277.075840,2514.853005,7988.385674,2527.796894
adults_25_64,equal_all_members,person,raw,china_born,extended_balance_sales_itep,628,1512979.429194,24371.610826,2527.914777,7624.434937,2541.301940
adults_25_64,equal_all_members,person,raw,china_born,federal_after_refundable,628,1512979.429194,11757.207994,1426.106282,3294.254599,1434.143851
adults_25_64,equal_all_members,person,raw,china_born,health_age_birth,628,1512979.429194,1868.544762,74.481907,-684.942657,74.290516
adults_25_64,equal_all_members,person,raw,china_born,health_age_birth_ins,628,1512979.429194,2215.653314,223.499090,84.028217,222.278422
adults_25_64,equal_all_members,person,raw,china_born,k12_charged,628,1512979.429194,2463.546007,204.921890,812.000000,207.153196
adults_25_64,equal_all_members,person,raw,china_born,k12_charged_flat090,628,1512979.429194,2762.162647,229.761323,910.425892,232.263094
adults_25_64,equal_all_members,person,raw,china_born,k12_cost_at_full_attendance,628,1512979.429194,3069.069607,255.290359,1011.584324,258.070105
adults_25_64,equal_all_members,person,raw,china_born,modeled_tax_total,628,1512979.429194,19773.880814,2116.364700,5390.565252,2125.201297
adults_25_64,equal_all_members,person,raw,china_born,payroll,628,1512979.429194,4486.742101,266.111173,671.239762,266.435185
adults_25_64,equal_all_members,person,raw,china_born,property_tax_owner,628,1512979.429194,1933.499254,137.299128,620.743411,137.702190
adults_25_64,equal_all_members,person,raw,china_born,property_tax_renter_proxy,628,1512979.429194,531.532369,50.480390,227.267024,50.502126
adults_25_64,equal_all_members,person,raw,china_born,sales_tax_itep,628,1512979.429194,1922.165506,103.779615,109.684563,104.798252
adults_25_64,equal_all_members,person,raw,china_born,sales_tax_share35,628,1512979.429194,1296.098151,90.191414,246.368275,90.319205
adults_25_64,equal_all_members,person,raw,china_born,selected_cash_total,628,1512979.429194,815.353552,170.730220,-1637.965815,166.498023
adults_25_64,equal_all_members,person,raw,china_born,selected_noncash_total,628,1512979.429194,165.983780,27.170719,20.649285,27.677595
adults_25_64,equal_all_members,person,raw,china_born,snap,628,1512979.429194,91.755702,23.759651,0.888829,24.208207
adults_25_64,equal_all_members,person,raw,china_born,social_security,628,1512979.429194,502.953549,148.237516,-1196.685919,150.029404
adults_25_64,equal_all_members,person,raw,china_born,state_after_credits,628,1512979.429194,3529.930719,472.144745,1425.070891,474.009522
adults_25_64,equal_all_members,person,raw,china_born,state_local_total,628,1512979.429194,6759.528124,629.676219,2292.182578,631.390322
adults_25_64,equal_all_members,person,raw,china_born_broad,cash_noncash_tax_balance,769,1872200.147549,19454.800655,1874.019718,7670.138954,1883.960350
adults_25_64,equal_all_members,person,raw,china_born_broad,children_5_17,769,1872200.147549,0.140569,0.010634,0.021288,0.010804
adults_25_64,equal_all_members,person,raw,china_born_broad,employer_payroll,769,1872200.147549,4301.640999,215.209251,812.817590,215.967303
adults_25_64,equal_all_members,person,raw,china_born_broad,extended_balance_after_health,769,1872200.147549,22855.556323,2223.993620,9424.618921,2237.619149
adults_25_64,equal_all_members,person,raw,china_born_broad,extended_balance_after_health_ins,769,1872200.147549,22781.437169,2288.878566,8928.637445,2301.578890
adults_25_64,equal_all_members,person,raw,china_born_broad,extended_balance_base,769,1872200.147549,24823.414462,2229.996622,8838.989641,2243.997643
adults_25_64,equal_all_members,person,raw,china_born_broad,extended_balance_flat090,769,1872200.147549,24536.026288,2235.145114,8751.792215,2249.449444
adults_25_64,equal_all_members,person,raw,china_born_broad,extended_balance_renter,769,1872200.147549,25324.149528,2228.146176,9035.459361,2242.308611
adults_25_64,equal_all_members,person,raw,china_born_broad,extended_balance_sales_itep,769,1872200.147549,25441.692004,2239.399325,8694.516115,2254.055004
adults_25_64,equal_all_members,person,raw,china_born_broad,federal_after_refundable,769,1872200.147549,12506.989701,1323.049359,4044.036305,1333.225277
adults_25_64,equal_all_members,person,raw,china_born_broad,health_age_birth,769,1872200.147549,1967.858139,65.119819,-585.629280,64.980342
adults_25_64,equal_all_members,person,raw,china_born_broad,health_age_birth_ins,769,1872200.147549,2041.977293,193.429697,-89.647804,192.662925
adults_25_64,equal_all_members,person,raw,china_born_broad,k12_charged,769,1872200.147549,2370.912723,175.904488,719.366716,178.068864
adults_25_64,equal_all_members,person,raw,china_born_broad,k12_charged_flat090,769,1872200.147549,2658.300897,197.226601,806.564142,199.653330
adults_25_64,equal_all_members,person,raw,china_born_broad,k12_cost_at_full_attendance,769,1872200.147549,2953.667663,219.140668,896.182380,221.837034
adults_25_64,equal_all_members,person,raw,china_born_broad,modeled_tax_total,769,1872200.147549,20498.630657,1877.013984,6115.315095,1886.494033
adults_25_64,equal_all_members,person,raw,china_born_broad,payroll,769,1872200.147549,4611.763151,229.444820,796.260812,230.320745
adults_25_64,equal_all_members,person,raw,china_born_broad,property_tax_owner,769,1872200.147549,2077.848042,124.408395,765.092200,124.816190
adults_25_64,equal_all_members,person,raw,china_born_broad,property_tax_renter_proxy,769,1872200.147549,500.735066,44.369069,196.469720,44.369822
adults_25_64,equal_all_members,person,raw,china_born_broad,sales_tax_itep,769,1872200.147549,1978.315030,93.645456,165.834087,94.762296
adults_25_64,equal_all_members,person,raw,china_born_broad,sales_tax_share35,769,1872200.147549,1360.037488,81.935865,310.307613,82.339802
adults_25_64,equal_all_members,person,raw,china_born_broad,selected_cash_total,769,1872200.147549,890.158709,146.487263,-1563.160658,144.015149
adults_25_64,equal_all_members,person,raw,china_born_broad,selected_noncash_total,769,1872200.147549,153.671293,22.925380,8.336798,23.584830
adults_25_64,equal_all_members,person,raw,china_born_broad,snap,769,1872200.147549,83.712303,19.855624,-7.154570,20.405526
adults_25_64,equal_all_members,person,raw,china_born_broad,social_security,769,1872200.147549,543.325288,132.073679,-1156.314180,134.915819
adults_25_64,equal_all_members,person,raw,china_born_broad,state_after_credits,769,1872200.147549,3379.877806,401.370362,1275.017978,402.762228
adults_25_64,equal_all_members,person,raw,china_born_broad,state_local_total,769,1872200.147549,6817.763336,531.161538,2350.417791,532.138634
adults_25_64,equal_all_members,person,raw,india_born,cash_noncash_tax_balance,1232,3245304.200540,20056.309847,1085.420156,8271.648147,1102.813647
adults_25_64,equal_all_members,person,raw,india_born,children_5_17,1232,3245304.200540,0.144421,0.008038,0.025140,0.008211
adults_25_64,equal_all_members,person,raw,india_born,employer_payroll,1232,3245304.200540,4842.026296,162.781574,1353.202886,164.299623
adults_25_64,equal_all_members,person,raw,india_born,extended_balance_after_health,1232,3245304.200540,24163.223780,1332.335364,10732.286378,1351.178917
adults_25_64,equal_all_members,person,raw,india_born,extended_balance_after_health_ins,1232,3245304.200540,24826.296462,1350.633934,10973.496737,1370.950489
adults_25_64,equal_all_members,person,raw,india_born,extended_balance_base,1232,3245304.200540,25650.372508,1329.612547,9665.947687,1347.873594
adults_25_64,equal_all_members,person,raw,india_born,extended_balance_flat090,1232,3245304.200540,25382.445165,1333.906617,9598.211092,1352.077405
adults_25_64,equal_all_members,person,raw,india_born,extended_balance_renter,1232,3245304.200540,26106.869649,1333.328863,9818.179482,1351.052137
adults_25_64,equal_all_members,person,raw,india_born,extended_balance_sales_itep,1232,3245304.200540,26277.138156,1333.293156,9529.962267,1351.766005
adults_25_64,equal_all_members,person,raw,india_born,federal_after_refundable,1232,3245304.200540,12604.806594,777.605880,4141.853199,785.373781
adults_25_64,equal_all_members,person,raw,india_born,health_age_birth,1232,3245304.200540,1487.148729,51.630677,-1066.338691,54.110179
adults_25_64,equal_all_members,person,raw,india_born,health_age_birth_ins,1232,3245304.200540,824.076047,72.707710,-1307.549050,80.715614
adults_25_64,equal_all_members,person,raw,india_born,k12_charged,1232,3245304.200540,2210.363557,128.352263,558.817550,131.940968
adults_25_64,equal_all_members,person,raw,india_born,k12_charged_flat090,1232,3245304.200540,2478.290901,143.910374,626.554146,147.934081
adults_25_64,equal_all_members,person,raw,india_born,k12_cost_at_full_attendance,1232,3245304.200540,2753.656556,159.900415,696.171273,164.371201
adults_25_64,equal_all_members,person,raw,india_born,modeled_tax_total,1232,3245304.200540,20579.985902,1075.113655,6196.670340,1086.865542
adults_25_64,equal_all_members,person,raw,india_born,payroll,1232,3245304.200540,5054.925721,167.474767,1239.423383,168.281297
adults_25_64,equal_all_members,person,raw,india_born,property_tax_owner,1232,3245304.200540,1568.937825,91.224188,256.181982,89.674668
adults_25_64,equal_all_members,person,raw,india_born,property_tax_renter_proxy,1232,3245304.200540,456.497141,29.142302,152.231795,29.445359
adults_25_64,equal_all_members,person,raw,india_born,sales_tax_itep,1232,3245304.200540,2020.227745,59.614219,207.746802,60.392385
adults_25_64,equal_all_members,person,raw,india_born,sales_tax_share35,1232,3245304.200540,1393.462098,55.079400,343.732223,55.791705
adults_25_64,equal_all_members,person,raw,india_born,selected_cash_total,1232,3245304.200540,480.895805,96.816043,-1972.423562,106.937588
adults_25_64,equal_all_members,person,raw,india_born,selected_noncash_total,1232,3245304.200540,42.780250,5.445220,-102.554245,6.817684
adults_25_64,equal_all_members,person,raw,india_born,snap,1232,3245304.200540,9.773808,4.129463,-81.093065,5.786003
adults_25_64,equal_all_members,person,raw,india_born,social_security,1232,3245304.200540,351.062048,88.103854,-1348.577420,98.183182
adults_25_64,equal_all_members,person,raw,india_born,state_after_credits,1232,3245304.200540,2920.253586,212.071742,815.393758,215.623435
adults_25_64,equal_all_members,person,raw,india_born,state_local_total,1232,3245304.200540,5882.653509,284.455688,1415.307963,288.605290
adults_25_64,equal_all_members,person,raw,india_born_recent_noncit,cash_noncash_tax_balance,362,974649.319403,14516.912703,1219.746912,2732.251002,1206.112150
adults_25_64,equal_all_members,person,raw,india_born_recent_noncit,children_5_17,362,974649.319403,0.102549,0.014704,-0.016733,0.014831
adults_25_64,equal_all_members,person,raw,india_born_recent_noncit,employer_payroll,362,974649.319403,4268.181357,232.927936,779.357947,231.277895
adults_25_64,equal_all_members,person,raw,india_born_recent_noncit,extended_balance_after_health,362,974649.319403,17955.939838,1593.763745,4525.002436,1579.142358
adults_25_64,equal_all_members,person,raw,india_born_recent_noncit,extended_balance_after_health_ins,362,974649.319403,18457.871914,1600.617417,4605.072190,1586.626916
adults_25_64,equal_all_members,person,raw,india_born_recent_noncit,extended_balance_base,362,974649.319403,18845.656239,1592.101718,2861.231418,1577.463014
adults_25_64,equal_all_members,person,raw,india_born_recent_noncit,extended_balance_flat090,362,974649.319403,18652.492016,1603.331917,2868.257943,1588.990933
adults_25_64,equal_all_members,person,raw,india_born_recent_noncit,extended_balance_renter,362,974649.319403,19724.181391,1607.975841,3435.491224,1591.977617
adults_25_64,equal_all_members,person,raw,india_born_recent_noncit,extended_balance_sales_itep,362,974649.319403,19561.013383,1593.884174,2813.837494,1579.348565
adults_25_64,equal_all_members,person,raw,india_born_recent_noncit,federal_after_refundable,362,974649.319403,8442.923321,796.342488,-20.030075,791.548843
adults_25_64,equal_all_members,person,raw,india_born_recent_noncit,health_age_birth,362,974649.319403,889.716401,38.350575,-1663.771019,39.404108
adults_25_64,equal_all_members,person,raw,india_born_recent_noncit,health_age_birth_ins,362,974649.319403,387.784325,57.434987,-1743.840772,66.963240
adults_25_64,equal_all_members,person,raw,india_born_recent_noncit,k12_charged,362,974649.319403,1593.578145,261.874711,-57.967862,264.479625
adults_25_64,equal_all_members,person,raw,india_born_recent_noncit,k12_charged_flat090,362,974649.319403,1786.742367,293.617632,-64.994388,296.538298
adults_25_64,equal_all_members,person,raw,india_born_recent_noncit,k12_cost_at_full_attendance,362,974649.319403,1985.269297,326.241814,-72.215986,329.486998
adults_25_64,equal_all_members,person,raw,india_born_recent_noncit,modeled_tax_total,362,974649.319403,14704.808807,1213.500394,321.493245,1204.094630
adults_25_64,equal_all_members,person,raw,india_born_recent_noncit,payroll,362,974649.319403,4325.143000,235.504238,509.640661,233.710136
adults_25_64,equal_all_members,person,raw,india_born_recent_noncit,property_tax_owner,362,974649.319403,498.496078,80.481770,-814.259765,81.141254
adults_25_64,equal_all_members,person,raw,india_born_recent_noncit,property_tax_renter_proxy,362,974649.319403,878.525152,56.805168,574.259806,56.711220
adults_25_64,equal_all_members,person,raw,india_born_recent_noncit,sales_tax_itep,362,974649.319403,1871.001390,77.899758,58.520447,77.255216
adults_25_64,equal_all_members,person,raw,india_born_recent_noncit,sales_tax_share35,362,974649.319403,1155.644246,74.295389,105.914371,73.861640
adults_25_64,equal_all_members,person,raw,india_born_recent_noncit,selected_cash_total,362,974649.319403,157.861463,75.736809,-2295.457904,89.234321
adults_25_64,equal_all_members,person,raw,india_born_recent_noncit,selected_noncash_total,362,974649.319403,30.034641,6.586719,-115.299854,7.608211
adults_25_64,equal_all_members,person,raw,india_born_recent_noncit,snap,362,974649.319403,5.221861,3.039016,-85.645012,4.626116
adults_25_64,equal_all_members,person,raw,india_born_recent_noncit,social_security,362,974649.319403,66.521577,53.836144,-1633.117891,68.144551
adults_25_64,equal_all_members,person,raw,india_born_recent_noncit,state_after_credits,362,974649.319403,1936.742486,241.681016,-168.117341,243.219827
adults_25_64,equal_all_members,person,raw,india_born_recent_noncit,state_local_total,362,974649.319403,3590.882811,305.370046,-876.462735,306.911946
adults_25_64,equal_all_members,person,raw,india_born_settled,cash_noncash_tax_balance,870,2270654.881137,22434.024621,1330.092405,10649.362920,1356.390375
adults_25_64,equal_all_members,person,raw,india_born_settled,children_5_17,870,2270654.881137,0.162394,0.009336,0.043113,0.009434
adults_25_64,equal_all_members,person,raw,india_born_settled,employer_payroll,870,2270654.881137,5088.341834,179.990457,1599.518425,183.187971
adults_25_64,equal_all_members,person,raw,india_born_settled,extended_balance_after_health,870,2270654.881137,26827.620346,1587.861111,13396.682944,1618.248794
adults_25_64,equal_all_members,person,raw,india_born_settled,extended_balance_after_health_ins,870,2270654.881137,27559.860555,1615.627901,13707.060830,1647.451362
adults_25_64,equal_all_members,person,raw,india_born_settled,extended_balance_base,870,2270654.881137,28571.209196,1576.437705,12586.784374,1606.501577
adults_25_64,equal_all_members,person,raw,india_born_settled,extended_balance_flat090,870,2270654.881137,28271.190747,1580.222567,12486.956674,1610.084361
adults_25_64,equal_all_members,person,raw,india_born_settled,extended_balance_renter,870,2270654.881137,28846.556256,1581.512798,12557.866089,1611.428285
adults_25_64,equal_all_members,person,raw,india_born_settled,extended_balance_sales_itep,870,2270654.881137,29159.948086,1583.431625,12412.772197,1613.642486
adults_25_64,equal_all_members,person,raw,india_born_settled,federal_after_refundable,870,2270654.881137,14391.241307,983.531746,5928.287911,995.155615
adults_25_64,equal_all_members,person,raw,india_born_settled,health_age_birth,870,2270654.881137,1743.588849,64.801388,-809.898570,67.484922
adults_25_64,equal_all_members,person,raw,india_born_settled,health_age_birth_ins,870,2270654.881137,1011.348641,99.509650,-1120.276456,105.484033
adults_25_64,equal_all_members,person,raw,india_born_settled,k12_charged,870,2270654.881137,2475.110740,147.479474,823.564733,149.853413
adults_25_64,equal_all_members,person,raw,india_born_settled,k12_charged_flat090,870,2270654.881137,2775.129189,165.356073,923.392434,168.017767
adults_25_64,equal_all_members,person,raw,india_born_settled,k12_cost_at_full_attendance,870,2270654.881137,3083.476876,183.728970,1025.991593,186.686408
adults_25_64,equal_all_members,person,raw,india_born_settled,modeled_tax_total,870,2270654.881137,23101.829888,1314.895913,8718.514326,1334.094200
adults_25_64,equal_all_members,person,raw,india_born_settled,payroll,870,2270654.881137,5368.175542,185.828420,1552.673203,188.098270
adults_25_64,equal_all_members,person,raw,india_born_settled,property_tax_owner,870,2270654.881137,2028.411137,102.972406,715.655295,101.605764
adults_25_64,equal_all_members,person,raw,india_born_settled,property_tax_renter_proxy,870,2270654.881137,275.347060,28.696524,-28.918285,29.105158
adults_25_64,equal_all_members,person,raw,india_born_settled,sales_tax_itep,870,2270654.881137,2084.281233,71.615847,271.800290,72.899923
adults_25_64,equal_all_members,person,raw,india_born_settled,sales_tax_share35,870,2270654.881137,1495.542343,63.606571,445.812468,64.785580
adults_25_64,equal_all_members,person,raw,india_born_settled,selected_cash_total,870,2270654.881137,619.554129,133.283981,-1833.765237,140.956470
adults_25_64,equal_all_members,person,raw,india_born_settled,selected_noncash_total,870,2270654.881137,48.251138,7.261585,-97.083357,8.400008
adults_25_64,equal_all_members,person,raw,india_born_settled,snap,870,2270654.881137,11.727673,5.726169,-79.139200,7.151447
adults_25_64,equal_all_members,person,raw,india_born_settled,social_security,870,2270654.881137,473.197375,122.095699,-1226.442093,130.142442
adults_25_64,equal_all_members,person,raw,india_born_settled,state_after_credits,870,2270654.881137,3342.413039,259.107133,1237.553212,262.872527
adults_25_64,equal_all_members,person,raw,india_born_settled,state_local_total,870,2270654.881137,6866.366520,335.951539,2399.020974,341.552654
adults_25_64,equal_all_members,person,raw,india_second_gen,cash_noncash_tax_balance,209,491965.625932,27865.095202,3385.146401,16080.433501,3427.505926
adults_25_64,equal_all_members,person,raw,india_second_gen,children_5_17,209,491965.625932,0.096935,0.018213,-0.022347,0.018320
adults_25_64,equal_all_members,person,raw,india_second_gen,employer_payroll,209,491965.625932,5468.972477,293.863428,1980.149068,298.664525
adults_25_64,equal_all_members,person,raw,india_second_gen,extended_balance_after_health,209,491965.625932,34002.521156,3823.583385,20571.583754,3872.119938
adults_25_64,equal_all_members,person,raw,india_second_gen,extended_balance_after_health_ins,209,491965.625932,34864.621025,3836.051118,21011.821300,3883.125653
adults_25_64,equal_all_members,person,raw,india_second_gen,extended_balance_base,209,491965.625932,36105.110612,3808.668091,20120.685791,3857.571909
adults_25_64,equal_all_members,person,raw,india_second_gen,extended_balance_flat090,209,491965.625932,35915.731646,3811.368465,20131.497573,3860.389724
adults_25_64,equal_all_members,person,raw,india_second_gen,extended_balance_renter,209,491965.625932,36568.039460,3821.758028,20279.349294,3870.069838
adults_25_64,equal_all_members,person,raw,india_second_gen,extended_balance_sales_itep,209,491965.625932,36869.535868,3817.738295,20122.359979,3867.075544
adults_25_64,equal_all_members,person,raw,india_second_gen,federal_after_refundable,209,491965.625932,18129.640711,2544.568016,9666.687316,2575.904627
adults_25_64,equal_all_members,person,raw,india_second_gen,health_age_birth,209,491965.625932,2102.589456,115.624344,-450.897963,114.324225
adults_25_64,equal_all_members,person,raw,india_second_gen,health_age_birth_ins,209,491965.625932,1240.489587,165.277946,-891.135509,165.695992
adults_25_64,equal_all_members,person,raw,india_second_gen,k12_charged,209,491965.625932,1562.350299,300.184954,-89.195708,303.025901
adults_25_64,equal_all_members,person,raw,india_second_gen,k12_charged_flat090,209,491965.625932,1751.729265,336.571619,-100.007490,339.756928
adults_25_64,equal_all_members,person,raw,india_second_gen,k12_cost_at_full_attendance,209,491965.625932,1946.365850,373.968465,-111.119433,377.507698
adults_25_64,equal_all_members,person,raw,india_second_gen,modeled_tax_total,209,491965.625932,28905.506530,3312.487265,14522.190968,3353.641966
adults_25_64,equal_all_members,person,raw,india_second_gen,payroll,209,491965.625932,5777.543593,322.310520,1962.041254,326.755888
adults_25_64,equal_all_members,person,raw,india_second_gen,property_tax_owner,209,491965.625932,2665.552367,320.686885,1352.796524,319.559902
adults_25_64,equal_all_members,person,raw,india_second_gen,property_tax_renter_proxy,209,491965.625932,462.928848,75.838745,158.663503,75.869146
adults_25_64,equal_all_members,person,raw,india_second_gen,sales_tax_itep,209,491965.625932,2432.266121,156.388218,619.785178,157.500644
adults_25_64,equal_all_members,person,raw,india_second_gen,sales_tax_share35,209,491965.625932,1667.840865,143.349200,618.110990,144.368505
adults_25_64,equal_all_members,person,raw,india_second_gen,selected_cash_total,209,491965.625932,1015.759275,303.018380,-1437.560092,300.725664
adults_25_64,equal_all_members,person,raw,india_second_gen,selected_noncash_total,209,491965.625932,24.652053,10.412932,-120.682442,11.293719
adults_25_64,equal_all_members,person,raw,india_second_gen,snap,209,491965.625932,9.916969,8.947368,-80.949904,9.757380
adults_25_64,equal_all_members,person,raw,india_second_gen,social_security,209,491965.625932,781.405565,273.827578,-918.233903,270.325435
adults_25_64,equal_all_members,person,raw,india_second_gen,state_after_credits,209,491965.625932,4998.322226,639.692751,2893.462398,644.708399
adults_25_64,equal_all_members,person,raw,india_second_gen,state_local_total,209,491965.625932,9331.715458,856.941911,4864.369912,861.373089
adults_25_64,equal_all_members,person,raw,mexican_second_gen,cash_noncash_tax_balance,2452,5614636.312903,5718.833339,277.965089,-6065.828361,352.711536
adults_25_64,equal_all_members,person,raw,mexican_second_gen,children_5_17,2452,5614636.312903,0.149061,0.005718,0.029780,0.005931
adults_25_64,equal_all_members,person,raw,mexican_second_gen,employer_payroll,2452,5614636.312903,2542.465791,51.683996,-946.357619,54.945910
adults_25_64,equal_all_members,person,raw,mexican_second_gen,extended_balance_after_health,2452,5614636.312903,5508.388312,378.077895,-7922.549089,448.021490
adults_25_64,equal_all_members,person,raw,mexican_second_gen,extended_balance_after_health_ins,2452,5614636.312903,5316.483067,395.970437,-8536.316657,464.897341
adults_25_64,equal_all_members,person,raw,mexican_second_gen,extended_balance_base,2452,5614636.312903,7698.194188,374.820467,-8286.230633,443.061076
adults_25_64,equal_all_members,person,raw,mexican_second_gen,extended_balance_flat090,2452,5614636.312903,7442.193978,379.762596,-8342.040095,446.951800
adults_25_64,equal_all_members,person,raw,mexican_second_gen,extended_balance_renter,2452,5614636.312903,8165.348244,376.781063,-8123.341922,444.298908
adults_25_64,equal_all_members,person,raw,mexican_second_gen,extended_balance_sales_itep,2452,5614636.312903,8200.832177,378.033835,-8546.343712,445.986557
adults_25_64,equal_all_members,person,raw,mexican_second_gen,federal_after_refundable,2452,5614636.312903,3753.583694,190.745252,-4709.369702,240.504912
adults_25_64,equal_all_members,person,raw,mexican_second_gen,health_age_birth,2452,5614636.312903,2189.805876,39.249621,-363.681544,42.306512
adults_25_64,equal_all_members,person,raw,mexican_second_gen,health_age_birth_ins,2452,5614636.312903,2381.711121,72.244049,250.086024,78.398436
adults_25_64,equal_all_members,person,raw,mexican_second_gen,k12_charged,2452,5614636.312903,2111.966358,85.949228,460.420351,90.170164
adults_25_64,equal_all_members,person,raw,mexican_second_gen,k12_charged_flat090,2452,5614636.312903,2367.966568,96.367491,516.229813,101.100064
adults_25_64,equal_all_members,person,raw,mexican_second_gen,k12_cost_at_full_attendance,2452,5614636.312903,2631.073964,107.074990,573.588681,112.333405
adults_25_64,equal_all_members,person,raw,mexican_second_gen,modeled_tax_total,2452,5614636.312903,7418.525534,268.485720,-6964.790028,330.305161
adults_25_64,equal_all_members,person,raw,mexican_second_gen,payroll,2452,5614636.312903,2711.904768,54.439657,-1103.597571,59.220110
adults_25_64,equal_all_members,person,raw,mexican_second_gen,property_tax_owner,2452,5614636.312903,764.776994,28.942479,-547.978849,32.754417
adults_25_64,equal_all_members,person,raw,mexican_second_gen,property_tax_renter_proxy,2452,5614636.312903,467.154056,21.915307,162.888710,21.602921
adults_25_64,equal_all_members,person,raw,mexican_second_gen,sales_tax_itep,2452,5614636.312903,1286.722411,22.166078,-525.758532,23.296637
adults_25_64,equal_all_members,person,raw,mexican_second_gen,sales_tax_share35,2452,5614636.312903,784.084422,16.480301,-265.645454,17.780003
adults_25_64,equal_all_members,person,raw,mexican_second_gen,selected_cash_total,2452,5614636.312903,1459.661646,102.347585,-993.657721,118.631238
adults_25_64,equal_all_members,person,raw,mexican_second_gen,selected_noncash_total,2452,5614636.312903,240.030549,13.929586,94.696054,15.018167
adults_25_64,equal_all_members,person,raw,mexican_second_gen,snap,2452,5614636.312903,134.008585,12.269093,43.141712,13.353634
adults_25_64,equal_all_members,person,raw,mexican_second_gen,social_security,2452,5614636.312903,851.944527,72.085836,-847.694941,88.874987
adults_25_64,equal_all_members,person,raw,mexican_second_gen,state_after_credits,2452,5614636.312903,953.037073,49.877708,-1151.822755,62.541916
adults_25_64,equal_all_members,person,raw,mexican_second_gen,state_local_total,2452,5614636.312903,2501.898488,76.718806,-1965.447057,92.352122
adults_25_64,equal_all_members,person,raw,mexico_born,cash_noncash_tax_balance,4318,9446562.935127,3768.329674,230.086249,-8016.332027,338.395515
adults_25_64,equal_all_members,person,raw,mexico_born,children_5_17,4318,9446562.935127,0.166496,0.004189,0.047214,0.004511
adults_25_64,equal_all_members,person,raw,mexico_born,employer_payroll,4318,9446562.935127,1895.074810,36.731816,-1593.748599,44.300619
adults_25_64,equal_all_members,person,raw,mexico_born,extended_balance_after_health,4318,9446562.935127,2637.150149,290.639819,-10793.787253,405.463805
adults_25_64,equal_all_members,person,raw,mexico_born,extended_balance_after_health_ins,4318,9446562.935127,2380.504517,318.449514,-11472.295208,430.792220
adults_25_64,equal_all_members,person,raw,mexico_born,extended_balance_base,4318,9446562.935127,4461.995997,290.227210,-11522.428824,402.476922
adults_25_64,equal_all_members,person,raw,mexico_born,extended_balance_flat090,4318,9446562.935127,4181.817083,293.263492,-11602.416990,404.119093
adults_25_64,equal_all_members,person,raw,mexico_born,extended_balance_renter,4318,9446562.935127,4946.717211,289.760637,-11341.972955,401.480788
adults_25_64,equal_all_members,person,raw,mexico_born,extended_balance_sales_itep,4318,9446562.935127,4953.422680,292.868306,-11793.753209,404.823852
adults_25_64,equal_all_members,person,raw,mexico_born,federal_after_refundable,4318,9446562.935127,2133.981161,159.695159,-6328.972235,241.452164
adults_25_64,equal_all_members,person,raw,mexico_born,health_age_birth,4318,9446562.935127,1824.845848,26.866565,-728.641571,29.615503
adults_25_64,equal_all_members,person,raw,mexico_born,health_age_birth_ins,4318,9446562.935127,2081.491480,71.376830,-50.133617,74.953097
adults_25_64,equal_all_members,person,raw,mexico_born,k12_charged,4318,9446562.935127,2311.437316,61.936867,659.891309,68.540237
adults_25_64,equal_all_members,person,raw,mexico_born,k12_charged_flat090,4318,9446562.935127,2591.616230,69.444491,739.879475,76.848284
adults_25_64,equal_all_members,person,raw,mexico_born,k12_cost_at_full_attendance,4318,9446562.935127,2879.573589,77.160546,822.088305,85.386982
adults_25_64,equal_all_members,person,raw,mexico_born,modeled_tax_total,4318,9446562.935127,4874.416068,220.792075,-9508.899494,324.856351
adults_25_64,equal_all_members,person,raw,mexico_born,payroll,4318,9446562.935127,2147.487308,40.669236,-1668.015030,50.333099
adults_25_64,equal_all_members,person,raw,mexico_born,property_tax_owner,4318,9446562.935127,517.613672,24.745685,-795.142171,28.739276
adults_25_64,equal_all_members,person,raw,mexico_born,property_tax_renter_proxy,4318,9446562.935127,484.721215,13.783056,180.455869,14.308015
adults_25_64,equal_all_members,person,raw,mexico_born,sales_tax_itep,4318,9446562.935127,1083.841840,15.513150,-728.639103,19.302432
adults_25_64,equal_all_members,person,raw,mexico_born,sales_tax_share35,4318,9446562.935127,592.415157,11.616521,-457.314718,15.443680
adults_25_64,equal_all_members,person,raw,mexico_born,selected_cash_total,4318,9446562.935127,859.930307,62.820288,-1593.389060,84.352377
adults_25_64,equal_all_members,person,raw,mexico_born,selected_noncash_total,4318,9446562.935127,246.156087,13.473033,100.821593,14.124128
adults_25_64,equal_all_members,person,raw,mexico_born,snap,4318,9446562.935127,119.240002,11.884019,28.373129,12.646364
adults_25_64,equal_all_members,person,raw,mexico_born,social_security,4318,9446562.935127,637.856619,52.110615,-1061.782849,69.451356
adults_25_64,equal_all_members,person,raw,mexico_born,state_after_credits,4318,9446562.935127,592.947599,37.147769,-1511.912229,53.819678
adults_25_64,equal_all_members,person,raw,mexico_born,state_local_total,4318,9446562.935127,1702.976428,54.065319,-2764.369118,78.846271
adults_25_64,equal_all_members,person,raw,third_plus_nh_white,cash_noncash_tax_balance,36287,87647853.345835,11784.661700,250.000378,0.000000,0.000000
adults_25_64,equal_all_members,person,raw,third_plus_nh_white,children_5_17,36287,87647853.345835,0.119281,0.001463,0.000000,0.000000
adults_25_64,equal_all_members,person,raw,third_plus_nh_white,employer_payroll,36287,87647853.345835,3488.823410,27.593245,0.000000,0.000000
adults_25_64,equal_all_members,person,raw,third_plus_nh_white,extended_balance_after_health,36287,87647853.345835,13430.937402,294.627463,0.000000,0.000000
adults_25_64,equal_all_members,person,raw,third_plus_nh_white,extended_balance_after_health_ins,36287,87647853.345835,13852.799725,303.062245,0.000000,0.000000
adults_25_64,equal_all_members,person,raw,third_plus_nh_white,extended_balance_base,36287,87647853.345835,15984.424821,291.832923,0.000000,0.000000
adults_25_64,equal_all_members,person,raw,third_plus_nh_white,extended_balance_flat090,36287,87647853.345835,15784.234073,292.318162,0.000000,0.000000
adults_25_64,equal_all_members,person,raw,third_plus_nh_white,extended_balance_renter,36287,87647853.345835,16288.690167,292.168811,0.000000,0.000000
adults_25_64,equal_all_members,person,raw,third_plus_nh_white,extended_balance_sales_itep,36287,87647853.345835,16747.175889,293.454751,0.000000,0.000000
adults_25_64,equal_all_members,person,raw,third_plus_nh_white,federal_after_refundable,36287,87647853.345835,8462.953396,179.812593,0.000000,0.000000
adults_25_64,equal_all_members,person,raw,third_plus_nh_white,health_age_birth,36287,87647853.345835,2553.487419,12.333206,0.000000,0.000000
adults_25_64,equal_all_members,person,raw,third_plus_nh_white,health_age_birth_ins,36287,87647853.345835,2131.625097,28.371579,0.000000,0.000000
adults_25_64,equal_all_members,person,raw,third_plus_nh_white,k12_charged,36287,87647853.345835,1651.546007,23.158706,0.000000,0.000000
adults_25_64,equal_all_members,person,raw,third_plus_nh_white,k12_charged_flat090,36287,87647853.345835,1851.736755,25.965868,0.000000,0.000000
adults_25_64,equal_all_members,person,raw,third_plus_nh_white,k12_cost_at_full_attendance,36287,87647853.345835,2057.485283,28.850965,0.000000,0.000000
adults_25_64,equal_all_members,person,raw,third_plus_nh_white,modeled_tax_total,36287,87647853.345835,14383.315562,237.544217,0.000000,0.000000
adults_25_64,equal_all_members,person,raw,third_plus_nh_white,payroll,36287,87647853.345835,3815.502339,30.446246,0.000000,0.000000
adults_25_64,equal_all_members,person,raw,third_plus_nh_white,property_tax_owner,36287,87647853.345835,1312.755843,16.306512,0.000000,0.000000
adults_25_64,equal_all_members,person,raw,third_plus_nh_white,property_tax_renter_proxy,36287,87647853.345835,304.265345,5.644885,0.000000,0.000000
adults_25_64,equal_all_members,person,raw,third_plus_nh_white,sales_tax_itep,36287,87647853.345835,1812.480943,12.441644,0.000000,0.000000
adults_25_64,equal_all_members,person,raw,third_plus_nh_white,sales_tax_share35,36287,87647853.345835,1049.729875,10.483413,0.000000,0.000000
adults_25_64,equal_all_members,person,raw,third_plus_nh_white,selected_cash_total,36287,87647853.345835,2453.319367,48.066805,0.000000,0.000000
adults_25_64,equal_all_members,person,raw,third_plus_nh_white,selected_noncash_total,36287,87647853.345835,145.334495,4.223250,0.000000,0.000000
adults_25_64,equal_all_members,person,raw,third_plus_nh_white,snap,36287,87647853.345835,90.866873,3.935621,0.000000,0.000000
adults_25_64,equal_all_members,person,raw,third_plus_nh_white,social_security,36287,87647853.345835,1699.639468,41.332281,0.000000,0.000000
adults_25_64,equal_all_members,person,raw,third_plus_nh_white,state_after_credits,36287,87647853.345835,2104.859828,38.916183,0.000000,0.000000
adults_25_64,equal_all_members,person,raw,third_plus_nh_white,state_local_total,36287,87647853.345835,4467.345546,55.898807,0.000000,0.000000
adults_25_64,equal_all_members,resource_unit_head,raw,all_foreign_born,cash_noncash_tax_balance,15203,36501324.130126,9694.878876,265.060417,-2308.806385,364.130782
adults_25_64,equal_all_members,resource_unit_head,raw,all_foreign_born,children_5_17,15203,36501324.130126,0.151726,0.002159,0.031021,0.002744
adults_25_64,equal_all_members,resource_unit_head,raw,all_foreign_born,employer_payroll,15203,36501324.130126,2922.645761,34.550767,-594.454461,43.133254
adults_25_64,equal_all_members,resource_unit_head,raw,all_foreign_born,extended_balance_after_health,15203,36501324.130126,10379.839628,318.961870,-3329.636138,432.057413
adults_25_64,equal_all_members,resource_unit_head,raw,all_foreign_born,extended_balance_after_health_ins,15203,36501324.130126,10415.106807,328.331571,-3734.346814,441.540631
adults_25_64,equal_all_members,resource_unit_head,raw,all_foreign_born,extended_balance_base,15203,36501324.130126,12193.128026,318.627476,-4023.897025,431.544230
adults_25_64,equal_all_members,resource_unit_head,raw,all_foreign_born,extended_balance_flat090,15203,36501324.130126,11916.909491,319.471325,-4097.483798,432.382567
adults_25_64,equal_all_members,resource_unit_head,raw,all_foreign_born,extended_balance_renter,15203,36501324.130126,12717.636816,317.502716,-3807.017831,430.440560
adults_25_64,equal_all_members,resource_unit_head,raw,all_foreign_born,extended_balance_sales_itep,15203,36501324.130126,12785.910327,320.234866,-4196.914700,434.141596
adults_25_64,equal_all_members,resource_unit_head,raw,all_foreign_born,federal_after_refundable,15203,36501324.130126,6133.058900,189.400451,-2397.260763,269.378791
adults_25_64,equal_all_members,resource_unit_head,raw,all_foreign_born,health_age_birth,15203,36501324.130126,1813.288399,13.600757,-694.260887,17.795298
adults_25_64,equal_all_members,resource_unit_head,raw,all_foreign_born,health_age_birth_ins,15203,36501324.130126,1778.021219,31.123182,-289.550211,39.509416
adults_25_64,equal_all_members,resource_unit_head,raw,all_foreign_born,k12_charged,15203,36501324.130126,2278.764745,36.084704,607.080705,45.506501
adults_25_64,equal_all_members,resource_unit_head,raw,all_foreign_born,k12_charged_flat090,15203,36501324.130126,2554.983280,40.458681,680.667478,51.022533
adults_25_64,equal_all_members,resource_unit_head,raw,all_foreign_born,k12_cost_at_full_attendance,15203,36501324.130126,2838.870311,44.954090,756.297198,56.691704
adults_25_64,equal_all_members,resource_unit_head,raw,all_foreign_born,modeled_tax_total,15203,36501324.130126,10964.440448,257.501787,-3535.382289,357.038659
adults_25_64,equal_all_members,resource_unit_head,raw,all_foreign_born,payroll,15203,36501324.130126,3204.361564,37.940287,-641.229245,46.992278
adults_25_64,equal_all_members,resource_unit_head,raw,all_foreign_born,property_tax_owner,15203,36501324.130126,977.729522,23.199599,-335.844417,27.303548
adults_25_64,equal_all_members,resource_unit_head,raw,all_foreign_born,property_tax_renter_proxy,15203,36501324.130126,524.508790,8.847360,216.879194,10.364108
adults_25_64,equal_all_members,resource_unit_head,raw,all_foreign_born,sales_tax_itep,15203,36501324.130126,1469.420913,14.038729,-350.728732,18.957447
adults_25_64,equal_all_members,resource_unit_head,raw,all_foreign_born,sales_tax_share35,15203,36501324.130126,876.638611,11.745008,-177.711057,15.727310
adults_25_64,equal_all_members,resource_unit_head,raw,all_foreign_born,selected_cash_total,15203,36501324.130126,1075.017765,41.883287,-1276.022798,58.895823
adults_25_64,equal_all_members,resource_unit_head,raw,all_foreign_born,selected_noncash_total,15203,36501324.130126,194.543807,5.487989,49.446894,6.976015
adults_25_64,equal_all_members,resource_unit_head,raw,all_foreign_born,snap,15203,36501324.130126,104.957347,4.944330,14.782253,6.456472
adults_25_64,equal_all_members,resource_unit_head,raw,all_foreign_born,social_security,15203,36501324.130126,714.310614,32.285283,-887.543486,47.747140
adults_25_64,equal_all_members,resource_unit_head,raw,all_foreign_born,state_after_credits,15203,36501324.130126,1627.019984,48.566000,-496.892281,63.598981
adults_25_64,equal_all_members,resource_unit_head,raw,all_foreign_born,state_local_total,15203,36501324.130126,3481.388117,67.973914,-1010.447755,89.769327
adults_25_64,equal_all_members,resource_unit_head,raw,all_native,cash_noncash_tax_balance,55652,131181477.253553,10772.436576,191.602478,-1231.248685,106.142164
adults_25_64,equal_all_members,resource_unit_head,raw,all_native,children_5_17,55652,131181477.253553,0.122771,0.001259,0.002066,0.000796
adults_25_64,equal_all_members,resource_unit_head,raw,all_native,employer_payroll,55652,131181477.253553,3347.578279,21.626145,-169.521943,12.752487
adults_25_64,equal_all_members,resource_unit_head,raw,all_native,extended_balance_after_health,55652,131181477.253553,12140.446090,228.371197,-1569.029676,123.839554
adults_25_64,equal_all_members,resource_unit_head,raw,all_native,extended_balance_after_health_ins,55652,131181477.253553,12363.635943,234.719016,-1785.817678,128.004566
adults_25_64,equal_all_members,resource_unit_head,raw,all_native,extended_balance_base,55652,131181477.253553,14590.604637,227.906629,-1626.420414,123.768901
adults_25_64,equal_all_members,resource_unit_head,raw,all_native,extended_balance_flat090,55652,131181477.253553,14382.389329,228.712695,-1632.003960,123.925570
adults_25_64,equal_all_members,resource_unit_head,raw,all_native,extended_balance_renter,55652,131181477.253553,14991.748307,228.056668,-1532.906340,123.976053
adults_25_64,equal_all_members,resource_unit_head,raw,all_native,extended_balance_sales_itep,55652,131181477.253553,15331.389107,229.234460,-1651.435921,124.574817
adults_25_64,equal_all_members,resource_unit_head,raw,all_native,federal_after_refundable,55652,131181477.253553,7711.879563,140.074914,-818.440101,80.030261
adults_25_64,equal_all_members,resource_unit_head,raw,all_native,health_age_birth,55652,131181477.253553,2450.158548,7.490967,-57.390738,5.097471
adults_25_64,equal_all_members,resource_unit_head,raw,all_native,health_age_birth_ins,55652,131181477.253553,2226.968694,20.228138,159.397264,13.972417
adults_25_64,equal_all_members,resource_unit_head,raw,all_native,k12_charged,55652,131181477.253553,1717.747522,19.525503,46.063482,12.647922
adults_25_64,equal_all_members,resource_unit_head,raw,all_native,k12_charged_flat090,55652,131181477.253553,1925.962830,21.892270,51.647028,14.181029
adults_25_64,equal_all_members,resource_unit_head,raw,all_native,k12_cost_at_full_attendance,55652,131181477.253553,2139.958700,24.324745,57.385587,15.756699
adults_25_64,equal_all_members,resource_unit_head,raw,all_native,modeled_tax_total,55652,131181477.253553,13291.051007,184.680768,-1208.771730,105.735152
adults_25_64,equal_all_members,resource_unit_head,raw,all_native,payroll,55652,131181477.253553,3637.116368,23.524524,-208.474441,14.054195
adults_25_64,equal_all_members,resource_unit_head,raw,all_native,property_tax_owner,55652,131181477.253553,1183.553935,12.186633,-130.020003,7.924118
adults_25_64,equal_all_members,resource_unit_head,raw,all_native,property_tax_renter_proxy,55652,131181477.253553,401.143669,5.269067,93.514074,3.516980
adults_25_64,equal_all_members,resource_unit_head,raw,all_native,sales_tax_itep,55652,131181477.253553,1745.567838,9.915886,-74.581806,5.837297
adults_25_64,equal_all_members,resource_unit_head,raw,all_native,sales_tax_share35,55652,131181477.253553,1004.783369,8.209969,-49.566300,4.758583
adults_25_64,equal_all_members,resource_unit_head,raw,all_native,selected_cash_total,55652,131181477.253553,2331.224271,32.810393,-19.816291,23.211601
adults_25_64,equal_all_members,resource_unit_head,raw,all_native,selected_noncash_total,55652,131181477.253553,187.390159,3.844116,42.293246,2.841273
adults_25_64,equal_all_members,resource_unit_head,raw,all_native,snap,55652,131181477.253553,121.186655,3.388256,31.011561,2.582278
adults_25_64,equal_all_members,resource_unit_head,raw,all_native,social_security,55652,131181477.253553,1525.468409,26.772554,-76.385691,17.120250
adults_25_64,equal_all_members,resource_unit_head,raw,all_native,state_after_credits,55652,131181477.253553,1942.055076,30.211231,-181.857189,18.773430
adults_25_64,equal_all_members,resource_unit_head,raw,all_native,state_local_total,55652,131181477.253553,4130.392380,43.179494,-361.443492,26.189580
adults_25_64,equal_all_members,resource_unit_head,raw,asian_indian_native_selfid,cash_noncash_tax_balance,258,635110.400557,24954.386871,2740.796494,12950.701609,2787.532237
adults_25_64,equal_all_members,resource_unit_head,raw,asian_indian_native_selfid,children_5_17,258,635110.400557,0.109551,0.016483,-0.011153,0.016724
adults_25_64,equal_all_members,resource_unit_head,raw,asian_indian_native_selfid,employer_payroll,258,635110.400557,5171.920696,266.645837,1654.820474,273.388079
adults_25_64,equal_all_members,resource_unit_head,raw,asian_indian_native_selfid,extended_balance_after_health,258,635110.400557,30254.790653,3195.172646,16545.314887,3253.836635
adults_25_64,equal_all_members,resource_unit_head,raw,asian_indian_native_selfid,extended_balance_after_health_ins,258,635110.400557,30958.623001,3230.370835,16809.169380,3288.119925
adults_25_64,equal_all_members,resource_unit_head,raw,asian_indian_native_selfid,extended_balance_base,258,635110.400557,32287.760570,3178.944130,16070.735518,3238.600034
adults_25_64,equal_all_members,resource_unit_head,raw,asian_indian_native_selfid,extended_balance_flat090,258,635110.400557,32074.698534,3185.767213,16060.305245,3245.652474
adults_25_64,equal_all_members,resource_unit_head,raw,asian_indian_native_selfid,extended_balance_renter,258,635110.400557,32721.962830,3192.835512,16197.308183,3252.069159
adults_25_64,equal_all_members,resource_unit_head,raw,asian_indian_native_selfid,extended_balance_sales_itep,258,635110.400557,32967.113584,3187.790782,15984.288557,3247.810962
adults_25_64,equal_all_members,resource_unit_head,raw,asian_indian_native_selfid,federal_after_refundable,258,635110.400557,15969.431889,2045.671513,7439.112226,2077.196298
adults_25_64,equal_all_members,resource_unit_head,raw,asian_indian_native_selfid,health_age_birth,258,635110.400557,2032.969917,97.408707,-474.579369,97.173914
adults_25_64,equal_all_members,resource_unit_head,raw,asian_indian_native_selfid,health_age_birth_ins,258,635110.400557,1329.137569,163.920183,-738.433862,163.723939
adults_25_64,equal_all_members,resource_unit_head,raw,asian_indian_native_selfid,k12_charged,258,635110.400557,1757.732349,270.271043,86.048309,274.316120
adults_25_64,equal_all_members,resource_unit_head,raw,asian_indian_native_selfid,k12_charged_flat090,258,635110.400557,1970.794384,303.031718,96.478582,307.567115
adults_25_64,equal_all_members,resource_unit_head,raw,asian_indian_native_selfid,k12_cost_at_full_attendance,258,635110.400557,2189.771538,336.701909,107.198424,341.741239
adults_25_64,equal_all_members,resource_unit_head,raw,asian_indian_native_selfid,modeled_tax_total,258,635110.400557,25742.608502,2688.782858,11242.785765,2734.616560
adults_25_64,equal_all_members,resource_unit_head,raw,asian_indian_native_selfid,payroll,258,635110.400557,5426.742704,290.636035,1581.151895,297.644486
adults_25_64,equal_all_members,resource_unit_head,raw,asian_indian_native_selfid,property_tax_owner,258,635110.400557,2353.500375,308.481071,1039.926436,309.255752
adults_25_64,equal_all_members,resource_unit_head,raw,asian_indian_native_selfid,property_tax_renter_proxy,258,635110.400557,434.202260,68.422174,126.572665,68.366892
adults_25_64,equal_all_members,resource_unit_head,raw,asian_indian_native_selfid,sales_tax_itep,258,635110.400557,2245.037991,132.048052,424.888346,133.646039
adults_25_64,equal_all_members,resource_unit_head,raw,asian_indian_native_selfid,sales_tax_share35,258,635110.400557,1565.684977,119.098121,511.335308,120.454154
adults_25_64,equal_all_members,resource_unit_head,raw,asian_indian_native_selfid,selected_cash_total,258,635110.400557,741.308766,251.609784,-1609.731796,255.815237
adults_25_64,equal_all_members,resource_unit_head,raw,asian_indian_native_selfid,selected_noncash_total,258,635110.400557,46.912865,13.520211,-98.184048,13.643538
adults_25_64,equal_all_members,resource_unit_head,raw,asian_indian_native_selfid,snap,258,635110.400557,22.020329,11.840412,-68.154765,12.155683
adults_25_64,equal_all_members,resource_unit_head,raw,asian_indian_native_selfid,social_security,258,635110.400557,605.138677,243.209827,-996.715423,242.711327
adults_25_64,equal_all_members,resource_unit_head,raw,asian_indian_native_selfid,state_after_credits,258,635110.400557,4346.433909,498.248006,2222.521644,506.852534
adults_25_64,equal_all_members,resource_unit_head,raw,asian_indian_native_selfid,state_local_total,258,635110.400557,8265.619260,719.064214,3773.783388,731.287561
adults_25_64,equal_all_members,resource_unit_head,raw,china_born,cash_noncash_tax_balance,628,1514489.459777,18799.688237,2089.489158,6796.002976,2096.210524
adults_25_64,equal_all_members,resource_unit_head,raw,china_born,children_5_17,628,1514489.459777,0.144795,0.012335,0.024091,0.012492
adults_25_64,equal_all_members,resource_unit_head,raw,china_born,employer_payroll,628,1514489.459777,4192.354286,244.179392,675.254064,244.148887
adults_25_64,equal_all_members,resource_unit_head,raw,china_born,extended_balance_after_health,628,1514489.459777,21854.563528,2490.183762,8145.087762,2500.240778
adults_25_64,equal_all_members,resource_unit_head,raw,china_born,extended_balance_after_health_ins,628,1514489.459777,21513.608695,2560.321805,7364.155074,2568.606672
adults_25_64,equal_all_members,resource_unit_head,raw,china_born,extended_balance_base,628,1514489.459777,23729.642140,2496.316306,7512.617088,2506.863198
adults_25_64,equal_all_members,resource_unit_head,raw,china_born,extended_balance_flat090,628,1514489.459777,23428.714091,2502.325173,7414.320803,2513.279356
adults_25_64,equal_all_members,resource_unit_head,raw,china_born,extended_balance_renter,628,1514489.459777,24261.769712,2493.924971,7737.115065,2504.784720
adults_25_64,equal_all_members,resource_unit_head,raw,china_born,extended_balance_sales_itep,628,1514489.459777,24356.433293,2506.555038,7373.608266,2517.842829
adults_25_64,equal_all_members,resource_unit_head,raw,china_born,federal_after_refundable,628,1514489.459777,11762.982355,1416.434922,3232.662692,1423.025743
adults_25_64,equal_all_members,resource_unit_head,raw,china_born,health_age_birth,628,1514489.459777,1875.078611,74.909988,-632.470674,75.462184
adults_25_64,equal_all_members,resource_unit_head,raw,china_born,health_age_birth_ins,628,1514489.459777,2216.033445,221.574640,148.462014,220.457630
adults_25_64,equal_all_members,resource_unit_head,raw,china_born,k12_charged,628,1514489.459777,2482.614814,207.085698,810.930774,209.225777
adults_25_64,equal_all_members,resource_unit_head,raw,china_born,k12_charged_flat090,628,1514489.459777,2783.542862,232.187416,909.227060,234.586902
adults_25_64,equal_all_members,resource_unit_head,raw,china_born,k12_cost_at_full_attendance,628,1514489.459777,3092.825402,257.986017,1010.252289,260.652113
adults_25_64,equal_all_members,resource_unit_head,raw,china_born,modeled_tax_total,628,1514489.459777,19784.171222,2098.839323,5284.348485,2105.981280
adults_25_64,equal_all_members,resource_unit_head,raw,china_born,payroll,628,1514489.459777,4491.647448,261.394578,646.056639,261.502072
adults_25_64,equal_all_members,resource_unit_head,raw,china_born,property_tax_owner,628,1514489.459777,1922.771495,136.492214,609.197556,136.875628
adults_25_64,equal_all_members,resource_unit_head,raw,china_born,property_tax_renter_proxy,628,1514489.459777,532.127572,50.322029,224.497976,50.347924
adults_25_64,equal_all_members,resource_unit_head,raw,china_born,sales_tax_itep,628,1514489.459777,1924.234089,102.457475,104.084444,103.471199
adults_25_64,equal_all_members,resource_unit_head,raw,china_born,sales_tax_share35,628,1514489.459777,1297.442935,89.031288,243.093267,89.156484
adults_25_64,equal_all_members,resource_unit_head,raw,china_born,selected_cash_total,628,1514489.459777,816.846124,170.958848,-1534.194439,167.797233
adults_25_64,equal_all_members,resource_unit_head,raw,china_born,selected_noncash_total,628,1514489.459777,167.636861,27.231989,22.539948,27.814760
adults_25_64,equal_all_members,resource_unit_head,raw,china_born,snap,628,1514489.459777,92.981369,23.739393,2.806275,24.246393
adults_25_64,equal_all_members,resource_unit_head,raw,china_born,social_security,628,1514489.459777,503.429953,148.605352,-1098.424147,150.108603
adults_25_64,equal_all_members,resource_unit_head,raw,china_born,state_after_credits,628,1514489.459777,3529.541419,468.923719,1405.629154,470.730634
adults_25_64,equal_all_members,resource_unit_head,raw,china_born,state_local_total,628,1514489.459777,6749.755849,625.331714,2257.919977,626.788101
adults_25_64,equal_all_members,resource_unit_head,raw,china_born_broad,cash_noncash_tax_balance,769,1873381.851191,19464.677358,1859.640631,7460.992096,1867.985369
adults_25_64,equal_all_members,resource_unit_head,raw,china_born_broad,children_5_17,769,1873381.851191,0.141044,0.010670,0.020340,0.010839
adults_25_64,equal_all_members,resource_unit_head,raw,china_born_broad,employer_payroll,769,1873381.851191,4306.322056,212.560907,789.221833,213.127906
adults_25_64,equal_all_members,resource_unit_head,raw,china_born_broad,extended_balance_after_health,769,1873381.851191,22840.948420,2208.578790,9131.472654,2220.561192
adults_25_64,equal_all_members,resource_unit_head,raw,china_born_broad,extended_balance_after_health_ins,769,1873381.851191,22771.996879,2272.436590,8622.543258,2283.330967
adults_25_64,equal_all_members,resource_unit_head,raw,china_born_broad,extended_balance_base,769,1873381.851191,24813.866064,2213.967009,8596.841012,2226.272642
adults_25_64,equal_all_members,resource_unit_head,raw,china_born_broad,extended_balance_flat090,769,1873381.851191,24524.607131,2219.344161,8510.213842,2231.947345
adults_25_64,equal_all_members,resource_unit_head,raw,china_born_broad,extended_balance_renter,769,1873381.851191,25315.194889,2212.430236,8790.540242,2224.859081
adults_25_64,equal_all_members,resource_unit_head,raw,china_born_broad,extended_balance_sales_itep,769,1873381.851191,25432.809937,2223.288510,8449.984910,2236.246337
adults_25_64,equal_all_members,resource_unit_head,raw,china_born_broad,federal_after_refundable,769,1873381.851191,12512.409228,1314.808594,3982.089565,1324.037926
adults_25_64,equal_all_members,resource_unit_head,raw,china_born_broad,health_age_birth,769,1873381.851191,1972.917644,65.936877,-534.631641,66.463826
adults_25_64,equal_all_members,resource_unit_head,raw,china_born_broad,health_age_birth_ins,769,1873381.851191,2041.869185,192.563554,-25.702246,192.038260
adults_25_64,equal_all_members,resource_unit_head,raw,china_born_broad,k12_charged,769,1873381.851191,2386.346223,177.758145,714.662184,179.839380
adults_25_64,equal_all_members,resource_unit_head,raw,china_born_broad,k12_charged_flat090,769,1873381.851191,2675.605156,199.304948,801.289354,201.638458
adults_25_64,equal_all_members,resource_unit_head,raw,china_born_broad,k12_cost_at_full_attendance,769,1873381.851191,2972.894618,221.449942,890.321505,224.042731
adults_25_64,equal_all_members,resource_unit_head,raw,china_born_broad,modeled_tax_total,769,1873381.851191,20508.390394,1863.188258,6008.567657,1871.378187
adults_25_64,equal_all_members,resource_unit_head,raw,china_born_broad,payroll,769,1873381.851191,4616.085831,225.975409,770.495022,226.629692
adults_25_64,equal_all_members,resource_unit_head,raw,china_born_broad,property_tax_owner,769,1873381.851191,2068.108262,123.617492,754.534323,124.049120
adults_25_64,equal_all_members,resource_unit_head,raw,china_born_broad,property_tax_renter_proxy,769,1873381.851191,501.328825,44.314319,193.699229,44.335865
adults_25_64,equal_all_members,resource_unit_head,raw,china_born_broad,sales_tax_itep,769,1873381.851191,1980.048485,92.583259,159.898841,93.708834
adults_25_64,equal_all_members,resource_unit_head,raw,china_born_broad,sales_tax_share35,769,1873381.851191,1361.104612,81.064488,306.754943,81.470201
adults_25_64,equal_all_members,resource_unit_head,raw,china_born_broad,selected_cash_total,769,1873381.851191,889.121896,146.871837,-1461.918666,145.806851
adults_25_64,equal_all_members,resource_unit_head,raw,china_born_broad,selected_noncash_total,769,1873381.851191,154.591140,22.941232,9.494227,23.639114
adults_25_64,equal_all_members,resource_unit_head,raw,china_born_broad,snap,769,1873381.851191,84.331344,19.794715,-5.843750,20.375859
adults_25_64,equal_all_members,resource_unit_head,raw,china_born_broad,social_security,769,1873381.851191,541.433948,132.732286,-1060.420152,134.786906
adults_25_64,equal_all_members,resource_unit_head,raw,china_born_broad,state_after_credits,769,1873381.851191,3379.895335,399.339930,1255.983070,400.683101
adults_25_64,equal_all_members,resource_unit_head,raw,china_born_broad,state_local_total,769,1873381.851191,6809.108209,528.066349,2317.272337,528.887625
adults_25_64,equal_all_members,resource_unit_head,raw,india_born,cash_noncash_tax_balance,1232,3252165.274333,20032.286922,1079.545883,8028.601660,1091.712550
adults_25_64,equal_all_members,resource_unit_head,raw,india_born,children_5_17,1232,3252165.274333,0.144298,0.008006,0.023594,0.008176
adults_25_64,equal_all_members,resource_unit_head,raw,india_born,employer_payroll,1232,3252165.274333,4833.769931,162.466901,1316.669709,163.770552
adults_25_64,equal_all_members,resource_unit_head,raw,india_born,extended_balance_after_health,1232,3252165.274333,24131.636359,1325.353671,10422.160593,1337.933817
adults_25_64,equal_all_members,resource_unit_head,raw,india_born,extended_balance_after_health_ins,1232,3252165.274333,24794.896917,1344.911135,10645.443296,1358.192695
adults_25_64,equal_all_members,resource_unit_head,raw,india_born,extended_balance_base,1232,3252165.274333,25619.198372,1322.000791,9402.173321,1335.019106
adults_25_64,equal_all_members,resource_unit_head,raw,india_born,extended_balance_flat090,1232,3252165.274333,25351.685344,1326.234265,9337.292055,1339.236891
adults_25_64,equal_all_members,resource_unit_head,raw,india_born,extended_balance_renter,1232,3252165.274333,26074.843839,1325.663081,9550.189192,1338.326713
adults_25_64,equal_all_members,resource_unit_head,raw,india_born,extended_balance_sales_itep,1232,3252165.274333,26245.401361,1325.659510,9262.576334,1338.901209
adults_25_64,equal_all_members,resource_unit_head,raw,india_born,federal_after_refundable,1232,3252165.274333,12587.104752,774.936275,4056.785089,781.362654
adults_25_64,equal_all_members,resource_unit_head,raw,india_born,health_age_birth,1232,3252165.274333,1487.562013,50.638648,-1019.987273,52.386680
adults_25_64,equal_all_members,resource_unit_head,raw,india_born,health_age_birth_ins,1232,3252165.274333,824.301455,74.818433,-1243.269975,81.561573
adults_25_64,equal_all_members,resource_unit_head,raw,india_born,k12_charged,1232,3252165.274333,2206.945510,127.277461,535.261471,130.838105
adults_25_64,equal_all_members,resource_unit_head,raw,india_born,k12_charged_flat090,1232,3252165.274333,2474.458538,142.705291,600.142736,146.697535
adults_25_64,equal_all_members,resource_unit_head,raw,india_born,k12_cost_at_full_attendance,1232,3252165.274333,2749.398376,158.561434,666.825262,162.997261
adults_25_64,equal_all_members,resource_unit_head,raw,india_born,modeled_tax_total,1232,3252165.274333,20553.090237,1070.107520,6053.267500,1079.741409
adults_25_64,equal_all_members,resource_unit_head,raw,india_born,payroll,1232,3252165.274333,5047.091969,166.929074,1201.501160,167.421624
adults_25_64,equal_all_members,resource_unit_head,raw,india_born,property_tax_owner,1232,3252165.274333,1568.502762,90.948849,254.928824,89.204439
adults_25_64,equal_all_members,resource_unit_head,raw,india_born,property_tax_renter_proxy,1232,3252165.274333,455.645467,28.904152,148.015872,29.305084
adults_25_64,equal_all_members,resource_unit_head,raw,india_born,sales_tax_itep,1232,3252165.274333,2017.787257,59.506574,197.637612,60.212594
adults_25_64,equal_all_members,resource_unit_head,raw,india_born,sales_tax_share35,1232,3252165.274333,1391.584267,54.978941,337.234599,55.612700
adults_25_64,equal_all_members,resource_unit_head,raw,india_born,selected_cash_total,1232,3252165.274333,477.792646,95.798100,-1873.247917,104.150621
adults_25_64,equal_all_members,resource_unit_head,raw,india_born,selected_noncash_total,1232,3252165.274333,43.010670,5.537798,-102.086243,6.899748
adults_25_64,equal_all_members,resource_unit_head,raw,india_born,snap,1232,3252165.274333,10.026950,4.248424,-80.148143,5.898539
adults_25_64,equal_all_members,resource_unit_head,raw,india_born,social_security,1232,3252165.274333,346.828421,86.708075,-1255.025679,94.407889
adults_25_64,equal_all_members,resource_unit_head,raw,india_born,state_after_credits,1232,3252165.274333,2918.893516,210.456002,794.981251,213.770256
adults_25_64,equal_all_members,resource_unit_head,raw,india_born,state_local_total,1232,3252165.274333,5878.980546,282.165881,1387.144674,285.712069
adults_25_64,equal_all_members,resource_unit_head,raw,india_born_recent_noncit,cash_noncash_tax_balance,362,976387.547101,14498.510118,1217.284282,2494.824856,1199.813733
adults_25_64,equal_all_members,resource_unit_head,raw,india_born_recent_noncit,children_5_17,362,976387.547101,0.103028,0.014715,-0.017676,0.014895
adults_25_64,equal_all_members,resource_unit_head,raw,india_born_recent_noncit,employer_payroll,362,976387.547101,4259.101004,232.963657,742.000782,231.107202
adults_25_64,equal_all_members,resource_unit_head,raw,india_born_recent_noncit,extended_balance_after_health,362,976387.547101,17915.301987,1592.225006,4205.826221,1572.617620
adults_25_64,equal_all_members,resource_unit_head,raw,india_born_recent_noncit,extended_balance_after_health_ins,362,976387.547101,18418.021355,1599.109899,4268.567734,1579.349505
adults_25_64,equal_all_members,resource_unit_head,raw,india_born_recent_noncit,extended_balance_base,362,976387.547101,18805.280696,1590.111279,2588.255644,1571.284203
adults_25_64,equal_all_members,resource_unit_head,raw,india_born_recent_noncit,extended_balance_flat090,362,976387.547101,18611.358864,1601.344316,2596.965575,1582.821373
adults_25_64,equal_all_members,resource_unit_head,raw,india_born_recent_noncit,extended_balance_renter,362,976387.547101,19682.952948,1605.948162,3158.298301,1585.814965
adults_25_64,equal_all_members,resource_unit_head,raw,india_born_recent_noncit,extended_balance_sales_itep,362,976387.547101,19520.362676,1591.882423,2537.537649,1573.082204
adults_25_64,equal_all_members,resource_unit_head,raw,india_born_recent_noncit,federal_after_refundable,362,976387.547101,8425.831946,795.462022,-104.487717,789.005286
adults_25_64,equal_all_members,resource_unit_head,raw,india_born_recent_noncit,health_age_birth,362,976387.547101,889.978709,38.513109,-1617.570577,38.838758
adults_25_64,equal_all_members,resource_unit_head,raw,india_born_recent_noncit,health_age_birth_ins,362,976387.547101,387.259341,57.478055,-1680.312089,65.013498
adults_25_64,equal_all_members,resource_unit_head,raw,india_born_recent_noncit,k12_charged,362,976387.547101,1599.828315,261.817083,-71.855725,265.102280
adults_25_64,equal_all_members,resource_unit_head,raw,india_born_recent_noncit,k12_charged_flat090,362,976387.547101,1793.750147,293.553018,-80.565655,297.236428
adults_25_64,equal_all_members,resource_unit_head,raw,india_born_recent_noncit,k12_cost_at_full_attendance,362,976387.547101,1993.055719,326.170021,-89.517395,330.262698
adults_25_64,equal_all_members,resource_unit_head,raw,india_born_recent_noncit,modeled_tax_total,362,976387.547101,14676.825391,1212.467152,177.002654,1200.574446
adults_25_64,equal_all_members,resource_unit_head,raw,india_born_recent_noncit,payroll,362,976387.547101,4316.046125,235.506884,470.455316,233.420214
adults_25_64,equal_all_members,resource_unit_head,raw,india_born_recent_noncit,property_tax_owner,362,976387.547101,493.751379,79.168073,-819.822560,79.821729
adults_25_64,equal_all_members,resource_unit_head,raw,india_born_recent_noncit,property_tax_renter_proxy,362,976387.547101,877.672252,56.825228,570.042656,56.684731
adults_25_64,equal_all_members,resource_unit_head,raw,india_born_recent_noncit,sales_tax_itep,362,976387.547101,1868.828490,77.942419,48.678846,77.218522
adults_25_64,equal_all_members,resource_unit_head,raw,india_born_recent_noncit,sales_tax_share35,362,976387.547101,1153.746510,74.341470,99.396841,73.861548
adults_25_64,equal_all_members,resource_unit_head,raw,india_born_recent_noncit,selected_cash_total,362,976387.547101,148.320216,69.908404,-2202.720347,81.330809
adults_25_64,equal_all_members,resource_unit_head,raw,india_born_recent_noncit,selected_noncash_total,362,976387.547101,29.995058,6.576287,-115.101855,7.566417
adults_25_64,equal_all_members,resource_unit_head,raw,india_born_recent_noncit,snap,362,976387.547101,5.226451,3.038919,-84.948643,4.595567
adults_25_64,equal_all_members,resource_unit_head,raw,india_born_recent_noncit,social_security,362,976387.547101,57.192085,45.693595,-1544.662015,57.278897
adults_25_64,equal_all_members,resource_unit_head,raw,india_born_recent_noncit,state_after_credits,362,976387.547101,1934.947320,241.587995,-188.964945,242.755590
adults_25_64,equal_all_members,resource_unit_head,raw,india_born_recent_noncit,state_local_total,362,976387.547101,3582.445209,305.212038,-909.390663,306.239025
adults_25_64,equal_all_members,resource_unit_head,raw,india_born_settled,cash_noncash_tax_balance,870,2275777.727232,22406.469029,1322.834873,10402.783767,1345.790062
adults_25_64,equal_all_members,resource_unit_head,raw,india_born_settled,children_5_17,870,2275777.727232,0.162004,0.009339,0.041300,0.009400
adults_25_64,equal_all_members,resource_unit_head,raw,india_born_settled,employer_payroll,870,2275777.727232,5080.322824,179.462798,1563.222602,182.609183
adults_25_64,equal_all_members,resource_unit_head,raw,india_born_settled,extended_balance_after_health,870,2275777.727232,26798.659328,1577.501665,13089.183562,1604.033343
adults_25_64,equal_all_members,resource_unit_head,raw,india_born_settled,extended_balance_after_health_ins,870,2275777.727232,27530.797622,1607.086918,13381.344001,1634.551317
adults_25_64,equal_all_members,resource_unit_head,raw,india_born_settled,extended_balance_base,870,2275777.727232,28542.605296,1565.671014,12325.580245,1592.713954
adults_25_64,equal_all_members,resource_unit_head,raw,india_born_settled,extended_balance_flat090,870,2275777.727232,28243.519094,1569.264205,12229.125805,1596.173329
adults_25_64,equal_all_members,resource_unit_head,raw,india_born_settled,extended_balance_renter,870,2275777.727232,28817.186641,1570.537698,12292.531994,1597.571065
adults_25_64,equal_all_members,resource_unit_head,raw,india_born_settled,extended_balance_sales_itep,870,2275777.727232,29130.676117,1572.637609,12147.851090,1599.859667
adults_25_64,equal_all_members,resource_unit_head,raw,india_born_settled,federal_after_refundable,870,2275777.727232,14372.435059,980.515237,5842.115396,991.664729
adults_25_64,equal_all_members,resource_unit_head,raw,india_born_settled,health_age_birth,870,2275777.727232,1743.945969,64.311180,-763.603317,65.909462
adults_25_64,equal_all_members,resource_unit_head,raw,india_born_settled,health_age_birth_ins,870,2275777.727232,1011.807674,103.088085,-1055.763756,107.983115
adults_25_64,equal_all_members,resource_unit_head,raw,india_born_settled,k12_charged,870,2275777.727232,2467.419836,146.521336,795.735797,148.362276
adults_25_64,equal_all_members,resource_unit_head,raw,india_born_settled,k12_charged_flat090,870,2275777.727232,2766.506038,164.281795,892.190236,166.345883
adults_25_64,equal_all_members,resource_unit_head,raw,india_born_settled,k12_cost_at_full_attendance,870,2275777.727232,3073.895598,182.535328,991.322485,184.828759
adults_25_64,equal_all_members,resource_unit_head,raw,india_born_settled,modeled_tax_total,870,2275777.727232,23074.211589,1308.731718,8574.388852,1327.276627
adults_25_64,equal_all_members,resource_unit_head,raw,india_born_settled,payroll,870,2275777.727232,5360.735982,184.986123,1515.145173,187.162762
adults_25_64,equal_all_members,resource_unit_head,raw,india_born_settled,property_tax_owner,870,2275777.727232,2029.608368,103.031539,716.034429,101.438958
adults_25_64,equal_all_members,resource_unit_head,raw,india_born_settled,property_tax_renter_proxy,870,2275777.727232,274.581345,28.488677,-33.048251,29.005187
adults_25_64,equal_all_members,resource_unit_head,raw,india_born_settled,sales_tax_itep,870,2275777.727232,2081.695732,71.479572,261.546088,72.734189
adults_25_64,equal_all_members,resource_unit_head,raw,india_born_settled,sales_tax_share35,870,2275777.727232,1493.624911,63.481362,439.275243,64.615959
adults_25_64,equal_all_members,resource_unit_head,raw,india_born_settled,selected_cash_total,870,2275777.727232,619.147741,132.339607,-1731.892821,138.562704
adults_25_64,equal_all_members,resource_unit_head,raw,india_born_settled,selected_noncash_total,870,2275777.727232,48.594819,7.404335,-96.502094,8.545744
adults_25_64,equal_all_members,resource_unit_head,raw,india_born_settled,snap,870,2275777.727232,12.086531,5.904771,-78.088563,7.334390
adults_25_64,equal_all_members,resource_unit_head,raw,india_born_settled,social_security,870,2275777.727232,471.092451,120.891847,-1130.761649,127.000439
adults_25_64,equal_all_members,resource_unit_head,raw,india_born_settled,state_after_credits,870,2275777.727232,3341.040548,256.827390,1217.128283,260.602169
adults_25_64,equal_all_members,resource_unit_head,raw,india_born_settled,state_local_total,870,2275777.727232,6864.273827,332.938166,2372.437955,338.323462
adults_25_64,equal_all_members,resource_unit_head,raw,india_second_gen,cash_noncash_tax_balance,209,489721.451463,27915.445176,3424.241019,15911.759914,3465.433736
adults_25_64,equal_all_members,resource_unit_head,raw,india_second_gen,children_5_17,209,489721.451463,0.097180,0.018246,-0.023524,0.018410
adults_25_64,equal_all_members,resource_unit_head,raw,india_second_gen,employer_payroll,209,489721.451463,5470.951616,295.155889,1953.851394,300.194117
adults_25_64,equal_all_members,resource_unit_head,raw,india_second_gen,extended_balance_after_health,209,489721.451463,34057.353649,3867.645149,20347.877883,3914.403870
adults_25_64,equal_all_members,resource_unit_head,raw,india_second_gen,extended_balance_after_health_ins,209,489721.451463,34896.911791,3883.571364,20747.458170,3929.228678
adults_25_64,equal_all_members,resource_unit_head,raw,india_second_gen,extended_balance_base,209,489721.451463,36151.233986,3852.261611,19934.208935,3899.476764
adults_25_64,equal_all_members,resource_unit_head,raw,india_second_gen,extended_balance_flat090,209,489721.451463,35961.006892,3855.351188,19946.613603,3902.623096
adults_25_64,equal_all_members,resource_unit_head,raw,india_second_gen,extended_balance_renter,209,489721.451463,36612.692667,3867.010645,20088.038020,3913.700788
adults_25_64,equal_all_members,resource_unit_head,raw,india_second_gen,extended_balance_sales_itep,209,489721.451463,36920.207155,3861.660673,19937.382128,3909.407229
adults_25_64,equal_all_members,resource_unit_head,raw,india_second_gen,federal_after_refundable,209,489721.451463,18170.515104,2569.633710,9640.195441,2601.048517
adults_25_64,equal_all_members,resource_unit_head,raw,india_second_gen,health_age_birth,209,489721.451463,2093.880337,114.504688,-413.668949,114.055393
adults_25_64,equal_all_members,resource_unit_head,raw,india_second_gen,health_age_birth_ins,209,489721.451463,1254.322196,166.893079,-813.249235,169.174336
adults_25_64,equal_all_members,resource_unit_head,raw,india_second_gen,k12_charged,209,489721.451463,1569.347241,302.023607,-102.336799,305.812349
adults_25_64,equal_all_members,resource_unit_head,raw,india_second_gen,k12_charged_flat090,209,489721.451463,1759.574335,338.633142,-114.741467,342.881134
adults_25_64,equal_all_members,resource_unit_head,raw,india_second_gen,k12_cost_at_full_attendance,209,489721.451463,1955.082595,376.259046,-127.490519,380.979037
adults_25_64,equal_all_members,resource_unit_head,raw,india_second_gen,modeled_tax_total,209,489721.451463,28962.557942,3348.846480,14462.735205,3389.378565
adults_25_64,equal_all_members,resource_unit_head,raw,india_second_gen,payroll,209,489721.451463,5779.506732,325.408823,1933.915923,329.786560
adults_25_64,equal_all_members,resource_unit_head,raw,india_second_gen,property_tax_owner,209,489721.451463,2665.653257,320.780246,1352.079318,319.808178
adults_25_64,equal_all_members,resource_unit_head,raw,india_second_gen,property_tax_renter_proxy,209,489721.451463,461.458681,77.150557,153.829085,77.251082
adults_25_64,equal_all_members,resource_unit_head,raw,india_second_gen,sales_tax_itep,209,489721.451463,2437.504348,158.172404,617.354704,159.351576
adults_25_64,equal_all_members,resource_unit_head,raw,india_second_gen,sales_tax_share35,209,489721.451463,1668.531179,144.836735,614.181510,145.817215
adults_25_64,equal_all_members,resource_unit_head,raw,india_second_gen,selected_cash_total,209,489721.451463,1022.821311,301.548896,-1328.219251,300.900494
adults_25_64,equal_all_members,resource_unit_head,raw,india_second_gen,selected_noncash_total,209,489721.451463,24.291455,10.403441,-120.805458,11.240913
adults_25_64,equal_all_members,resource_unit_head,raw,india_second_gen,snap,209,489721.451463,9.800629,8.996340,-80.374464,9.768138
adults_25_64,equal_all_members,resource_unit_head,raw,india_second_gen,social_security,209,489721.451463,791.194390,278.330642,-810.659710,275.818839
adults_25_64,equal_all_members,resource_unit_head,raw,india_second_gen,state_after_credits,209,489721.451463,5012.536106,646.464116,2888.623840,651.166268
adults_25_64,equal_all_members,resource_unit_head,raw,india_second_gen,state_local_total,209,489721.451463,9346.720541,862.368372,4854.884669,866.583158
adults_25_64,equal_all_members,resource_unit_head,raw,mexican_second_gen,cash_noncash_tax_balance,2452,5392173.171042,5996.976080,284.552554,-6006.709182,350.153204
adults_25_64,equal_all_members,resource_unit_head,raw,mexican_second_gen,children_5_17,2452,5392173.171042,0.152330,0.005734,0.031626,0.005948
adults_25_64,equal_all_members,resource_unit_head,raw,mexican_second_gen,employer_payroll,2452,5392173.171042,2591.630641,52.278580,-925.469582,55.202732
adults_25_64,equal_all_members,resource_unit_head,raw,mexican_second_gen,extended_balance_after_health,2452,5392173.171042,5889.687778,382.788649,-7819.787988,442.880912
adults_25_64,equal_all_members,resource_unit_head,raw,mexican_second_gen,extended_balance_after_health_ins,2452,5392173.171042,5752.203845,403.285408,-8397.249776,460.149013
adults_25_64,equal_all_members,resource_unit_head,raw,mexican_second_gen,extended_balance_base,2452,5392173.171042,7987.162383,384.011714,-8229.862668,442.837894
adults_25_64,equal_all_members,resource_unit_head,raw,mexican_second_gen,extended_balance_flat090,2452,5392173.171042,7725.455915,389.020747,-8288.937373,446.973602
adults_25_64,equal_all_members,resource_unit_head,raw,mexican_second_gen,extended_balance_renter,2452,5392173.171042,8463.147244,386.282995,-8061.507402,444.148411
adults_25_64,equal_all_members,resource_unit_head,raw,mexican_second_gen,extended_balance_sales_itep,2452,5392173.171042,8493.464595,387.317248,-8489.360432,445.743488
adults_25_64,equal_all_members,resource_unit_head,raw,mexican_second_gen,federal_after_refundable,2452,5392173.171042,3833.122244,199.543851,-4697.197419,247.566991
adults_25_64,equal_all_members,resource_unit_head,raw,mexican_second_gen,health_age_birth,2452,5392173.171042,2097.474605,30.334715,-410.074681,31.890681
adults_25_64,equal_all_members,resource_unit_head,raw,mexican_second_gen,health_age_birth_ins,2452,5392173.171042,2234.958538,67.434291,167.387107,70.762280
adults_25_64,equal_all_members,resource_unit_head,raw,mexican_second_gen,k12_charged,2452,5392173.171042,2159.042192,86.785592,487.358153,90.874904
adults_25_64,equal_all_members,resource_unit_head,raw,mexican_second_gen,k12_charged_flat090,2452,5392173.171042,2420.748660,97.305234,546.432858,101.890228
adults_25_64,equal_all_members,resource_unit_head,raw,mexican_second_gen,k12_cost_at_full_attendance,2452,5392173.171042,2689.720733,108.116927,607.147620,113.211365
adults_25_64,equal_all_members,resource_unit_head,raw,mexican_second_gen,modeled_tax_total,2452,5392173.171042,7569.807696,278.669552,-6930.015042,337.958294
adults_25_64,equal_all_members,resource_unit_head,raw,mexican_second_gen,payroll,2452,5392173.171042,2760.965386,54.770177,-1084.625423,59.202200
adults_25_64,equal_all_members,resource_unit_head,raw,mexican_second_gen,property_tax_owner,2452,5392173.171042,763.928435,29.306435,-549.645504,32.952446
adults_25_64,equal_all_members,resource_unit_head,raw,mexican_second_gen,property_tax_renter_proxy,2452,5392173.171042,475.984862,21.784668,168.355266,21.428123
adults_25_64,equal_all_members,resource_unit_head,raw,mexican_second_gen,sales_tax_itep,2452,5392173.171042,1299.971632,22.524915,-520.178012,23.622254
adults_25_64,equal_all_members,resource_unit_head,raw,mexican_second_gen,sales_tax_share35,2452,5392173.171042,793.669420,16.767830,-260.680249,18.095295
adults_25_64,equal_all_members,resource_unit_head,raw,mexican_second_gen,selected_cash_total,2452,5392173.171042,1333.947386,92.414182,-1017.093176,105.009981
adults_25_64,equal_all_members,resource_unit_head,raw,mexican_second_gen,selected_noncash_total,2452,5392173.171042,238.884229,13.352975,93.787317,14.400310
adults_25_64,equal_all_members,resource_unit_head,raw,mexican_second_gen,snap,2452,5392173.171042,130.709798,11.604094,40.534704,12.700533
adults_25_64,equal_all_members,resource_unit_head,raw,mexican_second_gen,social_security,2452,5392173.171042,737.817113,60.321622,-864.036987,72.631344
adults_25_64,equal_all_members,resource_unit_head,raw,mexican_second_gen,state_after_credits,2452,5392173.171042,975.720066,51.571327,-1148.192199,63.670632
adults_25_64,equal_all_members,resource_unit_head,raw,mexican_second_gen,state_local_total,2452,5392173.171042,2533.317921,78.656443,-1958.517951,92.871647
adults_25_64,equal_all_members,resource_unit_head,raw,mexico_born,cash_noncash_tax_balance,4318,9260854.369099,3810.803708,233.287523,-8192.881554,331.337119
adults_25_64,equal_all_members,resource_unit_head,raw,mexico_born,children_5_17,4318,9260854.369099,0.168133,0.004199,0.047429,0.004505
adults_25_64,equal_all_members,resource_unit_head,raw,mexico_born,employer_payroll,4318,9260854.369099,1896.940457,36.446405,-1620.159765,43.377864
adults_25_64,equal_all_members,resource_unit_head,raw,mexico_born,extended_balance_after_health,4318,9260854.369099,2692.251127,293.356453,-11017.224639,395.234635
adults_25_64,equal_all_members,resource_unit_head,raw,mexico_born,extended_balance_after_health_ins,4318,9260854.369099,2434.846461,320.685931,-11714.607160,418.538049
adults_25_64,equal_all_members,resource_unit_head,raw,mexico_born,extended_balance_base,4318,9260854.369099,4488.390058,293.370228,-11728.634993,395.492328
adults_25_64,equal_all_members,resource_unit_head,raw,mexico_born,extended_balance_flat090,4318,9260854.369099,4205.745497,296.441256,-11808.647792,397.339595
adults_25_64,equal_all_members,resource_unit_head,raw,mexico_born,extended_balance_renter,4318,9260854.369099,4970.167331,292.920973,-11554.487316,394.549406
adults_25_64,equal_all_members,resource_unit_head,raw,mexico_born,extended_balance_sales_itep,4318,9260854.369099,4980.417179,296.124942,-12002.407848,397.866730
adults_25_64,equal_all_members,resource_unit_head,raw,mexico_born,federal_after_refundable,4318,9260854.369099,2139.108903,162.591782,-6391.210760,242.442895
adults_25_64,equal_all_members,resource_unit_head,raw,mexico_born,health_age_birth,4318,9260854.369099,1796.138932,23.507232,-711.410354,25.030190
adults_25_64,equal_all_members,resource_unit_head,raw,mexico_born,health_age_birth_ins,4318,9260854.369099,2053.543598,69.904030,-14.027833,71.257139
adults_25_64,equal_all_members,resource_unit_head,raw,mexico_born,k12_charged,4318,9260854.369099,2331.778571,62.085016,660.094532,68.611695
adults_25_64,equal_all_members,resource_unit_head,raw,mexico_born,k12_charged_flat090,4318,9260854.369099,2614.423132,69.610598,740.107330,76.928404
adults_25_64,equal_all_members,resource_unit_head,raw,mexico_born,k12_cost_at_full_attendance,4318,9260854.369099,2904.914592,77.345109,822.341478,85.476004
adults_25_64,equal_all_members,resource_unit_head,raw,mexico_born,modeled_tax_total,4318,9260854.369099,4879.998726,224.657546,-9619.824011,324.485723
adults_25_64,equal_all_members,resource_unit_head,raw,mexico_born,payroll,4318,9260854.369099,2148.983712,40.991072,-1696.607097,49.338984
adults_25_64,equal_all_members,resource_unit_head,raw,mexico_born,property_tax_owner,4318,9260854.369099,520.488960,24.781744,-793.084979,28.879162
adults_25_64,equal_all_members,resource_unit_head,raw,mexico_born,property_tax_renter_proxy,4318,9260854.369099,481.777273,13.564744,174.147677,14.203311
adults_25_64,equal_all_members,resource_unit_head,raw,mexico_born,sales_tax_itep,4318,9260854.369099,1083.962626,15.696564,-736.187018,19.345927
adults_25_64,equal_all_members,resource_unit_head,raw,mexico_born,sales_tax_share35,4318,9260854.369099,591.935505,11.722128,-462.414163,15.452095
adults_25_64,equal_all_members,resource_unit_head,raw,mexico_born,selected_cash_total,4318,9260854.369099,819.956571,60.005692,-1531.083991,77.332757
adults_25_64,equal_all_members,resource_unit_head,raw,mexico_born,selected_noncash_total,4318,9260854.369099,249.238447,13.580186,104.141534,14.172307
adults_25_64,equal_all_members,resource_unit_head,raw,mexico_born,snap,4318,9260854.369099,121.552092,12.091694,31.376998,12.811626
adults_25_64,equal_all_members,resource_unit_head,raw,mexico_born,social_security,4318,9260854.369099,598.561190,49.004933,-1003.292909,61.137173
adults_25_64,equal_all_members,resource_unit_head,raw,mexico_born,state_after_credits,4318,9260854.369099,591.906111,37.550226,-1532.006155,53.525473
adults_25_64,equal_all_members,resource_unit_head,raw,mexico_born,state_local_total,4318,9260854.369099,1704.330576,54.639186,-2787.505296,78.352654
adults_25_64,equal_all_members,resource_unit_head,raw,third_plus_nh_white,cash_noncash_tax_balance,36287,86225412.683336,12003.685262,243.794827,0.000000,0.000000
adults_25_64,equal_all_members,resource_unit_head,raw,third_plus_nh_white,children_5_17,36287,86225412.683336,0.120704,0.001475,0.000000,0.000000
adults_25_64,equal_all_members,resource_unit_head,raw,third_plus_nh_white,employer_payroll,36287,86225412.683336,3517.100222,26.605254,0.000000,0.000000
adults_25_64,equal_all_members,resource_unit_head,raw,third_plus_nh_white,extended_balance_after_health,36287,86225412.683336,13709.475766,285.857710,0.000000,0.000000
adults_25_64,equal_all_members,resource_unit_head,raw,third_plus_nh_white,extended_balance_after_health_ins,36287,86225412.683336,14149.453621,292.583509,0.000000,0.000000
adults_25_64,equal_all_members,resource_unit_head,raw,third_plus_nh_white,extended_balance_base,36287,86225412.683336,16217.025051,285.253363,0.000000,0.000000
adults_25_64,equal_all_members,resource_unit_head,raw,third_plus_nh_white,extended_balance_flat090,36287,86225412.683336,16014.393289,285.888650,0.000000,0.000000
adults_25_64,equal_all_members,resource_unit_head,raw,third_plus_nh_white,extended_balance_renter,36287,86225412.683336,16524.654647,285.546836,0.000000,0.000000
adults_25_64,equal_all_members,resource_unit_head,raw,third_plus_nh_white,extended_balance_sales_itep,36287,86225412.683336,16982.825027,286.791423,0.000000,0.000000
adults_25_64,equal_all_members,resource_unit_head,raw,third_plus_nh_white,federal_after_refundable,36287,86225412.683336,8530.319663,179.866888,0.000000,0.000000
adults_25_64,equal_all_members,resource_unit_head,raw,third_plus_nh_white,health_age_birth,36287,86225412.683336,2507.549285,9.108019,0.000000,0.000000
adults_25_64,equal_all_members,resource_unit_head,raw,third_plus_nh_white,health_age_birth_ins,36287,86225412.683336,2067.571430,23.824300,0.000000,0.000000
adults_25_64,equal_all_members,resource_unit_head,raw,third_plus_nh_white,k12_charged,36287,86225412.683336,1671.684040,23.429950,0.000000,0.000000
adults_25_64,equal_all_members,resource_unit_head,raw,third_plus_nh_white,k12_charged_flat090,36287,86225412.683336,1874.315802,26.269992,0.000000,0.000000
adults_25_64,equal_all_members,resource_unit_head,raw,third_plus_nh_white,k12_cost_at_full_attendance,36287,86225412.683336,2082.573114,29.188880,0.000000,0.000000
adults_25_64,equal_all_members,resource_unit_head,raw,third_plus_nh_white,modeled_tax_total,36287,86225412.683336,14499.822737,236.008536,0.000000,0.000000
adults_25_64,equal_all_members,resource_unit_head,raw,third_plus_nh_white,payroll,36287,86225412.683336,3845.590809,29.127916,0.000000,0.000000
adults_25_64,equal_all_members,resource_unit_head,raw,third_plus_nh_white,property_tax_owner,36287,86225412.683336,1313.573939,16.215504,0.000000,0.000000
adults_25_64,equal_all_members,resource_unit_head,raw,third_plus_nh_white,property_tax_renter_proxy,36287,86225412.683336,307.629596,5.737125,0.000000,0.000000
adults_25_64,equal_all_members,resource_unit_head,raw,third_plus_nh_white,sales_tax_itep,36287,86225412.683336,1820.149644,12.240770,0.000000,0.000000
adults_25_64,equal_all_members,resource_unit_head,raw,third_plus_nh_white,sales_tax_share35,36287,86225412.683336,1054.349669,10.350362,0.000000,0.000000
adults_25_64,equal_all_members,resource_unit_head,raw,third_plus_nh_white,selected_cash_total,36287,86225412.683336,2351.040563,42.281307,0.000000,0.000000
adults_25_64,equal_all_members,resource_unit_head,raw,third_plus_nh_white,selected_noncash_total,36287,86225412.683336,145.096913,4.214583,0.000000,0.000000
adults_25_64,equal_all_members,resource_unit_head,raw,third_plus_nh_white,snap,36287,86225412.683336,90.175094,3.907344,0.000000,0.000000
adults_25_64,equal_all_members,resource_unit_head,raw,third_plus_nh_white,social_security,36287,86225412.683336,1601.854100,34.335118,0.000000,0.000000
adults_25_64,equal_all_members,resource_unit_head,raw,third_plus_nh_white,state_after_credits,36287,86225412.683336,2123.912265,38.588693,0.000000,0.000000
adults_25_64,equal_all_members,resource_unit_head,raw,third_plus_nh_white,state_local_total,36287,86225412.683336,4491.835872,55.170174,0.000000,0.000000
adults_25_64,own_person,person,raw,all_foreign_born,earnings,15203,37078696.955611,60782.828220,874.512306,-9544.064054,1147.721252
adults_25_64,own_person,person,raw,all_foreign_born,medicaid_coverage_share,15203,37078696.955611,0.166458,0.004554,0.054117,0.005210
adults_25_64,own_person,person,raw,all_foreign_born,medicare_coverage_share,15203,37078696.955611,0.014685,0.001195,-0.023138,0.001789
adults_25_64,own_person,person,raw,all_foreign_born,noncitizen_share,15203,37078696.955611,0.532906,0.005957,0.532906,0.005957
adults_25_64,own_person,person,raw,all_foreign_born,own_modeled_payroll,15203,37078696.955611,4311.394984,45.292180,-677.289182,57.265996
adults_25_64,own_person,person,raw,all_foreign_born,recent_entrant_noncitizen_share,15203,37078696.955611,0.194703,0.005044,0.194703,0.005044
adults_25_64,own_person,person,raw,all_native,earnings,55652,134686458.170775,65479.909180,557.640498,-4846.983094,334.629492
adults_25_64,own_person,person,raw,all_native,medicaid_coverage_share,55652,134686458.170775,0.137116,0.002142,0.024775,0.001526
adults_25_64,own_person,person,raw,all_native,medicare_coverage_share,55652,134686458.170775,0.039887,0.001142,0.002064,0.000802
adults_25_64,own_person,person,raw,all_native,noncitizen_share,55652,134686458.170775,0.000000,0.000000,0.000000,0.000000
adults_25_64,own_person,person,raw,all_native,own_modeled_payroll,55652,134686458.170775,4676.058810,28.184823,-312.625356,17.448387
adults_25_64,own_person,person,raw,all_native,recent_entrant_noncitizen_share,55652,134686458.170775,0.000000,0.000000,0.000000,0.000000
adults_25_64,own_person,person,raw,asian_indian_native_selfid,earnings,258,642302.176503,105129.271386,9616.093985,34802.379113,9799.749375
adults_25_64,own_person,person,raw,asian_indian_native_selfid,medicaid_coverage_share,258,642302.176503,0.061434,0.017733,-0.050907,0.018031
adults_25_64,own_person,person,raw,asian_indian_native_selfid,medicare_coverage_share,258,642302.176503,0.019489,0.011714,-0.018333,0.011656
adults_25_64,own_person,person,raw,asian_indian_native_selfid,noncitizen_share,258,642302.176503,0.000000,0.000000,0.000000,0.000000
adults_25_64,own_person,person,raw,asian_indian_native_selfid,own_modeled_payroll,258,642302.176503,6748.317350,397.156592,1759.633184,404.948595
adults_25_64,own_person,person,raw,asian_indian_native_selfid,recent_entrant_noncitizen_share,258,642302.176503,0.000000,0.000000,0.000000,0.000000
adults_25_64,own_person,person,raw,china_born,earnings,628,1512979.429194,89642.006424,6429.712680,19315.114150,6482.991962
adults_25_64,own_person,person,raw,china_born,medicaid_coverage_share,628,1512979.429194,0.197206,0.030309,0.084865,0.030350
adults_25_64,own_person,person,raw,china_born,medicare_coverage_share,628,1512979.429194,0.014904,0.006510,-0.022918,0.006703
adults_25_64,own_person,person,raw,china_born,noncitizen_share,628,1512979.429194,0.523622,0.027156,0.523622,0.027156
adults_25_64,own_person,person,raw,china_born,own_modeled_payroll,628,1512979.429194,5807.192486,315.974094,818.508320,317.316626
adults_25_64,own_person,person,raw,china_born,recent_entrant_noncitizen_share,628,1512979.429194,0.134981,0.017819,0.134981,0.017819
adults_25_64,own_person,person,raw,china_born_broad,earnings,769,1872200.147549,94226.226897,5760.727791,23899.334623,5814.455892
adults_25_64,own_person,person,raw,china_born_broad,medicaid_coverage_share,769,1872200.147549,0.165509,0.025766,0.053168,0.025853
adults_25_64,own_person,person,raw,china_born_broad,medicare_coverage_share,769,1872200.147549,0.013149,0.005351,-0.024674,0.005540
adults_25_64,own_person,person,raw,china_born_broad,noncitizen_share,769,1872200.147549,0.463491,0.024882,0.463491,0.024882
adults_25_64,own_person,person,raw,china_born_broad,own_modeled_payroll,769,1872200.147549,6088.317077,279.434338,1099.632911,280.941433
adults_25_64,own_person,person,raw,china_born_broad,recent_entrant_noncitizen_share,769,1872200.147549,0.126980,0.015367,0.126980,0.015367
adults_25_64,own_person,person,raw,india_born,earnings,1232,3245304.200540,107673.270395,4453.438681,37346.378121,4459.562923
adults_25_64,own_person,person,raw,india_born,medicaid_coverage_share,1232,3245304.200540,0.042468,0.008709,-0.069873,0.009448
adults_25_64,own_person,person,raw,india_born,medicare_coverage_share,1232,3245304.200540,0.011210,0.003857,-0.026613,0.004096
adults_25_64,own_person,person,raw,india_born,noncitizen_share,1232,3245304.200540,0.603959,0.019368,0.603959,0.019368
adults_25_64,own_person,person,raw,india_born,own_modeled_payroll,1232,3245304.200540,7082.004947,211.290693,2093.320781,211.481200
adults_25_64,own_person,person,raw,india_born,recent_entrant_noncitizen_share,1232,3245304.200540,0.300326,0.019244,0.300326,0.019244
adults_25_64,own_person,person,raw,india_born_recent_noncit,earnings,362,974649.319403,67803.538664,4488.565195,-2523.353610,4452.991712
adults_25_64,own_person,person,raw,india_born_recent_noncit,medicaid_coverage_share,362,974649.319403,0.028840,0.011560,-0.083501,0.011995
adults_25_64,own_person,person,raw,india_born_recent_noncit,medicare_coverage_share,362,974649.319403,0.000000,0.000000,-0.037822,0.001353
adults_25_64,own_person,person,raw,india_born_recent_noncit,noncitizen_share,362,974649.319403,1.000000,0.000000,1.000000,0.000000
adults_25_64,own_person,person,raw,india_born_recent_noncit,own_modeled_payroll,362,974649.319403,4851.682278,277.014995,-137.001888,275.278927
adults_25_64,own_person,person,raw,india_born_recent_noncit,recent_entrant_noncitizen_share,362,974649.319403,1.000000,0.000000,1.000000,0.000000
adults_25_64,own_person,person,raw,india_born_settled,earnings,870,2270654.881137,124786.838476,5739.270037,54459.946202,5775.741288
adults_25_64,own_person,person,raw,india_born_settled,medicaid_coverage_share,870,2270654.881137,0.048318,0.011940,-0.064023,0.012546
adults_25_64,own_person,person,raw,india_born_settled,medicare_coverage_share,870,2270654.881137,0.016021,0.005459,-0.021801,0.005627
adults_25_64,own_person,person,raw,india_born_settled,noncitizen_share,870,2270654.881137,0.433964,0.021672,0.433964,0.021672
adults_25_64,own_person,person,raw,india_born_settled,own_modeled_payroll,870,2270654.881137,8039.342185,249.234350,3050.658019,250.876232
adults_25_64,own_person,person,raw,india_born_settled,recent_entrant_noncitizen_share,870,2270654.881137,0.000000,0.000000,0.000000,0.000000
adults_25_64,own_person,person,raw,india_second_gen,earnings,209,491965.625932,115293.025440,12321.287090,44966.133167,12472.301823
adults_25_64,own_person,person,raw,india_second_gen,medicaid_coverage_share,209,491965.625932,0.027594,0.011928,-0.084747,0.012290
adults_25_64,own_person,person,raw,india_second_gen,medicare_coverage_share,209,491965.625932,0.011558,0.007103,-0.026264,0.007332
adults_25_64,own_person,person,raw,india_second_gen,noncitizen_share,209,491965.625932,0.000000,0.000000,0.000000,0.000000
adults_25_64,own_person,person,raw,india_second_gen,own_modeled_payroll,209,491965.625932,7240.621747,463.831292,2251.937581,467.672519
adults_25_64,own_person,person,raw,india_second_gen,recent_entrant_noncitizen_share,209,491965.625932,0.000000,0.000000,0.000000,0.000000
adults_25_64,own_person,person,raw,mexican_second_gen,earnings,2452,5614636.312903,49781.725968,1473.949654,-20545.166306,1622.626432
adults_25_64,own_person,person,raw,mexican_second_gen,medicaid_coverage_share,2452,5614636.312903,0.199057,0.010461,0.086716,0.010731
adults_25_64,own_person,person,raw,mexican_second_gen,medicare_coverage_share,2452,5614636.312903,0.026457,0.004004,-0.011365,0.004217
adults_25_64,own_person,person,raw,mexican_second_gen,noncitizen_share,2452,5614636.312903,0.000000,0.000000,0.000000,0.000000
adults_25_64,own_person,person,raw,mexican_second_gen,own_modeled_payroll,2452,5614636.312903,3741.759741,83.968963,-1246.924425,92.114352
adults_25_64,own_person,person,raw,mexican_second_gen,recent_entrant_noncitizen_share,2452,5614636.312903,0.000000,0.000000,0.000000,0.000000
adults_25_64,own_person,person,raw,mexico_born,earnings,4318,9446562.935127,36758.780430,784.069649,-33568.111844,1074.437497
adults_25_64,own_person,person,raw,mexico_born,medicaid_coverage_share,4318,9446562.935127,0.209742,0.010125,0.097400,0.010399
adults_25_64,own_person,person,raw,mexico_born,medicare_coverage_share,4318,9446562.935127,0.013797,0.002109,-0.024026,0.002454
adults_25_64,own_person,person,raw,mexico_born,noncitizen_share,4318,9446562.935127,0.685542,0.010083,0.685542,0.010083
adults_25_64,own_person,person,raw,mexico_born,own_modeled_payroll,4318,9446562.935127,2890.582216,49.705835,-2098.101950,62.649449
adults_25_64,own_person,person,raw,mexico_born,recent_entrant_noncitizen_share,4318,9446562.935127,0.128748,0.006980,0.128748,0.006980
adults_25_64,own_person,person,raw,third_plus_nh_white,earnings,36287,87647853.345835,70326.892273,749.454039,0.000000,0.000000
adults_25_64,own_person,person,raw,third_plus_nh_white,medicaid_coverage_share,36287,87647853.345835,0.112341,0.002482,0.000000,0.000000
adults_25_64,own_person,person,raw,third_plus_nh_white,medicare_coverage_share,36287,87647853.345835,0.037822,0.001353,0.000000,0.000000
adults_25_64,own_person,person,raw,third_plus_nh_white,noncitizen_share,36287,87647853.345835,0.000000,0.000000,0.000000,0.000000
adults_25_64,own_person,person,raw,third_plus_nh_white,own_modeled_payroll,36287,87647853.345835,4988.684166,36.689146,0.000000,0.000000
adults_25_64,own_person,person,raw,third_plus_nh_white,recent_entrant_noncitizen_share,36287,87647853.345835,0.000000,0.000000,0.000000,0.000000
all_ages,equal_adults_18plus,person,exclude_recent_noncitizen,all_foreign_born,cash_noncash_tax_balance,17187,41611973.927238,7960.638345,292.176211,2288.522319,338.374467
all_ages,equal_adults_18plus,person,exclude_recent_noncitizen,all_foreign_born,children_5_17,17187,41611973.927238,0.244426,0.004316,0.102568,0.004697
all_ages,equal_adults_18plus,person,exclude_recent_noncitizen,all_foreign_born,employer_payroll,17187,41611973.927238,3080.283345,35.924579,440.897841,39.824812
all_ages,equal_adults_18plus,person,exclude_recent_noncitizen,all_foreign_born,extended_balance_after_health,17187,41611973.927238,6178.567583,349.450586,1635.650156,405.252563
all_ages,equal_adults_18plus,person,exclude_recent_noncitizen,all_foreign_born,extended_balance_after_health_ins,17187,41611973.927238,6105.935734,365.376387,1239.931576,420.477377
all_ages,equal_adults_18plus,person,exclude_recent_noncitizen,all_foreign_born,extended_balance_base,17187,41611973.927238,9850.403902,350.294975,1159.432547,405.141164
all_ages,equal_adults_18plus,person,exclude_recent_noncitizen,all_foreign_born,extended_balance_flat090,17187,41611973.927238,9400.333423,351.484920,947.229672,406.637509
all_ages,equal_adults_18plus,person,exclude_recent_noncitizen,all_foreign_born,extended_balance_renter,17187,41611973.927238,10383.087181,348.770601,1429.727945,403.296312
all_ages,equal_adults_18plus,person,exclude_recent_noncitizen,all_foreign_born,extended_balance_sales_itep,17187,41611973.927238,10544.824459,351.542031,1116.945288,406.650705
all_ages,equal_adults_18plus,person,exclude_recent_noncitizen,all_foreign_born,federal_after_refundable,17187,41611973.927238,6601.278720,210.963003,-312.214053,249.900432
all_ages,equal_adults_18plus,person,exclude_recent_noncitizen,all_foreign_born,health_age_birth,17187,41611973.927238,3671.836319,27.351178,-476.217609,31.651394
all_ages,equal_adults_18plus,person,exclude_recent_noncitizen,all_foreign_born,health_age_birth_ins,17187,41611973.927238,3744.468167,38.460740,-80.499029,42.533870
all_ages,equal_adults_18plus,person,exclude_recent_noncitizen,all_foreign_born,k12_charged,17187,41611973.927238,3713.019253,73.737541,1750.644394,79.615316
all_ages,equal_adults_18plus,person,exclude_recent_noncitizen,all_foreign_born,k12_charged_flat090,17187,41611973.927238,4163.089732,82.675575,1962.847269,89.265819
all_ages,equal_adults_18plus,person,exclude_recent_noncitizen,all_foreign_born,k12_cost_at_full_attendance,17187,41611973.927238,4625.655258,91.861750,2180.941410,99.184243
all_ages,equal_adults_18plus,person,exclude_recent_noncitizen,all_foreign_born,modeled_tax_total,17187,41611973.927238,11806.809904,290.608198,292.829740,337.419205
all_ages,equal_adults_18plus,person,exclude_recent_noncitizen,all_foreign_born,payroll,17187,41611973.927238,3403.747878,38.471930,489.472870,42.854407
all_ages,equal_adults_18plus,person,exclude_recent_noncitizen,all_foreign_born,property_tax_owner,17187,41611973.927238,1496.400133,32.519418,106.578846,33.841029
all_ages,equal_adults_18plus,person,exclude_recent_noncitizen,all_foreign_born,property_tax_renter_proxy,17187,41611973.927238,532.683280,8.914782,270.295397,9.817428
all_ages,equal_adults_18plus,person,exclude_recent_noncitizen,all_foreign_born,sales_tax_itep,17187,41611973.927238,1720.521889,15.849107,31.590676,18.292848
all_ages,equal_adults_18plus,person,exclude_recent_noncitizen,all_foreign_born,sales_tax_share35,17187,41611973.927238,1026.101332,13.528598,74.077935,15.453833
all_ages,equal_adults_18plus,person,exclude_recent_noncitizen,all_foreign_born,selected_cash_total,17187,41611973.927238,3520.937645,76.057640,-2159.083158,86.012733
all_ages,equal_adults_18plus,person,exclude_recent_noncitizen,all_foreign_born,selected_noncash_total,17187,41611973.927238,325.233914,8.936806,163.390579,9.781572
all_ages,equal_adults_18plus,person,exclude_recent_noncitizen,all_foreign_born,snap,17187,41611973.927238,180.350924,7.605442,85.294493,8.398999
all_ages,equal_adults_18plus,person,exclude_recent_noncitizen,all_foreign_born,social_security,17187,41611973.927238,2980.439159,69.083345,-2000.672486,81.721529
all_ages,equal_adults_18plus,person,exclude_recent_noncitizen,all_foreign_born,state_after_credits,17187,41611973.927238,1801.783306,56.705242,115.570922,63.233887
all_ages,equal_adults_18plus,person,exclude_recent_noncitizen,all_foreign_born,state_local_total,17187,41611973.927238,4324.284771,88.028736,296.227704,97.381496
all_ages,equal_adults_18plus,person,exclude_recent_noncitizen,all_native,cash_noncash_tax_balance,119938,283672179.878623,4814.625387,124.658537,-857.490640,74.776673
all_ages,equal_adults_18plus,person,exclude_recent_noncitizen,all_native,children_5_17,119938,283672179.878623,0.141490,0.001511,-0.000368,0.001103
all_ages,equal_adults_18plus,person,exclude_recent_noncitizen,all_native,employer_payroll,119938,283672179.878623,2363.163010,13.783359,-276.222494,8.642097
all_ages,equal_adults_18plus,person,exclude_recent_noncitizen,all_native,extended_balance_after_health,119938,283672179.878623,3620.409379,151.323589,-922.508048,88.736255
all_ages,equal_adults_18plus,person,exclude_recent_noncitizen,all_native,extended_balance_after_health_ins,119938,283672179.878623,3750.192463,156.297073,-1115.811695,91.256224
all_ages,equal_adults_18plus,person,exclude_recent_noncitizen,all_native,extended_balance_base,119938,283672179.878623,7178.153064,149.371685,-1512.818291,87.343445
all_ages,equal_adults_18plus,person,exclude_recent_noncitizen,all_native,extended_balance_flat090,119938,283672179.878623,6938.454197,150.139513,-1514.649553,87.725096
all_ages,equal_adults_18plus,person,exclude_recent_noncitizen,all_native,extended_balance_renter,119938,283672179.878623,7497.687635,149.142193,-1455.671602,87.391821
all_ages,equal_adults_18plus,person,exclude_recent_noncitizen,all_native,extended_balance_sales_itep,119938,283672179.878623,7829.924280,149.903708,-1597.954890,87.774222
all_ages,equal_adults_18plus,person,exclude_recent_noncitizen,all_native,federal_after_refundable,119938,283672179.878623,5678.401441,88.187218,-1235.091332,53.419620
all_ages,equal_adults_18plus,person,exclude_recent_noncitizen,all_native,health_age_birth,119938,283672179.878623,3557.743685,7.446004,-590.310243,7.556668
all_ages,equal_adults_18plus,person,exclude_recent_noncitizen,all_native,health_age_birth_ins,119938,283672179.878623,3427.960601,14.993383,-397.006596,12.048150
all_ages,equal_adults_18plus,person,exclude_recent_noncitizen,all_native,k12_charged,119938,283672179.878623,1977.482523,24.273099,15.107664,17.625640
all_ages,equal_adults_18plus,person,exclude_recent_noncitizen,all_native,k12_charged_flat090,119938,283672179.878623,2217.181390,27.215342,16.938926,19.762117
all_ages,equal_adults_18plus,person,exclude_recent_noncitizen,all_native,k12_cost_at_full_attendance,119938,283672179.878623,2463.534877,30.239269,18.821029,21.957908
all_ages,equal_adults_18plus,person,exclude_recent_noncitizen,all_native,modeled_tax_total,119938,283672179.878623,9683.801525,118.284018,-1830.178640,70.880776
all_ages,equal_adults_18plus,person,exclude_recent_noncitizen,all_native,payroll,119938,283672179.878623,2589.348186,15.844888,-324.926822,9.583785
all_ages,equal_adults_18plus,person,exclude_recent_noncitizen,all_native,property_tax_owner,119938,283672179.878623,1145.056608,9.510339,-244.764679,6.989462
all_ages,equal_adults_18plus,person,exclude_recent_noncitizen,all_native,property_tax_renter_proxy,119938,283672179.878623,319.534571,3.470305,57.146689,2.482038
all_ages,equal_adults_18plus,person,exclude_recent_noncitizen,all_native,sales_tax_itep,119938,283672179.878623,1484.561799,6.203091,-204.369414,4.051972
all_ages,equal_adults_18plus,person,exclude_recent_noncitizen,all_native,sales_tax_share35,119938,283672179.878623,832.790582,5.180991,-119.232814,3.282878
all_ages,equal_adults_18plus,person,exclude_recent_noncitizen,all_native,selected_cash_total,119938,283672179.878623,4661.168811,32.001331,-1018.851993,24.153771
all_ages,equal_adults_18plus,person,exclude_recent_noncitizen,all_native,selected_noncash_total,119938,283672179.878623,208.007327,3.487928,46.163992,3.093907
all_ages,equal_adults_18plus,person,exclude_recent_noncitizen,all_native,snap,119938,283672179.878623,127.929856,2.884295,32.873425,2.610559
all_ages,equal_adults_18plus,person,exclude_recent_noncitizen,all_native,social_security,119938,283672179.878623,3960.395334,30.301264,-1020.716311,20.971036
all_ages,equal_adults_18plus,person,exclude_recent_noncitizen,all_native,state_after_credits,119938,283672179.878623,1416.051897,20.018946,-270.160486,12.742283
all_ages,equal_adults_18plus,person,exclude_recent_noncitizen,all_native,state_local_total,119938,283672179.878623,3393.899087,30.163779,-634.157979,19.029635
all_ages,equal_adults_18plus,person,exclude_recent_noncitizen,asian_indian_native_selfid,cash_noncash_tax_balance,790,2040331.560805,12159.703983,1266.321610,6487.587956,1274.632102
all_ages,equal_adults_18plus,person,exclude_recent_noncitizen,asian_indian_native_selfid,children_5_17,790,2040331.560805,0.080205,0.010865,-0.061652,0.011150
all_ages,equal_adults_18plus,person,exclude_recent_noncitizen,asian_indian_native_selfid,employer_payroll,790,2040331.560805,2665.305583,167.130239,25.920079,168.023890
all_ages,equal_adults_18plus,person,exclude_recent_noncitizen,asian_indian_native_selfid,extended_balance_after_health,790,2040331.560805,14250.825550,1500.979360,9707.908123,1515.109023
all_ages,equal_adults_18plus,person,exclude_recent_noncitizen,asian_indian_native_selfid,extended_balance_after_health_ins,790,2040331.560805,14537.826904,1533.700327,9671.822746,1546.280423
all_ages,equal_adults_18plus,person,exclude_recent_noncitizen,asian_indian_native_selfid,extended_balance_base,790,2040331.560805,15552.993959,1512.594084,6862.022605,1525.123475
all_ages,equal_adults_18plus,person,exclude_recent_noncitizen,asian_indian_native_selfid,extended_balance_flat090,790,2040331.560805,15396.320485,1512.422729,6943.216734,1525.364864
all_ages,equal_adults_18plus,person,exclude_recent_noncitizen,asian_indian_native_selfid,extended_balance_renter,790,2040331.560805,15752.165616,1522.160222,6798.806379,1534.554915
all_ages,equal_adults_18plus,person,exclude_recent_noncitizen,asian_indian_native_selfid,extended_balance_sales_itep,790,2040331.560805,15902.745256,1522.028846,6474.866085,1534.418411
all_ages,equal_adults_18plus,person,exclude_recent_noncitizen,asian_indian_native_selfid,federal_after_refundable,790,2040331.560805,7872.558380,917.619006,959.065607,920.451264
all_ages,equal_adults_18plus,person,exclude_recent_noncitizen,asian_indian_native_selfid,health_age_birth,790,2040331.560805,1302.168409,87.400040,-2845.885518,88.140472
all_ages,equal_adults_18plus,person,exclude_recent_noncitizen,asian_indian_native_selfid,health_age_birth_ins,790,2040331.560805,1015.167056,101.361790,-2809.800141,102.705728
all_ages,equal_adults_18plus,person,exclude_recent_noncitizen,asian_indian_native_selfid,k12_charged,790,2040331.560805,1292.534515,180.498741,-669.840344,185.423586
all_ages,equal_adults_18plus,person,exclude_recent_noncitizen,asian_indian_native_selfid,k12_charged_flat090,790,2040331.560805,1449.207990,202.377743,-751.034473,207.899549
all_ages,equal_adults_18plus,person,exclude_recent_noncitizen,asian_indian_native_selfid,k12_cost_at_full_attendance,790,2040331.560805,1610.231100,224.864159,-834.482748,230.999499
all_ages,equal_adults_18plus,person,exclude_recent_noncitizen,asian_indian_native_selfid,modeled_tax_total,790,2040331.560805,12719.054066,1261.173012,1205.073901,1266.792660
all_ages,equal_adults_18plus,person,exclude_recent_noncitizen,asian_indian_native_selfid,payroll,790,2040331.560805,2784.685959,179.335711,-129.589049,179.951371
all_ages,equal_adults_18plus,person,exclude_recent_noncitizen,asian_indian_native_selfid,property_tax_owner,790,2040331.560805,1216.887965,129.612377,-172.933322,129.958325
all_ages,equal_adults_18plus,person,exclude_recent_noncitizen,asian_indian_native_selfid,property_tax_renter_proxy,790,2040331.560805,199.171656,30.858808,-63.216226,30.765754
all_ages,equal_adults_18plus,person,exclude_recent_noncitizen,asian_indian_native_selfid,sales_tax_itep,790,2040331.560805,1153.382240,75.414737,-535.548972,75.347262
all_ages,equal_adults_18plus,person,exclude_recent_noncitizen,asian_indian_native_selfid,sales_tax_share35,790,2040331.560805,803.630944,63.901628,-148.392453,64.036481
all_ages,equal_adults_18plus,person,exclude_recent_noncitizen,asian_indian_native_selfid,selected_cash_total,790,2040331.560805,513.694547,115.373658,-5166.326257,126.373379
all_ages,equal_adults_18plus,person,exclude_recent_noncitizen,asian_indian_native_selfid,selected_noncash_total,790,2040331.560805,45.655537,12.156231,-116.187798,12.183315
all_ages,equal_adults_18plus,person,exclude_recent_noncitizen,asian_indian_native_selfid,snap,790,2040331.560805,24.659327,10.646081,-70.397104,10.791957
all_ages,equal_adults_18plus,person,exclude_recent_noncitizen,asian_indian_native_selfid,social_security,790,2040331.560805,385.128938,98.222084,-4595.982707,109.067566
all_ages,equal_adults_18plus,person,exclude_recent_noncitizen,asian_indian_native_selfid,state_after_credits,790,2040331.560805,2061.809727,226.799088,375.597344,229.899323
all_ages,equal_adults_18plus,person,exclude_recent_noncitizen,asian_indian_native_selfid,state_local_total,790,2040331.560805,4082.328636,353.588604,54.271570,356.989444
all_ages,equal_adults_18plus,person,exclude_recent_noncitizen,china_born,cash_noncash_tax_balance,765,1920093.911100,17087.772090,2316.988501,11415.656063,2314.544098
all_ages,equal_adults_18plus,person,exclude_recent_noncitizen,china_born,children_5_17,765,1920093.911100,0.199435,0.018932,0.057578,0.019042
all_ages,equal_adults_18plus,person,exclude_recent_noncitizen,china_born,employer_payroll,765,1920093.911100,4085.045147,250.335529,1445.659643,250.237868
all_ages,equal_adults_18plus,person,exclude_recent_noncitizen,china_born,extended_balance_after_health,765,1920093.911100,18001.441274,2769.891992,13458.523847,2768.758703
all_ages,equal_adults_18plus,person,exclude_recent_noncitizen,china_born,extended_balance_after_health_ins,765,1920093.911100,17607.373475,2841.427608,12741.369318,2840.640798
all_ages,equal_adults_18plus,person,exclude_recent_noncitizen,china_born,extended_balance_base,765,1920093.911100,22000.875099,2731.482650,13309.903744,2729.976546
all_ages,equal_adults_18plus,person,exclude_recent_noncitizen,china_born,extended_balance_flat090,765,1920093.911100,21588.299291,2732.518237,13135.195541,2731.041170
all_ages,equal_adults_18plus,person,exclude_recent_noncitizen,china_born,extended_balance_renter,765,1920093.911100,22525.701931,2716.996896,13572.342695,2715.428709
all_ages,equal_adults_18plus,person,exclude_recent_noncitizen,china_born,extended_balance_sales_itep,765,1920093.911100,22687.415794,2735.826806,13259.536623,2734.504225
all_ages,equal_adults_18plus,person,exclude_recent_noncitizen,china_born,federal_after_refundable,765,1920093.911100,12497.546739,1587.134665,5584.053966,1584.246333
all_ages,equal_adults_18plus,person,exclude_recent_noncitizen,china_born,health_age_birth,765,1920093.911100,3999.433825,177.938599,-148.620103,177.127428
all_ages,equal_adults_18plus,person,exclude_recent_noncitizen,china_born,health_age_birth_ins,765,1920093.911100,4393.501623,263.334804,568.534427,262.503714
all_ages,equal_adults_18plus,person,exclude_recent_noncitizen,china_born,k12_charged,765,1920093.911100,3403.693397,324.956186,1441.318537,325.841396
all_ages,equal_adults_18plus,person,exclude_recent_noncitizen,china_born,k12_charged_flat090,765,1920093.911100,3816.269204,364.345474,1616.026741,365.337985
all_ages,equal_adults_18plus,person,exclude_recent_noncitizen,china_born,k12_cost_at_full_attendance,765,1920093.911100,4240.299115,404.828304,1795.585267,405.931094
all_ages,equal_adults_18plus,person,exclude_recent_noncitizen,china_born,modeled_tax_total,765,1920093.911100,20786.775061,2305.680021,9272.794897,2302.008744
all_ages,equal_adults_18plus,person,exclude_recent_noncitizen,china_born,payroll,765,1920093.911100,4488.020406,271.847253,1573.745397,271.135257
all_ages,equal_adults_18plus,person,exclude_recent_noncitizen,china_born,property_tax_owner,765,1920093.911100,2765.078613,256.282766,1375.257326,257.487122
all_ages,equal_adults_18plus,person,exclude_recent_noncitizen,china_born,property_tax_renter_proxy,765,1920093.911100,524.826833,48.349431,262.438951,48.684083
all_ages,equal_adults_18plus,person,exclude_recent_noncitizen,china_born,sales_tax_itep,765,1920093.911100,2153.213340,109.997512,464.282127,109.798163
all_ages,equal_adults_18plus,person,exclude_recent_noncitizen,china_born,sales_tax_share35,765,1920093.911100,1466.672645,103.575551,514.649249,103.061365
all_ages,equal_adults_18plus,person,exclude_recent_noncitizen,china_born,selected_cash_total,765,1920093.911100,3411.791455,417.417002,-2268.229348,417.601779
all_ages,equal_adults_18plus,person,exclude_recent_noncitizen,china_born,selected_noncash_total,765,1920093.911100,287.211516,38.170428,125.368181,38.503262
all_ages,equal_adults_18plus,person,exclude_recent_noncitizen,china_born,snap,765,1920093.911100,175.885311,34.582624,80.828880,34.732971
all_ages,equal_adults_18plus,person,exclude_recent_noncitizen,china_born,social_security,765,1920093.911100,2928.511087,380.788769,-2052.600557,379.759056
all_ages,equal_adults_18plus,person,exclude_recent_noncitizen,china_born,state_after_credits,765,1920093.911100,3801.207917,510.934315,2114.995534,511.234514
all_ages,equal_adults_18plus,person,exclude_recent_noncitizen,china_born,state_local_total,765,1920093.911100,8032.959175,756.815586,4004.902109,757.739601
all_ages,equal_adults_18plus,person,exclude_recent_noncitizen,china_born_broad,cash_noncash_tax_balance,972,2437404.287463,17106.921071,1933.592531,11434.805045,1933.883496
all_ages,equal_adults_18plus,person,exclude_recent_noncitizen,china_born_broad,children_5_17,972,2437404.287463,0.193950,0.016421,0.052093,0.016510
all_ages,equal_adults_18plus,person,exclude_recent_noncitizen,china_born_broad,employer_payroll,972,2437404.287463,4175.757462,211.948605,1536.371958,212.504558
all_ages,equal_adults_18plus,person,exclude_recent_noncitizen,china_born_broad,extended_balance_after_health,972,2437404.287463,18354.792306,2314.719639,13811.874879,2316.958150
all_ages,equal_adults_18plus,person,exclude_recent_noncitizen,china_born_broad,extended_balance_after_health_ins,972,2437404.287463,18249.068439,2380.473041,13383.064281,2383.701598
all_ages,equal_adults_18plus,person,exclude_recent_noncitizen,china_born_broad,extended_balance_base,972,2437404.287463,22530.033712,2278.032498,13839.062358,2279.884338
all_ages,equal_adults_18plus,person,exclude_recent_noncitizen,china_born_broad,extended_balance_flat090,972,2437404.287463,22135.190662,2279.396553,13682.086912,2281.217666
all_ages,equal_adults_18plus,person,exclude_recent_noncitizen,china_born_broad,extended_balance_renter,972,2437404.287463,23004.811768,2267.507915,14051.452531,2269.034444
all_ages,equal_adults_18plus,person,exclude_recent_noncitizen,china_born_broad,extended_balance_sales_itep,972,2437404.287463,23216.576930,2283.032553,13788.697759,2285.045185
all_ages,equal_adults_18plus,person,exclude_recent_noncitizen,china_born_broad,federal_after_refundable,972,2437404.287463,13000.718541,1352.146989,6087.225768,1351.190844
all_ages,equal_adults_18plus,person,exclude_recent_noncitizen,china_born_broad,health_age_birth,972,2437404.287463,4175.241406,161.419315,27.187479,160.602038
all_ages,equal_adults_18plus,person,exclude_recent_noncitizen,china_born_broad,health_age_birth_ins,972,2437404.287463,4280.965274,242.822127,455.998077,242.318657
all_ages,equal_adults_18plus,person,exclude_recent_noncitizen,china_born_broad,k12_charged,972,2437404.287463,3257.400600,280.691588,1295.025740,281.215767
all_ages,equal_adults_18plus,person,exclude_recent_noncitizen,china_born_broad,k12_charged_flat090,972,2437404.287463,3652.243650,314.715380,1452.001186,315.303098
all_ages,equal_adults_18plus,person,exclude_recent_noncitizen,china_born_broad,k12_cost_at_full_attendance,972,2437404.287463,4058.048500,349.683756,1613.334651,350.336775
all_ages,equal_adults_18plus,person,exclude_recent_noncitizen,china_born_broad,modeled_tax_total,972,2437404.287463,21148.085342,1916.072297,9634.105178,1914.334321
all_ages,equal_adults_18plus,person,exclude_recent_noncitizen,china_born_broad,payroll,972,2437404.287463,4562.132331,229.936975,1647.857323,229.730647
all_ages,equal_adults_18plus,person,exclude_recent_noncitizen,china_born_broad,property_tax_owner,972,2437404.287463,2986.646903,218.018692,1596.825616,218.800916
all_ages,equal_adults_18plus,person,exclude_recent_noncitizen,china_born_broad,property_tax_renter_proxy,972,2437404.287463,474.778056,40.801681,212.390173,41.184506
all_ages,equal_adults_18plus,person,exclude_recent_noncitizen,china_born_broad,sales_tax_itep,972,2437404.287463,2204.652093,94.413036,515.720880,94.388854
all_ages,equal_adults_18plus,person,exclude_recent_noncitizen,china_born_broad,sales_tax_share35,972,2437404.287463,1518.108875,88.060226,566.085479,87.822097
all_ages,equal_adults_18plus,person,exclude_recent_noncitizen,china_born_broad,selected_cash_total,972,2437404.287463,3768.587120,377.410561,-1911.433683,376.660608
all_ages,equal_adults_18plus,person,exclude_recent_noncitizen,china_born_broad,selected_noncash_total,972,2437404.287463,272.577150,38.385075,110.733816,38.780160
all_ages,equal_adults_18plus,person,exclude_recent_noncitizen,china_born_broad,snap,972,2437404.287463,171.471134,35.206671,76.414704,35.404255
all_ages,equal_adults_18plus,person,exclude_recent_noncitizen,china_born_broad,social_security,972,2437404.287463,3280.803974,360.365135,-1700.307670,358.175117
all_ages,equal_adults_18plus,person,exclude_recent_noncitizen,china_born_broad,state_after_credits,972,2437404.287463,3585.234470,414.921688,1899.022087,415.444858
all_ages,equal_adults_18plus,person,exclude_recent_noncitizen,china_born_broad,state_local_total,972,2437404.287463,8089.990249,612.257909,4061.933182,613.141505
all_ages,equal_adults_18plus,person,exclude_recent_noncitizen,india_born,cash_noncash_tax_balance,1107,2900457.787219,24564.247727,1489.265061,18892.131701,1501.155610
all_ages,equal_adults_18plus,person,exclude_recent_noncitizen,india_born,children_5_17,1107,2900457.787219,0.250229,0.014473,0.108372,0.014614
all_ages,equal_adults_18plus,person,exclude_recent_noncitizen,india_born,employer_payroll,1107,2900457.787219,5838.165685,195.459182,3198.780181,196.322116
all_ages,equal_adults_18plus,person,exclude_recent_noncitizen,india_born,extended_balance_after_health,1107,2900457.787219,28122.209508,1751.206076,23579.292081,1763.294719
all_ages,equal_adults_18plus,person,exclude_recent_noncitizen,india_born,extended_balance_after_health_ins,1107,2900457.787219,28948.847713,1781.299892,24082.843556,1794.497251
all_ages,equal_adults_18plus,person,exclude_recent_noncitizen,india_born,extended_balance_base,1107,2900457.787219,31032.467510,1719.015684,22341.496156,1732.105069
all_ages,equal_adults_18plus,person,exclude_recent_noncitizen,india_born,extended_balance_flat090,1107,2900457.787219,30570.340869,1718.384427,22117.237118,1731.379701
all_ages,equal_adults_18plus,person,exclude_recent_noncitizen,india_born,extended_balance_renter,1107,2900457.787219,31298.315109,1720.198385,22344.955872,1732.915578
all_ages,equal_adults_18plus,person,exclude_recent_noncitizen,india_born,extended_balance_sales_itep,1107,2900457.787219,31724.297939,1723.544684,22296.418769,1736.937711
all_ages,equal_adults_18plus,person,exclude_recent_noncitizen,india_born,federal_after_refundable,1107,2900457.787219,16657.469030,1036.611819,9743.976257,1047.412997
all_ages,equal_adults_18plus,person,exclude_recent_noncitizen,india_born,health_age_birth,1107,2900457.787219,2910.258002,134.130073,-1237.795925,136.313023
all_ages,equal_adults_18plus,person,exclude_recent_noncitizen,india_born,health_age_birth_ins,1107,2900457.787219,2083.619797,159.297684,-1741.347400,160.779500
all_ages,equal_adults_18plus,person,exclude_recent_noncitizen,india_born,k12_charged,1107,2900457.787219,3812.480930,227.584790,1850.106071,230.660322
all_ages,equal_adults_18plus,person,exclude_recent_noncitizen,india_born,k12_charged_flat090,1107,2900457.787219,4274.607572,255.171287,2074.365108,258.619617
all_ages,equal_adults_18plus,person,exclude_recent_noncitizen,india_born,k12_cost_at_full_attendance,1107,2900457.787219,4749.563968,283.523653,2304.850120,287.355130
all_ages,equal_adults_18plus,person,exclude_recent_noncitizen,india_born,modeled_tax_total,1107,2900457.787219,26783.550654,1442.425894,15269.570489,1454.697120
all_ages,equal_adults_18plus,person,exclude_recent_noncitizen,india_born,payroll,1107,2900457.787219,6138.835034,203.922551,3224.560026,204.598625
all_ages,equal_adults_18plus,person,exclude_recent_noncitizen,india_born,property_tax_owner,1107,2900457.787219,2677.339018,139.964758,1287.517731,139.276280
all_ages,equal_adults_18plus,person,exclude_recent_noncitizen,india_born,property_tax_renter_proxy,1107,2900457.787219,265.847599,27.333481,3.459716,27.802784
all_ages,equal_adults_18plus,person,exclude_recent_noncitizen,india_born,sales_tax_itep,1107,2900457.787219,2457.026440,72.685272,768.095227,73.732131
all_ages,equal_adults_18plus,person,exclude_recent_noncitizen,india_born,sales_tax_share35,1107,2900457.787219,1765.196011,66.864189,813.172614,67.532714
all_ages,equal_adults_18plus,person,exclude_recent_noncitizen,india_born,selected_cash_total,1107,2900457.787219,2127.547448,315.788398,-3552.473356,320.444022
all_ages,equal_adults_18plus,person,exclude_recent_noncitizen,india_born,selected_noncash_total,1107,2900457.787219,91.755479,17.251884,-70.087856,17.480300
all_ages,equal_adults_18plus,person,exclude_recent_noncitizen,india_born,snap,1107,2900457.787219,35.016654,14.592066,-60.039777,14.991992
all_ages,equal_adults_18plus,person,exclude_recent_noncitizen,india_born,social_security,1107,2900457.787219,1950.671267,303.203520,-3030.440377,308.029005
all_ages,equal_adults_18plus,person,exclude_recent_noncitizen,india_born,state_after_credits,1107,2900457.787219,3987.246589,305.671061,2301.034206,306.330458
all_ages,equal_adults_18plus,person,exclude_recent_noncitizen,india_born,state_local_total,1107,2900457.787219,8429.781618,419.559800,4401.724551,420.548714
all_ages,equal_adults_18plus,person,exclude_recent_noncitizen,india_born_settled,cash_noncash_tax_balance,1107,2900457.787219,24564.247727,1489.265061,18892.131701,1501.155610
all_ages,equal_adults_18plus,person,exclude_recent_noncitizen,india_born_settled,children_5_17,1107,2900457.787219,0.250229,0.014473,0.108372,0.014614
all_ages,equal_adults_18plus,person,exclude_recent_noncitizen,india_born_settled,employer_payroll,1107,2900457.787219,5838.165685,195.459182,3198.780181,196.322116
all_ages,equal_adults_18plus,person,exclude_recent_noncitizen,india_born_settled,extended_balance_after_health,1107,2900457.787219,28122.209508,1751.206076,23579.292081,1763.294719
all_ages,equal_adults_18plus,person,exclude_recent_noncitizen,india_born_settled,extended_balance_after_health_ins,1107,2900457.787219,28948.847713,1781.299892,24082.843556,1794.497251
all_ages,equal_adults_18plus,person,exclude_recent_noncitizen,india_born_settled,extended_balance_base,1107,2900457.787219,31032.467510,1719.015684,22341.496156,1732.105069
all_ages,equal_adults_18plus,person,exclude_recent_noncitizen,india_born_settled,extended_balance_flat090,1107,2900457.787219,30570.340869,1718.384427,22117.237118,1731.379701
all_ages,equal_adults_18plus,person,exclude_recent_noncitizen,india_born_settled,extended_balance_renter,1107,2900457.787219,31298.315109,1720.198385,22344.955872,1732.915578
all_ages,equal_adults_18plus,person,exclude_recent_noncitizen,india_born_settled,extended_balance_sales_itep,1107,2900457.787219,31724.297939,1723.544684,22296.418769,1736.937711
all_ages,equal_adults_18plus,person,exclude_recent_noncitizen,india_born_settled,federal_after_refundable,1107,2900457.787219,16657.469030,1036.611819,9743.976257,1047.412997
all_ages,equal_adults_18plus,person,exclude_recent_noncitizen,india_born_settled,health_age_birth,1107,2900457.787219,2910.258002,134.130073,-1237.795925,136.313023
all_ages,equal_adults_18plus,person,exclude_recent_noncitizen,india_born_settled,health_age_birth_ins,1107,2900457.787219,2083.619797,159.297684,-1741.347400,160.779500
all_ages,equal_adults_18plus,person,exclude_recent_noncitizen,india_born_settled,k12_charged,1107,2900457.787219,3812.480930,227.584790,1850.106071,230.660322
all_ages,equal_adults_18plus,person,exclude_recent_noncitizen,india_born_settled,k12_charged_flat090,1107,2900457.787219,4274.607572,255.171287,2074.365108,258.619617
all_ages,equal_adults_18plus,person,exclude_recent_noncitizen,india_born_settled,k12_cost_at_full_attendance,1107,2900457.787219,4749.563968,283.523653,2304.850120,287.355130
all_ages,equal_adults_18plus,person,exclude_recent_noncitizen,india_born_settled,modeled_tax_total,1107,2900457.787219,26783.550654,1442.425894,15269.570489,1454.697120
all_ages,equal_adults_18plus,person,exclude_recent_noncitizen,india_born_settled,payroll,1107,2900457.787219,6138.835034,203.922551,3224.560026,204.598625
all_ages,equal_adults_18plus,person,exclude_recent_noncitizen,india_born_settled,property_tax_owner,1107,2900457.787219,2677.339018,139.964758,1287.517731,139.276280
all_ages,equal_adults_18plus,person,exclude_recent_noncitizen,india_born_settled,property_tax_renter_proxy,1107,2900457.787219,265.847599,27.333481,3.459716,27.802784
all_ages,equal_adults_18plus,person,exclude_recent_noncitizen,india_born_settled,sales_tax_itep,1107,2900457.787219,2457.026440,72.685272,768.095227,73.732131
all_ages,equal_adults_18plus,person,exclude_recent_noncitizen,india_born_settled,sales_tax_share35,1107,2900457.787219,1765.196011,66.864189,813.172614,67.532714
all_ages,equal_adults_18plus,person,exclude_recent_noncitizen,india_born_settled,selected_cash_total,1107,2900457.787219,2127.547448,315.788398,-3552.473356,320.444022
all_ages,equal_adults_18plus,person,exclude_recent_noncitizen,india_born_settled,selected_noncash_total,1107,2900457.787219,91.755479,17.251884,-70.087856,17.480300
all_ages,equal_adults_18plus,person,exclude_recent_noncitizen,india_born_settled,snap,1107,2900457.787219,35.016654,14.592066,-60.039777,14.991992
all_ages,equal_adults_18plus,person,exclude_recent_noncitizen,india_born_settled,social_security,1107,2900457.787219,1950.671267,303.203520,-3030.440377,308.029005
all_ages,equal_adults_18plus,person,exclude_recent_noncitizen,india_born_settled,state_after_credits,1107,2900457.787219,3987.246589,305.671061,2301.034206,306.330458
all_ages,equal_adults_18plus,person,exclude_recent_noncitizen,india_born_settled,state_local_total,1107,2900457.787219,8429.781618,419.559800,4401.724551,420.548714
all_ages,equal_adults_18plus,person,exclude_recent_noncitizen,india_second_gen,cash_noncash_tax_balance,704,1797874.357678,12117.396284,1466.618059,6445.280257,1470.402324
all_ages,equal_adults_18plus,person,exclude_recent_noncitizen,india_second_gen,children_5_17,704,1797874.357678,0.067200,0.011184,-0.074657,0.011482
all_ages,equal_adults_18plus,person,exclude_recent_noncitizen,india_second_gen,employer_payroll,704,1797874.357678,2483.377639,178.482173,-156.007865,178.270358
all_ages,equal_adults_18plus,person,exclude_recent_noncitizen,india_second_gen,extended_balance_after_health,704,1797874.357678,14360.500308,1658.996272,9817.582882,1661.770221
all_ages,equal_adults_18plus,person,exclude_recent_noncitizen,india_second_gen,extended_balance_after_health_ins,704,1797874.357678,14756.082317,1682.020152,9890.078159,1682.999694
all_ages,equal_adults_18plus,person,exclude_recent_noncitizen,india_second_gen,extended_balance_base,704,1797874.357678,15555.885448,1675.315526,6864.914094,1676.581562
all_ages,equal_adults_18plus,person,exclude_recent_noncitizen,india_second_gen,extended_balance_flat090,704,1797874.357678,15428.648918,1669.042948,6975.545168,1670.408631
all_ages,equal_adults_18plus,person,exclude_recent_noncitizen,india_second_gen,extended_balance_renter,704,1797874.357678,15749.327285,1683.074157,6795.968049,1684.107024
all_ages,equal_adults_18plus,person,exclude_recent_noncitizen,india_second_gen,extended_balance_sales_itep,704,1797874.357678,15906.490611,1685.287625,6478.611441,1686.382685
all_ages,equal_adults_18plus,person,exclude_recent_noncitizen,india_second_gen,federal_after_refundable,704,1797874.357678,7914.724292,1032.760228,1001.231519,1031.527684
all_ages,equal_adults_18plus,person,exclude_recent_noncitizen,india_second_gen,health_age_birth,704,1797874.357678,1195.385140,98.017541,-2952.668787,98.750987
all_ages,equal_adults_18plus,person,exclude_recent_noncitizen,india_second_gen,health_age_birth_ins,704,1797874.357678,799.803132,100.679405,-3025.164065,101.954323
all_ages,equal_adults_18plus,person,exclude_recent_noncitizen,india_second_gen,k12_charged,704,1797874.357678,1049.683790,180.102407,-912.691069,186.311705
all_ages,equal_adults_18plus,person,exclude_recent_noncitizen,india_second_gen,k12_charged_flat090,704,1797874.357678,1176.920320,201.933367,-1023.322143,208.895320
all_ages,equal_adults_18plus,person,exclude_recent_noncitizen,india_second_gen,k12_cost_at_full_attendance,704,1797874.357678,1307.689245,224.370408,-1137.024603,232.105911
all_ages,equal_adults_18plus,person,exclude_recent_noncitizen,india_second_gen,modeled_tax_total,704,1797874.357678,12658.568858,1431.862855,1144.588694,1428.605474
all_ages,equal_adults_18plus,person,exclude_recent_noncitizen,india_second_gen,payroll,704,1797874.357678,2627.504424,190.061967,-286.770585,189.250558
all_ages,equal_adults_18plus,person,exclude_recent_noncitizen,india_second_gen,property_tax_owner,704,1797874.357678,1235.601391,141.115388,-154.219896,140.259526
all_ages,equal_adults_18plus,person,exclude_recent_noncitizen,india_second_gen,property_tax_renter_proxy,704,1797874.357678,193.441837,30.688602,-68.946045,30.603920
all_ages,equal_adults_18plus,person,exclude_recent_noncitizen,india_second_gen,sales_tax_itep,704,1797874.357678,1119.799088,81.514408,-569.132124,80.905982
all_ages,equal_adults_18plus,person,exclude_recent_noncitizen,india_second_gen,sales_tax_share35,704,1797874.357678,769.193926,67.635061,-182.829471,67.186431
all_ages,equal_adults_18plus,person,exclude_recent_noncitizen,india_second_gen,selected_cash_total,704,1797874.357678,522.006864,135.009357,-5158.013939,143.258657
all_ages,equal_adults_18plus,person,exclude_recent_noncitizen,india_second_gen,selected_noncash_total,704,1797874.357678,19.165711,4.714122,-142.677624,5.933980
all_ages,equal_adults_18plus,person,exclude_recent_noncitizen,india_second_gen,snap,704,1797874.357678,5.100247,3.548499,-89.956184,4.590938
all_ages,equal_adults_18plus,person,exclude_recent_noncitizen,india_second_gen,social_security,704,1797874.357678,375.308593,118.520227,-4605.803052,128.198811
all_ages,equal_adults_18plus,person,exclude_recent_noncitizen,india_second_gen,state_after_credits,704,1797874.357678,2116.340143,290.629250,430.127760,289.367939
all_ages,equal_adults_18plus,person,exclude_recent_noncitizen,india_second_gen,state_local_total,704,1797874.357678,4121.135459,434.414401,93.078393,430.480676
all_ages,equal_adults_18plus,person,exclude_recent_noncitizen,mexican_second_gen,cash_noncash_tax_balance,6349,14333217.663520,2888.534423,182.366037,-2783.581604,244.542947
all_ages,equal_adults_18plus,person,exclude_recent_noncitizen,mexican_second_gen,children_5_17,6349,14333217.663520,0.170297,0.006467,0.028439,0.006609
all_ages,equal_adults_18plus,person,exclude_recent_noncitizen,mexican_second_gen,employer_payroll,6349,14333217.663520,1685.071826,38.613708,-954.313678,42.420363
all_ages,equal_adults_18plus,person,exclude_recent_noncitizen,mexican_second_gen,extended_balance_after_health,6349,14333217.663520,1408.098116,243.721349,-3134.819311,308.368052
all_ages,equal_adults_18plus,person,exclude_recent_noncitizen,mexican_second_gen,extended_balance_after_health_ins,6349,14333217.663520,1183.406383,257.436526,-3682.597775,318.903813
all_ages,equal_adults_18plus,person,exclude_recent_noncitizen,mexican_second_gen,extended_balance_base,6349,14333217.663520,3279.962827,238.456945,-5411.008527,304.015805
all_ages,equal_adults_18plus,person,exclude_recent_noncitizen,mexican_second_gen,extended_balance_flat090,6349,14333217.663520,2991.343062,241.830866,-5461.760689,306.874098
all_ages,equal_adults_18plus,person,exclude_recent_noncitizen,mexican_second_gen,extended_balance_renter,6349,14333217.663520,3622.353591,239.180485,-5331.005645,304.744301
all_ages,equal_adults_18plus,person,exclude_recent_noncitizen,mexican_second_gen,extended_balance_sales_itep,6349,14333217.663520,3655.385228,240.386876,-5772.493943,306.003203
all_ages,equal_adults_18plus,person,exclude_recent_noncitizen,mexican_second_gen,federal_after_refundable,6349,14333217.663520,2115.879315,127.283952,-4797.613458,169.049625
all_ages,equal_adults_18plus,person,exclude_recent_noncitizen,mexican_second_gen,health_age_birth,6349,14333217.663520,1871.864711,38.903891,-2276.189217,40.270655
all_ages,equal_adults_18plus,person,exclude_recent_noncitizen,mexican_second_gen,health_age_birth_ins,6349,14333217.663520,2096.556444,58.418197,-1728.410753,60.924349
all_ages,equal_adults_18plus,person,exclude_recent_noncitizen,mexican_second_gen,k12_charged,6349,14333217.663520,2381.073176,94.363128,418.698317,97.564438
all_ages,equal_adults_18plus,person,exclude_recent_noncitizen,mexican_second_gen,k12_charged_flat090,6349,14333217.663520,2669.692941,105.801275,469.450478,109.390629
all_ages,equal_adults_18plus,person,exclude_recent_noncitizen,mexican_second_gen,k12_cost_at_full_attendance,6349,14333217.663520,2966.325490,117.556972,521.611642,121.545143
all_ages,equal_adults_18plus,person,exclude_recent_noncitizen,mexican_second_gen,modeled_tax_total,6349,14333217.663520,4522.113941,181.561819,-6991.866224,233.623782
all_ages,equal_adults_18plus,person,exclude_recent_noncitizen,mexican_second_gen,payroll,6349,14333217.663520,1828.721975,43.040648,-1085.553033,48.022946
all_ages,equal_adults_18plus,person,exclude_recent_noncitizen,mexican_second_gen,property_tax_owner,6349,14333217.663520,538.479944,18.839955,-851.341343,23.965273
all_ages,equal_adults_18plus,person,exclude_recent_noncitizen,mexican_second_gen,property_tax_renter_proxy,6349,14333217.663520,342.390764,12.363629,80.002882,12.105334
all_ages,equal_adults_18plus,person,exclude_recent_noncitizen,mexican_second_gen,sales_tax_itep,6349,14333217.663520,924.372211,17.904215,-764.559002,19.155550
all_ages,equal_adults_18plus,person,exclude_recent_noncitizen,mexican_second_gen,sales_tax_share35,6349,14333217.663520,548.949810,12.758668,-403.073586,14.246459
all_ages,equal_adults_18plus,person,exclude_recent_noncitizen,mexican_second_gen,selected_cash_total,6349,14333217.663520,1351.067389,76.480366,-4328.953414,92.143561
all_ages,equal_adults_18plus,person,exclude_recent_noncitizen,mexican_second_gen,selected_noncash_total,6349,14333217.663520,282.512129,14.889734,120.668794,15.815343
all_ages,equal_adults_18plus,person,exclude_recent_noncitizen,mexican_second_gen,snap,6349,14333217.663520,155.460703,12.033342,60.404272,12.993506
all_ages,equal_adults_18plus,person,exclude_recent_noncitizen,mexican_second_gen,social_security,6349,14333217.663520,939.883121,61.375194,-4041.228523,77.079072
all_ages,equal_adults_18plus,person,exclude_recent_noncitizen,mexican_second_gen,state_after_credits,6349,14333217.663520,577.512651,30.512823,-1108.699732,40.495725
all_ages,equal_adults_18plus,person,exclude_recent_noncitizen,mexican_second_gen,state_local_total,6349,14333217.663520,1664.942405,51.443215,-2363.114661,66.027603
all_ages,equal_adults_18plus,person,exclude_recent_noncitizen,mexico_born,cash_noncash_tax_balance,4842,10379100.733652,2309.809672,218.576210,-3362.306355,284.835792
all_ages,equal_adults_18plus,person,exclude_recent_noncitizen,mexico_born,children_5_17,4842,10379100.733652,0.295012,0.009608,0.153155,0.009820
all_ages,equal_adults_18plus,person,exclude_recent_noncitizen,mexico_born,employer_payroll,4842,10379100.733652,2103.542056,39.751876,-535.843448,43.410300
all_ages,equal_adults_18plus,person,exclude_recent_noncitizen,mexico_born,extended_balance_after_health,4842,10379100.733652,-1494.733966,326.564522,-6037.651393,385.586376
all_ages,equal_adults_18plus,person,exclude_recent_noncitizen,mexico_born,extended_balance_after_health_ins,4842,10379100.733652,-1996.762121,366.596876,-6862.766279,418.993895
all_ages,equal_adults_18plus,person,exclude_recent_noncitizen,mexico_born,extended_balance_base,4842,10379100.733652,1743.764815,305.377371,-6947.206539,366.291794
all_ages,equal_adults_18plus,person,exclude_recent_noncitizen,mexico_born,extended_balance_flat090,4842,10379100.733652,1247.112036,313.942132,-7205.991715,373.000010
all_ages,equal_adults_18plus,person,exclude_recent_noncitizen,mexico_born,extended_balance_renter,4842,10379100.733652,2308.397209,303.177442,-6644.962028,363.578449
all_ages,equal_adults_18plus,person,exclude_recent_noncitizen,mexico_born,extended_balance_sales_itep,4842,10379100.733652,2331.635904,305.359645,-7096.243267,366.343679
all_ages,equal_adults_18plus,person,exclude_recent_noncitizen,mexico_born,federal_after_refundable,4842,10379100.733652,1846.379771,118.624169,-5067.113002,177.993291
all_ages,equal_adults_18plus,person,exclude_recent_noncitizen,mexico_born,health_age_birth,4842,10379100.733652,3238.498782,51.934923,-909.555146,52.760945
all_ages,equal_adults_18plus,person,exclude_recent_noncitizen,mexico_born,health_age_birth_ins,4842,10379100.733652,3740.526936,101.055855,-84.440260,100.818425
all_ages,equal_adults_18plus,person,exclude_recent_noncitizen,mexico_born,k12_charged,4842,10379100.733652,4097.316798,137.561997,2134.941939,141.937588
all_ages,equal_adults_18plus,person,exclude_recent_noncitizen,mexico_born,k12_charged_flat090,4842,10379100.733652,4593.969578,154.236457,2393.727115,159.142432
all_ages,equal_adults_18plus,person,exclude_recent_noncitizen,mexico_born,k12_cost_at_full_attendance,4842,10379100.733652,5104.410642,171.373841,2659.696794,176.824924
all_ages,equal_adults_18plus,person,exclude_recent_noncitizen,mexico_born,modeled_tax_total,4842,10379100.733652,4857.349472,182.340279,-6656.630692,255.344503
all_ages,equal_adults_18plus,person,exclude_recent_noncitizen,mexico_born,payroll,4842,10379100.733652,2397.381602,43.520910,-516.893406,48.552568
all_ages,equal_adults_18plus,person,exclude_recent_noncitizen,mexico_born,property_tax_owner,4842,10379100.733652,721.016447,24.298652,-668.804840,27.515345
all_ages,equal_adults_18plus,person,exclude_recent_noncitizen,mexico_born,property_tax_renter_proxy,4842,10379100.733652,564.632393,15.715462,302.244511,15.934313
all_ages,equal_adults_18plus,person,exclude_recent_noncitizen,mexico_born,sales_tax_itep,4842,10379100.733652,1294.584527,15.070324,-394.346686,17.206300
all_ages,equal_adults_18plus,person,exclude_recent_noncitizen,mexico_born,sales_tax_share35,4842,10379100.733652,706.713439,11.858046,-245.309958,14.015417
all_ages,equal_adults_18plus,person,exclude_recent_noncitizen,mexico_born,selected_cash_total,4842,10379100.733652,2118.402482,103.461171,-3561.618322,107.987339
all_ages,equal_adults_18plus,person,exclude_recent_noncitizen,mexico_born,selected_noncash_total,4842,10379100.733652,429.137319,18.771749,267.293984,19.188918
all_ages,equal_adults_18plus,person,exclude_recent_noncitizen,mexico_born,snap,4842,10379100.733652,205.494098,14.850876,110.437667,15.323326
all_ages,equal_adults_18plus,person,exclude_recent_noncitizen,mexico_born,social_security,4842,10379100.733652,1768.341695,91.078047,-3212.769950,96.807705
all_ages,equal_adults_18plus,person,exclude_recent_noncitizen,mexico_born,state_after_credits,4842,10379100.733652,613.588099,34.806542,-1072.624285,46.697322
all_ages,equal_adults_18plus,person,exclude_recent_noncitizen,mexico_born,state_local_total,4842,10379100.733652,2041.317984,56.898481,-1986.739082,73.999981
all_ages,equal_adults_18plus,person,exclude_recent_noncitizen,third_plus_nh_white,cash_noncash_tax_balance,73873,173053893.397290,5672.116027,171.299423,0.000000,0.000000
all_ages,equal_adults_18plus,person,exclude_recent_noncitizen,third_plus_nh_white,children_5_17,73873,173053893.397290,0.141857,0.001807,0.000000,0.000000
all_ages,equal_adults_18plus,person,exclude_recent_noncitizen,third_plus_nh_white,employer_payroll,73873,173053893.397290,2639.385504,18.410731,0.000000,0.000000
all_ages,equal_adults_18plus,person,exclude_recent_noncitizen,third_plus_nh_white,extended_balance_after_health,73873,173053893.397290,4542.917427,202.536626,0.000000,0.000000
all_ages,equal_adults_18plus,person,exclude_recent_noncitizen,third_plus_nh_white,extended_balance_after_health_ins,73873,173053893.397290,4866.004158,207.800491,0.000000,0.000000
all_ages,equal_adults_18plus,person,exclude_recent_noncitizen,third_plus_nh_white,extended_balance_base,73873,173053893.397290,8690.971354,200.494090,0.000000,0.000000
all_ages,equal_adults_18plus,person,exclude_recent_noncitizen,third_plus_nh_white,extended_balance_flat090,73873,173053893.397290,8453.103751,200.981694,0.000000,0.000000
all_ages,equal_adults_18plus,person,exclude_recent_noncitizen,third_plus_nh_white,extended_balance_renter,73873,173053893.397290,8953.359237,200.356982,0.000000,0.000000
all_ages,equal_adults_18plus,person,exclude_recent_noncitizen,third_plus_nh_white,extended_balance_sales_itep,73873,173053893.397290,9427.879171,201.350293,0.000000,0.000000
all_ages,equal_adults_18plus,person,exclude_recent_noncitizen,third_plus_nh_white,federal_after_refundable,73873,173053893.397290,6913.492773,122.069431,0.000000,0.000000
all_ages,equal_adults_18plus,person,exclude_recent_noncitizen,third_plus_nh_white,health_age_birth,73873,173053893.397290,4148.053928,9.785194,0.000000,0.000000
all_ages,equal_adults_18plus,person,exclude_recent_noncitizen,third_plus_nh_white,health_age_birth_ins,73873,173053893.397290,3824.967197,18.368438,0.000000,0.000000
all_ages,equal_adults_18plus,person,exclude_recent_noncitizen,third_plus_nh_white,k12_charged,73873,173053893.397290,1962.374860,29.542715,0.000000,0.000000
all_ages,equal_adults_18plus,person,exclude_recent_noncitizen,third_plus_nh_white,k12_charged_flat090,73873,173053893.397290,2200.242463,33.123710,0.000000,0.000000
all_ages,equal_adults_18plus,person,exclude_recent_noncitizen,third_plus_nh_white,k12_cost_at_full_attendance,73873,173053893.397290,2444.713848,36.804122,0.000000,0.000000
all_ages,equal_adults_18plus,person,exclude_recent_noncitizen,third_plus_nh_white,modeled_tax_total,73873,173053893.397290,11513.980165,162.408719,0.000000,0.000000
all_ages,equal_adults_18plus,person,exclude_recent_noncitizen,third_plus_nh_white,payroll,73873,173053893.397290,2914.275008,21.089276,0.000000,0.000000
all_ages,equal_adults_18plus,person,exclude_recent_noncitizen,third_plus_nh_white,property_tax_owner,73873,173053893.397290,1389.821287,14.059048,0.000000,0.000000
all_ages,equal_adults_18plus,person,exclude_recent_noncitizen,third_plus_nh_white,property_tax_renter_proxy,73873,173053893.397290,262.387882,4.070235,0.000000,0.000000
all_ages,equal_adults_18plus,person,exclude_recent_noncitizen,third_plus_nh_white,sales_tax_itep,73873,173053893.397290,1688.931213,8.575151,0.000000,0.000000
all_ages,equal_adults_18plus,person,exclude_recent_noncitizen,third_plus_nh_white,sales_tax_share35,73873,173053893.397290,952.023396,7.145478,0.000000,0.000000
all_ages,equal_adults_18plus,person,exclude_recent_noncitizen,third_plus_nh_white,selected_cash_total,73873,173053893.397290,5680.020803,44.613247,0.000000,0.000000
all_ages,equal_adults_18plus,person,exclude_recent_noncitizen,third_plus_nh_white,selected_noncash_total,73873,173053893.397290,161.843335,3.692958,0.000000,0.000000
all_ages,equal_adults_18plus,person,exclude_recent_noncitizen,third_plus_nh_white,snap,73873,173053893.397290,95.056431,3.264398,0.000000,0.000000
all_ages,equal_adults_18plus,person,exclude_recent_noncitizen,third_plus_nh_white,social_security,73873,173053893.397290,4981.111644,42.028702,0.000000,0.000000
all_ages,equal_adults_18plus,person,exclude_recent_noncitizen,third_plus_nh_white,state_after_credits,73873,173053893.397290,1686.212383,27.288833,0.000000,0.000000
all_ages,equal_adults_18plus,person,exclude_recent_noncitizen,third_plus_nh_white,state_local_total,73873,173053893.397290,4028.057066,41.746471,0.000000,0.000000
all_ages,equal_adults_18plus,person,exclude_top1_income,all_foreign_born,cash_noncash_tax_balance,21550,52646543.209369,6440.398041,174.022598,2206.704416,194.804410
all_ages,equal_adults_18plus,person,exclude_top1_income,all_foreign_born,children_5_17,21550,52646543.209369,0.232285,0.003641,0.091096,0.004139
all_ages,equal_adults_18plus,person,exclude_top1_income,all_foreign_born,employer_payroll,21550,52646543.209369,2869.942186,30.114915,299.949185,33.876122
all_ages,equal_adults_18plus,person,exclude_top1_income,all_foreign_born,extended_balance_after_health,21550,52646543.209369,4789.347136,226.017332,1825.446346,254.178404
all_ages,equal_adults_18plus,person,exclude_top1_income,all_foreign_born,extended_balance_after_health_ins,21550,52646543.209369,4729.567768,236.837101,1452.156703,264.476652
all_ages,equal_adults_18plus,person,exclude_top1_income,all_foreign_born,extended_balance_base,21550,52646543.209369,7964.821324,223.678634,840.225008,250.984697
all_ages,equal_adults_18plus,person,exclude_top1_income,all_foreign_born,extended_balance_flat090,21550,52646543.209369,7542.137388,225.414037,654.111171,253.113711
all_ages,equal_adults_18plus,person,exclude_top1_income,all_foreign_born,extended_balance_renter,21550,52646543.209369,8549.092543,222.712616,1160.307745,249.847151
all_ages,equal_adults_18plus,person,exclude_top1_income,all_foreign_born,extended_balance_sales_itep,21550,52646543.209369,8630.679951,224.215167,779.113997,251.509868
all_ages,equal_adults_18plus,person,exclude_top1_income,all_foreign_born,federal_after_refundable,21550,52646543.209369,5045.449076,107.901870,-731.953440,121.927143
all_ages,equal_adults_18plus,person,exclude_top1_income,all_foreign_born,health_age_birth,21550,52646543.209369,3175.474188,24.477165,-985.221337,29.121393
all_ages,equal_adults_18plus,person,exclude_top1_income,all_foreign_born,health_age_birth_ins,21550,52646543.209369,3235.253556,33.812198,-611.931695,39.392866
all_ages,equal_adults_18plus,person,exclude_top1_income,all_foreign_born,k12_charged,21550,52646543.209369,3487.084059,62.076761,1535.413439,69.862951
all_ages,equal_adults_18plus,person,exclude_top1_income,all_foreign_born,k12_charged_flat090,21550,52646543.209369,3909.767995,69.601343,1721.527276,78.331329
all_ages,equal_adults_18plus,person,exclude_top1_income,all_foreign_born,k12_cost_at_full_attendance,21550,52646543.209369,4344.186661,77.334826,1912.808085,87.034810
all_ages,equal_adults_18plus,person,exclude_top1_income,all_foreign_born,modeled_tax_total,21550,52646543.209369,9650.958541,165.721391,-453.329008,185.846391
all_ages,equal_adults_18plus,person,exclude_top1_income,all_foreign_born,payroll,21550,52646543.209369,3132.493680,32.056225,321.161344,36.015627
all_ages,equal_adults_18plus,person,exclude_top1_income,all_foreign_born,property_tax_owner,21550,52646543.209369,1232.481514,26.419397,-142.059993,28.313655
all_ages,equal_adults_18plus,person,exclude_top1_income,all_foreign_born,property_tax_renter_proxy,21550,52646543.209369,584.271220,8.202826,320.082737,9.214420
all_ages,equal_adults_18plus,person,exclude_top1_income,all_foreign_born,sales_tax_itep,21550,52646543.209369,1574.942270,11.069794,-50.066172,12.417755
all_ages,equal_adults_18plus,person,exclude_top1_income,all_foreign_born,sales_tax_share35,21550,52646543.209369,909.083643,9.113801,11.044839,10.057546
all_ages,equal_adults_18plus,person,exclude_top1_income,all_foreign_born,selected_cash_total,21550,52646543.209369,2896.268738,62.635150,-2811.491852,76.076699
all_ages,equal_adults_18plus,person,exclude_top1_income,all_foreign_born,selected_noncash_total,21550,52646543.209369,314.291762,8.133212,151.458428,8.911664
all_ages,equal_adults_18plus,person,exclude_top1_income,all_foreign_born,snap,21550,52646543.209369,173.028945,6.836572,77.120526,7.687603
all_ages,equal_adults_18plus,person,exclude_top1_income,all_foreign_born,social_security,21550,52646543.209369,2419.700390,55.918057,-2592.418890,71.343253
all_ages,equal_adults_18plus,person,exclude_top1_income,all_foreign_born,state_after_credits,21550,52646543.209369,1473.015785,35.561717,-42.536912,39.917885
all_ages,equal_adults_18plus,person,exclude_top1_income,all_foreign_born,state_local_total,21550,52646543.209369,3614.580942,57.916951,-173.552066,64.670018
all_ages,equal_adults_18plus,person,exclude_top1_income,all_native,cash_noncash_tax_balance,118844,281105076.967728,3650.965188,84.136707,-582.728437,52.898606
all_ages,equal_adults_18plus,person,exclude_top1_income,all_native,children_5_17,118844,281105076.967728,0.140954,0.001517,-0.000236,0.001111
all_ages,equal_adults_18plus,person,exclude_top1_income,all_native,employer_payroll,118844,281105076.967728,2305.554263,13.110808,-264.438738,8.529498
all_ages,equal_adults_18plus,person,exclude_top1_income,all_native,extended_balance_after_health,118844,281105076.967728,2341.787140,111.505686,-622.113650,68.563279
all_ages,equal_adults_18plus,person,exclude_top1_income,all_native,extended_balance_after_health_ins,118844,281105076.967728,2462.356334,117.529786,-815.054731,71.508748
all_ages,equal_adults_18plus,person,exclude_top1_income,all_native,extended_balance_base,118844,281105076.967728,5907.708919,108.748731,-1216.887397,66.249122
all_ages,equal_adults_18plus,person,exclude_top1_income,all_native,extended_balance_flat090,118844,281105076.967728,5669.065394,109.790096,-1218.960823,66.771910
all_ages,equal_adults_18plus,person,exclude_top1_income,all_native,extended_balance_renter,118844,281105076.967728,6229.060954,108.354257,-1159.723844,66.186724
all_ages,equal_adults_18plus,person,exclude_top1_income,all_native,extended_balance_sales_itep,118844,281105076.967728,6551.556299,108.852348,-1300.009655,66.433372
all_ages,equal_adults_18plus,person,exclude_top1_income,all_native,federal_after_refundable,118844,281105076.967728,4761.754724,52.263938,-1015.647793,29.757759
all_ages,equal_adults_18plus,person,exclude_top1_income,all_native,health_age_birth,118844,281105076.967728,3565.921779,7.577691,-594.773747,7.644427
all_ages,equal_adults_18plus,person,exclude_top1_income,all_native,health_age_birth_ins,118844,281105076.967728,3445.352585,14.951742,-401.832666,12.265914
all_ages,equal_adults_18plus,person,exclude_top1_income,all_native,k12_charged,118844,281105076.967728,1968.776103,24.156881,17.105483,17.798315
all_ages,equal_adults_18plus,person,exclude_top1_income,all_native,k12_charged_flat090,118844,281105076.967728,2207.419628,27.085037,19.178909,19.955723
all_ages,equal_adults_18plus,person,exclude_top1_income,all_native,k12_cost_at_full_attendance,118844,281105076.967728,2452.688475,30.094485,21.309899,22.173025
all_ages,equal_adults_18plus,person,exclude_top1_income,all_native,modeled_tax_total,118844,281105076.967728,8541.747315,75.817384,-1562.540234,44.509770
all_ages,equal_adults_18plus,person,exclude_top1_income,all_native,payroll,118844,281105076.967728,2505.370931,13.947204,-305.961405,8.951723
all_ages,equal_adults_18plus,person,exclude_top1_income,all_native,property_tax_owner,118844,281105076.967728,1130.573404,9.217180,-243.968103,6.951035
all_ages,equal_adults_18plus,person,exclude_top1_income,all_native,property_tax_renter_proxy,118844,281105076.967728,321.352035,3.482394,57.163553,2.501869
all_ages,equal_adults_18plus,person,exclude_top1_income,all_native,sales_tax_itep,118844,281105076.967728,1433.239547,4.692872,-191.768895,3.182901
all_ages,equal_adults_18plus,person,exclude_top1_income,all_native,sales_tax_share35,118844,281105076.967728,789.392167,3.951512,-108.646637,2.500392
all_ages,equal_adults_18plus,person,exclude_top1_income,all_native,selected_cash_total,118844,281105076.967728,4681.465421,32.039892,-1026.295169,24.526006
all_ages,equal_adults_18plus,person,exclude_top1_income,all_native,selected_noncash_total,118844,281105076.967728,209.316706,3.497663,46.483371,3.116362
all_ages,equal_adults_18plus,person,exclude_top1_income,all_native,snap,118844,281105076.967728,128.988302,2.896702,33.079883,2.633662
all_ages,equal_adults_18plus,person,exclude_top1_income,all_native,social_security,118844,281105076.967728,3980.916795,30.460846,-1031.202485,21.240179
all_ages,equal_adults_18plus,person,exclude_top1_income,all_native,state_after_credits,118844,281105076.967728,1274.621660,13.463403,-240.931037,8.863186
all_ages,equal_adults_18plus,person,exclude_top1_income,all_native,state_local_total,118844,281105076.967728,3194.587231,22.617551,-593.545776,15.265649
all_ages,equal_adults_18plus,person,exclude_top1_income,asian_indian_native_selfid,cash_noncash_tax_balance,769,1992030.189640,10295.176860,925.971044,6061.483236,925.797105
all_ages,equal_adults_18plus,person,exclude_top1_income,asian_indian_native_selfid,children_5_17,769,1992030.189640,0.079646,0.010826,-0.061544,0.010994
all_ages,equal_adults_18plus,person,exclude_top1_income,asian_indian_native_selfid,employer_payroll,769,1992030.189640,2552.970785,161.043244,-17.022216,161.503930
all_ages,equal_adults_18plus,person,exclude_top1_income,asian_indian_native_selfid,extended_balance_after_health,769,1992030.189640,12168.703292,1149.194092,9204.802502,1152.498072
all_ages,equal_adults_18plus,person,exclude_top1_income,asian_indian_native_selfid,extended_balance_after_health_ins,769,1992030.189640,12435.052821,1181.735661,9157.641756,1184.865983
all_ages,equal_adults_18plus,person,exclude_top1_income,asian_indian_native_selfid,extended_balance_base,769,1992030.189640,13464.061087,1151.999598,6339.464771,1154.401737
all_ages,equal_adults_18plus,person,exclude_top1_income,asian_indian_native_selfid,extended_balance_flat090,769,1992030.189640,13308.043196,1151.134534,6420.016979,1153.868318
all_ages,equal_adults_18plus,person,exclude_top1_income,asian_indian_native_selfid,extended_balance_renter,769,1992030.189640,13665.286534,1164.344791,6276.501736,1166.724809
all_ages,equal_adults_18plus,person,exclude_top1_income,asian_indian_native_selfid,extended_balance_sales_itep,769,1992030.189640,13807.224305,1163.352431,5955.658351,1165.370366
all_ages,equal_adults_18plus,person,exclude_top1_income,asian_indian_native_selfid,federal_after_refundable,769,1992030.189640,6483.931452,647.111422,706.528936,642.569145
all_ages,equal_adults_18plus,person,exclude_top1_income,asian_indian_native_selfid,health_age_birth,769,1992030.189640,1295.357795,88.264654,-2865.337730,89.227192
all_ages,equal_adults_18plus,person,exclude_top1_income,asian_indian_native_selfid,health_age_birth_ins,769,1992030.189640,1029.008266,103.681167,-2818.176985,105.288795
all_ages,equal_adults_18plus,person,exclude_top1_income,asian_indian_native_selfid,k12_charged,769,1992030.189640,1287.126040,181.017553,-664.544580,184.571118
all_ages,equal_adults_18plus,person,exclude_top1_income,asian_indian_native_selfid,k12_charged_flat090,769,1992030.189640,1443.143931,202.959442,-745.096788,206.943750
all_ages,equal_adults_18plus,person,exclude_top1_income,asian_indian_native_selfid,k12_cost_at_full_attendance,769,1992030.189640,1603.493256,225.510491,-827.885320,229.937500
all_ages,equal_adults_18plus,person,exclude_top1_income,asian_indian_native_selfid,modeled_tax_total,769,1992030.189640,10868.089678,918.258039,763.802129,914.370827
all_ages,equal_adults_18plus,person,exclude_top1_income,asian_indian_native_selfid,payroll,769,1992030.189640,2643.888328,168.203995,-167.444008,168.285662
all_ages,equal_adults_18plus,person,exclude_top1_income,asian_indian_native_selfid,property_tax_owner,769,1992030.189640,1165.935450,128.024662,-208.606057,127.878282
all_ages,equal_adults_18plus,person,exclude_top1_income,asian_indian_native_selfid,property_tax_renter_proxy,769,1992030.189640,201.225448,31.551013,-62.963035,31.475698
all_ages,equal_adults_18plus,person,exclude_top1_income,asian_indian_native_selfid,sales_tax_itep,769,1992030.189640,1080.267250,67.868841,-544.741192,67.386329
all_ages,equal_adults_18plus,person,exclude_top1_income,asian_indian_native_selfid,sales_tax_share35,769,1992030.189640,737.104032,55.088410,-160.934772,54.850218
all_ages,equal_adults_18plus,person,exclude_top1_income,asian_indian_native_selfid,selected_cash_total,769,1992030.189640,526.150257,118.051750,-5181.610333,128.873936
all_ages,equal_adults_18plus,person,exclude_top1_income,asian_indian_native_selfid,selected_noncash_total,769,1992030.189640,46.762561,12.444594,-116.070774,12.430113
all_ages,equal_adults_18plus,person,exclude_top1_income,asian_indian_native_selfid,snap,769,1992030.189640,25.257249,10.896817,-70.651170,11.021827
all_ages,equal_adults_18plus,person,exclude_top1_income,asian_indian_native_selfid,social_security,769,1992030.189640,394.467278,100.514199,-4617.652002,111.665812
all_ages,equal_adults_18plus,person,exclude_top1_income,asian_indian_native_selfid,state_after_credits,769,1992030.189640,1740.269898,168.055519,224.717201,169.224763
all_ages,equal_adults_18plus,person,exclude_top1_income,asian_indian_native_selfid,state_local_total,769,1992030.189640,3643.309379,286.818246,-144.823628,287.364717
all_ages,equal_adults_18plus,person,exclude_top1_income,china_born,cash_noncash_tax_balance,900,2244579.897316,13567.659188,1447.701729,9333.965564,1436.623415
all_ages,equal_adults_18plus,person,exclude_top1_income,china_born,children_5_17,900,2244579.897316,0.196134,0.017169,0.054944,0.017400
all_ages,equal_adults_18plus,person,exclude_top1_income,china_born,employer_payroll,900,2244579.897316,3810.002088,208.678844,1240.009087,207.943474
all_ages,equal_adults_18plus,person,exclude_top1_income,china_born,extended_balance_after_health,900,2244579.897316,14061.146336,1788.237336,11097.245546,1774.250689
all_ages,equal_adults_18plus,person,exclude_top1_income,china_born,extended_balance_after_health_ins,900,2244579.897316,13762.786663,1886.202193,10485.375598,1872.760667
all_ages,equal_adults_18plus,person,exclude_top1_income,china_born,extended_balance_base,900,2244579.897316,17715.081005,1736.657486,10590.484689,1722.396037
all_ages,equal_adults_18plus,person,exclude_top1_income,china_born,extended_balance_flat090,900,2244579.897316,17311.621272,1736.571642,10423.595055,1722.280416
all_ages,equal_adults_18plus,person,exclude_top1_income,china_born,extended_balance_renter,900,2244579.897316,18348.512432,1728.525871,10959.727634,1714.581623
all_ages,equal_adults_18plus,person,exclude_top1_income,china_born,extended_balance_sales_itep,900,2244579.897316,18402.664155,1742.807038,10551.098201,1728.596303
all_ages,equal_adults_18plus,person,exclude_top1_income,china_born,federal_after_refundable,900,2244579.897316,9720.793244,905.669146,3943.390727,895.790789
all_ages,equal_adults_18plus,person,exclude_top1_income,china_born,health_age_birth,900,2244579.897316,3653.934669,165.361810,-506.760856,164.403188
all_ages,equal_adults_18plus,person,exclude_top1_income,china_born,health_age_birth_ins,900,2244579.897316,3952.294342,249.789893,105.109091,249.400736
all_ages,equal_adults_18plus,person,exclude_top1_income,china_born,k12_charged,900,2244579.897316,3328.487039,292.249799,1376.816418,294.873203
all_ages,equal_adults_18plus,person,exclude_top1_income,china_born,k12_charged_flat090,900,2244579.897316,3731.946771,327.674610,1543.706052,330.616008
all_ages,equal_adults_18plus,person,exclude_top1_income,china_born,k12_cost_at_full_attendance,900,2244579.897316,4146.607523,364.082900,1715.228947,367.351120
all_ages,equal_adults_18plus,person,exclude_top1_income,china_born,modeled_tax_total,900,2244579.897316,16775.396842,1361.015141,6671.109293,1349.794631
all_ages,equal_adults_18plus,person,exclude_top1_income,china_born,payroll,900,2244579.897316,4129.382654,219.396562,1318.050318,218.344773
all_ages,equal_adults_18plus,person,exclude_top1_income,china_born,property_tax_owner,900,2244579.897316,2364.845320,207.843683,990.303813,208.483600
all_ages,equal_adults_18plus,person,exclude_top1_income,china_born,property_tax_renter_proxy,900,2244579.897316,633.431427,45.570839,369.242944,45.918733
all_ages,equal_adults_18plus,person,exclude_top1_income,china_born,sales_tax_itep,900,2244579.897316,1988.644598,80.383754,363.636156,79.625821
all_ages,equal_adults_18plus,person,exclude_top1_income,china_born,sales_tax_share35,900,2244579.897316,1301.061448,69.985304,403.022644,69.025326
all_ages,equal_adults_18plus,person,exclude_top1_income,china_born,selected_cash_total,900,2244579.897316,2936.875229,362.105176,-2770.885361,363.928862
all_ages,equal_adults_18plus,person,exclude_top1_income,china_born,selected_noncash_total,900,2244579.897316,270.862424,34.409736,108.029090,34.832796
all_ages,equal_adults_18plus,person,exclude_top1_income,china_born,snap,900,2244579.897316,161.480963,31.326777,65.572544,31.579764
all_ages,equal_adults_18plus,person,exclude_top1_income,china_born,social_security,900,2244579.897316,2482.237509,329.884850,-2529.881771,330.179165
all_ages,equal_adults_18plus,person,exclude_top1_income,china_born,state_after_credits,900,2244579.897316,2925.220945,290.921273,1409.668248,290.344676
all_ages,equal_adults_18plus,person,exclude_top1_income,china_born,state_local_total,900,2244579.897316,6591.127712,466.201093,2802.994705,465.372210
all_ages,equal_adults_18plus,person,exclude_top1_income,china_born_broad,cash_noncash_tax_balance,1116,2788932.592237,13487.375930,1258.859298,9253.682305,1248.677659
all_ages,equal_adults_18plus,person,exclude_top1_income,china_born_broad,children_5_17,1116,2788932.592237,0.189668,0.015145,0.048478,0.015353
all_ages,equal_adults_18plus,person,exclude_top1_income,china_born_broad,employer_payroll,1116,2788932.592237,3903.034730,182.679971,1333.041729,182.447770
all_ages,equal_adults_18plus,person,exclude_top1_income,china_born_broad,extended_balance_after_health,1116,2788932.592237,14319.883993,1551.115238,11355.983203,1537.434679
all_ages,equal_adults_18plus,person,exclude_top1_income,china_born_broad,extended_balance_after_health_ins,1116,2788932.592237,14263.160570,1640.788040,10985.749505,1628.058118
all_ages,equal_adults_18plus,person,exclude_top1_income,china_born_broad,extended_balance_base,1116,2788932.592237,18161.123725,1500.702515,11036.527409,1486.794251
all_ages,equal_adults_18plus,person,exclude_top1_income,china_born_broad,extended_balance_flat090,1116,2788932.592237,17775.830112,1501.109877,10887.803895,1487.058459
all_ages,equal_adults_18plus,person,exclude_top1_income,china_born_broad,extended_balance_renter,1116,2788932.592237,18744.455463,1495.841518,11355.670665,1482.176968
all_ages,equal_adults_18plus,person,exclude_top1_income,china_born_broad,extended_balance_sales_itep,1116,2788932.592237,18843.260348,1506.523508,10991.694394,1492.722319
all_ages,equal_adults_18plus,person,exclude_top1_income,china_born_broad,federal_after_refundable,1116,2788932.592237,9973.829655,783.270558,4196.427138,774.308168
all_ages,equal_adults_18plus,person,exclude_top1_income,china_born_broad,health_age_birth,1116,2788932.592237,3841.239731,149.086571,-319.455794,148.121601
all_ages,equal_adults_18plus,person,exclude_top1_income,china_born_broad,health_age_birth_ins,1116,2788932.592237,3897.963155,227.765909,50.777904,227.657261
all_ages,equal_adults_18plus,person,exclude_top1_income,china_born_broad,k12_charged,1116,2788932.592237,3178.619055,256.049747,1226.948435,258.248395
all_ages,equal_adults_18plus,person,exclude_top1_income,china_born_broad,k12_charged_flat090,1116,2788932.592237,3563.912668,287.086600,1375.671949,289.551755
all_ages,equal_adults_18plus,person,exclude_top1_income,china_born_broad,k12_cost_at_full_attendance,1116,2788932.592237,3959.902964,318.985111,1528.524388,321.724173
all_ages,equal_adults_18plus,person,exclude_top1_income,china_born_broad,modeled_tax_total,1116,2788932.592237,17062.446907,1171.835314,6958.159358,1161.649139
all_ages,equal_adults_18plus,person,exclude_top1_income,china_born_broad,payroll,1116,2788932.592237,4203.919825,191.078044,1392.587489,190.371524
all_ages,equal_adults_18plus,person,exclude_top1_income,china_born_broad,property_tax_owner,1116,2788932.592237,2608.262524,183.981455,1233.721017,184.186953
all_ages,equal_adults_18plus,person,exclude_top1_income,china_born_broad,property_tax_renter_proxy,1116,2788932.592237,583.331739,39.563148,319.143256,39.930161
all_ages,equal_adults_18plus,person,exclude_top1_income,china_born_broad,sales_tax_itep,1116,2788932.592237,2023.206220,69.953592,398.197778,69.382974
all_ages,equal_adults_18plus,person,exclude_top1_income,china_born_broad,sales_tax_share35,1116,2788932.592237,1341.069596,60.970709,443.030792,60.215911
all_ages,equal_adults_18plus,person,exclude_top1_income,china_born_broad,selected_cash_total,1116,2788932.592237,3315.577569,334.493959,-2392.183021,335.570364
all_ages,equal_adults_18plus,person,exclude_top1_income,china_born_broad,selected_noncash_total,1116,2788932.592237,259.493409,34.362448,96.660074,34.847421
all_ages,equal_adults_18plus,person,exclude_top1_income,china_born_broad,snap,1116,2788932.592237,159.743813,31.555715,63.835394,31.852096
all_ages,equal_adults_18plus,person,exclude_top1_income,china_born_broad,social_security,1116,2788932.592237,2856.100086,318.523080,-2156.019194,317.466619
all_ages,equal_adults_18plus,person,exclude_top1_income,china_born_broad,state_after_credits,1116,2788932.592237,2884.697427,248.775811,1369.144731,248.216985
all_ages,equal_adults_18plus,person,exclude_top1_income,china_born_broad,state_local_total,1116,2788932.592237,6834.029548,391.224676,3045.896540,390.117679
all_ages,equal_adults_18plus,person,exclude_top1_income,india_born,cash_noncash_tax_balance,1586,4226452.643014,18729.489498,945.592802,14495.795874,953.964643
all_ages,equal_adults_18plus,person,exclude_top1_income,india_born,children_5_17,1586,4226452.643014,0.214681,0.011833,0.073491,0.012059
all_ages,equal_adults_18plus,person,exclude_top1_income,india_born,employer_payroll,1586,4226452.643014,5119.229185,166.070227,2549.236185,166.867793
all_ages,equal_adults_18plus,person,exclude_top1_income,india_born,extended_balance_after_health,1586,4226452.643014,21665.900349,1195.882666,18701.999559,1205.405021
all_ages,equal_adults_18plus,person,exclude_top1_income,india_born,extended_balance_after_health_ins,1586,4226452.643014,22366.889515,1216.113067,19089.478450,1226.649280
all_ages,equal_adults_18plus,person,exclude_top1_income,india_born,extended_balance_base,1586,4226452.643014,23976.361119,1176.249517,16851.764804,1186.036616
all_ages,equal_adults_18plus,person,exclude_top1_income,india_born,extended_balance_flat090,1586,4226452.643014,23576.993160,1179.220855,16688.966943,1189.241643
all_ages,equal_adults_18plus,person,exclude_top1_income,india_born,extended_balance_renter,1586,4226452.643014,24427.742309,1178.140531,17038.957511,1187.362829
all_ages,equal_adults_18plus,person,exclude_top1_income,india_born,extended_balance_sales_itep,1586,4226452.643014,24658.502657,1179.153288,16806.936703,1188.636402
all_ages,equal_adults_18plus,person,exclude_top1_income,india_born,federal_after_refundable,1586,4226452.643014,12069.217911,584.642381,6291.815394,590.357918
all_ages,equal_adults_18plus,person,exclude_top1_income,india_born,health_age_birth,1586,4226452.643014,2310.460770,105.175050,-1850.234755,108.024560
all_ages,equal_adults_18plus,person,exclude_top1_income,india_born,health_age_birth_ins,1586,4226452.643014,1609.471605,118.304742,-2237.713646,121.511274
all_ages,equal_adults_18plus,person,exclude_top1_income,india_born,k12_charged,1586,4226452.643014,3294.730477,187.311692,1343.059857,192.399343
all_ages,equal_adults_18plus,person,exclude_top1_income,india_born,k12_charged_flat090,1586,4226452.643014,3694.098436,210.016520,1505.857718,215.720866
all_ages,equal_adults_18plus,person,exclude_top1_income,india_born,k12_cost_at_full_attendance,1586,4226452.643014,4104.553818,233.351689,1673.175242,239.689851
all_ages,equal_adults_18plus,person,exclude_top1_income,india_born,modeled_tax_total,1586,4226452.643014,20332.789346,895.227903,10228.501797,902.249634
all_ages,equal_adults_18plus,person,exclude_top1_income,india_born,payroll,1586,4226452.643014,5290.778237,170.233438,2479.445900,170.935615
all_ages,equal_adults_18plus,person,exclude_top1_income,india_born,property_tax_owner,1586,4226452.643014,1951.856084,110.268365,577.314577,109.550478
all_ages,equal_adults_18plus,person,exclude_top1_income,india_born,property_tax_renter_proxy,1586,4226452.643014,451.381190,27.452325,187.192708,27.725620
all_ages,equal_adults_18plus,person,exclude_top1_income,india_born,sales_tax_itep,1586,4226452.643014,2152.658367,52.133677,527.649925,52.377112
all_ages,equal_adults_18plus,person,exclude_top1_income,india_born,sales_tax_share35,1586,4226452.643014,1470.516829,48.702933,572.478025,49.084628
all_ages,equal_adults_18plus,person,exclude_top1_income,india_born,selected_cash_total,1586,4226452.643014,1523.915884,224.843753,-4183.844706,230.480160
all_ages,equal_adults_18plus,person,exclude_top1_income,india_born,selected_noncash_total,1586,4226452.643014,79.383964,12.482832,-83.449371,12.849340
all_ages,equal_adults_18plus,person,exclude_top1_income,india_born,snap,1586,4226452.643014,26.565401,10.079769,-69.343018,10.564313
all_ages,equal_adults_18plus,person,exclude_top1_income,india_born,social_security,1586,4226452.643014,1356.248479,214.028340,-3655.870801,219.420502
all_ages,equal_adults_18plus,person,exclude_top1_income,india_born,state_after_credits,1586,4226452.643014,2972.793199,187.167539,1457.240502,188.509229
all_ages,equal_adults_18plus,person,exclude_top1_income,india_born,state_local_total,1586,4226452.643014,6395.166111,272.982245,2607.033104,274.261407
all_ages,equal_adults_18plus,person,exclude_top1_income,india_born_recent_noncit,cash_noncash_tax_balance,496,1371458.702197,12854.878477,1063.275974,8621.184853,1063.759256
all_ages,equal_adults_18plus,person,exclude_top1_income,india_born_recent_noncit,children_5_17,496,1371458.702197,0.140611,0.018847,-0.000579,0.019020
all_ages,equal_adults_18plus,person,exclude_top1_income,india_born_recent_noncit,employer_payroll,496,1371458.702197,3892.427007,217.889234,1322.434007,218.506177
all_ages,equal_adults_18plus,person,exclude_top1_income,india_born_recent_noncit,extended_balance_after_health,496,1371458.702197,15080.461895,1413.932108,12116.561104,1420.911010
all_ages,equal_adults_18plus,person,exclude_top1_income,india_born_recent_noncit,extended_balance_after_health_ins,496,1371458.702197,15554.255633,1429.993106,12276.844569,1436.458224
all_ages,equal_adults_18plus,person,exclude_top1_income,india_born_recent_noncit,extended_balance_base,496,1371458.702197,16129.267805,1422.773076,9004.671489,1429.562631
all_ages,equal_adults_18plus,person,exclude_top1_income,india_born_recent_noncit,extended_balance_flat090,496,1371458.702197,15859.902903,1436.866905,8971.876686,1444.407623
all_ages,equal_adults_18plus,person,exclude_top1_income,india_born_recent_noncit,extended_balance_renter,496,1371458.702197,16964.533068,1439.203134,9575.748270,1445.292292
all_ages,equal_adults_18plus,person,exclude_top1_income,india_born_recent_noncit,extended_balance_sales_itep,496,1371458.702197,16829.664835,1425.432034,8978.098881,1432.146328
all_ages,equal_adults_18plus,person,exclude_top1_income,india_born_recent_noncit,federal_after_refundable,496,1371458.702197,7372.072658,676.470277,1594.670142,678.249533
all_ages,equal_adults_18plus,person,exclude_top1_income,india_born_recent_noncit,health_age_birth,496,1371458.702197,1048.805910,61.465949,-3111.889615,64.249257
all_ages,equal_adults_18plus,person,exclude_top1_income,india_born_recent_noncit,health_age_birth_ins,496,1371458.702197,575.012172,81.856952,-3272.173079,87.813585
all_ages,equal_adults_18plus,person,exclude_top1_income,india_born_recent_noncit,k12_charged,496,1371458.702197,2222.223214,342.532509,270.552593,346.518624
all_ages,equal_adults_18plus,person,exclude_top1_income,india_born_recent_noncit,k12_charged_flat090,496,1371458.702197,2491.588115,384.052297,303.347397,388.521585
all_ages,equal_adults_18plus,person,exclude_top1_income,india_born_recent_noncit,k12_cost_at_full_attendance,496,1371458.702197,2768.431239,426.724774,337.052663,431.690651
all_ages,equal_adults_18plus,person,exclude_top1_income,india_born_recent_noncit,modeled_tax_total,496,1371458.702197,13104.299192,1043.550393,3000.011643,1046.751392
all_ages,equal_adults_18plus,person,exclude_top1_income,india_born_recent_noncit,payroll,496,1371458.702197,3930.765550,221.638662,1119.433214,222.340581
all_ages,equal_adults_18plus,person,exclude_top1_income,india_born_recent_noncit,property_tax_owner,496,1371458.702197,521.462435,75.467018,-853.079072,75.510567
all_ages,equal_adults_18plus,person,exclude_top1_income,india_born_recent_noncit,property_tax_renter_proxy,496,1371458.702197,835.265263,49.125841,571.076781,48.878515
all_ages,equal_adults_18plus,person,exclude_top1_income,india_born_recent_noncit,sales_tax_itep,496,1371458.702197,1783.120129,71.500644,158.111687,71.488145
all_ages,equal_adults_18plus,person,exclude_top1_income,india_born_recent_noncit,sales_tax_share35,496,1371458.702197,1082.723099,65.259462,184.684296,65.403484
all_ages,equal_adults_18plus,person,exclude_top1_income,india_born_recent_noncit,selected_cash_total,496,1371458.702197,196.795393,93.167708,-5510.965197,105.777506
all_ages,equal_adults_18plus,person,exclude_top1_income,india_born_recent_noncit,selected_noncash_total,496,1371458.702197,52.625322,11.938824,-110.208013,12.381166
all_ages,equal_adults_18plus,person,exclude_top1_income,india_born_recent_noncit,snap,496,1371458.702197,7.811452,4.988811,-88.096967,5.535642
all_ages,equal_adults_18plus,person,exclude_top1_income,india_born_recent_noncit,social_security,496,1371458.702197,54.161529,39.005655,-4957.957750,58.546514
all_ages,equal_adults_18plus,person,exclude_top1_income,india_born_recent_noncit,state_after_credits,496,1371458.702197,1801.460984,198.904783,285.908288,200.462688
all_ages,equal_adults_18plus,person,exclude_top1_income,india_born_recent_noncit,state_local_total,496,1371458.702197,3405.646519,267.310143,-382.486489,269.686227
all_ages,equal_adults_18plus,person,exclude_top1_income,india_born_settled,cash_noncash_tax_balance,1090,2854993.940818,21551.487223,1199.380682,17317.793599,1208.810974
all_ages,equal_adults_18plus,person,exclude_top1_income,india_born_settled,children_5_17,1090,2854993.940818,0.250262,0.014773,0.109072,0.014889
all_ages,equal_adults_18plus,person,exclude_top1_income,india_born_settled,employer_payroll,1090,2854993.940818,5708.550409,195.359019,3138.557409,196.186858
all_ages,equal_adults_18plus,person,exclude_top1_income,india_born_settled,extended_balance_after_health,1090,2854993.940818,24829.359559,1480.830002,21865.458769,1489.495647
all_ages,equal_adults_18plus,person,exclude_top1_income,india_born_settled,extended_balance_after_health_ins,1090,2854993.940818,25639.487010,1512.693764,22362.075946,1522.831857
all_ages,equal_adults_18plus,person,exclude_top1_income,india_born_settled,extended_balance_base,1090,2854993.940818,27745.883800,1426.376759,20621.287484,1435.578255
all_ages,equal_adults_18plus,person,exclude_top1_income,india_born_settled,extended_balance_flat090,1090,2854993.940818,27284.066032,1425.854515,20396.039815,1435.004246
all_ages,equal_adults_18plus,person,exclude_top1_income,india_born_settled,extended_balance_renter,1090,2854993.940818,28012.857890,1428.608597,20624.073092,1437.471283
all_ages,equal_adults_18plus,person,exclude_top1_income,india_born_settled,extended_balance_sales_itep,1090,2854993.940818,28419.255913,1430.587555,20567.689959,1439.488490
all_ages,equal_adults_18plus,person,exclude_top1_income,india_born_settled,federal_after_refundable,1090,2854993.940818,14325.594234,723.300140,8548.191718,730.216948
all_ages,equal_adults_18plus,person,exclude_top1_income,india_born_settled,health_age_birth,1090,2854993.940818,2916.524241,135.857842,-1244.171285,138.498056
all_ages,equal_adults_18plus,person,exclude_top1_income,india_born_settled,health_age_birth_ins,1090,2854993.940818,2106.396789,162.253685,-1740.788461,164.106000
all_ages,equal_adults_18plus,person,exclude_top1_income,india_born_settled,k12_charged,1090,2854993.940818,3809.932768,232.681894,1858.262148,235.842978
all_ages,equal_adults_18plus,person,exclude_top1_income,india_born_settled,k12_charged_flat090,1090,2854993.940818,4271.750536,260.886232,2083.509817,264.430484
all_ages,equal_adults_18plus,person,exclude_top1_income,india_born_settled,k12_cost_at_full_attendance,1090,2854993.940818,4746.389485,289.873591,2315.010908,293.811649
all_ages,equal_adults_18plus,person,exclude_top1_income,india_born_settled,modeled_tax_total,1090,2854993.940818,23805.152486,1101.164639,13700.864937,1109.359401
all_ages,equal_adults_18plus,person,exclude_top1_income,india_born_settled,payroll,1090,2854993.940818,5944.090038,201.050790,3132.757702,201.545350
all_ages,equal_adults_18plus,person,exclude_top1_income,india_born_settled,property_tax_owner,1090,2854993.940818,2638.976918,137.239436,1264.435411,136.755374
all_ages,equal_adults_18plus,person,exclude_top1_income,india_born_settled,property_tax_renter_proxy,1090,2854993.940818,266.974090,27.440297,2.785608,27.892853
all_ages,equal_adults_18plus,person,exclude_top1_income,india_born_settled,sales_tax_itep,1090,2854993.940818,2330.174131,61.797008,705.165689,62.177695
all_ages,equal_adults_18plus,person,exclude_top1_income,india_born_settled,sales_tax_share35,1090,2854993.940818,1656.802017,56.479475,758.763214,56.927980
all_ages,equal_adults_18plus,person,exclude_top1_income,india_born_settled,selected_cash_total,1090,2854993.940818,2161.427201,322.252824,-3546.333389,327.075844
all_ages,equal_adults_18plus,person,exclude_top1_income,india_born_settled,selected_noncash_total,1090,2854993.940818,92.238062,17.584227,-70.595273,17.842212
all_ages,equal_adults_18plus,person,exclude_top1_income,india_born_settled,snap,1090,2854993.940818,35.574270,14.864725,-60.334149,15.281140
all_ages,equal_adults_18plus,person,exclude_top1_income,india_born_settled,social_security,1090,2854993.940818,1981.734387,309.465593,-3030.384893,314.614926
all_ages,equal_adults_18plus,person,exclude_top1_income,india_born_settled,state_after_credits,1090,2854993.940818,3535.468214,238.107361,2019.915517,239.283645
all_ages,equal_adults_18plus,person,exclude_top1_income,india_born_settled,state_local_total,1090,2854993.940818,7831.247149,338.915221,4043.114142,340.377556
all_ages,equal_adults_18plus,person,exclude_top1_income,india_second_gen,cash_noncash_tax_balance,688,1758593.257934,9990.505477,1053.825580,5756.811852,1048.972744
all_ages,equal_adults_18plus,person,exclude_top1_income,india_second_gen,children_5_17,688,1758593.257934,0.065201,0.011085,-0.075989,0.011285
all_ages,equal_adults_18plus,person,exclude_top1_income,india_second_gen,employer_payroll,688,1758593.257934,2388.835218,178.584999,-181.157783,178.192235
all_ages,equal_adults_18plus,person,exclude_top1_income,india_second_gen,extended_balance_after_health,688,1758593.257934,12023.929472,1265.285273,9060.028682,1261.808282
all_ages,equal_adults_18plus,person,exclude_top1_income,india_second_gen,extended_balance_after_health_ins,688,1758593.257934,12406.796370,1292.206633,9129.385305,1287.132636
all_ages,equal_adults_18plus,person,exclude_top1_income,india_second_gen,extended_balance_base,688,1758593.257934,13216.263990,1266.053754,6091.667674,1262.268251
all_ages,equal_adults_18plus,person,exclude_top1_income,india_second_gen,extended_balance_flat090,688,1758593.257934,13092.573339,1259.870254,6204.547122,1256.389046
all_ages,equal_adults_18plus,person,exclude_top1_income,india_second_gen,extended_balance_renter,688,1758593.257934,13410.882653,1278.900656,6022.097855,1274.562776
all_ages,equal_adults_18plus,person,exclude_top1_income,india_second_gen,extended_balance_sales_itep,688,1758593.257934,13560.912213,1278.120388,5709.346259,1273.902296
all_ages,equal_adults_18plus,person,exclude_top1_income,india_second_gen,federal_after_refundable,688,1758593.257934,6338.827681,703.562791,561.425164,697.605589
all_ages,equal_adults_18plus,person,exclude_top1_income,india_second_gen,health_age_birth,688,1758593.257934,1192.334518,100.597543,-2968.361008,101.409628
all_ages,equal_adults_18plus,person,exclude_top1_income,india_second_gen,health_age_birth_ins,688,1758593.257934,809.467620,103.750624,-3037.717631,105.063653
all_ages,equal_adults_18plus,person,exclude_top1_income,india_second_gen,k12_charged,688,1758593.257934,1020.430779,179.419151,-931.239841,184.333817
all_ages,equal_adults_18plus,person,exclude_top1_income,india_second_gen,k12_charged_flat090,688,1758593.257934,1144.121430,201.167291,-1044.119288,206.677684
all_ages,equal_adults_18plus,person,exclude_top1_income,india_second_gen,k12_cost_at_full_attendance,688,1758593.257934,1271.246034,223.519212,-1160.132543,229.641871
all_ages,equal_adults_18plus,person,exclude_top1_income,india_second_gen,modeled_tax_total,688,1758593.257934,10543.680453,1013.004407,439.392903,1006.086477
all_ages,equal_adults_18plus,person,exclude_top1_income,india_second_gen,payroll,688,1758593.257934,2483.980456,185.079123,-327.351881,183.852845
all_ages,equal_adults_18plus,person,exclude_top1_income,india_second_gen,property_tax_owner,688,1758593.257934,1165.158728,132.704389,-209.382779,132.353608
all_ages,equal_adults_18plus,person,exclude_top1_income,india_second_gen,property_tax_renter_proxy,688,1758593.257934,194.618663,31.190050,-69.569820,31.142751
all_ages,equal_adults_18plus,person,exclude_top1_income,india_second_gen,sales_tax_itep,688,1758593.257934,1036.843570,73.617699,-588.164872,72.947149
all_ages,equal_adults_18plus,person,exclude_top1_income,india_second_gen,sales_tax_share35,688,1758593.257934,692.195347,58.501202,-205.843457,58.046187
all_ages,equal_adults_18plus,person,exclude_top1_income,india_second_gen,selected_cash_total,688,1758593.257934,533.666754,137.693684,-5174.093836,145.212788
all_ages,equal_adults_18plus,person,exclude_top1_income,india_second_gen,selected_noncash_total,688,1758593.257934,19.508222,4.818800,-143.325112,6.067994
all_ages,equal_adults_18plus,person,exclude_top1_income,india_second_gen,snap,688,1758593.257934,5.214169,3.628035,-90.694250,4.671029
all_ages,equal_adults_18plus,person,exclude_top1_income,india_second_gen,social_security,688,1758593.257934,383.691733,120.951049,-4628.427546,130.275330
all_ages,equal_adults_18plus,person,exclude_top1_income,india_second_gen,state_after_credits,688,1758593.257934,1720.872317,193.831079,205.319620,193.688512
all_ages,equal_adults_18plus,person,exclude_top1_income,india_second_gen,state_local_total,688,1758593.257934,3578.226392,322.640053,-209.906616,321.631292
all_ages,equal_adults_18plus,person,exclude_top1_income,mexican_second_gen,cash_noncash_tax_balance,6331,14297405.697118,2638.528864,152.497299,-1595.164760,201.064474
all_ages,equal_adults_18plus,person,exclude_top1_income,mexican_second_gen,children_5_17,6331,14297405.697118,0.169683,0.006411,0.028494,0.006579
all_ages,equal_adults_18plus,person,exclude_top1_income,mexican_second_gen,employer_payroll,6331,14297405.697118,1672.565004,38.597300,-897.427996,43.203201
all_ages,equal_adults_18plus,person,exclude_top1_income,mexican_second_gen,extended_balance_after_health,6331,14297405.697118,1139.117320,216.502757,-1824.783470,270.577907
all_ages,equal_adults_18plus,person,exclude_top1_income,mexican_second_gen,extended_balance_after_health_ins,6331,14297405.697118,910.371207,232.249405,-2367.039858,283.297757
all_ages,equal_adults_18plus,person,exclude_top1_income,mexican_second_gen,extended_balance_base,6331,14297405.697118,3009.546711,212.018241,-4115.049604,266.005529
all_ages,equal_adults_18plus,person,exclude_top1_income,mexican_second_gen,extended_balance_flat090,6331,14297405.697118,2721.573351,215.779145,-4166.452866,269.220834
all_ages,equal_adults_18plus,person,exclude_top1_income,mexican_second_gen,extended_balance_renter,6331,14297405.697118,3352.795092,213.359108,-4035.989706,267.254078
all_ages,equal_adults_18plus,person,exclude_top1_income,mexican_second_gen,extended_balance_sales_itep,6331,14297405.697118,3384.427778,214.308895,-4467.138175,268.348100
all_ages,equal_adults_18plus,person,exclude_top1_income,mexican_second_gen,federal_after_refundable,6331,14297405.697118,1912.603166,88.276164,-3864.799351,112.437136
all_ages,equal_adults_18plus,person,exclude_top1_income,mexican_second_gen,health_age_birth,6331,14297405.697118,1870.429392,39.152797,-2290.266134,40.341039
all_ages,equal_adults_18plus,person,exclude_top1_income,mexican_second_gen,health_age_birth_ins,6331,14297405.697118,2099.175504,58.494470,-1748.009746,61.101307
all_ages,equal_adults_18plus,person,exclude_top1_income,mexican_second_gen,k12_charged,6331,14297405.697118,2375.740424,93.935970,424.069804,97.442439
all_ages,equal_adults_18plus,person,exclude_top1_income,mexican_second_gen,k12_charged_flat090,6331,14297405.697118,2663.713784,105.322339,475.473066,109.253841
all_ages,equal_adults_18plus,person,exclude_top1_income,mexican_second_gen,k12_cost_at_full_attendance,6331,14297405.697118,2959.681983,117.024821,528.303406,121.393157
all_ages,equal_adults_18plus,person,exclude_top1_income,mexican_second_gen,modeled_tax_total,6331,14297405.697118,4271.541283,144.974071,-5832.746266,179.371141
all_ages,equal_adults_18plus,person,exclude_top1_income,mexican_second_gen,payroll,6331,14297405.697118,1811.940736,42.593517,-999.391600,47.485617
all_ages,equal_adults_18plus,person,exclude_top1_income,mexican_second_gen,property_tax_owner,6331,14297405.697118,536.074683,18.785992,-838.466824,23.710621
all_ages,equal_adults_18plus,person,exclude_top1_income,mexican_second_gen,property_tax_renter_proxy,6331,14297405.697118,343.248380,12.367662,79.059898,12.096117
all_ages,equal_adults_18plus,person,exclude_top1_income,mexican_second_gen,sales_tax_itep,6331,14297405.697118,912.999651,17.294249,-712.008791,18.251409
all_ages,equal_adults_18plus,person,exclude_top1_income,mexican_second_gen,sales_tax_share35,6331,14297405.697118,538.118584,11.822548,-359.920219,12.966022
all_ages,equal_adults_18plus,person,exclude_top1_income,mexican_second_gen,selected_cash_total,6331,14297405.697118,1350.639315,76.639867,-4357.121275,91.911780
all_ages,equal_adults_18plus,person,exclude_top1_income,mexican_second_gen,selected_noncash_total,6331,14297405.697118,282.373104,14.877028,119.539770,15.820332
all_ages,equal_adults_18plus,person,exclude_top1_income,mexican_second_gen,snap,6331,14297405.697118,155.850099,12.057097,59.941680,13.028749
all_ages,equal_adults_18plus,person,exclude_top1_income,mexican_second_gen,social_security,6331,14297405.697118,938.425117,61.400326,-4073.694162,76.531154
all_ages,equal_adults_18plus,person,exclude_top1_income,mexican_second_gen,state_after_credits,6331,14297405.697118,546.997382,24.816132,-968.555315,31.884296
all_ages,equal_adults_18plus,person,exclude_top1_income,mexican_second_gen,state_local_total,6331,14297405.697118,1621.190649,46.903674,-2166.942358,58.657318
all_ages,equal_adults_18plus,person,exclude_top1_income,mexico_born,cash_noncash_tax_balance,5618,12200360.672325,2397.971044,189.592826,-1835.722580,223.587823
all_ages,equal_adults_18plus,person,exclude_top1_income,mexico_born,children_5_17,5618,12200360.672325,0.282364,0.008355,0.141174,0.008578
all_ages,equal_adults_18plus,person,exclude_top1_income,mexico_born,employer_payroll,5618,12200360.672325,2065.118935,38.267365,-504.874065,41.173574
all_ages,equal_adults_18plus,person,exclude_top1_income,mexico_born,extended_balance_after_health,5618,12200360.672325,-1058.182077,280.830493,-4022.082867,318.692304
all_ages,equal_adults_18plus,person,exclude_top1_income,mexico_born,extended_balance_after_health_ins,5618,12200360.672325,-1485.290740,313.830442,-4762.701805,347.045887
all_ages,equal_adults_18plus,person,exclude_top1_income,mexico_born,extended_balance_base,5618,12200360.672325,1883.668701,267.765138,-5240.927614,305.651771
all_ages,equal_adults_18plus,person,exclude_top1_income,mexico_born,extended_balance_flat090,5618,12200360.672325,1410.004013,275.115494,-5478.022204,312.421560
all_ages,equal_adults_18plus,person,exclude_top1_income,mexico_born,extended_balance_renter,5618,12200360.672325,2457.744420,266.138758,-4931.040378,303.825522
all_ages,equal_adults_18plus,person,exclude_top1_income,mexico_born,extended_balance_sales_itep,5618,12200360.672325,2468.587064,268.635127,-5382.978890,306.341216
all_ages,equal_adults_18plus,person,exclude_top1_income,mexico_born,federal_after_refundable,5618,12200360.672325,1747.138838,105.330925,-4030.263678,130.719400
all_ages,equal_adults_18plus,person,exclude_top1_income,mexico_born,health_age_birth,5618,12200360.672325,2941.850778,47.267884,-1218.844747,48.354353
all_ages,equal_adults_18plus,person,exclude_top1_income,mexico_born,health_age_birth_ins,5618,12200360.672325,3368.959442,88.107150,-478.225809,88.239052
all_ages,equal_adults_18plus,person,exclude_top1_income,mexico_born,k12_charged,5618,12200360.672325,3907.668223,120.424778,1955.997603,125.690108
all_ages,equal_adults_18plus,person,exclude_top1_income,mexico_born,k12_charged_flat090,5618,12200360.672325,4381.332911,135.021965,2193.092193,140.925528
all_ages,equal_adults_18plus,person,exclude_top1_income,mexico_born,k12_cost_at_full_attendance,5618,12200360.672325,4868.147679,150.024406,2436.769103,156.583920
all_ages,equal_adults_18plus,person,exclude_top1_income,mexico_born,modeled_tax_total,5618,12200360.672325,4664.410399,162.927222,-5439.877150,199.326015
all_ages,equal_adults_18plus,person,exclude_top1_income,mexico_born,payroll,5618,12200360.672325,2336.806341,41.004012,-474.525995,44.791419
all_ages,equal_adults_18plus,person,exclude_top1_income,mexico_born,property_tax_owner,5618,12200360.672325,650.917377,26.348303,-723.624130,29.021064
all_ages,equal_adults_18plus,person,exclude_top1_income,mexico_born,property_tax_renter_proxy,5618,12200360.672325,574.075719,14.527199,309.887237,14.668185
all_ages,equal_adults_18plus,person,exclude_top1_income,mexico_born,sales_tax_itep,5618,12200360.672325,1262.247930,14.615984,-362.760512,15.918588
all_ages,equal_adults_18plus,person,exclude_top1_income,mexico_born,sales_tax_share35,5618,12200360.672325,677.329568,10.819623,-220.709236,12.135303
all_ages,equal_adults_18plus,person,exclude_top1_income,mexico_born,selected_cash_total,5618,12200360.672325,1860.023673,89.485211,-3847.736918,97.054704
all_ages,equal_adults_18plus,person,exclude_top1_income,mexico_born,selected_noncash_total,5618,12200360.672325,406.415683,17.320998,243.582348,17.761991
all_ages,equal_adults_18plus,person,exclude_top1_income,mexico_born,snap,5618,12200360.672325,193.530616,13.752045,97.622197,14.264310
all_ages,equal_adults_18plus,person,exclude_top1_income,mexico_born,social_security,5618,12200360.672325,1545.519521,78.905367,-3466.599758,87.959128
all_ages,equal_adults_18plus,person,exclude_top1_income,mexico_born,state_after_credits,5618,12200360.672325,580.465220,29.761152,-935.087476,36.912854
all_ages,equal_adults_18plus,person,exclude_top1_income,mexico_born,state_local_total,5618,12200360.672325,1908.712165,50.581146,-1879.420842,63.343764
all_ages,equal_adults_18plus,person,exclude_top1_income,third_plus_nh_white,cash_noncash_tax_balance,73085,171221150.440515,4233.693625,116.083789,0.000000,0.000000
all_ages,equal_adults_18plus,person,exclude_top1_income,third_plus_nh_white,children_5_17,73085,171221150.440515,0.141190,0.001801,0.000000,0.000000
all_ages,equal_adults_18plus,person,exclude_top1_income,third_plus_nh_white,employer_payroll,73085,171221150.440515,2569.993001,17.641675,0.000000,0.000000
all_ages,equal_adults_18plus,person,exclude_top1_income,third_plus_nh_white,extended_balance_after_health,73085,171221150.440515,2963.900790,147.984796,0.000000,0.000000
all_ages,equal_adults_18plus,person,exclude_top1_income,third_plus_nh_white,extended_balance_after_health_ins,73085,171221150.440515,3277.411065,154.204672,0.000000,0.000000
all_ages,equal_adults_18plus,person,exclude_top1_income,third_plus_nh_white,extended_balance_base,73085,171221150.440515,7124.596316,145.234479,0.000000,0.000000
all_ages,equal_adults_18plus,person,exclude_top1_income,third_plus_nh_white,extended_balance_flat090,73085,171221150.440515,6888.026217,145.983623,0.000000,0.000000
all_ages,equal_adults_18plus,person,exclude_top1_income,third_plus_nh_white,extended_balance_renter,73085,171221150.440515,7388.784798,144.909231,0.000000,0.000000
all_ages,equal_adults_18plus,person,exclude_top1_income,third_plus_nh_white,extended_balance_sales_itep,73085,171221150.440515,7851.565954,145.498069,0.000000,0.000000
all_ages,equal_adults_18plus,person,exclude_top1_income,third_plus_nh_white,federal_after_refundable,73085,171221150.440515,5777.402516,70.347206,0.000000,0.000000
all_ages,equal_adults_18plus,person,exclude_top1_income,third_plus_nh_white,health_age_birth,73085,171221150.440515,4160.695525,9.980884,0.000000,0.000000
all_ages,equal_adults_18plus,person,exclude_top1_income,third_plus_nh_white,health_age_birth_ins,73085,171221150.440515,3847.185251,18.597358,0.000000,0.000000
all_ages,equal_adults_18plus,person,exclude_top1_income,third_plus_nh_white,k12_charged,73085,171221150.440515,1951.670620,29.408161,0.000000,0.000000
all_ages,equal_adults_18plus,person,exclude_top1_income,third_plus_nh_white,k12_charged_flat090,73085,171221150.440515,2188.240719,32.972846,0.000000,0.000000
all_ages,equal_adults_18plus,person,exclude_top1_income,third_plus_nh_white,k12_cost_at_full_attendance,73085,171221150.440515,2431.378576,36.636495,0.000000,0.000000
all_ages,equal_adults_18plus,person,exclude_top1_income,third_plus_nh_white,modeled_tax_total,73085,171221150.440515,10104.287549,101.943283,0.000000,0.000000
all_ages,equal_adults_18plus,person,exclude_top1_income,third_plus_nh_white,payroll,73085,171221150.440515,2811.332336,18.541934,0.000000,0.000000
all_ages,equal_adults_18plus,person,exclude_top1_income,third_plus_nh_white,property_tax_owner,73085,171221150.440515,1374.541507,13.796778,0.000000,0.000000
all_ages,equal_adults_18plus,person,exclude_top1_income,third_plus_nh_white,property_tax_renter_proxy,73085,171221150.440515,264.188483,4.089531,0.000000,0.000000
all_ages,equal_adults_18plus,person,exclude_top1_income,third_plus_nh_white,sales_tax_itep,73085,171221150.440515,1625.008442,6.354506,0.000000,0.000000
all_ages,equal_adults_18plus,person,exclude_top1_income,third_plus_nh_white,sales_tax_share35,73085,171221150.440515,898.038804,5.250977,0.000000,0.000000
all_ages,equal_adults_18plus,person,exclude_top1_income,third_plus_nh_white,selected_cash_total,73085,171221150.440515,5707.760590,45.036533,0.000000,0.000000
all_ages,equal_adults_18plus,person,exclude_top1_income,third_plus_nh_white,selected_noncash_total,73085,171221150.440515,162.833334,3.718813,0.000000,0.000000
all_ages,equal_adults_18plus,person,exclude_top1_income,third_plus_nh_white,snap,73085,171221150.440515,95.908419,3.289854,0.000000,0.000000
all_ages,equal_adults_18plus,person,exclude_top1_income,third_plus_nh_white,social_security,73085,171221150.440515,5012.119280,42.418663,0.000000,0.000000
all_ages,equal_adults_18plus,person,exclude_top1_income,third_plus_nh_white,state_after_credits,73085,171221150.440515,1515.552697,18.717339,0.000000,0.000000
all_ages,equal_adults_18plus,person,exclude_top1_income,third_plus_nh_white,state_local_total,73085,171221150.440515,3788.133007,32.233840,0.000000,0.000000
all_ages,equal_adults_18plus,person,raw,all_foreign_born,cash_noncash_tax_balance,21711,53055623.121391,7755.593851,244.964428,2083.477824,288.314278
all_ages,equal_adults_18plus,person,raw,all_foreign_born,children_5_17,21711,53055623.121391,0.232341,0.003666,0.090484,0.004167
all_ages,equal_adults_18plus,person,raw,all_foreign_born,employer_payroll,21711,53055623.121391,2942.356457,31.262830,302.970953,35.274776
all_ages,equal_adults_18plus,person,raw,all_foreign_born,extended_balance_after_health,21711,53055623.121391,6247.193948,295.932906,1704.276522,348.734705
all_ages,equal_adults_18plus,person,raw,all_foreign_born,extended_balance_after_health_ins,21711,53055623.121391,6195.748697,308.499215,1329.744540,360.806542
all_ages,equal_adults_18plus,person,raw,all_foreign_born,extended_balance_base,21711,53055623.121391,9422.046363,296.382438,731.075009,348.306273
all_ages,equal_adults_18plus,person,raw,all_foreign_born,extended_balance_flat090,21711,53055623.121391,8999.237956,297.652365,546.134205,349.913589
all_ages,equal_adults_18plus,person,raw,all_foreign_born,extended_balance_renter,21711,53055623.121391,10003.368206,295.270168,1050.008969,346.690521
all_ages,equal_adults_18plus,person,raw,all_foreign_born,extended_balance_sales_itep,21711,53055623.121391,10096.553482,297.587122,668.674312,349.867110
all_ages,equal_adults_18plus,person,raw,all_foreign_born,federal_after_refundable,21711,53055623.121391,6083.469721,179.228896,-830.023052,217.867578
all_ages,equal_adults_18plus,person,raw,all_foreign_born,health_age_birth,21711,53055623.121391,3174.852415,24.338107,-973.201513,28.860399
all_ages,equal_adults_18plus,person,raw,all_foreign_born,health_age_birth_ins,21711,53055623.121391,3226.297666,33.608205,-598.669530,39.131720
all_ages,equal_adults_18plus,person,raw,all_foreign_born,k12_charged,21711,53055623.121391,3488.110935,62.284958,1525.736076,70.140049
all_ages,equal_adults_18plus,person,raw,all_foreign_born,k12_charged_flat090,21711,53055623.121391,3910.919343,69.834776,1710.676880,78.642015
all_ages,equal_adults_18plus,person,raw,all_foreign_born,k12_cost_at_full_attendance,21711,53055623.121391,4345.465937,77.594196,1900.752089,87.380017
all_ages,equal_adults_18plus,person,raw,all_foreign_born,modeled_tax_total,21711,53055623.121391,10961.886062,243.769768,-552.094103,290.360259
all_ages,equal_adults_18plus,person,raw,all_foreign_born,payroll,21711,53055623.121391,3232.999219,33.899872,318.724210,38.414149
all_ages,equal_adults_18plus,person,raw,all_foreign_born,property_tax_owner,21711,53055623.121391,1251.018034,27.591743,-138.803253,29.466641
all_ages,equal_adults_18plus,person,raw,all_foreign_born,property_tax_renter_proxy,21711,53055623.121391,581.321842,8.132551,318.933960,9.178861
all_ages,equal_adults_18plus,person,raw,all_foreign_born,sales_tax_itep,21711,53055623.121391,1635.696076,13.798138,-53.235137,16.206096
all_ages,equal_adults_18plus,person,raw,all_foreign_born,sales_tax_share35,21711,53055623.121391,961.188957,11.481564,9.165561,13.347657
all_ages,equal_adults_18plus,person,raw,all_foreign_born,selected_cash_total,21711,53055623.121391,2893.967238,61.724135,-2786.053565,75.147761
all_ages,equal_adults_18plus,person,raw,all_foreign_born,selected_noncash_total,21711,53055623.121391,312.324973,8.086673,150.481638,8.886803
all_ages,equal_adults_18plus,person,raw,all_foreign_born,snap,21711,53055623.121391,171.730235,6.788562,76.673804,7.644286
all_ages,equal_adults_18plus,person,raw,all_foreign_born,social_security,21711,53055623.121391,2420.251033,55.254437,-2560.860611,70.772635
all_ages,equal_adults_18plus,person,raw,all_foreign_born,state_after_credits,21711,53055623.121391,1645.417122,46.474578,-40.795261,53.708973
all_ages,equal_adults_18plus,person,raw,all_foreign_born,state_local_total,21711,53055623.121391,3857.624113,71.866604,-170.432953,82.194879
all_ages,equal_adults_18plus,person,raw,all_native,cash_noncash_tax_balance,119938,283672179.878623,4814.625387,124.658537,-857.490640,74.776673
all_ages,equal_adults_18plus,person,raw,all_native,children_5_17,119938,283672179.878623,0.141490,0.001511,-0.000368,0.001103
all_ages,equal_adults_18plus,person,raw,all_native,employer_payroll,119938,283672179.878623,2363.163010,13.783359,-276.222494,8.642097
all_ages,equal_adults_18plus,person,raw,all_native,extended_balance_after_health,119938,283672179.878623,3620.409379,151.323589,-922.508048,88.736255
all_ages,equal_adults_18plus,person,raw,all_native,extended_balance_after_health_ins,119938,283672179.878623,3750.192463,156.297073,-1115.811695,91.256224
all_ages,equal_adults_18plus,person,raw,all_native,extended_balance_base,119938,283672179.878623,7178.153064,149.371685,-1512.818291,87.343445
all_ages,equal_adults_18plus,person,raw,all_native,extended_balance_flat090,119938,283672179.878623,6938.454197,150.139513,-1514.649553,87.725096
all_ages,equal_adults_18plus,person,raw,all_native,extended_balance_renter,119938,283672179.878623,7497.687635,149.142193,-1455.671602,87.391821
all_ages,equal_adults_18plus,person,raw,all_native,extended_balance_sales_itep,119938,283672179.878623,7829.924280,149.903708,-1597.954890,87.774222
all_ages,equal_adults_18plus,person,raw,all_native,federal_after_refundable,119938,283672179.878623,5678.401441,88.187218,-1235.091332,53.419620
all_ages,equal_adults_18plus,person,raw,all_native,health_age_birth,119938,283672179.878623,3557.743685,7.446004,-590.310243,7.556668
all_ages,equal_adults_18plus,person,raw,all_native,health_age_birth_ins,119938,283672179.878623,3427.960601,14.993383,-397.006596,12.048150
all_ages,equal_adults_18plus,person,raw,all_native,k12_charged,119938,283672179.878623,1977.482523,24.273099,15.107664,17.625640
all_ages,equal_adults_18plus,person,raw,all_native,k12_charged_flat090,119938,283672179.878623,2217.181390,27.215342,16.938926,19.762117
all_ages,equal_adults_18plus,person,raw,all_native,k12_cost_at_full_attendance,119938,283672179.878623,2463.534877,30.239269,18.821029,21.957908
all_ages,equal_adults_18plus,person,raw,all_native,modeled_tax_total,119938,283672179.878623,9683.801525,118.284018,-1830.178640,70.880776
all_ages,equal_adults_18plus,person,raw,all_native,payroll,119938,283672179.878623,2589.348186,15.844888,-324.926822,9.583785
all_ages,equal_adults_18plus,person,raw,all_native,property_tax_owner,119938,283672179.878623,1145.056608,9.510339,-244.764679,6.989462
all_ages,equal_adults_18plus,person,raw,all_native,property_tax_renter_proxy,119938,283672179.878623,319.534571,3.470305,57.146689,2.482038
all_ages,equal_adults_18plus,person,raw,all_native,sales_tax_itep,119938,283672179.878623,1484.561799,6.203091,-204.369414,4.051972
all_ages,equal_adults_18plus,person,raw,all_native,sales_tax_share35,119938,283672179.878623,832.790582,5.180991,-119.232814,3.282878
all_ages,equal_adults_18plus,person,raw,all_native,selected_cash_total,119938,283672179.878623,4661.168811,32.001331,-1018.851993,24.153771
all_ages,equal_adults_18plus,person,raw,all_native,selected_noncash_total,119938,283672179.878623,208.007327,3.487928,46.163992,3.093907
all_ages,equal_adults_18plus,person,raw,all_native,snap,119938,283672179.878623,127.929856,2.884295,32.873425,2.610559
all_ages,equal_adults_18plus,person,raw,all_native,social_security,119938,283672179.878623,3960.395334,30.301264,-1020.716311,20.971036
all_ages,equal_adults_18plus,person,raw,all_native,state_after_credits,119938,283672179.878623,1416.051897,20.018946,-270.160486,12.742283
all_ages,equal_adults_18plus,person,raw,all_native,state_local_total,119938,283672179.878623,3393.899087,30.163779,-634.157979,19.029635
all_ages,equal_adults_18plus,person,raw,asian_indian_native_selfid,cash_noncash_tax_balance,790,2040331.560805,12159.703983,1266.321610,6487.587956,1274.632102
all_ages,equal_adults_18plus,person,raw,asian_indian_native_selfid,children_5_17,790,2040331.560805,0.080205,0.010865,-0.061652,0.011150
all_ages,equal_adults_18plus,person,raw,asian_indian_native_selfid,employer_payroll,790,2040331.560805,2665.305583,167.130239,25.920079,168.023890
all_ages,equal_adults_18plus,person,raw,asian_indian_native_selfid,extended_balance_after_health,790,2040331.560805,14250.825550,1500.979360,9707.908123,1515.109023
all_ages,equal_adults_18plus,person,raw,asian_indian_native_selfid,extended_balance_after_health_ins,790,2040331.560805,14537.826904,1533.700327,9671.822746,1546.280423
all_ages,equal_adults_18plus,person,raw,asian_indian_native_selfid,extended_balance_base,790,2040331.560805,15552.993959,1512.594084,6862.022605,1525.123475
all_ages,equal_adults_18plus,person,raw,asian_indian_native_selfid,extended_balance_flat090,790,2040331.560805,15396.320485,1512.422729,6943.216734,1525.364864
all_ages,equal_adults_18plus,person,raw,asian_indian_native_selfid,extended_balance_renter,790,2040331.560805,15752.165616,1522.160222,6798.806379,1534.554915
all_ages,equal_adults_18plus,person,raw,asian_indian_native_selfid,extended_balance_sales_itep,790,2040331.560805,15902.745256,1522.028846,6474.866085,1534.418411
all_ages,equal_adults_18plus,person,raw,asian_indian_native_selfid,federal_after_refundable,790,2040331.560805,7872.558380,917.619006,959.065607,920.451264
all_ages,equal_adults_18plus,person,raw,asian_indian_native_selfid,health_age_birth,790,2040331.560805,1302.168409,87.400040,-2845.885518,88.140472
all_ages,equal_adults_18plus,person,raw,asian_indian_native_selfid,health_age_birth_ins,790,2040331.560805,1015.167056,101.361790,-2809.800141,102.705728
all_ages,equal_adults_18plus,person,raw,asian_indian_native_selfid,k12_charged,790,2040331.560805,1292.534515,180.498741,-669.840344,185.423586
all_ages,equal_adults_18plus,person,raw,asian_indian_native_selfid,k12_charged_flat090,790,2040331.560805,1449.207990,202.377743,-751.034473,207.899549
all_ages,equal_adults_18plus,person,raw,asian_indian_native_selfid,k12_cost_at_full_attendance,790,2040331.560805,1610.231100,224.864159,-834.482748,230.999499
all_ages,equal_adults_18plus,person,raw,asian_indian_native_selfid,modeled_tax_total,790,2040331.560805,12719.054066,1261.173012,1205.073901,1266.792660
all_ages,equal_adults_18plus,person,raw,asian_indian_native_selfid,payroll,790,2040331.560805,2784.685959,179.335711,-129.589049,179.951371
all_ages,equal_adults_18plus,person,raw,asian_indian_native_selfid,property_tax_owner,790,2040331.560805,1216.887965,129.612377,-172.933322,129.958325
all_ages,equal_adults_18plus,person,raw,asian_indian_native_selfid,property_tax_renter_proxy,790,2040331.560805,199.171656,30.858808,-63.216226,30.765754
all_ages,equal_adults_18plus,person,raw,asian_indian_native_selfid,sales_tax_itep,790,2040331.560805,1153.382240,75.414737,-535.548972,75.347262
all_ages,equal_adults_18plus,person,raw,asian_indian_native_selfid,sales_tax_share35,790,2040331.560805,803.630944,63.901628,-148.392453,64.036481
all_ages,equal_adults_18plus,person,raw,asian_indian_native_selfid,selected_cash_total,790,2040331.560805,513.694547,115.373658,-5166.326257,126.373379
all_ages,equal_adults_18plus,person,raw,asian_indian_native_selfid,selected_noncash_total,790,2040331.560805,45.655537,12.156231,-116.187798,12.183315
all_ages,equal_adults_18plus,person,raw,asian_indian_native_selfid,snap,790,2040331.560805,24.659327,10.646081,-70.397104,10.791957
all_ages,equal_adults_18plus,person,raw,asian_indian_native_selfid,social_security,790,2040331.560805,385.128938,98.222084,-4595.982707,109.067566
all_ages,equal_adults_18plus,person,raw,asian_indian_native_selfid,state_after_credits,790,2040331.560805,2061.809727,226.799088,375.597344,229.899323
all_ages,equal_adults_18plus,person,raw,asian_indian_native_selfid,state_local_total,790,2040331.560805,4082.328636,353.588604,54.271570,356.989444
all_ages,equal_adults_18plus,person,raw,china_born,cash_noncash_tax_balance,911,2277382.807651,16101.704143,1995.054708,10429.588116,1991.439916
all_ages,equal_adults_18plus,person,raw,china_born,children_5_17,911,2277382.807651,0.195174,0.017001,0.053316,0.017265
all_ages,equal_adults_18plus,person,raw,china_born,employer_payroll,911,2277382.807651,3947.477265,223.596381,1308.091761,223.499346
all_ages,equal_adults_18plus,person,raw,china_born,extended_balance_after_health,911,2277382.807651,16944.542547,2396.512902,12401.625120,2394.641873
all_ages,equal_adults_18plus,person,raw,china_born,extended_balance_after_health_ins,911,2277382.807651,16631.381677,2459.630947,11765.377519,2458.090669
all_ages,equal_adults_18plus,person,raw,china_born,extended_balance_base,911,2277382.807651,20607.388465,2361.850284,11916.417110,2359.043095
all_ages,equal_adults_18plus,person,raw,china_born,extended_balance_flat090,911,2277382.807651,20205.967504,2364.173633,11752.863753,2361.542315
all_ages,equal_adults_18plus,person,raw,china_born,extended_balance_renter,911,2277382.807651,21231.696088,2350.004490,12278.336851,2347.471512
all_ages,equal_adults_18plus,person,raw,china_born,extended_balance_sales_itep,911,2277382.807651,21294.523789,2366.771154,11866.644618,2364.125191
all_ages,equal_adults_18plus,person,raw,china_born,federal_after_refundable,911,2277382.807651,11526.613384,1365.570775,4613.120611,1361.482000
all_ages,equal_adults_18plus,person,raw,china_born,health_age_birth,911,2277382.807651,3662.845918,162.877041,-485.208009,162.233270
all_ages,equal_adults_18plus,person,raw,china_born,health_age_birth_ins,911,2277382.807651,3976.006788,247.228413,151.039591,247.182211
all_ages,equal_adults_18plus,person,raw,china_born,k12_charged,911,2277382.807651,3311.667455,289.375957,1349.292595,292.782694
all_ages,equal_adults_18plus,person,raw,china_born,k12_charged_flat090,911,2277382.807651,3713.088416,324.452418,1512.845953,328.272100
all_ages,equal_adults_18plus,person,raw,china_born,k12_cost_at_full_attendance,911,2277382.807651,4125.653795,360.502687,1680.939947,364.746778
all_ages,equal_adults_18plus,person,raw,china_born,modeled_tax_total,911,2277382.807651,19342.288924,1986.624553,7828.308759,1981.359927
all_ages,equal_adults_18plus,person,raw,china_born,payroll,911,2277382.807651,4297.627543,241.347776,1383.352535,240.606368
all_ages,equal_adults_18plus,person,raw,china_born,property_tax_owner,911,2277382.807651,2473.754964,214.443642,1083.933678,215.154089
all_ages,equal_adults_18plus,person,raw,china_born,property_tax_renter_proxy,911,2277382.807651,624.307623,45.614940,361.919741,45.944199
all_ages,equal_adults_18plus,person,raw,china_born,sales_tax_itep,911,2277382.807651,2083.254872,98.954247,394.323659,98.739811
all_ages,equal_adults_18plus,person,raw,china_born,sales_tax_share35,911,2277382.807651,1396.119547,90.382184,444.096151,89.868109
all_ages,equal_adults_18plus,person,raw,china_born,selected_cash_total,911,2277382.807651,2973.028309,363.676637,-2706.992495,365.899072
all_ages,equal_adults_18plus,person,raw,china_born,selected_noncash_total,911,2277382.807651,267.556472,34.475257,105.713137,34.903528
all_ages,equal_adults_18plus,person,raw,china_born,snap,911,2277382.807651,159.155027,31.108294,64.098597,31.366149
all_ages,equal_adults_18plus,person,raw,china_born,social_security,911,2277382.807651,2524.939088,333.608971,-2456.172557,334.623509
all_ages,equal_adults_18plus,person,raw,china_born,state_after_credits,911,2277382.807651,3518.047996,437.421795,1831.835613,437.356289
all_ages,equal_adults_18plus,person,raw,china_born,state_local_total,911,2277382.807651,7387.922508,642.098430,3359.865441,641.924218
all_ages,equal_adults_18plus,person,raw,china_born_broad,cash_noncash_tax_balance,1135,2834478.464436,16244.674605,1694.446501,10572.558579,1693.867567
all_ages,equal_adults_18plus,person,raw,china_born_broad,children_5_17,1135,2834478.464436,0.188495,0.015026,0.046638,0.015260
all_ages,equal_adults_18plus,person,raw,china_born_broad,employer_payroll,1135,2834478.464436,4053.267184,194.325133,1413.881680,194.959133
all_ages,equal_adults_18plus,person,raw,china_born_broad,extended_balance_after_health,1135,2834478.464436,17437.939545,2039.005166,12895.022118,2040.888857
all_ages,equal_adults_18plus,person,raw,china_born_broad,extended_balance_after_health_ins,1135,2834478.464436,17372.039984,2098.361363,12506.035826,2101.205156
all_ages,equal_adults_18plus,person,raw,china_born_broad,extended_balance_base,1135,2834478.464436,21279.088196,2005.149210,12588.116842,2006.013459
all_ages,equal_adults_18plus,person,raw,china_born_broad,extended_balance_flat090,1135,2834478.464436,20896.514451,2007.589616,12443.410700,2008.559631
all_ages,equal_adults_18plus,person,raw,china_born_broad,extended_balance_renter,1135,2834478.464436,21854.452962,1996.882337,12901.093725,1997.809735
all_ages,equal_adults_18plus,person,raw,china_born_broad,extended_balance_sales_itep,1135,2834478.464436,21968.402153,2010.149891,12540.522982,2011.201992
all_ages,equal_adults_18plus,person,raw,china_born_broad,federal_after_refundable,1135,2834478.464436,12060.857810,1179.448466,5147.365037,1177.380208
all_ages,equal_adults_18plus,person,raw,china_born_broad,health_age_birth,1135,2834478.464436,3841.148652,147.228235,-306.905276,146.620891
all_ages,equal_adults_18plus,person,raw,china_born_broad,health_age_birth_ins,1135,2834478.464436,3907.048212,225.298784,82.081016,225.577014
all_ages,equal_adults_18plus,person,raw,china_born_broad,k12_charged,1135,2834478.464436,3156.180532,253.853174,1193.805673,256.760541
all_ages,equal_adults_18plus,person,raw,china_born_broad,k12_charged_flat090,1135,2834478.464436,3538.754278,284.623772,1338.511814,287.883552
all_ages,equal_adults_18plus,person,raw,china_born_broad,k12_cost_at_full_attendance,1135,2834478.464436,3931.949197,316.248635,1487.235349,319.870613
all_ages,equal_adults_18plus,person,raw,china_born_broad,modeled_tax_total,1135,2834478.464436,19825.813326,1678.517173,8311.833161,1675.283305
all_ages,equal_adults_18plus,person,raw,china_born_broad,payroll,1135,2834478.464436,4393.644522,208.258345,1479.369513,208.089590
all_ages,equal_adults_18plus,person,raw,china_born_broad,property_tax_owner,1135,2834478.464436,2690.056952,187.840852,1300.235666,188.121176
all_ages,equal_adults_18plus,person,raw,china_born_broad,property_tax_renter_proxy,1135,2834478.464436,575.364766,39.371783,312.976884,39.750447
all_ages,equal_adults_18plus,person,raw,china_born_broad,sales_tax_itep,1135,2834478.464436,2136.583943,85.569923,447.652730,85.585998
all_ages,equal_adults_18plus,person,raw,china_born_broad,sales_tax_share35,1135,2834478.464436,1447.269986,77.888448,495.246590,77.658199
all_ages,equal_adults_18plus,person,raw,china_born_broad,selected_cash_total,1135,2834478.464436,3325.336537,333.492600,-2354.684267,334.965216
all_ages,equal_adults_18plus,person,raw,china_born_broad,selected_noncash_total,1135,2834478.464436,255.802184,34.332228,93.958849,34.829189
all_ages,equal_adults_18plus,person,raw,china_born_broad,snap,1135,2834478.464436,157.176966,31.289420,62.120536,31.587460
all_ages,equal_adults_18plus,person,raw,china_born_broad,social_security,1135,2834478.464436,2873.242177,318.961193,-2107.869468,318.895577
all_ages,equal_adults_18plus,person,raw,china_born_broad,state_after_credits,1135,2834478.464436,3371.310994,363.292597,1685.098611,363.443424
all_ages,equal_adults_18plus,person,raw,china_born_broad,state_local_total,1135,2834478.464436,7508.637932,531.140348,3480.580866,530.986647
all_ages,equal_adults_18plus,person,raw,india_born,cash_noncash_tax_balance,1607,4281769.744983,20887.370865,1148.474774,15215.254838,1153.858370
all_ages,equal_adults_18plus,person,raw,india_born,children_5_17,1607,4281769.744983,0.215200,0.011591,0.073343,0.011839
all_ages,equal_adults_18plus,person,raw,india_born,employer_payroll,1607,4281769.744983,5220.904912,168.143700,2581.519408,168.732709
all_ages,equal_adults_18plus,person,raw,india_born,extended_balance_after_health,1607,4281769.744983,24033.314664,1390.937795,19490.397237,1396.925259
all_ages,equal_adults_18plus,person,raw,india_born,extended_balance_after_health_ins,1607,4281769.744983,24745.862471,1412.654539,19879.858313,1419.601347
all_ages,equal_adults_18plus,person,raw,india_born,extended_balance_base,1607,4281769.744983,26341.831759,1384.373721,17650.860405,1390.787638
all_ages,equal_adults_18plus,person,raw,india_born,extended_balance_flat090,1607,4281769.744983,25941.322619,1386.650988,17488.218868,1393.194249
all_ages,equal_adults_18plus,person,raw,india_born,extended_balance_renter,1607,4281769.744983,26789.453108,1385.358833,17836.093872,1391.047425
all_ages,equal_adults_18plus,person,raw,india_born,extended_balance_sales_itep,1607,4281769.744983,27034.976167,1387.045419,17607.096996,1393.657579
all_ages,equal_adults_18plus,person,raw,india_born,federal_after_refundable,1607,4281769.744983,13753.922876,800.734579,6840.430103,806.517801
all_ages,equal_adults_18plus,person,raw,india_born,health_age_birth,1607,4281769.744983,2308.517095,104.536944,-1839.536833,106.996930
all_ages,equal_adults_18plus,person,raw,india_born,health_age_birth_ins,1607,4281769.744983,1595.969288,116.996427,-2228.997908,119.910896
all_ages,equal_adults_18plus,person,raw,india_born,k12_charged,1607,4281769.744983,3304.145058,183.287914,1341.770198,188.288794
all_ages,equal_adults_18plus,person,raw,india_born,k12_charged_flat090,1607,4281769.744983,3704.654198,205.505003,1504.411734,211.112061
all_ages,equal_adults_18plus,person,raw,india_born,k12_cost_at_full_attendance,1607,4281769.744983,4116.282442,228.338892,1671.568594,234.568956
all_ages,equal_adults_18plus,person,raw,india_born,modeled_tax_total,1607,4281769.744983,22471.107655,1130.764031,10957.127491,1136.183658
all_ages,equal_adults_18plus,person,raw,india_born,payroll,1607,4281769.744983,5439.224823,174.915656,2524.949815,175.384984
all_ages,equal_adults_18plus,person,raw,india_born,property_tax_owner,1607,4281769.744983,1984.736827,113.587980,594.915540,112.683265
all_ages,equal_adults_18plus,person,raw,india_born,property_tax_renter_proxy,1607,4281769.744983,447.621350,27.387929,185.233467,27.713398
all_ages,equal_adults_18plus,person,raw,india_born,sales_tax_itep,1607,4281769.744983,2246.108621,59.978119,557.177408,60.531772
all_ages,equal_adults_18plus,person,raw,india_born,sales_tax_share35,1607,4281769.744983,1552.964213,56.938243,600.940816,57.274672
all_ages,equal_adults_18plus,person,raw,india_born,selected_cash_total,1607,4281769.744983,1504.228088,220.574424,-4175.792715,226.016380
all_ages,equal_adults_18plus,person,raw,india_born,selected_noncash_total,1607,4281769.744983,79.508703,12.294976,-82.334632,12.627079
all_ages,equal_adults_18plus,person,raw,india_born,snap,1607,4281769.744983,26.222197,9.931994,-68.834234,10.399195
all_ages,equal_adults_18plus,person,raw,india_born,social_security,1607,4281769.744983,1338.726814,210.437806,-3642.384831,215.485449
all_ages,equal_adults_18plus,person,raw,india_born,state_after_credits,1607,4281769.744983,3277.959956,230.014770,1591.747572,230.288233
all_ages,equal_adults_18plus,person,raw,india_born,state_local_total,1607,4281769.744983,6815.660995,328.732027,2787.603929,328.859867
all_ages,equal_adults_18plus,person,raw,india_born_recent_noncit,cash_noncash_tax_balance,500,1381311.957764,13166.720892,1054.566796,7494.604865,1042.049186
all_ages,equal_adults_18plus,person,raw,india_born_recent_noncit,children_5_17,500,1381311.957764,0.141646,0.018907,-0.000211,0.019084
all_ages,equal_adults_18plus,person,raw,india_born_recent_noncit,employer_payroll,500,1381311.957764,3924.790154,215.201367,1285.404650,215.500606
all_ages,equal_adults_18plus,person,raw,india_born_recent_noncit,extended_balance_after_health,500,1381311.957764,15447.515617,1391.598213,10904.598190,1383.647454
all_ages,equal_adults_18plus,person,raw,india_born_recent_noncit,extended_balance_after_health_ins,500,1381311.957764,15920.498144,1407.535964,11054.493986,1399.812309
all_ages,equal_adults_18plus,person,raw,india_born_recent_noncit,extended_balance_base,500,1381311.957764,16492.506329,1397.572176,7801.534975,1389.514575
all_ages,equal_adults_18plus,person,raw,india_born_recent_noncit,extended_balance_flat090,500,1381311.957764,16221.380679,1410.150241,7768.276929,1402.793631
all_ages,equal_adults_18plus,person,raw,india_born_recent_noncit,extended_balance_renter,500,1381311.957764,17321.813429,1413.048722,8368.454193,1403.670120
all_ages,equal_adults_18plus,person,raw,india_born_recent_noncit,extended_balance_sales_itep,500,1381311.957764,17188.409811,1398.448364,7760.530640,1390.169238
all_ages,equal_adults_18plus,person,raw,india_born_recent_noncit,federal_after_refundable,500,1381311.957764,7657.100934,709.365305,743.608161,703.806575
all_ages,equal_adults_18plus,person,raw,india_born_recent_noncit,health_age_birth,500,1381311.957764,1044.990712,61.801765,-3103.063215,64.527170
all_ages,equal_adults_18plus,person,raw,india_born_recent_noncit,health_age_birth_ins,500,1381311.957764,572.008185,81.671942,-3252.959011,87.685473
all_ages,equal_adults_18plus,person,raw,india_born_recent_noncit,k12_charged,500,1381311.957764,2236.749143,342.243077,274.374284,346.236839
all_ages,equal_adults_18plus,person,raw,india_born_recent_noncit,k12_charged_flat090,500,1381311.957764,2507.874793,383.727781,307.632330,388.205643
all_ages,equal_adults_18plus,person,raw,india_born_recent_noncit,k12_cost_at_full_attendance,500,1381311.957764,2786.527548,426.364201,341.813700,431.339604
all_ages,equal_adults_18plus,person,raw,india_born_recent_noncit,modeled_tax_total,500,1381311.957764,13415.905601,1056.352707,1901.925436,1048.245019
all_ages,equal_adults_18plus,person,raw,india_born_recent_noncit,payroll,500,1381311.957764,3970.193969,219.341313,1055.918961,219.417483
all_ages,equal_adults_18plus,person,raw,india_born_recent_noncit,property_tax_owner,500,1381311.957764,530.421307,74.642717,-859.399979,74.693700
all_ages,equal_adults_18plus,person,raw,india_born_recent_noncit,property_tax_renter_proxy,500,1381311.957764,829.307100,49.447239,566.919218,49.305026
all_ages,equal_adults_18plus,person,raw,india_born_recent_noncit,sales_tax_itep,500,1381311.957764,1803.226601,71.011709,114.295388,70.373267
all_ages,equal_adults_18plus,person,raw,india_born_recent_noncit,sales_tax_share35,500,1381311.957764,1107.323119,67.702323,155.299723,67.377480
all_ages,equal_adults_18plus,person,raw,india_born_recent_noncit,selected_cash_total,500,1381311.957764,195.391601,91.469047,-5484.629203,103.916881
all_ages,equal_adults_18plus,person,raw,india_born_recent_noncit,selected_noncash_total,500,1381311.957764,53.793108,11.921415,-108.050227,12.339700
all_ages,equal_adults_18plus,person,raw,india_born_recent_noncit,snap,500,1381311.957764,7.755731,4.953397,-87.300700,5.493803
all_ages,equal_adults_18plus,person,raw,india_born_recent_noncit,social_security,500,1381311.957764,53.775181,38.728861,-4927.336463,57.841819
all_ages,equal_adults_18plus,person,raw,india_born_recent_noncit,state_after_credits,500,1381311.957764,1788.610697,198.785824,102.398314,198.960999
all_ages,equal_adults_18plus,person,raw,india_born_recent_noncit,state_local_total,500,1381311.957764,3426.355124,264.375538,-601.701942,265.299614
all_ages,equal_adults_18plus,person,raw,india_born_settled,cash_noncash_tax_balance,1107,2900457.787219,24564.247727,1489.265061,18892.131701,1501.155610
all_ages,equal_adults_18plus,person,raw,india_born_settled,children_5_17,1107,2900457.787219,0.250229,0.014473,0.108372,0.014614
all_ages,equal_adults_18plus,person,raw,india_born_settled,employer_payroll,1107,2900457.787219,5838.165685,195.459182,3198.780181,196.322116
all_ages,equal_adults_18plus,person,raw,india_born_settled,extended_balance_after_health,1107,2900457.787219,28122.209508,1751.206076,23579.292081,1763.294719
all_ages,equal_adults_18plus,person,raw,india_born_settled,extended_balance_after_health_ins,1107,2900457.787219,28948.847713,1781.299892,24082.843556,1794.497251
all_ages,equal_adults_18plus,person,raw,india_born_settled,extended_balance_base,1107,2900457.787219,31032.467510,1719.015684,22341.496156,1732.105069
all_ages,equal_adults_18plus,person,raw,india_born_settled,extended_balance_flat090,1107,2900457.787219,30570.340869,1718.384427,22117.237118,1731.379701
all_ages,equal_adults_18plus,person,raw,india_born_settled,extended_balance_renter,1107,2900457.787219,31298.315109,1720.198385,22344.955872,1732.915578
all_ages,equal_adults_18plus,person,raw,india_born_settled,extended_balance_sales_itep,1107,2900457.787219,31724.297939,1723.544684,22296.418769,1736.937711
all_ages,equal_adults_18plus,person,raw,india_born_settled,federal_after_refundable,1107,2900457.787219,16657.469030,1036.611819,9743.976257,1047.412997
all_ages,equal_adults_18plus,person,raw,india_born_settled,health_age_birth,1107,2900457.787219,2910.258002,134.130073,-1237.795925,136.313023
all_ages,equal_adults_18plus,person,raw,india_born_settled,health_age_birth_ins,1107,2900457.787219,2083.619797,159.297684,-1741.347400,160.779500
all_ages,equal_adults_18plus,person,raw,india_born_settled,k12_charged,1107,2900457.787219,3812.480930,227.584790,1850.106071,230.660322
all_ages,equal_adults_18plus,person,raw,india_born_settled,k12_charged_flat090,1107,2900457.787219,4274.607572,255.171287,2074.365108,258.619617
all_ages,equal_adults_18plus,person,raw,india_born_settled,k12_cost_at_full_attendance,1107,2900457.787219,4749.563968,283.523653,2304.850120,287.355130
all_ages,equal_adults_18plus,person,raw,india_born_settled,modeled_tax_total,1107,2900457.787219,26783.550654,1442.425894,15269.570489,1454.697120
all_ages,equal_adults_18plus,person,raw,india_born_settled,payroll,1107,2900457.787219,6138.835034,203.922551,3224.560026,204.598625
all_ages,equal_adults_18plus,person,raw,india_born_settled,property_tax_owner,1107,2900457.787219,2677.339018,139.964758,1287.517731,139.276280
all_ages,equal_adults_18plus,person,raw,india_born_settled,property_tax_renter_proxy,1107,2900457.787219,265.847599,27.333481,3.459716,27.802784
all_ages,equal_adults_18plus,person,raw,india_born_settled,sales_tax_itep,1107,2900457.787219,2457.026440,72.685272,768.095227,73.732131
all_ages,equal_adults_18plus,person,raw,india_born_settled,sales_tax_share35,1107,2900457.787219,1765.196011,66.864189,813.172614,67.532714
all_ages,equal_adults_18plus,person,raw,india_born_settled,selected_cash_total,1107,2900457.787219,2127.547448,315.788398,-3552.473356,320.444022
all_ages,equal_adults_18plus,person,raw,india_born_settled,selected_noncash_total,1107,2900457.787219,91.755479,17.251884,-70.087856,17.480300
all_ages,equal_adults_18plus,person,raw,india_born_settled,snap,1107,2900457.787219,35.016654,14.592066,-60.039777,14.991992
all_ages,equal_adults_18plus,person,raw,india_born_settled,social_security,1107,2900457.787219,1950.671267,303.203520,-3030.440377,308.029005
all_ages,equal_adults_18plus,person,raw,india_born_settled,state_after_credits,1107,2900457.787219,3987.246589,305.671061,2301.034206,306.330458
all_ages,equal_adults_18plus,person,raw,india_born_settled,state_local_total,1107,2900457.787219,8429.781618,419.559800,4401.724551,420.548714
all_ages,equal_adults_18plus,person,raw,india_second_gen,cash_noncash_tax_balance,704,1797874.357678,12117.396284,1466.618059,6445.280257,1470.402324
all_ages,equal_adults_18plus,person,raw,india_second_gen,children_5_17,704,1797874.357678,0.067200,0.011184,-0.074657,0.011482
all_ages,equal_adults_18plus,person,raw,india_second_gen,employer_payroll,704,1797874.357678,2483.377639,178.482173,-156.007865,178.270358
all_ages,equal_adults_18plus,person,raw,india_second_gen,extended_balance_after_health,704,1797874.357678,14360.500308,1658.996272,9817.582882,1661.770221
all_ages,equal_adults_18plus,person,raw,india_second_gen,extended_balance_after_health_ins,704,1797874.357678,14756.082317,1682.020152,9890.078159,1682.999694
all_ages,equal_adults_18plus,person,raw,india_second_gen,extended_balance_base,704,1797874.357678,15555.885448,1675.315526,6864.914094,1676.581562
all_ages,equal_adults_18plus,person,raw,india_second_gen,extended_balance_flat090,704,1797874.357678,15428.648918,1669.042948,6975.545168,1670.408631
all_ages,equal_adults_18plus,person,raw,india_second_gen,extended_balance_renter,704,1797874.357678,15749.327285,1683.074157,6795.968049,1684.107024
all_ages,equal_adults_18plus,person,raw,india_second_gen,extended_balance_sales_itep,704,1797874.357678,15906.490611,1685.287625,6478.611441,1686.382685
all_ages,equal_adults_18plus,person,raw,india_second_gen,federal_after_refundable,704,1797874.357678,7914.724292,1032.760228,1001.231519,1031.527684
all_ages,equal_adults_18plus,person,raw,india_second_gen,health_age_birth,704,1797874.357678,1195.385140,98.017541,-2952.668787,98.750987
all_ages,equal_adults_18plus,person,raw,india_second_gen,health_age_birth_ins,704,1797874.357678,799.803132,100.679405,-3025.164065,101.954323
all_ages,equal_adults_18plus,person,raw,india_second_gen,k12_charged,704,1797874.357678,1049.683790,180.102407,-912.691069,186.311705
all_ages,equal_adults_18plus,person,raw,india_second_gen,k12_charged_flat090,704,1797874.357678,1176.920320,201.933367,-1023.322143,208.895320
all_ages,equal_adults_18plus,person,raw,india_second_gen,k12_cost_at_full_attendance,704,1797874.357678,1307.689245,224.370408,-1137.024603,232.105911
all_ages,equal_adults_18plus,person,raw,india_second_gen,modeled_tax_total,704,1797874.357678,12658.568858,1431.862855,1144.588694,1428.605474
all_ages,equal_adults_18plus,person,raw,india_second_gen,payroll,704,1797874.357678,2627.504424,190.061967,-286.770585,189.250558
all_ages,equal_adults_18plus,person,raw,india_second_gen,property_tax_owner,704,1797874.357678,1235.601391,141.115388,-154.219896,140.259526
all_ages,equal_adults_18plus,person,raw,india_second_gen,property_tax_renter_proxy,704,1797874.357678,193.441837,30.688602,-68.946045,30.603920
all_ages,equal_adults_18plus,person,raw,india_second_gen,sales_tax_itep,704,1797874.357678,1119.799088,81.514408,-569.132124,80.905982
all_ages,equal_adults_18plus,person,raw,india_second_gen,sales_tax_share35,704,1797874.357678,769.193926,67.635061,-182.829471,67.186431
all_ages,equal_adults_18plus,person,raw,india_second_gen,selected_cash_total,704,1797874.357678,522.006864,135.009357,-5158.013939,143.258657
all_ages,equal_adults_18plus,person,raw,india_second_gen,selected_noncash_total,704,1797874.357678,19.165711,4.714122,-142.677624,5.933980
all_ages,equal_adults_18plus,person,raw,india_second_gen,snap,704,1797874.357678,5.100247,3.548499,-89.956184,4.590938
all_ages,equal_adults_18plus,person,raw,india_second_gen,social_security,704,1797874.357678,375.308593,118.520227,-4605.803052,128.198811
all_ages,equal_adults_18plus,person,raw,india_second_gen,state_after_credits,704,1797874.357678,2116.340143,290.629250,430.127760,289.367939
all_ages,equal_adults_18plus,person,raw,india_second_gen,state_local_total,704,1797874.357678,4121.135459,434.414401,93.078393,430.480676
all_ages,equal_adults_18plus,person,raw,mexican_second_gen,cash_noncash_tax_balance,6349,14333217.663520,2888.534423,182.366037,-2783.581604,244.542947
all_ages,equal_adults_18plus,person,raw,mexican_second_gen,children_5_17,6349,14333217.663520,0.170297,0.006467,0.028439,0.006609
all_ages,equal_adults_18plus,person,raw,mexican_second_gen,employer_payroll,6349,14333217.663520,1685.071826,38.613708,-954.313678,42.420363
all_ages,equal_adults_18plus,person,raw,mexican_second_gen,extended_balance_after_health,6349,14333217.663520,1408.098116,243.721349,-3134.819311,308.368052
all_ages,equal_adults_18plus,person,raw,mexican_second_gen,extended_balance_after_health_ins,6349,14333217.663520,1183.406383,257.436526,-3682.597775,318.903813
all_ages,equal_adults_18plus,person,raw,mexican_second_gen,extended_balance_base,6349,14333217.663520,3279.962827,238.456945,-5411.008527,304.015805
all_ages,equal_adults_18plus,person,raw,mexican_second_gen,extended_balance_flat090,6349,14333217.663520,2991.343062,241.830866,-5461.760689,306.874098
all_ages,equal_adults_18plus,person,raw,mexican_second_gen,extended_balance_renter,6349,14333217.663520,3622.353591,239.180485,-5331.005645,304.744301
all_ages,equal_adults_18plus,person,raw,mexican_second_gen,extended_balance_sales_itep,6349,14333217.663520,3655.385228,240.386876,-5772.493943,306.003203
all_ages,equal_adults_18plus,person,raw,mexican_second_gen,federal_after_refundable,6349,14333217.663520,2115.879315,127.283952,-4797.613458,169.049625
all_ages,equal_adults_18plus,person,raw,mexican_second_gen,health_age_birth,6349,14333217.663520,1871.864711,38.903891,-2276.189217,40.270655
all_ages,equal_adults_18plus,person,raw,mexican_second_gen,health_age_birth_ins,6349,14333217.663520,2096.556444,58.418197,-1728.410753,60.924349
all_ages,equal_adults_18plus,person,raw,mexican_second_gen,k12_charged,6349,14333217.663520,2381.073176,94.363128,418.698317,97.564438
all_ages,equal_adults_18plus,person,raw,mexican_second_gen,k12_charged_flat090,6349,14333217.663520,2669.692941,105.801275,469.450478,109.390629
all_ages,equal_adults_18plus,person,raw,mexican_second_gen,k12_cost_at_full_attendance,6349,14333217.663520,2966.325490,117.556972,521.611642,121.545143
all_ages,equal_adults_18plus,person,raw,mexican_second_gen,modeled_tax_total,6349,14333217.663520,4522.113941,181.561819,-6991.866224,233.623782
all_ages,equal_adults_18plus,person,raw,mexican_second_gen,payroll,6349,14333217.663520,1828.721975,43.040648,-1085.553033,48.022946
all_ages,equal_adults_18plus,person,raw,mexican_second_gen,property_tax_owner,6349,14333217.663520,538.479944,18.839955,-851.341343,23.965273
all_ages,equal_adults_18plus,person,raw,mexican_second_gen,property_tax_renter_proxy,6349,14333217.663520,342.390764,12.363629,80.002882,12.105334
all_ages,equal_adults_18plus,person,raw,mexican_second_gen,sales_tax_itep,6349,14333217.663520,924.372211,17.904215,-764.559002,19.155550
all_ages,equal_adults_18plus,person,raw,mexican_second_gen,sales_tax_share35,6349,14333217.663520,548.949810,12.758668,-403.073586,14.246459
all_ages,equal_adults_18plus,person,raw,mexican_second_gen,selected_cash_total,6349,14333217.663520,1351.067389,76.480366,-4328.953414,92.143561
all_ages,equal_adults_18plus,person,raw,mexican_second_gen,selected_noncash_total,6349,14333217.663520,282.512129,14.889734,120.668794,15.815343
all_ages,equal_adults_18plus,person,raw,mexican_second_gen,snap,6349,14333217.663520,155.460703,12.033342,60.404272,12.993506
all_ages,equal_adults_18plus,person,raw,mexican_second_gen,social_security,6349,14333217.663520,939.883121,61.375194,-4041.228523,77.079072
all_ages,equal_adults_18plus,person,raw,mexican_second_gen,state_after_credits,6349,14333217.663520,577.512651,30.512823,-1108.699732,40.495725
all_ages,equal_adults_18plus,person,raw,mexican_second_gen,state_local_total,6349,14333217.663520,1664.942405,51.443215,-2363.114661,66.027603
all_ages,equal_adults_18plus,person,raw,mexico_born,cash_noncash_tax_balance,5631,12220781.882556,2667.677176,221.138099,-3004.438851,281.329105
all_ages,equal_adults_18plus,person,raw,mexico_born,children_5_17,5631,12220781.882556,0.282534,0.008320,0.140677,0.008555
all_ages,equal_adults_18plus,person,raw,mexico_born,employer_payroll,5631,12220781.882556,2082.285544,38.518139,-557.099961,41.914047
all_ages,equal_adults_18plus,person,raw,mexico_born,extended_balance_after_health,5631,12220781.882556,-754.295605,306.126743,-5297.213032,363.508965
all_ages,equal_adults_18plus,person,raw,mexico_born,extended_balance_after_health_ins,5631,12220781.882556,-1179.896839,339.850211,-6045.900997,391.435368
all_ages,equal_adults_18plus,person,raw,mexico_born,extended_balance_base,5631,12220781.882556,2188.444924,296.945285,-6502.526431,354.524103
all_ages,equal_adults_18plus,person,raw,mexico_born,extended_balance_flat090,5631,12220781.882556,1714.474455,303.741507,-6738.629295,359.713122
all_ages,equal_adults_18plus,person,raw,mexico_born,extended_balance_renter,5631,12220781.882556,2761.561349,294.835308,-6191.797888,351.903553
all_ages,equal_adults_18plus,person,raw,mexico_born,extended_balance_sales_itep,5631,12220781.882556,2774.298968,298.151855,-6653.580202,355.610875
all_ages,equal_adults_18plus,person,raw,mexico_born,federal_after_refundable,5631,12220781.882556,1955.466254,142.484123,-4958.026519,192.933255
all_ages,equal_adults_18plus,person,raw,mexico_born,health_age_birth,5631,12220781.882556,2942.740529,47.316953,-1205.313399,48.266764
all_ages,equal_adults_18plus,person,raw,mexico_born,health_age_birth_ins,5631,12220781.882556,3368.341763,88.330765,-456.625434,88.337429
all_ages,equal_adults_18plus,person,raw,mexico_born,k12_charged,5631,12220781.882556,3910.190865,119.999348,1947.816006,125.505751
all_ages,equal_adults_18plus,person,raw,mexico_born,k12_charged_flat090,5631,12220781.882556,4384.161334,134.544967,2183.918870,140.718825
all_ages,equal_adults_18plus,person,raw,mexico_born,k12_cost_at_full_attendance,5631,12220781.882556,4871.290371,149.494408,2426.576523,156.354249
all_ages,equal_adults_18plus,person,raw,mexico_born,modeled_tax_total,5631,12220781.882556,4934.392905,203.318226,-6579.587259,268.612818
all_ages,equal_adults_18plus,person,raw,mexico_born,payroll,5631,12220781.882556,2365.769950,42.333763,-548.505058,47.199397
all_ages,equal_adults_18plus,person,raw,mexico_born,property_tax_owner,5631,12220781.882556,657.931132,27.550721,-731.890155,30.069397
all_ages,equal_adults_18plus,person,raw,mexico_born,property_tax_renter_proxy,5631,12220781.882556,573.116425,14.530448,310.728543,14.674362
all_ages,equal_adults_18plus,person,raw,mexico_born,sales_tax_itep,5631,12220781.882556,1276.595983,15.816452,-412.335230,17.920754
all_ages,equal_adults_18plus,person,raw,mexico_born,sales_tax_share35,5631,12220781.882556,690.741938,11.982006,-261.281458,14.112088
all_ages,equal_adults_18plus,person,raw,mexico_born,selected_cash_total,5631,12220781.882556,1860.464215,89.214531,-3819.556588,96.831293
all_ages,equal_adults_18plus,person,raw,mexico_born,selected_noncash_total,5631,12220781.882556,406.251515,17.288067,244.408180,17.732717
all_ages,equal_adults_18plus,person,raw,mexico_born,snap,5631,12220781.882556,193.207222,13.738093,98.150791,14.254137
all_ages,equal_adults_18plus,person,raw,mexico_born,social_security,5631,12220781.882556,1546.485607,78.709912,-3434.626037,87.473750
all_ages,equal_adults_18plus,person,raw,mexico_born,state_after_credits,5631,12220781.882556,613.156702,35.339032,-1073.055682,46.526381
all_ages,equal_adults_18plus,person,raw,mexico_born,state_local_total,5631,12220781.882556,1961.829771,57.482377,-2066.227295,74.628603
all_ages,equal_adults_18plus,person,raw,third_plus_nh_white,cash_noncash_tax_balance,73873,173053893.397290,5672.116027,171.299423,0.000000,0.000000
all_ages,equal_adults_18plus,person,raw,third_plus_nh_white,children_5_17,73873,173053893.397290,0.141857,0.001807,0.000000,0.000000
all_ages,equal_adults_18plus,person,raw,third_plus_nh_white,employer_payroll,73873,173053893.397290,2639.385504,18.410731,0.000000,0.000000
all_ages,equal_adults_18plus,person,raw,third_plus_nh_white,extended_balance_after_health,73873,173053893.397290,4542.917427,202.536626,0.000000,0.000000
all_ages,equal_adults_18plus,person,raw,third_plus_nh_white,extended_balance_after_health_ins,73873,173053893.397290,4866.004158,207.800491,0.000000,0.000000
all_ages,equal_adults_18plus,person,raw,third_plus_nh_white,extended_balance_base,73873,173053893.397290,8690.971354,200.494090,0.000000,0.000000
all_ages,equal_adults_18plus,person,raw,third_plus_nh_white,extended_balance_flat090,73873,173053893.397290,8453.103751,200.981694,0.000000,0.000000
all_ages,equal_adults_18plus,person,raw,third_plus_nh_white,extended_balance_renter,73873,173053893.397290,8953.359237,200.356982,0.000000,0.000000
all_ages,equal_adults_18plus,person,raw,third_plus_nh_white,extended_balance_sales_itep,73873,173053893.397290,9427.879171,201.350293,0.000000,0.000000
all_ages,equal_adults_18plus,person,raw,third_plus_nh_white,federal_after_refundable,73873,173053893.397290,6913.492773,122.069431,0.000000,0.000000
all_ages,equal_adults_18plus,person,raw,third_plus_nh_white,health_age_birth,73873,173053893.397290,4148.053928,9.785194,0.000000,0.000000
all_ages,equal_adults_18plus,person,raw,third_plus_nh_white,health_age_birth_ins,73873,173053893.397290,3824.967197,18.368438,0.000000,0.000000
all_ages,equal_adults_18plus,person,raw,third_plus_nh_white,k12_charged,73873,173053893.397290,1962.374860,29.542715,0.000000,0.000000
all_ages,equal_adults_18plus,person,raw,third_plus_nh_white,k12_charged_flat090,73873,173053893.397290,2200.242463,33.123710,0.000000,0.000000
all_ages,equal_adults_18plus,person,raw,third_plus_nh_white,k12_cost_at_full_attendance,73873,173053893.397290,2444.713848,36.804122,0.000000,0.000000
all_ages,equal_adults_18plus,person,raw,third_plus_nh_white,modeled_tax_total,73873,173053893.397290,11513.980165,162.408719,0.000000,0.000000
all_ages,equal_adults_18plus,person,raw,third_plus_nh_white,payroll,73873,173053893.397290,2914.275008,21.089276,0.000000,0.000000
all_ages,equal_adults_18plus,person,raw,third_plus_nh_white,property_tax_owner,73873,173053893.397290,1389.821287,14.059048,0.000000,0.000000
all_ages,equal_adults_18plus,person,raw,third_plus_nh_white,property_tax_renter_proxy,73873,173053893.397290,262.387882,4.070235,0.000000,0.000000
all_ages,equal_adults_18plus,person,raw,third_plus_nh_white,sales_tax_itep,73873,173053893.397290,1688.931213,8.575151,0.000000,0.000000
all_ages,equal_adults_18plus,person,raw,third_plus_nh_white,sales_tax_share35,73873,173053893.397290,952.023396,7.145478,0.000000,0.000000
all_ages,equal_adults_18plus,person,raw,third_plus_nh_white,selected_cash_total,73873,173053893.397290,5680.020803,44.613247,0.000000,0.000000
all_ages,equal_adults_18plus,person,raw,third_plus_nh_white,selected_noncash_total,73873,173053893.397290,161.843335,3.692958,0.000000,0.000000
all_ages,equal_adults_18plus,person,raw,third_plus_nh_white,snap,73873,173053893.397290,95.056431,3.264398,0.000000,0.000000
all_ages,equal_adults_18plus,person,raw,third_plus_nh_white,social_security,73873,173053893.397290,4981.111644,42.028702,0.000000,0.000000
all_ages,equal_adults_18plus,person,raw,third_plus_nh_white,state_after_credits,73873,173053893.397290,1686.212383,27.288833,0.000000,0.000000
all_ages,equal_adults_18plus,person,raw,third_plus_nh_white,state_local_total,73873,173053893.397290,4028.057066,41.746471,0.000000,0.000000
all_ages,equal_adults_18plus,resource_unit_head,raw,all_foreign_born,cash_noncash_tax_balance,21711,52297535.223633,7832.001106,249.343718,2135.301911,290.152552
all_ages,equal_adults_18plus,resource_unit_head,raw,all_foreign_born,children_5_17,21711,52297535.223633,0.233975,0.003540,0.090901,0.004010
all_ages,equal_adults_18plus,resource_unit_head,raw,all_foreign_born,employer_payroll,21711,52297535.223633,2958.497050,31.793360,310.166887,35.812873
all_ages,equal_adults_18plus,resource_unit_head,raw,all_foreign_born,extended_balance_after_health,21711,52297535.223633,6315.575412,303.455574,1765.278231,353.005723
all_ages,equal_adults_18plus,resource_unit_head,raw,all_foreign_born,extended_balance_after_health_ins,21711,52297535.223633,6263.768925,316.158684,1384.654208,364.902164
all_ages,equal_adults_18plus,resource_unit_head,raw,all_foreign_born,extended_balance_base,21711,52297535.223633,9501.950212,303.534686,784.899912,353.415141
all_ages,equal_adults_18plus,resource_unit_head,raw,all_foreign_born,extended_balance_flat090,21711,52297535.223633,9076.054080,304.993816,598.968212,355.250257
all_ages,equal_adults_18plus,resource_unit_head,raw,all_foreign_born,extended_balance_renter,21711,52297535.223633,10084.543127,302.496409,1101.630317,352.051603
all_ages,equal_adults_18plus,resource_unit_head,raw,all_foreign_born,extended_balance_sales_itep,21711,52297535.223633,10179.621090,304.833975,720.694506,355.182731
all_ages,equal_adults_18plus,resource_unit_head,raw,all_foreign_born,federal_after_refundable,21711,52297535.223633,6138.820788,182.075177,-810.141706,220.236752
all_ages,equal_adults_18plus,resource_unit_head,raw,all_foreign_born,health_age_birth,21711,52297535.223633,3186.374801,25.084875,-980.378319,31.571683
all_ages,equal_adults_18plus,resource_unit_head,raw,all_foreign_born,health_age_birth_ins,21711,52297535.223633,3238.181287,34.410912,-599.754296,41.082280
all_ages,equal_adults_18plus,resource_unit_head,raw,all_foreign_born,k12_charged,21711,52297535.223633,3513.584238,60.646741,1533.910832,68.288090
all_ages,equal_adults_18plus,resource_unit_head,raw,all_foreign_born,k12_charged_flat090,21711,52297535.223633,3939.480371,67.997985,1719.842532,76.565573
all_ages,equal_adults_18plus,resource_unit_head,raw,all_foreign_born,k12_cost_at_full_attendance,21711,52297535.223633,4377.200412,75.553316,1910.936146,85.072859
all_ages,equal_adults_18plus,resource_unit_head,raw,all_foreign_born,modeled_tax_total,21711,52297535.223633,11049.714008,247.536093,-519.379542,293.592430
all_ages,equal_adults_18plus,resource_unit_head,raw,all_foreign_born,payroll,21711,52297535.223633,3250.211033,34.688698,326.343475,38.763137
all_ages,equal_adults_18plus,resource_unit_head,raw,all_foreign_born,property_tax_owner,21711,52297535.223633,1258.345509,27.770820,-137.228337,29.877166
all_ages,equal_adults_18plus,resource_unit_head,raw,all_foreign_born,property_tax_renter_proxy,21711,52297535.223633,582.592914,8.093264,316.730405,9.176659
all_ages,equal_adults_18plus,resource_unit_head,raw,all_foreign_born,sales_tax_itep,21711,52297535.223633,1644.361663,13.951023,-53.635123,16.611750
all_ages,equal_adults_18plus,resource_unit_head,raw,all_foreign_born,sales_tax_share35,21711,52297535.223633,966.690786,11.532760,10.570283,13.457486
all_ages,equal_adults_18plus,resource_unit_head,raw,all_foreign_born,selected_cash_total,21711,52297535.223633,2903.621723,62.189387,-2806.384069,78.039529
all_ages,equal_adults_18plus,resource_unit_head,raw,all_foreign_born,selected_noncash_total,21711,52297535.223633,314.091180,8.061204,151.702617,8.846390
all_ages,equal_adults_18plus,resource_unit_head,raw,all_foreign_born,snap,21711,52297535.223633,172.797352,6.790214,77.659345,7.650634
all_ages,equal_adults_18plus,resource_unit_head,raw,all_foreign_born,social_security,21711,52297535.223633,2429.479459,56.024199,-2581.231531,73.867967
all_ages,equal_adults_18plus,resource_unit_head,raw,all_foreign_born,state_after_credits,21711,52297535.223633,1660.682188,46.926762,-35.581310,54.173488
all_ages,equal_adults_18plus,resource_unit_head,raw,all_foreign_born,state_local_total,21711,52297535.223633,3885.718483,72.328237,-162.239365,83.029294
all_ages,equal_adults_18plus,resource_unit_head,raw,all_native,cash_noncash_tax_balance,119938,273435962.106643,4918.277282,127.372687,-778.421913,74.065511
all_ages,equal_adults_18plus,resource_unit_head,raw,all_native,children_5_17,119938,273435962.106643,0.144247,0.001342,0.001173,0.000989
all_ages,equal_adults_18plus,resource_unit_head,raw,all_native,employer_payroll,119938,273435962.106643,2398.416460,15.227379,-249.913703,9.355680
all_ages,equal_adults_18plus,resource_unit_head,raw,all_native,extended_balance_after_health,119938,273435962.106643,3703.730721,155.312134,-846.566460,87.999831
all_ages,equal_adults_18plus,resource_unit_head,raw,all_native,extended_balance_after_health_ins,119938,273435962.106643,3844.804377,160.213357,-1034.310340,90.379050
all_ages,equal_adults_18plus,resource_unit_head,raw,all_native,extended_balance_base,119938,273435962.106643,7309.951972,155.671094,-1407.098329,87.858104
all_ages,equal_adults_18plus,resource_unit_head,raw,all_native,extended_balance_flat090,119938,273435962.106643,7065.596704,156.582560,-1411.489165,88.290707
all_ages,equal_adults_18plus,resource_unit_head,raw,all_native,extended_balance_renter,119938,273435962.106643,7637.155346,155.621792,-1345.757464,88.056609
all_ages,equal_adults_18plus,resource_unit_head,raw,all_native,extended_balance_sales_itep,119938,273435962.106643,7973.434206,156.576067,-1485.492378,88.577494
all_ages,equal_adults_18plus,resource_unit_head,raw,all_native,federal_after_refundable,119938,273435962.106643,5787.749117,92.117452,-1161.213376,54.541911
all_ages,equal_adults_18plus,resource_unit_head,raw,all_native,health_age_birth,119938,273435962.106643,3606.221251,9.668373,-560.531869,9.501378
all_ages,equal_adults_18plus,resource_unit_head,raw,all_native,health_age_birth_ins,119938,273435962.106643,3465.147594,15.213124,-372.787989,12.791821
all_ages,equal_adults_18plus,resource_unit_head,raw,all_native,k12_charged,119938,273435962.106643,2015.897194,22.229218,36.223787,16.211494
all_ages,equal_adults_18plus,resource_unit_head,raw,all_native,k12_charged_flat090,119938,273435962.106643,2260.252462,24.923714,40.614623,18.176556
all_ages,equal_adults_18plus,resource_unit_head,raw,all_native,k12_cost_at_full_attendance,119938,273435962.106643,2511.391624,27.693015,45.127359,20.196174
all_ages,equal_adults_18plus,resource_unit_head,raw,all_native,modeled_tax_total,119938,273435962.106643,9859.562880,124.059502,-1709.530670,72.561239
all_ages,equal_adults_18plus,resource_unit_head,raw,all_native,payroll,119938,273435962.106643,2628.264122,17.172893,-295.603436,10.232387
all_ages,equal_adults_18plus,resource_unit_head,raw,all_native,property_tax_owner,119938,273435962.106643,1162.960857,10.198012,-232.612989,7.018177
all_ages,equal_adults_18plus,resource_unit_head,raw,all_native,property_tax_renter_proxy,119938,273435962.106643,327.203374,3.614408,61.340865,2.550687
all_ages,equal_adults_18plus,resource_unit_head,raw,all_native,sales_tax_itep,119938,273435962.106643,1509.676801,7.143317,-188.319986,4.723525
all_ages,equal_adults_18plus,resource_unit_head,raw,all_native,sales_tax_share35,119938,273435962.106643,846.194566,5.682925,-109.925937,3.443122
all_ages,equal_adults_18plus,resource_unit_head,raw,all_native,selected_cash_total,119938,273435962.106643,4730.641790,34.231786,-979.364002,26.161967
all_ages,equal_adults_18plus,resource_unit_head,raw,all_native,selected_noncash_total,119938,273435962.106643,210.643807,3.476043,48.255245,2.993847
all_ages,equal_adults_18plus,resource_unit_head,raw,all_native,snap,119938,273435962.106643,129.285623,2.926597,34.147616,2.557724
all_ages,equal_adults_18plus,resource_unit_head,raw,all_native,social_security,119938,273435962.106643,4025.160103,32.468050,-985.550887,22.861567
all_ages,equal_adults_18plus,resource_unit_head,raw,all_native,state_after_credits,119938,273435962.106643,1443.549641,20.522626,-252.713858,12.676152
all_ages,equal_adults_18plus,resource_unit_head,raw,all_native,state_local_total,119938,273435962.106643,3452.705064,31.654020,-595.252783,19.168363
all_ages,equal_adults_18plus,resource_unit_head,raw,asian_indian_native_selfid,cash_noncash_tax_balance,790,2009561.530444,12023.393926,1207.188900,6326.694731,1212.246477
all_ages,equal_adults_18plus,resource_unit_head,raw,asian_indian_native_selfid,children_5_17,790,2009561.530444,0.080954,0.010857,-0.062120,0.011083
all_ages,equal_adults_18plus,resource_unit_head,raw,asian_indian_native_selfid,employer_payroll,790,2009561.530444,2655.225208,165.585171,6.895045,166.196372
all_ages,equal_adults_18plus,resource_unit_head,raw,asian_indian_native_selfid,extended_balance_after_health,790,2009561.530444,14095.715174,1439.369808,9545.417993,1448.016954
all_ages,equal_adults_18plus,resource_unit_head,raw,asian_indian_native_selfid,extended_balance_after_health_ins,790,2009561.530444,14378.309438,1471.651386,9499.194720,1478.544347
all_ages,equal_adults_18plus,resource_unit_head,raw,asian_indian_native_selfid,extended_balance_base,790,2009561.530444,15390.654327,1446.924732,6673.604027,1454.779451
all_ages,equal_adults_18plus,resource_unit_head,raw,asian_indian_native_selfid,extended_balance_flat090,790,2009561.530444,15233.266551,1446.833159,6756.180683,1455.058508
all_ages,equal_adults_18plus,resource_unit_head,raw,asian_indian_native_selfid,extended_balance_renter,790,2009561.530444,15592.512049,1458.558080,6609.599239,1466.270522
all_ages,equal_adults_18plus,resource_unit_head,raw,asian_indian_native_selfid,extended_balance_sales_itep,790,2009561.530444,15739.040650,1457.538202,6280.114066,1465.172166
all_ages,equal_adults_18plus,resource_unit_head,raw,asian_indian_native_selfid,federal_after_refundable,790,2009561.530444,7778.543183,876.319509,829.580690,878.314772
all_ages,equal_adults_18plus,resource_unit_head,raw,asian_indian_native_selfid,health_age_birth,790,2009561.530444,1294.939153,85.315260,-2871.813966,86.909144
all_ages,equal_adults_18plus,resource_unit_head,raw,asian_indian_native_selfid,health_age_birth_ins,790,2009561.530444,1012.344890,100.820256,-2825.590693,103.061717
all_ages,equal_adults_18plus,resource_unit_head,raw,asian_indian_native_selfid,k12_charged,790,2009561.530444,1298.427404,177.308314,-681.246002,181.664129
all_ages,equal_adults_18plus,resource_unit_head,raw,asian_indian_native_selfid,k12_charged_flat090,790,2009561.530444,1455.815180,198.800591,-763.822659,203.684393
all_ages,equal_adults_18plus,resource_unit_head,raw,asian_indian_native_selfid,k12_cost_at_full_attendance,790,2009561.530444,1617.572423,220.889545,-848.691843,226.315992
all_ages,equal_adults_18plus,resource_unit_head,raw,asian_indian_native_selfid,modeled_tax_total,790,2009561.530444,12584.550293,1198.625882,1015.456743,1202.685941
all_ages,equal_adults_18plus,resource_unit_head,raw,asian_indian_native_selfid,payroll,790,2009561.530444,2770.786128,176.399170,-153.081430,176.636566
all_ages,equal_adults_18plus,resource_unit_head,raw,asian_indian_native_selfid,property_tax_owner,790,2009561.530444,1211.237640,129.673216,-184.336206,129.374030
all_ages,equal_adults_18plus,resource_unit_head,raw,asian_indian_native_selfid,property_tax_renter_proxy,790,2009561.530444,201.857722,31.723711,-64.004787,31.672146
all_ages,equal_adults_18plus,resource_unit_head,raw,asian_indian_native_selfid,sales_tax_itep,790,2009561.530444,1147.611280,75.124199,-550.385506,74.837835
all_ages,equal_adults_18plus,resource_unit_head,raw,asian_indian_native_selfid,sales_tax_share35,790,2009561.530444,799.224957,62.305330,-156.895546,62.296533
all_ages,equal_adults_18plus,resource_unit_head,raw,asian_indian_native_selfid,selected_cash_total,790,2009561.530444,516.754376,117.491891,-5193.251416,129.141319
all_ages,equal_adults_18plus,resource_unit_head,raw,asian_indian_native_selfid,selected_noncash_total,790,2009561.530444,44.401991,12.015313,-117.986572,11.944905
all_ages,equal_adults_18plus,resource_unit_head,raw,asian_indian_native_selfid,snap,790,2009561.530444,24.130964,10.917560,-71.007042,10.971297
all_ages,equal_adults_18plus,resource_unit_head,raw,asian_indian_native_selfid,social_security,790,2009561.530444,393.622706,101.878286,-4617.088284,112.783000
all_ages,equal_adults_18plus,resource_unit_head,raw,asian_indian_native_selfid,state_after_credits,790,2009561.530444,2035.220982,211.952206,338.957484,215.129849
all_ages,equal_adults_18plus,resource_unit_head,raw,asian_indian_native_selfid,state_local_total,790,2009561.530444,4045.683579,335.549920,-2.274269,338.039078
all_ages,equal_adults_18plus,resource_unit_head,raw,china_born,cash_noncash_tax_balance,911,2269611.049934,16091.624244,1985.784087,10394.925049,1981.551899
all_ages,equal_adults_18plus,resource_unit_head,raw,china_born,children_5_17,911,2269611.049934,0.195270,0.016806,0.052196,0.017046
all_ages,equal_adults_18plus,resource_unit_head,raw,china_born,employer_payroll,911,2269611.049934,3944.104348,220.873711,1295.774185,220.697615
all_ages,equal_adults_18plus,resource_unit_head,raw,china_born,extended_balance_after_health,911,2269611.049934,16928.499838,2387.378477,12378.202657,2386.264796
all_ages,equal_adults_18plus,resource_unit_head,raw,china_born,extended_balance_after_health_ins,911,2269611.049934,16605.131854,2452.245514,11726.017136,2451.499567
all_ages,equal_adults_18plus,resource_unit_head,raw,china_born,extended_balance_base,911,2269611.049934,20578.168362,2353.529634,11861.118062,2351.028849
all_ages,equal_adults_18plus,resource_unit_head,raw,china_born,extended_balance_flat090,911,2269611.049934,20176.892403,2356.127067,11699.806535,2353.923405
all_ages,equal_adults_18plus,resource_unit_head,raw,china_born,extended_balance_renter,911,2269611.049934,21207.162494,2341.737212,12224.249685,2339.507293
all_ages,equal_adults_18plus,resource_unit_head,raw,china_born,extended_balance_sales_itep,911,2269611.049934,21266.417463,2358.322399,11807.490879,2355.920012
all_ages,equal_adults_18plus,resource_unit_head,raw,china_born,federal_after_refundable,911,2269611.049934,11534.923810,1364.191512,4585.961317,1359.133562
all_ages,equal_adults_18plus,resource_unit_head,raw,china_born,health_age_birth,911,2269611.049934,3649.668524,162.948379,-517.084595,163.904048
all_ages,equal_adults_18plus,resource_unit_head,raw,china_born,health_age_birth_ins,911,2269611.049934,3973.036508,251.980297,135.100925,252.357221
all_ages,equal_adults_18plus,resource_unit_head,raw,china_born,k12_charged,911,2269611.049934,3310.471209,284.962089,1330.797802,288.006183
all_ages,equal_adults_18plus,resource_unit_head,raw,china_born,k12_charged_flat090,911,2269611.049934,3711.747168,319.503527,1492.109329,322.916608
all_ages,equal_adults_18plus,resource_unit_head,raw,china_born,k12_cost_at_full_attendance,911,2269611.049934,4124.163520,355.003919,1657.899254,358.796231
all_ages,equal_adults_18plus,resource_unit_head,raw,china_born,modeled_tax_total,911,2269611.049934,19345.196436,1981.720795,7776.102886,1975.321460
all_ages,equal_adults_18plus,resource_unit_head,raw,china_born,payroll,911,2269611.049934,4295.765816,238.173273,1371.898259,237.212443
all_ages,equal_adults_18plus,resource_unit_head,raw,china_born,property_tax_owner,911,2269611.049934,2457.697738,216.692779,1062.123892,217.479823
all_ages,equal_adults_18plus,resource_unit_head,raw,china_born,property_tax_renter_proxy,911,2269611.049934,628.994132,45.494133,363.131623,45.986489
all_ages,equal_adults_18plus,resource_unit_head,raw,china_born,sales_tax_itep,911,2269611.049934,2083.462343,98.299963,385.465556,98.283067
all_ages,equal_adults_18plus,resource_unit_head,raw,china_born,sales_tax_share35,911,2269611.049934,1395.213242,90.047892,439.092739,89.649032
all_ages,equal_adults_18plus,resource_unit_head,raw,china_born,selected_cash_total,911,2269611.049934,2983.689553,366.891576,-2726.316239,371.468395
all_ages,equal_adults_18plus,resource_unit_head,raw,china_born,selected_noncash_total,911,2269611.049934,269.882640,35.013897,107.494077,35.505248
all_ages,equal_adults_18plus,resource_unit_head,raw,china_born,snap,911,2269611.049934,161.594043,31.506041,66.456037,31.819807
all_ages,equal_adults_18plus,resource_unit_head,raw,china_born,social_security,911,2269611.049934,2532.760775,333.773340,-2477.950215,337.045322
all_ages,equal_adults_18plus,resource_unit_head,raw,china_born,state_after_credits,911,2269611.049934,3514.506809,436.468934,1818.243311,436.344471
all_ages,equal_adults_18plus,resource_unit_head,raw,china_born,state_local_total,911,2269611.049934,7367.417789,642.055655,3319.459941,641.894199
all_ages,equal_adults_18plus,resource_unit_head,raw,china_born_broad,cash_noncash_tax_balance,1135,2822749.608980,16241.976471,1690.550023,10545.277276,1689.267696
all_ages,equal_adults_18plus,resource_unit_head,raw,china_born_broad,children_5_17,1135,2822749.608980,0.188683,0.014841,0.045610,0.015036
all_ages,equal_adults_18plus,resource_unit_head,raw,china_born_broad,employer_payroll,1135,2822749.608980,4052.826225,192.831453,1404.496062,193.357660
all_ages,equal_adults_18plus,resource_unit_head,raw,china_born_broad,extended_balance_after_health,1135,2822749.608980,17431.457305,2036.439610,12881.160124,2038.793992
all_ages,equal_adults_18plus,resource_unit_head,raw,china_born_broad,extended_balance_after_health_ins,1135,2822749.608980,17356.822488,2097.849123,12477.707770,2101.127655
all_ages,equal_adults_18plus,resource_unit_head,raw,china_born_broad,extended_balance_base,1135,2822749.608980,21263.414549,2003.420868,12546.364249,2004.427130
all_ages,equal_adults_18plus,resource_unit_head,raw,china_born_broad,extended_balance_flat090,1135,2822749.608980,20880.707461,2006.150710,12403.621593,2007.359273
all_ages,equal_adults_18plus,resource_unit_head,raw,china_born_broad,extended_balance_renter,1135,2822749.608980,21843.151713,1995.226441,12860.238904,1996.316674
all_ages,equal_adults_18plus,resource_unit_head,raw,china_born_broad,extended_balance_sales_itep,1135,2822749.608980,21953.636303,2008.364340,12494.709719,2009.528934
all_ages,equal_adults_18plus,resource_unit_head,raw,china_born_broad,federal_after_refundable,1135,2822749.608980,12072.269629,1180.293718,5123.307135,1177.669834
all_ages,equal_adults_18plus,resource_unit_head,raw,china_born_broad,health_age_birth,1135,2822749.608980,3831.957244,147.813869,-334.795875,148.866472
all_ages,equal_adults_18plus,resource_unit_head,raw,china_born_broad,health_age_birth_ins,1135,2822749.608980,3906.592062,229.691406,68.656479,230.490739
all_ages,equal_adults_18plus,resource_unit_head,raw,china_born_broad,k12_charged,1135,2822749.608980,3157.280588,249.935122,1177.607181,252.225695
all_ages,equal_adults_18plus,resource_unit_head,raw,china_born_broad,k12_charged_flat090,1135,2822749.608980,3539.987676,280.230796,1320.349837,282.799019
all_ages,equal_adults_18plus,resource_unit_head,raw,china_born_broad,k12_cost_at_full_attendance,1135,2822749.608980,3933.319640,311.367551,1467.055374,314.221132
all_ages,equal_adults_18plus,resource_unit_head,raw,china_born_broad,modeled_tax_total,1135,2822749.608980,19835.391058,1678.121568,8266.297509,1674.220590
all_ages,equal_adults_18plus,resource_unit_head,raw,china_born_broad,payroll,1135,2822749.608980,4394.652668,206.320243,1470.785111,205.966556
all_ages,equal_adults_18plus,resource_unit_head,raw,china_born_broad,property_tax_owner,1135,2822749.608980,2678.229422,189.049563,1282.655576,189.502161
all_ages,equal_adults_18plus,resource_unit_head,raw,china_born_broad,property_tax_renter_proxy,1135,2822749.608980,579.737164,39.447201,313.874655,39.997426
all_ages,equal_adults_18plus,resource_unit_head,raw,china_born_broad,sales_tax_itep,1135,2822749.608980,2137.884773,85.156215,439.887986,85.428168
all_ages,equal_adults_18plus,resource_unit_head,raw,china_born_broad,sales_tax_share35,1135,2822749.608980,1447.663019,77.700963,491.542516,77.592315
all_ages,equal_adults_18plus,resource_unit_head,raw,china_born_broad,selected_cash_total,1135,2822749.608980,3335.816753,333.275941,-2374.189039,337.789404
all_ages,equal_adults_18plus,resource_unit_head,raw,china_born_broad,selected_noncash_total,1135,2822749.608980,257.597835,34.770349,95.209272,35.292727
all_ages,equal_adults_18plus,resource_unit_head,raw,china_born_broad,snap,1135,2822749.608980,159.005482,31.654830,63.867475,31.987085
all_ages,equal_adults_18plus,resource_unit_head,raw,china_born_broad,social_security,1135,2822749.608980,2880.794468,317.396346,-2129.916522,319.913919
all_ages,equal_adults_18plus,resource_unit_head,raw,china_born_broad,state_after_credits,1135,2822749.608980,3368.468761,363.621552,1672.205263,363.768441
all_ages,equal_adults_18plus,resource_unit_head,raw,china_born_broad,state_local_total,1135,2822749.608980,7494.361202,532.027534,3446.403355,532.098247
all_ages,equal_adults_18plus,resource_unit_head,raw,india_born,cash_noncash_tax_balance,1607,4269449.732434,20938.836569,1159.730542,15242.137374,1162.943424
all_ages,equal_adults_18plus,resource_unit_head,raw,india_born,children_5_17,1607,4269449.732434,0.214895,0.011421,0.071821,0.011639
all_ages,equal_adults_18plus,resource_unit_head,raw,india_born,employer_payroll,1607,4269449.732434,5225.976884,170.199180,2577.646722,171.063996
all_ages,equal_adults_18plus,resource_unit_head,raw,india_born,extended_balance_after_health,1607,4269449.732434,24106.167643,1406.409696,19555.870462,1409.179474
all_ages,equal_adults_18plus,resource_unit_head,raw,india_born,extended_balance_after_health_ins,1607,4269449.732434,24818.475183,1430.416554,19939.360465,1433.360627
all_ages,equal_adults_18plus,resource_unit_head,raw,india_born,extended_balance_base,1607,4269449.732434,26406.276573,1401.284382,17689.226272,1405.689692
all_ages,equal_adults_18plus,resource_unit_head,raw,india_born,extended_balance_flat090,1607,4269449.732434,26006.612947,1403.985970,17529.527078,1408.472440
all_ages,equal_adults_18plus,resource_unit_head,raw,india_born,extended_balance_renter,1607,4269449.732434,26855.050986,1402.357982,17872.138177,1406.229891
all_ages,equal_adults_18plus,resource_unit_head,raw,india_born,extended_balance_sales_itep,1607,4269449.732434,27100.883291,1404.217132,17641.956707,1408.974030
all_ages,equal_adults_18plus,resource_unit_head,raw,india_born,federal_after_refundable,1607,4269449.732434,13788.917776,810.897574,6839.955282,817.095626
all_ages,equal_adults_18plus,resource_unit_head,raw,india_born,health_age_birth,1607,4269449.732434,2300.108930,104.118738,-1866.644189,106.461397
all_ages,equal_adults_18plus,resource_unit_head,raw,india_born,health_age_birth_ins,1607,4269449.732434,1587.801390,118.198269,-2250.134193,120.748265
all_ages,equal_adults_18plus,resource_unit_head,raw,india_born,k12_charged,1607,4269449.732434,3297.169689,180.164050,1317.496282,184.925348
all_ages,equal_adults_18plus,resource_unit_head,raw,india_born,k12_charged_flat090,1607,4269449.732434,3696.833315,202.002482,1477.195476,207.340918
all_ages,equal_adults_18plus,resource_unit_head,raw,india_born,k12_cost_at_full_attendance,1607,4269449.732434,4107.592573,224.447202,1641.328307,230.378797
all_ages,equal_adults_18plus,resource_unit_head,raw,india_born,modeled_tax_total,1607,4269449.732434,22519.035287,1142.696097,10949.941738,1148.893607
all_ages,equal_adults_18plus,resource_unit_head,raw,india_born,payroll,1607,4269449.732434,5446.252958,176.731685,2522.385400,177.374951
all_ages,equal_adults_18plus,resource_unit_head,raw,india_born,property_tax_owner,1607,4269449.732434,1982.793119,113.307303,587.219273,112.243281
all_ages,equal_adults_18plus,resource_unit_head,raw,india_born,property_tax_renter_proxy,1607,4269449.732434,448.774413,27.238258,182.911904,27.680205
all_ages,equal_adults_18plus,resource_unit_head,raw,india_born,sales_tax_itep,1607,4269449.732434,2250.446407,61.027690,552.449621,61.749897
all_ages,equal_adults_18plus,resource_unit_head,raw,india_born,sales_tax_share35,1607,4269449.732434,1555.839689,57.784667,599.719186,58.189292
all_ages,equal_adults_18plus,resource_unit_head,raw,india_born,selected_cash_total,1607,4269449.732434,1501.702869,221.049307,-4208.302923,226.991180
all_ages,equal_adults_18plus,resource_unit_head,raw,india_born,selected_noncash_total,1607,4269449.732434,78.495849,11.555966,-83.892713,11.915845
all_ages,equal_adults_18plus,resource_unit_head,raw,india_born,snap,1607,4269449.732434,25.330267,9.290929,-69.807739,9.799369
all_ages,equal_adults_18plus,resource_unit_head,raw,india_born,social_security,1607,4269449.732434,1332.915811,210.480527,-3677.795179,215.663600
all_ages,equal_adults_18plus,resource_unit_head,raw,india_born,state_after_credits,1607,4269449.732434,3283.864554,230.082538,1587.601056,230.434469
all_ages,equal_adults_18plus,resource_unit_head,raw,india_born,state_local_total,1607,4269449.732434,6822.497362,327.869667,2774.539514,328.195496
all_ages,equal_adults_18plus,resource_unit_head,raw,india_born_recent_noncit,cash_noncash_tax_balance,500,1376550.800685,13187.294752,1081.483373,7490.595557,1067.414104
all_ages,equal_adults_18plus,resource_unit_head,raw,india_born_recent_noncit,children_5_17,500,1376550.800685,0.142436,0.018907,-0.000638,0.019105
all_ages,equal_adults_18plus,resource_unit_head,raw,india_born_recent_noncit,employer_payroll,500,1376550.800685,3930.286361,221.041691,1281.956198,221.190708
all_ages,equal_adults_18plus,resource_unit_head,raw,india_born_recent_noncit,extended_balance_after_health,500,1376550.800685,15460.588639,1428.685535,10910.291458,1418.339385
all_ages,equal_adults_18plus,resource_unit_head,raw,india_born_recent_noncit,extended_balance_after_health_ins,500,1376550.800685,15933.756429,1446.247158,11054.641711,1435.745302
all_ages,equal_adults_18plus,resource_unit_head,raw,india_born_recent_noncit,extended_balance_base,500,1376550.800685,16498.728004,1434.936026,7781.677703,1424.602384
all_ages,equal_adults_18plus,resource_unit_head,raw,india_born_recent_noncit,extended_balance_flat090,500,1376550.800685,16225.985986,1447.632502,7748.900118,1437.958971
all_ages,equal_adults_18plus,resource_unit_head,raw,india_born_recent_noncit,extended_balance_renter,500,1376550.800685,17330.934968,1451.346823,8348.022158,1439.839292
all_ages,equal_adults_18plus,resource_unit_head,raw,india_born_recent_noncit,extended_balance_sales_itep,500,1376550.800685,17196.897236,1436.540034,7737.970652,1426.064042
all_ages,equal_adults_18plus,resource_unit_head,raw,india_born_recent_noncit,federal_after_refundable,500,1376550.800685,7664.565720,727.768559,715.603226,721.108087
all_ages,equal_adults_18plus,resource_unit_head,raw,india_born_recent_noncit,health_age_birth,500,1376550.800685,1038.139365,58.441604,-3128.613755,62.443624
all_ages,equal_adults_18plus,resource_unit_head,raw,india_born_recent_noncit,health_age_birth_ins,500,1376550.800685,564.971575,79.795118,-3272.964008,86.570910
all_ages,equal_adults_18plus,resource_unit_head,raw,india_born_recent_noncit,k12_charged,500,1376550.800685,2250.083958,342.255540,270.410552,346.531508
all_ages,equal_adults_18plus,resource_unit_head,raw,india_born_recent_noncit,k12_charged_flat090,500,1376550.800685,2522.825976,383.741755,303.188137,388.536031
all_ages,equal_adults_18plus,resource_unit_head,raw,india_born_recent_noncit,k12_cost_at_full_attendance,500,1376550.800685,2803.139974,426.379728,336.875708,431.706701
all_ages,equal_adults_18plus,resource_unit_head,raw,india_born_recent_noncit,modeled_tax_total,500,1376550.800685,13430.645570,1084.452753,1861.552020,1075.051597
all_ages,equal_adults_18plus,resource_unit_head,raw,india_born_recent_noncit,payroll,500,1376550.800685,3974.864852,225.075183,1050.997294,225.088199
all_ages,equal_adults_18plus,resource_unit_head,raw,india_born_recent_noncit,property_tax_owner,500,1376550.800685,522.768538,73.266253,-872.805308,73.221126
all_ages,equal_adults_18plus,resource_unit_head,raw,india_born_recent_noncit,property_tax_renter_proxy,500,1376550.800685,832.206964,49.917222,566.344455,49.758786
all_ages,equal_adults_18plus,resource_unit_head,raw,india_born_recent_noncit,sales_tax_itep,500,1376550.800685,1806.631543,73.005445,108.634756,72.387799
all_ages,equal_adults_18plus,resource_unit_head,raw,india_born_recent_noncit,sales_tax_share35,500,1376550.800685,1108.462311,69.427350,152.341808,69.050865
all_ages,equal_adults_18plus,resource_unit_head,raw,india_born_recent_noncit,selected_cash_total,500,1376550.800685,189.502876,89.435174,-5520.502916,104.104312
all_ages,equal_adults_18plus,resource_unit_head,raw,india_born_recent_noncit,selected_noncash_total,500,1376550.800685,53.847942,11.919203,-108.540621,12.303784
all_ages,equal_adults_18plus,resource_unit_head,raw,india_born_recent_noncit,snap,500,1376550.800685,7.729791,4.939690,-87.408215,5.467786
all_ages,equal_adults_18plus,resource_unit_head,raw,india_born_recent_noncit,social_security,500,1376550.800685,46.386240,33.044251,-4964.324750,56.929579
all_ages,equal_adults_18plus,resource_unit_head,raw,india_born_recent_noncit,state_after_credits,500,1376550.800685,1791.214998,201.273561,94.951500,201.213401
all_ages,equal_adults_18plus,resource_unit_head,raw,india_born_recent_noncit,state_local_total,500,1376550.800685,3422.445848,268.290632,-625.512000,268.632283
all_ages,equal_adults_18plus,resource_unit_head,raw,india_born_settled,cash_noncash_tax_balance,1107,2892898.931749,24627.313542,1492.460362,18930.614347,1503.461808
all_ages,equal_adults_18plus,resource_unit_head,raw,india_born_settled,children_5_17,1107,2892898.931749,0.249374,0.014258,0.106300,0.014358
all_ages,equal_adults_18plus,resource_unit_head,raw,india_born_settled,employer_payroll,1107,2892898.931749,5842.515474,194.263057,3194.185311,195.925712
all_ages,equal_adults_18plus,resource_unit_head,raw,india_born_settled,extended_balance_after_health,1107,2892898.931749,28220.061346,1754.991037,23669.764165,1765.406745
all_ages,equal_adults_18plus,resource_unit_head,raw,india_born_settled,extended_balance_after_health_ins,1107,2892898.931749,29046.160630,1787.553339,24167.045912,1798.440152
all_ages,equal_adults_18plus,resource_unit_head,raw,india_born_settled,extended_balance_base,1107,2892898.931749,31120.663158,1724.610220,22403.612857,1737.772788
all_ages,equal_adults_18plus,resource_unit_head,raw,india_born_settled,extended_balance_flat090,1107,2892898.931749,30660.605426,1724.599195,22183.519558,1737.589184
all_ages,equal_adults_18plus,resource_unit_head,raw,india_born_settled,extended_balance_renter,1107,2892898.931749,31386.985852,1725.374587,22404.073042,1738.336314
all_ages,equal_adults_18plus,resource_unit_head,raw,india_born_settled,extended_balance_sales_itep,1107,2892898.931749,31813.574697,1729.142091,22354.648113,1742.837968
all_ages,equal_adults_18plus,resource_unit_head,raw,india_born_settled,federal_after_refundable,1107,2892898.931749,16703.116275,1042.241976,9754.153782,1054.719618
all_ages,equal_adults_18plus,resource_unit_head,raw,india_born_settled,health_age_birth,1107,2892898.931749,2900.601812,135.147908,-1266.151308,137.209886
all_ages,equal_adults_18plus,resource_unit_head,raw,india_born_settled,health_age_birth_ins,1107,2892898.931749,2074.502528,161.473430,-1763.433055,162.439858
all_ages,equal_adults_18plus,resource_unit_head,raw,india_born_settled,k12_charged,1107,2892898.931749,3795.412709,222.998476,1815.739302,225.652834
all_ages,equal_adults_18plus,resource_unit_head,raw,india_born_settled,k12_charged_flat090,1107,2892898.931749,4255.470440,250.029048,2035.832601,253.005150
all_ages,equal_adults_18plus,resource_unit_head,raw,india_born_settled,k12_cost_at_full_attendance,1107,2892898.931749,4728.300489,277.810053,2262.036224,281.116834
all_ages,equal_adults_18plus,resource_unit_head,raw,india_born_settled,modeled_tax_total,1107,2892898.931749,26843.635088,1443.925809,15274.541538,1459.010877
all_ages,equal_adults_18plus,resource_unit_head,raw,india_born_settled,payroll,1107,2892898.931749,6146.395107,202.365767,3222.527550,203.651851
all_ages,equal_adults_18plus,resource_unit_head,raw,india_born_settled,property_tax_owner,1107,2892898.931749,2677.528073,139.789499,1281.954227,139.213055
all_ages,equal_adults_18plus,resource_unit_head,raw,india_born_settled,property_tax_renter_proxy,1107,2892898.931749,266.322694,27.316536,0.460185,27.877156
all_ages,equal_adults_18plus,resource_unit_head,raw,india_born_settled,sales_tax_itep,1107,2892898.931749,2461.630317,73.016664,763.633530,74.448299
all_ages,equal_adults_18plus,resource_unit_head,raw,india_born_settled,sales_tax_share35,1107,2892898.931749,1768.718777,67.207828,812.598274,68.097654
all_ages,equal_adults_18plus,resource_unit_head,raw,india_born_settled,selected_cash_total,1107,2892898.931749,2126.097289,316.462685,-3583.908503,321.422412
all_ages,equal_adults_18plus,resource_unit_head,raw,india_born_settled,selected_noncash_total,1107,2892898.931749,90.224256,16.115666,-72.164306,16.378374
all_ages,equal_adults_18plus,resource_unit_head,raw,india_born_settled,snap,1107,2892898.931749,33.705239,13.632229,-61.432767,14.070190
all_ages,equal_adults_18plus,resource_unit_head,raw,india_born_settled,social_security,1107,2892898.931749,1945.095273,303.490793,-3065.615717,308.287177
all_ages,equal_adults_18plus,resource_unit_head,raw,india_born_settled,state_after_credits,1107,2892898.931749,3994.123705,303.649274,2297.860207,304.630892
all_ages,equal_adults_18plus,resource_unit_head,raw,india_born_settled,state_local_total,1107,2892898.931749,8440.370556,414.774842,4392.412708,416.783082
all_ages,equal_adults_18plus,resource_unit_head,raw,india_second_gen,cash_noncash_tax_balance,704,1765261.960965,12199.467844,1499.193773,6502.768649,1499.651316
all_ages,equal_adults_18plus,resource_unit_head,raw,india_second_gen,children_5_17,704,1765261.960965,0.068573,0.011393,-0.074501,0.011649
all_ages,equal_adults_18plus,resource_unit_head,raw,india_second_gen,employer_payroll,704,1765261.960965,2498.731222,181.497670,-149.598941,181.078960
all_ages,equal_adults_18plus,resource_unit_head,raw,india_second_gen,extended_balance_after_health,704,1765261.960965,14438.039052,1695.220023,9887.741871,1693.277353
all_ages,equal_adults_18plus,resource_unit_head,raw,india_second_gen,extended_balance_after_health_ins,704,1765261.960965,14827.911071,1718.459183,9948.796353,1714.659511
all_ages,equal_adults_18plus,resource_unit_head,raw,india_second_gen,extended_balance_base,704,1765261.960965,15641.730272,1713.139447,6924.679971,1710.166904
all_ages,equal_adults_18plus,resource_unit_head,raw,india_second_gen,extended_balance_flat090,704,1765261.960965,15511.675095,1707.148803,7034.589227,1704.265896
all_ages,equal_adults_18plus,resource_unit_head,raw,india_second_gen,extended_balance_renter,704,1765261.960965,15837.356768,1722.227256,6854.443958,1718.985961
all_ages,equal_adults_18plus,resource_unit_head,raw,india_second_gen,extended_balance_sales_itep,704,1765261.960965,15995.337646,1724.379678,6536.411062,1721.157009
all_ages,equal_adults_18plus,resource_unit_head,raw,india_second_gen,federal_after_refundable,704,1765261.960965,7965.005312,1057.281147,1016.042818,1055.040853
all_ages,equal_adults_18plus,resource_unit_head,raw,india_second_gen,health_age_birth,704,1765261.960965,1203.691220,100.677409,-2963.061900,101.620129
all_ages,equal_adults_18plus,resource_unit_head,raw,india_second_gen,health_age_birth_ins,704,1765261.960965,813.819201,104.925908,-3024.116382,106.687363
all_ages,equal_adults_18plus,resource_unit_head,raw,india_second_gen,k12_charged,704,1765261.960965,1072.937234,183.105083,-906.736173,188.961594
all_ages,equal_adults_18plus,resource_unit_head,raw,india_second_gen,k12_charged_flat090,704,1765261.960965,1202.992411,205.300011,-1016.645429,211.866413
all_ages,equal_adults_18plus,resource_unit_head,raw,india_second_gen,k12_cost_at_full_attendance,704,1765261.960965,1336.658234,228.111123,-1129.606032,235.407125
all_ages,equal_adults_18plus,resource_unit_head,raw,india_second_gen,modeled_tax_total,704,1765261.960965,12747.319603,1464.075437,1178.226053,1459.189958
all_ages,equal_adults_18plus,resource_unit_head,raw,india_second_gen,payroll,704,1765261.960965,2643.379261,193.341536,-280.488297,192.267195
all_ages,equal_adults_18plus,resource_unit_head,raw,india_second_gen,property_tax_owner,704,1765261.960965,1242.118504,141.058246,-153.455343,139.690109
all_ages,equal_adults_18plus,resource_unit_head,raw,india_second_gen,property_tax_renter_proxy,704,1765261.960965,195.626496,31.818254,-70.236013,31.773695
all_ages,equal_adults_18plus,resource_unit_head,raw,india_second_gen,sales_tax_itep,704,1765261.960965,1127.957311,84.370449,-570.039475,83.649498
all_ages,equal_adults_18plus,resource_unit_head,raw,india_second_gen,sales_tax_share35,704,1765261.960965,774.349936,68.926135,-181.770567,68.420305
all_ages,equal_adults_18plus,resource_unit_head,raw,india_second_gen,selected_cash_total,704,1765261.960965,528.672186,137.165359,-5181.333606,145.471895
all_ages,equal_adults_18plus,resource_unit_head,raw,india_second_gen,selected_noncash_total,704,1765261.960965,19.179573,4.805397,-143.208990,5.957513
all_ages,equal_adults_18plus,resource_unit_head,raw,india_second_gen,snap,704,1765261.960965,5.149589,3.639798,-89.988417,4.632571
all_ages,equal_adults_18plus,resource_unit_head,raw,india_second_gen,social_security,704,1765261.960965,385.135654,122.355281,-4625.575336,131.917352
all_ages,equal_adults_18plus,resource_unit_head,raw,india_second_gen,state_after_credits,704,1765261.960965,2138.935030,295.208960,442.671532,293.842537
all_ages,equal_adults_18plus,resource_unit_head,raw,india_second_gen,state_local_total,704,1765261.960965,4155.403470,439.191377,107.445623,434.551143
all_ages,equal_adults_18plus,resource_unit_head,raw,mexican_second_gen,cash_noncash_tax_balance,6349,13436439.343982,3052.397901,194.858209,-2644.301294,248.907507
all_ages,equal_adults_18plus,resource_unit_head,raw,mexican_second_gen,children_5_17,6349,13436439.343982,0.175750,0.006351,0.032676,0.006432
all_ages,equal_adults_18plus,resource_unit_head,raw,mexican_second_gen,employer_payroll,6349,13436439.343982,1740.524678,41.086279,-907.805485,44.682380
all_ages,equal_adults_18plus,resource_unit_head,raw,mexican_second_gen,extended_balance_after_health,6349,13436439.343982,1564.748848,259.925742,-2985.548333,316.728798
all_ages,equal_adults_18plus,resource_unit_head,raw,mexican_second_gen,extended_balance_after_health_ins,6349,13436439.343982,1357.050198,276.257639,-3522.064519,328.673197
all_ages,equal_adults_18plus,resource_unit_head,raw,mexican_second_gen,extended_balance_base,6349,13436439.343982,3446.096443,258.032453,-5270.953857,315.412474
all_ages,equal_adults_18plus,resource_unit_head,raw,mexican_second_gen,extended_balance_flat090,6349,13436439.343982,3147.814180,261.509741,-5329.271688,318.672325
all_ages,equal_adults_18plus,resource_unit_head,raw,mexican_second_gen,extended_balance_renter,6349,13436439.343982,3802.142986,259.219626,-5180.769824,316.288626
all_ages,equal_adults_18plus,resource_unit_head,raw,mexican_second_gen,extended_balance_sales_itep,6349,13436439.343982,3831.970723,260.643966,-5626.955861,318.051128
all_ages,equal_adults_18plus,resource_unit_head,raw,mexican_second_gen,federal_after_refundable,6349,13436439.343982,2198.606851,137.491856,-4750.355643,175.983212
all_ages,equal_adults_18plus,resource_unit_head,raw,mexican_second_gen,health_age_birth,6349,13436439.343982,1881.347596,36.884341,-2285.405524,40.163357
all_ages,equal_adults_18plus,resource_unit_head,raw,mexican_second_gen,health_age_birth_ins,6349,13436439.343982,2089.046245,57.125470,-1748.889338,60.435652
all_ages,equal_adults_18plus,resource_unit_head,raw,mexican_second_gen,k12_charged,6349,13436439.343982,2460.787450,93.100421,481.114043,95.373320
all_ages,equal_adults_18plus,resource_unit_head,raw,mexican_second_gen,k12_charged_flat090,6349,13436439.343982,2759.069713,104.385509,539.431873,106.933916
all_ages,equal_adults_18plus,resource_unit_head,raw,mexican_second_gen,k12_cost_at_full_attendance,6349,13436439.343982,3065.633014,115.983899,599.368748,118.815462
all_ages,equal_adults_18plus,resource_unit_head,raw,mexican_second_gen,modeled_tax_total,6349,13436439.343982,4686.384111,195.639325,-6882.709439,243.096649
all_ages,equal_adults_18plus,resource_unit_head,raw,mexican_second_gen,payroll,6349,13436439.343982,1885.851466,45.105314,-1038.016092,49.923679
all_ages,equal_adults_18plus,resource_unit_head,raw,mexican_second_gen,property_tax_owner,6349,13436439.343982,548.548702,19.483537,-847.025144,24.297403
all_ages,equal_adults_18plus,resource_unit_head,raw,mexican_second_gen,property_tax_renter_proxy,6349,13436439.343982,356.046543,12.634747,90.184034,12.358794
all_ages,equal_adults_18plus,resource_unit_head,raw,mexican_second_gen,sales_tax_itep,6349,13436439.343982,951.286891,19.368663,-746.709895,20.886070
all_ages,equal_adults_18plus,resource_unit_head,raw,mexican_second_gen,sales_tax_share35,6349,13436439.343982,565.412612,13.723362,-390.707891,15.133320
all_ages,equal_adults_18plus,resource_unit_head,raw,mexican_second_gen,selected_cash_total,6349,13436439.343982,1343.445292,77.863973,-4366.560500,94.099463
all_ages,equal_adults_18plus,resource_unit_head,raw,mexican_second_gen,selected_noncash_total,6349,13436439.343982,290.540918,15.221974,128.152355,16.090403
all_ages,equal_adults_18plus,resource_unit_head,raw,mexican_second_gen,snap,6349,13436439.343982,159.409362,12.442714,64.271356,13.390938
all_ages,equal_adults_18plus,resource_unit_head,raw,mexican_second_gen,social_security,6349,13436439.343982,927.080891,61.677503,-4083.630098,77.891857
all_ages,equal_adults_18plus,resource_unit_head,raw,mexican_second_gen,state_after_credits,6349,13436439.343982,601.925794,32.424642,-1094.337704,41.590890
all_ages,equal_adults_18plus,resource_unit_head,raw,mexican_second_gen,state_local_total,6349,13436439.343982,1715.887109,54.486442,-2332.070739,67.359903
all_ages,equal_adults_18plus,resource_unit_head,raw,mexico_born,cash_noncash_tax_balance,5631,11991932.638681,2676.547118,224.379419,-3020.152077,280.864416
all_ages,equal_adults_18plus,resource_unit_head,raw,mexico_born,children_5_17,5631,11991932.638681,0.285388,0.008197,0.142314,0.008381
all_ages,equal_adults_18plus,resource_unit_head,raw,mexico_born,employer_payroll,5631,11991932.638681,2086.441748,38.635511,-561.888415,42.188560
all_ages,equal_adults_18plus,resource_unit_head,raw,mexico_born,extended_balance_after_health,5631,11991932.638681,-775.335011,310.252115,-5325.632192,365.436054
all_ages,equal_adults_18plus,resource_unit_head,raw,mexico_born,extended_balance_after_health_ins,5631,11991932.638681,-1204.836129,344.723584,-6083.950847,393.225877
all_ages,equal_adults_18plus,resource_unit_head,raw,mexico_born,extended_balance_base,5631,11991932.638681,2168.656205,299.821578,-6548.394096,356.311466
all_ages,equal_adults_18plus,resource_unit_head,raw,mexico_born,extended_balance_flat090,5631,11991932.638681,1690.089569,306.527889,-6786.996300,361.711084
all_ages,equal_adults_18plus,resource_unit_head,raw,mexico_born,extended_balance_renter,5631,11991932.638681,2741.150544,297.918562,-6241.762266,353.992246
all_ages,equal_adults_18plus,resource_unit_head,raw,mexico_born,extended_balance_sales_itep,5631,11991932.638681,2756.723417,301.132163,-6702.203167,357.495260
all_ages,equal_adults_18plus,resource_unit_head,raw,mexico_born,federal_after_refundable,5631,11991932.638681,1956.872215,143.863790,-4992.090279,193.421532
all_ages,equal_adults_18plus,resource_unit_head,raw,mexico_born,health_age_birth,5631,11991932.638681,2943.991216,47.239525,-1222.761904,48.907321
all_ages,equal_adults_18plus,resource_unit_head,raw,mexico_born,health_age_birth_ins,5631,11991932.638681,3373.492334,89.707122,-464.443249,89.493257
all_ages,equal_adults_18plus,resource_unit_head,raw,mexico_born,k12_charged,5631,11991932.638681,3948.108614,118.920499,1968.435208,123.706424
all_ages,equal_adults_18plus,resource_unit_head,raw,mexico_born,k12_charged_flat090,5631,11991932.638681,4426.675250,133.335346,2207.037411,138.701393
all_ages,equal_adults_18plus,resource_unit_head,raw,mexico_born,k12_cost_at_full_attendance,5631,11991932.638681,4918.528056,148.150385,2452.263790,154.112659
all_ages,equal_adults_18plus,resource_unit_head,raw,mexico_born,modeled_tax_total,5631,11991932.638681,4939.426952,205.602253,-6629.666597,269.217618
all_ages,equal_adults_18plus,resource_unit_head,raw,mexico_born,payroll,5631,11991932.638681,2369.752532,43.202944,-554.115026,47.614417
all_ages,equal_adults_18plus,resource_unit_head,raw,mexico_born,property_tax_owner,5631,11991932.638681,662.002238,27.067573,-733.571608,29.768310
all_ages,equal_adults_18plus,resource_unit_head,raw,mexico_born,property_tax_renter_proxy,5631,11991932.638681,572.494339,14.431482,306.631830,14.632174
all_ages,equal_adults_18plus,resource_unit_head,raw,mexico_born,sales_tax_itep,5631,11991932.638681,1279.840927,16.115159,-418.155860,18.426640
all_ages,equal_adults_18plus,resource_unit_head,raw,mexico_born,sales_tax_share35,5631,11991932.638681,691.773715,12.143146,-264.346788,14.349629
all_ages,equal_adults_18plus,resource_unit_head,raw,mexico_born,selected_cash_total,5631,11991932.638681,1851.741215,90.794215,-3858.264577,99.121836
all_ages,equal_adults_18plus,resource_unit_head,raw,mexico_born,selected_noncash_total,5631,11991932.638681,411.138619,17.205076,248.750056,17.675820
all_ages,equal_adults_18plus,resource_unit_head,raw,mexico_born,snap,5631,11991932.638681,196.528545,13.875961,101.390539,14.427920
all_ages,equal_adults_18plus,resource_unit_head,raw,mexico_born,social_security,5631,11991932.638681,1534.781408,79.405244,-3475.929582,88.951735
all_ages,equal_adults_18plus,resource_unit_head,raw,mexico_born,state_after_credits,5631,11991932.638681,612.802206,35.604381,-1083.461292,46.356035
all_ages,equal_adults_18plus,resource_unit_head,raw,mexico_born,state_local_total,5631,11991932.638681,1966.578159,57.429064,-2081.379689,74.220445
all_ages,equal_adults_18plus,resource_unit_head,raw,third_plus_nh_white,cash_noncash_tax_balance,73873,169735196.240392,5696.699195,170.342479,0.000000,0.000000
all_ages,equal_adults_18plus,resource_unit_head,raw,third_plus_nh_white,children_5_17,73873,169735196.240392,0.143074,0.001623,0.000000,0.000000
all_ages,equal_adults_18plus,resource_unit_head,raw,third_plus_nh_white,employer_payroll,73873,169735196.240392,2648.330163,18.886963,0.000000,0.000000
all_ages,equal_adults_18plus,resource_unit_head,raw,third_plus_nh_white,extended_balance_after_health,73873,169735196.240392,4550.297181,202.817271,0.000000,0.000000
all_ages,equal_adults_18plus,resource_unit_head,raw,third_plus_nh_white,extended_balance_after_health_ins,73873,169735196.240392,4879.114718,207.480397,0.000000,0.000000
all_ages,equal_adults_18plus,resource_unit_head,raw,third_plus_nh_white,extended_balance_base,73873,169735196.240392,8717.050301,201.916391,0.000000,0.000000
all_ages,equal_adults_18plus,resource_unit_head,raw,third_plus_nh_white,extended_balance_flat090,73873,169735196.240392,8477.085868,202.652146,0.000000,0.000000
all_ages,equal_adults_18plus,resource_unit_head,raw,third_plus_nh_white,extended_balance_renter,73873,169735196.240392,8982.912810,201.883400,0.000000,0.000000
all_ages,equal_adults_18plus,resource_unit_head,raw,third_plus_nh_white,extended_balance_sales_itep,73873,169735196.240392,9458.926584,202.914314,0.000000,0.000000
all_ages,equal_adults_18plus,resource_unit_head,raw,third_plus_nh_white,federal_after_refundable,73873,169735196.240392,6948.962493,122.642390,0.000000,0.000000
all_ages,equal_adults_18plus,resource_unit_head,raw,third_plus_nh_white,health_age_birth,73873,169735196.240392,4166.753120,12.926934,0.000000,0.000000
all_ages,equal_adults_18plus,resource_unit_head,raw,third_plus_nh_white,health_age_birth_ins,73873,169735196.240392,3837.935583,19.898542,0.000000,0.000000
all_ages,equal_adults_18plus,resource_unit_head,raw,third_plus_nh_white,k12_charged,73873,169735196.240392,1979.673407,27.248248,0.000000,0.000000
all_ages,equal_adults_18plus,resource_unit_head,raw,third_plus_nh_white,k12_charged_flat090,73873,169735196.240392,2219.637839,30.551121,0.000000,0.000000
all_ages,equal_adults_18plus,resource_unit_head,raw,third_plus_nh_white,k12_cost_at_full_attendance,73873,169735196.240392,2466.264266,33.945690,0.000000,0.000000
all_ages,equal_adults_18plus,resource_unit_head,raw,third_plus_nh_white,modeled_tax_total,73873,169735196.240392,11569.093550,163.056747,0.000000,0.000000
all_ages,equal_adults_18plus,resource_unit_head,raw,third_plus_nh_white,payroll,73873,169735196.240392,2923.867558,21.378844,0.000000,0.000000
all_ages,equal_adults_18plus,resource_unit_head,raw,third_plus_nh_white,property_tax_owner,73873,169735196.240392,1395.573846,14.317825,0.000000,0.000000
all_ages,equal_adults_18plus,resource_unit_head,raw,third_plus_nh_white,property_tax_renter_proxy,73873,169735196.240392,265.862509,4.157456,0.000000,0.000000
all_ages,equal_adults_18plus,resource_unit_head,raw,third_plus_nh_white,sales_tax_itep,73873,169735196.240392,1697.996787,8.997185,0.000000,0.000000
all_ages,equal_adults_18plus,resource_unit_head,raw,third_plus_nh_white,sales_tax_share35,73873,169735196.240392,956.120503,7.268274,0.000000,0.000000
all_ages,equal_adults_18plus,resource_unit_head,raw,third_plus_nh_white,selected_cash_total,73873,169735196.240392,5710.005792,47.231280,0.000000,0.000000
all_ages,equal_adults_18plus,resource_unit_head,raw,third_plus_nh_white,selected_noncash_total,73873,169735196.240392,162.388562,3.641583,0.000000,0.000000
all_ages,equal_adults_18plus,resource_unit_head,raw,third_plus_nh_white,snap,73873,169735196.240392,95.138006,3.244078,0.000000,0.000000
all_ages,equal_adults_18plus,resource_unit_head,raw,third_plus_nh_white,social_security,73873,169735196.240392,5010.710990,44.781555,0.000000,0.000000
all_ages,equal_adults_18plus,resource_unit_head,raw,third_plus_nh_white,state_after_credits,73873,169735196.240392,1696.263498,27.074620,0.000000,0.000000
all_ages,equal_adults_18plus,resource_unit_head,raw,third_plus_nh_white,state_local_total,73873,169735196.240392,4047.957848,41.580177,0.000000,0.000000
all_ages,equal_all_members,person,exclude_recent_noncitizen,all_foreign_born,cash_noncash_tax_balance,17187,41611973.927238,6425.268056,245.069752,745.296671,298.433519
all_ages,equal_all_members,person,exclude_recent_noncitizen,all_foreign_born,children_5_17,17187,41611973.927238,0.138310,0.002135,-0.000468,0.002523
all_ages,equal_all_members,person,exclude_recent_noncitizen,all_foreign_born,employer_payroll,17187,41611973.927238,2537.705045,31.174790,-92.197830,35.376279
all_ages,equal_all_members,person,exclude_recent_noncitizen,all_foreign_born,extended_balance_after_health,17187,41611973.927238,5734.701928,293.532439,1145.461826,356.276474
all_ages,equal_all_members,person,exclude_recent_noncitizen,all_foreign_born,extended_balance_after_health_ins,17187,41611973.927238,5715.323071,305.575823,795.711090,366.957334
all_ages,equal_all_members,person,exclude_recent_noncitizen,all_foreign_born,extended_balance_base,17187,41611973.927238,8977.364825,294.835218,251.267868,357.070858
all_ages,equal_all_members,person,exclude_recent_noncitizen,all_foreign_born,extended_balance_flat090,17187,41611973.927238,8722.199768,295.476431,228.989744,357.916508
all_ages,equal_all_members,person,exclude_recent_noncitizen,all_foreign_born,extended_balance_renter,17187,41611973.927238,9438.432751,294.036493,452.490843,356.099349
all_ages,equal_all_members,person,exclude_recent_noncitizen,all_foreign_born,extended_balance_sales_itep,17187,41611973.927238,9566.888047,296.375741,107.227512,358.941851
all_ages,equal_all_members,person,exclude_recent_noncitizen,all_foreign_born,federal_after_refundable,17187,41611973.927238,5678.845640,178.933443,-1243.412261,223.950997
all_ages,equal_all_members,person,exclude_recent_noncitizen,all_foreign_born,health_age_birth,17187,41611973.927238,3242.662897,28.282542,-894.193958,32.856686
all_ages,equal_all_members,person,exclude_recent_noncitizen,all_foreign_born,health_age_birth_ins,17187,41611973.927238,3262.041754,35.334567,-544.443222,39.925502
all_ages,equal_all_members,person,exclude_recent_noncitizen,all_foreign_born,k12_charged,17187,41611973.927238,2105.076457,37.046288,183.791445,43.990830
all_ages,equal_all_members,person,exclude_recent_noncitizen,all_foreign_born,k12_charged_flat090,17187,41611973.927238,2360.241514,41.536822,206.069569,49.323141
all_ages,equal_all_members,person,exclude_recent_noncitizen,all_foreign_born,k12_cost_at_full_attendance,17187,41611973.927238,2622.490571,46.152024,228.966188,54.803490
all_ages,equal_all_members,person,exclude_recent_noncitizen,all_foreign_born,modeled_tax_total,17187,41611973.927238,9985.768532,243.793930,-1523.258647,299.296058
all_ages,equal_all_members,person,exclude_recent_noncitizen,all_foreign_born,payroll,17187,41611973.927238,2804.125931,33.502507,-98.712703,38.334123
all_ages,equal_all_members,person,exclude_recent_noncitizen,all_foreign_born,property_tax_owner,17187,41611973.927238,1262.928897,28.263873,-125.472233,30.521336
all_ages,equal_all_members,person,exclude_recent_noncitizen,all_foreign_born,property_tax_renter_proxy,17187,41611973.927238,461.067926,8.135470,201.222975,8.908245
all_ages,equal_all_members,person,exclude_recent_noncitizen,all_foreign_born,sales_tax_itep,17187,41611973.927238,1446.062506,13.985534,-236.607652,16.830006
all_ages,equal_all_members,person,exclude_recent_noncitizen,all_foreign_born,sales_tax_share35,17187,41611973.927238,856.539284,11.408919,-92.567296,13.711251
all_ages,equal_all_members,person,exclude_recent_noncitizen,all_foreign_born,selected_cash_total,17187,41611973.927238,3345.321256,74.043577,-2328.392825,84.774936
all_ages,equal_all_members,person,exclude_recent_noncitizen,all_foreign_born,selected_noncash_total,17187,41611973.927238,215.179220,5.991718,59.837506,6.828279
all_ages,equal_all_members,person,exclude_recent_noncitizen,all_foreign_born,snap,17187,41611973.927238,131.899561,5.633171,40.800851,6.393172
all_ages,equal_all_members,person,exclude_recent_noncitizen,all_foreign_born,social_security,17187,41611973.927238,2881.267121,67.781195,-2099.250699,80.744031
all_ages,equal_all_members,person,exclude_recent_noncitizen,all_foreign_born,state_after_credits,17187,41611973.927238,1502.796961,46.068494,-181.133683,54.296940
all_ages,equal_all_members,person,exclude_recent_noncitizen,all_foreign_born,state_local_total,17187,41611973.927238,3622.265142,72.410557,-399.173212,84.601063
all_ages,equal_all_members,person,exclude_recent_noncitizen,all_native,cash_noncash_tax_balance,119938,283672179.878623,5145.677034,127.945826,-534.294351,75.221920
all_ages,equal_all_members,person,exclude_recent_noncitizen,all_native,children_5_17,119938,283672179.878623,0.161965,0.000877,0.023187,0.000742
all_ages,equal_all_members,person,exclude_recent_noncitizen,all_native,employer_payroll,119938,283672179.878623,2479.453574,14.814718,-150.449302,8.679282
all_ages,equal_all_members,person,exclude_recent_noncitizen,all_native,extended_balance_after_health,119938,283672179.878623,3754.718650,153.676242,-834.521453,88.658762
all_ages,equal_all_members,person,exclude_recent_noncitizen,all_native,extended_balance_after_health_ins,119938,283672179.878623,3878.073961,158.720231,-1041.538021,91.570827
all_ages,equal_all_members,person,exclude_recent_noncitizen,all_native,extended_balance_base,119938,283672179.878623,7407.530891,152.531898,-1318.566067,87.300692
all_ages,equal_all_members,person,exclude_recent_noncitizen,all_native,extended_balance_flat090,119938,283672179.878623,7131.100540,152.910770,-1362.109484,87.503831
all_ages,equal_all_members,person,exclude_recent_noncitizen,all_native,extended_balance_renter,119938,283672179.878623,7742.483934,152.468645,-1243.457973,87.244097
all_ages,equal_all_members,person,exclude_recent_noncitizen,all_native,extended_balance_sales_itep,119938,283672179.878623,8081.921612,153.302383,-1377.738923,87.819917
all_ages,equal_all_members,person,exclude_recent_noncitizen,all_native,federal_after_refundable,119938,283672179.878623,5884.835373,90.420429,-1037.422528,53.836130
all_ages,equal_all_members,person,exclude_recent_noncitizen,all_native,health_age_birth,119938,283672179.878623,3652.812241,7.330782,-484.044614,7.283476
all_ages,equal_all_members,person,exclude_recent_noncitizen,all_native,health_age_birth_ins,119938,283672179.878623,3529.456930,15.023354,-277.028046,12.115675
all_ages,equal_all_members,person,exclude_recent_noncitizen,all_native,k12_charged,119938,283672179.878623,2280.512192,14.409801,359.227180,13.073707
all_ages,equal_all_members,person,exclude_recent_noncitizen,all_native,k12_charged_flat090,119938,283672179.878623,2556.942543,16.156473,402.770598,14.658425
all_ages,equal_all_members,person,exclude_recent_noncitizen,all_native,k12_cost_at_full_attendance,119938,283672179.878623,2841.047270,17.951637,447.522886,16.287139
all_ages,equal_all_members,person,exclude_recent_noncitizen,all_native,modeled_tax_total,119938,283672179.878623,10079.917453,122.157329,-1429.109726,71.619910
all_ages,equal_all_members,person,exclude_recent_noncitizen,all_native,payroll,119938,283672179.878623,2717.142529,16.869106,-185.696105,9.635721
all_ages,equal_all_members,person,exclude_recent_noncitizen,all_native,property_tax_owner,119938,283672179.878623,1193.838689,10.119264,-194.562440,6.971978
all_ages,equal_all_members,person,exclude_recent_noncitizen,all_native,property_tax_renter_proxy,119938,283672179.878623,334.953044,3.545986,75.108093,2.598008
all_ages,equal_all_members,person,exclude_recent_noncitizen,all_native,sales_tax_itep,119938,283672179.878623,1543.464508,6.632464,-139.205651,4.110302
all_ages,equal_all_members,person,exclude_recent_noncitizen,all_native,sales_tax_share35,119938,283672179.878623,869.073786,5.445599,-80.032794,3.277674
all_ages,equal_all_members,person,exclude_recent_noncitizen,all_native,selected_cash_total,119938,283672179.878623,4703.842320,32.251712,-969.871760,24.198052
all_ages,equal_all_members,person,exclude_recent_noncitizen,all_native,selected_noncash_total,119938,283672179.878623,230.398099,3.336388,75.056385,2.959661
all_ages,equal_all_members,person,exclude_recent_noncitizen,all_native,snap,119938,283672179.878623,138.147877,2.865640,47.049168,2.608062
all_ages,equal_all_members,person,exclude_recent_noncitizen,all_native,social_security,119938,283672179.878623,3984.271250,30.397495,-996.246570,21.212692
all_ages,equal_all_members,person,exclude_recent_noncitizen,all_native,state_after_credits,119938,283672179.878623,1477.939551,20.698831,-205.991094,12.955339
all_ages,equal_all_members,person,exclude_recent_noncitizen,all_native,state_local_total,119938,283672179.878623,3540.852026,31.703385,-480.586327,19.072018
all_ages,equal_all_members,person,exclude_recent_noncitizen,asian_indian_native_selfid,cash_noncash_tax_balance,790,2040331.560805,18708.675595,1263.177888,13028.704211,1278.266850
all_ages,equal_all_members,person,exclude_recent_noncitizen,asian_indian_native_selfid,children_5_17,790,2040331.560805,0.201891,0.012160,0.063113,0.012400
all_ages,equal_all_members,person,exclude_recent_noncitizen,asian_indian_native_selfid,employer_payroll,790,2040331.560805,4320.709697,151.175035,1690.806822,153.655902
all_ages,equal_all_members,person,exclude_recent_noncitizen,asian_indian_native_selfid,extended_balance_after_health,790,2040331.560805,21182.733133,1559.196435,16593.493031,1577.806246
all_ages,equal_all_members,person,exclude_recent_noncitizen,asian_indian_native_selfid,extended_balance_after_health_ins,790,2040331.560805,21703.773372,1581.864477,16784.161390,1600.160731
all_ages,equal_all_members,person,exclude_recent_noncitizen,asian_indian_native_selfid,extended_balance_base,790,2040331.560805,23056.654008,1542.891041,14330.557051,1562.065416
all_ages,equal_all_members,person,exclude_recent_noncitizen,asian_indian_native_selfid,extended_balance_flat090,790,2040331.560805,22673.899319,1551.383006,14180.689295,1570.516281
all_ages,equal_all_members,person,exclude_recent_noncitizen,asian_indian_native_selfid,extended_balance_renter,790,2040331.560805,23315.963518,1549.350489,14330.021611,1568.417263
all_ages,equal_all_members,person,exclude_recent_noncitizen,asian_indian_native_selfid,extended_balance_sales_itep,790,2040331.560805,23571.389758,1547.175348,14111.729222,1566.875414
all_ages,equal_all_members,person,exclude_recent_noncitizen,asian_indian_native_selfid,federal_after_refundable,790,2040331.560805,11914.432932,937.387835,4992.175032,944.229870
all_ages,equal_all_members,person,exclude_recent_noncitizen,asian_indian_native_selfid,health_age_birth,790,2040331.560805,1873.920875,77.161997,-2262.935980,78.435633
all_ages,equal_all_members,person,exclude_recent_noncitizen,asian_indian_native_selfid,health_age_birth_ins,790,2040331.560805,1352.880637,113.797359,-2453.604339,115.046458
all_ages,equal_all_members,person,exclude_recent_noncitizen,asian_indian_native_selfid,k12_charged,790,2040331.560805,3157.673292,200.459069,1236.388280,204.922479
all_ages,equal_all_members,person,exclude_recent_noncitizen,asian_indian_native_selfid,k12_charged_flat090,790,2040331.560805,3540.427981,224.757545,1386.256036,229.761983
all_ages,equal_all_members,person,exclude_recent_noncitizen,asian_indian_native_selfid,k12_cost_at_full_attendance,790,2040331.560805,3933.808868,249.730606,1540.284485,255.291092
all_ages,equal_all_members,person,exclude_recent_noncitizen,asian_indian_native_selfid,modeled_tax_total,790,2040331.560805,19414.014171,1237.443778,7904.986993,1250.287250
all_ages,equal_all_members,person,exclude_recent_noncitizen,asian_indian_native_selfid,payroll,790,2040331.560805,4496.237599,159.492084,1593.398966,161.996312
all_ages,equal_all_members,person,exclude_recent_noncitizen,asian_indian_native_selfid,property_tax_owner,790,2040331.560805,1906.645470,122.510256,518.244341,123.113248
all_ages,equal_all_members,person,exclude_recent_noncitizen,asian_indian_native_selfid,property_tax_renter_proxy,790,2040331.560805,259.309510,33.086237,-0.535440,33.017799
all_ages,equal_all_members,person,exclude_recent_noncitizen,asian_indian_native_selfid,sales_tax_itep,790,2040331.560805,1793.032287,65.829845,110.362129,66.681618
all_ages,equal_all_members,person,exclude_recent_noncitizen,asian_indian_native_selfid,sales_tax_share35,790,2040331.560805,1278.296538,60.642530,329.189958,61.160707
all_ages,equal_all_members,person,exclude_recent_noncitizen,asian_indian_native_selfid,selected_cash_total,790,2040331.560805,618.484942,119.116196,-5055.229138,129.469225
all_ages,equal_all_members,person,exclude_recent_noncitizen,asian_indian_native_selfid,selected_noncash_total,790,2040331.560805,86.853633,15.832426,-68.488080,15.920635
all_ages,equal_all_members,person,exclude_recent_noncitizen,asian_indian_native_selfid,snap,790,2040331.560805,35.572850,13.199850,-55.525860,13.364870
all_ages,equal_all_members,person,exclude_recent_noncitizen,asian_indian_native_selfid,social_security,790,2040331.560805,465.110111,102.830606,-4515.407709,112.550007
all_ages,equal_all_members,person,exclude_recent_noncitizen,asian_indian_native_selfid,state_after_credits,790,2040331.560805,3003.343640,219.169636,1319.412995,223.895119
all_ages,equal_all_members,person,exclude_recent_noncitizen,asian_indian_native_selfid,state_local_total,790,2040331.560805,6188.285647,321.009176,2166.847294,327.881798
all_ages,equal_all_members,person,exclude_recent_noncitizen,china_born,cash_noncash_tax_balance,765,1920093.911100,13616.245551,2065.360722,7936.274166,2065.841586
all_ages,equal_all_members,person,exclude_recent_noncitizen,china_born,children_5_17,765,1920093.911100,0.116353,0.010071,-0.022424,0.010130
all_ages,equal_all_members,person,exclude_recent_noncitizen,china_born,employer_payroll,765,1920093.911100,3318.143643,213.599362,688.240767,214.069244
all_ages,equal_all_members,person,exclude_recent_noncitizen,china_born,extended_balance_after_health,765,1920093.911100,14772.270766,2498.271885,10183.030663,2501.126009
all_ages,equal_all_members,person,exclude_recent_noncitizen,china_born,extended_balance_after_health_ins,765,1920093.911100,14408.155433,2547.469206,9488.543451,2550.440116
all_ages,equal_all_members,person,exclude_recent_noncitizen,china_born,extended_balance_base,765,1920093.911100,18404.758427,2459.621739,9678.661470,2462.612524
all_ages,equal_all_members,person,exclude_recent_noncitizen,china_born,extended_balance_flat090,765,1920093.911100,18162.709447,2462.120311,9669.499422,2465.117976
all_ages,equal_all_members,person,exclude_recent_noncitizen,china_born,extended_balance_renter,765,1920093.911100,18898.833359,2447.283285,9912.891451,2450.286556
all_ages,equal_all_members,person,exclude_recent_noncitizen,china_born,extended_balance_sales_itep,765,1920093.911100,18991.540744,2464.215803,9531.880209,2467.450488
all_ages,equal_all_members,person,exclude_recent_noncitizen,china_born,federal_after_refundable,765,1920093.911100,10344.948401,1391.774319,3422.690500,1391.952487
all_ages,equal_all_members,person,exclude_recent_noncitizen,china_born,health_age_birth,765,1920093.911100,3632.487661,184.219426,-504.369193,183.542583
all_ages,equal_all_members,person,exclude_recent_noncitizen,china_born,health_age_birth_ins,765,1920093.911100,3996.602994,238.812552,190.118019,238.222308
all_ages,equal_all_members,person,exclude_recent_noncitizen,china_born,k12_charged,765,1920093.911100,1996.870639,176.962752,75.585627,176.754199
all_ages,equal_all_members,person,exclude_recent_noncitizen,china_born,k12_charged_flat090,765,1920093.911100,2238.919620,198.413142,84.747675,198.179309
all_ages,equal_all_members,person,exclude_recent_noncitizen,china_born,k12_cost_at_full_attendance,765,1920093.911100,2487.688466,220.459046,94.164083,220.199232
all_ages,equal_all_members,person,exclude_recent_noncitizen,china_born,modeled_tax_total,765,1920093.911100,17154.451394,2038.465468,5645.424215,2038.547656
all_ages,equal_all_members,person,exclude_recent_noncitizen,china_born,payroll,765,1920093.911100,3663.124214,238.403996,760.285580,238.098242
all_ages,equal_all_members,person,exclude_recent_noncitizen,china_born,property_tax_owner,765,1920093.911100,2239.503856,239.035770,851.102727,240.510021
all_ages,equal_all_members,person,exclude_recent_noncitizen,china_born,property_tax_renter_proxy,765,1920093.911100,494.074932,47.494575,234.229982,47.811540
all_ages,equal_all_members,person,exclude_recent_noncitizen,china_born,sales_tax_itep,765,1920093.911100,1814.518334,100.687802,131.848175,100.870288
all_ages,equal_all_members,person,exclude_recent_noncitizen,china_born,sales_tax_share35,765,1920093.911100,1227.736016,93.406256,278.629437,93.164252
all_ages,equal_all_members,person,exclude_recent_noncitizen,china_born,selected_cash_total,765,1920093.911100,3296.594729,387.737000,-2377.119351,388.513404
all_ages,equal_all_members,person,exclude_recent_noncitizen,china_born,selected_noncash_total,765,1920093.911100,241.611114,35.681919,86.269400,36.041430
all_ages,equal_all_members,person,exclude_recent_noncitizen,china_born,snap,765,1920093.911100,166.182761,33.087326,75.084052,33.321021
all_ages,equal_all_members,person,exclude_recent_noncitizen,china_born,social_security,765,1920093.911100,2870.988152,371.990204,-2109.529668,370.914173
all_ages,equal_all_members,person,exclude_recent_noncitizen,china_born,state_after_credits,765,1920093.911100,3146.378780,456.092044,1462.448135,456.878450
all_ages,equal_all_members,person,exclude_recent_noncitizen,china_born,state_local_total,765,1920093.911100,6613.618652,686.575898,2592.180299,688.742959
all_ages,equal_all_members,person,exclude_recent_noncitizen,china_born_broad,cash_noncash_tax_balance,972,2437404.287463,13791.536392,1727.805570,8111.565007,1730.464693
all_ages,equal_all_members,person,exclude_recent_noncitizen,china_born_broad,children_5_17,972,2437404.287463,0.115036,0.009096,-0.023741,0.009177
all_ages,equal_all_members,person,exclude_recent_noncitizen,china_born_broad,employer_payroll,972,2437404.287463,3424.932970,181.151491,795.030094,182.022274
all_ages,equal_all_members,person,exclude_recent_noncitizen,china_born_broad,extended_balance_after_health,972,2437404.287463,15237.087747,2094.312898,10647.847644,2099.716668
all_ages,equal_all_members,person,exclude_recent_noncitizen,china_born_broad,extended_balance_after_health_ins,972,2437404.287463,15123.984191,2143.869865,10204.372209,2149.744944
all_ages,equal_all_members,person,exclude_recent_noncitizen,china_born_broad,extended_balance_base,972,2437404.287463,19063.413650,2056.740217,10337.316693,2062.081861
all_ages,equal_all_members,person,exclude_recent_noncitizen,china_born_broad,extended_balance_flat090,972,2437404.287463,18828.966188,2059.076705,10335.756164,2064.394295
all_ages,equal_all_members,person,exclude_recent_noncitizen,china_born_broad,extended_balance_renter,972,2437404.287463,19511.834836,2048.363412,10525.892928,2053.444118
all_ages,equal_all_members,person,exclude_recent_noncitizen,china_born_broad,extended_balance_sales_itep,972,2437404.287463,19658.216845,2062.342422,10198.556310,2067.869046
all_ages,equal_all_members,person,exclude_recent_noncitizen,china_born_broad,federal_after_refundable,972,2437404.287463,10905.011544,1194.367086,3982.753643,1196.035888
all_ages,equal_all_members,person,exclude_recent_noncitizen,china_born_broad,health_age_birth,972,2437404.287463,3826.325904,167.562649,-310.530951,166.967188
all_ages,equal_all_members,person,exclude_recent_noncitizen,china_born_broad,health_age_birth_ins,972,2437404.287463,3939.429460,224.174375,132.944484,223.999386
all_ages,equal_all_members,person,exclude_recent_noncitizen,china_born_broad,k12_charged,972,2437404.287463,1934.159163,154.824400,12.874151,155.020800
all_ages,equal_all_members,person,exclude_recent_noncitizen,china_born_broad,k12_charged_flat090,972,2437404.287463,2168.606625,173.591308,14.434680,173.811515
all_ages,equal_all_members,person,exclude_recent_noncitizen,china_born_broad,k12_cost_at_full_attendance,972,2437404.287463,2409.562917,192.879231,16.038533,193.123906
all_ages,equal_all_members,person,exclude_recent_noncitizen,china_born_broad,modeled_tax_total,972,2437404.287463,17664.912643,1701.522693,6155.885464,1702.795123
all_ages,equal_all_members,person,exclude_recent_noncitizen,china_born_broad,payroll,972,2437404.287463,3759.625055,201.938177,856.786422,202.019156
all_ages,equal_all_members,person,exclude_recent_noncitizen,china_born_broad,property_tax_owner,972,2437404.287463,2502.406657,207.443400,1114.005528,208.488731
all_ages,equal_all_members,person,exclude_recent_noncitizen,china_born_broad,property_tax_renter_proxy,972,2437404.287463,448.421186,39.932174,188.576235,40.317353
all_ages,equal_all_members,person,exclude_recent_noncitizen,china_born_broad,sales_tax_itep,972,2437404.287463,1873.499990,86.901893,190.829832,87.136016
all_ages,equal_all_members,person,exclude_recent_noncitizen,china_born_broad,sales_tax_share35,972,2437404.287463,1278.696795,79.393003,329.590215,79.313967
all_ages,equal_all_members,person,exclude_recent_noncitizen,china_born_broad,selected_cash_total,972,2437404.287463,3643.101348,359.223902,-2030.612732,359.105897
all_ages,equal_all_members,person,exclude_recent_noncitizen,china_born_broad,selected_noncash_total,972,2437404.287463,230.274903,36.261394,74.933189,36.529078
all_ages,equal_all_members,person,exclude_recent_noncitizen,china_born_broad,snap,972,2437404.287463,162.421637,34.236428,71.322928,34.383988
all_ages,equal_all_members,person,exclude_recent_noncitizen,china_born_broad,social_security,972,2437404.287463,3228.767682,354.845875,-1751.750138,352.667506
all_ages,equal_all_members,person,exclude_recent_noncitizen,china_born_broad,state_after_credits,972,2437404.287463,3000.276044,371.240689,1316.345399,372.103172
all_ages,equal_all_members,person,exclude_recent_noncitizen,china_born_broad,state_local_total,972,2437404.287463,6781.379496,561.960190,2759.941142,563.786763
all_ages,equal_all_members,person,exclude_recent_noncitizen,india_born,cash_noncash_tax_balance,1107,2900457.787219,19352.586911,1138.415442,13672.615527,1152.473600
all_ages,equal_all_members,person,exclude_recent_noncitizen,india_born,children_5_17,1107,2900457.787219,0.155272,0.008927,0.016494,0.008977
all_ages,equal_all_members,person,exclude_recent_noncitizen,india_born,employer_payroll,1107,2900457.787219,4680.424600,159.872278,2050.521724,160.753492
all_ages,equal_all_members,person,exclude_recent_noncitizen,india_born,extended_balance_after_health,1107,2900457.787219,22761.524168,1363.804064,18172.284066,1376.341963
all_ages,equal_all_members,person,exclude_recent_noncitizen,india_born,extended_balance_after_health_ins,1107,2900457.787219,23408.729173,1386.320507,18489.117192,1399.152517
all_ages,equal_all_members,person,exclude_recent_noncitizen,india_born,extended_balance_base,1107,2900457.787219,25257.336752,1325.379564,16531.239795,1339.370334
all_ages,equal_all_members,person,exclude_recent_noncitizen,india_born,extended_balance_flat090,1107,2900457.787219,24974.679663,1326.646697,16481.469639,1340.357005
all_ages,equal_all_members,person,exclude_recent_noncitizen,india_born,extended_balance_renter,1107,2900457.787219,25496.649686,1327.791867,16510.707778,1341.275116
all_ages,equal_all_members,person,exclude_recent_noncitizen,india_born,extended_balance_sales_itep,1107,2900457.787219,25836.865578,1331.643814,16377.205042,1345.647578
all_ages,equal_all_members,person,exclude_recent_noncitizen,india_born,federal_after_refundable,1107,2900457.787219,13397.395437,796.789473,6475.137536,810.795313
all_ages,equal_all_members,person,exclude_recent_noncitizen,india_born,health_age_birth,1107,2900457.787219,2495.812584,128.868873,-1641.044271,131.377710
all_ages,equal_all_members,person,exclude_recent_noncitizen,india_born,health_age_birth_ins,1107,2900457.787219,1848.607579,141.862448,-1957.877397,143.694982
all_ages,equal_all_members,person,exclude_recent_noncitizen,india_born,k12_charged,1107,2900457.787219,2331.881921,135.311320,410.596908,137.430559
all_ages,equal_all_members,person,exclude_recent_noncitizen,india_born,k12_charged_flat090,1107,2900457.787219,2614.539009,151.712967,460.367064,154.089087
all_ages,equal_all_members,person,exclude_recent_noncitizen,india_born,k12_cost_at_full_attendance,1107,2900457.787219,2905.043344,168.569963,511.518960,171.210097
all_ages,equal_all_members,person,exclude_recent_noncitizen,india_born,modeled_tax_total,1107,2900457.787219,21446.664630,1077.665048,9937.637451,1094.913737
all_ages,equal_all_members,person,exclude_recent_noncitizen,india_born,payroll,1107,2900457.787219,4919.334628,166.155564,2016.495994,166.421325
all_ages,equal_all_members,person,exclude_recent_noncitizen,india_born,property_tax_owner,1107,2900457.787219,2131.595870,112.467165,743.194741,112.047456
all_ages,equal_all_members,person,exclude_recent_noncitizen,india_born,property_tax_renter_proxy,1107,2900457.787219,239.312934,25.285014,-20.532017,25.788556
all_ages,equal_all_members,person,exclude_recent_noncitizen,india_born,sales_tax_itep,1107,2900457.787219,2004.140117,60.657953,321.469959,61.635357
all_ages,equal_all_members,person,exclude_recent_noncitizen,india_born,sales_tax_share35,1107,2900457.787219,1424.611292,52.506326,475.504712,53.353478
all_ages,equal_all_members,person,exclude_recent_noncitizen,india_born,selected_cash_total,1107,2900457.787219,2030.516956,310.136635,-3643.197124,314.881489
all_ages,equal_all_members,person,exclude_recent_noncitizen,india_born,selected_noncash_total,1107,2900457.787219,63.560762,11.768299,-91.780951,12.168874
all_ages,equal_all_members,person,exclude_recent_noncitizen,india_born,snap,1107,2900457.787219,27.711808,10.319999,-63.386901,10.811540
all_ages,equal_all_members,person,exclude_recent_noncitizen,india_born,social_security,1107,2900457.787219,1866.716177,297.554302,-3113.801643,302.454142
all_ages,equal_all_members,person,exclude_recent_noncitizen,india_born,state_after_credits,1107,2900457.787219,3129.934565,214.656245,1446.003921,216.810435
all_ages,equal_all_members,person,exclude_recent_noncitizen,india_born,state_local_total,1107,2900457.787219,6686.141727,288.328879,2664.703373,291.557147
all_ages,equal_all_members,person,exclude_recent_noncitizen,india_born_settled,cash_noncash_tax_balance,1107,2900457.787219,19352.586911,1138.415442,13672.615527,1152.473600
all_ages,equal_all_members,person,exclude_recent_noncitizen,india_born_settled,children_5_17,1107,2900457.787219,0.155272,0.008927,0.016494,0.008977
all_ages,equal_all_members,person,exclude_recent_noncitizen,india_born_settled,employer_payroll,1107,2900457.787219,4680.424600,159.872278,2050.521724,160.753492
all_ages,equal_all_members,person,exclude_recent_noncitizen,india_born_settled,extended_balance_after_health,1107,2900457.787219,22761.524168,1363.804064,18172.284066,1376.341963
all_ages,equal_all_members,person,exclude_recent_noncitizen,india_born_settled,extended_balance_after_health_ins,1107,2900457.787219,23408.729173,1386.320507,18489.117192,1399.152517
all_ages,equal_all_members,person,exclude_recent_noncitizen,india_born_settled,extended_balance_base,1107,2900457.787219,25257.336752,1325.379564,16531.239795,1339.370334
all_ages,equal_all_members,person,exclude_recent_noncitizen,india_born_settled,extended_balance_flat090,1107,2900457.787219,24974.679663,1326.646697,16481.469639,1340.357005
all_ages,equal_all_members,person,exclude_recent_noncitizen,india_born_settled,extended_balance_renter,1107,2900457.787219,25496.649686,1327.791867,16510.707778,1341.275116
all_ages,equal_all_members,person,exclude_recent_noncitizen,india_born_settled,extended_balance_sales_itep,1107,2900457.787219,25836.865578,1331.643814,16377.205042,1345.647578
all_ages,equal_all_members,person,exclude_recent_noncitizen,india_born_settled,federal_after_refundable,1107,2900457.787219,13397.395437,796.789473,6475.137536,810.795313
all_ages,equal_all_members,person,exclude_recent_noncitizen,india_born_settled,health_age_birth,1107,2900457.787219,2495.812584,128.868873,-1641.044271,131.377710
all_ages,equal_all_members,person,exclude_recent_noncitizen,india_born_settled,health_age_birth_ins,1107,2900457.787219,1848.607579,141.862448,-1957.877397,143.694982
all_ages,equal_all_members,person,exclude_recent_noncitizen,india_born_settled,k12_charged,1107,2900457.787219,2331.881921,135.311320,410.596908,137.430559
all_ages,equal_all_members,person,exclude_recent_noncitizen,india_born_settled,k12_charged_flat090,1107,2900457.787219,2614.539009,151.712967,460.367064,154.089087
all_ages,equal_all_members,person,exclude_recent_noncitizen,india_born_settled,k12_cost_at_full_attendance,1107,2900457.787219,2905.043344,168.569963,511.518960,171.210097
all_ages,equal_all_members,person,exclude_recent_noncitizen,india_born_settled,modeled_tax_total,1107,2900457.787219,21446.664630,1077.665048,9937.637451,1094.913737
all_ages,equal_all_members,person,exclude_recent_noncitizen,india_born_settled,payroll,1107,2900457.787219,4919.334628,166.155564,2016.495994,166.421325
all_ages,equal_all_members,person,exclude_recent_noncitizen,india_born_settled,property_tax_owner,1107,2900457.787219,2131.595870,112.467165,743.194741,112.047456
all_ages,equal_all_members,person,exclude_recent_noncitizen,india_born_settled,property_tax_renter_proxy,1107,2900457.787219,239.312934,25.285014,-20.532017,25.788556
all_ages,equal_all_members,person,exclude_recent_noncitizen,india_born_settled,sales_tax_itep,1107,2900457.787219,2004.140117,60.657953,321.469959,61.635357
all_ages,equal_all_members,person,exclude_recent_noncitizen,india_born_settled,sales_tax_share35,1107,2900457.787219,1424.611292,52.506326,475.504712,53.353478
all_ages,equal_all_members,person,exclude_recent_noncitizen,india_born_settled,selected_cash_total,1107,2900457.787219,2030.516956,310.136635,-3643.197124,314.881489
all_ages,equal_all_members,person,exclude_recent_noncitizen,india_born_settled,selected_noncash_total,1107,2900457.787219,63.560762,11.768299,-91.780951,12.168874
all_ages,equal_all_members,person,exclude_recent_noncitizen,india_born_settled,snap,1107,2900457.787219,27.711808,10.319999,-63.386901,10.811540
all_ages,equal_all_members,person,exclude_recent_noncitizen,india_born_settled,social_security,1107,2900457.787219,1866.716177,297.554302,-3113.801643,302.454142
all_ages,equal_all_members,person,exclude_recent_noncitizen,india_born_settled,state_after_credits,1107,2900457.787219,3129.934565,214.656245,1446.003921,216.810435
all_ages,equal_all_members,person,exclude_recent_noncitizen,india_born_settled,state_local_total,1107,2900457.787219,6686.141727,288.328879,2664.703373,291.557147
all_ages,equal_all_members,person,exclude_recent_noncitizen,india_second_gen,cash_noncash_tax_balance,704,1797874.357678,20932.556829,2085.991193,15252.585444,2086.154526
all_ages,equal_all_members,person,exclude_recent_noncitizen,india_second_gen,children_5_17,704,1797874.357678,0.212309,0.010547,0.073532,0.010753
all_ages,equal_all_members,person,exclude_recent_noncitizen,india_second_gen,employer_payroll,704,1797874.357678,4447.531984,131.836016,1817.629108,133.370238
all_ages,equal_all_members,person,exclude_recent_noncitizen,india_second_gen,extended_balance_after_health,704,1797874.357678,23646.939909,2317.508992,19057.699806,2315.892339
all_ages,equal_all_members,person,exclude_recent_noncitizen,india_second_gen,extended_balance_after_health_ins,704,1797874.357678,24298.321460,2329.239225,19378.709479,2326.696155
all_ages,equal_all_members,person,exclude_recent_noncitizen,india_second_gen,extended_balance_base,704,1797874.357678,25463.367188,2321.897421,16737.270231,2320.420294
all_ages,equal_all_members,person,exclude_recent_noncitizen,india_second_gen,extended_balance_flat090,704,1797874.357678,25062.876976,2324.297145,16569.666952,2322.754881
all_ages,equal_all_members,person,exclude_recent_noncitizen,india_second_gen,extended_balance_renter,704,1797874.357678,25729.603083,2323.083184,16743.661175,2321.761793
all_ages,equal_all_members,person,exclude_recent_noncitizen,india_second_gen,extended_balance_sales_itep,704,1797874.357678,25997.365928,2322.812706,16537.705393,2321.815320
all_ages,equal_all_members,person,exclude_recent_noncitizen,india_second_gen,federal_after_refundable,704,1797874.357678,13376.803478,1482.120388,6454.545578,1479.683084
all_ages,equal_all_members,person,exclude_recent_noncitizen,india_second_gen,health_age_birth,704,1797874.357678,1816.427279,68.906154,-2320.429575,69.665201
all_ages,equal_all_members,person,exclude_recent_noncitizen,india_second_gen,health_age_birth_ins,704,1797874.357678,1165.045727,101.095027,-2641.439248,101.314861
all_ages,equal_all_members,person,exclude_recent_noncitizen,india_second_gen,k12_charged,704,1797874.357678,3303.988901,177.070852,1382.703889,180.777098
all_ages,equal_all_members,person,exclude_recent_noncitizen,india_second_gen,k12_charged_flat090,704,1797874.357678,3704.479113,198.534346,1550.307168,202.689841
all_ages,equal_all_members,person,exclude_recent_noncitizen,india_second_gen,k12_cost_at_full_attendance,704,1797874.357678,4116.087903,220.593717,1722.563520,225.210934
all_ages,equal_all_members,person,exclude_recent_noncitizen,india_second_gen,modeled_tax_total,704,1797874.357678,21631.841380,2054.076694,10122.814202,2048.291811
all_ages,equal_all_members,person,exclude_recent_noncitizen,india_second_gen,payroll,704,1797874.357678,4698.318028,155.598801,1795.479395,156.219913
all_ages,equal_all_members,person,exclude_recent_noncitizen,india_second_gen,property_tax_owner,704,1797874.357678,2038.006791,141.977732,649.605662,140.555141
all_ages,equal_all_members,person,exclude_recent_noncitizen,india_second_gen,property_tax_renter_proxy,704,1797874.357678,266.235895,32.558603,6.390944,32.466433
all_ages,equal_all_members,person,exclude_recent_noncitizen,india_second_gen,sales_tax_itep,704,1797874.357678,1883.259226,77.277393,200.589068,77.581091
all_ages,equal_all_members,person,exclude_recent_noncitizen,india_second_gen,sales_tax_share35,704,1797874.357678,1349.260486,74.496971,400.153906,74.338959
all_ages,equal_all_members,person,exclude_recent_noncitizen,india_second_gen,selected_cash_total,704,1797874.357678,640.613032,132.829488,-5033.101049,143.099497
all_ages,equal_all_members,person,exclude_recent_noncitizen,india_second_gen,selected_noncash_total,704,1797874.357678,58.671520,9.187292,-96.670194,9.810610
all_ages,equal_all_members,person,exclude_recent_noncitizen,india_second_gen,snap,704,1797874.357678,14.979960,7.434750,-76.118750,8.028536
all_ages,equal_all_members,person,exclude_recent_noncitizen,india_second_gen,social_security,704,1797874.357678,499.803816,123.011064,-4480.714004,133.460926
all_ages,equal_all_members,person,exclude_recent_noncitizen,india_second_gen,state_after_credits,704,1797874.357678,3556.719874,487.742851,1872.789229,484.674481
all_ages,equal_all_members,person,exclude_recent_noncitizen,india_second_gen,state_local_total,704,1797874.357678,6943.987150,645.773338,2922.548797,640.163088
all_ages,equal_all_members,person,exclude_recent_noncitizen,mexican_second_gen,cash_noncash_tax_balance,6349,14333217.663520,2735.345433,166.260643,-2944.625952,241.363769
all_ages,equal_all_members,person,exclude_recent_noncitizen,mexican_second_gen,children_5_17,6349,14333217.663520,0.233816,0.004450,0.095038,0.004660
all_ages,equal_all_members,person,exclude_recent_noncitizen,mexican_second_gen,employer_payroll,6349,14333217.663520,1810.281653,33.072480,-819.621223,37.641435
all_ages,equal_all_members,person,exclude_recent_noncitizen,mexican_second_gen,extended_balance_after_health,6349,14333217.663520,387.219670,243.123724,-4202.020432,319.045274
all_ages,equal_all_members,person,exclude_recent_noncitizen,mexican_second_gen,extended_balance_after_health_ins,6349,14333217.663520,19.864395,257.375864,-4899.747587,331.607735
all_ages,equal_all_members,person,exclude_recent_noncitizen,mexican_second_gen,extended_balance_base,6349,14333217.663520,2461.679658,237.068602,-6264.417300,313.564929
all_ages,equal_all_members,person,exclude_recent_noncitizen,mexican_second_gen,extended_balance_flat090,6349,14333217.663520,2066.540448,241.704487,-6426.669577,317.515644
all_ages,equal_all_members,person,exclude_recent_noncitizen,mexican_second_gen,extended_balance_renter,6349,14333217.663520,2853.462586,237.779599,-6132.479322,313.603098
all_ages,equal_all_members,person,exclude_recent_noncitizen,mexican_second_gen,extended_balance_sales_itep,6349,14333217.663520,2891.021424,238.942361,-6568.639111,315.198685
all_ages,equal_all_members,person,exclude_recent_noncitizen,mexican_second_gen,federal_after_refundable,6349,14333217.663520,1933.624908,104.206506,-4988.632992,158.266545
all_ages,equal_all_members,person,exclude_recent_noncitizen,mexican_second_gen,health_age_birth,6349,14333217.663520,2074.459987,31.919850,-2062.396867,34.286002
all_ages,equal_all_members,person,exclude_recent_noncitizen,mexican_second_gen,health_age_birth_ins,6349,14333217.663520,2441.815262,54.709855,-1364.669713,57.643385
all_ages,equal_all_members,person,exclude_recent_noncitizen,mexican_second_gen,k12_charged,6349,14333217.663520,3259.843878,69.875685,1338.558866,75.544894
all_ages,equal_all_members,person,exclude_recent_noncitizen,mexican_second_gen,k12_charged_flat090,6349,14333217.663520,3654.983088,78.345606,1500.811143,84.702005
all_ages,equal_all_members,person,exclude_recent_noncitizen,mexican_second_gen,k12_cost_at_full_attendance,6349,14333217.663520,4061.092320,87.050674,1667.567936,94.113339
all_ages,equal_all_members,person,exclude_recent_noncitizen,mexican_second_gen,modeled_tax_total,6349,14333217.663520,4498.865214,154.185655,-7010.161965,222.128902
all_ages,equal_all_members,person,exclude_recent_noncitizen,mexican_second_gen,payroll,6349,14333217.663520,1981.189837,35.254326,-921.648796,41.806107
all_ages,equal_all_members,person,exclude_recent_noncitizen,mexican_second_gen,property_tax_owner,6349,14333217.663520,583.495188,17.506419,-804.905941,22.355916
all_ages,equal_all_members,person,exclude_recent_noncitizen,mexican_second_gen,property_tax_renter_proxy,6349,14333217.663520,391.782928,12.451247,131.937978,12.342712
all_ages,equal_all_members,person,exclude_recent_noncitizen,mexican_second_gen,sales_tax_itep,6349,14333217.663520,1021.743028,13.274068,-660.927131,15.170396
all_ages,equal_all_members,person,exclude_recent_noncitizen,mexican_second_gen,sales_tax_share35,6349,14333217.663520,592.401261,10.263146,-356.705319,12.267150
all_ages,equal_all_members,person,exclude_recent_noncitizen,mexican_second_gen,selected_cash_total,6349,14333217.663520,1411.217345,75.416865,-4262.496736,90.684583
all_ages,equal_all_members,person,exclude_recent_noncitizen,mexican_second_gen,selected_noncash_total,6349,14333217.663520,352.302436,13.793060,196.960723,14.723050
all_ages,equal_all_members,person,exclude_recent_noncitizen,mexican_second_gen,snap,6349,14333217.663520,175.365615,11.654478,84.266906,12.480275
all_ages,equal_all_members,person,exclude_recent_noncitizen,mexican_second_gen,social_security,6349,14333217.663520,982.324884,61.477224,-3998.192936,77.635930
all_ages,equal_all_members,person,exclude_recent_noncitizen,mexican_second_gen,state_after_credits,6349,14333217.663520,584.050468,27.055374,-1099.880176,39.805907
all_ages,equal_all_members,person,exclude_recent_noncitizen,mexican_second_gen,state_local_total,6349,14333217.663520,1759.946918,44.296265,-2261.491436,62.862241
all_ages,equal_all_members,person,exclude_recent_noncitizen,mexico_born,cash_noncash_tax_balance,4842,10379100.733652,2093.557134,190.441242,-3586.414250,259.139163
all_ages,equal_all_members,person,exclude_recent_noncitizen,mexico_born,children_5_17,4842,10379100.733652,0.156587,0.004019,0.017809,0.004196
all_ages,equal_all_members,person,exclude_recent_noncitizen,mexico_born,employer_payroll,4842,10379100.733652,1714.042516,34.826756,-915.860360,38.686848
all_ages,equal_all_members,person,exclude_recent_noncitizen,mexico_born,extended_balance_after_health,4842,10379100.733652,65.755702,263.725537,-4523.484401,334.001917
all_ages,equal_all_members,person,exclude_recent_noncitizen,mexico_born,extended_balance_after_health_ins,4842,10379100.733652,-234.288341,290.239287,-5153.900323,354.866290
all_ages,equal_all_members,person,exclude_recent_noncitizen,mexico_born,extended_balance_base,4842,10379100.733652,2791.820349,246.593591,-5934.276609,318.763759
all_ages,equal_all_members,person,exclude_recent_noncitizen,mexico_born,extended_balance_flat090,4842,10379100.733652,2526.266910,249.290416,-5966.943114,320.816449
all_ages,equal_all_members,person,exclude_recent_noncitizen,mexico_born,extended_balance_renter,4842,10379100.733652,3251.771672,246.731261,-5734.170235,318.034497
all_ages,equal_all_members,person,exclude_recent_noncitizen,mexico_born,extended_balance_sales_itep,4842,10379100.733652,3265.579444,248.275733,-6194.081091,320.192428
all_ages,equal_all_members,person,exclude_recent_noncitizen,mexico_born,federal_after_refundable,4842,10379100.733652,1797.823379,104.711096,-5124.434521,168.224316
all_ages,equal_all_members,person,exclude_recent_noncitizen,mexico_born,health_age_birth,4842,10379100.733652,2726.064647,51.571299,-1410.792208,52.362043
all_ages,equal_all_members,person,exclude_recent_noncitizen,mexico_born,health_age_birth_ins,4842,10379100.733652,3026.108690,84.051546,-780.376286,83.497104
all_ages,equal_all_members,person,exclude_recent_noncitizen,mexico_born,k12_charged,4842,10379100.733652,2190.779172,60.887383,269.494160,65.250068
all_ages,equal_all_members,person,exclude_recent_noncitizen,mexico_born,k12_charged_flat090,4842,10379100.733652,2456.332611,68.267795,302.160666,73.159300
all_ages,equal_all_members,person,exclude_recent_noncitizen,mexico_born,k12_cost_at_full_attendance,4842,10379100.733652,2729.258457,75.853106,335.734073,81.288111
all_ages,equal_all_members,person,exclude_recent_noncitizen,mexico_born,modeled_tax_total,4842,10379100.733652,4271.478144,160.374968,-7237.549034,237.008523
all_ages,equal_all_members,person,exclude_recent_noncitizen,mexico_born,payroll,4842,10379100.733652,1949.991409,38.714806,-952.847225,43.678285
all_ages,equal_all_members,person,exclude_recent_noncitizen,mexico_born,property_tax_owner,4842,10379100.733652,601.359641,21.598173,-787.041488,25.300464
all_ages,equal_all_members,person,exclude_recent_noncitizen,mexico_born,property_tax_renter_proxy,4842,10379100.733652,459.951324,14.102098,200.106373,14.229414
all_ages,equal_all_members,person,exclude_recent_noncitizen,mexico_born,sales_tax_itep,4842,10379100.733652,1047.399326,14.060630,-635.270832,16.210810
all_ages,equal_all_members,person,exclude_recent_noncitizen,mexico_born,sales_tax_share35,4842,10379100.733652,573.640230,10.775539,-375.466350,13.001189
all_ages,equal_all_members,person,exclude_recent_noncitizen,mexico_born,selected_cash_total,4842,10379100.733652,1920.682681,95.285569,-3753.031399,100.533362
all_ages,equal_all_members,person,exclude_recent_noncitizen,mexico_born,selected_noncash_total,4842,10379100.733652,257.238328,12.538169,101.896615,12.971697
all_ages,equal_all_members,person,exclude_recent_noncitizen,mexico_born,snap,4842,10379100.733652,135.188120,11.316851,44.089410,11.721500
all_ages,equal_all_members,person,exclude_recent_noncitizen,mexico_born,social_security,4842,10379100.733652,1656.611302,84.934266,-3323.906518,90.866353
all_ages,equal_all_members,person,exclude_recent_noncitizen,mexico_born,state_after_credits,4842,10379100.733652,523.663356,29.209299,-1160.267288,41.532941
all_ages,equal_all_members,person,exclude_recent_noncitizen,mexico_born,state_local_total,4842,10379100.733652,1698.663227,48.324237,-2322.775127,66.225745
all_ages,equal_all_members,person,exclude_recent_noncitizen,third_plus_nh_white,cash_noncash_tax_balance,73873,173053893.397290,5679.971385,170.916512,0.000000,0.000000
all_ages,equal_all_members,person,exclude_recent_noncitizen,third_plus_nh_white,children_5_17,73873,173053893.397290,0.138777,0.001085,0.000000,0.000000
all_ages,equal_all_members,person,exclude_recent_noncitizen,third_plus_nh_white,employer_payroll,73873,173053893.397290,2629.902876,18.484508,0.000000,0.000000
all_ages,equal_all_members,person,exclude_recent_noncitizen,third_plus_nh_white,extended_balance_after_health,73873,173053893.397290,4589.240103,202.099865,0.000000,0.000000
all_ages,equal_all_members,person,exclude_recent_noncitizen,third_plus_nh_white,extended_balance_after_health_ins,73873,173053893.397290,4919.611982,207.304910,0.000000,0.000000
all_ages,equal_all_members,person,exclude_recent_noncitizen,third_plus_nh_white,extended_balance_base,73873,173053893.397290,8726.096957,200.422984,0.000000,0.000000
all_ages,equal_all_members,person,exclude_recent_noncitizen,third_plus_nh_white,extended_balance_flat090,73873,173053893.397290,8493.210024,200.755555,0.000000,0.000000
all_ages,equal_all_members,person,exclude_recent_noncitizen,third_plus_nh_white,extended_balance_renter,73873,173053893.397290,8985.941908,200.310741,0.000000,0.000000
all_ages,equal_all_members,person,exclude_recent_noncitizen,third_plus_nh_white,extended_balance_sales_itep,73873,173053893.397290,9459.660536,201.369344,0.000000,0.000000
all_ages,equal_all_members,person,exclude_recent_noncitizen,third_plus_nh_white,federal_after_refundable,73873,173053893.397290,6922.257900,122.693900,0.000000,0.000000
all_ages,equal_all_members,person,exclude_recent_noncitizen,third_plus_nh_white,health_age_birth,73873,173053893.397290,4136.856854,9.962652,0.000000,0.000000
all_ages,equal_all_members,person,exclude_recent_noncitizen,third_plus_nh_white,health_age_birth_ins,73873,173053893.397290,3806.484975,18.419992,0.000000,0.000000
all_ages,equal_all_members,person,exclude_recent_noncitizen,third_plus_nh_white,k12_charged,73873,173053893.397290,1921.285012,19.146445,0.000000,0.000000
all_ages,equal_all_members,person,exclude_recent_noncitizen,third_plus_nh_white,k12_charged_flat090,73873,173053893.397290,2154.171945,21.467265,0.000000,0.000000
all_ages,equal_all_members,person,exclude_recent_noncitizen,third_plus_nh_white,k12_cost_at_full_attendance,73873,173053893.397290,2393.524383,23.852517,0.000000,0.000000
all_ages,equal_all_members,person,exclude_recent_noncitizen,third_plus_nh_white,modeled_tax_total,73873,173053893.397290,11509.027178,163.110519,0.000000,0.000000
all_ages,equal_all_members,person,exclude_recent_noncitizen,third_plus_nh_white,payroll,73873,173053893.397290,2902.838633,21.123160,0.000000,0.000000
all_ages,equal_all_members,person,exclude_recent_noncitizen,third_plus_nh_white,property_tax_owner,73873,173053893.397290,1388.401129,14.116620,0.000000,0.000000
all_ages,equal_all_members,person,exclude_recent_noncitizen,third_plus_nh_white,property_tax_renter_proxy,73873,173053893.397290,259.844951,4.051693,0.000000,0.000000
all_ages,equal_all_members,person,exclude_recent_noncitizen,third_plus_nh_white,sales_tax_itep,73873,173053893.397290,1682.670158,8.707948,0.000000,0.000000
all_ages,equal_all_members,person,exclude_recent_noncitizen,third_plus_nh_white,sales_tax_share35,73873,173053893.397290,949.106580,7.229554,0.000000,0.000000
all_ages,equal_all_members,person,exclude_recent_noncitizen,third_plus_nh_white,selected_cash_total,73873,173053893.397290,5673.714080,44.578080,0.000000,0.000000
all_ages,equal_all_members,person,exclude_recent_noncitizen,third_plus_nh_white,selected_noncash_total,73873,173053893.397290,155.341713,3.467012,0.000000,0.000000
all_ages,equal_all_members,person,exclude_recent_noncitizen,third_plus_nh_white,snap,73873,173053893.397290,91.098709,3.180706,0.000000,0.000000
all_ages,equal_all_members,person,exclude_recent_noncitizen,third_plus_nh_white,social_security,73873,173053893.397290,4980.517820,42.112831,0.000000,0.000000
all_ages,equal_all_members,person,exclude_recent_noncitizen,third_plus_nh_white,state_after_credits,73873,173053893.397290,1683.930644,27.220626,0.000000,0.000000
all_ages,equal_all_members,person,exclude_recent_noncitizen,third_plus_nh_white,state_local_total,73873,173053893.397290,4021.438354,41.763912,0.000000,0.000000
all_ages,equal_all_members,person,exclude_top1_income,all_foreign_born,cash_noncash_tax_balance,21550,52646543.209369,5343.949260,151.941979,1103.398487,176.107301
all_ages,equal_all_members,person,exclude_top1_income,all_foreign_born,children_5_17,21550,52646543.209369,0.145636,0.002104,0.007595,0.002555
all_ages,equal_all_members,person,exclude_top1_income,all_foreign_born,employer_payroll,21550,52646543.209369,2424.155943,26.785734,-136.586255,30.806618
all_ages,equal_all_members,person,exclude_top1_income,all_foreign_born,extended_balance_after_health,21550,52646543.209369,4598.146075,196.812988,1587.011909,229.451853
all_ages,equal_all_members,person,exclude_top1_income,all_foreign_born,extended_balance_after_health_ins,21550,52646543.209369,4588.159992,204.640023,1256.200769,236.487815
all_ages,equal_all_members,person,exclude_top1_income,all_foreign_born,extended_balance_base,21550,52646543.209369,7413.413904,194.482940,252.973955,226.500316
all_ages,equal_all_members,person,exclude_top1_income,all_foreign_born,extended_balance_flat090,21550,52646543.209369,7149.697620,195.464460,220.748033,227.853922
all_ages,equal_all_members,person,exclude_top1_income,all_foreign_born,extended_balance_renter,21550,52646543.209369,7933.997989,194.011814,511.956529,226.098643
all_ages,equal_all_members,person,exclude_top1_income,all_foreign_born,extended_balance_sales_itep,21550,52646543.209369,7991.001054,195.311112,106.959607,227.492252
all_ages,equal_all_members,person,exclude_top1_income,all_foreign_born,federal_after_refundable,21550,52646543.209369,4425.969776,92.743870,-1358.278013,110.443947
all_ages,equal_all_members,person,exclude_top1_income,all_foreign_born,health_age_birth,21550,52646543.209369,2815.267829,23.825654,-1334.037954,29.183218
all_ages,equal_all_members,person,exclude_top1_income,all_foreign_born,health_age_birth_ins,21550,52646543.209369,2825.253912,30.683936,-1003.226815,37.173076
all_ages,equal_all_members,person,exclude_top1_income,all_foreign_born,k12_charged,21550,52646543.209369,2175.622899,35.342403,265.859404,43.573664
all_ages,equal_all_members,person,exclude_top1_income,all_foreign_born,k12_charged_flat090,21550,52646543.209369,2439.339183,39.626402,298.085326,48.855409
all_ages,equal_all_members,person,exclude_top1_income,all_foreign_born,k12_cost_at_full_attendance,21550,52646543.209369,2710.376870,44.029336,331.205917,54.283788
all_ages,equal_all_members,person,exclude_top1_income,all_foreign_born,modeled_tax_total,21550,52646543.209369,8325.961573,143.148357,-1772.110377,168.664416
all_ages,equal_all_members,person,exclude_top1_income,all_foreign_born,payroll,21550,52646543.209369,2644.824847,28.614136,-156.035040,32.644717
all_ages,equal_all_members,person,exclude_top1_income,all_foreign_born,property_tax_owner,21550,52646543.209369,1046.284501,23.170112,-327.298285,25.814450
all_ages,equal_all_members,person,exclude_top1_income,all_foreign_born,property_tax_renter_proxy,21550,52646543.209369,520.584085,7.497254,258.982574,8.523635
all_ages,equal_all_members,person,exclude_top1_income,all_foreign_born,sales_tax_itep,21550,52646543.209369,1352.234248,10.006424,-266.694937,11.730889
all_ages,equal_all_members,person,exclude_top1_income,all_foreign_born,sales_tax_share35,21550,52646543.209369,774.647099,7.883176,-120.680589,9.078467
all_ages,equal_all_members,person,exclude_top1_income,all_foreign_born,selected_cash_total,21550,52646543.209369,2761.106770,61.011184,-2940.185747,75.503472
all_ages,equal_all_members,person,exclude_top1_income,all_foreign_born,selected_noncash_total,21550,52646543.209369,220.905543,5.904423,64.676883,6.759451
all_ages,equal_all_members,person,exclude_top1_income,all_foreign_born,snap,21550,52646543.209369,131.305191,5.273112,39.397051,6.148537
all_ages,equal_all_members,person,exclude_top1_income,all_foreign_born,social_security,21550,52646543.209369,2345.609101,55.160295,-2665.881400,70.945284
all_ages,equal_all_members,person,exclude_top1_income,all_foreign_born,state_after_credits,21550,52646543.209369,1255.166949,30.373435,-257.797325,36.017887
all_ages,equal_all_members,person,exclude_top1_income,all_foreign_born,state_local_total,21550,52646543.209369,3076.098549,49.185280,-705.776198,58.309936
all_ages,equal_all_members,person,exclude_top1_income,all_native,cash_noncash_tax_balance,118844,281105076.967728,3923.386896,86.744137,-317.163877,52.217888
all_ages,equal_all_members,person,exclude_top1_income,all_native,children_5_17,118844,281105076.967728,0.161447,0.000891,0.023406,0.000746
all_ages,equal_all_members,person,exclude_top1_income,all_native,employer_payroll,118844,281105076.967728,2418.902555,14.057013,-141.839644,8.490554
all_ages,equal_all_members,person,exclude_top1_income,all_native,extended_balance_after_health,118844,281105076.967728,2410.411469,112.772514,-600.722697,67.344609
all_ages,equal_all_members,person,exclude_top1_income,all_native,extended_balance_after_health_ins,118844,281105076.967728,2523.959936,119.016958,-807.999287,70.878551
all_ages,equal_all_members,person,exclude_top1_income,all_native,extended_balance_base,118844,281105076.967728,6071.267147,110.972686,-1089.172802,65.174575
all_ages,equal_all_members,person,exclude_top1_income,all_native,extended_balance_flat090,118844,281105076.967728,5795.855659,111.527010,-1133.093929,65.530649
all_ages,equal_all_members,person,exclude_top1_income,all_native,extended_balance_renter,118844,281105076.967728,6408.136748,110.751623,-1013.904712,65.011907
all_ages,equal_all_members,person,exclude_top1_income,all_native,extended_balance_sales_itep,118844,281105076.967728,6737.383705,111.389701,-1146.657741,65.410565
all_ages,equal_all_members,person,exclude_top1_income,all_native,federal_after_refundable,118844,281105076.967728,4923.365861,53.853917,-860.881928,29.974331
all_ages,equal_all_members,person,exclude_top1_income,all_native,health_age_birth,118844,281105076.967728,3660.855678,7.491364,-488.450105,7.389788
all_ages,equal_all_members,person,exclude_top1_income,all_native,health_age_birth_ins,118844,281105076.967728,3547.307211,14.980920,-281.173515,12.351056
all_ages,equal_all_members,person,exclude_top1_income,all_native,k12_charged,118844,281105076.967728,2272.106724,14.453225,362.343229,13.107954
all_ages,equal_all_members,person,exclude_top1_income,all_native,k12_charged_flat090,118844,281105076.967728,2547.518213,16.205160,406.264356,14.696824
all_ages,equal_all_members,person,exclude_top1_income,all_native,k12_cost_at_full_attendance,118844,281105076.967728,2830.575793,18.005734,451.404840,16.329804
all_ages,equal_all_members,person,exclude_top1_income,all_native,modeled_tax_total,118844,281105076.967728,8879.477246,78.987241,-1218.594704,44.711978
all_ages,equal_all_members,person,exclude_top1_income,all_native,payroll,118844,281105076.967728,2628.685454,14.992819,-172.174433,8.945616
all_ages,equal_all_members,person,exclude_top1_income,all_native,property_tax_owner,118844,281105076.967728,1177.586922,9.774516,-195.995864,6.930353
all_ages,equal_all_members,person,exclude_top1_income,all_native,property_tax_renter_proxy,118844,281105076.967728,336.869601,3.558379,75.268089,2.617418
all_ages,equal_all_members,person,exclude_top1_income,all_native,sales_tax_itep,118844,281105076.967728,1489.614058,5.194591,-129.315128,3.167664
all_ages,equal_all_members,person,exclude_top1_income,all_native,sales_tax_share35,118844,281105076.967728,823.497500,4.228285,-71.830188,2.465010
all_ages,equal_all_members,person,exclude_top1_income,all_native,selected_cash_total,118844,281105076.967728,4724.223221,32.365720,-977.069297,24.512506
all_ages,equal_all_members,person,exclude_top1_income,all_native,selected_noncash_total,118844,281105076.967728,231.867129,3.349832,75.638469,2.976712
all_ages,equal_all_members,person,exclude_top1_income,all_native,snap,118844,281105076.967728,139.299517,2.879271,47.391377,2.629627
all_ages,equal_all_members,person,exclude_top1_income,all_native,social_security,118844,281105076.967728,4004.763795,30.595183,-1006.726706,21.413054
all_ages,equal_all_members,person,exclude_top1_income,all_native,state_after_credits,118844,281105076.967728,1327.425931,13.833208,-185.538343,9.042060
all_ages,equal_all_members,person,exclude_top1_income,all_native,state_local_total,118844,281105076.967728,3328.510352,23.845146,-453.364395,15.221092
all_ages,equal_all_members,person,exclude_top1_income,asian_indian_native_selfid,cash_noncash_tax_balance,769,1992030.189640,16347.119404,992.497227,12106.568631,1002.504630
all_ages,equal_all_members,person,exclude_top1_income,asian_indian_native_selfid,children_5_17,769,1992030.189640,0.202358,0.011932,0.064316,0.012078
all_ages,equal_all_members,person,exclude_top1_income,asian_indian_native_selfid,employer_payroll,769,1992030.189640,4207.689343,150.728202,1646.947145,153.169508
all_ages,equal_all_members,person,exclude_top1_income,asian_indian_native_selfid,extended_balance_after_health,769,1992030.189640,18566.050613,1285.405351,15554.916447,1297.282784
all_ages,equal_all_members,person,exclude_top1_income,asian_indian_native_selfid,extended_balance_after_health_ins,769,1992030.189640,19067.330577,1307.224753,15735.371354,1319.949320
all_ages,equal_all_members,person,exclude_top1_income,asian_indian_native_selfid,extended_balance_base,769,1992030.189640,20440.579531,1259.324581,13280.139582,1271.760125
all_ages,equal_all_members,person,exclude_top1_income,asian_indian_native_selfid,extended_balance_flat090,769,1992030.189640,20056.059473,1266.366200,13127.109886,1278.661167
all_ages,equal_all_members,person,exclude_top1_income,asian_indian_native_selfid,extended_balance_renter,769,1992030.189640,20701.958382,1267.807680,13279.916921,1280.346824
all_ages,equal_all_members,person,exclude_top1_income,asian_indian_native_selfid,extended_balance_sales_itep,769,1992030.189640,20948.025162,1264.989662,13063.983715,1277.476988
all_ages,equal_all_members,person,exclude_top1_income,asian_indian_native_selfid,federal_after_refundable,769,1992030.189640,10137.815767,711.609324,4353.567978,712.487874
all_ages,equal_all_members,person,exclude_top1_income,asian_indian_native_selfid,health_age_birth,769,1992030.189640,1874.528918,78.683687,-2274.776865,80.117992
all_ages,equal_all_members,person,exclude_top1_income,asian_indian_native_selfid,health_age_birth_ins,769,1992030.189640,1373.248955,116.344276,-2455.231771,118.005109
all_ages,equal_all_members,person,exclude_top1_income,asian_indian_native_selfid,k12_charged,769,1992030.189640,3172.237347,197.373020,1262.473852,200.771385
all_ages,equal_all_members,person,exclude_top1_income,asian_indian_native_selfid,k12_charged_flat090,769,1992030.189640,3556.757406,221.297424,1415.503549,225.107719
all_ages,equal_all_members,person,exclude_top1_income,asian_indian_native_selfid,k12_cost_at_full_attendance,769,1992030.189640,3951.952673,245.886026,1572.781721,250.119687
all_ages,equal_all_members,person,exclude_top1_income,asian_indian_native_selfid,modeled_tax_total,769,1992030.189640,17069.442995,961.599936,6971.371045,967.244921
all_ages,equal_all_members,person,exclude_top1_income,asian_indian_native_selfid,payroll,769,1992030.189640,4344.365160,155.726859,1543.505272,157.937830
all_ages,equal_all_members,person,exclude_top1_income,asian_indian_native_selfid,property_tax_owner,769,1992030.189640,1860.435456,121.217948,486.852670,121.473533
all_ages,equal_all_members,person,exclude_top1_income,asian_indian_native_selfid,property_tax_renter_proxy,769,1992030.189640,261.378850,33.784344,-0.222661,33.720474
all_ages,equal_all_members,person,exclude_top1_income,asian_indian_native_selfid,sales_tax_itep,769,1992030.189640,1705.018306,60.516455,86.089121,60.854573
all_ages,equal_all_members,person,exclude_top1_income,asian_indian_native_selfid,sales_tax_share35,769,1992030.189640,1197.572676,54.335654,302.244988,54.643645
all_ages,equal_all_members,person,exclude_top1_income,asian_indian_native_selfid,selected_cash_total,769,1992030.189640,633.481538,121.942886,-5067.810980,131.945638
all_ages,equal_all_members,person,exclude_top1_income,asian_indian_native_selfid,selected_noncash_total,769,1992030.189640,88.842054,16.198003,-67.386606,16.259796
all_ages,equal_all_members,person,exclude_top1_income,asian_indian_native_selfid,snap,769,1992030.189640,36.435395,13.512909,-55.472744,13.664456
all_ages,equal_all_members,person,exclude_top1_income,asian_indian_native_selfid,social_security,769,1992030.189640,476.387779,105.313132,-4535.102722,115.103578
all_ages,equal_all_members,person,exclude_top1_income,asian_indian_native_selfid,state_after_credits,769,1992030.189640,2587.262068,172.609215,1074.297795,175.634174
all_ages,equal_all_members,person,exclude_top1_income,asian_indian_native_selfid,state_local_total,769,1992030.189640,5645.270200,269.673621,1863.395453,273.661784
all_ages,equal_all_members,person,exclude_top1_income,china_born,cash_noncash_tax_balance,900,2244579.897316,10832.124835,1198.444098,6591.574063,1192.962770
all_ages,equal_all_members,person,exclude_top1_income,china_born,children_5_17,900,2244579.897316,0.119978,0.009863,-0.018063,0.009966
all_ages,equal_all_members,person,exclude_top1_income,china_born,employer_payroll,900,2244579.897316,3136.987591,176.454717,576.245393,176.787086
all_ages,equal_all_members,person,exclude_top1_income,china_born,extended_balance_after_health,900,2244579.897316,11665.535015,1537.693593,8654.400849,1531.918941
all_ages,equal_all_members,person,exclude_top1_income,china_born,extended_balance_after_health_ins,900,2244579.897316,11393.038187,1616.176788,8061.078964,1610.645015
all_ages,equal_all_members,person,exclude_top1_income,china_born,extended_balance_base,900,2244579.897316,14967.268598,1487.969022,7806.828649,1482.744864
all_ages,equal_all_members,person,exclude_top1_income,china_born,extended_balance_flat090,900,2244579.897316,14720.266926,1490.137236,7791.317339,1484.896523
all_ages,equal_all_members,person,exclude_top1_income,china_born,extended_balance_renter,900,2244579.897316,15570.256798,1483.826282,8148.215338,1479.135499
all_ages,equal_all_members,person,exclude_top1_income,china_born,extended_balance_sales_itep,900,2244579.897316,15564.381209,1494.588963,7680.339763,1489.565725
all_ages,equal_all_members,person,exclude_top1_income,china_born,federal_after_refundable,900,2244579.897316,8064.095449,724.031993,2279.847660,718.472346
all_ages,equal_all_members,person,exclude_top1_income,china_born,health_age_birth,900,2244579.897316,3301.733582,166.974254,-847.572201,166.212002
all_ages,equal_all_members,person,exclude_top1_income,china_born,health_age_birth_ins,900,2244579.897316,3574.230411,225.868340,-254.250315,225.755127
all_ages,equal_all_members,person,exclude_top1_income,china_born,k12_charged,900,2244579.897316,2037.729660,168.079111,127.966165,168.733364
all_ages,equal_all_members,person,exclude_top1_income,china_born,k12_charged_flat090,900,2244579.897316,2284.731332,188.452678,143.477475,189.186236
all_ages,equal_all_members,person,exclude_top1_income,china_born,k12_cost_at_full_attendance,900,2244579.897316,2538.590369,209.391865,159.419417,210.206929
all_ages,equal_all_members,person,exclude_top1_income,china_born,modeled_tax_total,900,2244579.897316,13888.096128,1111.927809,3790.024178,1106.912749
all_ages,equal_all_members,person,exclude_top1_income,china_born,payroll,900,2244579.897316,3408.732606,189.534337,607.872719,189.545168
all_ages,equal_all_members,person,exclude_top1_income,china_born,property_tax_owner,900,2244579.897316,1938.790147,199.561524,565.207361,200.624587
all_ages,equal_all_members,person,exclude_top1_income,china_born,property_tax_renter_proxy,900,2244579.897316,602.988200,44.748923,341.386689,45.102433
all_ages,equal_all_members,person,exclude_top1_income,china_born,sales_tax_itep,900,2244579.897316,1694.208297,73.430332,75.279112,73.281172
all_ages,equal_all_members,person,exclude_top1_income,china_born,sales_tax_share35,900,2244579.897316,1097.095686,61.766098,201.767998,61.236661
all_ages,equal_all_members,person,exclude_top1_income,china_born,selected_cash_total,900,2244579.897316,2829.082950,336.307470,-2872.209568,338.815072
all_ages,equal_all_members,person,exclude_top1_income,china_born,selected_noncash_total,900,2244579.897316,226.888343,31.668143,70.659683,32.101078
all_ages,equal_all_members,person,exclude_top1_income,china_born,snap,900,2244579.897316,151.352169,29.411026,59.444029,29.733157
all_ages,equal_all_members,person,exclude_top1_income,china_born,social_security,900,2244579.897316,2433.030333,322.315333,-2578.460168,322.604322
all_ages,equal_all_members,person,exclude_top1_income,china_born,state_after_credits,900,2244579.897316,2415.268072,239.339767,902.303799,239.816142
all_ages,equal_all_members,person,exclude_top1_income,china_born,state_local_total,900,2244579.897316,5451.153905,415.597014,1669.279158,416.819516
all_ages,equal_all_members,person,exclude_top1_income,china_born_broad,cash_noncash_tax_balance,1116,2788932.592237,10857.004076,1070.393917,6616.453303,1064.092402
all_ages,equal_all_members,person,exclude_top1_income,china_born_broad,children_5_17,1116,2788932.592237,0.117182,0.008817,-0.020859,0.008939
all_ages,equal_all_members,person,exclude_top1_income,china_born_broad,employer_payroll,1116,2788932.592237,3237.138542,155.857275,676.396344,156.299818
all_ages,equal_all_members,person,exclude_top1_income,china_born_broad,extended_balance_after_health,1116,2788932.592237,11967.009098,1360.871014,8955.874932,1353.586854
all_ages,equal_all_members,person,exclude_top1_income,china_born_broad,extended_balance_after_health_ins,1116,2788932.592237,11902.073495,1436.046170,8570.114272,1429.345734
all_ages,equal_all_members,person,exclude_top1_income,china_born_broad,extended_balance_base,1116,2788932.592237,15473.796150,1310.746414,8313.356201,1303.766508
all_ages,equal_all_members,person,exclude_top1_income,china_born_broad,extended_balance_flat090,1116,2788932.592237,15236.005988,1312.455414,8307.056401,1305.433353
all_ages,equal_all_members,person,exclude_top1_income,china_born_broad,extended_balance_renter,1116,2788932.592237,16029.762741,1309.046857,8607.721281,1302.540906
all_ages,equal_all_members,person,exclude_top1_income,china_born_broad,extended_balance_sales_itep,1116,2788932.592237,16071.484883,1317.130054,8187.443437,1310.357439
all_ages,equal_all_members,person,exclude_top1_income,china_born_broad,federal_after_refundable,1116,2788932.592237,8361.489369,643.649653,2577.241579,638.001648
all_ages,equal_all_members,person,exclude_top1_income,china_born_broad,health_age_birth,1116,2788932.592237,3506.787052,152.167010,-642.518731,151.505439
all_ages,equal_all_members,person,exclude_top1_income,china_born_broad,health_age_birth_ins,1116,2788932.592237,3571.722655,210.057859,-256.758071,210.271579
all_ages,equal_all_members,person,exclude_top1_income,china_born_broad,k12_charged,1116,2788932.592237,1961.735975,146.416347,51.972479,147.293559
all_ages,equal_all_members,person,exclude_top1_income,china_born_broad,k12_charged_flat090,1116,2788932.592237,2199.526136,164.164080,58.272279,165.147623
all_ages,equal_all_members,person,exclude_top1_income,china_born_broad,k12_cost_at_full_attendance,1116,2788932.592237,2443.917929,182.404534,64.746977,183.497359
all_ages,equal_all_members,person,exclude_top1_income,china_born_broad,modeled_tax_total,1116,2788932.592237,14274.017711,981.641066,4175.945761,976.080817
all_ages,equal_all_members,person,exclude_top1_income,china_born_broad,payroll,1116,2788932.592237,3495.747618,166.395372,694.887731,166.415291
all_ages,equal_all_members,person,exclude_top1_income,china_born_broad,property_tax_owner,1116,2788932.592237,2204.901255,179.253892,831.318470,179.906905
all_ages,equal_all_members,person,exclude_top1_income,china_born_broad,property_tax_renter_proxy,1116,2788932.592237,555.966591,38.885408,294.365080,39.273049
all_ages,equal_all_members,person,exclude_top1_income,china_born_broad,sales_tax_itep,1116,2788932.592237,1734.176984,64.172075,115.247799,64.051011
all_ages,equal_all_members,person,exclude_top1_income,china_born_broad,sales_tax_share35,1116,2788932.592237,1136.488251,54.062774,241.160563,53.584357
all_ages,equal_all_members,person,exclude_top1_income,china_born_broad,selected_cash_total,1116,2788932.592237,3198.464875,318.181247,-2502.827643,319.926463
all_ages,equal_all_members,person,exclude_top1_income,china_born_broad,selected_noncash_total,1116,2788932.592237,218.548761,32.092169,62.320101,32.437471
all_ages,equal_all_members,person,exclude_top1_income,china_born_broad,snap,1116,2788932.592237,150.363032,30.268266,58.454892,30.507648
all_ages,equal_all_members,person,exclude_top1_income,china_born_broad,social_security,1116,2788932.592237,2810.622658,313.692170,-2200.867843,312.667038
all_ages,equal_all_members,person,exclude_top1_income,china_born_broad,state_after_credits,1116,2788932.592237,2416.780724,208.648519,903.816451,208.933102
all_ages,equal_all_members,person,exclude_top1_income,china_born_broad,state_local_total,1116,2788932.592237,5758.170231,356.409325,1976.295483,357.001321
all_ages,equal_all_members,person,exclude_top1_income,india_born,cash_noncash_tax_balance,1586,4226452.643014,15466.132657,806.587930,11225.581885,812.715425
all_ages,equal_all_members,person,exclude_top1_income,india_born,children_5_17,1586,4226452.643014,0.148044,0.008717,0.010003,0.008810
all_ages,equal_all_members,person,exclude_top1_income,india_born,employer_payroll,1586,4226452.643014,4273.137150,141.038904,1712.394952,141.605849
all_ages,equal_all_members,person,exclude_top1_income,india_born,extended_balance_after_health,1586,4226452.643014,18303.269458,1033.485354,15292.135292,1039.783783
all_ages,equal_all_members,person,exclude_top1_income,india_born,extended_balance_after_health_ins,1586,4226452.643014,18867.502861,1046.731908,15535.543638,1053.267560
all_ages,equal_all_members,person,exclude_top1_income,india_born,extended_balance_base,1586,4226452.643014,20306.906742,1013.317215,13146.466793,1019.494485
all_ages,equal_all_members,person,exclude_top1_income,india_born,extended_balance_flat090,1586,4226452.643014,20033.920492,1017.914704,13104.970905,1024.260985
all_ages,equal_all_members,person,exclude_top1_income,india_born,extended_balance_renter,1586,4226452.643014,20730.228469,1015.199677,13308.187008,1020.836458
all_ages,equal_all_members,person,exclude_top1_income,india_born,extended_balance_sales_itep,1586,4226452.643014,20904.856027,1016.669970,13020.814581,1022.391245
all_ages,equal_all_members,person,exclude_top1_income,india_born,federal_after_refundable,1586,4226452.643014,10107.841107,496.723777,4323.593317,501.618436
all_ages,equal_all_members,person,exclude_top1_income,india_born,health_age_birth,1586,4226452.643014,2003.637284,99.011153,-2145.668499,102.169572
all_ages,equal_all_members,person,exclude_top1_income,india_born,health_age_birth_ins,1586,4226452.643014,1439.403881,106.062650,-2389.076845,109.711798
all_ages,equal_all_members,person,exclude_top1_income,india_born,k12_charged,1586,4226452.643014,2252.098837,139.725288,342.335342,143.081400
all_ages,equal_all_members,person,exclude_top1_income,india_born,k12_charged_flat090,1586,4226452.643014,2525.085087,156.661971,383.831230,160.424890
all_ages,equal_all_members,person,exclude_top1_income,india_born,k12_cost_at_full_attendance,1586,4226452.643014,2805.650097,174.068856,426.479144,178.249878
all_ages,equal_all_members,person,exclude_top1_income,india_born,modeled_tax_total,1586,4226452.643014,16984.959633,756.401207,6886.887683,762.361993
all_ages,equal_all_members,person,exclude_top1_income,india_born,payroll,1586,4226452.643014,4416.033588,145.248159,1615.173701,145.298461
all_ages,equal_all_members,person,exclude_top1_income,india_born,property_tax_owner,1586,4226452.643014,1581.855031,93.433356,208.272245,92.736330
all_ages,equal_all_members,person,exclude_top1_income,india_born,property_tax_renter_proxy,1586,4226452.643014,423.321726,25.743642,161.720215,26.056358
all_ages,equal_all_members,person,exclude_top1_income,india_born,sales_tax_itep,1586,4226452.643014,1835.830026,46.257875,216.900841,46.327644
all_ages,equal_all_members,person,exclude_top1_income,india_born,sales_tax_share35,1586,4226452.643014,1237.880742,41.414286,342.553054,41.705743
all_ages,equal_all_members,person,exclude_top1_income,india_born,selected_cash_total,1586,4226452.643014,1459.006766,221.725370,-4242.285752,227.583255
all_ages,equal_all_members,person,exclude_top1_income,india_born,selected_noncash_total,1586,4226452.643014,59.820210,9.057521,-96.408450,9.588501
all_ages,equal_all_members,person,exclude_top1_income,india_born,snap,1586,4226452.643014,21.452105,7.231472,-70.456034,7.829428
all_ages,equal_all_members,person,exclude_top1_income,india_born,social_security,1586,4226452.643014,1297.732552,209.738848,-3713.757950,215.302828
all_ages,equal_all_members,person,exclude_top1_income,india_born,state_after_credits,1586,4226452.643014,2461.084939,154.849130,948.120665,156.536475
all_ages,equal_all_members,person,exclude_top1_income,india_born,state_local_total,1586,4226452.643014,5280.820711,221.411611,1498.945964,222.702550
all_ages,equal_all_members,person,exclude_top1_income,india_born_recent_noncit,cash_noncash_tax_balance,496,1371458.702197,11946.541730,1000.789207,7705.990958,1001.080150
all_ages,equal_all_members,person,exclude_top1_income,india_born_recent_noncit,children_5_17,496,1371458.702197,0.132533,0.017827,-0.005508,0.017926
all_ages,equal_all_members,person,exclude_top1_income,india_born_recent_noncit,employer_payroll,496,1371458.702197,3635.831146,202.369546,1075.088948,202.945987
all_ages,equal_all_members,person,exclude_top1_income,india_born_recent_noncit,extended_balance_after_health,496,1371458.702197,14023.080977,1336.782029,11011.946811,1343.550591
all_ages,equal_all_members,person,exclude_top1_income,india_born_recent_noncit,extended_balance_after_health_ins,496,1371458.702197,14443.490391,1349.689060,11111.531169,1356.064206
all_ages,equal_all_members,person,exclude_top1_income,india_born_recent_noncit,extended_balance_base,496,1371458.702197,14987.420688,1340.642200,7826.980739,1347.170409
all_ages,equal_all_members,person,exclude_top1_income,india_born_recent_noncit,extended_balance_flat090,496,1371458.702197,14734.480432,1354.695160,7805.530844,1361.936045
all_ages,equal_all_members,person,exclude_top1_income,india_born_recent_noncit,extended_balance_renter,496,1371458.702197,15790.175971,1354.877043,8368.134510,1360.651909
all_ages,equal_all_members,person,exclude_top1_income,india_born_recent_noncit,extended_balance_sales_itep,496,1371458.702197,15656.436259,1344.024863,7772.394813,1350.436916
all_ages,equal_all_members,person,exclude_top1_income,india_born_recent_noncit,federal_after_refundable,496,1371458.702197,6871.721115,638.057672,1087.473326,639.279596
all_ages,equal_all_members,person,exclude_top1_income,india_born_recent_noncit,health_age_birth,496,1371458.702197,964.339711,55.506169,-3184.966072,58.878677
all_ages,equal_all_members,person,exclude_top1_income,india_born_recent_noncit,health_age_birth_ins,496,1371458.702197,543.930296,78.984373,-3284.550430,85.290365
all_ages,equal_all_members,person,exclude_top1_income,india_born_recent_noncit,k12_charged,496,1371458.702197,2086.722158,323.017609,176.958663,325.728257
all_ages,equal_all_members,person,exclude_top1_income,india_born_recent_noncit,k12_charged_flat090,496,1371458.702197,2339.662414,362.171915,198.408557,365.211131
all_ages,equal_all_members,person,exclude_top1_income,india_born_recent_noncit,k12_cost_at_full_attendance,496,1371458.702197,2599.624904,402.413239,220.453952,405.790146
all_ages,equal_all_members,person,exclude_top1_income,india_born_recent_noncit,modeled_tax_total,496,1371458.702197,12199.693337,981.971485,2101.621387,984.658250
all_ages,equal_all_members,person,exclude_top1_income,india_born_recent_noncit,payroll,496,1371458.702197,3672.949512,205.778601,872.089625,206.338138
all_ages,equal_all_members,person,exclude_top1_income,india_born_recent_noncit,property_tax_owner,496,1371458.702197,476.074826,72.300882,-897.507960,72.543193
all_ages,equal_all_members,person,exclude_top1_income,india_born_recent_noncit,property_tax_renter_proxy,496,1371458.702197,802.755283,46.973498,541.153772,46.735219
all_ages,equal_all_members,person,exclude_top1_income,india_born_recent_noncit,sales_tax_itep,496,1371458.702197,1684.710715,67.779322,65.781530,67.726401
all_ages,equal_all_members,person,exclude_top1_income,india_born_recent_noncit,sales_tax_share35,496,1371458.702197,1015.695144,60.758692,120.367456,60.866693
all_ages,equal_all_members,person,exclude_top1_income,india_born_recent_noncit,selected_cash_total,496,1371458.702197,201.970562,100.495931,-5499.321955,113.049045
all_ages,equal_all_members,person,exclude_top1_income,india_born_recent_noncit,selected_noncash_total,496,1371458.702197,51.181045,11.973950,-105.047615,12.357013
all_ages,equal_all_members,person,exclude_top1_income,india_born_recent_noncit,snap,496,1371458.702197,7.502506,4.930090,-84.405634,5.496311
all_ages,equal_all_members,person,exclude_top1_income,india_born_recent_noncit,social_security,496,1371458.702197,51.385944,38.628888,-4960.104557,58.514621
all_ages,equal_all_members,person,exclude_top1_income,india_born_recent_noncit,state_after_credits,496,1371458.702197,1655.022710,188.497298,142.058436,190.304043
all_ages,equal_all_members,person,exclude_top1_income,india_born_recent_noncit,state_local_total,496,1371458.702197,3146.792679,251.628126,-635.082068,254.371549
all_ages,equal_all_members,person,exclude_top1_income,india_born_settled,cash_noncash_tax_balance,1090,2854993.940818,17156.845039,984.374812,12916.294267,991.812368
all_ages,equal_all_members,person,exclude_top1_income,india_born_settled,children_5_17,1090,2854993.940818,0.155495,0.009067,0.017454,0.009096
all_ages,equal_all_members,person,exclude_top1_income,india_born_settled,employer_payroll,1090,2854993.940818,4579.281010,160.634675,2018.538811,161.213968
all_ages,equal_all_members,person,exclude_top1_income,india_born_settled,extended_balance_after_health,1090,2854993.940818,20359.351489,1227.499141,17348.217323,1232.482152
all_ages,equal_all_members,person,exclude_top1_income,india_born_settled,extended_balance_after_health_ins,1090,2854993.940818,20992.673886,1248.843149,17660.714664,1254.344006
all_ages,equal_all_members,person,exclude_top1_income,india_born_settled,extended_balance_base,1090,2854993.940818,22862.238064,1173.921683,15701.798115,1179.098057
all_ages,equal_all_members,person,exclude_top1_income,india_born_settled,extended_balance_flat090,1090,2854993.940818,22579.622283,1175.538489,15650.672696,1180.546995
all_ages,equal_all_members,person,exclude_top1_income,india_born_settled,extended_balance_renter,1090,2854993.940818,23103.290594,1177.303444,15681.249133,1182.168741
all_ages,equal_all_members,person,exclude_top1_income,india_born_settled,extended_balance_sales_itep,1090,2854993.940818,23426.049106,1179.318337,15542.007659,1184.015287
all_ages,equal_all_members,person,exclude_top1_income,india_born_settled,federal_after_refundable,1090,2854993.940818,11662.382032,581.947882,5878.134243,588.454539
all_ages,equal_all_members,person,exclude_top1_income,india_born_settled,health_age_birth,1090,2854993.940818,2502.886575,130.708585,-1646.419208,133.661367
all_ages,equal_all_members,person,exclude_top1_income,india_born_settled,health_age_birth_ins,1090,2854993.940818,1869.564178,144.486048,-1958.916548,146.747100
all_ages,equal_all_members,person,exclude_top1_income,india_born_settled,k12_charged,1090,2854993.940818,2331.541137,137.189241,421.777642,139.212837
all_ages,equal_all_members,person,exclude_top1_income,india_born_settled,k12_charged_flat090,1090,2854993.940818,2614.156918,153.818518,472.903061,156.087403
all_ages,equal_all_members,person,exclude_top1_income,india_born_settled,k12_cost_at_full_attendance,1090,2854993.940818,2904.618798,170.909465,525.447846,173.430448
all_ages,equal_all_members,person,exclude_top1_income,india_born_settled,modeled_tax_total,1090,2854993.940818,19283.666825,880.593036,9185.594875,888.158614
all_ages,equal_all_members,person,exclude_top1_income,india_born_settled,payroll,1090,2854993.940818,4772.990255,165.478515,1972.130368,165.331344
all_ages,equal_all_members,person,exclude_top1_income,india_born_settled,property_tax_owner,1090,2854993.940818,2113.040706,112.315828,739.457920,111.763060
all_ages,equal_all_members,person,exclude_top1_income,india_born_settled,property_tax_renter_proxy,1090,2854993.940818,241.052529,25.516510,-20.548982,26.000294
all_ages,equal_all_members,person,exclude_top1_income,india_born_settled,sales_tax_itep,1090,2854993.940818,1908.423488,53.219756,289.494303,53.407818
all_ages,equal_all_members,person,exclude_top1_income,india_born_settled,sales_tax_share35,1090,2854993.940818,1344.612447,45.767532,449.284759,46.146499
all_ages,equal_all_members,person,exclude_top1_income,india_born_settled,selected_cash_total,1090,2854993.940818,2062.851564,316.379605,-3638.440953,321.303296
all_ages,equal_all_members,person,exclude_top1_income,india_born_settled,selected_noncash_total,1090,2854993.940818,63.970221,11.978026,-92.258439,12.412425
all_ages,equal_all_members,person,exclude_top1_income,india_born_settled,snap,1090,2854993.940818,28.153100,10.507949,-63.755040,11.019548
all_ages,equal_all_members,person,exclude_top1_income,india_born_settled,social_security,1090,2854993.940818,1896.442369,303.587153,-3115.048132,308.840986
all_ages,equal_all_members,person,exclude_top1_income,india_born_settled,state_after_credits,1090,2854993.940818,2848.294537,187.538634,1335.330264,188.992165
all_ages,equal_all_members,person,exclude_top1_income,india_born_settled,state_local_total,1090,2854993.940818,6305.947690,256.129294,2524.072943,257.456399
all_ages,equal_all_members,person,exclude_top1_income,india_second_gen,cash_noncash_tax_balance,688,1758593.257934,17295.358739,984.295755,13054.807967,987.934960
all_ages,equal_all_members,person,exclude_top1_income,india_second_gen,children_5_17,688,1758593.257934,0.212152,0.010838,0.074111,0.011000
all_ages,equal_all_members,person,exclude_top1_income,india_second_gen,employer_payroll,688,1758593.257934,4333.549670,133.151371,1772.807472,134.605448
all_ages,equal_all_members,person,exclude_top1_income,india_second_gen,extended_balance_after_health,688,1758593.257934,19664.209502,1227.058015,16653.075336,1231.002846
all_ages,equal_all_members,person,exclude_top1_income,india_second_gen,extended_balance_after_health_ins,688,1758593.257934,20300.980514,1241.137100,16969.021291,1245.633752
all_ages,equal_all_members,person,exclude_top1_income,india_second_gen,extended_balance_base,688,1758593.257934,21481.262934,1199.554237,14320.822984,1204.910287
all_ages,equal_all_members,person,exclude_top1_income,india_second_gen,extended_balance_flat090,688,1758593.257934,21081.015161,1202.943181,14152.065574,1208.193020
all_ages,equal_all_members,person,exclude_top1_income,india_second_gen,extended_balance_renter,688,1758593.257934,21748.667502,1205.381172,14326.626042,1210.360022
all_ages,equal_all_members,person,exclude_top1_income,india_second_gen,extended_balance_sales_itep,688,1758593.257934,22008.770731,1203.762550,14124.729285,1209.058081
all_ages,equal_all_members,person,exclude_top1_income,india_second_gen,federal_after_refundable,688,1758593.257934,10725.321793,693.590097,4941.074003,692.603462
all_ages,equal_all_members,person,exclude_top1_income,india_second_gen,health_age_birth,688,1758593.257934,1817.053431,69.415465,-2332.252352,70.315401
all_ages,equal_all_members,person,exclude_top1_income,india_second_gen,health_age_birth_ins,688,1758593.257934,1180.282420,103.853793,-2648.198307,104.223793
all_ages,equal_all_members,person,exclude_top1_income,india_second_gen,k12_charged,688,1758593.257934,3301.988813,181.762072,1392.225318,184.975280
all_ages,equal_all_members,person,exclude_top1_income,india_second_gen,k12_charged_flat090,688,1758593.257934,3702.236586,203.794208,1560.982729,207.396901
all_ages,equal_all_members,person,exclude_top1_income,india_second_gen,k12_cost_at_full_attendance,688,1758593.257934,4113.596206,226.438009,1734.425254,230.441002
all_ages,equal_all_members,person,exclude_top1_income,india_second_gen,modeled_tax_total,688,1758593.257934,18009.631178,933.466740,7911.559228,934.767274
all_ages,equal_all_members,person,exclude_top1_income,india_second_gen,payroll,688,1758593.257934,4490.402472,139.512721,1689.542585,140.242355
all_ages,equal_all_members,person,exclude_top1_income,india_second_gen,property_tax_owner,688,1758593.257934,1930.550992,117.168770,556.968206,117.371696
all_ages,equal_all_members,person,exclude_top1_income,india_second_gen,property_tax_renter_proxy,688,1758593.257934,267.404569,32.819902,5.803057,32.753056
all_ages,equal_all_members,person,exclude_top1_income,india_second_gen,sales_tax_itep,688,1758593.257934,1751.300143,53.598017,132.370958,53.753962
all_ages,equal_all_members,person,exclude_top1_income,india_second_gen,sales_tax_share35,688,1758593.257934,1223.792346,47.610744,328.464658,47.789854
all_ages,equal_all_members,person,exclude_top1_income,india_second_gen,selected_cash_total,688,1758593.257934,654.922187,135.302113,-5046.370331,144.835697
all_ages,equal_all_members,person,exclude_top1_income,india_second_gen,selected_noncash_total,688,1758593.257934,59.350252,9.342662,-96.878408,9.990927
all_ages,equal_all_members,person,exclude_top1_income,india_second_gen,snap,688,1758593.257934,15.314562,7.598127,-76.593578,8.198949
all_ages,equal_all_members,person,exclude_top1_income,india_second_gen,social_security,688,1758593.257934,510.967764,125.419344,-4500.522738,135.310838
all_ages,equal_all_members,person,exclude_top1_income,india_second_gen,state_after_credits,688,1758593.257934,2793.906914,183.208949,1280.942640,184.376868
all_ages,equal_all_members,person,exclude_top1_income,india_second_gen,state_local_total,688,1758593.257934,5948.250251,271.265526,2166.375504,273.331855
all_ages,equal_all_members,person,exclude_top1_income,mexican_second_gen,cash_noncash_tax_balance,6331,14297405.697118,2547.198985,153.731437,-1693.351787,206.623187
all_ages,equal_all_members,person,exclude_top1_income,mexican_second_gen,children_5_17,6331,14297405.697118,0.233574,0.004506,0.095533,0.004725
all_ages,equal_all_members,person,exclude_top1_income,mexican_second_gen,employer_payroll,6331,14297405.697118,1801.917927,33.180605,-758.824272,38.161717
all_ages,equal_all_members,person,exclude_top1_income,mexican_second_gen,extended_balance_after_health,6331,14297405.697118,180.780452,236.116464,-2830.353714,297.702164
all_ages,equal_all_members,person,exclude_top1_income,mexican_second_gen,extended_balance_after_health_ins,6331,14297405.697118,-190.271079,251.598795,-3522.230302,311.129859
all_ages,equal_all_members,person,exclude_top1_income,mexican_second_gen,extended_balance_base,6331,14297405.697118,2254.070256,230.311482,-4906.369693,290.928002
all_ages,equal_all_members,person,exclude_top1_income,mexican_second_gen,extended_balance_flat090,6331,14297405.697118,1859.115560,235.485007,-5069.834027,296.000879
all_ages,equal_all_members,person,exclude_top1_income,mexican_second_gen,extended_balance_renter,6331,14297405.697118,2646.834517,231.043231,-4775.206943,291.062251
all_ages,equal_all_members,person,exclude_top1_income,mexican_second_gen,extended_balance_sales_itep,6331,14297405.697118,2683.380102,232.248949,-5200.661344,292.559991
all_ages,equal_all_members,person,exclude_top1_income,mexican_second_gen,federal_after_refundable,6331,14297405.697118,1785.731926,86.443250,-3998.515864,115.149709
all_ages,equal_all_members,person,exclude_top1_income,mexican_second_gen,health_age_birth,6331,14297405.697118,2073.289804,31.968606,-2076.015979,34.289950
all_ages,equal_all_members,person,exclude_top1_income,mexican_second_gen,health_age_birth_ins,6331,14297405.697118,2444.341335,54.709769,-1384.139391,57.662642
all_ages,equal_all_members,person,exclude_top1_income,mexican_second_gen,k12_charged,6331,14297405.697118,3258.321660,70.513604,1348.558165,76.135892
all_ages,equal_all_members,person,exclude_top1_income,mexican_second_gen,k12_charged_flat090,6331,14297405.697118,3653.276355,79.060851,1512.022499,85.364639
all_ages,equal_all_members,person,exclude_top1_income,mexican_second_gen,k12_cost_at_full_attendance,6331,14297405.697118,4059.195951,87.845390,1680.024998,94.849599
all_ages,equal_all_members,person,exclude_top1_income,mexican_second_gen,modeled_tax_total,6331,14297405.697118,4310.265289,136.963862,-5787.806662,178.061008
all_ages,equal_all_members,person,exclude_top1_income,mexican_second_gen,payroll,6331,14297405.697118,1967.041165,34.875222,-833.818722,40.845489
all_ages,equal_all_members,person,exclude_top1_income,mexican_second_gen,property_tax_owner,6331,14297405.697118,579.535954,17.186507,-794.046831,21.849848
all_ages,equal_all_members,person,exclude_top1_income,mexican_second_gen,property_tax_renter_proxy,6331,14297405.697118,392.764261,12.452078,131.162750,12.331041
all_ages,equal_all_members,person,exclude_top1_income,mexican_second_gen,sales_tax_itep,6331,14297405.697118,1013.048896,12.819386,-605.880289,14.120174
all_ages,equal_all_members,person,exclude_top1_income,mexican_second_gen,sales_tax_share35,6331,14297405.697118,583.739049,9.681766,-311.588638,11.105828
all_ages,equal_all_members,person,exclude_top1_income,mexican_second_gen,selected_cash_total,6331,14297405.697118,1410.540018,75.716684,-4290.752500,90.550245
all_ages,equal_all_members,person,exclude_top1_income,mexican_second_gen,selected_noncash_total,6331,14297405.697118,352.526286,13.829368,196.297625,14.772922
all_ages,equal_all_members,person,exclude_top1_income,mexican_second_gen,snap,6331,14297405.697118,175.804869,11.676814,83.896729,12.504655
all_ages,equal_all_members,person,exclude_top1_income,mexican_second_gen,social_security,6331,14297405.697118,980.573272,61.538236,-4030.917229,77.104414
all_ages,equal_all_members,person,exclude_top1_income,mexican_second_gen,state_after_credits,6331,14297405.697118,557.492198,23.398567,-955.472076,31.589001
all_ages,equal_all_members,person,exclude_top1_income,mexican_second_gen,state_local_total,6331,14297405.697118,1720.767202,40.554416,-2061.107545,54.538475
all_ages,equal_all_members,person,exclude_top1_income,mexico_born,cash_noncash_tax_balance,5618,12200360.672325,2251.384280,172.378071,-1989.166493,202.653921
all_ages,equal_all_members,person,exclude_top1_income,mexico_born,children_5_17,5618,12200360.672325,0.160726,0.003968,0.022684,0.004164
all_ages,equal_all_members,person,exclude_top1_income,mexico_born,employer_payroll,5618,12200360.672325,1721.278246,33.318424,-839.463953,36.367563
all_ages,equal_all_members,person,exclude_top1_income,mexico_born,extended_balance_after_health,5618,12200360.672325,371.277396,234.904352,-2639.856770,272.663000
all_ages,equal_all_members,person,exclude_top1_income,mexico_born,extended_balance_after_health_ins,5618,12200360.672325,128.502320,256.410309,-3203.456903,290.545499
all_ages,equal_all_members,person,exclude_top1_income,mexico_born,extended_balance_base,5618,12200360.672325,2854.205141,226.020151,-4306.234808,263.734121
all_ages,equal_all_members,person,exclude_top1_income,mexico_born,extended_balance_flat090,5618,12200360.672325,2584.149441,228.647014,-4344.800146,266.357622
all_ages,equal_all_members,person,exclude_top1_income,mexico_born,extended_balance_renter,5618,12200360.672325,3333.376022,225.799947,-4088.665438,263.282898
all_ages,equal_all_members,person,exclude_top1_income,mexico_born,extended_balance_sales_itep,5618,12200360.672325,3336.679939,227.910884,-4547.361507,265.384320
all_ages,equal_all_members,person,exclude_top1_income,mexico_born,federal_after_refundable,5618,12200360.672325,1739.371719,97.853955,-4044.876070,121.820731
all_ages,equal_all_members,person,exclude_top1_income,mexico_born,health_age_birth,5618,12200360.672325,2482.927745,46.265717,-1666.378038,47.430258
all_ages,equal_all_members,person,exclude_top1_income,mexico_born,health_age_birth_ins,5618,12200360.672325,2725.702821,72.061066,-1102.777905,71.974314
all_ages,equal_all_members,person,exclude_top1_income,mexico_born,k12_charged,5618,12200360.672325,2227.922204,58.280542,318.158709,63.421115
all_ages,equal_all_members,person,exclude_top1_income,mexico_born,k12_charged_flat090,5618,12200360.672325,2497.977903,65.344968,356.724046,71.108652
all_ages,equal_all_members,person,exclude_top1_income,mexico_born,k12_cost_at_full_attendance,5618,12200360.672325,2775.531004,72.605520,396.360052,79.009613
all_ages,equal_all_members,person,exclude_top1_income,mexico_born,modeled_tax_total,5618,12200360.672325,4195.972407,150.790181,-5902.099543,184.438329
all_ages,equal_all_members,person,exclude_top1_income,mexico_born,payroll,5618,12200360.672325,1943.982772,36.240526,-856.877115,39.802624
all_ages,equal_all_members,person,exclude_top1_income,mexico_born,property_tax_owner,5618,12200360.672325,548.278809,25.093940,-825.303977,27.849014
all_ages,equal_all_members,person,exclude_top1_income,mexico_born,property_tax_renter_proxy,5618,12200360.672325,479.170881,13.131182,217.569370,13.242342
all_ages,equal_all_members,person,exclude_top1_income,mexico_born,sales_tax_itep,5618,12200360.672325,1043.660809,13.156639,-575.268376,14.485022
all_ages,equal_all_members,person,exclude_top1_income,mexico_born,sales_tax_share35,5618,12200360.672325,561.186010,9.722354,-334.141677,11.002691
all_ages,equal_all_members,person,exclude_top1_income,mexico_born,selected_cash_total,5618,12200360.672325,1691.259490,83.337243,-4010.033028,91.844316
all_ages,equal_all_members,person,exclude_top1_income,mexico_born,selected_noncash_total,5618,12200360.672325,253.328638,11.861961,97.099978,12.312415
all_ages,equal_all_members,person,exclude_top1_income,mexico_born,snap,5618,12200360.672325,129.749299,10.530646,37.841160,10.991202
all_ages,equal_all_members,person,exclude_top1_income,mexico_born,social_security,5618,12200360.672325,1451.682769,74.078348,-3559.807733,83.340517
all_ages,equal_all_members,person,exclude_top1_income,mexico_born,state_after_credits,5618,12200360.672325,512.617916,27.034132,-1000.346357,33.791315
all_ages,equal_all_members,person,exclude_top1_income,mexico_born,state_local_total,5618,12200360.672325,1622.082736,46.602774,-2159.792012,58.623803
all_ages,equal_all_members,person,exclude_top1_income,third_plus_nh_white,cash_noncash_tax_balance,73085,171221150.440515,4240.550773,115.017594,0.000000,0.000000
all_ages,equal_all_members,person,exclude_top1_income,third_plus_nh_white,children_5_17,73085,171221150.440515,0.138041,0.001084,0.000000,0.000000
all_ages,equal_all_members,person,exclude_top1_income,third_plus_nh_white,employer_payroll,73085,171221150.440515,2560.742198,17.529470,0.000000,0.000000
all_ages,equal_all_members,person,exclude_top1_income,third_plus_nh_white,extended_balance_after_health,73085,171221150.440515,3011.134166,146.860604,0.000000,0.000000
all_ages,equal_all_members,person,exclude_top1_income,third_plus_nh_white,extended_balance_after_health_ins,73085,171221150.440515,3331.959223,152.970451,0.000000,0.000000
all_ages,equal_all_members,person,exclude_top1_income,third_plus_nh_white,extended_balance_base,73085,171221150.440515,7160.439949,144.510627,0.000000,0.000000
all_ages,equal_all_members,person,exclude_top1_income,third_plus_nh_white,extended_balance_flat090,73085,171221150.440515,6928.949587,145.096122,0.000000,0.000000
all_ages,equal_all_members,person,exclude_top1_income,third_plus_nh_white,extended_balance_renter,73085,171221150.440515,7422.041460,144.213559,0.000000,0.000000
all_ages,equal_all_members,person,exclude_top1_income,third_plus_nh_white,extended_balance_sales_itep,73085,171221150.440515,7884.041446,144.875621,0.000000,0.000000
all_ages,equal_all_members,person,exclude_top1_income,third_plus_nh_white,federal_after_refundable,73085,171221150.440515,5784.247789,70.394240,0.000000,0.000000
all_ages,equal_all_members,person,exclude_top1_income,third_plus_nh_white,health_age_birth,73085,171221150.440515,4149.305783,10.178129,0.000000,0.000000
all_ages,equal_all_members,person,exclude_top1_income,third_plus_nh_white,health_age_birth_ins,73085,171221150.440515,3828.480726,18.666907,0.000000,0.000000
all_ages,equal_all_members,person,exclude_top1_income,third_plus_nh_white,k12_charged,73085,171221150.440515,1909.763495,19.033492,0.000000,0.000000
all_ages,equal_all_members,person,exclude_top1_income,third_plus_nh_white,k12_charged_flat090,73085,171221150.440515,2141.253857,21.340621,0.000000,0.000000
all_ages,equal_all_members,person,exclude_top1_income,third_plus_nh_white,k12_cost_at_full_attendance,73085,171221150.440515,2379.170952,23.711801,0.000000,0.000000
all_ages,equal_all_members,person,exclude_top1_income,third_plus_nh_white,modeled_tax_total,73085,171221150.440515,10098.071950,101.840830,0.000000,0.000000
all_ages,equal_all_members,person,exclude_top1_income,third_plus_nh_white,payroll,73085,171221150.440515,2800.859887,18.531286,0.000000,0.000000
all_ages,equal_all_members,person,exclude_top1_income,third_plus_nh_white,property_tax_owner,73085,171221150.440515,1373.582786,13.754666,0.000000,0.000000
all_ages,equal_all_members,person,exclude_top1_income,third_plus_nh_white,property_tax_renter_proxy,73085,171221150.440515,261.601511,4.070997,0.000000,0.000000
all_ages,equal_all_members,person,exclude_top1_income,third_plus_nh_white,sales_tax_itep,73085,171221150.440515,1618.929185,6.492041,0.000000,0.000000
all_ages,equal_all_members,person,exclude_top1_income,third_plus_nh_white,sales_tax_share35,73085,171221150.440515,895.327688,5.325156,0.000000,0.000000
all_ages,equal_all_members,person,exclude_top1_income,third_plus_nh_white,selected_cash_total,73085,171221150.440515,5701.292518,45.004244,0.000000,0.000000
all_ages,equal_all_members,person,exclude_top1_income,third_plus_nh_white,selected_noncash_total,73085,171221150.440515,156.228660,3.492319,0.000000,0.000000
all_ages,equal_all_members,person,exclude_top1_income,third_plus_nh_white,snap,73085,171221150.440515,91.908140,3.206226,0.000000,0.000000
all_ages,equal_all_members,person,exclude_top1_income,third_plus_nh_white,social_security,73085,171221150.440515,5011.490501,42.438011,0.000000,0.000000
all_ages,equal_all_members,person,exclude_top1_income,third_plus_nh_white,state_after_credits,73085,171221150.440515,1512.964274,18.622155,0.000000,0.000000
all_ages,equal_all_members,person,exclude_top1_income,third_plus_nh_white,state_local_total,73085,171221150.440515,3781.874747,32.060757,0.000000,0.000000
all_ages,equal_all_members,person,raw,all_foreign_born,cash_noncash_tax_balance,21711,53055623.121391,6466.405206,210.964837,786.433822,262.402203
all_ages,equal_all_members,person,raw,all_foreign_born,children_5_17,21711,53055623.121391,0.145683,0.002119,0.006906,0.002582
all_ages,equal_all_members,person,raw,all_foreign_born,employer_payroll,21711,53055623.121391,2485.842179,27.695476,-144.060697,32.187614
all_ages,equal_all_members,person,raw,all_foreign_born,extended_balance_after_health,21711,53055623.121391,5840.232162,254.934942,1250.992060,315.569502
all_ages,equal_all_members,person,raw,all_foreign_born,extended_balance_after_health_ins,21711,53055623.121391,5836.387357,264.108311,916.775376,323.787766
all_ages,equal_all_members,person,raw,all_foreign_born,extended_balance_base,21711,53055623.121391,8654.092733,255.573754,-72.004224,315.801072
all_ages,equal_all_members,person,raw,all_foreign_born,extended_balance_flat090,21711,53055623.121391,8390.266449,256.388938,-102.943576,316.763118
all_ages,equal_all_members,person,raw,all_foreign_born,extended_balance_renter,21711,53055623.121391,9172.028366,254.847350,186.086458,314.771186
all_ages,equal_all_members,person,raw,all_foreign_born,extended_balance_sales_itep,21711,53055623.121391,9239.192088,256.943589,-220.468448,317.657555
all_ages,equal_all_members,person,raw,all_foreign_born,federal_after_refundable,21711,53055623.121391,5318.405929,155.787264,-1603.851972,200.554543
all_ages,equal_all_members,person,raw,all_foreign_born,health_age_birth,21711,53055623.121391,2813.860571,23.746873,-1322.996284,28.914840
all_ages,equal_all_members,person,raw,all_foreign_born,health_age_birth_ins,21711,53055623.121391,2817.705376,30.471358,-988.779600,36.794596
all_ages,equal_all_members,person,raw,all_foreign_born,k12_charged,21711,53055623.121391,2176.530388,35.467641,255.245376,43.923786
all_ages,equal_all_members,person,raw,all_foreign_born,k12_charged_flat090,21711,53055623.121391,2440.356672,39.766821,286.184727,49.247970
all_ages,equal_all_members,person,raw,all_foreign_born,k12_cost_at_full_attendance,21711,53055623.121391,2711.507414,44.185357,317.983030,54.719967
all_ages,equal_all_members,person,raw,all_foreign_born,modeled_tax_total,21711,53055623.121391,9444.221224,209.375087,-2064.805954,265.367592
all_ages,equal_all_members,person,raw,all_foreign_born,payroll,21711,53055623.121391,2728.755977,29.953481,-174.082656,35.068853
all_ages,equal_all_members,person,raw,all_foreign_born,property_tax_owner,21711,53055623.121391,1059.334547,23.936558,-329.066582,26.679311
all_ages,equal_all_members,person,raw,all_foreign_born,property_tax_renter_proxy,21711,53055623.121391,517.935633,7.424923,258.090682,8.483700
all_ages,equal_all_members,person,raw,all_foreign_born,sales_tax_itep,21711,53055623.121391,1404.140544,12.236068,-278.529615,15.186101
all_ages,equal_all_members,person,raw,all_foreign_born,sales_tax_share35,21711,53055623.121391,819.041189,9.852313,-130.065391,12.160082
all_ages,equal_all_members,person,raw,all_foreign_born,selected_cash_total,21711,53055623.121391,2758.313925,60.316940,-2915.400155,74.635146
all_ages,equal_all_members,person,raw,all_foreign_born,selected_noncash_total,21711,53055623.121391,219.502093,5.874055,64.160380,6.732611
all_ages,equal_all_members,person,raw,all_foreign_born,snap,21711,53055623.121391,130.328188,5.239030,39.229478,6.114559
all_ages,equal_all_members,person,raw,all_foreign_born,social_security,21711,53055623.121391,2345.540798,54.598491,-2634.977022,70.389617
all_ages,equal_all_members,person,raw,all_foreign_born,state_after_credits,21711,53055623.121391,1397.059318,38.680808,-286.871326,47.920635
all_ages,equal_all_members,person,raw,all_foreign_born,state_local_total,21711,53055623.121391,3275.435055,59.862049,-746.003299,73.512834
all_ages,equal_all_members,person,raw,all_native,cash_noncash_tax_balance,119938,283672179.878623,5145.677034,127.945826,-534.294351,75.221920
all_ages,equal_all_members,person,raw,all_native,children_5_17,119938,283672179.878623,0.161965,0.000877,0.023187,0.000742
all_ages,equal_all_members,person,raw,all_native,employer_payroll,119938,283672179.878623,2479.453574,14.814718,-150.449302,8.679282
all_ages,equal_all_members,person,raw,all_native,extended_balance_after_health,119938,283672179.878623,3754.718650,153.676242,-834.521453,88.658762
all_ages,equal_all_members,person,raw,all_native,extended_balance_after_health_ins,119938,283672179.878623,3878.073961,158.720231,-1041.538021,91.570827
all_ages,equal_all_members,person,raw,all_native,extended_balance_base,119938,283672179.878623,7407.530891,152.531898,-1318.566067,87.300692
all_ages,equal_all_members,person,raw,all_native,extended_balance_flat090,119938,283672179.878623,7131.100540,152.910770,-1362.109484,87.503831
all_ages,equal_all_members,person,raw,all_native,extended_balance_renter,119938,283672179.878623,7742.483934,152.468645,-1243.457973,87.244097
all_ages,equal_all_members,person,raw,all_native,extended_balance_sales_itep,119938,283672179.878623,8081.921612,153.302383,-1377.738923,87.819917
all_ages,equal_all_members,person,raw,all_native,federal_after_refundable,119938,283672179.878623,5884.835373,90.420429,-1037.422528,53.836130
all_ages,equal_all_members,person,raw,all_native,health_age_birth,119938,283672179.878623,3652.812241,7.330782,-484.044614,7.283476
all_ages,equal_all_members,person,raw,all_native,health_age_birth_ins,119938,283672179.878623,3529.456930,15.023354,-277.028046,12.115675
all_ages,equal_all_members,person,raw,all_native,k12_charged,119938,283672179.878623,2280.512192,14.409801,359.227180,13.073707
all_ages,equal_all_members,person,raw,all_native,k12_charged_flat090,119938,283672179.878623,2556.942543,16.156473,402.770598,14.658425
all_ages,equal_all_members,person,raw,all_native,k12_cost_at_full_attendance,119938,283672179.878623,2841.047270,17.951637,447.522886,16.287139
all_ages,equal_all_members,person,raw,all_native,modeled_tax_total,119938,283672179.878623,10079.917453,122.157329,-1429.109726,71.619910
all_ages,equal_all_members,person,raw,all_native,payroll,119938,283672179.878623,2717.142529,16.869106,-185.696105,9.635721
all_ages,equal_all_members,person,raw,all_native,property_tax_owner,119938,283672179.878623,1193.838689,10.119264,-194.562440,6.971978
all_ages,equal_all_members,person,raw,all_native,property_tax_renter_proxy,119938,283672179.878623,334.953044,3.545986,75.108093,2.598008
all_ages,equal_all_members,person,raw,all_native,sales_tax_itep,119938,283672179.878623,1543.464508,6.632464,-139.205651,4.110302
all_ages,equal_all_members,person,raw,all_native,sales_tax_share35,119938,283672179.878623,869.073786,5.445599,-80.032794,3.277674
all_ages,equal_all_members,person,raw,all_native,selected_cash_total,119938,283672179.878623,4703.842320,32.251712,-969.871760,24.198052
all_ages,equal_all_members,person,raw,all_native,selected_noncash_total,119938,283672179.878623,230.398099,3.336388,75.056385,2.959661
all_ages,equal_all_members,person,raw,all_native,snap,119938,283672179.878623,138.147877,2.865640,47.049168,2.608062
all_ages,equal_all_members,person,raw,all_native,social_security,119938,283672179.878623,3984.271250,30.397495,-996.246570,21.212692
all_ages,equal_all_members,person,raw,all_native,state_after_credits,119938,283672179.878623,1477.939551,20.698831,-205.991094,12.955339
all_ages,equal_all_members,person,raw,all_native,state_local_total,119938,283672179.878623,3540.852026,31.703385,-480.586327,19.072018
all_ages,equal_all_members,person,raw,asian_indian_native_selfid,cash_noncash_tax_balance,790,2040331.560805,18708.675595,1263.177888,13028.704211,1278.266850
all_ages,equal_all_members,person,raw,asian_indian_native_selfid,children_5_17,790,2040331.560805,0.201891,0.012160,0.063113,0.012400
all_ages,equal_all_members,person,raw,asian_indian_native_selfid,employer_payroll,790,2040331.560805,4320.709697,151.175035,1690.806822,153.655902
all_ages,equal_all_members,person,raw,asian_indian_native_selfid,extended_balance_after_health,790,2040331.560805,21182.733133,1559.196435,16593.493031,1577.806246
all_ages,equal_all_members,person,raw,asian_indian_native_selfid,extended_balance_after_health_ins,790,2040331.560805,21703.773372,1581.864477,16784.161390,1600.160731
all_ages,equal_all_members,person,raw,asian_indian_native_selfid,extended_balance_base,790,2040331.560805,23056.654008,1542.891041,14330.557051,1562.065416
all_ages,equal_all_members,person,raw,asian_indian_native_selfid,extended_balance_flat090,790,2040331.560805,22673.899319,1551.383006,14180.689295,1570.516281
all_ages,equal_all_members,person,raw,asian_indian_native_selfid,extended_balance_renter,790,2040331.560805,23315.963518,1549.350489,14330.021611,1568.417263
all_ages,equal_all_members,person,raw,asian_indian_native_selfid,extended_balance_sales_itep,790,2040331.560805,23571.389758,1547.175348,14111.729222,1566.875414
all_ages,equal_all_members,person,raw,asian_indian_native_selfid,federal_after_refundable,790,2040331.560805,11914.432932,937.387835,4992.175032,944.229870
all_ages,equal_all_members,person,raw,asian_indian_native_selfid,health_age_birth,790,2040331.560805,1873.920875,77.161997,-2262.935980,78.435633
all_ages,equal_all_members,person,raw,asian_indian_native_selfid,health_age_birth_ins,790,2040331.560805,1352.880637,113.797359,-2453.604339,115.046458
all_ages,equal_all_members,person,raw,asian_indian_native_selfid,k12_charged,790,2040331.560805,3157.673292,200.459069,1236.388280,204.922479
all_ages,equal_all_members,person,raw,asian_indian_native_selfid,k12_charged_flat090,790,2040331.560805,3540.427981,224.757545,1386.256036,229.761983
all_ages,equal_all_members,person,raw,asian_indian_native_selfid,k12_cost_at_full_attendance,790,2040331.560805,3933.808868,249.730606,1540.284485,255.291092
all_ages,equal_all_members,person,raw,asian_indian_native_selfid,modeled_tax_total,790,2040331.560805,19414.014171,1237.443778,7904.986993,1250.287250
all_ages,equal_all_members,person,raw,asian_indian_native_selfid,payroll,790,2040331.560805,4496.237599,159.492084,1593.398966,161.996312
all_ages,equal_all_members,person,raw,asian_indian_native_selfid,property_tax_owner,790,2040331.560805,1906.645470,122.510256,518.244341,123.113248
all_ages,equal_all_members,person,raw,asian_indian_native_selfid,property_tax_renter_proxy,790,2040331.560805,259.309510,33.086237,-0.535440,33.017799
all_ages,equal_all_members,person,raw,asian_indian_native_selfid,sales_tax_itep,790,2040331.560805,1793.032287,65.829845,110.362129,66.681618
all_ages,equal_all_members,person,raw,asian_indian_native_selfid,sales_tax_share35,790,2040331.560805,1278.296538,60.642530,329.189958,61.160707
all_ages,equal_all_members,person,raw,asian_indian_native_selfid,selected_cash_total,790,2040331.560805,618.484942,119.116196,-5055.229138,129.469225
all_ages,equal_all_members,person,raw,asian_indian_native_selfid,selected_noncash_total,790,2040331.560805,86.853633,15.832426,-68.488080,15.920635
all_ages,equal_all_members,person,raw,asian_indian_native_selfid,snap,790,2040331.560805,35.572850,13.199850,-55.525860,13.364870
all_ages,equal_all_members,person,raw,asian_indian_native_selfid,social_security,790,2040331.560805,465.110111,102.830606,-4515.407709,112.550007
all_ages,equal_all_members,person,raw,asian_indian_native_selfid,state_after_credits,790,2040331.560805,3003.343640,219.169636,1319.412995,223.895119
all_ages,equal_all_members,person,raw,asian_indian_native_selfid,state_local_total,790,2040331.560805,6188.285647,321.009176,2166.847294,327.881798
all_ages,equal_all_members,person,raw,china_born,cash_noncash_tax_balance,911,2277382.807651,13058.229809,1787.383253,7378.258424,1787.866561
all_ages,equal_all_members,person,raw,china_born,children_5_17,911,2277382.807651,0.119302,0.009767,-0.019475,0.009890
all_ages,equal_all_members,person,raw,china_born,employer_payroll,911,2277382.807651,3257.573110,197.009553,627.670235,197.874392
all_ages,equal_all_members,person,raw,china_born,extended_balance_after_health,911,2277382.807651,14172.715402,2170.910553,9583.475299,2174.253185
all_ages,equal_all_members,person,raw,china_born,extended_balance_after_health_ins,911,2277382.807651,13882.102264,2215.480339,8962.490282,2218.987859
all_ages,equal_all_members,person,raw,china_born,extended_balance_base,911,2277382.807651,17484.447148,2137.565247,8758.350191,2140.601459
all_ages,equal_all_members,person,raw,china_born,extended_balance_flat090,911,2277382.807651,17238.874762,2140.504746,8745.664737,2143.613919
all_ages,equal_all_members,person,raw,china_born,extended_balance_renter,911,2277382.807651,18078.750042,2128.010913,9092.808134,2131.446185
all_ages,equal_all_members,person,raw,china_born,extended_balance_sales_itep,911,2277382.807651,18081.482784,2143.525732,8621.822249,2146.818820
all_ages,equal_all_members,person,raw,china_born,federal_after_refundable,911,2277382.807651,9652.439617,1203.191630,2730.181717,1202.613707
all_ages,equal_all_members,person,raw,china_born,health_age_birth,911,2277382.807651,3311.731746,164.384489,-825.125108,163.929928
all_ages,equal_all_members,person,raw,china_born,health_age_birth_ins,911,2277382.807651,3602.344884,224.627774,-204.140091,224.838564
all_ages,equal_all_members,person,raw,china_born,k12_charged,911,2277382.807651,2025.938251,166.445621,104.653238,167.666290
all_ages,equal_all_members,person,raw,china_born,k12_charged_flat090,911,2277382.807651,2271.510637,186.621186,117.338692,187.989817
all_ages,equal_all_members,person,raw,china_born,k12_cost_at_full_attendance,911,2277382.807651,2523.900708,207.356873,130.376324,208.877574
all_ages,equal_all_members,person,raw,china_born,modeled_tax_total,911,2277382.807651,16149.035741,1767.340701,4640.008562,1766.818745
all_ages,equal_all_members,person,raw,china_born,payroll,911,2277382.807651,3555.761763,217.345166,652.923129,217.364465
all_ages,equal_all_members,person,raw,china_born,property_tax_owner,911,2277382.807651,2011.755044,202.396637,623.353914,203.469951
all_ages,equal_all_members,person,raw,china_born,property_tax_renter_proxy,911,2277382.807651,594.302894,44.790069,334.457943,45.122552
all_ages,equal_all_members,person,raw,china_born,sales_tax_itep,911,2277382.807651,1779.863072,92.694349,97.192913,92.929325
all_ages,equal_all_members,person,raw,china_born,sales_tax_share35,911,2277382.807651,1182.827436,82.589037,233.720856,82.402047
all_ages,equal_all_members,person,raw,china_born,selected_cash_total,911,2277382.807651,2866.788645,339.340139,-2806.925435,342.208707
all_ages,equal_all_members,person,raw,china_born,selected_noncash_total,911,2277382.807651,224.017287,31.719244,68.675573,32.152099
all_ages,equal_all_members,person,raw,china_born,snap,911,2277382.807651,149.172126,29.222778,58.073417,29.547396
all_ages,equal_all_members,person,raw,china_born,social_security,911,2277382.807651,2476.440681,326.480574,-2504.077139,327.444561
all_ages,equal_all_members,person,raw,china_born,state_after_credits,911,2277382.807651,2940.834361,391.320333,1256.903717,391.977061
all_ages,equal_all_members,person,raw,china_born,state_local_total,911,2277382.807651,6135.416840,585.657688,2113.978487,587.168905
all_ages,equal_all_members,person,raw,china_born_broad,cash_noncash_tax_balance,1135,2834478.464436,13286.868404,1520.153940,7606.897019,1523.003542
all_ages,equal_all_members,person,raw,china_born_broad,children_5_17,1135,2834478.464436,0.116295,0.008756,-0.022482,0.008898
all_ages,equal_all_members,person,raw,china_born_broad,employer_payroll,1135,2834478.464436,3368.607744,170.251678,738.704868,171.542972
all_ages,equal_all_members,person,raw,china_born_broad,extended_balance_after_health,1135,2834478.464436,14692.533627,1850.518304,10103.293525,1856.633076
all_ages,equal_all_members,person,raw,china_born_broad,extended_balance_after_health_ins,1135,2834478.464436,14617.273210,1896.034667,9697.661229,1902.666927
all_ages,equal_all_members,person,raw,china_born_broad,extended_balance_base,1135,2834478.464436,18199.778895,1816.914334,9473.681938,1822.434397
all_ages,equal_all_members,person,raw,china_born_broad,extended_balance_flat090,1135,2834478.464436,17963.923481,1819.703887,9470.713457,1825.256365
all_ages,equal_all_members,person,raw,china_born_broad,extended_balance_renter,1135,2834478.464436,18748.218230,1810.856382,9762.276323,1816.553878
all_ages,equal_all_members,person,raw,china_born_broad,extended_balance_sales_itep,1135,2834478.464436,18804.601992,1823.002382,9344.941457,1828.766346
all_ages,equal_all_members,person,raw,china_born_broad,federal_after_refundable,1135,2834478.464436,10205.742082,1044.679682,3283.484182,1045.624581
all_ages,equal_all_members,person,raw,china_born_broad,health_age_birth,1135,2834478.464436,3507.245268,150.405558,-629.611587,150.070427
all_ages,equal_all_members,person,raw,china_born_broad,health_age_birth_ins,1135,2834478.464436,3582.505685,208.875674,-223.979291,209.482858
all_ages,equal_all_members,person,raw,china_born_broad,k12_charged,1135,2834478.464436,1945.774572,145.376767,24.489559,146.891246
all_ages,equal_all_members,person,raw,china_born_broad,k12_charged_flat090,1135,2834478.464436,2181.629986,162.998488,27.458041,164.696544
all_ages,equal_all_members,person,raw,china_born_broad,k12_cost_at_full_attendance,1135,2834478.464436,2424.033317,181.109431,30.508934,182.996160
all_ages,equal_all_members,person,raw,china_born_broad,modeled_tax_total,1135,2834478.464436,16712.330047,1497.136632,5203.302868,1497.740841
all_ages,equal_all_members,person,raw,china_born_broad,payroll,1135,2834478.464436,3662.079275,186.177469,759.240641,186.564982
all_ages,equal_all_members,person,raw,china_born_broad,property_tax_owner,1135,2834478.464436,2258.719052,180.482435,870.317923,181.126707
all_ages,equal_all_members,person,raw,china_born_broad,property_tax_renter_proxy,1135,2834478.464436,548.439336,38.691991,288.594385,39.088176
all_ages,equal_all_members,person,raw,china_born_broad,sales_tax_itep,1135,2834478.464436,1836.181364,79.901108,153.511206,80.243902
all_ages,equal_all_members,person,raw,china_born_broad,sales_tax_share35,1135,2834478.464436,1231.358267,70.786134,282.251687,70.761469
all_ages,equal_all_members,person,raw,china_born_broad,selected_cash_total,1135,2834478.464436,3210.105670,318.066801,-2463.608410,320.184286
all_ages,equal_all_members,person,raw,china_born_broad,selected_noncash_total,1135,2834478.464436,215.355973,32.035852,60.014259,32.391730
all_ages,equal_all_members,person,raw,china_born_broad,snap,1135,2834478.464436,147.946921,30.020145,56.848212,30.260287
all_ages,equal_all_members,person,raw,china_born_broad,social_security,1135,2834478.464436,2828.495503,314.478721,-2152.022317,314.400551
all_ages,equal_all_members,person,raw,china_born_broad,state_after_credits,1135,2834478.464436,2844.508690,325.935749,1160.578045,326.614704
all_ages,equal_all_members,person,raw,china_born_broad,state_local_total,1135,2834478.464436,6334.586008,489.822391,2313.147655,491.001326
all_ages,equal_all_members,person,raw,india_born,cash_noncash_tax_balance,1607,4281769.744983,17049.766726,916.767381,11369.795342,923.666943
all_ages,equal_all_members,person,raw,india_born,children_5_17,1607,4281769.744983,0.148206,0.008582,0.009429,0.008689
all_ages,equal_all_members,person,raw,india_born,employer_payroll,1607,4281769.744983,4352.037886,142.007004,1722.135010,142.601502
all_ages,equal_all_members,person,raw,india_born,extended_balance_after_health,1607,4281769.744983,20044.151429,1136.983507,15454.911327,1143.371127
all_ages,equal_all_members,person,raw,india_born,extended_balance_after_health_ins,1607,4281769.744983,20617.948894,1153.039283,15698.336912,1159.752025
all_ages,equal_all_members,person,raw,india_born,extended_balance_base,1607,4281769.744983,22044.721702,1125.574207,13318.624745,1132.544193
all_ages,equal_all_members,person,raw,india_born,extended_balance_flat090,1607,4281769.744983,21771.194260,1129.560370,13277.984235,1136.512616
all_ages,equal_all_members,person,raw,india_born,extended_balance_renter,1607,4281769.744983,22463.955544,1126.836307,13478.013636,1132.934796
all_ages,equal_all_members,person,raw,india_born,extended_balance_sales_itep,1607,4281769.744983,22651.721509,1129.104390,13192.060973,1136.014110
all_ages,equal_all_members,person,raw,india_born,federal_after_refundable,1607,4281769.744983,11371.659089,642.270316,4449.401189,650.625675
all_ages,equal_all_members,person,raw,india_born,health_age_birth,1607,4281769.744983,2000.570273,98.031387,-2136.286582,100.810052
all_ages,equal_all_members,person,raw,india_born,health_age_birth_ins,1607,4281769.744983,1426.772808,104.739493,-2379.712167,108.060809
all_ages,equal_all_members,person,raw,india_born,k12_charged,1607,4281769.744983,2256.563602,137.401314,335.278590,140.805464
all_ages,equal_all_members,person,raw,india_born,k12_charged_flat090,1607,4281769.744983,2530.091045,154.056297,375.919100,157.873078
all_ages,equal_all_members,person,raw,india_born,k12_cost_at_full_attendance,1607,4281769.744983,2811.212272,171.173664,417.687888,175.414532
all_ages,equal_all_members,person,raw,india_born,modeled_tax_total,1607,4281769.744983,18549.809025,892.762539,7040.781846,901.958927
all_ages,equal_all_members,person,raw,india_born,payroll,1607,4281769.744983,4527.834982,147.782635,1624.996349,147.845574
all_ages,equal_all_members,person,raw,india_born,property_tax_owner,1607,4281769.744983,1600.002255,94.363374,211.601126,93.775364
all_ages,equal_all_members,person,raw,india_born,property_tax_renter_proxy,1607,4281769.744983,419.233842,25.555849,159.388891,25.921945
all_ages,equal_all_members,person,raw,india_born,sales_tax_itep,1607,4281769.744983,1906.478244,51.525615,223.808085,52.007892
all_ages,equal_all_members,person,raw,india_born,sales_tax_share35,1607,4281769.744983,1299.478437,46.976595,350.371857,47.439383
all_ages,equal_all_members,person,raw,india_born,selected_cash_total,1607,4281769.744983,1440.157545,217.504947,-4233.556536,223.165240
all_ages,equal_all_members,person,raw,india_born,selected_noncash_total,1607,4281769.744983,59.884754,8.935246,-95.456960,9.424039
all_ages,equal_all_members,person,raw,india_born,snap,1607,4281769.744983,21.174961,7.128561,-69.923748,7.705742
all_ages,equal_all_members,person,raw,india_born,social_security,1607,4281769.744983,1280.966866,206.264667,-3699.550954,211.458180
all_ages,equal_all_members,person,raw,india_born,state_after_credits,1607,4281769.744983,2650.314953,171.705071,966.384308,173.377498
all_ages,equal_all_members,person,raw,india_born,state_local_total,1607,4281769.744983,5549.795645,243.927812,1528.357291,246.135818
all_ages,equal_all_members,person,raw,india_born_recent_noncit,cash_noncash_tax_balance,500,1381311.957764,12214.340015,988.015181,6534.368630,977.306272
all_ages,equal_all_members,person,raw,india_born_recent_noncit,children_5_17,500,1381311.957764,0.133371,0.017890,-0.005407,0.017987
all_ages,equal_all_members,person,raw,india_born_recent_noncit,employer_payroll,500,1381311.957764,3662.496472,200.186377,1032.593596,200.456752
all_ages,equal_all_members,person,raw,india_born_recent_noncit,extended_balance_after_health,500,1381311.957764,14338.253585,1310.268269,9749.013482,1304.328455
all_ages,equal_all_members,person,raw,india_born_recent_noncit,extended_balance_after_health_ins,500,1381311.957764,14757.911016,1323.110347,9838.299034,1317.480039
all_ages,equal_all_members,person,raw,india_born_recent_noncit,extended_balance_base,500,1381311.957764,15298.921605,1312.203514,6572.824648,1306.183162
all_ages,equal_all_members,person,raw,india_born_recent_noncit,extended_balance_flat090,500,1381311.957764,15044.564454,1324.748592,6551.354429,1319.363575
all_ages,equal_all_members,person,raw,india_born_recent_noncit,extended_balance_renter,500,1381311.957764,16095.950627,1325.868555,7110.008719,1318.411240
all_ages,equal_all_members,person,raw,india_born_recent_noncit,extended_balance_sales_itep,500,1381311.957764,15963.604559,1314.224269,6503.944023,1307.955512
all_ages,equal_all_members,person,raw,india_born_recent_noncit,federal_after_refundable,500,1381311.957764,7118.048795,664.756742,195.790894,660.334589
all_ages,equal_all_members,person,raw,india_born_recent_noncit,health_age_birth,500,1381311.957764,960.668020,55.739460,-3176.188835,58.992303
all_ages,equal_all_members,person,raw,india_born_recent_noncit,health_age_birth_ins,500,1381311.957764,541.010589,78.756295,-3265.474386,85.101688
all_ages,equal_all_members,person,raw,india_born_recent_noncit,k12_charged,500,1381311.957764,2098.411345,322.799775,177.126333,325.463053
all_ages,equal_all_members,person,raw,india_born_recent_noncit,k12_charged_flat090,500,1381311.957764,2352.768496,361.927675,198.596551,364.913781
all_ages,equal_all_members,person,raw,india_born_recent_noncit,k12_cost_at_full_attendance,500,1381311.957764,2614.187218,402.141862,220.662834,405.459757
all_ages,equal_all_members,person,raw,india_born_recent_noncit,modeled_tax_total,500,1381311.957764,12467.035795,991.671877,958.008617,985.237876
all_ages,equal_all_members,person,raw,india_born_recent_noncit,payroll,500,1381311.957764,3705.769996,203.876920,802.931362,203.922199
all_ages,equal_all_members,person,raw,india_born_recent_noncit,property_tax_owner,500,1381311.957764,483.770087,71.537075,-904.631042,71.862185
all_ages,equal_all_members,person,raw,india_born_recent_noncit,property_tax_renter_proxy,500,1381311.957764,797.029022,47.203806,537.184071,47.072725
all_ages,equal_all_members,person,raw,india_born_recent_noncit,sales_tax_itep,500,1381311.957764,1701.409330,67.475904,18.739172,66.899004
all_ages,equal_all_members,person,raw,india_born_recent_noncit,sales_tax_share35,500,1381311.957764,1036.726376,62.981196,87.619796,62.717217
all_ages,equal_all_members,person,raw,india_born_recent_noncit,selected_cash_total,500,1381311.957764,200.529854,98.624127,-5473.184226,111.121148
all_ages,equal_all_members,person,raw,india_born_recent_noncit,selected_noncash_total,500,1381311.957764,52.165926,11.949421,-103.175787,12.298611
all_ages,equal_all_members,person,raw,india_born_recent_noncit,snap,500,1381311.957764,7.448989,4.894403,-83.649721,5.452376
all_ages,equal_all_members,person,raw,india_born_recent_noncit,social_security,500,1381311.957764,51.019395,38.352450,-4929.498425,57.873510
all_ages,equal_all_members,person,raw,india_born_recent_noncit,state_after_credits,500,1381311.957764,1643.217004,188.263372,-40.713640,188.925476
all_ages,equal_all_members,person,raw,india_born_recent_noncit,state_local_total,500,1381311.957764,3163.713468,248.934562,-857.724885,250.952094
all_ages,equal_all_members,person,raw,india_born_settled,cash_noncash_tax_balance,1107,2900457.787219,19352.586911,1138.415442,13672.615527,1152.473600
all_ages,equal_all_members,person,raw,india_born_settled,children_5_17,1107,2900457.787219,0.155272,0.008927,0.016494,0.008977
all_ages,equal_all_members,person,raw,india_born_settled,employer_payroll,1107,2900457.787219,4680.424600,159.872278,2050.521724,160.753492
all_ages,equal_all_members,person,raw,india_born_settled,extended_balance_after_health,1107,2900457.787219,22761.524168,1363.804064,18172.284066,1376.341963
all_ages,equal_all_members,person,raw,india_born_settled,extended_balance_after_health_ins,1107,2900457.787219,23408.729173,1386.320507,18489.117192,1399.152517
all_ages,equal_all_members,person,raw,india_born_settled,extended_balance_base,1107,2900457.787219,25257.336752,1325.379564,16531.239795,1339.370334
all_ages,equal_all_members,person,raw,india_born_settled,extended_balance_flat090,1107,2900457.787219,24974.679663,1326.646697,16481.469639,1340.357005
all_ages,equal_all_members,person,raw,india_born_settled,extended_balance_renter,1107,2900457.787219,25496.649686,1327.791867,16510.707778,1341.275116
all_ages,equal_all_members,person,raw,india_born_settled,extended_balance_sales_itep,1107,2900457.787219,25836.865578,1331.643814,16377.205042,1345.647578
all_ages,equal_all_members,person,raw,india_born_settled,federal_after_refundable,1107,2900457.787219,13397.395437,796.789473,6475.137536,810.795313
all_ages,equal_all_members,person,raw,india_born_settled,health_age_birth,1107,2900457.787219,2495.812584,128.868873,-1641.044271,131.377710
all_ages,equal_all_members,person,raw,india_born_settled,health_age_birth_ins,1107,2900457.787219,1848.607579,141.862448,-1957.877397,143.694982
all_ages,equal_all_members,person,raw,india_born_settled,k12_charged,1107,2900457.787219,2331.881921,135.311320,410.596908,137.430559
all_ages,equal_all_members,person,raw,india_born_settled,k12_charged_flat090,1107,2900457.787219,2614.539009,151.712967,460.367064,154.089087
all_ages,equal_all_members,person,raw,india_born_settled,k12_cost_at_full_attendance,1107,2900457.787219,2905.043344,168.569963,511.518960,171.210097
all_ages,equal_all_members,person,raw,india_born_settled,modeled_tax_total,1107,2900457.787219,21446.664630,1077.665048,9937.637451,1094.913737
all_ages,equal_all_members,person,raw,india_born_settled,payroll,1107,2900457.787219,4919.334628,166.155564,2016.495994,166.421325
all_ages,equal_all_members,person,raw,india_born_settled,property_tax_owner,1107,2900457.787219,2131.595870,112.467165,743.194741,112.047456
all_ages,equal_all_members,person,raw,india_born_settled,property_tax_renter_proxy,1107,2900457.787219,239.312934,25.285014,-20.532017,25.788556
all_ages,equal_all_members,person,raw,india_born_settled,sales_tax_itep,1107,2900457.787219,2004.140117,60.657953,321.469959,61.635357
all_ages,equal_all_members,person,raw,india_born_settled,sales_tax_share35,1107,2900457.787219,1424.611292,52.506326,475.504712,53.353478
all_ages,equal_all_members,person,raw,india_born_settled,selected_cash_total,1107,2900457.787219,2030.516956,310.136635,-3643.197124,314.881489
all_ages,equal_all_members,person,raw,india_born_settled,selected_noncash_total,1107,2900457.787219,63.560762,11.768299,-91.780951,12.168874
all_ages,equal_all_members,person,raw,india_born_settled,snap,1107,2900457.787219,27.711808,10.319999,-63.386901,10.811540
all_ages,equal_all_members,person,raw,india_born_settled,social_security,1107,2900457.787219,1866.716177,297.554302,-3113.801643,302.454142
all_ages,equal_all_members,person,raw,india_born_settled,state_after_credits,1107,2900457.787219,3129.934565,214.656245,1446.003921,216.810435
all_ages,equal_all_members,person,raw,india_born_settled,state_local_total,1107,2900457.787219,6686.141727,288.328879,2664.703373,291.557147
all_ages,equal_all_members,person,raw,india_second_gen,cash_noncash_tax_balance,704,1797874.357678,20932.556829,2085.991193,15252.585444,2086.154526
all_ages,equal_all_members,person,raw,india_second_gen,children_5_17,704,1797874.357678,0.212309,0.010547,0.073532,0.010753
all_ages,equal_all_members,person,raw,india_second_gen,employer_payroll,704,1797874.357678,4447.531984,131.836016,1817.629108,133.370238
all_ages,equal_all_members,person,raw,india_second_gen,extended_balance_after_health,704,1797874.357678,23646.939909,2317.508992,19057.699806,2315.892339
all_ages,equal_all_members,person,raw,india_second_gen,extended_balance_after_health_ins,704,1797874.357678,24298.321460,2329.239225,19378.709479,2326.696155
all_ages,equal_all_members,person,raw,india_second_gen,extended_balance_base,704,1797874.357678,25463.367188,2321.897421,16737.270231,2320.420294
all_ages,equal_all_members,person,raw,india_second_gen,extended_balance_flat090,704,1797874.357678,25062.876976,2324.297145,16569.666952,2322.754881
all_ages,equal_all_members,person,raw,india_second_gen,extended_balance_renter,704,1797874.357678,25729.603083,2323.083184,16743.661175,2321.761793
all_ages,equal_all_members,person,raw,india_second_gen,extended_balance_sales_itep,704,1797874.357678,25997.365928,2322.812706,16537.705393,2321.815320
all_ages,equal_all_members,person,raw,india_second_gen,federal_after_refundable,704,1797874.357678,13376.803478,1482.120388,6454.545578,1479.683084
all_ages,equal_all_members,person,raw,india_second_gen,health_age_birth,704,1797874.357678,1816.427279,68.906154,-2320.429575,69.665201
all_ages,equal_all_members,person,raw,india_second_gen,health_age_birth_ins,704,1797874.357678,1165.045727,101.095027,-2641.439248,101.314861
all_ages,equal_all_members,person,raw,india_second_gen,k12_charged,704,1797874.357678,3303.988901,177.070852,1382.703889,180.777098
all_ages,equal_all_members,person,raw,india_second_gen,k12_charged_flat090,704,1797874.357678,3704.479113,198.534346,1550.307168,202.689841
all_ages,equal_all_members,person,raw,india_second_gen,k12_cost_at_full_attendance,704,1797874.357678,4116.087903,220.593717,1722.563520,225.210934
all_ages,equal_all_members,person,raw,india_second_gen,modeled_tax_total,704,1797874.357678,21631.841380,2054.076694,10122.814202,2048.291811
all_ages,equal_all_members,person,raw,india_second_gen,payroll,704,1797874.357678,4698.318028,155.598801,1795.479395,156.219913
all_ages,equal_all_members,person,raw,india_second_gen,property_tax_owner,704,1797874.357678,2038.006791,141.977732,649.605662,140.555141
all_ages,equal_all_members,person,raw,india_second_gen,property_tax_renter_proxy,704,1797874.357678,266.235895,32.558603,6.390944,32.466433
all_ages,equal_all_members,person,raw,india_second_gen,sales_tax_itep,704,1797874.357678,1883.259226,77.277393,200.589068,77.581091
all_ages,equal_all_members,person,raw,india_second_gen,sales_tax_share35,704,1797874.357678,1349.260486,74.496971,400.153906,74.338959
all_ages,equal_all_members,person,raw,india_second_gen,selected_cash_total,704,1797874.357678,640.613032,132.829488,-5033.101049,143.099497
all_ages,equal_all_members,person,raw,india_second_gen,selected_noncash_total,704,1797874.357678,58.671520,9.187292,-96.670194,9.810610
all_ages,equal_all_members,person,raw,india_second_gen,snap,704,1797874.357678,14.979960,7.434750,-76.118750,8.028536
all_ages,equal_all_members,person,raw,india_second_gen,social_security,704,1797874.357678,499.803816,123.011064,-4480.714004,133.460926
all_ages,equal_all_members,person,raw,india_second_gen,state_after_credits,704,1797874.357678,3556.719874,487.742851,1872.789229,484.674481
all_ages,equal_all_members,person,raw,india_second_gen,state_local_total,704,1797874.357678,6943.987150,645.773338,2922.548797,640.163088
all_ages,equal_all_members,person,raw,mexican_second_gen,cash_noncash_tax_balance,6349,14333217.663520,2735.345433,166.260643,-2944.625952,241.363769
all_ages,equal_all_members,person,raw,mexican_second_gen,children_5_17,6349,14333217.663520,0.233816,0.004450,0.095038,0.004660
all_ages,equal_all_members,person,raw,mexican_second_gen,employer_payroll,6349,14333217.663520,1810.281653,33.072480,-819.621223,37.641435
all_ages,equal_all_members,person,raw,mexican_second_gen,extended_balance_after_health,6349,14333217.663520,387.219670,243.123724,-4202.020432,319.045274
all_ages,equal_all_members,person,raw,mexican_second_gen,extended_balance_after_health_ins,6349,14333217.663520,19.864395,257.375864,-4899.747587,331.607735
all_ages,equal_all_members,person,raw,mexican_second_gen,extended_balance_base,6349,14333217.663520,2461.679658,237.068602,-6264.417300,313.564929
all_ages,equal_all_members,person,raw,mexican_second_gen,extended_balance_flat090,6349,14333217.663520,2066.540448,241.704487,-6426.669577,317.515644
all_ages,equal_all_members,person,raw,mexican_second_gen,extended_balance_renter,6349,14333217.663520,2853.462586,237.779599,-6132.479322,313.603098
all_ages,equal_all_members,person,raw,mexican_second_gen,extended_balance_sales_itep,6349,14333217.663520,2891.021424,238.942361,-6568.639111,315.198685
all_ages,equal_all_members,person,raw,mexican_second_gen,federal_after_refundable,6349,14333217.663520,1933.624908,104.206506,-4988.632992,158.266545
all_ages,equal_all_members,person,raw,mexican_second_gen,health_age_birth,6349,14333217.663520,2074.459987,31.919850,-2062.396867,34.286002
all_ages,equal_all_members,person,raw,mexican_second_gen,health_age_birth_ins,6349,14333217.663520,2441.815262,54.709855,-1364.669713,57.643385
all_ages,equal_all_members,person,raw,mexican_second_gen,k12_charged,6349,14333217.663520,3259.843878,69.875685,1338.558866,75.544894
all_ages,equal_all_members,person,raw,mexican_second_gen,k12_charged_flat090,6349,14333217.663520,3654.983088,78.345606,1500.811143,84.702005
all_ages,equal_all_members,person,raw,mexican_second_gen,k12_cost_at_full_attendance,6349,14333217.663520,4061.092320,87.050674,1667.567936,94.113339
all_ages,equal_all_members,person,raw,mexican_second_gen,modeled_tax_total,6349,14333217.663520,4498.865214,154.185655,-7010.161965,222.128902
all_ages,equal_all_members,person,raw,mexican_second_gen,payroll,6349,14333217.663520,1981.189837,35.254326,-921.648796,41.806107
all_ages,equal_all_members,person,raw,mexican_second_gen,property_tax_owner,6349,14333217.663520,583.495188,17.506419,-804.905941,22.355916
all_ages,equal_all_members,person,raw,mexican_second_gen,property_tax_renter_proxy,6349,14333217.663520,391.782928,12.451247,131.937978,12.342712
all_ages,equal_all_members,person,raw,mexican_second_gen,sales_tax_itep,6349,14333217.663520,1021.743028,13.274068,-660.927131,15.170396
all_ages,equal_all_members,person,raw,mexican_second_gen,sales_tax_share35,6349,14333217.663520,592.401261,10.263146,-356.705319,12.267150
all_ages,equal_all_members,person,raw,mexican_second_gen,selected_cash_total,6349,14333217.663520,1411.217345,75.416865,-4262.496736,90.684583
all_ages,equal_all_members,person,raw,mexican_second_gen,selected_noncash_total,6349,14333217.663520,352.302436,13.793060,196.960723,14.723050
all_ages,equal_all_members,person,raw,mexican_second_gen,snap,6349,14333217.663520,175.365615,11.654478,84.266906,12.480275
all_ages,equal_all_members,person,raw,mexican_second_gen,social_security,6349,14333217.663520,982.324884,61.477224,-3998.192936,77.635930
all_ages,equal_all_members,person,raw,mexican_second_gen,state_after_credits,6349,14333217.663520,584.050468,27.055374,-1099.880176,39.805907
all_ages,equal_all_members,person,raw,mexican_second_gen,state_local_total,6349,14333217.663520,1759.946918,44.296265,-2261.491436,62.862241
all_ages,equal_all_members,person,raw,mexico_born,cash_noncash_tax_balance,5631,12220781.882556,2494.097421,201.561167,-3185.873964,262.279695
all_ages,equal_all_members,person,raw,mexico_born,children_5_17,5631,12220781.882556,0.160794,0.003951,0.022017,0.004157
all_ages,equal_all_members,person,raw,mexico_born,employer_payroll,5631,12220781.882556,1736.825608,33.500671,-893.077268,37.088530
all_ages,equal_all_members,person,raw,mexico_born,extended_balance_after_health,5631,12220781.882556,644.403342,260.319433,-3944.836760,325.461907
all_ages,equal_all_members,person,raw,mexico_born,extended_balance_after_health_ins,5631,12220781.882556,402.284247,282.217605,-4517.327735,342.849863
all_ages,equal_all_members,person,raw,mexico_born,extended_balance_base,5631,12220781.882556,3127.250959,255.281797,-5598.845998,320.325177
all_ages,equal_all_members,person,raw,mexico_born,extended_balance_flat090,5631,12220781.882556,2857.044950,257.973150,-5636.165074,322.272217
all_ages,equal_all_members,person,raw,mexico_born,extended_balance_renter,5631,12220781.882556,3605.621135,254.745081,-5380.320773,319.042953
all_ages,equal_all_members,person,raw,mexico_born,extended_balance_sales_itep,5631,12220781.882556,3610.698485,257.493037,-5848.962051,322.270097
all_ages,equal_all_members,person,raw,mexico_born,federal_after_refundable,5631,12220781.882556,1931.457712,134.646744,-4990.800189,186.458221
all_ages,equal_all_members,person,raw,mexico_born,health_age_birth,5631,12220781.882556,2482.847617,46.230324,-1654.009237,47.265526
all_ages,equal_all_members,person,raw,mexico_born,health_age_birth_ins,5631,12220781.882556,2724.966712,72.298652,-1081.518263,72.082287
all_ages,equal_all_members,person,raw,mexico_born,k12_charged,5631,12220781.882556,2229.162233,58.042088,307.877221,63.518242
all_ages,equal_all_members,person,raw,mexico_born,k12_charged_flat090,5631,12220781.882556,2499.368242,65.077611,345.196297,71.217552
all_ages,equal_all_members,person,raw,mexico_born,k12_cost_at_full_attendance,5631,12220781.882556,2777.075824,72.308456,383.551441,79.130614
all_ages,equal_all_members,person,raw,mexico_born,modeled_tax_total,5631,12220781.882556,4438.898907,189.001968,-7070.128272,255.403033
all_ages,equal_all_members,person,raw,mexico_born,payroll,5631,12220781.882556,1968.131577,37.053371,-934.707057,42.058036
all_ages,equal_all_members,person,raw,mexico_born,property_tax_owner,5631,12220781.882556,552.604444,25.625347,-835.796686,28.468156
all_ages,equal_all_members,person,raw,mexico_born,property_tax_renter_proxy,5631,12220781.882556,478.370176,13.128882,218.525225,13.249791
all_ages,equal_all_members,person,raw,mexico_born,sales_tax_itep,5631,12220781.882556,1056.333245,14.360189,-626.336913,16.638851
all_ages,equal_all_members,person,raw,mexico_born,sales_tax_share35,5631,12220781.882556,572.885720,10.811778,-376.220860,13.100416
all_ages,equal_all_members,person,raw,mexico_born,selected_cash_total,5631,12220781.882556,1691.623521,82.955570,-3982.090560,91.521777
all_ages,equal_all_members,person,raw,mexico_born,selected_noncash_total,5631,12220781.882556,253.177965,11.842783,97.836252,12.292096
all_ages,equal_all_members,person,raw,mexico_born,snap,5631,12220781.882556,129.532485,10.518420,38.433776,10.981670
all_ages,equal_all_members,person,raw,mexico_born,social_security,5631,12220781.882556,1452.447138,73.715726,-3528.070682,82.693980
all_ages,equal_all_members,person,raw,mexico_born,state_after_credits,5631,12220781.882556,539.309618,31.563418,-1144.621026,42.777159
all_ages,equal_all_members,person,raw,mexico_born,state_local_total,5631,12220781.882556,1664.799781,50.932104,-2356.638572,68.546021
all_ages,equal_all_members,person,raw,third_plus_nh_white,cash_noncash_tax_balance,73873,173053893.397290,5679.971385,170.916512,0.000000,0.000000
all_ages,equal_all_members,person,raw,third_plus_nh_white,children_5_17,73873,173053893.397290,0.138777,0.001085,0.000000,0.000000
all_ages,equal_all_members,person,raw,third_plus_nh_white,employer_payroll,73873,173053893.397290,2629.902876,18.484508,0.000000,0.000000
all_ages,equal_all_members,person,raw,third_plus_nh_white,extended_balance_after_health,73873,173053893.397290,4589.240103,202.099865,0.000000,0.000000
all_ages,equal_all_members,person,raw,third_plus_nh_white,extended_balance_after_health_ins,73873,173053893.397290,4919.611982,207.304910,0.000000,0.000000
all_ages,equal_all_members,person,raw,third_plus_nh_white,extended_balance_base,73873,173053893.397290,8726.096957,200.422984,0.000000,0.000000
all_ages,equal_all_members,person,raw,third_plus_nh_white,extended_balance_flat090,73873,173053893.397290,8493.210024,200.755555,0.000000,0.000000
all_ages,equal_all_members,person,raw,third_plus_nh_white,extended_balance_renter,73873,173053893.397290,8985.941908,200.310741,0.000000,0.000000
all_ages,equal_all_members,person,raw,third_plus_nh_white,extended_balance_sales_itep,73873,173053893.397290,9459.660536,201.369344,0.000000,0.000000
all_ages,equal_all_members,person,raw,third_plus_nh_white,federal_after_refundable,73873,173053893.397290,6922.257900,122.693900,0.000000,0.000000
all_ages,equal_all_members,person,raw,third_plus_nh_white,health_age_birth,73873,173053893.397290,4136.856854,9.962652,0.000000,0.000000
all_ages,equal_all_members,person,raw,third_plus_nh_white,health_age_birth_ins,73873,173053893.397290,3806.484975,18.419992,0.000000,0.000000
all_ages,equal_all_members,person,raw,third_plus_nh_white,k12_charged,73873,173053893.397290,1921.285012,19.146445,0.000000,0.000000
all_ages,equal_all_members,person,raw,third_plus_nh_white,k12_charged_flat090,73873,173053893.397290,2154.171945,21.467265,0.000000,0.000000
all_ages,equal_all_members,person,raw,third_plus_nh_white,k12_cost_at_full_attendance,73873,173053893.397290,2393.524383,23.852517,0.000000,0.000000
all_ages,equal_all_members,person,raw,third_plus_nh_white,modeled_tax_total,73873,173053893.397290,11509.027178,163.110519,0.000000,0.000000
all_ages,equal_all_members,person,raw,third_plus_nh_white,payroll,73873,173053893.397290,2902.838633,21.123160,0.000000,0.000000
all_ages,equal_all_members,person,raw,third_plus_nh_white,property_tax_owner,73873,173053893.397290,1388.401129,14.116620,0.000000,0.000000
all_ages,equal_all_members,person,raw,third_plus_nh_white,property_tax_renter_proxy,73873,173053893.397290,259.844951,4.051693,0.000000,0.000000
all_ages,equal_all_members,person,raw,third_plus_nh_white,sales_tax_itep,73873,173053893.397290,1682.670158,8.707948,0.000000,0.000000
all_ages,equal_all_members,person,raw,third_plus_nh_white,sales_tax_share35,73873,173053893.397290,949.106580,7.229554,0.000000,0.000000
all_ages,equal_all_members,person,raw,third_plus_nh_white,selected_cash_total,73873,173053893.397290,5673.714080,44.578080,0.000000,0.000000
all_ages,equal_all_members,person,raw,third_plus_nh_white,selected_noncash_total,73873,173053893.397290,155.341713,3.467012,0.000000,0.000000
all_ages,equal_all_members,person,raw,third_plus_nh_white,snap,73873,173053893.397290,91.098709,3.180706,0.000000,0.000000
all_ages,equal_all_members,person,raw,third_plus_nh_white,social_security,73873,173053893.397290,4980.517820,42.112831,0.000000,0.000000
all_ages,equal_all_members,person,raw,third_plus_nh_white,state_after_credits,73873,173053893.397290,1683.930644,27.220626,0.000000,0.000000
all_ages,equal_all_members,person,raw,third_plus_nh_white,state_local_total,73873,173053893.397290,4021.438354,41.763912,0.000000,0.000000
all_ages,equal_all_members,resource_unit_head,raw,all_foreign_born,cash_noncash_tax_balance,21711,52297535.223633,6520.084127,214.171657,855.294620,261.697602
all_ages,equal_all_members,resource_unit_head,raw,all_foreign_born,children_5_17,21711,52297535.223633,0.145846,0.002175,0.006709,0.002883
all_ages,equal_all_members,resource_unit_head,raw,all_foreign_born,employer_payroll,21711,52297535.223633,2494.358198,28.105567,-135.429993,32.520168
all_ages,equal_all_members,resource_unit_head,raw,all_foreign_born,extended_balance_after_health,21711,52297535.223633,5900.897993,259.332707,1343.463940,315.966904
all_ages,equal_all_members,resource_unit_head,raw,all_foreign_born,extended_balance_after_health_ins,21711,52297535.223633,5896.292015,268.483338,1005.750948,323.985144
all_ages,equal_all_members,resource_unit_head,raw,all_foreign_born,extended_balance_base,21711,52297535.223633,8721.048292,260.101690,15.816505,316.768577
all_ages,equal_all_members,resource_unit_head,raw,all_foreign_born,extended_balance_flat090,21711,52297535.223633,8456.909679,261.017079,-14.498163,317.990382
all_ages,equal_all_members,resource_unit_head,raw,all_foreign_born,extended_balance_renter,21711,52297535.223633,9239.335592,259.615408,270.706108,316.090926
all_ages,equal_all_members,resource_unit_head,raw,all_foreign_born,extended_balance_sales_itep,21711,52297535.223633,9307.896986,261.613579,-134.698798,318.784916
all_ages,equal_all_members,resource_unit_head,raw,all_foreign_born,federal_after_refundable,21711,52297535.223633,5357.327130,157.949025,-1568.260567,200.102724
all_ages,equal_all_members,resource_unit_head,raw,all_foreign_born,health_age_birth,21711,52297535.223633,2820.150299,24.418375,-1327.647435,30.941327
all_ages,equal_all_members,resource_unit_head,raw,all_foreign_born,health_age_birth_ins,21711,52297535.223633,2824.756277,30.970913,-989.934443,38.203811
all_ages,equal_all_members,resource_unit_head,raw,all_foreign_born,k12_charged,21711,52297535.223633,2179.107058,36.178398,250.091822,48.309749
all_ages,equal_all_members,resource_unit_head,raw,all_foreign_born,k12_charged_flat090,21711,52297535.223633,2443.245672,40.563732,280.406490,54.165574
all_ages,equal_all_members,resource_unit_head,raw,all_foreign_born,k12_cost_at_full_attendance,21711,52297535.223633,2714.717413,45.070813,311.562766,60.183971
all_ages,equal_all_members,resource_unit_head,raw,all_foreign_born,modeled_tax_total,21711,52297535.223633,9503.378796,212.518265,-2014.659037,264.738484
all_ages,equal_all_members,resource_unit_head,raw,all_foreign_born,payroll,21711,52297535.223633,2737.823587,30.505123,-165.511873,35.115795
all_ages,equal_all_members,resource_unit_head,raw,all_foreign_born,property_tax_owner,21711,52297535.223633,1063.511097,24.011158,-325.791008,26.772449
all_ages,equal_all_members,resource_unit_head,raw,all_foreign_born,property_tax_renter_proxy,21711,52297535.223633,518.287300,7.375384,254.889603,8.470982
all_ages,equal_all_members,resource_unit_head,raw,all_foreign_born,sales_tax_itep,21711,52297535.223633,1409.050622,12.481814,-278.680595,15.382666
all_ages,equal_all_members,resource_unit_head,raw,all_foreign_born,sales_tax_share35,21711,52297535.223633,822.201928,9.950014,-128.165293,12.116060
all_ages,equal_all_members,resource_unit_head,raw,all_foreign_born,selected_cash_total,21711,52297535.223633,2762.872428,60.897389,-2934.360528,77.240217
all_ages,equal_all_members,resource_unit_head,raw,all_foreign_born,selected_noncash_total,21711,52297535.223633,220.422241,6.012452,64.406870,6.853749
all_ages,equal_all_members,resource_unit_head,raw,all_foreign_born,snap,21711,52297535.223633,131.179689,5.328089,39.820849,6.194494
all_ages,equal_all_members,resource_unit_head,raw,all_foreign_born,social_security,21711,52297535.223633,2351.907183,55.600031,-2653.173222,73.562718
all_ages,equal_all_members,resource_unit_head,raw,all_foreign_born,state_after_credits,21711,52297535.223633,1408.228078,39.217839,-280.886597,47.946956
all_ages,equal_all_members,resource_unit_head,raw,all_foreign_born,state_local_total,21711,52297535.223633,3293.941103,60.429166,-734.842898,73.461321
all_ages,equal_all_members,resource_unit_head,raw,all_native,cash_noncash_tax_balance,119938,273435962.106643,5179.305245,128.186946,-485.484262,73.595805
all_ages,equal_all_members,resource_unit_head,raw,all_native,children_5_17,119938,273435962.106643,0.161765,0.001349,0.022628,0.001016
all_ages,equal_all_members,resource_unit_head,raw,all_native,employer_payroll,119938,273435962.106643,2491.384982,15.176167,-138.403209,8.910680
all_ages,equal_all_members,resource_unit_head,raw,all_native,extended_balance_after_health,119938,273435962.106643,3787.518234,155.930508,-769.915819,87.822991
all_ages,equal_all_members,resource_unit_head,raw,all_native,extended_balance_after_health_ins,119938,273435962.106643,3921.506698,160.729408,-969.034368,90.606929
all_ages,equal_all_members,resource_unit_head,raw,all_native,extended_balance_base,119938,273435962.106643,7466.861799,156.150195,-1238.369989,87.161862
all_ages,equal_all_members,resource_unit_head,raw,all_native,extended_balance_flat090,119938,273435962.106643,7190.460479,157.022660,-1280.947363,87.623201
all_ages,equal_all_members,resource_unit_head,raw,all_native,extended_balance_renter,119938,273435962.106643,7806.839790,156.145069,-1161.789693,87.222133
all_ages,equal_all_members,resource_unit_head,raw,all_native,extended_balance_sales_itep,119938,273435962.106643,8148.528844,157.052127,-1294.066940,87.831049
all_ages,equal_all_members,resource_unit_head,raw,all_native,federal_after_refundable,119938,273435962.106643,5943.029305,92.240522,-982.558392,53.538302
all_ages,equal_all_members,resource_unit_head,raw,all_native,health_age_birth,119938,273435962.106643,3679.343565,9.416458,-468.454169,8.780411
all_ages,equal_all_members,resource_unit_head,raw,all_native,health_age_birth_ins,119938,273435962.106643,3545.355100,15.433476,-269.335620,12.534520
all_ages,equal_all_members,resource_unit_head,raw,all_native,k12_charged,119938,273435962.106643,2280.272693,22.483407,351.257456,16.809452
all_ages,equal_all_members,resource_unit_head,raw,all_native,k12_charged_flat090,119938,273435962.106643,2556.674013,25.208714,393.834831,18.846995
all_ages,equal_all_members,resource_unit_head,raw,all_native,k12_cost_at_full_attendance,119938,273435962.106643,2840.748903,28.009682,437.594257,20.941106
all_ages,equal_all_members,resource_unit_head,raw,all_native,modeled_tax_total,119938,273435962.106643,10167.532940,124.424141,-1350.504893,71.130078
all_ages,equal_all_members,resource_unit_head,raw,all_native,payroll,119938,273435962.106643,2730.659480,17.170499,-172.675980,9.760613
all_ages,equal_all_members,resource_unit_head,raw,all_native,property_tax_owner,119938,273435962.106643,1201.354460,10.358422,-187.947645,6.874222
all_ages,equal_all_members,resource_unit_head,raw,all_native,property_tax_renter_proxy,119938,273435962.106643,339.977992,3.610066,76.580295,2.560475
all_ages,equal_all_members,resource_unit_head,raw,all_native,sales_tax_itep,119938,273435962.106643,1556.756850,7.057784,-130.974368,4.376277
all_ages,equal_all_members,resource_unit_head,raw,all_native,sales_tax_share35,119938,273435962.106643,875.089805,5.643089,-75.277416,3.312610
all_ages,equal_all_members,resource_unit_head,raw,all_native,selected_cash_total,119938,273435962.106643,4759.306494,34.112820,-937.926462,26.113884
all_ages,equal_all_members,resource_unit_head,raw,all_native,selected_noncash_total,119938,273435962.106643,228.921201,3.499453,72.905830,3.062372
all_ages,equal_all_members,resource_unit_head,raw,all_native,snap,119938,273435962.106643,137.305379,2.940714,45.946539,2.637678
all_ages,equal_all_members,resource_unit_head,raw,all_native,social_security,119938,273435962.106643,4040.137291,32.495842,-964.943114,23.033603
all_ages,equal_all_members,resource_unit_head,raw,all_native,state_after_credits,119938,273435962.106643,1493.844154,20.812582,-195.270521,12.629301
all_ages,equal_all_members,resource_unit_head,raw,all_native,state_local_total,119938,273435962.106643,3570.288419,32.010532,-458.495582,18.826458
all_ages,equal_all_members,resource_unit_head,raw,asian_indian_native_selfid,cash_noncash_tax_balance,790,2009561.530444,18635.833664,1234.612978,12971.044157,1248.016021
all_ages,equal_all_members,resource_unit_head,raw,asian_indian_native_selfid,children_5_17,790,2009561.530444,0.209322,0.012555,0.070185,0.012857
all_ages,equal_all_members,resource_unit_head,raw,asian_indian_native_selfid,employer_payroll,790,2009561.530444,4308.640238,148.676073,1678.852047,151.490885
all_ages,equal_all_members,resource_unit_head,raw,asian_indian_native_selfid,extended_balance_after_health,790,2009561.530444,20960.104916,1536.032929,16402.670863,1551.595226
all_ages,equal_all_members,resource_unit_head,raw,asian_indian_native_selfid,extended_balance_after_health_ins,790,2009561.530444,21476.446135,1559.170385,16585.905069,1574.873756
all_ages,equal_all_members,resource_unit_head,raw,asian_indian_native_selfid,extended_balance_base,790,2009561.530444,22843.211172,1516.781835,14137.979385,1533.747783
all_ages,equal_all_members,resource_unit_head,raw,asian_indian_native_selfid,extended_balance_flat090,790,2009561.530444,22446.663497,1525.741384,13975.255655,1542.595114
all_ages,equal_all_members,resource_unit_head,raw,asian_indian_native_selfid,extended_balance_renter,790,2009561.530444,23101.300876,1522.996562,14132.671392,1539.794254
all_ages,equal_all_members,resource_unit_head,raw,asian_indian_native_selfid,extended_balance_sales_itep,790,2009561.530444,23357.621411,1521.747487,13915.025627,1539.116423
all_ages,equal_all_members,resource_unit_head,raw,asian_indian_native_selfid,federal_after_refundable,790,2009561.530444,11853.072686,915.094695,4927.484988,922.475599
all_ages,equal_all_members,resource_unit_head,raw,asian_indian_native_selfid,health_age_birth,790,2009561.530444,1883.106256,77.198946,-2264.691479,78.528948
all_ages,equal_all_members,resource_unit_head,raw,asian_indian_native_selfid,health_age_birth_ins,790,2009561.530444,1366.765037,114.255969,-2447.925684,115.484775
all_ages,equal_all_members,resource_unit_head,raw,asian_indian_native_selfid,k12_charged,790,2009561.530444,3271.463524,209.179536,1342.448287,214.780705
all_ages,equal_all_members,resource_unit_head,raw,asian_indian_native_selfid,k12_charged_flat090,790,2009561.530444,3668.011199,234.535056,1505.172017,240.815166
all_ages,equal_all_members,resource_unit_head,raw,asian_indian_native_selfid,k12_cost_at_full_attendance,790,2009561.530444,4075.567999,260.594506,1672.413352,267.572406
all_ages,equal_all_members,resource_unit_head,raw,asian_indian_native_selfid,modeled_tax_total,790,2009561.530444,19352.639907,1207.052000,7834.602074,1220.817280
all_ages,equal_all_members,resource_unit_head,raw,asian_indian_native_selfid,payroll,790,2009561.530444,4479.851770,156.959509,1576.516310,159.606484
all_ages,equal_all_members,resource_unit_head,raw,asian_indian_native_selfid,property_tax_owner,790,2009561.530444,1901.831686,127.415721,512.529581,127.777801
all_ages,equal_all_members,resource_unit_head,raw,asian_indian_native_selfid,property_tax_renter_proxy,790,2009561.530444,258.089703,33.023313,-5.307993,33.013435
all_ages,equal_all_members,resource_unit_head,raw,asian_indian_native_selfid,sales_tax_itep,790,2009561.530444,1782.779347,64.384000,95.048129,65.278216
all_ages,equal_all_members,resource_unit_head,raw,asian_indian_native_selfid,sales_tax_share35,790,2009561.530444,1268.369108,58.321022,318.001887,58.997800
all_ages,equal_all_members,resource_unit_head,raw,asian_indian_native_selfid,selected_cash_total,790,2009561.530444,625.458833,124.632829,-5071.774122,135.205361
all_ages,equal_all_members,resource_unit_head,raw,asian_indian_native_selfid,selected_noncash_total,790,2009561.530444,91.347410,16.456556,-64.667961,16.395792
all_ages,equal_all_members,resource_unit_head,raw,asian_indian_native_selfid,snap,790,2009561.530444,37.306466,13.987551,-54.052374,14.044467
all_ages,equal_all_members,resource_unit_head,raw,asian_indian_native_selfid,social_security,790,2009561.530444,472.419532,107.013754,-4532.660874,116.800228
all_ages,equal_all_members,resource_unit_head,raw,asian_indian_native_selfid,state_after_credits,790,2009561.530444,3019.715451,214.727307,1330.600775,219.738135
all_ages,equal_all_members,resource_unit_head,raw,asian_indian_native_selfid,state_local_total,790,2009561.530444,6189.916245,320.152874,2161.132243,326.942759
all_ages,equal_all_members,resource_unit_head,raw,china_born,cash_noncash_tax_balance,911,2269611.049934,13062.207858,1777.296989,7397.418352,1777.439941
all_ages,equal_all_members,resource_unit_head,raw,china_born,children_5_17,911,2269611.049934,0.120076,0.010207,-0.019061,0.010468
all_ages,equal_all_members,resource_unit_head,raw,china_born,employer_payroll,911,2269611.049934,3261.277467,195.053663,631.489275,195.869595
all_ages,equal_all_members,resource_unit_head,raw,china_born,extended_balance_after_health,911,2269611.049934,14165.839065,2160.091527,9608.405012,2163.921383
all_ages,equal_all_members,resource_unit_head,raw,china_born,extended_balance_after_health_ins,911,2269611.049934,13867.357295,2204.928283,8976.816228,2209.112016
all_ages,equal_all_members,resource_unit_head,raw,china_born,extended_balance_base,911,2269611.049934,17473.378656,2126.487406,8768.146869,2129.593913
all_ages,equal_all_members,resource_unit_head,raw,china_born,extended_balance_flat090,911,2269611.049934,17227.183449,2129.598895,8755.775607,2132.871538
all_ages,equal_all_members,resource_unit_head,raw,china_born,extended_balance_renter,911,2269611.049934,18073.454964,2117.283441,9104.825480,2120.795862
all_ages,equal_all_members,resource_unit_head,raw,china_born,extended_balance_sales_itep,911,2269611.049934,18072.171147,2132.234755,8629.575362,2135.572367
all_ages,equal_all_members,resource_unit_head,raw,china_born,federal_after_refundable,911,2269611.049934,9660.568998,1199.845333,2734.981301,1198.158929
all_ages,equal_all_members,resource_unit_head,raw,china_born,health_age_birth,911,2269611.049934,3307.539591,165.553304,-840.258143,166.340585
all_ages,equal_all_members,resource_unit_head,raw,china_born,health_age_birth_ins,911,2269611.049934,3606.021362,229.206807,-208.669359,230.139769
all_ages,equal_all_members,resource_unit_head,raw,china_born,k12_charged,911,2269611.049934,2031.076440,166.548173,102.061203,170.255742
all_ages,equal_all_members,resource_unit_head,raw,china_born,k12_charged_flat090,911,2269611.049934,2277.271647,186.736168,114.432465,190.893148
all_ages,equal_all_members,resource_unit_head,raw,china_born,k12_cost_at_full_attendance,911,2269611.049934,2530.301830,207.484632,127.147184,212.103498
all_ages,equal_all_members,resource_unit_head,raw,china_born,modeled_tax_total,911,2269611.049934,16161.878262,1760.303909,4643.840429,1758.498262
all_ages,equal_all_members,resource_unit_head,raw,china_born,payroll,911,2269611.049934,3560.321028,214.856188,656.985567,214.740166
all_ages,equal_all_members,resource_unit_head,raw,china_born,property_tax_owner,911,2269611.049934,1997.680541,203.762134,608.378436,204.947835
all_ages,equal_all_members,resource_unit_head,raw,china_born,property_tax_renter_proxy,911,2269611.049934,600.076307,44.771329,336.678611,45.219781
all_ages,equal_all_members,resource_unit_head,raw,china_born,sales_tax_itep,911,2269611.049934,1782.081721,91.930057,94.350503,92.242694
all_ages,equal_all_members,resource_unit_head,raw,china_born,sales_tax_share35,911,2269611.049934,1183.289230,82.125293,232.922009,81.944300
all_ages,equal_all_members,resource_unit_head,raw,china_born,selected_cash_total,911,2269611.049934,2872.945862,339.644354,-2824.287094,344.666725
all_ages,equal_all_members,resource_unit_head,raw,china_born,selected_noncash_total,911,2269611.049934,226.724542,32.208282,70.709171,32.695663
all_ages,equal_all_members,resource_unit_head,raw,china_born,snap,911,2269611.049934,151.723161,29.646852,60.364321,30.004412
all_ages,equal_all_members,resource_unit_head,raw,china_born,social_security,911,2269611.049934,2481.400923,326.189112,-2523.679482,329.320281
all_ages,equal_all_members,resource_unit_head,raw,china_born,state_after_credits,911,2269611.049934,2940.988236,390.283660,1251.873561,390.819669
all_ages,equal_all_members,resource_unit_head,raw,china_born,state_local_total,911,2269611.049934,6121.958007,584.326903,2093.174006,585.674538
all_ages,equal_all_members,resource_unit_head,raw,china_born_broad,cash_noncash_tax_balance,1135,2822749.608980,13278.976469,1515.308024,7614.186962,1518.069319
all_ages,equal_all_members,resource_unit_head,raw,china_born_broad,children_5_17,1135,2822749.608980,0.116920,0.009141,-0.022217,0.009432
all_ages,equal_all_members,resource_unit_head,raw,china_born_broad,employer_payroll,1135,2822749.608980,3371.314063,169.341114,741.525872,170.617031
all_ages,equal_all_members,resource_unit_head,raw,china_born_broad,extended_balance_after_health,1135,2822749.608980,14675.862883,1846.032111,10118.428830,1852.808358
all_ages,equal_all_members,resource_unit_head,raw,china_born_broad,extended_balance_after_health_ins,1135,2822749.608980,14593.092269,1892.420192,9702.551203,1899.848901
all_ages,equal_all_members,resource_unit_head,raw,china_born_broad,extended_balance_base,1135,2822749.608980,18180.377374,1812.922698,9475.145587,1818.716948
all_ages,equal_all_members,resource_unit_head,raw,china_born_broad,extended_balance_flat090,1135,2822749.608980,17944.123272,1815.906483,9472.715430,1821.805183
all_ages,equal_all_members,resource_unit_head,raw,china_born_broad,extended_balance_renter,1135,2822749.608980,18734.022498,1807.195878,9765.393015,1813.185167
all_ages,equal_all_members,resource_unit_head,raw,china_born_broad,extended_balance_sales_itep,1135,2822749.608980,18786.602151,1818.900085,9344.006367,1824.937143
all_ages,equal_all_members,resource_unit_head,raw,china_born_broad,federal_after_refundable,1135,2822749.608980,10206.992567,1044.597885,3281.404870,1044.895440
all_ages,equal_all_members,resource_unit_head,raw,china_born_broad,health_age_birth,1135,2822749.608980,3504.514491,151.561546,-643.283244,152.486144
all_ages,equal_all_members,resource_unit_head,raw,china_born_broad,health_age_birth_ins,1135,2822749.608980,3587.285105,213.087069,-227.405616,214.483388
all_ages,equal_all_members,resource_unit_head,raw,china_born_broad,k12_charged,1135,2822749.608980,1949.063691,146.107132,20.048455,150.212927
all_ages,equal_all_members,resource_unit_head,raw,china_born_broad,k12_charged_flat090,1135,2822749.608980,2185.317793,163.817384,22.478611,168.420860
all_ages,equal_all_members,resource_unit_head,raw,china_born_broad,k12_cost_at_full_attendance,1135,2822749.608980,2428.130881,182.019316,24.976234,187.134289
all_ages,equal_all_members,resource_unit_head,raw,china_born_broad,modeled_tax_total,1135,2822749.608980,16713.413456,1495.314574,5195.375623,1495.170333
all_ages,equal_all_members,resource_unit_head,raw,china_born_broad,payroll,1135,2822749.608980,3665.547360,184.800934,762.211900,185.079467
all_ages,equal_all_members,resource_unit_head,raw,china_born_broad,property_tax_owner,1135,2822749.608980,2247.174363,181.099608,857.872257,181.909451
all_ages,equal_all_members,resource_unit_head,raw,china_born_broad,property_tax_renter_proxy,1135,2822749.608980,553.645124,38.772958,290.247428,39.290020
all_ages,equal_all_members,resource_unit_head,raw,china_born_broad,sales_tax_itep,1135,2822749.608980,1838.200948,79.572507,150.469730,80.043012
all_ages,equal_all_members,resource_unit_head,raw,china_born_broad,sales_tax_share35,1135,2822749.608980,1231.976171,70.663614,281.608950,70.663274
all_ages,equal_all_members,resource_unit_head,raw,china_born_broad,selected_cash_total,1135,2822749.608980,3216.860884,316.142411,-2480.372072,321.040721
all_ages,equal_all_members,resource_unit_head,raw,china_born_broad,selected_noncash_total,1135,2822749.608980,217.576103,32.455225,61.560732,32.873299
all_ages,equal_all_members,resource_unit_head,raw,china_born_broad,snap,1135,2822749.608980,149.941715,30.379941,58.582875,30.665447
all_ages,equal_all_members,resource_unit_head,raw,china_born_broad,social_security,1135,2822749.608980,2833.777392,312.883887,-2171.303013,315.320608
all_ages,equal_all_members,resource_unit_head,raw,china_born_broad,state_after_credits,1135,2822749.608980,2840.873529,325.764840,1151.758853,326.437103
all_ages,equal_all_members,resource_unit_head,raw,china_born_broad,state_local_total,1135,2822749.608980,6320.024062,489.573796,2291.240060,490.786104
all_ages,equal_all_members,resource_unit_head,raw,india_born,cash_noncash_tax_balance,1607,4269449.732434,17109.915348,926.134463,11445.125842,927.817764
all_ages,equal_all_members,resource_unit_head,raw,india_born,children_5_17,1607,4269449.732434,0.147913,0.008884,0.008776,0.009067
all_ages,equal_all_members,resource_unit_head,raw,india_born,employer_payroll,1607,4269449.732434,4354.692487,143.565453,1724.904296,143.981193
all_ages,equal_all_members,resource_unit_head,raw,india_born,extended_balance_after_health,1607,4269449.732434,20113.088105,1151.675137,15555.654052,1153.599111
all_ages,equal_all_members,resource_unit_head,raw,india_born,extended_balance_after_health_ins,1607,4269449.732434,20685.989341,1169.979047,15795.448274,1171.511763
all_ages,equal_all_members,resource_unit_head,raw,india_born,extended_balance_base,1607,4269449.732434,22109.844577,1140.827712,13404.612789,1143.920181
all_ages,equal_all_members,resource_unit_head,raw,india_born,extended_balance_flat090,1607,4269449.732434,21836.625841,1145.435663,13365.217998,1148.725773
all_ages,equal_all_members,resource_unit_head,raw,india_born,extended_balance_renter,1607,4269449.732434,22529.362497,1141.989019,13560.733013,1144.302684
all_ages,equal_all_members,resource_unit_head,raw,india_born,extended_balance_sales_itep,1607,4269449.732434,22718.671278,1144.391459,13276.075494,1147.510076
all_ages,equal_all_members,resource_unit_head,raw,india_born,federal_after_refundable,1607,4269449.732434,11411.639848,650.040887,4486.052151,656.392111
all_ages,equal_all_members,resource_unit_head,raw,india_born,health_age_birth,1607,4269449.732434,1996.756472,98.046928,-2151.041262,100.983835
all_ages,equal_all_members,resource_unit_head,raw,india_born,health_age_birth_ins,1607,4269449.732434,1423.855236,106.309282,-2390.835485,109.401947
all_ages,equal_all_members,resource_unit_head,raw,india_born,k12_charged,1607,4269449.732434,2254.016817,142.232416,325.001580,146.618550
all_ages,equal_all_members,resource_unit_head,raw,india_born,k12_charged_flat090,1607,4269449.732434,2527.235553,159.472998,364.396371,164.390793
all_ages,equal_all_members,resource_unit_head,raw,india_born,k12_cost_at_full_attendance,1607,4269449.732434,2808.039503,177.192220,404.884856,182.656437
all_ages,equal_all_members,resource_unit_head,raw,india_born,modeled_tax_total,1607,4269449.732434,18605.628756,902.688947,7087.590923,909.007252
all_ages,equal_all_members,resource_unit_head,raw,india_born,payroll,1607,4269449.732434,4533.105534,149.231230,1629.770074,149.069217
all_ages,equal_all_members,resource_unit_head,raw,india_born,property_tax_owner,1607,4269449.732434,1597.088506,94.447772,207.786401,93.568435
all_ages,equal_all_members,resource_unit_head,raw,india_born,property_tax_renter_proxy,1607,4269449.732434,419.517920,25.408092,156.120224,25.854686
all_ages,equal_all_members,resource_unit_head,raw,india_born,sales_tax_itep,1607,4269449.732434,1910.991754,52.293292,223.260536,52.722887
all_ages,equal_all_members,resource_unit_head,raw,india_born,sales_tax_share35,1607,4269449.732434,1302.165052,47.753995,351.797831,48.086189
all_ages,equal_all_members,resource_unit_head,raw,india_born,selected_cash_total,1607,4269449.732434,1436.545007,217.158370,-4260.687949,223.285699
all_ages,equal_all_members,resource_unit_head,raw,india_born,selected_noncash_total,1607,4269449.732434,59.168401,8.705729,-96.846969,9.167975
all_ages,equal_all_members,resource_unit_head,raw,india_born,snap,1607,4269449.732434,20.618831,7.015134,-70.740009,7.604313
all_ages,equal_all_members,resource_unit_head,raw,india_born,social_security,1607,4269449.732434,1277.306467,206.756182,-3727.773938,212.095940
all_ages,equal_all_members,resource_unit_head,raw,india_born,state_after_credits,1607,4269449.732434,2660.883374,172.976118,971.768698,174.113016
all_ages,equal_all_members,resource_unit_head,raw,india_born,state_local_total,1607,4269449.732434,5560.136931,244.810940,1531.352930,246.224499
all_ages,equal_all_members,resource_unit_head,raw,india_born_recent_noncit,cash_noncash_tax_balance,500,1376550.800685,12215.308077,1012.311885,6550.518571,998.273794
all_ages,equal_all_members,resource_unit_head,raw,india_born_recent_noncit,children_5_17,500,1376550.800685,0.133024,0.018137,-0.006113,0.018330
all_ages,equal_all_members,resource_unit_head,raw,india_born_recent_noncit,employer_payroll,500,1376550.800685,3655.017953,204.009499,1025.229762,204.101276
all_ages,equal_all_members,resource_unit_head,raw,india_born_recent_noncit,extended_balance_after_health,500,1376550.800685,14331.266160,1352.033822,9773.832107,1342.379980
all_ages,equal_all_members,resource_unit_head,raw,india_born_recent_noncit,extended_balance_after_health_ins,500,1376550.800685,14748.556942,1366.394145,9858.015875,1356.571983
all_ages,equal_all_members,resource_unit_head,raw,india_born_recent_noncit,extended_balance_base,500,1376550.800685,15289.396009,1351.602764,6584.164222,1341.887834
all_ages,equal_all_members,resource_unit_head,raw,india_born_recent_noncit,extended_balance_flat090,500,1376550.800685,15035.574231,1365.239874,6564.166389,1356.222638
all_ages,equal_all_members,resource_unit_head,raw,india_born_recent_noncit,extended_balance_renter,500,1376550.800685,16085.368505,1365.509889,7116.739021,1354.530304
all_ages,equal_all_members,resource_unit_head,raw,india_born_recent_noncit,extended_balance_sales_itep,500,1376550.800685,15956.514674,1353.477064,6513.918890,1343.568183
all_ages,equal_all_members,resource_unit_head,raw,india_born_recent_noncit,federal_after_refundable,500,1376550.800685,7112.424738,687.685316,186.837040,681.026304
all_ages,equal_all_members,resource_unit_head,raw,india_born_recent_noncit,health_age_birth,500,1376550.800685,958.129850,54.864308,-3189.667885,59.268351
all_ages,equal_all_members,resource_unit_head,raw,india_born_recent_noncit,health_age_birth_ins,500,1376550.800685,540.839068,81.634508,-3273.851653,88.096205
all_ages,equal_all_members,resource_unit_head,raw,india_born_recent_noncit,k12_charged,500,1376550.800685,2093.994595,329.132169,164.979358,333.139704
all_ages,equal_all_members,resource_unit_head,raw,india_born_recent_noncit,k12_charged_flat090,500,1376550.800685,2347.816373,369.027645,184.977191,373.520950
all_ages,equal_all_members,resource_unit_head,raw,india_born_recent_noncit,k12_cost_at_full_attendance,500,1376550.800685,2608.684859,410.030717,205.530213,415.023278
all_ages,equal_all_members,resource_unit_head,raw,india_born_recent_noncit,modeled_tax_total,500,1376550.800685,12452.488054,1017.642075,934.450221,1008.453945
all_ages,equal_all_members,resource_unit_head,raw,india_born_recent_noncit,payroll,500,1376550.800685,3697.810735,207.772469,794.475275,207.649929
all_ages,equal_all_members,resource_unit_head,raw,india_born_recent_noncit,property_tax_owner,500,1376550.800685,477.494842,70.099391,-911.807263,70.425979
all_ages,equal_all_members,resource_unit_head,raw,india_born_recent_noncit,property_tax_renter_proxy,500,1376550.800685,795.972495,47.527946,532.574799,47.331981
all_ages,equal_all_members,resource_unit_head,raw,india_born_recent_noncit,sales_tax_itep,500,1376550.800685,1702.688397,69.327492,14.957179,68.686920
all_ages,equal_all_members,resource_unit_head,raw,india_born_recent_noncit,sales_tax_share35,500,1376550.800685,1035.569732,65.038184,85.202511,64.642438
all_ages,equal_all_members,resource_unit_head,raw,india_born_recent_noncit,selected_cash_total,500,1376550.800685,185.887094,89.330488,-5511.345862,104.336735
all_ages,equal_all_members,resource_unit_head,raw,india_born_recent_noncit,selected_noncash_total,500,1376550.800685,51.292883,11.629736,-104.722488,12.028900
all_ages,equal_all_members,resource_unit_head,raw,india_born_recent_noncit,snap,500,1376550.800685,7.202074,4.804123,-84.156766,5.397286
all_ages,equal_all_members,resource_unit_head,raw,india_born_recent_noncit,social_security,500,1376550.800685,43.620922,32.588616,-4961.459484,56.543621
all_ages,equal_all_members,resource_unit_head,raw,india_born_recent_noncit,state_after_credits,500,1376550.800685,1642.252581,189.188283,-46.862094,189.428279
all_ages,equal_all_members,resource_unit_head,raw,india_born_recent_noncit,state_local_total,500,1376550.800685,3155.317155,250.618495,-873.466847,251.825128
all_ages,equal_all_members,resource_unit_head,raw,india_born_settled,cash_noncash_tax_balance,1107,2892898.931749,19438.954736,1149.849554,13774.165229,1159.524695
all_ages,equal_all_members,resource_unit_head,raw,india_born_settled,children_5_17,1107,2892898.931749,0.154997,0.009111,0.015860,0.009182
all_ages,equal_all_members,resource_unit_head,raw,india_born_settled,employer_payroll,1107,2892898.931749,4687.624112,161.028742,2057.835920,161.888471
all_ages,equal_all_members,resource_unit_head,raw,india_born_settled,extended_balance_after_health,1107,2892898.931749,22864.297813,1377.063745,18306.863760,1386.484342
all_ages,equal_all_members,resource_unit_head,raw,india_born_settled,extended_balance_after_health_ins,1107,2892898.931749,23511.244393,1402.600836,18620.703327,1411.730211
all_ages,equal_all_members,resource_unit_head,raw,india_born_settled,extended_balance_base,1107,2892898.931749,25355.272142,1339.641873,16650.040354,1351.366911
all_ages,equal_all_members,resource_unit_head,raw,india_born_settled,extended_balance_flat090,1107,2892898.931749,25072.823599,1341.271768,16601.415757,1352.960764
all_ages,equal_all_members,resource_unit_head,raw,india_born_settled,extended_balance_renter,1107,2892898.931749,25595.658727,1341.615758,16627.029243,1352.890519
all_ages,equal_all_members,resource_unit_head,raw,india_born_settled,extended_balance_sales_itep,1107,2892898.931749,25936.361321,1345.932649,16493.765537,1357.779668
all_ages,equal_all_members,resource_unit_head,raw,india_born_settled,federal_after_refundable,1107,2892898.931749,13457.369113,804.134808,6531.781415,817.108228
all_ages,equal_all_members,resource_unit_head,raw,india_born_settled,health_age_birth,1107,2892898.931749,2490.974328,129.895716,-1656.823406,132.433491
all_ages,equal_all_members,resource_unit_head,raw,india_born_settled,health_age_birth_ins,1107,2892898.931749,1844.027748,144.517429,-1970.662972,146.000063
all_ages,equal_all_members,resource_unit_head,raw,india_born_settled,k12_charged,1107,2892898.931749,2330.161446,138.058433,401.146210,140.308472
all_ages,equal_all_members,resource_unit_head,raw,india_born_settled,k12_charged_flat090,1107,2892898.931749,2612.609989,154.793069,449.770807,157.315844
all_ages,equal_all_members,resource_unit_head,raw,india_born_settled,k12_cost_at_full_attendance,1107,2892898.931749,2902.899988,171.992299,499.745341,174.795383
all_ages,equal_all_members,resource_unit_head,raw,india_born_settled,modeled_tax_total,1107,2892898.931749,21533.525983,1086.636657,10015.488150,1102.271533
all_ages,equal_all_members,resource_unit_head,raw,india_born_settled,payroll,1107,2892898.931749,4930.570413,167.199183,2027.234953,167.364916
all_ages,equal_all_members,resource_unit_head,raw,india_born_settled,property_tax_owner,1107,2892898.931749,2129.833545,113.268335,740.531440,112.704812
all_ages,equal_all_members,resource_unit_head,raw,india_born_settled,property_tax_renter_proxy,1107,2892898.931749,240.386585,25.390720,-23.011111,25.979047
all_ages,equal_all_members,resource_unit_head,raw,india_born_settled,sales_tax_itep,1107,2892898.931749,2010.110375,61.440269,322.379157,62.447139
all_ages,equal_all_members,resource_unit_head,raw,india_born_settled,sales_tax_share35,1107,2892898.931749,1429.021195,53.284486,478.653974,54.087275
all_ages,equal_all_members,resource_unit_head,raw,india_born_settled,selected_cash_total,1107,2892898.931749,2031.655376,311.331224,-3665.577580,316.390041
all_ages,equal_all_members,resource_unit_head,raw,india_born_settled,selected_noncash_total,1107,2892898.931749,62.915871,11.528531,-93.099500,11.870984
all_ages,equal_all_members,resource_unit_head,raw,india_born_settled,snap,1107,2892898.931749,27.003032,10.170972,-64.355809,10.662862
all_ages,equal_all_members,resource_unit_head,raw,india_born_settled,social_security,1107,2892898.931749,1864.340742,298.466183,-3140.739663,303.370648
all_ages,equal_all_members,resource_unit_head,raw,india_born_settled,state_after_credits,1107,2892898.931749,3145.586457,215.180163,1456.471782,216.955730
all_ages,equal_all_members,resource_unit_head,raw,india_born_settled,state_local_total,1107,2892898.931749,6704.441198,287.827990,2675.657196,290.787755
all_ages,equal_all_members,resource_unit_head,raw,india_second_gen,cash_noncash_tax_balance,704,1765261.960965,20401.903887,1738.574158,14737.114380,1741.627860
all_ages,equal_all_members,resource_unit_head,raw,india_second_gen,children_5_17,704,1765261.960965,0.218136,0.011538,0.078999,0.011805
all_ages,equal_all_members,resource_unit_head,raw,india_second_gen,employer_payroll,704,1765261.960965,4415.269781,135.645964,1785.481590,137.607604
all_ages,equal_all_members,resource_unit_head,raw,india_second_gen,extended_balance_after_health,704,1765261.960965,22926.586807,1966.723651,18369.152754,1967.687908
all_ages,equal_all_members,resource_unit_head,raw,india_second_gen,extended_balance_after_health_ins,704,1765261.960965,23569.111428,1980.624652,18678.570362,1981.011439
all_ages,equal_all_members,resource_unit_head,raw,india_second_gen,extended_balance_base,704,1765261.960965,24754.334078,1965.563217,16049.102291,1967.678545
all_ages,equal_all_members,resource_unit_head,raw,india_second_gen,extended_balance_flat090,704,1765261.960965,24342.818226,1969.656559,15871.410384,1971.688868
all_ages,equal_all_members,resource_unit_head,raw,india_second_gen,extended_balance_renter,704,1765261.960965,25020.065758,1967.365116,16051.436274,1969.463912
all_ages,equal_all_members,resource_unit_head,raw,india_second_gen,extended_balance_sales_itep,704,1765261.960965,25287.634991,1967.812933,15845.039207,1970.353042
all_ages,equal_all_members,resource_unit_head,raw,india_second_gen,federal_after_refundable,704,1765261.960965,13020.198491,1246.846062,6094.610793,1247.879828
all_ages,equal_all_members,resource_unit_head,raw,india_second_gen,health_age_birth,704,1765261.960965,1827.747272,71.309571,-2320.050463,71.890299
all_ages,equal_all_members,resource_unit_head,raw,india_second_gen,health_age_birth_ins,704,1765261.960965,1185.222650,103.524487,-2629.468071,103.801624
all_ages,equal_all_members,resource_unit_head,raw,india_second_gen,k12_charged,704,1765261.960965,3394.948916,200.164031,1465.933679,204.595114
all_ages,equal_all_members,resource_unit_head,raw,india_second_gen,k12_charged_flat090,704,1765261.960965,3806.464768,224.426744,1643.625586,229.394937
all_ages,equal_all_members,resource_unit_head,raw,india_second_gen,k12_cost_at_full_attendance,704,1765261.960965,4229.405298,249.363049,1826.250652,254.883264
all_ages,equal_all_members,resource_unit_head,raw,india_second_gen,modeled_tax_total,704,1765261.960965,21110.545760,1701.308288,9592.507927,1700.926843
all_ages,equal_all_members,resource_unit_head,raw,india_second_gen,payroll,704,1765261.960965,4647.095752,150.757477,1743.760292,151.977261
all_ages,equal_all_members,resource_unit_head,raw,india_second_gen,property_tax_owner,704,1765261.960965,2003.468313,132.715225,614.166208,131.530775
all_ages,equal_all_members,resource_unit_head,raw,india_second_gen,property_tax_renter_proxy,704,1765261.960965,265.731680,33.083663,2.333983,33.082783
all_ages,equal_all_members,resource_unit_head,raw,india_second_gen,sales_tax_itep,704,1765261.960965,1861.941925,70.073497,174.210708,70.675861
all_ages,equal_all_members,resource_unit_head,raw,india_second_gen,sales_tax_share35,704,1765261.960965,1328.641013,65.485674,378.273792,65.674306
all_ages,equal_all_members,resource_unit_head,raw,india_second_gen,selected_cash_total,704,1765261.960965,644.994719,135.877538,-5052.238236,146.009723
all_ages,equal_all_members,resource_unit_head,raw,india_second_gen,selected_noncash_total,704,1765261.960965,63.647154,10.497288,-92.368217,10.965816
all_ages,equal_all_members,resource_unit_head,raw,india_second_gen,snap,704,1765261.960965,16.949194,8.665328,-74.409646,9.139506
all_ages,equal_all_members,resource_unit_head,raw,india_second_gen,social_security,704,1765261.960965,506.961609,127.571597,-4498.118796,137.737834
all_ages,equal_all_members,resource_unit_head,raw,india_second_gen,state_after_credits,704,1765261.960965,3443.251517,386.770647,1754.136841,385.082334
all_ages,equal_all_members,resource_unit_head,raw,india_second_gen,state_local_total,704,1765261.960965,6775.360843,516.986049,2746.576842,513.131581
all_ages,equal_all_members,resource_unit_head,raw,mexican_second_gen,cash_noncash_tax_balance,6349,13436439.343982,2843.303180,172.762699,-2821.486327,238.309607
all_ages,equal_all_members,resource_unit_head,raw,mexican_second_gen,children_5_17,6349,13436439.343982,0.234091,0.004893,0.094954,0.005291
all_ages,equal_all_members,resource_unit_head,raw,mexican_second_gen,employer_payroll,6349,13436439.343982,1834.884359,35.106307,-794.903833,39.148200
all_ages,equal_all_members,resource_unit_head,raw,mexican_second_gen,extended_balance_after_health,6349,13436439.343982,533.074509,257.735700,-4024.359544,321.897852
all_ages,equal_all_members,resource_unit_head,raw,mexican_second_gen,extended_balance_after_health_ins,6349,13436439.343982,190.776177,274.544662,-4699.764889,334.842352
all_ages,equal_all_members,resource_unit_head,raw,mexican_second_gen,extended_balance_base,6349,13436439.343982,2590.803342,253.960260,-6114.428445,318.313929
all_ages,equal_all_members,resource_unit_head,raw,mexican_second_gen,extended_balance_flat090,6349,13436439.343982,2194.399928,259.527283,-6277.007914,323.355752
all_ages,equal_all_members,resource_unit_head,raw,mexican_second_gen,extended_balance_renter,6349,13436439.343982,2990.233403,255.274084,-5978.396081,318.674028
all_ages,equal_all_members,resource_unit_head,raw,mexican_second_gen,extended_balance_sales_itep,6349,13436439.343982,3024.349423,256.338737,-6418.246361,320.531181
all_ages,equal_all_members,resource_unit_head,raw,mexican_second_gen,federal_after_refundable,6349,13436439.343982,1986.852128,111.417641,-4938.735569,160.091656
all_ages,equal_all_members,resource_unit_head,raw,mexican_second_gen,health_age_birth,6349,13436439.343982,2057.728833,30.904571,-2090.068902,34.348871
all_ages,equal_all_members,resource_unit_head,raw,mexican_second_gen,health_age_birth_ins,6349,13436439.343982,2400.027165,54.119697,-1414.663556,56.662071
all_ages,equal_all_members,resource_unit_head,raw,mexican_second_gen,k12_charged,6349,13436439.343982,3270.273384,76.110643,1341.258148,84.596366
all_ages,equal_all_members,resource_unit_head,raw,mexican_second_gen,k12_charged_flat090,6349,13436439.343982,3666.676798,85.336330,1503.837616,94.850643
all_ages,equal_all_members,resource_unit_head,raw,mexican_second_gen,k12_cost_at_full_attendance,6349,13436439.343982,4074.085331,94.818145,1670.930685,105.389603
all_ages,equal_all_members,resource_unit_head,raw,mexican_second_gen,modeled_tax_total,6349,13436439.343982,4592.223609,163.930747,-6925.814224,223.929204
all_ages,equal_all_members,resource_unit_head,raw,mexican_second_gen,payroll,6349,13436439.343982,2004.100510,36.939042,-899.234950,42.694687
all_ages,equal_all_members,resource_unit_head,raw,mexican_second_gen,property_tax_owner,6349,13436439.343982,583.920919,17.883053,-805.381186,22.624542
all_ages,equal_all_members,resource_unit_head,raw,mexican_second_gen,property_tax_renter_proxy,6349,13436439.343982,399.430061,12.668616,136.032365,12.631306
all_ages,equal_all_members,resource_unit_head,raw,mexican_second_gen,sales_tax_itep,6349,13436439.343982,1032.514349,14.357378,-655.216869,16.199341
all_ages,equal_all_members,resource_unit_head,raw,mexican_second_gen,sales_tax_share35,6349,13436439.343982,598.968269,10.898949,-351.398952,12.656137
all_ages,equal_all_members,resource_unit_head,raw,mexican_second_gen,selected_cash_total,6349,13436439.343982,1396.480200,76.160313,-4300.752756,91.825165
all_ages,equal_all_members,resource_unit_head,raw,mexican_second_gen,selected_noncash_total,6349,13436439.343982,352.440229,13.829707,196.424858,14.742093
all_ages,equal_all_members,resource_unit_head,raw,mexican_second_gen,snap,6349,13436439.343982,176.479200,11.516781,85.120360,12.387462
all_ages,equal_all_members,resource_unit_head,raw,mexican_second_gen,social_security,6349,13436439.343982,967.475219,61.828580,-4037.605186,78.164419
all_ages,equal_all_members,resource_unit_head,raw,mexican_second_gen,state_after_credits,6349,13436439.343982,601.270970,28.109727,-1087.843705,39.650377
all_ages,equal_all_members,resource_unit_head,raw,mexican_second_gen,state_local_total,6349,13436439.343982,1784.160158,46.106045,-2244.623843,62.527556
all_ages,equal_all_members,resource_unit_head,raw,mexico_born,cash_noncash_tax_balance,5631,11991932.638681,2507.233690,204.514941,-3157.555817,262.045066
all_ages,equal_all_members,resource_unit_head,raw,mexico_born,children_5_17,5631,11991932.638681,0.161423,0.003936,0.022286,0.004366
all_ages,equal_all_members,resource_unit_head,raw,mexico_born,employer_payroll,5631,11991932.638681,1736.820965,33.525666,-892.967227,37.078124
all_ages,equal_all_members,resource_unit_head,raw,mexico_born,extended_balance_after_health,5631,11991932.638681,657.166415,264.521776,-3900.267638,326.500454
all_ages,equal_all_members,resource_unit_head,raw,mexico_born,extended_balance_after_health_ins,5631,11991932.638681,413.128956,286.779134,-4477.412111,343.225620
all_ages,equal_all_members,resource_unit_head,raw,mexico_born,extended_balance_base,5631,11991932.638681,3135.450004,257.797104,-5569.781784,320.398596
all_ages,equal_all_members,resource_unit_head,raw,mexico_born,extended_balance_flat090,5631,11991932.638681,2864.398298,260.446805,-5607.009544,322.537227
all_ages,equal_all_members,resource_unit_head,raw,mexico_born,extended_balance_renter,5631,11991932.638681,3612.006134,257.490608,-5356.623350,319.483105
all_ages,equal_all_members,resource_unit_head,raw,mexico_born,extended_balance_sales_itep,5631,11991932.638681,3619.629855,260.123103,-5822.965929,322.375343
all_ages,equal_all_members,resource_unit_head,raw,mexico_born,federal_after_refundable,5631,11991932.638681,1936.141028,135.900927,-4989.446670,186.008112
all_ages,equal_all_members,resource_unit_head,raw,mexico_born,health_age_birth,5631,11991932.638681,2478.283588,45.627592,-1669.514146,47.300567
all_ages,equal_all_members,resource_unit_head,raw,mexico_born,health_age_birth_ins,5631,11991932.638681,2722.321048,73.160862,-1092.369673,72.589820
all_ages,equal_all_members,resource_unit_head,raw,mexico_born,k12_charged,5631,11991932.638681,2236.139117,57.644007,307.123880,66.704941
all_ages,equal_all_members,resource_unit_head,raw,mexico_born,k12_charged_flat090,5631,11991932.638681,2507.190823,64.631276,344.351641,74.790523
all_ages,equal_all_members,resource_unit_head,raw,mexico_born,k12_cost_at_full_attendance,5631,11991932.638681,2785.767581,71.812529,382.612934,83.100581
all_ages,equal_all_members,resource_unit_head,raw,mexico_born,modeled_tax_total,5631,11991932.638681,4442.267863,190.940951,-7075.769970,254.896260
all_ages,equal_all_members,resource_unit_head,raw,mexico_born,payroll,5631,11991932.638681,1967.234789,37.655726,-936.100671,42.242047
all_ages,equal_all_members,resource_unit_head,raw,mexico_born,property_tax_owner,5631,11991932.638681,555.070789,25.238266,-834.231316,28.227698
all_ages,equal_all_members,resource_unit_head,raw,mexico_born,property_tax_renter_proxy,5631,11991932.638681,476.556130,12.894942,213.158434,13.084117
all_ages,equal_all_members,resource_unit_head,raw,mexico_born,sales_tax_itep,5631,11991932.638681,1056.643528,14.562853,-631.087689,16.878065
all_ages,equal_all_members,resource_unit_head,raw,mexico_born,sales_tax_share35,5631,11991932.638681,572.463677,10.884511,-377.903544,13.181744
all_ages,equal_all_members,resource_unit_head,raw,mexico_born,selected_cash_total,5631,11991932.638681,1680.292590,83.631984,-4016.940365,93.045064
all_ages,equal_all_members,resource_unit_head,raw,mexico_born,selected_noncash_total,5631,11991932.638681,254.741584,11.787921,98.726213,12.195738
all_ages,equal_all_members,resource_unit_head,raw,mexico_born,snap,5631,11991932.638681,131.017631,10.538457,39.658791,10.998926
all_ages,equal_all_members,resource_unit_head,raw,mexico_born,social_security,5631,11991932.638681,1440.115449,73.802074,-3564.964956,83.948103
all_ages,equal_all_members,resource_unit_head,raw,mexico_born,state_after_credits,5631,11991932.638681,538.892047,31.774706,-1150.222629,42.563774
all_ages,equal_all_members,resource_unit_head,raw,mexico_born,state_local_total,5631,11991932.638681,1666.426513,50.844750,-2362.357488,68.097931
all_ages,equal_all_members,resource_unit_head,raw,third_plus_nh_white,cash_noncash_tax_balance,73873,169735196.240392,5664.789507,169.447983,0.000000,0.000000
all_ages,equal_all_members,resource_unit_head,raw,third_plus_nh_white,children_5_17,73873,169735196.240392,0.139137,0.001584,0.000000,0.000000
all_ages,equal_all_members,resource_unit_head,raw,third_plus_nh_white,employer_payroll,73873,169735196.240392,2629.788191,18.580626,0.000000,0.000000
all_ages,equal_all_members,resource_unit_head,raw,third_plus_nh_white,extended_balance_after_health,73873,169735196.240392,4557.434053,201.998208,0.000000,0.000000
all_ages,equal_all_members,resource_unit_head,raw,third_plus_nh_white,extended_balance_after_health_ins,73873,169735196.240392,4890.541067,206.579918,0.000000,0.000000
all_ages,equal_all_members,resource_unit_head,raw,third_plus_nh_white,extended_balance_base,73873,169735196.240392,8705.231787,200.863247,0.000000,0.000000
all_ages,equal_all_members,resource_unit_head,raw,third_plus_nh_white,extended_balance_flat090,73873,169735196.240392,8471.407842,201.610924,0.000000,0.000000
all_ages,equal_all_members,resource_unit_head,raw,third_plus_nh_white,extended_balance_renter,73873,169735196.240392,8968.629484,200.790323,0.000000,0.000000
all_ages,equal_all_members,resource_unit_head,raw,third_plus_nh_white,extended_balance_sales_itep,73873,169735196.240392,9442.595784,201.830390,0.000000,0.000000
all_ages,equal_all_members,resource_unit_head,raw,third_plus_nh_white,federal_after_refundable,73873,169735196.240392,6925.587697,121.937769,0.000000,0.000000
all_ages,equal_all_members,resource_unit_head,raw,third_plus_nh_white,health_age_birth,73873,169735196.240392,4147.797734,12.666214,0.000000,0.000000
all_ages,equal_all_members,resource_unit_head,raw,third_plus_nh_white,health_age_birth_ins,73873,169735196.240392,3814.690721,19.618073,0.000000,0.000000
all_ages,equal_all_members,resource_unit_head,raw,third_plus_nh_white,k12_charged,73873,169735196.240392,1929.015237,26.976646,0.000000,0.000000
all_ages,equal_all_members,resource_unit_head,raw,third_plus_nh_white,k12_charged_flat090,73873,169735196.240392,2162.839182,30.246598,0.000000,0.000000
all_ages,equal_all_members,resource_unit_head,raw,third_plus_nh_white,k12_cost_at_full_attendance,73873,169735196.240392,2403.154647,33.607331,0.000000,0.000000
all_ages,equal_all_members,resource_unit_head,raw,third_plus_nh_white,modeled_tax_total,73873,169735196.240392,11518.037833,162.033891,0.000000,0.000000
all_ages,equal_all_members,resource_unit_head,raw,third_plus_nh_white,payroll,73873,169735196.240392,2903.335460,21.029309,0.000000,0.000000
all_ages,equal_all_members,resource_unit_head,raw,third_plus_nh_white,property_tax_owner,73873,169735196.240392,1389.302105,14.158436,0.000000,0.000000
all_ages,equal_all_members,resource_unit_head,raw,third_plus_nh_white,property_tax_renter_proxy,73873,169735196.240392,263.397696,4.129208,0.000000,0.000000
all_ages,equal_all_members,resource_unit_head,raw,third_plus_nh_white,sales_tax_itep,73873,169735196.240392,1687.731218,8.868980,0.000000,0.000000
all_ages,equal_all_members,resource_unit_head,raw,third_plus_nh_white,sales_tax_share35,73873,169735196.240392,950.367221,7.211548,0.000000,0.000000
all_ages,equal_all_members,resource_unit_head,raw,third_plus_nh_white,selected_cash_total,73873,169735196.240392,5697.232955,47.232687,0.000000,0.000000
all_ages,equal_all_members,resource_unit_head,raw,third_plus_nh_white,selected_noncash_total,73873,169735196.240392,156.015371,3.509697,0.000000,0.000000
all_ages,equal_all_members,resource_unit_head,raw,third_plus_nh_white,snap,73873,169735196.240392,91.358840,3.160519,0.000000,0.000000
all_ages,equal_all_members,resource_unit_head,raw,third_plus_nh_white,social_security,73873,169735196.240392,5005.080405,44.832181,0.000000,0.000000
all_ages,equal_all_members,resource_unit_head,raw,third_plus_nh_white,state_after_credits,73873,169735196.240392,1689.114675,27.001665,0.000000,0.000000
all_ages,equal_all_members,resource_unit_head,raw,third_plus_nh_white,state_local_total,73873,169735196.240392,4028.784001,41.363559,0.000000,0.000000
all_ages,own_person,person,raw,all_foreign_born,earnings,21711,53055623.121391,46326.033451,685.241530,5555.110378,775.109771
all_ages,own_person,person,raw,all_foreign_born,medicaid_coverage_share,21711,53055623.121391,0.178053,0.004452,0.059856,0.004822
all_ages,own_person,person,raw,all_foreign_born,medicare_coverage_share,21711,53055623.121391,0.162779,0.002631,-0.079935,0.003194
all_ages,own_person,person,raw,all_foreign_born,noncitizen_share,21711,53055623.121391,0.515547,0.005178,0.515547,0.005178
all_ages,own_person,person,raw,all_foreign_born,own_modeled_payroll,21711,53055623.121391,3289.971776,34.929881,379.418326,39.087461
all_ages,own_person,person,raw,all_foreign_born,recent_entrant_noncitizen_share,21711,53055623.121391,0.215692,0.005061,0.215692,0.005061
all_ages,own_person,person,raw,all_native,earnings,119938,283672179.878623,35625.860394,298.431075,-5145.062679,189.557396
all_ages,own_person,person,raw,all_native,medicaid_coverage_share,119938,283672179.878623,0.176185,0.001861,0.057987,0.001512
all_ages,own_person,person,raw,all_native,medicare_coverage_share,119938,283672179.878623,0.196391,0.000875,-0.046323,0.000813
all_ages,own_person,person,raw,all_native,noncitizen_share,119938,283672179.878623,0.000000,0.000000,0.000000,0.000000
all_ages,own_person,person,raw,all_native,own_modeled_payroll,119938,283672179.878623,2558.565967,15.825730,-351.987482,10.255944
all_ages,own_person,person,raw,all_native,recent_entrant_noncitizen_share,119938,283672179.878623,0.000000,0.000000,0.000000,0.000000
all_ages,own_person,person,raw,asian_indian_native_selfid,earnings,790,2040331.560805,36997.818181,3857.160464,-3773.104892,3933.392961
all_ages,own_person,person,raw,asian_indian_native_selfid,medicaid_coverage_share,790,2040331.560805,0.095499,0.017219,-0.022698,0.017527
all_ages,own_person,person,raw,asian_indian_native_selfid,medicare_coverage_share,790,2040331.560805,0.019682,0.005674,-0.223032,0.005937
all_ages,own_person,person,raw,asian_indian_native_selfid,noncitizen_share,790,2040331.560805,0.000000,0.000000,0.000000,0.000000
all_ages,own_person,person,raw,asian_indian_native_selfid,own_modeled_payroll,790,2040331.560805,2414.670706,188.904772,-495.882743,191.703750
all_ages,own_person,person,raw,asian_indian_native_selfid,recent_entrant_noncitizen_share,790,2040331.560805,0.000000,0.000000,0.000000,0.000000
all_ages,own_person,person,raw,china_born,earnings,911,2277382.807651,64308.417128,5109.365810,23537.494055,5117.457532
all_ages,own_person,person,raw,china_born,medicaid_coverage_share,911,2277382.807651,0.202903,0.026379,0.084706,0.026643
all_ages,own_person,person,raw,china_born,medicare_coverage_share,911,2277382.807651,0.227368,0.020009,-0.015346,0.020084
all_ages,own_person,person,raw,china_born,noncitizen_share,911,2277382.807651,0.507933,0.024300,0.507933,0.024300
all_ages,own_person,person,raw,china_born,own_modeled_payroll,911,2277382.807651,4152.003227,249.579609,1241.449777,249.410441
all_ages,own_person,person,raw,china_born,recent_entrant_noncitizen_share,911,2277382.807651,0.156886,0.019043,0.156886,0.019043
all_ages,own_person,person,raw,china_born_broad,earnings,1135,2834478.464436,67249.478767,4369.021076,26478.555694,4383.950218
all_ages,own_person,person,raw,china_born_broad,medicaid_coverage_share,1135,2834478.464436,0.176635,0.022619,0.058438,0.022946
all_ages,own_person,person,raw,china_born_broad,medicare_coverage_share,1135,2834478.464436,0.238446,0.017631,-0.004268,0.017683
all_ages,own_person,person,raw,china_born_broad,noncitizen_share,1135,2834478.464436,0.440141,0.022140,0.440141,0.022140
all_ages,own_person,person,raw,china_born_broad,own_modeled_payroll,1135,2834478.464436,4340.987035,215.179878,1430.433586,215.375899
all_ages,own_person,person,raw,china_born_broad,recent_entrant_noncitizen_share,1135,2834478.464436,0.140087,0.015786,0.140087,0.015786
all_ages,own_person,person,raw,india_born,earnings,1607,4281769.744983,85296.505746,3716.838651,44525.582673,3707.602886
all_ages,own_person,person,raw,india_born,medicaid_coverage_share,1607,4281769.744983,0.050312,0.009165,-0.067886,0.009762
all_ages,own_person,person,raw,india_born,medicare_coverage_share,1607,4281769.744983,0.092635,0.010852,-0.150079,0.010888
all_ages,own_person,person,raw,india_born,noncitizen_share,1607,4281769.744983,0.600371,0.018123,0.600371,0.018123
all_ages,own_person,person,raw,india_born,own_modeled_payroll,1607,4281769.744983,5626.440405,191.644883,2715.886955,190.990202
all_ages,own_person,person,raw,india_born,recent_entrant_noncitizen_share,1607,4281769.744983,0.322603,0.020098,0.322603,0.020098
all_ages,own_person,person,raw,india_born_recent_noncit,earnings,500,1381311.957764,49157.866793,3360.470269,8386.943720,3356.780133
all_ages,own_person,person,raw,india_born_recent_noncit,medicaid_coverage_share,500,1381311.957764,0.054465,0.016695,-0.063733,0.016896
all_ages,own_person,person,raw,india_born_recent_noncit,medicare_coverage_share,500,1381311.957764,0.006626,0.004221,-0.236088,0.004605
all_ages,own_person,person,raw,india_born_recent_noncit,noncitizen_share,500,1381311.957764,1.000000,0.000000,1.000000,0.000000
all_ages,own_person,person,raw,india_born_recent_noncit,own_modeled_payroll,500,1381311.957764,3506.478499,216.723737,595.925049,217.173834
all_ages,own_person,person,raw,india_born_recent_noncit,recent_entrant_noncitizen_share,500,1381311.957764,1.000000,0.000000,1.000000,0.000000
all_ages,own_person,person,raw,india_born_settled,earnings,1107,2900457.787219,102507.145509,4715.244344,61736.222436,4715.649499
all_ages,own_person,person,raw,india_born_settled,medicaid_coverage_share,1107,2900457.787219,0.048334,0.011076,-0.069864,0.011667
all_ages,own_person,person,raw,india_born_settled,medicare_coverage_share,1107,2900457.787219,0.133596,0.015183,-0.109118,0.015151
all_ages,own_person,person,raw,india_born_settled,noncitizen_share,1107,2900457.787219,0.410052,0.020833,0.410052,0.020833
all_ages,own_person,person,raw,india_born_settled,own_modeled_payroll,1107,2900457.787219,6636.049558,222.988297,3725.496109,222.113380
all_ages,own_person,person,raw,india_born_settled,recent_entrant_noncitizen_share,1107,2900457.787219,0.000000,0.000000,0.000000,0.000000
all_ages,own_person,person,raw,india_second_gen,earnings,704,1797874.357678,35290.551670,4254.615737,-5480.371403,4334.251944
all_ages,own_person,person,raw,india_second_gen,medicaid_coverage_share,704,1797874.357678,0.066585,0.015027,-0.051612,0.015338
all_ages,own_person,person,raw,india_second_gen,medicare_coverage_share,704,1797874.357678,0.015291,0.005846,-0.227423,0.006056
all_ages,own_person,person,raw,india_second_gen,noncitizen_share,704,1797874.357678,0.000000,0.000000,0.000000,0.000000
all_ages,own_person,person,raw,india_second_gen,own_modeled_payroll,704,1797874.357678,2266.991016,206.927066,-643.562433,209.045184
all_ages,own_person,person,raw,india_second_gen,recent_entrant_noncitizen_share,704,1797874.357678,0.000000,0.000000,0.000000,0.000000
all_ages,own_person,person,raw,mexican_second_gen,earnings,6349,14333217.663520,23467.921609,705.224747,-17303.001464,803.518425
all_ages,own_person,person,raw,mexican_second_gen,medicaid_coverage_share,6349,14333217.663520,0.363622,0.008411,0.245425,0.008907
all_ages,own_person,person,raw,mexican_second_gen,medicare_coverage_share,6349,14333217.663520,0.046973,0.003462,-0.195741,0.003707
all_ages,own_person,person,raw,mexican_second_gen,noncitizen_share,6349,14333217.663520,0.000000,0.000000,0.000000,0.000000
all_ages,own_person,person,raw,mexican_second_gen,own_modeled_payroll,6349,14333217.663520,1773.400085,46.996558,-1137.153364,52.159382
all_ages,own_person,person,raw,mexican_second_gen,recent_entrant_noncitizen_share,6349,14333217.663520,0.000000,0.000000,0.000000,0.000000
all_ages,own_person,person,raw,mexico_born,earnings,5631,12220781.882556,30955.740481,701.938802,-9815.182592,804.418268
all_ages,own_person,person,raw,mexico_born,medicaid_coverage_share,5631,12220781.882556,0.212952,0.009403,0.094754,0.009502
all_ages,own_person,person,raw,mexico_born,medicare_coverage_share,5631,12220781.882556,0.125156,0.005469,-0.117558,0.005619
all_ages,own_person,person,raw,mexico_born,noncitizen_share,5631,12220781.882556,0.665247,0.009842,0.665247,0.009842
all_ages,own_person,person,raw,mexico_born,own_modeled_payroll,5631,12220781.882556,2428.677189,45.575162,-481.876260,50.125390
all_ages,own_person,person,raw,mexico_born,recent_entrant_noncitizen_share,5631,12220781.882556,0.150701,0.007766,0.150701,0.007766
all_ages,own_person,person,raw,third_plus_nh_white,earnings,73873,173053893.397290,40770.923073,418.664227,0.000000,0.000000
all_ages,own_person,person,raw,third_plus_nh_white,medicaid_coverage_share,73873,173053893.397290,0.118197,0.002175,0.000000,0.000000
all_ages,own_person,person,raw,third_plus_nh_white,medicare_coverage_share,73873,173053893.397290,0.242714,0.001196,0.000000,0.000000
all_ages,own_person,person,raw,third_plus_nh_white,noncitizen_share,73873,173053893.397290,0.000000,0.000000,0.000000,0.000000
all_ages,own_person,person,raw,third_plus_nh_white,own_modeled_payroll,73873,173053893.397290,2910.553449,21.602297,0.000000,0.000000
all_ages,own_person,person,raw,third_plus_nh_white,recent_entrant_noncitizen_share,73873,173053893.397290,0.000000,0.000000,0.000000,0.000000
