group,replicate,basis,end,population,cost_bn,cost_per_member
indian_origin,0,accrual,low,6079644.102662,-85.917897,-14132.060251
indian_origin,0,accrual,high,6079644.102662,-77.607916,-12765.207146
indian_origin,0,cash,low,6079644.102662,-115.541724,-19004.685497
indian_origin,0,cash,high,6079644.102662,-107.231744,-17637.832392
indian_origin,1,accrual,low,6099664.119823,-85.897171,-14082.278842
indian_origin,1,accrual,high,6099664.119823,-77.559121,-12715.310150
indian_origin,1,cash,low,6099664.119823,-115.661780,-18961.991563
indian_origin,1,cash,high,6099664.119823,-107.323730,-17595.022871
indian_origin,2,accrual,low,5968009.886120,-88.796029,-14878.666600
indian_origin,2,accrual,high,5968009.886120,-80.643805,-13512.679555
indian_origin,2,cash,low,5968009.886120,-117.462454,-19682.014024
indian_origin,2,cash,high,5968009.886120,-109.310230,-18316.026978
indian_origin,3,accrual,low,6004895.325716,-94.479307,-15733.714159
indian_origin,3,accrual,high,6004895.325716,-86.243209,-14362.150304
indian_origin,3,cash,low,6004895.325716,-124.276394,-20695.846878
indian_origin,3,cash,high,6004895.325716,-116.040297,-19324.283023
indian_origin,4,accrual,low,6205043.783904,-96.923048,-15620.042609
indian_origin,4,accrual,high,6205043.783904,-88.375993,-14242.605897
indian_origin,4,cash,low,6205043.783904,-126.512023,-20388.578566
indian_origin,4,cash,high,6205043.783904,-117.964968,-19011.141854
indian_origin,5,accrual,low,5896240.647515,-80.911423,-13722.544270
indian_origin,5,accrual,high,5896240.647515,-72.831051,-12352.116428
indian_origin,5,cash,low,5896240.647515,-109.576859,-18584.190423
indian_origin,5,cash,high,5896240.647515,-101.496487,-17213.762581
indian_origin,6,accrual,low,6094222.197630,-83.766087,-13745.164583
indian_origin,6,accrual,high,6094222.197630,-75.445980,-12379.919429
indian_origin,6,cash,low,6094222.197630,-113.721562,-18660.553937
indian_origin,6,cash,high,6094222.197630,-105.401455,-17295.308783
indian_origin,7,accrual,low,5874175.434930,-76.951891,-13100.032890
indian_origin,7,accrual,high,5874175.434930,-68.975549,-11742.166929
indian_origin,7,cash,low,5874175.434930,-105.472051,-17955.209545
indian_origin,7,cash,high,5874175.434930,-97.495708,-16597.343585
indian_origin,8,accrual,low,6125209.904003,-82.939598,-13540.694826
indian_origin,8,accrual,high,6125209.904003,-74.590025,-12177.545907
indian_origin,8,cash,low,6125209.904003,-112.375952,-18346.465403
indian_origin,8,cash,high,6125209.904003,-104.026378,-16983.316484
indian_origin,9,accrual,low,6055216.858040,-85.875791,-14182.116505
indian_origin,9,accrual,high,6055216.858040,-77.592609,-12814.175050
indian_origin,9,cash,low,6055216.858040,-115.914777,-19142.960509
indian_origin,9,cash,high,6055216.858040,-107.631595,-17775.019054
indian_origin,10,accrual,low,6096149.737882,-77.584255,-12726.763367
indian_origin,10,accrual,high,6096149.737882,-69.285935,-11365.523733
indian_origin,10,cash,low,6096149.737882,-106.563975,-17480.537655
indian_origin,10,cash,high,6096149.737882,-98.265654,-16119.298021
indian_origin,11,accrual,low,5929872.911316,-85.884665,-14483.390516
indian_origin,11,accrual,high,5929872.911316,-77.723342,-13107.084004
indian_origin,11,cash,low,5929872.911316,-115.580045,-19491.150522
indian_origin,11,cash,high,5929872.911316,-107.418723,-18114.844011
indian_origin,12,accrual,low,6259493.088922,-86.107857,-13756.362653
indian_origin,12,accrual,high,6259493.088922,-77.533616,-12386.564715
indian_origin,12,cash,low,6259493.088922,-117.011288,-18693.412828
indian_origin,12,cash,high,6259493.088922,-108.437048,-17323.614890
indian_origin,13,accrual,low,6080999.609473,-87.352419,-14364.812479
indian_origin,13,accrual,high,6080999.609473,-79.090978,-13006.246256
indian_origin,13,cash,low,6080999.609473,-115.032504,-18916.709576
indian_origin,13,cash,high,6080999.609473,-106.771063,-17558.143354
indian_origin,14,accrual,low,6039540.432309,-95.445459,-15803.430835
indian_origin,14,accrual,high,6039540.432309,-87.129585,-14426.525601
indian_origin,14,cash,low,6039540.432309,-126.307361,-20913.405965
indian_origin,14,cash,high,6039540.432309,-117.991486,-19536.500731
indian_origin,15,accrual,low,6073497.091211,-84.105061,-13847.880391
indian_origin,15,accrual,high,6073497.091211,-75.837778,-12486.673898
indian_origin,15,cash,low,6073497.091211,-114.138231,-18792.835376
indian_origin,15,cash,high,6073497.091211,-105.870947,-17431.628883
indian_origin,16,accrual,low,6082372.918476,-79.524985,-13074.664377
indian_origin,16,accrual,high,6082372.918476,-71.288517,-11720.510669
indian_origin,16,cash,low,6082372.918476,-108.136315,-17778.639453
indian_origin,16,cash,high,6082372.918476,-99.899847,-16424.485746
indian_origin,17,accrual,low,6230835.055041,-90.789977,-14571.076914
indian_origin,17,accrual,high,6230835.055041,-82.188692,-13190.638340
indian_origin,17,cash,low,6230835.055041,-121.954126,-19572.677684
indian_origin,17,cash,high,6230835.055041,-113.352841,-18192.239109
indian_origin,18,accrual,low,6093480.556779,-74.517997,-12229.135164
indian_origin,18,accrual,high,6093480.556779,-66.269996,-10875.557147
indian_origin,18,cash,low,6093480.556779,-102.520549,-16824.628833
indian_origin,18,cash,high,6093480.556779,-94.272547,-15471.050816
indian_origin,19,accrual,low,6079499.691069,-78.364844,-12890.015305
indian_origin,19,accrual,high,6079499.691069,-70.154196,-11539.468609
indian_origin,19,cash,low,6079499.691069,-107.495153,-17681.578744
indian_origin,19,cash,high,6079499.691069,-99.284504,-16331.032048
indian_origin,20,accrual,low,6251955.584444,-92.550852,-14803.504412
indian_origin,20,accrual,high,6251955.584444,-84.002696,-13436.227264
indian_origin,20,cash,low,6251955.584444,-123.506337,-19754.832804
indian_origin,20,cash,high,6251955.584444,-114.958181,-18387.555656
indian_origin,21,accrual,low,5972745.292010,-92.529224,-15491.908564
indian_origin,21,accrual,high,5972745.292010,-84.352902,-14122.969968
indian_origin,21,cash,low,5972745.292010,-120.225076,-20128.947360
indian_origin,21,cash,high,5972745.292010,-112.048754,-18760.008764
indian_origin,22,accrual,low,6219894.217036,-96.631198,-15535.826658
indian_origin,22,accrual,high,6219894.217036,-88.084248,-14161.695461
indian_origin,22,cash,low,6219894.217036,-127.055885,-20427.338566
indian_origin,22,cash,high,6219894.217036,-118.508934,-19053.207369
indian_origin,23,accrual,low,6200056.227771,-88.982842,-14351.941156
indian_origin,23,accrual,high,6200056.227771,-80.486938,-12981.646401
indian_origin,23,cash,low,6200056.227771,-119.260768,-19235.433218
indian_origin,23,cash,high,6200056.227771,-110.764863,-17865.138464
indian_origin,24,accrual,low,6352484.936519,-90.605703,-14263.033142
indian_origin,24,accrual,high,6352484.936519,-81.919494,-12895.661279
indian_origin,24,cash,low,6352484.936519,-121.888381,-19187.511934
indian_origin,24,cash,high,6352484.936519,-113.202171,-17820.140071
indian_origin,25,accrual,low,6117704.225176,-83.540590,-13655.545760
indian_origin,25,accrual,high,6117704.225176,-75.248947,-12300.193633
indian_origin,25,cash,low,6117704.225176,-112.606781,-18406.705619
indian_origin,25,cash,high,6117704.225176,-104.315137,-17051.353491
indian_origin,26,accrual,low,6053676.391533,-91.617361,-15134.168832
indian_origin,26,accrual,high,6053676.391533,-83.328953,-13765.016098
indian_origin,26,cash,low,6053676.391533,-120.537451,-19911.446032
indian_origin,26,cash,high,6053676.391533,-112.249043,-18542.293298
indian_origin,27,accrual,low,6024477.719361,-86.307101,-14326.071926
indian_origin,27,accrual,high,6024477.719361,-78.011180,-12949.036193
indian_origin,27,cash,low,6024477.719361,-117.447174,-19494.996764
indian_origin,27,cash,high,6024477.719361,-109.151253,-18117.961031
indian_origin,28,accrual,low,6188216.135948,-89.267885,-14425.463339
indian_origin,28,accrual,high,6188216.135948,-80.774868,-13053.013398
indian_origin,28,cash,low,6188216.135948,-120.025225,-19395.771335
indian_origin,28,cash,high,6188216.135948,-111.532208,-18023.321394
indian_origin,29,accrual,low,6100402.307748,-74.702362,-12245.481196
indian_origin,29,accrual,high,6100402.307748,-66.485472,-10898.538856
indian_origin,29,cash,low,6100402.307748,-101.826445,-16691.758952
indian_origin,29,cash,high,6100402.307748,-93.609555,-15344.816612
indian_origin,30,accrual,low,6256523.219424,-91.395907,-14608.098477
indian_origin,30,accrual,high,6256523.219424,-82.834410,-13239.687133
indian_origin,30,cash,low,6256523.219424,-121.074646,-19351.745571
indian_origin,30,cash,high,6256523.219424,-112.513148,-17983.334227
indian_origin,31,accrual,low,6133835.933274,-69.785358,-11377.115175
indian_origin,31,accrual,high,6133835.933274,-61.493791,-10025.340022
indian_origin,31,cash,low,6133835.933274,-98.769914,-16102.470846
indian_origin,31,cash,high,6133835.933274,-90.478347,-14750.695693
indian_origin,32,accrual,low,5983165.966764,-84.744606,-14163.840033
indian_origin,32,accrual,high,5983165.966764,-76.539520,-12792.478132
indian_origin,32,cash,low,5983165.966764,-114.239838,-19093.543291
indian_origin,32,cash,high,5983165.966764,-106.034753,-17722.181390
indian_origin,33,accrual,low,6152682.404809,-90.532147,-14714.256521
indian_origin,33,accrual,high,6152682.404809,-82.184876,-13357.568469
indian_origin,33,cash,low,6152682.404809,-119.759195,-19464.550137
indian_origin,33,cash,high,6152682.404809,-111.411924,-18107.862084
indian_origin,34,accrual,low,6182353.666982,-87.145968,-14095.920926
indian_origin,34,accrual,high,6182353.666982,-78.647612,-12721.305791
indian_origin,34,cash,low,6182353.666982,-118.058266,-19096.006609
indian_origin,34,cash,high,6182353.666982,-109.559910,-17721.391474
indian_origin,35,accrual,low,6336175.809312,-82.911467,-13085.411335
indian_origin,35,accrual,high,6336175.809312,-74.273497,-11722.133261
indian_origin,35,cash,low,6336175.809312,-114.858736,-18127.454071
indian_origin,35,cash,high,6336175.809312,-106.220766,-16764.175997
indian_origin,36,accrual,low,6192292.883662,-79.333689,-12811.682313
indian_origin,36,accrual,high,6192292.883662,-70.861472,-11443.494879
indian_origin,36,cash,low,6192292.883662,-111.384888,-17987.664727
indian_origin,36,cash,high,6192292.883662,-102.912671,-16619.477294
indian_origin,37,accrual,low,6111342.915874,-98.638191,-16140.182598
indian_origin,37,accrual,high,6111342.915874,-90.224417,-14763.435452
indian_origin,37,cash,low,6111342.915874,-128.306687,-20994.843251
indian_origin,37,cash,high,6111342.915874,-119.892913,-19618.096106
indian_origin,38,accrual,low,6002252.923516,-88.024857,-14665.302870
indian_origin,38,accrual,high,6002252.923516,-79.752651,-13287.119366
indian_origin,38,cash,low,6002252.923516,-118.565800,-19753.549544
indian_origin,38,cash,high,6002252.923516,-110.293595,-18375.366039
indian_origin,39,accrual,low,6106205.744647,-78.388542,-12837.520675
indian_origin,39,accrual,high,6106205.744647,-70.060993,-11473.736110
indian_origin,39,cash,low,6106205.744647,-108.992978,-17849.542423
indian_origin,39,cash,high,6106205.744647,-100.665429,-16485.757857
indian_origin,40,accrual,low,6046898.882913,-86.206231,-14256.271362
indian_origin,40,accrual,high,6046898.882913,-77.991028,-12897.690058
indian_origin,40,cash,low,6046898.882913,-114.866944,-18996.008666
indian_origin,40,cash,high,6046898.882913,-106.651740,-17637.427361
indian_origin,41,accrual,low,5948117.113792,-77.629939,-13051.178702
indian_origin,41,accrual,high,5948117.113792,-69.537306,-11690.641650
indian_origin,41,cash,low,5948117.113792,-105.701997,-17770.665102
indian_origin,41,cash,high,5948117.113792,-97.609363,-16410.128051
indian_origin,42,accrual,low,5961357.405788,-81.231395,-13626.325293
indian_origin,42,accrual,high,5961357.405788,-73.051682,-12254.202627
indian_origin,42,cash,low,5961357.405788,-111.415165,-18689.563048
indian_origin,42,cash,high,5961357.405788,-103.235451,-17317.440382
indian_origin,43,accrual,low,6284974.738619,-89.140862,-14183.169556
indian_origin,43,accrual,high,6284974.738619,-80.529076,-12812.951403
indian_origin,43,cash,low,6284974.738619,-120.239266,-19131.225000
indian_origin,43,cash,high,6284974.738619,-111.627479,-17761.006848
indian_origin,44,accrual,low,6036034.940080,-83.592889,-13848.973599
indian_origin,44,accrual,high,6036034.940080,-75.303526,-12475.661087
indian_origin,44,cash,low,6036034.940080,-114.059891,-18896.492778
indian_origin,44,cash,high,6036034.940080,-105.770528,-17523.180266
indian_origin,45,accrual,low,6008814.508565,-88.810603,-14780.053937
indian_origin,45,accrual,high,6008814.508565,-80.511412,-13398.884532
indian_origin,45,cash,low,6008814.508565,-119.163138,-19831.389078
indian_origin,45,cash,high,6008814.508565,-110.863948,-18450.219673
indian_origin,46,accrual,low,6196982.175125,-86.283930,-13923.540080
indian_origin,46,accrual,high,6196982.175125,-77.755438,-12547.307108
indian_origin,46,cash,low,6196982.175125,-117.540121,-18967.316317
indian_origin,46,cash,high,6196982.175125,-109.011630,-17591.083345
indian_origin,47,accrual,low,6027532.570896,-86.538440,-14357.191566
indian_origin,47,accrual,high,6027532.570896,-78.264857,-12984.559841
indian_origin,47,cash,low,6027532.570896,-115.877487,-19224.696951
indian_origin,47,cash,high,6027532.570896,-107.603905,-17852.065226
indian_origin,48,accrual,low,6222166.650987,-81.788021,-13144.620797
indian_origin,48,accrual,high,6222166.650987,-73.321998,-11783.997738
indian_origin,48,cash,low,6222166.650987,-111.424952,-17907.741557
indian_origin,48,cash,high,6222166.650987,-102.958929,-16547.118497
indian_origin,49,accrual,low,6281449.580770,-88.778836,-14133.494982
indian_origin,49,accrual,high,6281449.580770,-80.252962,-12776.184953
indian_origin,49,cash,low,6281449.580770,-119.047684,-18952.262987
indian_origin,49,cash,high,6281449.580770,-110.521810,-17594.952958
indian_origin,50,accrual,low,5838974.714527,-79.430532,-13603.506697
indian_origin,50,accrual,high,5838974.714527,-71.515051,-12247.878225
indian_origin,50,cash,low,5838974.714527,-107.246083,-18367.279974
indian_origin,50,cash,high,5838974.714527,-99.330603,-17011.651503
indian_origin,51,accrual,low,5999625.813987,-94.432552,-15739.740331
indian_origin,51,accrual,high,5999625.813987,-86.232706,-14373.013976
indian_origin,51,cash,low,5999625.813987,-123.084584,-20515.376720
indian_origin,51,cash,high,5999625.813987,-114.884737,-19148.650365
indian_origin,52,accrual,low,6121085.091750,-87.381567,-14275.502813
indian_origin,52,accrual,high,6121085.091750,-78.994745,-12905.349972
indian_origin,52,cash,low,6121085.091750,-118.221337,-19313.787593
indian_origin,52,cash,high,6121085.091750,-109.834515,-17943.634752
indian_origin,53,accrual,low,6165848.422697,-84.518712,-13707.555859
indian_origin,53,accrual,high,6165848.422697,-76.142694,-12349.102494
indian_origin,53,cash,low,6165848.422697,-114.541401,-18576.746208
indian_origin,53,cash,high,6165848.422697,-106.165384,-17218.292843
indian_origin,54,accrual,low,6037864.249875,-90.157479,-14932.014960
indian_origin,54,accrual,high,6037864.249875,-81.921728,-13567.997637
indian_origin,54,cash,low,6037864.249875,-118.942749,-19699.473852
indian_origin,54,cash,high,6037864.249875,-110.706997,-18335.456528
indian_origin,55,accrual,low,6014619.572592,-95.216759,-15830.886365
indian_origin,55,accrual,high,6014619.572592,-87.063842,-14475.369646
indian_origin,55,cash,low,6014619.572592,-123.536576,-20539.383170
indian_origin,55,cash,high,6014619.572592,-115.383659,-19183.866451
indian_origin,56,accrual,low,5900406.574158,-87.345263,-14803.261799
indian_origin,56,accrual,high,5900406.574158,-79.280464,-13436.440845
indian_origin,56,cash,low,5900406.574158,-115.433471,-19563.646965
indian_origin,56,cash,high,5900406.574158,-107.368672,-18196.826010
indian_origin,57,accrual,low,5878742.198763,-80.765385,-13738.548548
indian_origin,57,accrual,high,5878742.198763,-72.736168,-12372.743297
indian_origin,57,cash,low,5878742.198763,-108.832486,-18512.886301
indian_origin,57,cash,high,5878742.198763,-100.803269,-17147.081051
indian_origin,58,accrual,low,6153238.261538,-88.441992,-14373.243584
indian_origin,58,accrual,high,6153238.261538,-80.056592,-13010.481397
indian_origin,58,cash,low,6153238.261538,-117.775277,-19140.373281
indian_origin,58,cash,high,6153238.261538,-109.389877,-17777.611094
indian_origin,59,accrual,low,5984547.828130,-85.054689,-14212.383577
indian_origin,59,accrual,high,5984547.828130,-76.922816,-12853.571918
indian_origin,59,cash,low,5984547.828130,-113.071238,-18893.864809
indian_origin,59,cash,high,5984547.828130,-104.939364,-17535.053151
indian_origin,60,accrual,low,6129924.793119,-87.677062,-14303.121946
indian_origin,60,accrual,high,6129924.793119,-79.244778,-12927.528646
indian_origin,60,cash,low,6129924.793119,-118.089717,-19264.464228
indian_origin,60,cash,high,6129924.793119,-109.657433,-17888.870927
indian_origin,61,accrual,low,6190138.556520,-81.113337,-13103.638395
indian_origin,61,accrual,high,6190138.556520,-72.698978,-11744.321682
indian_origin,61,cash,low,6190138.556520,-110.628280,-17871.696842
indian_origin,61,cash,high,6190138.556520,-102.213921,-16512.380129
indian_origin,62,accrual,low,5962026.542822,-85.458162,-14333.743983
indian_origin,62,accrual,high,5962026.542822,-77.300630,-12965.495835
indian_origin,62,cash,low,5962026.542822,-114.985885,-19286.375856
indian_origin,62,cash,high,5962026.542822,-106.828353,-17918.127707
indian_origin,63,accrual,low,5891387.297023,-78.516657,-13327.362933
indian_origin,63,accrual,high,5891387.297023,-70.423472,-11953.631394
indian_origin,63,cash,low,5891387.297023,-108.272610,-18378.117784
indian_origin,63,cash,high,5891387.297023,-100.179425,-17004.386244
indian_origin,64,accrual,low,5898227.480927,-76.252868,-12928.098782
indian_origin,64,accrual,high,5898227.480927,-68.181006,-11559.575484
indian_origin,64,cash,low,5898227.480927,-106.171067,-18000.503933
indian_origin,64,cash,high,5898227.480927,-98.099205,-16631.980636
indian_origin,65,accrual,low,6262145.444328,-93.621992,-14950.465900
indian_origin,65,accrual,high,6262145.444328,-85.118490,-13592.544359
indian_origin,65,cash,low,6262145.444328,-123.051671,-19650.081954
indian_origin,65,cash,high,6262145.444328,-114.548169,-18292.160412
indian_origin,66,accrual,low,5990251.891173,-85.947508,-14347.895422
indian_origin,66,accrual,high,5990251.891173,-77.694777,-12970.201926
indian_origin,66,cash,low,5990251.891173,-116.442979,-19438.744983
indian_origin,66,cash,high,5990251.891173,-108.190248,-18061.051488
indian_origin,67,accrual,low,6115420.684765,-93.746057,-15329.453529
indian_origin,67,accrual,high,6115420.684765,-85.319566,-13951.544863
indian_origin,67,cash,low,6115420.684765,-124.228999,-20314.056131
indian_origin,67,cash,high,6115420.684765,-115.802508,-18936.147465
indian_origin,68,accrual,low,6026085.135578,-78.422253,-13013.797679
indian_origin,68,accrual,high,6026085.135578,-70.289499,-11664.206111
indian_origin,68,cash,low,6026085.135578,-107.044391,-17763.504538
indian_origin,68,cash,high,6026085.135578,-98.911637,-16413.912970
indian_origin,69,accrual,low,6136770.744396,-93.460916,-15229.657350
indian_origin,69,accrual,high,6136770.744396,-85.081703,-13864.246686
indian_origin,69,cash,low,6136770.744396,-123.145734,-20066.862318
indian_origin,69,cash,high,6136770.744396,-114.766521,-18701.451655
indian_origin,70,accrual,low,6096330.540021,-94.064173,-15429.637973
indian_origin,70,accrual,high,6096330.540021,-85.650307,-14049.485417
indian_origin,70,cash,low,6096330.540021,-124.319759,-20392.555515
indian_origin,70,cash,high,6096330.540021,-115.905893,-19012.402959
indian_origin,71,accrual,low,6170066.243817,-94.272264,-15278.971093
indian_origin,71,accrual,high,6170066.243817,-85.757287,-13898.924769
indian_origin,71,cash,low,6170066.243817,-125.167266,-20286.210999
indian_origin,71,cash,high,6170066.243817,-116.652288,-18906.164676
indian_origin,72,accrual,low,5948187.748348,-91.336451,-15355.340989
indian_origin,72,accrual,high,5948187.748348,-83.149413,-13978.949027
indian_origin,72,cash,low,5948187.748348,-121.012172,-20344.376626
indian_origin,72,cash,high,5948187.748348,-112.825134,-18967.984665
indian_origin,73,accrual,low,6145074.735606,-76.275595,-12412.476401
indian_origin,73,accrual,high,6145074.735606,-67.946400,-11057.050223
indian_origin,73,cash,low,6145074.735606,-105.858135,-17226.500777
indian_origin,73,cash,high,6145074.735606,-97.528940,-15871.074599
indian_origin,74,accrual,low,5974529.574202,-73.758627,-12345.512068
indian_origin,74,accrual,high,5974529.574202,-65.654729,-10989.104311
indian_origin,74,cash,low,5974529.574202,-102.225458,-17110.210318
indian_origin,74,cash,high,5974529.574202,-94.121559,-15753.802561
indian_origin,75,accrual,low,6199880.994714,-89.870779,-14495.565233
indian_origin,75,accrual,high,6199880.994714,-81.374970,-13125.247025
indian_origin,75,cash,low,6199880.994714,-119.705222,-19307.664416
indian_origin,75,cash,high,6199880.994714,-111.209412,-17937.346208
indian_origin,76,accrual,low,6116900.265268,-87.893064,-14368.889437
indian_origin,76,accrual,high,6116900.265268,-79.476208,-12992.889242
indian_origin,76,cash,low,6116900.265268,-117.913712,-19276.709988
indian_origin,76,cash,high,6116900.265268,-109.496856,-17900.709793
indian_origin,77,accrual,low,6016874.174945,-84.398630,-14026.989353
indian_origin,77,accrual,high,6016874.174945,-76.154057,-12656.747397
indian_origin,77,cash,low,6016874.174945,-113.466646,-18858.071942
indian_origin,77,cash,high,6016874.174945,-105.222073,-17487.829987
indian_origin,78,accrual,low,6058845.899268,-95.486209,-15759.801620
indian_origin,78,accrual,high,6058845.899268,-87.166593,-14386.666139
indian_origin,78,cash,low,6058845.899268,-125.380505,-20693.793341
indian_origin,78,cash,high,6058845.899268,-117.060889,-19320.657861
indian_origin,79,accrual,low,5998158.436706,-87.277647,-14550.740442
indian_origin,79,accrual,high,5998158.436706,-79.088507,-13185.464736
indian_origin,79,cash,low,5998158.436706,-115.260043,-19215.905108
indian_origin,79,cash,high,5998158.436706,-107.070903,-17850.629402
indian_origin,80,accrual,low,6022738.046397,-76.270965,-12663.835719
indian_origin,80,accrual,high,6022738.046397,-68.093859,-11306.129986
indian_origin,80,cash,low,6022738.046397,-106.651942,-17708.215240
indian_origin,80,cash,high,6022738.046397,-98.474836,-16350.509507
indian_origin,81,accrual,low,6162180.314337,-87.610121,-14217.390094
indian_origin,81,accrual,high,6162180.314337,-79.218963,-12855.671000
indian_origin,81,cash,low,6162180.314337,-118.009911,-19150.674746
indian_origin,81,cash,high,6162180.314337,-109.618752,-17788.955651
indian_origin,82,accrual,low,6184805.305096,-89.354471,-14447.418545
indian_origin,82,accrual,high,6184805.305096,-80.918542,-13083.442070
indian_origin,82,cash,low,6184805.305096,-118.756464,-19201.326209
indian_origin,82,cash,high,6184805.305096,-110.320535,-17837.349734
indian_origin,83,accrual,low,5914450.906600,-80.019470,-13529.484213
indian_origin,83,accrual,high,5914450.906600,-71.933832,-12162.385550
indian_origin,83,cash,low,5914450.906600,-108.546435,-18352.749375
indian_origin,83,cash,high,5914450.906600,-100.460797,-16985.650712
indian_origin,84,accrual,low,6118482.710314,-77.963353,-12742.269050
indian_origin,84,accrual,high,6118482.710314,-69.631289,-11380.483021
indian_origin,84,cash,low,6118482.710314,-107.850701,-17627.033682
indian_origin,84,cash,high,6118482.710314,-99.518637,-16265.247654
indian_origin,85,accrual,low,6188148.127269,-96.431112,-15583.193916
indian_origin,85,accrual,high,6188148.127269,-87.951934,-14212.965236
indian_origin,85,cash,low,6188148.127269,-126.087868,-20375.702966
indian_origin,85,cash,high,6188148.127269,-117.608690,-19005.474286
indian_origin,86,accrual,low,6254596.867364,-91.259912,-14590.854322
indian_origin,86,accrual,high,6254596.867364,-82.660806,-13216.008668
indian_origin,86,cash,low,6254596.867364,-122.708981,-19619.007197
indian_origin,86,cash,high,6254596.867364,-114.109876,-18244.161543
indian_origin,87,accrual,low,6106196.574701,-93.338875,-15285.926908
indian_origin,87,accrual,high,6106196.574701,-84.953595,-13912.685904
indian_origin,87,cash,low,6106196.574701,-123.834843,-20280.192661
indian_origin,87,cash,high,6106196.574701,-115.449563,-18906.951657
indian_origin,88,accrual,low,6187906.092054,-87.683490,-14170.139114
indian_origin,88,accrual,high,6187906.092054,-79.221494,-12802.633518
indian_origin,88,cash,low,6187906.092054,-117.321569,-18959.817247
indian_origin,88,cash,high,6187906.092054,-108.859572,-17592.311651
indian_origin,89,accrual,low,6130020.300655,-88.111867,-14373.829623
indian_origin,89,accrual,high,6130020.300655,-79.720962,-13005.007771
indian_origin,89,cash,low,6130020.300655,-118.952668,-19404.938751
indian_origin,89,cash,high,6130020.300655,-110.561763,-18036.116899
indian_origin,90,accrual,low,6042614.303475,-91.792852,-15190.916925
indian_origin,90,accrual,high,6042614.303475,-83.506707,-13819.632199
indian_origin,90,cash,low,6042614.303475,-121.466228,-20101.602032
indian_origin,90,cash,high,6042614.303475,-113.180083,-18730.317306
indian_origin,91,accrual,low,6063619.448877,-97.315981,-16049.157065
indian_origin,91,accrual,high,6063619.448877,-88.964538,-14671.853771
indian_origin,91,cash,low,6063619.448877,-127.798479,-21076.269693
indian_origin,91,cash,high,6063619.448877,-119.447036,-19698.966399
indian_origin,92,accrual,low,5988409.929678,-88.773445,-14824.209732
indian_origin,92,accrual,high,5988409.929678,-80.574259,-13455.033982
indian_origin,92,cash,low,5988409.929678,-116.778917,-19500.822113
indian_origin,92,cash,high,5988409.929678,-108.579731,-18131.646363
indian_origin,93,accrual,low,6018862.859281,-76.250956,-12668.664712
indian_origin,93,accrual,high,6018862.859281,-68.039802,-11304.428053
indian_origin,93,cash,low,6018862.859281,-106.329162,-17665.988417
indian_origin,93,cash,high,6018862.859281,-98.118008,-16301.751759
indian_origin,94,accrual,low,6175856.594357,-86.349195,-13981.735741
indian_origin,94,accrual,high,6175856.594357,-77.871490,-12609.018455
indian_origin,94,cash,low,6175856.594357,-117.248307,-18984.946558
indian_origin,94,cash,high,6175856.594357,-108.770602,-17612.229273
indian_origin,95,accrual,low,5992389.475877,-83.808097,-13985.755992
indian_origin,95,accrual,high,5992389.475877,-75.612340,-12618.061667
indian_origin,95,cash,low,5992389.475877,-113.347124,-18915.179821
indian_origin,95,cash,high,5992389.475877,-105.151367,-17547.485496
indian_origin,96,accrual,low,5883431.184579,-81.999832,-13937.416682
indian_origin,96,accrual,high,5883431.184579,-73.970115,-12572.614966
indian_origin,96,cash,low,5883431.184579,-109.661245,-18638.995132
indian_origin,96,cash,high,5883431.184579,-101.631528,-17274.193415
indian_origin,97,accrual,low,5961391.633321,-82.077999,-13768.261444
indian_origin,97,accrual,high,5961391.633321,-73.932012,-12401.804195
indian_origin,97,cash,low,5961391.633321,-110.975833,-18615.759520
indian_origin,97,cash,high,5961391.633321,-102.829846,-17249.302270
indian_origin,98,accrual,low,5889426.166368,-93.064021,-15801.882683
indian_origin,98,accrual,high,5889426.166368,-84.867478,-14410.143835
indian_origin,98,cash,low,5889426.166368,-123.168286,-20913.461210
indian_origin,98,cash,high,5889426.166368,-114.971742,-19521.722363
indian_origin,99,accrual,low,5976953.631706,-88.344924,-14780.928495
indian_origin,99,accrual,high,5976953.631706,-80.161674,-13411.794522
indian_origin,99,cash,low,5976953.631706,-117.610718,-19677.368272
indian_origin,99,cash,high,5976953.631706,-109.427467,-18308.234299
indian_origin,100,accrual,low,5894988.739343,-76.172526,-12921.572821
indian_origin,100,accrual,high,5894988.739343,-68.143672,-11559.593250
indian_origin,100,cash,low,5894988.739343,-104.884168,-17792.089604
indian_origin,100,cash,high,5894988.739343,-96.855314,-16430.110033
indian_origin,101,accrual,low,6067920.629850,-80.797442,-13315.507411
indian_origin,101,accrual,high,6067920.629850,-72.579279,-11961.145121
indian_origin,101,cash,low,6067920.629850,-108.558487,-17890.558113
indian_origin,101,cash,high,6067920.629850,-100.340324,-16536.195822
indian_origin,102,accrual,low,6058599.625621,-84.304278,-13914.812548
indian_origin,102,accrual,high,6058599.625621,-75.992561,-12542.925047
indian_origin,102,cash,low,6058599.625621,-114.550927,-18907.162370
indian_origin,102,cash,high,6058599.625621,-106.239210,-17535.274869
indian_origin,103,accrual,low,5948314.250136,-85.031910,-14295.127438
indian_origin,103,accrual,high,5948314.250136,-76.898740,-12927.820663
indian_origin,103,cash,low,5948314.250136,-114.549646,-19257.497282
indian_origin,103,cash,high,5948314.250136,-106.416475,-17890.190506
indian_origin,104,accrual,low,6116515.036865,-88.129801,-14408.499076
indian_origin,104,accrual,high,6116515.036865,-79.744012,-13037.491428
indian_origin,104,cash,low,6116515.036865,-118.547960,-19381.618276
indian_origin,104,cash,high,6116515.036865,-110.162171,-18010.610627
indian_origin,105,accrual,low,6023620.416666,-75.595682,-12549.874711
indian_origin,105,accrual,high,6023620.416666,-67.434196,-11194.961113
indian_origin,105,cash,low,6023620.416666,-104.006813,-17266.495191
indian_origin,105,cash,high,6023620.416666,-95.845328,-15911.581594
indian_origin,106,accrual,low,6148120.218733,-74.882323,-12179.710226
indian_origin,106,accrual,high,6148120.218733,-66.542654,-10823.251909
indian_origin,106,cash,low,6148120.218733,-105.003895,-17079.024401
indian_origin,106,cash,high,6148120.218733,-96.664226,-15722.566083
indian_origin,107,accrual,low,6054896.298526,-77.484739,-12797.038162
indian_origin,107,accrual,high,6054896.298526,-69.290037,-11443.637315
indian_origin,107,cash,low,6054896.298526,-106.272900,-17551.564002
indian_origin,107,cash,high,6054896.298526,-98.078198,-16198.163155
indian_origin,108,accrual,low,5917821.894959,-76.749054,-12969.138804
indian_origin,108,accrual,high,5917821.894959,-68.720775,-11612.511538
indian_origin,108,cash,low,5917821.894959,-104.417115,-17644.517982
indian_origin,108,cash,high,5917821.894959,-96.388836,-16287.890716
indian_origin,109,accrual,low,5992284.056370,-90.007909,-15020.634545
indian_origin,109,accrual,high,5992284.056370,-81.711306,-13636.086814
indian_origin,109,cash,low,5992284.056370,-120.470218,-20104.223562
indian_origin,109,cash,high,5992284.056370,-112.173615,-18719.675832
indian_origin,110,accrual,low,6033707.462955,-81.439637,-13497.445330
indian_origin,110,accrual,high,6033707.462955,-73.218336,-12134.883329
indian_origin,110,cash,low,6033707.462955,-109.770666,-18192.904951
indian_origin,110,cash,high,6033707.462955,-101.549366,-16830.342951
indian_origin,111,accrual,low,5930652.151922,-84.338803,-14220.831253
indian_origin,111,accrual,high,5930652.151922,-76.171534,-12843.702785
indian_origin,111,cash,low,5930652.151922,-113.899790,-19205.272307
indian_origin,111,cash,high,5930652.151922,-105.732520,-17828.143839
indian_origin,112,accrual,low,6114050.114668,-78.318934,-12809.665090
indian_origin,112,accrual,high,6114050.114668,-70.073404,-11461.045149
indian_origin,112,cash,low,6114050.114668,-107.426437,-17570.421467
indian_origin,112,cash,high,6114050.114668,-99.180907,-16221.801527
indian_origin,113,accrual,low,5969622.673200,-89.002393,-14909.215894
indian_origin,113,accrual,high,5969622.673200,-80.813636,-13537.478046
indian_origin,113,cash,low,5969622.673200,-119.257083,-19977.323477
indian_origin,113,cash,high,5969622.673200,-111.068326,-18605.585630
indian_origin,114,accrual,low,5984045.262869,-83.513006,-13955.944946
indian_origin,114,accrual,high,5984045.262869,-75.359202,-12593.354247
indian_origin,114,cash,low,5984045.262869,-112.633213,-18822.252779
indian_origin,114,cash,high,5984045.262869,-104.479408,-17459.662080
indian_origin,115,accrual,low,6141478.306764,-87.017783,-14168.865942
indian_origin,115,accrual,high,6141478.306764,-78.625578,-12802.386380
indian_origin,115,cash,low,6141478.306764,-116.420201,-18956.380656
indian_origin,115,cash,high,6141478.306764,-108.027996,-17589.901094
indian_origin,116,accrual,low,6160609.220139,-104.919282,-17030.666714
indian_origin,116,accrual,high,6160609.220139,-96.377299,-15644.118233
indian_origin,116,cash,low,6160609.220139,-137.002412,-22238.452009
indian_origin,116,cash,high,6160609.220139,-128.460429,-20851.903528
indian_origin,117,accrual,low,6345263.535876,-78.712914,-12404.987300
indian_origin,117,accrual,high,6345263.535876,-70.145774,-11054.824362
indian_origin,117,cash,low,6345263.535876,-107.131239,-16883.654784
indian_origin,117,cash,high,6345263.535876,-98.564099,-15533.491846
indian_origin,118,accrual,low,6125043.912177,-86.191559,-14071.990405
indian_origin,118,accrual,high,6125043.912177,-77.838531,-12708.240423
indian_origin,118,cash,low,6125043.912177,-116.471669,-19015.646378
indian_origin,118,cash,high,6125043.912177,-108.118641,-17651.896396
indian_origin,119,accrual,low,6129264.501204,-88.555157,-14447.925438
indian_origin,119,accrual,high,6129264.501204,-80.254167,-13093.604841
indian_origin,119,cash,low,6129264.501204,-116.419157,-18993.984813
indian_origin,119,cash,high,6129264.501204,-108.118168,-17639.664217
indian_origin,120,accrual,low,6129762.566293,-95.901223,-15645.177400
indian_origin,120,accrual,high,6129762.566293,-87.454302,-14267.159756
indian_origin,120,cash,low,6129762.566293,-126.385245,-20618.293797
indian_origin,120,cash,high,6129762.566293,-117.938325,-19240.276153
indian_origin,121,accrual,low,6022317.507229,-89.273389,-14823.759976
indian_origin,121,accrual,high,6022317.507229,-80.979511,-13446.569584
indian_origin,121,cash,low,6022317.507229,-118.954946,-19752.353757
indian_origin,121,cash,high,6022317.507229,-110.661068,-18375.163365
indian_origin,122,accrual,low,6021443.632311,-90.440583,-15019.750835
indian_origin,122,accrual,high,6021443.632311,-82.165652,-13645.507167
indian_origin,122,cash,low,6021443.632311,-120.435407,-20001.085141
indian_origin,122,cash,high,6021443.632311,-112.160476,-18626.841473
indian_origin,123,accrual,low,6216761.972189,-83.071442,-13362.493602
indian_origin,123,accrual,high,6216761.972189,-74.600523,-11999.900234
indian_origin,123,cash,low,6216761.972189,-111.307595,-17904.432487
indian_origin,123,cash,high,6216761.972189,-102.836676,-16541.839119
indian_origin,124,accrual,low,6077812.596396,-87.975200,-14474.812814
indian_origin,124,accrual,high,6077812.596396,-79.720717,-13116.679098
indian_origin,124,cash,low,6077812.596396,-115.733153,-19041.908823
indian_origin,124,cash,high,6077812.596396,-107.478671,-17683.775107
indian_origin,125,accrual,low,5911421.403832,-84.145359,-14234.369970
indian_origin,125,accrual,high,5911421.403832,-76.019260,-12859.726137
indian_origin,125,cash,low,5911421.403832,-113.801176,-19251.068038
indian_origin,125,cash,high,5911421.403832,-105.675077,-17876.424204
indian_origin,126,accrual,low,6036574.716596,-97.715820,-16187.295717
indian_origin,126,accrual,high,6036574.716596,-89.383899,-14807.055865
indian_origin,126,cash,low,6036574.716596,-127.845392,-21178.465975
indian_origin,126,cash,high,6036574.716596,-119.513471,-19798.226123
indian_origin,127,accrual,low,6065949.522063,-92.810013,-15300.162496
indian_origin,127,accrual,high,6065949.522063,-84.464770,-13924.410288
indian_origin,127,cash,low,6065949.522063,-123.207764,-20311.373038
indian_origin,127,cash,high,6065949.522063,-114.862520,-18935.620830
indian_origin,128,accrual,low,6390310.214583,-93.699992,-14662.823658
indian_origin,128,accrual,high,6390310.214583,-84.976237,-13297.670122
indian_origin,128,cash,low,6390310.214583,-125.472634,-19634.826823
indian_origin,128,cash,high,6390310.214583,-116.748880,-18269.673287
indian_origin,129,accrual,low,6119600.877087,-82.771765,-13525.680290
indian_origin,129,accrual,high,6119600.877087,-74.397943,-12157.319489
indian_origin,129,cash,low,6119600.877087,-113.586576,-18561.108454
indian_origin,129,cash,high,6119600.877087,-105.212754,-17192.747653
indian_origin,130,accrual,low,6003115.346611,-88.667398,-14770.230607
indian_origin,130,accrual,high,6003115.346611,-80.473390,-13405.271308
indian_origin,130,cash,low,6003115.346611,-116.884836,-19470.696352
indian_origin,130,cash,high,6003115.346611,-108.690828,-18105.737053
indian_origin,131,accrual,low,6082890.116371,-89.175257,-14660.014435
indian_origin,131,accrual,high,6082890.116371,-80.767272,-13277.779152
indian_origin,131,cash,low,6082890.116371,-120.159758,-19753.728166
indian_origin,131,cash,high,6082890.116371,-111.751772,-18371.492883
indian_origin,132,accrual,low,6054407.984226,-79.798850,-13180.289467
indian_origin,132,accrual,high,6054407.984226,-71.568546,-11820.899086
indian_origin,132,cash,low,6054407.984226,-108.479234,-17917.397493
indian_origin,132,cash,high,6054407.984226,-100.248930,-16558.007112
indian_origin,133,accrual,low,6119942.227483,-86.388490,-14115.899659
indian_origin,133,accrual,high,6119942.227483,-78.019018,-12748.325918
indian_origin,133,cash,low,6119942.227483,-115.828099,-18926.338596
indian_origin,133,cash,high,6119942.227483,-107.458627,-17558.764856
indian_origin,134,accrual,low,6043300.372554,-84.109250,-13917.767565
indian_origin,134,accrual,high,6043300.372554,-75.837758,-12549.063101
indian_origin,134,cash,low,6043300.372554,-113.776177,-18826.828118
indian_origin,134,cash,high,6043300.372554,-105.504685,-17458.123654
indian_origin,135,accrual,low,6106744.727988,-81.652652,-13370.896624
indian_origin,135,accrual,high,6106744.727988,-73.346484,-12010.733641
indian_origin,135,cash,low,6106744.727988,-112.082768,-18353.930424
indian_origin,135,cash,high,6106744.727988,-103.776600,-16993.767441
indian_origin,136,accrual,low,6269665.308222,-81.803137,-13047.448798
indian_origin,136,accrual,high,6269665.308222,-73.254914,-11684.023028
indian_origin,136,cash,low,6269665.308222,-113.113040,-18041.320343
indian_origin,136,cash,high,6269665.308222,-104.564817,-16677.894573
indian_origin,137,accrual,low,6213831.488283,-87.394836,-14064.564820
indian_origin,137,accrual,high,6213831.488283,-78.947425,-12705.112013
indian_origin,137,cash,low,6213831.488283,-118.067025,-19000.680290
indian_origin,137,cash,high,6213831.488283,-109.619615,-17641.227484
indian_origin,138,accrual,low,6131310.697125,-86.627670,-14128.735935
indian_origin,138,accrual,high,6131310.697125,-78.211318,-12756.052020
indian_origin,138,cash,low,6131310.697125,-117.520157,-19167.216137
indian_origin,138,cash,high,6131310.697125,-109.103806,-17794.532223
indian_origin,139,accrual,low,5904991.271120,-78.995215,-13377.702248
indian_origin,139,accrual,high,5904991.271120,-70.933576,-12012.477628
indian_origin,139,cash,low,5904991.271120,-107.867801,-18267.224535
indian_origin,139,cash,high,5904991.271120,-99.806162,-16901.999915
indian_origin,140,accrual,low,6058280.703648,-90.123341,-14876.058963
indian_origin,140,accrual,high,6058280.703648,-81.838109,-13508.471021
indian_origin,140,cash,low,6058280.703648,-119.684557,-19755.531740
indian_origin,140,cash,high,6058280.703648,-111.399325,-18387.943799
indian_origin,141,accrual,low,6231587.198570,-87.507731,-14042.607203
indian_origin,141,accrual,high,6231587.198570,-78.994427,-12676.453722
indian_origin,141,cash,low,6231587.198570,-118.436635,-19005.853702
indian_origin,141,cash,high,6231587.198570,-109.923330,-17639.700221
indian_origin,142,accrual,low,5977680.967710,-82.362998,-13778.419890
indian_origin,142,accrual,high,5977680.967710,-74.169806,-12407.789386
indian_origin,142,cash,low,5977680.967710,-112.754182,-18862.529164
indian_origin,142,cash,high,5977680.967710,-104.560990,-17491.898660
indian_origin,143,accrual,low,6233745.851672,-100.071808,-16053.238413
indian_origin,143,accrual,high,6233745.851672,-91.541722,-14684.865883
indian_origin,143,cash,low,6233745.851672,-130.617561,-20953.302215
indian_origin,143,cash,high,6233745.851672,-122.087474,-19584.929684
indian_origin,144,accrual,low,6141540.720796,-93.785881,-15270.741539
indian_origin,144,accrual,high,6141540.720796,-85.359860,-13898.769715
indian_origin,144,cash,low,6141540.720796,-124.008693,-20191.788830
indian_origin,144,cash,high,6141540.720796,-115.582673,-18819.817007
indian_origin,145,accrual,low,5867936.753587,-75.833259,-12923.325838
indian_origin,145,accrual,high,5867936.753587,-67.803726,-11554.951673
indian_origin,145,cash,low,5867936.753587,-103.087786,-17567.978446
indian_origin,145,cash,high,5867936.753587,-95.058253,-16199.604280
indian_origin,146,accrual,low,5990913.534130,-75.375811,-12581.689010
indian_origin,146,accrual,high,5990913.534130,-67.253852,-11225.976142
indian_origin,146,cash,low,5990913.534130,-103.666419,-17303.941696
indian_origin,146,cash,high,5990913.534130,-95.544460,-15948.228828
indian_origin,147,accrual,low,6230006.662530,-76.636193,-12301.141497
indian_origin,147,accrual,high,6230006.662530,-68.207619,-10948.241703
indian_origin,147,cash,low,6230006.662530,-105.645229,-16957.482467
indian_origin,147,cash,high,6230006.662530,-97.216654,-15604.582673
indian_origin,148,accrual,low,6058000.470763,-87.596938,-14459.711330
indian_origin,148,accrual,high,6058000.470763,-79.323535,-13094.012744
indian_origin,148,cash,low,6058000.470763,-117.756438,-19438.169179
indian_origin,148,cash,high,6058000.470763,-109.483035,-18072.470593
indian_origin,149,accrual,low,6158884.756426,-90.875906,-14755.253603
indian_origin,149,accrual,high,6158884.756426,-82.446544,-13386.602755
indian_origin,149,cash,low,6158884.756426,-120.590913,-19579.991747
indian_origin,149,cash,high,6158884.756426,-112.161550,-18211.340899
indian_origin,150,accrual,low,6024451.083670,-80.393554,-13344.544260
indian_origin,150,accrual,high,6024451.083670,-72.154630,-11976.963419
indian_origin,150,cash,low,6024451.083670,-110.684808,-18372.596346
indian_origin,150,cash,high,6024451.083670,-102.445884,-17005.015506
indian_origin,151,accrual,low,6043674.022748,-88.941486,-14716.459879
indian_origin,151,accrual,high,6043674.022748,-80.695076,-13351.990094
indian_origin,151,cash,low,6043674.022748,-117.695447,-19474.155325
indian_origin,151,cash,high,6043674.022748,-109.449036,-18109.685539
indian_origin,152,accrual,low,6250925.394473,-80.576415,-12890.317813
indian_origin,152,accrual,high,6250925.394473,-72.091090,-11532.866877
indian_origin,152,cash,low,6250925.394473,-110.814040,-17727.621616
indian_origin,152,cash,high,6250925.394473,-102.328716,-16370.170679
indian_origin,153,accrual,low,6226999.523773,-93.825338,-15067.503658
indian_origin,153,accrual,high,6226999.523773,-85.290304,-13696.854147
indian_origin,153,cash,low,6226999.523773,-124.063985,-19923.557763
indian_origin,153,cash,high,6226999.523773,-115.528951,-18552.908251
indian_origin,154,accrual,low,6174486.766076,-85.906456,-13913.133139
indian_origin,154,accrual,high,6174486.766076,-77.531652,-12556.776772
indian_origin,154,cash,low,6174486.766076,-115.939476,-18777.184311
indian_origin,154,cash,high,6174486.766076,-107.564672,-17420.827945
indian_origin,155,accrual,low,6093636.742154,-88.951887,-14597.503965
indian_origin,155,accrual,high,6093636.742154,-80.624454,-13230.925610
indian_origin,155,cash,low,6093636.742154,-118.310205,-19415.368912
indian_origin,155,cash,high,6093636.742154,-109.982773,-18048.790556
indian_origin,156,accrual,low,6063938.399026,-84.511329,-13936.706432
indian_origin,156,accrual,high,6063938.399026,-76.229230,-12570.910936
indian_origin,156,cash,low,6063938.399026,-112.638413,-18575.124849
indian_origin,156,cash,high,6063938.399026,-104.356313,-17209.329354
indian_origin,157,accrual,low,6163299.348050,-80.784060,-13107.275069
indian_origin,157,accrual,high,6163299.348050,-72.384545,-11744.447376
indian_origin,157,cash,low,6163299.348050,-111.288383,-18056.624660
indian_origin,157,cash,high,6163299.348050,-102.888868,-16693.796966
indian_origin,158,accrual,low,6129664.879599,-85.843529,-14004.603877
indian_origin,158,accrual,high,6129664.879599,-77.467529,-12638.134539
indian_origin,158,cash,low,6129664.879599,-115.614213,-18861.424771
indian_origin,158,cash,high,6129664.879599,-107.238214,-17494.955433
indian_origin,159,accrual,low,6104294.459089,-88.444408,-14488.882905
indian_origin,159,accrual,high,6104294.459089,-80.137028,-13127.975437
indian_origin,159,cash,low,6104294.459089,-117.850940,-19306.234399
indian_origin,159,cash,high,6104294.459089,-109.543560,-17945.326931
indian_origin,160,accrual,low,6151477.362542,-86.605379,-14078.793458
indian_origin,160,accrual,high,6151477.362542,-78.215876,-12714.974154
indian_origin,160,cash,low,6151477.362542,-115.673846,-18804.238193
indian_origin,160,cash,high,6151477.362542,-107.284342,-17440.418889
indian_origin_white_ages,0,accrual,low,6079644.102662,-73.124816,-12027.811910
indian_origin_white_ages,0,accrual,high,6079644.102662,-65.291400,-10739.345744
indian_origin_white_ages,0,cash,low,6079644.102662,-82.181240,-13517.442606
indian_origin_white_ages,0,cash,high,6079644.102662,-74.347824,-12228.976440
indian_origin_white_ages,1,accrual,low,6099664.119823,-73.147903,-11992.119795
indian_origin_white_ages,1,accrual,high,6099664.119823,-65.290649,-10703.974513
indian_origin_white_ages,1,cash,low,6099664.119823,-82.088575,-13457.884425
indian_origin_white_ages,1,cash,high,6099664.119823,-74.231321,-12169.739143
indian_origin_white_ages,2,accrual,low,5968009.886120,-72.942938,-12222.321889
indian_origin_white_ages,2,accrual,high,5968009.886120,-65.263754,-10935.597477
indian_origin_white_ages,2,cash,low,5968009.886120,-81.251120,-13614.441181
indian_origin_white_ages,2,cash,high,5968009.886120,-73.571936,-12327.716769
indian_origin_white_ages,3,accrual,low,6004895.325716,-78.051689,-12998.009909
indian_origin_white_ages,3,accrual,high,6004895.325716,-70.296876,-11706.594741
indian_origin_white_ages,3,cash,low,6004895.325716,-87.630505,-14593.177828
indian_origin_white_ages,3,cash,high,6004895.325716,-79.875692,-13301.762660
indian_origin_white_ages,4,accrual,low,6205043.783904,-81.585962,-13148.329810
indian_origin_white_ages,4,accrual,high,6205043.783904,-73.525243,-11849.270682
indian_origin_white_ages,4,cash,low,6205043.783904,-89.607705,-14441.107687
indian_origin_white_ages,4,cash,high,6205043.783904,-81.546987,-13142.048559
indian_origin_white_ages,5,accrual,low,5896240.647515,-66.680435,-11308.974414
indian_origin_white_ages,5,accrual,high,5896240.647515,-59.098185,-10023.028012
indian_origin_white_ages,5,cash,low,5896240.647515,-74.872413,-12698.330667
indian_origin_white_ages,5,cash,high,5896240.647515,-67.290164,-11412.384266
indian_origin_white_ages,6,accrual,low,6094222.197630,-71.236235,-11689.142995
indian_origin_white_ages,6,accrual,high,6094222.197630,-63.349230,-10394.965614
indian_origin_white_ages,6,cash,low,6094222.197630,-81.828122,-13427.164169
indian_origin_white_ages,6,cash,high,6094222.197630,-73.941117,-12132.986787
indian_origin_white_ages,7,accrual,low,5874175.434930,-62.838956,-10697.493972
indian_origin_white_ages,7,accrual,high,5874175.434930,-55.351196,-9422.802741
indian_origin_white_ages,7,cash,low,5874175.434930,-71.274404,-12133.516430
indian_origin_white_ages,7,cash,high,5874175.434930,-63.786644,-10858.825199
indian_origin_white_ages,8,accrual,low,6125209.904003,-66.528436,-10861.413172
indian_origin_white_ages,8,accrual,high,6125209.904003,-58.711643,-9585.245903
indian_origin_white_ages,8,cash,low,6125209.904003,-74.534146,-12168.423127
indian_origin_white_ages,8,cash,high,6125209.904003,-66.717353,-10892.255858
indian_origin_white_ages,9,accrual,low,6055216.858040,-73.323097,-12109.078695
indian_origin_white_ages,9,accrual,high,6055216.858040,-65.506071,-10818.121385
indian_origin_white_ages,9,cash,low,6055216.858040,-82.359223,-13601.366317
indian_origin_white_ages,9,cash,high,6055216.858040,-74.542196,-12310.409007
indian_origin_white_ages,10,accrual,low,6096149.737882,-66.358583,-10885.326919
indian_origin_white_ages,10,accrual,high,6096149.737882,-58.562863,-9606.532920
indian_origin_white_ages,10,cash,low,6096149.737882,-74.314663,-12190.426169
indian_origin_white_ages,10,cash,high,6096149.737882,-66.518944,-10911.632170
indian_origin_white_ages,11,accrual,low,5929872.911316,-71.344982,-12031.452131
indian_origin_white_ages,11,accrual,high,5929872.911316,-63.669901,-10737.144243
indian_origin_white_ages,11,cash,low,5929872.911316,-81.485578,-13741.538697
indian_origin_white_ages,11,cash,high,5929872.911316,-73.810497,-12447.230809
indian_origin_white_ages,12,accrual,low,6259493.088922,-72.857569,-11639.531773
indian_origin_white_ages,12,accrual,high,6259493.088922,-64.783244,-10349.599052
indian_origin_white_ages,12,cash,low,6259493.088922,-81.040167,-12946.761978
indian_origin_white_ages,12,cash,high,6259493.088922,-72.965842,-11656.829258
indian_origin_white_ages,13,accrual,low,6080999.609473,-77.656204,-12770.302375
indian_origin_white_ages,13,accrual,high,6080999.609473,-69.814150,-11480.702907
indian_origin_white_ages,13,cash,low,6080999.609473,-85.973210,-14138.006150
indian_origin_white_ages,13,cash,high,6080999.609473,-78.131156,-12848.406681
indian_origin_white_ages,14,accrual,low,6039540.432309,-81.222159,-13448.400489
indian_origin_white_ages,14,accrual,high,6039540.432309,-73.380581,-12150.027326
indian_origin_white_ages,14,cash,low,6039540.432309,-91.451862,-15142.188899
indian_origin_white_ages,14,cash,high,6039540.432309,-83.610285,-13843.815736
indian_origin_white_ages,15,accrual,low,6073497.091211,-74.595569,-12282.144445
indian_origin_white_ages,15,accrual,high,6073497.091211,-66.759661,-10991.963984
indian_origin_white_ages,15,cash,low,6073497.091211,-85.318312,-14047.641878
indian_origin_white_ages,15,cash,high,6073497.091211,-77.482405,-12757.461417
indian_origin_white_ages,16,accrual,low,6082372.918476,-64.654134,-10629.755017
indian_origin_white_ages,16,accrual,high,6082372.918476,-56.899298,-9354.786090
indian_origin_white_ages,16,cash,low,6082372.918476,-73.527202,-12088.571857
indian_origin_white_ages,16,cash,high,6082372.918476,-65.772366,-10813.602930
indian_origin_white_ages,17,accrual,low,6230835.055041,-76.928611,-12346.436729
indian_origin_white_ages,17,accrual,high,6230835.055041,-68.863627,-11052.070265
indian_origin_white_ages,17,cash,low,6230835.055041,-86.785166,-13928.336269
indian_origin_white_ages,17,cash,high,6230835.055041,-78.720182,-12633.969805
indian_origin_white_ages,18,accrual,low,6093480.556779,-64.729756,-10622.788662
indian_origin_white_ages,18,accrual,high,6093480.556779,-56.912522,-9339.903835
indian_origin_white_ages,18,cash,low,6093480.556779,-72.337083,-11871.225672
indian_origin_white_ages,18,cash,high,6093480.556779,-64.519849,-10588.340845
indian_origin_white_ages,19,accrual,low,6079499.691069,-67.710048,-11137.437580
indian_origin_white_ages,19,accrual,high,6079499.691069,-59.946712,-9860.467939
indian_origin_white_ages,19,cash,low,6079499.691069,-76.093142,-12516.349384
indian_origin_white_ages,19,cash,high,6079499.691069,-68.329806,-11239.379743
indian_origin_white_ages,20,accrual,low,6251955.584444,-80.142392,-12818.771842
indian_origin_white_ages,20,accrual,high,6251955.584444,-72.040545,-11522.881785
indian_origin_white_ages,20,cash,low,6251955.584444,-91.410217,-14621.059930
indian_origin_white_ages,20,cash,high,6251955.584444,-83.308370,-13325.169873
indian_origin_white_ages,21,accrual,low,5972745.292010,-78.173410,-13088.354803
indian_origin_white_ages,21,accrual,high,5972745.292010,-70.468267,-11798.304327
indian_origin_white_ages,21,cash,low,5972745.292010,-85.249628,-14273.106241
indian_origin_white_ages,21,cash,high,5972745.292010,-77.544485,-12983.055765
indian_origin_white_ages,22,accrual,low,6219894.217036,-80.018040,-12864.855464
indian_origin_white_ages,22,accrual,high,6219894.217036,-72.034826,-11581.358770
indian_origin_white_ages,22,cash,low,6219894.217036,-87.880806,-14128.987192
indian_origin_white_ages,22,cash,high,6219894.217036,-79.897592,-12845.490499
indian_origin_white_ages,23,accrual,low,6200056.227771,-75.894620,-12240.956709
indian_origin_white_ages,23,accrual,high,6200056.227771,-67.897467,-10951.104990
indian_origin_white_ages,23,cash,low,6200056.227771,-84.028518,-13552.863827
indian_origin_white_ages,23,cash,high,6200056.227771,-76.031365,-12263.012107
indian_origin_white_ages,24,accrual,low,6352484.936519,-78.529073,-12361.945590
indian_origin_white_ages,24,accrual,high,6352484.936519,-70.288158,-11064.671286
indian_origin_white_ages,24,cash,low,6352484.936519,-89.764553,-14130.620303
indian_origin_white_ages,24,cash,high,6352484.936519,-81.523637,-12833.346000
indian_origin_white_ages,25,accrual,low,6117704.225176,-72.448764,-11842.475824
indian_origin_white_ages,25,accrual,high,6117704.225176,-64.571373,-10554.837378
indian_origin_white_ages,25,cash,low,6117704.225176,-82.711965,-13520.098647
indian_origin_white_ages,25,cash,high,6117704.225176,-74.834573,-12232.460201
indian_origin_white_ages,26,accrual,low,6053676.391533,-77.434272,-12791.280451
indian_origin_white_ages,26,accrual,high,6053676.391533,-69.592932,-11495.978260
indian_origin_white_ages,26,cash,low,6053676.391533,-85.178150,-14070.482866
indian_origin_white_ages,26,cash,high,6053676.391533,-77.336810,-12775.180675
indian_origin_white_ages,27,accrual,low,6024477.719361,-72.411887,-12019.612382
indian_origin_white_ages,27,accrual,high,6024477.719361,-64.596265,-10722.301257
indian_origin_white_ages,27,cash,low,6024477.719361,-82.113285,-13629.942515
indian_origin_white_ages,27,cash,high,6024477.719361,-74.297663,-12332.631389
indian_origin_white_ages,28,accrual,low,6188216.135948,-75.013913,-12122.057633
indian_origin_white_ages,28,accrual,high,6188216.135948,-67.003231,-10827.551802
indian_origin_white_ages,28,cash,low,6188216.135948,-86.252270,-13938.147651
indian_origin_white_ages,28,cash,high,6188216.135948,-78.241588,-12643.641819
indian_origin_white_ages,29,accrual,low,6100402.307748,-66.796045,-10949.449095
indian_origin_white_ages,29,accrual,high,6100402.307748,-58.993606,-9670.445106
indian_origin_white_ages,29,cash,low,6100402.307748,-73.915836,-12116.551110
indian_origin_white_ages,29,cash,high,6100402.307748,-66.113397,-10837.547121
indian_origin_white_ages,30,accrual,low,6256523.219424,-82.682979,-13215.483506
indian_origin_white_ages,30,accrual,high,6256523.219424,-74.546047,-11914.931688
indian_origin_white_ages,30,cash,low,6256523.219424,-91.904728,-14689.424920
indian_origin_white_ages,30,cash,high,6256523.219424,-83.767795,-13388.873102
indian_origin_white_ages,31,accrual,low,6133835.933274,-60.451532,-9855.420428
indian_origin_white_ages,31,accrual,high,6133835.933274,-52.650253,-8583.576967
indian_origin_white_ages,31,cash,low,6133835.933274,-68.446288,-11158.806474
indian_origin_white_ages,31,cash,high,6133835.933274,-60.645009,-9886.963012
indian_origin_white_ages,32,accrual,low,5983165.966764,-72.715412,-12153.333638
indian_origin_white_ages,32,accrual,high,5983165.966764,-64.981506,-10860.722695
indian_origin_white_ages,32,cash,low,5983165.966764,-81.485777,-13619.173759
indian_origin_white_ages,32,cash,high,5983165.966764,-73.751871,-12326.562816
indian_origin_white_ages,33,accrual,low,6152682.404809,-78.069138,-12688.634428
indian_origin_white_ages,33,accrual,high,6152682.404809,-70.161391,-11403.382560
indian_origin_white_ages,33,cash,low,6152682.404809,-85.920084,-13964.654569
indian_origin_white_ages,33,cash,high,6152682.404809,-78.012338,-12679.402702
indian_origin_white_ages,34,accrual,low,6182353.666982,-74.778600,-12095.490469
indian_origin_white_ages,34,accrual,high,6182353.666982,-66.754711,-10797.620952
indian_origin_white_ages,34,cash,low,6182353.666982,-86.188812,-13941.100215
indian_origin_white_ages,34,cash,high,6182353.666982,-78.164924,-12643.230697
indian_origin_white_ages,35,accrual,low,6336175.809312,-68.940212,-10880.413298
indian_origin_white_ages,35,accrual,high,6336175.809312,-60.801181,-9595.879655
indian_origin_white_ages,35,cash,low,6336175.809312,-80.573637,-12716.445941
indian_origin_white_ages,35,cash,high,6336175.809312,-72.434606,-11431.912298
indian_origin_white_ages,36,accrual,low,6192292.883662,-69.278180,-11187.807371
indian_origin_white_ages,36,accrual,high,6192292.883662,-61.295048,-9898.602817
indian_origin_white_ages,36,cash,low,6192292.883662,-80.392295,-12982.637733
indian_origin_white_ages,36,cash,high,6192292.883662,-72.409163,-11693.433178
indian_origin_white_ages,37,accrual,low,6111342.915874,-82.932953,-13570.332100
indian_origin_white_ages,37,accrual,high,6111342.915874,-74.973334,-12267.898389
indian_origin_white_ages,37,cash,low,6111342.915874,-93.258465,-15259.897338
indian_origin_white_ages,37,cash,high,6111342.915874,-85.298846,-13957.463627
indian_origin_white_ages,38,accrual,low,6002252.923516,-76.702889,-12779.016403
indian_origin_white_ages,38,accrual,high,6002252.923516,-68.912636,-11481.128312
indian_origin_white_ages,38,cash,low,6002252.923516,-85.769049,-14289.475924
indian_origin_white_ages,38,cash,high,6002252.923516,-77.978796,-12991.587833
indian_origin_white_ages,39,accrual,low,6106205.744647,-65.807469,-10777.145694
indian_origin_white_ages,39,accrual,high,6106205.744647,-57.999119,-9498.389194
indian_origin_white_ages,39,cash,low,6106205.744647,-76.311634,-12497.389889
indian_origin_white_ages,39,cash,high,6106205.744647,-68.503284,-11218.633389
indian_origin_white_ages,40,accrual,low,6046898.882913,-74.862816,-12380.365069
indian_origin_white_ages,40,accrual,high,6046898.882913,-67.086018,-11094.284741
indian_origin_white_ages,40,cash,low,6046898.882913,-83.993486,-13890.340765
indian_origin_white_ages,40,cash,high,6046898.882913,-76.216688,-12604.260437
indian_origin_white_ages,41,accrual,low,5948117.113792,-69.422638,-11671.363714
indian_origin_white_ages,41,accrual,high,5948117.113792,-61.727421,-10377.640487
indian_origin_white_ages,41,cash,low,5948117.113792,-78.442342,-13187.760239
indian_origin_white_ages,41,cash,high,5948117.113792,-70.747125,-11894.037012
indian_origin_white_ages,42,accrual,low,5961357.405788,-70.716701,-11862.516608
indian_origin_white_ages,42,accrual,high,5961357.405788,-63.035844,-10574.075651
indian_origin_white_ages,42,cash,low,5961357.405788,-80.415190,-13489.409344
indian_origin_white_ages,42,cash,high,5961357.405788,-72.734333,-12200.968387
indian_origin_white_ages,43,accrual,low,6284974.738619,-72.327086,-11507.935785
indian_origin_white_ages,43,accrual,high,6284974.738619,-64.271664,-10226.240683
indian_origin_white_ages,43,cash,low,6284974.738619,-81.078744,-12900.408918
indian_origin_white_ages,43,cash,high,6284974.738619,-73.023323,-11618.713816
indian_origin_white_ages,44,accrual,low,6036034.940080,-71.364147,-11823.017545
indian_origin_white_ages,44,accrual,high,6036034.940080,-63.552435,-10528.838137
indian_origin_white_ages,44,cash,low,6036034.940080,-80.628630,-13357.879995
indian_origin_white_ages,44,cash,high,6036034.940080,-72.816918,-12063.700587
indian_origin_white_ages,45,accrual,low,6008814.508565,-73.763988,-12275.963618
indian_origin_white_ages,45,accrual,high,6008814.508565,-66.009991,-10985.526448
indian_origin_white_ages,45,cash,low,6008814.508565,-82.430871,-13718.325065
indian_origin_white_ages,45,cash,high,6008814.508565,-74.676873,-12427.887895
indian_origin_white_ages,46,accrual,low,6196982.175125,-71.402627,-11522.161170
indian_origin_white_ages,46,accrual,high,6196982.175125,-63.410121,-10232.419464
indian_origin_white_ages,46,cash,low,6196982.175125,-82.025452,-13236.354329
indian_origin_white_ages,46,cash,high,6196982.175125,-74.032945,-11946.612623
indian_origin_white_ages,47,accrual,low,6027532.570896,-73.902118,-12260.757928
indian_origin_white_ages,47,accrual,high,6027532.570896,-66.119361,-10969.556841
indian_origin_white_ages,47,cash,low,6027532.570896,-82.793669,-13735.914055
indian_origin_white_ages,47,cash,high,6027532.570896,-75.010913,-12444.712968
indian_origin_white_ages,48,accrual,low,6222166.650987,-73.579200,-11825.334183
indian_origin_white_ages,48,accrual,high,6222166.650987,-65.569096,-10537.984569
indian_origin_white_ages,48,cash,low,6222166.650987,-82.570979,-13270.454508
indian_origin_white_ages,48,cash,high,6222166.650987,-74.560876,-11983.104894
indian_origin_white_ages,49,accrual,low,6281449.580770,-73.891912,-11763.512666
indian_origin_white_ages,49,accrual,high,6281449.580770,-65.892896,-10490.078016
indian_origin_white_ages,49,cash,low,6281449.580770,-83.725766,-13329.051725
indian_origin_white_ages,49,cash,high,6281449.580770,-75.726751,-12055.617074
indian_origin_white_ages,50,accrual,low,5838974.714527,-66.815182,-11442.964823
indian_origin_white_ages,50,accrual,high,5838974.714527,-59.359057,-10166.006931
indian_origin_white_ages,50,cash,low,5838974.714527,-75.389244,-12911.383923
indian_origin_white_ages,50,cash,high,5838974.714527,-67.933119,-11634.426032
indian_origin_white_ages,51,accrual,low,5999625.813987,-81.305745,-13551.802714
indian_origin_white_ages,51,accrual,high,5999625.813987,-73.547470,-12258.676099
indian_origin_white_ages,51,cash,low,5999625.813987,-90.319192,-15054.137550
indian_origin_white_ages,51,cash,high,5999625.813987,-82.560916,-13761.010935
indian_origin_white_ages,52,accrual,low,6121085.091750,-73.414051,-11993.633467
indian_origin_white_ages,52,accrual,high,6121085.091750,-65.506163,-10701.723904
indian_origin_white_ages,52,cash,low,6121085.091750,-84.239759,-13762.226427
indian_origin_white_ages,52,cash,high,6121085.091750,-76.331871,-12470.316864
indian_origin_white_ages,53,accrual,low,6165848.422697,-72.669639,-11785.829658
indian_origin_white_ages,53,accrual,high,6165848.422697,-64.772036,-10504.967337
indian_origin_white_ages,53,cash,low,6165848.422697,-81.477930,-13214.390701
indian_origin_white_ages,53,cash,high,6165848.422697,-73.580327,-11933.528381
indian_origin_white_ages,54,accrual,low,6037864.249875,-75.565615,-12515.288881
indian_origin_white_ages,54,accrual,high,6037864.249875,-67.838418,-11235.499018
indian_origin_white_ages,54,cash,low,6037864.249875,-83.276022,-13792.297777
indian_origin_white_ages,54,cash,high,6037864.249875,-75.548824,-12512.507914
indian_origin_white_ages,55,accrual,low,6014619.572592,-80.216533,-13336.925515
indian_origin_white_ages,55,accrual,high,6014619.572592,-72.443642,-12044.592600
indian_origin_white_ages,55,cash,low,6014619.572592,-88.960081,-14790.641370
indian_origin_white_ages,55,cash,high,6014619.572592,-81.187190,-13498.308455
indian_origin_white_ages,56,accrual,low,5900406.574158,-72.953643,-12364.172292
indian_origin_white_ages,56,accrual,high,5900406.574158,-65.359507,-11077.119175
indian_origin_white_ages,56,cash,low,5900406.574158,-80.682436,-13674.046865
indian_origin_white_ages,56,cash,high,5900406.574158,-73.088299,-12386.993748
indian_origin_white_ages,57,accrual,low,5878742.198763,-71.167633,-12105.928535
indian_origin_white_ages,57,accrual,high,5878742.198763,-63.597367,-10818.192821
indian_origin_white_ages,57,cash,low,5878742.198763,-77.297380,-13148.625555
indian_origin_white_ages,57,cash,high,5878742.198763,-69.727114,-11860.889840
indian_origin_white_ages,58,accrual,low,6153238.261538,-72.618946,-11801.744512
indian_origin_white_ages,58,accrual,high,6153238.261538,-64.741680,-10521.562341
indian_origin_white_ages,58,cash,low,6153238.261538,-80.863377,-13141.596913
indian_origin_white_ages,58,cash,high,6153238.261538,-72.986111,-11861.414742
indian_origin_white_ages,59,accrual,low,5984547.828130,-71.817251,-12000.447318
indian_origin_white_ages,59,accrual,high,5984547.828130,-64.142178,-10717.965626
indian_origin_white_ages,59,cash,low,5984547.828130,-78.679734,-13147.147723
indian_origin_white_ages,59,cash,high,5984547.828130,-71.004661,-11864.666031
indian_origin_white_ages,60,accrual,low,6129924.793119,-74.237965,-12110.746503
indian_origin_white_ages,60,accrual,high,6129924.793119,-66.322178,-10819.411410
indian_origin_white_ages,60,cash,low,6129924.793119,-83.588837,-13636.192857
indian_origin_white_ages,60,cash,high,6129924.793119,-75.673050,-12344.857764
indian_origin_white_ages,61,accrual,low,6190138.556520,-67.707524,-10937.965821
indian_origin_white_ages,61,accrual,high,6190138.556520,-59.807434,-9661.727843
indian_origin_white_ages,61,cash,low,6190138.556520,-74.940611,-12106.451341
indian_origin_white_ages,61,cash,high,6190138.556520,-67.040521,-10830.213363
indian_origin_white_ages,62,accrual,low,5962026.542822,-72.991005,-12242.650183
indian_origin_white_ages,62,accrual,high,5962026.542822,-65.267057,-10947.126123
indian_origin_white_ages,62,cash,low,5962026.542822,-83.885940,-14070.037992
indian_origin_white_ages,62,cash,high,5962026.542822,-76.161991,-12774.513931
indian_origin_white_ages,63,accrual,low,5891387.297023,-69.163489,-11739.762805
indian_origin_white_ages,63,accrual,high,5891387.297023,-61.506001,-10439.986074
indian_origin_white_ages,63,cash,low,5891387.297023,-79.190758,-13441.784369
indian_origin_white_ages,63,cash,high,5891387.297023,-71.533270,-12142.007638
indian_origin_white_ages,64,accrual,low,5898227.480927,-64.265439,-10895.720608
indian_origin_white_ages,64,accrual,high,5898227.480927,-56.703800,-9613.701826
indian_origin_white_ages,64,cash,low,5898227.480927,-72.670719,-12320.772504
indian_origin_white_ages,64,cash,high,5898227.480927,-65.109081,-11038.753722
indian_origin_white_ages,65,accrual,low,6262145.444328,-78.885694,-12597.231156
indian_origin_white_ages,65,accrual,high,6262145.444328,-70.869579,-11317.140393
indian_origin_white_ages,65,cash,low,6262145.444328,-88.674042,-14160.329394
indian_origin_white_ages,65,cash,high,6262145.444328,-80.657928,-12880.238631
indian_origin_white_ages,66,accrual,low,5990251.891173,-71.762601,-11979.897026
indian_origin_white_ages,66,accrual,high,5990251.891173,-64.030233,-10689.071815
indian_origin_white_ages,66,cash,low,5990251.891173,-81.032267,-13527.355578
indian_origin_white_ages,66,cash,high,5990251.891173,-73.299899,-12236.530367
indian_origin_white_ages,67,accrual,low,6115420.684765,-81.186777,-13275.746907
indian_origin_white_ages,67,accrual,high,6115420.684765,-73.215763,-11972.318344
indian_origin_white_ages,67,cash,low,6115420.684765,-90.392005,-14780.995317
indian_origin_white_ages,67,cash,high,6115420.684765,-82.420991,-13477.566755
indian_origin_white_ages,68,accrual,low,6026085.135578,-66.210167,-10987.260548
indian_origin_white_ages,68,accrual,high,6026085.135578,-58.505796,-9708.756928
indian_origin_white_ages,68,cash,low,6026085.135578,-76.004636,-12612.605685
indian_origin_white_ages,68,cash,high,6026085.135578,-68.300264,-11334.102064
indian_origin_white_ages,69,accrual,low,6136770.744396,-79.592127,-12969.708397
indian_origin_white_ages,69,accrual,high,6136770.744396,-71.671685,-11679.055287
indian_origin_white_ages,69,cash,low,6136770.744396,-87.863345,-14317.521129
indian_origin_white_ages,69,cash,high,6136770.744396,-79.942903,-13026.868020
indian_origin_white_ages,70,accrual,low,6096330.540021,-82.326338,-13504.244417
indian_origin_white_ages,70,accrual,high,6096330.540021,-74.397659,-12203.678678
indian_origin_white_ages,70,cash,low,6096330.540021,-91.930145,-15079.586649
indian_origin_white_ages,70,cash,high,6096330.540021,-84.001466,-13779.020910
indian_origin_white_ages,71,accrual,low,6170066.243817,-81.491639,-13207.579238
indian_origin_white_ages,71,accrual,high,6170066.243817,-73.450512,-11904.331145
indian_origin_white_ages,71,cash,low,6170066.243817,-90.861056,-14726.107119
indian_origin_white_ages,71,cash,high,6170066.243817,-82.819929,-13422.859025
indian_origin_white_ages,72,accrual,low,5948187.748348,-76.092431,-12792.540221
indian_origin_white_ages,72,accrual,high,5948187.748348,-68.439497,-11505.941032
indian_origin_white_ages,72,cash,low,5948187.748348,-84.263985,-14166.328990
indian_origin_white_ages,72,cash,high,5948187.748348,-76.611051,-12879.729801
indian_origin_white_ages,73,accrual,low,6145074.735606,-66.097452,-10756.167244
indian_origin_white_ages,73,accrual,high,6145074.735606,-58.254551,-9479.876660
indian_origin_white_ages,73,cash,low,6145074.735606,-74.928901,-12193.326288
indian_origin_white_ages,73,cash,high,6145074.735606,-67.086000,-10917.035704
indian_origin_white_ages,74,accrual,low,5974529.574202,-64.580740,-10809.343147
indian_origin_white_ages,74,accrual,high,5974529.574202,-56.920997,-9527.276877
indian_origin_white_ages,74,cash,low,5974529.574202,-72.999421,-12218.438295
indian_origin_white_ages,74,cash,high,5974529.574202,-65.339678,-10936.372026
indian_origin_white_ages,75,accrual,low,6199880.994714,-75.842538,-12232.902145
indian_origin_white_ages,75,accrual,high,6199880.994714,-67.835303,-10941.387881
indian_origin_white_ages,75,cash,low,6199880.994714,-85.049612,-13717.942650
indian_origin_white_ages,75,cash,high,6199880.994714,-77.042377,-12426.428386
indian_origin_white_ages,76,accrual,low,6116900.265268,-75.388518,-12324.627562
indian_origin_white_ages,76,accrual,high,6116900.265268,-67.438811,-11024.997578
indian_origin_white_ages,76,cash,low,6116900.265268,-84.011176,-13734.272711
indian_origin_white_ages,76,cash,high,6116900.265268,-76.061469,-12434.642728
indian_origin_white_ages,77,accrual,low,6016874.174945,-72.013587,-11968.604455
indian_origin_white_ages,77,accrual,high,6016874.174945,-64.262332,-10680.351666
indian_origin_white_ages,77,cash,low,6016874.174945,-80.664646,-13406.404072
indian_origin_white_ages,77,cash,high,6016874.174945,-72.913391,-12118.151282
indian_origin_white_ages,78,accrual,low,6058845.899268,-77.709286,-12825.757209
indian_origin_white_ages,78,accrual,high,6058845.899268,-69.897161,-11536.382072
indian_origin_white_ages,78,cash,low,6058845.899268,-87.191931,-14390.848034
indian_origin_white_ages,78,cash,high,6058845.899268,-79.379805,-13101.472897
indian_origin_white_ages,79,accrual,low,5998158.436706,-74.794740,-12469.617319
indian_origin_white_ages,79,accrual,high,5998158.436706,-67.067387,-11181.329694
indian_origin_white_ages,79,cash,low,5998158.436706,-82.269659,-13715.819645
indian_origin_white_ages,79,cash,high,5998158.436706,-74.542306,-12427.532019
indian_origin_white_ages,80,accrual,low,6022738.046397,-65.673792,-10904.308228
indian_origin_white_ages,80,accrual,high,6022738.046397,-57.976998,-9626.352222
indian_origin_white_ages,80,cash,low,6022738.046397,-75.749850,-12577.311159
indian_origin_white_ages,80,cash,high,6022738.046397,-68.053056,-11299.355153
indian_origin_white_ages,81,accrual,low,6162180.314337,-72.590088,-11779.935727
indian_origin_white_ages,81,accrual,high,6162180.314337,-64.680208,-10496.318630
indian_origin_white_ages,81,cash,low,6162180.314337,-82.107665,-13324.450169
indian_origin_white_ages,81,cash,high,6162180.314337,-74.197785,-12040.833071
indian_origin_white_ages,82,accrual,low,6184805.305096,-73.885460,-11946.287168
indian_origin_white_ages,82,accrual,high,6184805.305096,-65.940177,-10661.641448
indian_origin_white_ages,82,cash,low,6184805.305096,-81.811092,-13227.755493
indian_origin_white_ages,82,cash,high,6184805.305096,-73.865809,-11943.109772
indian_origin_white_ages,83,accrual,low,5914450.906600,-66.039421,-11165.773868
indian_origin_white_ages,83,accrual,high,5914450.906600,-58.439157,-9880.740943
indian_origin_white_ages,83,cash,low,5914450.906600,-74.339902,-12569.197598
indian_origin_white_ages,83,cash,high,5914450.906600,-66.739638,-11284.164673
indian_origin_white_ages,84,accrual,low,6118482.710314,-65.164227,-10650.389933
indian_origin_white_ages,84,accrual,high,6118482.710314,-57.335832,-9370.923237
indian_origin_white_ages,84,cash,low,6118482.710314,-74.297958,-12143.199727
indian_origin_white_ages,84,cash,high,6118482.710314,-66.469563,-10863.733031
indian_origin_white_ages,85,accrual,low,6188148.127269,-81.890282,-13233.406929
indian_origin_white_ages,85,accrual,high,6188148.127269,-73.923140,-11945.922766
indian_origin_white_ages,85,cash,low,6188148.127269,-89.512848,-14465.207689
indian_origin_white_ages,85,cash,high,6188148.127269,-81.545705,-13177.723525
indian_origin_white_ages,86,accrual,low,6254596.867364,-79.582264,-12723.803903
indian_origin_white_ages,86,accrual,high,6254596.867364,-71.498353,-11431.328789
indian_origin_white_ages,86,cash,low,6254596.867364,-88.699256,-14181.450582
indian_origin_white_ages,86,cash,high,6254596.867364,-80.615346,-12888.975468
indian_origin_white_ages,87,accrual,low,6106196.574701,-78.695623,-12887.830000
indian_origin_white_ages,87,accrual,high,6106196.574701,-70.783127,-11592.015704
indian_origin_white_ages,87,cash,low,6106196.574701,-89.643244,-14680.700624
indian_origin_white_ages,87,cash,high,6106196.574701,-81.730747,-13384.886327
indian_origin_white_ages,88,accrual,low,6187906.092054,-76.366988,-12341.329541
indian_origin_white_ages,88,accrual,high,6187906.092054,-68.357270,-11046.914529
indian_origin_white_ages,88,cash,low,6187906.092054,-85.574347,-13829.289801
indian_origin_white_ages,88,cash,high,6187906.092054,-77.564628,-12534.874789
indian_origin_white_ages,89,accrual,low,6130020.300655,-75.141722,-12257.989146
indian_origin_white_ages,89,accrual,high,6130020.300655,-67.236457,-10968.390533
indian_origin_white_ages,89,cash,low,6130020.300655,-85.956274,-14022.184196
indian_origin_white_ages,89,cash,high,6130020.300655,-78.051008,-12732.585583
indian_origin_white_ages,90,accrual,low,6042614.303475,-77.262405,-12786.254602
indian_origin_white_ages,90,accrual,high,6042614.303475,-69.441956,-11492.038458
indian_origin_white_ages,90,cash,low,6042614.303475,-87.690324,-14511.984355
indian_origin_white_ages,90,cash,high,6042614.303475,-79.869875,-13217.768211
indian_origin_white_ages,91,accrual,low,6063619.448877,-78.899420,-13011.934605
indian_origin_white_ages,91,accrual,high,6063619.448877,-71.060075,-11719.085565
indian_origin_white_ages,91,cash,low,6063619.448877,-87.562995,-14440.714128
indian_origin_white_ages,91,cash,high,6063619.448877,-79.723650,-13147.865088
indian_origin_white_ages,92,accrual,low,5988409.929678,-74.239193,-12397.146094
indian_origin_white_ages,92,accrual,high,5988409.929678,-66.524915,-11108.944803
indian_origin_white_ages,92,cash,low,5988409.929678,-82.332027,-13748.562366
indian_origin_white_ages,92,cash,high,5988409.929678,-74.617750,-12460.361075
indian_origin_white_ages,93,accrual,low,6018862.859281,-66.902141,-11115.412077
indian_origin_white_ages,93,accrual,high,6018862.859281,-59.153949,-9828.093807
indian_origin_white_ages,93,cash,low,6018862.859281,-76.402257,-12693.802642
indian_origin_white_ages,93,cash,high,6018862.859281,-68.654065,-11406.484372
indian_origin_white_ages,94,accrual,low,6175856.594357,-74.483318,-12060.402713
indian_origin_white_ages,94,accrual,high,6175856.594357,-66.474573,-10763.619935
indian_origin_white_ages,94,cash,low,6175856.594357,-84.506593,-13683.380046
indian_origin_white_ages,94,cash,high,6175856.594357,-76.497848,-12386.597268
indian_origin_white_ages,95,accrual,low,5992389.475877,-72.434831,-12087.804217
indian_origin_white_ages,95,accrual,high,5992389.475877,-64.722930,-10800.854984
indian_origin_white_ages,95,cash,low,5992389.475877,-80.834544,-13489.534433
indian_origin_white_ages,95,cash,high,5992389.475877,-73.122643,-12202.585200
indian_origin_white_ages,96,accrual,low,5883431.184579,-73.088181,-12422.713649
indian_origin_white_ages,96,accrual,high,5883431.184579,-65.484963,-11130.403412
indian_origin_white_ages,96,cash,low,5883431.184579,-80.712568,-13718.621982
indian_origin_white_ages,96,cash,high,5883431.184579,-73.109350,-12426.311746
indian_origin_white_ages,97,accrual,low,5961391.633321,-71.011500,-11911.899773
indian_origin_white_ages,97,accrual,high,5961391.633321,-63.331717,-10623.646454
indian_origin_white_ages,97,cash,low,5961391.633321,-78.764143,-13212.375265
indian_origin_white_ages,97,cash,high,5961391.633321,-71.084361,-11924.121945
indian_origin_white_ages,98,accrual,low,5889426.166368,-81.359118,-13814.438862
indian_origin_white_ages,98,accrual,high,5889426.166368,-73.692061,-12512.604527
indian_origin_white_ages,98,cash,low,5889426.166368,-91.156798,-15478.044047
indian_origin_white_ages,98,cash,high,5889426.166368,-83.489740,-14176.209712
indian_origin_white_ages,99,accrual,low,5976953.631706,-77.297323,-12932.561938
indian_origin_white_ages,99,accrual,high,5976953.631706,-69.573706,-11640.328871
indian_origin_white_ages,99,cash,low,5976953.631706,-85.802134,-14355.495980
indian_origin_white_ages,99,cash,high,5976953.631706,-78.078517,-13063.262912
indian_origin_white_ages,100,accrual,low,5894988.739343,-64.680183,-10972.062229
indian_origin_white_ages,100,accrual,high,5894988.739343,-57.125947,-9690.594691
indian_origin_white_ages,100,cash,low,5894988.739343,-73.500050,-12468.225691
indian_origin_white_ages,100,cash,high,5894988.739343,-65.945813,-11186.758153
indian_origin_white_ages,101,accrual,low,6067920.629850,-69.575955,-11466.193998
indian_origin_white_ages,101,accrual,high,6067920.629850,-61.829790,-10189.617382
indian_origin_white_ages,101,cash,low,6067920.629850,-75.721899,-12479.052238
indian_origin_white_ages,101,cash,high,6067920.629850,-67.975733,-11202.475623
indian_origin_white_ages,102,accrual,low,6058599.625621,-74.171357,-12242.326828
indian_origin_white_ages,102,accrual,high,6058599.625621,-66.324045,-10947.091625
indian_origin_white_ages,102,cash,low,6058599.625621,-83.345466,-13756.556124
indian_origin_white_ages,102,cash,high,6058599.625621,-75.498154,-12461.320920
indian_origin_white_ages,103,accrual,low,5948314.250136,-69.612827,-11702.950545
indian_origin_white_ages,103,accrual,high,5948314.250136,-62.021311,-10426.703786
indian_origin_white_ages,103,cash,low,5948314.250136,-77.947884,-13104.197384
indian_origin_white_ages,103,cash,high,5948314.250136,-70.356367,-11827.950625
indian_origin_white_ages,104,accrual,low,6116515.036865,-75.189890,-12292.929788
indian_origin_white_ages,104,accrual,high,6116515.036865,-67.322147,-11006.618460
indian_origin_white_ages,104,cash,low,6116515.036865,-85.499021,-13978.388106
indian_origin_white_ages,104,cash,high,6116515.036865,-77.631278,-12692.076778
indian_origin_white_ages,105,accrual,low,6023620.416666,-63.277773,-10504.940298
indian_origin_white_ages,105,accrual,high,6023620.416666,-55.568352,-9225.075274
indian_origin_white_ages,105,cash,low,6023620.416666,-71.255106,-11829.282154
indian_origin_white_ages,105,cash,high,6023620.416666,-63.545684,-10549.417131
indian_origin_white_ages,106,accrual,low,6148120.218733,-62.536965,-10171.721215
indian_origin_white_ages,106,accrual,high,6148120.218733,-54.720728,-8900.399770
indian_origin_white_ages,106,cash,low,6148120.218733,-71.588669,-11643.993061
indian_origin_white_ages,106,cash,high,6148120.218733,-63.772432,-10372.671616
indian_origin_white_ages,107,accrual,low,6054896.298526,-64.003643,-10570.559789
indian_origin_white_ages,107,accrual,high,6054896.298526,-56.304540,-9299.009837
indian_origin_white_ages,107,cash,low,6054896.298526,-71.475028,-11804.500691
indian_origin_white_ages,107,cash,high,6054896.298526,-63.775924,-10532.950739
indian_origin_white_ages,108,accrual,low,5917821.894959,-66.635698,-11260.172876
indian_origin_white_ages,108,accrual,high,5917821.894959,-59.068585,-9981.473943
indian_origin_white_ages,108,cash,low,5917821.894959,-72.930030,-12323.796103
indian_origin_white_ages,108,cash,high,5917821.894959,-65.362918,-11045.097170
indian_origin_white_ages,109,accrual,low,5992284.056370,-75.601964,-12616.552107
indian_origin_white_ages,109,accrual,high,5992284.056370,-67.812587,-11316.650966
indian_origin_white_ages,109,cash,low,5992284.056370,-86.491598,-14433.828159
indian_origin_white_ages,109,cash,high,5992284.056370,-78.702221,-13133.927017
indian_origin_white_ages,110,accrual,low,6033707.462955,-66.793487,-11070.057194
indian_origin_white_ages,110,accrual,high,6033707.462955,-59.096602,-9794.409548
indian_origin_white_ages,110,cash,low,6033707.462955,-73.906315,-12248.905888
indian_origin_white_ages,110,cash,high,6033707.462955,-66.209430,-10973.258242
indian_origin_white_ages,111,accrual,low,5930652.151922,-74.163559,-12505.127169
indian_origin_white_ages,111,accrual,high,5930652.151922,-66.475085,-11208.731095
indian_origin_white_ages,111,cash,low,5930652.151922,-83.870783,-14141.915655
indian_origin_white_ages,111,cash,high,5930652.151922,-76.182308,-12845.519581
indian_origin_white_ages,112,accrual,low,6114050.114668,-64.085587,-10481.691515
indian_origin_white_ages,112,accrual,high,6114050.114668,-56.305551,-9209.206688
indian_origin_white_ages,112,cash,low,6114050.114668,-72.283923,-11822.592522
indian_origin_white_ages,112,cash,high,6114050.114668,-64.503887,-10550.107696
indian_origin_white_ages,113,accrual,low,5969622.673200,-72.656679,-12171.067301
indian_origin_white_ages,113,accrual,high,5969622.673200,-64.973517,-10884.024166
indian_origin_white_ages,113,cash,low,5969622.673200,-83.160137,-13930.551687
indian_origin_white_ages,113,cash,high,5969622.673200,-75.476975,-12643.508552
indian_origin_white_ages,114,accrual,low,5984045.262869,-68.860560,-11507.359541
indian_origin_white_ages,114,accrual,high,5984045.262869,-61.207720,-10228.485523
indian_origin_white_ages,114,cash,low,5984045.262869,-77.099093,-12884.109198
indian_origin_white_ages,114,cash,high,5984045.262869,-69.446253,-11605.235181
indian_origin_white_ages,115,accrual,low,6141478.306764,-73.685082,-11997.939015
indian_origin_white_ages,115,accrual,high,6141478.306764,-65.754453,-10706.616450
indian_origin_white_ages,115,cash,low,6141478.306764,-83.114126,-13533.244329
indian_origin_white_ages,115,cash,high,6141478.306764,-75.183497,-12241.921765
indian_origin_white_ages,116,accrual,low,6160609.220139,-88.680914,-14394.828560
indian_origin_white_ages,116,accrual,high,6160609.220139,-80.646241,-13090.627539
indian_origin_white_ages,116,cash,low,6160609.220139,-99.919333,-16219.066847
indian_origin_white_ages,116,cash,high,6160609.220139,-91.884660,-14914.865826
indian_origin_white_ages,117,accrual,low,6345263.535876,-66.986383,-10556.911016
indian_origin_white_ages,117,accrual,high,6345263.535876,-58.900065,-9282.524676
indian_origin_white_ages,117,cash,low,6345263.535876,-73.963580,-11656.502506
indian_origin_white_ages,117,cash,high,6345263.535876,-65.877263,-10382.116165
indian_origin_white_ages,118,accrual,low,6125043.912177,-71.485467,-11671.013013
indian_origin_white_ages,118,accrual,high,6125043.912177,-63.644784,-10390.910581
indian_origin_white_ages,118,cash,low,6125043.912177,-81.309462,-13274.919099
indian_origin_white_ages,118,cash,high,6125043.912177,-73.468779,-11994.816667
indian_origin_white_ages,119,accrual,low,6129264.501204,-78.266469,-12769.308381
indian_origin_white_ages,119,accrual,high,6129264.501204,-70.399924,-11485.868086
indian_origin_white_ages,119,cash,low,6129264.501204,-86.098597,-14047.133603
indian_origin_white_ages,119,cash,high,6129264.501204,-78.232052,-12763.693307
indian_origin_white_ages,120,accrual,low,6129762.566293,-81.346197,-13270.692938
indian_origin_white_ages,120,accrual,high,6129762.566293,-73.362156,-11968.188857
indian_origin_white_ages,120,cash,low,6129762.566293,-91.208401,-14879.597733
indian_origin_white_ages,120,cash,high,6129762.566293,-83.224360,-13577.093652
indian_origin_white_ages,121,accrual,low,6022317.507229,-75.213699,-12489.162048
indian_origin_white_ages,121,accrual,high,6022317.507229,-67.408704,-11193.150153
indian_origin_white_ages,121,cash,low,6022317.507229,-83.892116,-13930.204703
indian_origin_white_ages,121,cash,high,6022317.507229,-76.087121,-12634.192807
indian_origin_white_ages,122,accrual,low,6021443.632311,-76.528306,-12709.295430
indian_origin_white_ages,122,accrual,high,6021443.632311,-68.714966,-11411.709528
indian_origin_white_ages,122,cash,low,6021443.632311,-86.339565,-14338.681987
indian_origin_white_ages,122,cash,high,6021443.632311,-78.526225,-13041.096085
indian_origin_white_ages,123,accrual,low,6216761.972189,-74.408949,-11969.084462
indian_origin_white_ages,123,accrual,high,6216761.972189,-66.381365,-10677.803898
indian_origin_white_ages,123,cash,low,6216761.972189,-81.602379,-13126.186783
indian_origin_white_ages,123,cash,high,6216761.972189,-73.574795,-11834.906220
indian_origin_white_ages,124,accrual,low,6077812.596396,-74.248533,-12216.324814
indian_origin_white_ages,124,accrual,high,6077812.596396,-66.446822,-10932.686939
indian_origin_white_ages,124,cash,low,6077812.596396,-81.315326,-13379.044690
indian_origin_white_ages,124,cash,high,6077812.596396,-73.513616,-12095.406816
indian_origin_white_ages,125,accrual,low,5911421.403832,-75.488052,-12769.864771
indian_origin_white_ages,125,accrual,high,5911421.403832,-67.796053,-11468.654992
indian_origin_white_ages,125,cash,low,5911421.403832,-85.646149,-14488.249674
indian_origin_white_ages,125,cash,high,5911421.403832,-77.954150,-13187.039895
indian_origin_white_ages,126,accrual,low,6036574.716596,-82.652191,-13691.902191
indian_origin_white_ages,126,accrual,high,6036574.716596,-74.784879,-12388.628131
indian_origin_white_ages,126,cash,low,6036574.716596,-92.737810,-15362.654167
indian_origin_white_ages,126,cash,high,6036574.716596,-84.870498,-14059.380107
indian_origin_white_ages,127,accrual,low,6065949.522063,-77.477774,-12772.571424
indian_origin_white_ages,127,accrual,high,6065949.522063,-69.633325,-11479.377512
indian_origin_white_ages,127,cash,low,6065949.522063,-87.393553,-14407.233781
indian_origin_white_ages,127,cash,high,6065949.522063,-79.549104,-13114.039869
indian_origin_white_ages,128,accrual,low,6390310.214583,-82.194707,-12862.397050
indian_origin_white_ages,128,accrual,high,6390310.214583,-73.934736,-11569.819559
indian_origin_white_ages,128,cash,low,6390310.214583,-94.352437,-14764.922789
indian_origin_white_ages,128,cash,high,6390310.214583,-86.092466,-13472.345299
indian_origin_white_ages,129,accrual,low,6119600.877087,-72.350810,-11822.798793
indian_origin_white_ages,129,accrual,high,6119600.877087,-64.421646,-10527.099207
indian_origin_white_ages,129,cash,low,6119600.877087,-81.810577,-13368.613163
indian_origin_white_ages,129,cash,high,6119600.877087,-73.881413,-12072.913577
indian_origin_white_ages,130,accrual,low,6003115.346611,-77.290934,-12875.137185
indian_origin_white_ages,130,accrual,high,6003115.346611,-69.542970,-11584.479998
indian_origin_white_ages,130,cash,low,6003115.346611,-85.073171,-14171.503635
indian_origin_white_ages,130,cash,high,6003115.346611,-77.325207,-12880.846448
indian_origin_white_ages,131,accrual,low,6082890.116371,-74.467632,-12242.146568
indian_origin_white_ages,131,accrual,high,6082890.116371,-66.553732,-10941.136690
indian_origin_white_ages,131,cash,low,6082890.116371,-84.688698,-13922.444187
indian_origin_white_ages,131,cash,high,6082890.116371,-76.774798,-12621.434309
indian_origin_white_ages,132,accrual,low,6054407.984226,-68.899345,-11380.030064
indian_origin_white_ages,132,accrual,high,6054407.984226,-61.159123,-10101.586042
indian_origin_white_ages,132,cash,low,6054407.984226,-76.297755,-12602.017502
indian_origin_white_ages,132,cash,high,6054407.984226,-68.557534,-11323.573480
indian_origin_white_ages,133,accrual,low,6119942.227483,-73.578844,-12022.800500
indian_origin_white_ages,133,accrual,high,6119942.227483,-65.658630,-10728.635612
indian_origin_white_ages,133,cash,low,6119942.227483,-83.420779,-13630.974849
indian_origin_white_ages,133,cash,high,6119942.227483,-75.500564,-12336.809961
indian_origin_white_ages,134,accrual,low,6043300.372554,-71.088129,-11763.130113
indian_origin_white_ages,134,accrual,high,6043300.372554,-63.286613,-10472.193782
indian_origin_white_ages,134,cash,low,6043300.372554,-80.384733,-13301.462445
indian_origin_white_ages,134,cash,high,6043300.372554,-72.583217,-12010.526113
indian_origin_white_ages,135,accrual,low,6106744.727988,-66.459394,-10882.949441
indian_origin_white_ages,135,accrual,high,6106744.727988,-58.651408,-9604.365441
indian_origin_white_ages,135,cash,low,6106744.727988,-76.329825,-12499.265774
indian_origin_white_ages,135,cash,high,6106744.727988,-68.521839,-11220.681774
indian_origin_white_ages,136,accrual,low,6269665.308222,-72.293667,-11530.705919
indian_origin_white_ages,136,accrual,high,6269665.308222,-64.202942,-10240.250230
indian_origin_white_ages,136,cash,low,6269665.308222,-83.210013,-13271.842822
indian_origin_white_ages,136,cash,high,6269665.308222,-75.119287,-11981.387133
indian_origin_white_ages,137,accrual,low,6213831.488283,-72.432174,-11656.604175
indian_origin_white_ages,137,accrual,high,6213831.488283,-64.444583,-10371.150706
indian_origin_white_ages,137,cash,low,6213831.488283,-82.660539,-13302.668302
indian_origin_white_ages,137,cash,high,6213831.488283,-74.672948,-12017.214833
indian_origin_white_ages,138,accrual,low,6131310.697125,-77.340556,-12614.033083
indian_origin_white_ages,138,accrual,high,6131310.697125,-69.363205,-11312.948994
indian_origin_white_ages,138,cash,low,6131310.697125,-89.002574,-14516.076351
indian_origin_white_ages,138,cash,high,6131310.697125,-81.025223,-13214.992261
indian_origin_white_ages,139,accrual,low,5904991.271120,-66.160547,-11204.173575
indian_origin_white_ages,139,accrual,high,5904991.271120,-58.563802,-9917.677980
indian_origin_white_ages,139,cash,low,5904991.271120,-75.745392,-12827.350448
indian_origin_white_ages,139,cash,high,5904991.271120,-68.148647,-11540.854853
indian_origin_white_ages,140,accrual,low,6058280.703648,-77.535869,-12798.328872
indian_origin_white_ages,140,accrual,high,6058280.703648,-69.687351,-11502.826362
indian_origin_white_ages,140,cash,low,6058280.703648,-86.874627,-14339.815362
indian_origin_white_ages,140,cash,high,6058280.703648,-79.026109,-13044.312852
indian_origin_white_ages,141,accrual,low,6231587.198570,-73.772923,-11838.544530
indian_origin_white_ages,141,accrual,high,6231587.198570,-65.766148,-10553.675240
indian_origin_white_ages,141,cash,low,6231587.198570,-84.763106,-13602.169556
indian_origin_white_ages,141,cash,high,6231587.198570,-76.756331,-12317.300266
indian_origin_white_ages,142,accrual,low,5977680.967710,-73.081758,-12225.770865
indian_origin_white_ages,142,accrual,high,5977680.967710,-65.301684,-10924.250527
indian_origin_white_ages,142,cash,low,5977680.967710,-84.451903,-14127.870490
indian_origin_white_ages,142,cash,high,5977680.967710,-76.671829,-12826.350152
indian_origin_white_ages,143,accrual,low,6233745.851672,-81.789975,-13120.517981
indian_origin_white_ages,143,accrual,high,6233745.851672,-73.754041,-11831.416126
indian_origin_white_ages,143,cash,low,6233745.851672,-90.319321,-14488.771787
indian_origin_white_ages,143,cash,high,6233745.851672,-82.283388,-13199.669932
indian_origin_white_ages,144,accrual,low,6141540.720796,-79.178666,-12892.313146
indian_origin_white_ages,144,accrual,high,6141540.720796,-71.217646,-11596.055368
indian_origin_white_ages,144,cash,low,6141540.720796,-88.462379,-14403.939141
indian_origin_white_ages,144,cash,high,6141540.720796,-80.501359,-13107.681363
indian_origin_white_ages,145,accrual,low,5867936.753587,-66.818971,-11387.132036
indian_origin_white_ages,145,accrual,high,5867936.753587,-59.275632,-10101.614016
indian_origin_white_ages,145,cash,low,5867936.753587,-72.486373,-12352.957458
indian_origin_white_ages,145,cash,high,5867936.753587,-64.943035,-11067.439439
indian_origin_white_ages,146,accrual,low,5990913.534130,-68.219124,-11387.098758
indian_origin_white_ages,146,accrual,high,5990913.534130,-60.537777,-10104.932574
indian_origin_white_ages,146,cash,low,5990913.534130,-77.874032,-12998.690775
indian_origin_white_ages,146,cash,high,5990913.534130,-70.192686,-11716.524592
indian_origin_white_ages,147,accrual,low,6230006.662530,-64.265632,-10315.499799
indian_origin_white_ages,147,accrual,high,6230006.662530,-56.308233,-9038.229983
indian_origin_white_ages,147,cash,low,6230006.662530,-72.922107,-11704.980572
indian_origin_white_ages,147,cash,high,6230006.662530,-64.964707,-10427.710756
indian_origin_white_ages,148,accrual,low,6058000.470763,-72.370520,-11946.271732
indian_origin_white_ages,148,accrual,high,6058000.470763,-64.563378,-10657.539344
indian_origin_white_ages,148,cash,low,6058000.470763,-82.689103,-13649.570176
indian_origin_white_ages,148,cash,high,6058000.470763,-74.881961,-12360.837788
indian_origin_white_ages,149,accrual,low,6158884.756426,-77.567405,-12594.391374
indian_origin_white_ages,149,accrual,high,6158884.756426,-69.612433,-11302.766014
indian_origin_white_ages,149,cash,low,6158884.756426,-86.820389,-14096.771221
indian_origin_white_ages,149,cash,high,6158884.756426,-78.865418,-12805.145861
indian_origin_white_ages,150,accrual,low,6024451.083670,-68.686801,-11401.337723
indian_origin_white_ages,150,accrual,high,6024451.083670,-60.903371,-10109.364311
indian_origin_white_ages,150,cash,low,6024451.083670,-78.789524,-13078.290910
indian_origin_white_ages,150,cash,high,6024451.083670,-71.006093,-11786.317497
indian_origin_white_ages,151,accrual,low,6043674.022748,-73.139623,-12101.847779
indian_origin_white_ages,151,accrual,high,6043674.022748,-65.344240,-10812.006051
indian_origin_white_ages,151,cash,low,6043674.022748,-81.646604,-13509.432052
indian_origin_white_ages,151,cash,high,6043674.022748,-73.851221,-12219.590324
indian_origin_white_ages,152,accrual,low,6250925.394473,-70.361272,-11256.136965
indian_origin_white_ages,152,accrual,high,6250925.394473,-62.319092,-9969.578629
indian_origin_white_ages,152,cash,low,6250925.394473,-79.858191,-12775.418920
indian_origin_white_ages,152,cash,high,6250925.394473,-71.816010,-11488.860584
indian_origin_white_ages,153,accrual,low,6226999.523773,-77.459887,-12439.359705
indian_origin_white_ages,153,accrual,high,6226999.523773,-69.480943,-11158.013192
indian_origin_white_ages,153,cash,low,6226999.523773,-84.574084,-13581.835655
indian_origin_white_ages,153,cash,high,6226999.523773,-76.595140,-12300.489143
indian_origin_white_ages,154,accrual,low,6174486.766076,-70.719485,-11453.500147
indian_origin_white_ages,154,accrual,high,6174486.766076,-62.848504,-10178.741406
indian_origin_white_ages,154,cash,low,6174486.766076,-80.619542,-13056.881430
indian_origin_white_ages,154,cash,high,6174486.766076,-72.748561,-11782.122688
indian_origin_white_ages,155,accrual,low,6093636.742154,-75.348513,-12365.114005
indian_origin_white_ages,155,accrual,high,6093636.742154,-67.503551,-11077.711716
indian_origin_white_ages,155,cash,low,6093636.742154,-82.590376,-13553.544383
indian_origin_white_ages,155,cash,high,6093636.742154,-74.745414,-12266.142094
indian_origin_white_ages,156,accrual,low,6063938.399026,-70.797556,-11675.177304
indian_origin_white_ages,156,accrual,high,6063938.399026,-63.014300,-10391.645871
indian_origin_white_ages,156,cash,low,6063938.399026,-76.147546,-12557.440609
indian_origin_white_ages,156,cash,high,6063938.399026,-68.364291,-11273.909176
indian_origin_white_ages,157,accrual,low,6163299.348050,-69.987189,-11355.474596
indian_origin_white_ages,157,accrual,high,6163299.348050,-62.092040,-10074.480652
indian_origin_white_ages,157,cash,low,6163299.348050,-80.589536,-13075.713406
indian_origin_white_ages,157,cash,high,6163299.348050,-72.694387,-11794.719462
indian_origin_white_ages,158,accrual,low,6129664.879599,-75.399957,-12300.828635
indian_origin_white_ages,158,accrual,high,6129664.879599,-67.479045,-11008.602598
indian_origin_white_ages,158,cash,low,6129664.879599,-84.531583,-13790.571632
indian_origin_white_ages,158,cash,high,6129664.879599,-76.610670,-12498.345595
indian_origin_white_ages,159,accrual,low,6104294.459089,-76.750661,-12573.223911
indian_origin_white_ages,159,accrual,high,6104294.459089,-68.916709,-11289.872978
indian_origin_white_ages,159,cash,low,6104294.459089,-86.011765,-14090.369588
indian_origin_white_ages,159,cash,high,6104294.459089,-78.177813,-12807.018656
indian_origin_white_ages,160,accrual,low,6151477.362542,-72.786895,-11832.425115
indian_origin_white_ages,160,accrual,high,6151477.362542,-64.836168,-10539.934440
indian_origin_white_ages,160,cash,low,6151477.362542,-81.345881,-13223.795913
indian_origin_white_ages,160,cash,high,6151477.362542,-73.395154,-11931.305238
india_born,0,accrual,low,4281769.744983,-58.499850,-13662.539842
india_born,0,accrual,high,4281769.744983,-52.397453,-12237.335494
india_born,0,cash,low,4281769.744983,-83.660646,-19538.800801
india_born,0,cash,high,4281769.744983,-77.558249,-18113.596453
india_born,1,accrual,low,4283048.571823,-58.831810,-13735.966100
india_born,1,accrual,high,4283048.571823,-52.722235,-12309.511440
india_born,1,cash,low,4283048.571823,-84.153602,-19648.061572
india_born,1,cash,high,4283048.571823,-78.044027,-18221.606911
india_born,2,accrual,low,4176644.297929,-57.156648,-13684.825368
india_born,2,accrual,high,4176644.297929,-51.236226,-12267.318611
india_born,2,cash,low,4176644.297929,-80.819363,-19350.310180
india_born,2,cash,high,4176644.297929,-74.898941,-17932.803423
india_born,3,accrual,low,4221664.332756,-63.083242,-14942.742350
india_born,3,accrual,high,4221664.332756,-56.998603,-13501.453019
india_born,3,cash,low,4221664.332756,-88.831641,-21041.853180
india_born,3,cash,high,4221664.332756,-82.747001,-19600.563849
india_born,4,accrual,low,4387006.806116,-62.643213,-14279.260446
india_born,4,accrual,high,4387006.806116,-56.332868,-12840.843538
india_born,4,cash,low,4387006.806116,-87.709490,-19993.014357
india_born,4,cash,high,4387006.806116,-81.399145,-18554.597448
india_born,5,accrual,low,4140831.566749,-56.011720,-13526.683875
india_born,5,accrual,high,4140831.566749,-50.123070,-12104.590283
india_born,5,cash,low,4140831.566749,-80.210191,-19370.551531
india_born,5,cash,high,4140831.566749,-74.321541,-17948.457939
india_born,6,accrual,low,4271694.481456,-58.147230,-13612.216581
india_born,6,accrual,high,4271694.481456,-52.037627,-12181.963558
india_born,6,cash,low,4271694.481456,-83.950869,-19652.826137
india_born,6,cash,high,4271694.481456,-77.841265,-18222.573113
india_born,7,accrual,low,4144506.774113,-56.026453,-13518.243683
india_born,7,accrual,high,4144506.774113,-50.181690,-12108.000452
india_born,7,cash,low,4144506.774113,-80.105133,-19328.025491
india_born,7,cash,high,4144506.774113,-74.260370,-17917.782260
india_born,8,accrual,low,4308258.838192,-59.887420,-13900.608534
india_born,8,accrual,high,4308258.838192,-53.751753,-12476.444689
india_born,8,cash,low,4308258.838192,-84.884537,-19702.747660
india_born,8,cash,high,4308258.838192,-78.748870,-18278.583816
india_born,9,accrual,low,4236923.872408,-58.076684,-13707.275891
india_born,9,accrual,high,4236923.872408,-52.024271,-12278.783585
india_born,9,cash,low,4236923.872408,-83.275520,-19654.712306
india_born,9,cash,high,4236923.872408,-77.223107,-18226.220000
india_born,10,accrual,low,4310875.789596,-54.585938,-12662.377833
india_born,10,accrual,high,4310875.789596,-48.520277,-11255.317811
india_born,10,cash,low,4310875.789596,-78.913992,-18305.791271
india_born,10,cash,high,4310875.789596,-72.848331,-16898.731249
india_born,11,accrual,low,4175970.563562,-60.660673,-14526.125685
india_born,11,accrual,high,4175970.563562,-54.638481,-13084.019740
india_born,11,cash,low,4175970.563562,-85.995619,-20592.965865
india_born,11,cash,high,4175970.563562,-79.973427,-19150.859920
india_born,12,accrual,low,4362573.064457,-60.672272,-13907.451142
india_born,12,accrual,high,4362573.064457,-54.447444,-12480.580348
india_born,12,cash,low,4362573.064457,-86.982111,-19938.258780
india_born,12,cash,high,4362573.064457,-80.757283,-18511.387985
india_born,13,accrual,low,4264261.697496,-57.776064,-13548.902153
india_born,13,accrual,high,4264261.697496,-51.700087,-12124.041800
india_born,13,cash,low,4264261.697496,-81.568788,-19128.466633
india_born,13,cash,high,4264261.697496,-75.492810,-17703.606280
india_born,14,accrual,low,4204434.841342,-62.152272,-14782.550942
india_born,14,accrual,high,4204434.841342,-56.078955,-13338.048259
india_born,14,cash,low,4204434.841342,-88.429138,-21032.348253
india_born,14,cash,high,4204434.841342,-82.355820,-19587.845570
india_born,15,accrual,low,4236074.177544,-56.544746,-13348.384320
india_born,15,accrual,high,4236074.177544,-50.522558,-11926.740559
india_born,15,cash,low,4236074.177544,-82.159623,-19395.227710
india_born,15,cash,high,4236074.177544,-76.137435,-17973.583949
india_born,16,accrual,low,4329508.478658,-53.779437,-12421.603374
india_born,16,accrual,high,4329508.478658,-47.695620,-11016.405184
india_born,16,cash,low,4329508.478658,-78.325098,-18090.990835
india_born,16,cash,high,4329508.478658,-72.241281,-16685.792645
india_born,17,accrual,low,4470265.629984,-61.734420,-13810.011532
india_born,17,accrual,high,4470265.629984,-55.342515,-12380.140153
india_born,17,cash,low,4470265.629984,-88.105385,-19709.205717
india_born,17,cash,high,4470265.629984,-81.713480,-18279.334338
india_born,18,accrual,low,4256920.212267,-53.930410,-12668.879777
india_born,18,accrual,high,4256920.212267,-47.933924,-11260.235395
india_born,18,cash,low,4256920.212267,-77.594441,-18227.835370
india_born,18,cash,high,4256920.212267,-71.597954,-16819.190988
india_born,19,accrual,low,4270157.815908,-53.852420,-12611.341872
india_born,19,accrual,high,4270157.815908,-47.831178,-11201.267072
india_born,19,cash,low,4270157.815908,-78.613755,-18410.035033
india_born,19,cash,high,4270157.815908,-72.592513,-16999.960232
india_born,20,accrual,low,4362649.351904,-59.682116,-13680.245961
india_born,20,accrual,high,4362649.351904,-53.456608,-12253.244275
india_born,20,cash,low,4362649.351904,-85.554663,-19610.712603
india_born,20,cash,high,4362649.351904,-79.329155,-18183.710917
india_born,21,accrual,low,4215749.344185,-60.708598,-14400.428709
india_born,21,accrual,high,4215749.344185,-54.670767,-12968.220418
india_born,21,cash,low,4215749.344185,-84.579405,-20062.721532
india_born,21,cash,high,4215749.344185,-78.541574,-18630.513241
india_born,22,accrual,low,4415144.438922,-62.474582,-14150.065316
india_born,22,accrual,high,4415144.438922,-56.166982,-12721.437133
india_born,22,cash,low,4415144.438922,-88.262125,-19990.767215
india_born,22,cash,high,4415144.438922,-81.954525,-18562.139032
india_born,23,accrual,low,4353144.010103,-62.431937,-14341.803633
india_born,23,accrual,high,4353144.010103,-56.185764,-12906.939064
india_born,23,cash,low,4353144.010103,-88.282065,-20280.069878
india_born,23,cash,high,4353144.010103,-82.035893,-18845.205309
india_born,24,accrual,low,4437107.473446,-61.792397,-13926.278977
india_born,24,accrual,high,4437107.473446,-55.454743,-12497.948966
india_born,24,cash,low,4437107.473446,-88.450463,-19934.261996
india_born,24,cash,high,4437107.473446,-82.112809,-18505.931984
india_born,25,accrual,low,4296920.080879,-55.144816,-12833.567885
india_born,25,accrual,high,4296920.080879,-49.084349,-11423.146909
india_born,25,cash,low,4296920.080879,-79.948184,-18605.927563
india_born,25,cash,high,4296920.080879,-73.887718,-17195.506586
india_born,26,accrual,low,4293550.267266,-59.122645,-13770.106549
india_born,26,accrual,high,4293550.267266,-52.975262,-12338.335177
india_born,26,cash,low,4293550.267266,-84.027523,-19570.639193
india_born,26,cash,high,4293550.267266,-77.880141,-18138.867821
india_born,27,accrual,low,4250357.345249,-58.714104,-13813.921915
india_born,27,accrual,high,4250357.345249,-52.599364,-12375.280372
india_born,27,cash,low,4250357.345249,-85.245949,-20056.184045
india_born,27,cash,high,4250357.345249,-79.131209,-18617.542503
india_born,28,accrual,low,4327619.573760,-56.209528,-12988.555770
india_born,28,accrual,high,4327619.573760,-50.011341,-11556.316368
india_born,28,cash,low,4327619.573760,-81.994503,-18946.790811
india_born,28,cash,high,4327619.573760,-75.796316,-17514.551409
india_born,29,accrual,low,4361549.434208,-54.841354,-12573.823860
india_born,29,accrual,high,4361549.434208,-48.747971,-11176.755299
india_born,29,cash,low,4361549.434208,-77.762353,-17829.065965
india_born,29,cash,high,4361549.434208,-71.668969,-16431.997404
india_born,30,accrual,low,4386956.760032,-61.223969,-13955.908871
india_born,30,accrual,high,4386956.760032,-54.980156,-12532.641350
india_born,30,cash,low,4386956.760032,-86.310893,-19674.434447
india_born,30,cash,high,4386956.760032,-80.067080,-18251.166926
india_born,31,accrual,low,4347475.446458,-50.872402,-11701.596049
india_born,31,accrual,high,4347475.446458,-44.741550,-10291.386398
india_born,31,cash,low,4347475.446458,-75.585498,-17386.066636
india_born,31,cash,high,4347475.446458,-69.454646,-15975.856985
india_born,32,accrual,low,4219372.226478,-57.098691,-13532.508606
india_born,32,accrual,high,4219372.226478,-51.101409,-12111.140273
india_born,32,cash,low,4219372.226478,-81.708560,-19365.098707
india_born,32,cash,high,4219372.226478,-75.711278,-17943.730374
india_born,33,accrual,low,4318950.650553,-62.674265,-14511.456512
india_born,33,accrual,high,4318950.650553,-56.525456,-13087.775473
india_born,33,cash,low,4318950.650553,-87.862663,-20343.521026
india_born,33,cash,high,4318950.650553,-81.713855,-18919.839987
india_born,34,accrual,low,4369288.356104,-60.641577,-13879.051200
india_born,34,accrual,high,4369288.356104,-54.354703,-12440.172902
india_born,34,cash,low,4369288.356104,-87.258752,-19970.930088
india_born,34,cash,high,4369288.356104,-80.971878,-18532.051789
india_born,35,accrual,low,4505413.014575,-58.526538,-12990.271328
india_born,35,accrual,high,4505413.014575,-52.153071,-11575.647021
india_born,35,cash,low,4505413.014575,-85.941788,-19075.229763
india_born,35,cash,high,4505413.014575,-79.568322,-17660.605455
india_born,36,accrual,low,4350523.820331,-57.943766,-13318.802087
india_born,36,accrual,high,4350523.820331,-51.745400,-11894.061890
india_born,36,cash,low,4350523.820331,-85.557603,-19666.046267
india_born,36,cash,high,4350523.820331,-79.359237,-18241.306069
india_born,37,accrual,low,4249125.607478,-63.195611,-14872.615402
india_born,37,accrual,high,4249125.607478,-57.089119,-13435.498175
india_born,37,cash,low,4249125.607478,-87.930285,-20693.736399
india_born,37,cash,high,4249125.607478,-81.823794,-19256.619171
india_born,38,accrual,low,4229980.646247,-61.680258,-14581.687970
india_born,38,accrual,high,4229980.646247,-55.584234,-13140.540982
india_born,38,cash,low,4229980.646247,-87.793062,-20754.956036
india_born,38,cash,high,4229980.646247,-81.697038,-19313.809049
india_born,39,accrual,low,4278253.361124,-57.034282,-13331.207157
india_born,39,accrual,high,4278253.361124,-50.952496,-11909.649005
india_born,39,cash,low,4278253.361124,-82.770958,-19346.904224
india_born,39,cash,high,4278253.361124,-76.689172,-17925.346071
india_born,40,accrual,low,4280470.254336,-59.900197,-13993.835670
india_born,40,accrual,high,4280470.254336,-53.836593,-12577.261352
india_born,40,cash,low,4280470.254336,-84.536866,-19749.434319
india_born,40,cash,high,4280470.254336,-78.473262,-18332.860001
india_born,41,accrual,low,4191429.338585,-53.537988,-12773.205531
india_born,41,accrual,high,4191429.338585,-47.608529,-11358.542593
india_born,41,cash,low,4191429.338585,-77.188057,-18415.688537
india_born,41,cash,high,4191429.338585,-71.258597,-17001.025599
india_born,42,accrual,low,4208345.330346,-55.868554,-13275.658210
india_born,42,accrual,high,4208345.330346,-49.875359,-11851.536649
india_born,42,cash,low,4208345.330346,-81.388369,-19339.755390
india_born,42,cash,high,4208345.330346,-75.395174,-17915.633829
india_born,43,accrual,low,4514354.903566,-61.347571,-13589.443508
india_born,43,accrual,high,4514354.903566,-54.889561,-12158.893575
india_born,43,cash,low,4514354.903566,-88.318051,-19563.825269
india_born,43,cash,high,4514354.903566,-81.860040,-18133.275336
india_born,44,accrual,low,4209603.809601,-59.194574,-14061.792249
india_born,44,accrual,high,4209603.809601,-53.122030,-12619.247046
india_born,44,cash,low,4209603.809601,-85.591445,-20332.422887
india_born,44,cash,high,4209603.809601,-79.518901,-18889.877683
india_born,45,accrual,low,4210583.092326,-60.047042,-14260.980247
india_born,45,accrual,high,4210583.092326,-54.000536,-12824.954410
india_born,45,cash,low,4210583.092326,-85.312377,-20261.416414
india_born,45,cash,high,4210583.092326,-79.265871,-18825.390577
india_born,46,accrual,low,4352191.366220,-60.017155,-13790.100274
india_born,46,accrual,high,4352191.366220,-53.795501,-12360.554983
india_born,46,cash,low,4352191.366220,-86.102903,-19783.804522
india_born,46,cash,high,4352191.366220,-79.881249,-18354.259230
india_born,47,accrual,low,4242998.476481,-59.124791,-13934.671720
india_born,47,accrual,high,4242998.476481,-53.059823,-12505.265511
india_born,47,cash,low,4242998.476481,-84.040082,-19806.767010
india_born,47,cash,high,4242998.476481,-77.975114,-18377.360800
india_born,48,accrual,low,4383142.569579,-60.234208,-13742.242440
india_born,48,accrual,high,4383142.569579,-54.043787,-12329.917701
india_born,48,cash,low,4383142.569579,-85.391620,-19481.825812
india_born,48,cash,high,4383142.569579,-79.201199,-18069.501074
india_born,49,accrual,low,4398735.645660,-55.994087,-12729.586805
india_born,49,accrual,high,4398735.645660,-49.797156,-11320.788543
india_born,49,cash,low,4398735.645660,-80.714481,-18349.472917
india_born,49,cash,high,4398735.645660,-74.517549,-16940.674655
india_born,50,accrual,low,4048038.913561,-53.350872,-13179.436564
india_born,50,accrual,high,4048038.913561,-47.634094,-11767.202550
india_born,50,cash,low,4048038.913561,-76.775397,-18966.071917
india_born,50,cash,high,4048038.913561,-71.058619,-17553.837902
india_born,51,accrual,low,4176275.992487,-62.488109,-14962.638783
india_born,51,accrual,high,4176275.992487,-56.519709,-13533.518543
india_born,51,cash,low,4176275.992487,-86.545689,-20723.172832
india_born,51,cash,high,4176275.992487,-80.577289,-19294.052591
india_born,52,accrual,low,4324493.674881,-59.802861,-13828.870138
india_born,52,accrual,high,4324493.674881,-53.622389,-12399.691860
india_born,52,cash,low,4324493.674881,-85.967445,-19879.193182
india_born,52,cash,high,4324493.674881,-79.786973,-18450.014904
india_born,53,accrual,low,4349254.893072,-56.189886,-12919.428088
india_born,53,accrual,high,4349254.893072,-50.001847,-11496.646793
india_born,53,cash,low,4349254.893072,-82.008922,-18855.855495
india_born,53,cash,high,4349254.893072,-75.820883,-17433.074200
india_born,54,accrual,low,4258043.345559,-64.079147,-15048.965353
india_born,54,accrual,high,4258043.345559,-58.014855,-13624.768530
india_born,54,cash,low,4258043.345559,-88.764957,-20846.419262
india_born,54,cash,high,4258043.345559,-82.700665,-19422.222438
india_born,55,accrual,low,4208390.775494,-63.407240,-15066.861200
india_born,55,accrual,high,4208390.775494,-57.401641,-13639.807655
india_born,55,cash,low,4208390.775494,-88.047920,-20921.992505
india_born,55,cash,high,4208390.775494,-82.042321,-19494.938959
india_born,56,accrual,low,4154185.182842,-56.466915,-13592.777414
india_born,56,accrual,high,4154185.182842,-50.526822,-12162.871946
india_born,56,cash,low,4154185.182842,-80.538236,-19387.252245
india_born,56,cash,high,4154185.182842,-74.598144,-17957.346777
india_born,57,accrual,low,4143010.251072,-55.630896,-13427.651057
india_born,57,accrual,high,4143010.251072,-49.733459,-12004.184369
india_born,57,cash,low,4143010.251072,-79.392769,-19163.063604
india_born,57,cash,high,4143010.251072,-73.495332,-17739.596916
india_born,58,accrual,low,4328728.062399,-59.494795,-13744.174758
india_born,58,accrual,high,4328728.062399,-53.353960,-12325.551371
india_born,58,cash,low,4328728.062399,-84.231384,-19458.691438
india_born,58,cash,high,4328728.062399,-78.090549,-18040.068051
india_born,59,accrual,low,4128771.601252,-54.706838,-13250.148712
india_born,59,accrual,high,4128771.601252,-48.832985,-11827.485146
india_born,59,cash,low,4128771.601252,-78.429857,-18995.930207
india_born,59,cash,high,4128771.601252,-72.556004,-17573.266641
india_born,60,accrual,low,4333122.196594,-60.693469,-14006.867651
india_born,60,accrual,high,4333122.196594,-54.452580,-12566.592346
india_born,60,cash,low,4333122.196594,-87.002727,-20078.530732
india_born,60,cash,high,4333122.196594,-80.761838,-18638.255427
india_born,61,accrual,low,4323046.042092,-54.361187,-12574.741525
india_born,61,accrual,high,4323046.042092,-48.241010,-11159.032316
india_born,61,cash,low,4323046.042092,-79.614210,-18416.230055
india_born,61,cash,high,4323046.042092,-73.494034,-17000.520846
india_born,62,accrual,low,4185858.383287,-57.981011,-13851.641769
india_born,62,accrual,high,4185858.383287,-51.998428,-12422.404948
india_born,62,cash,low,4185858.383287,-82.964695,-19820.234474
india_born,62,cash,high,4185858.383287,-76.982112,-18390.997653
india_born,63,accrual,low,4149190.202979,-55.138746,-13289.038007
india_born,63,accrual,high,4149190.202979,-49.213787,-11861.058313
india_born,63,cash,low,4149190.202979,-80.186848,-19325.903135
india_born,63,cash,high,4149190.202979,-74.261889,-17897.923441
india_born,64,accrual,low,4152333.188364,-56.548542,-13618.498183
india_born,64,accrual,high,4152333.188364,-50.640010,-12195.555441
india_born,64,cash,low,4152333.188364,-81.728717,-19682.601006
india_born,64,cash,high,4152333.188364,-75.820185,-18259.658264
india_born,65,accrual,low,4420848.952739,-58.862731,-13314.802591
india_born,65,accrual,high,4420848.952739,-52.615452,-11901.662488
india_born,65,cash,low,4420848.952739,-83.707504,-18934.712408
india_born,65,cash,high,4420848.952739,-77.460225,-17521.572305
india_born,66,accrual,low,4187623.970777,-58.664849,-14009.101496
india_born,66,accrual,high,4187623.970777,-52.638033,-12569.904367
india_born,66,cash,low,4187623.970777,-84.686870,-20223.131482
india_born,66,cash,high,4187623.970777,-78.660054,-18783.934354
india_born,67,accrual,low,4298532.362016,-62.887844,-14630.073367
india_born,67,accrual,high,4298532.362016,-56.682518,-13186.481654
india_born,67,cash,low,4298532.362016,-89.034475,-20712.761387
india_born,67,cash,high,4298532.362016,-82.829149,-19269.169674
india_born,68,accrual,low,4225767.868898,-50.826234,-12027.691954
india_born,68,accrual,high,4225767.868898,-44.914868,-10628.806326
india_born,68,cash,low,4225767.868898,-74.750183,-17689.136139
india_born,68,cash,high,4225767.868898,-68.838817,-16290.250510
india_born,69,accrual,low,4334777.450284,-64.546678,-14890.424913
india_born,69,accrual,high,4334777.450284,-58.357130,-13462.543518
india_born,69,cash,low,4334777.450284,-89.900482,-20739.353580
india_born,69,cash,high,4334777.450284,-83.710934,-19311.472186
india_born,70,accrual,low,4345322.974553,-61.348034,-14118.175954
india_born,70,accrual,high,4345322.974553,-55.116332,-12684.058813
india_born,70,cash,low,4345322.974553,-87.090417,-20042.334547
india_born,70,cash,high,4345322.974553,-80.858715,-18608.217406
india_born,71,accrual,low,4349458.191265,-64.372754,-14800.177678
india_born,71,accrual,high,4349458.191265,-58.119456,-13362.458790
india_born,71,cash,low,4349458.191265,-90.446569,-20794.904770
india_born,71,cash,high,4349458.191265,-84.193271,-19357.185882
india_born,72,accrual,low,4188474.197575,-59.673326,-14247.032008
india_born,72,accrual,high,4188474.197575,-53.654492,-12810.032837
india_born,72,cash,low,4188474.197575,-84.854057,-20258.942337
india_born,72,cash,high,4188474.197575,-78.835223,-18821.943165
india_born,73,accrual,low,4403890.205351,-54.210999,-12309.798069
india_born,73,accrual,high,4403890.205351,-48.015207,-10902.907434
india_born,73,cash,low,4403890.205351,-79.341004,-18016.117738
india_born,73,cash,high,4403890.205351,-73.145213,-16609.227103
india_born,74,accrual,low,4192550.930953,-51.793609,-12353.722169
india_born,74,accrual,high,4192550.930953,-45.869998,-10940.832533
india_born,74,cash,low,4192550.930953,-75.717467,-18059.999288
india_born,74,cash,high,4192550.930953,-69.793855,-16647.109652
india_born,75,accrual,low,4388839.934638,-59.560067,-13570.799571
india_born,75,accrual,high,4388839.934638,-53.296014,-12143.530989
india_born,75,cash,low,4388839.934638,-84.896044,-19343.618115
india_born,75,cash,high,4388839.934638,-78.631990,-17916.349534
india_born,76,accrual,low,4296301.407728,-61.768994,-14377.248831
india_born,76,accrual,high,4296301.407728,-55.572013,-12934.849757
india_born,76,cash,low,4296301.407728,-87.640022,-20398.946390
india_born,76,cash,high,4296301.407728,-81.443041,-18956.547316
india_born,77,accrual,low,4256128.209249,-57.608842,-13535.504461
india_born,77,accrual,high,4256128.209249,-51.536017,-12108.661747
india_born,77,cash,low,4256128.209249,-82.469173,-19376.571719
india_born,77,cash,high,4256128.209249,-76.396348,-17949.729006
india_born,78,accrual,low,4248704.133442,-61.307264,-14429.638260
india_born,78,accrual,high,4248704.133442,-55.231695,-12999.656694
india_born,78,cash,low,4248704.133442,-86.258814,-20302.381990
india_born,78,cash,high,4248704.133442,-80.183246,-18872.400425
india_born,79,accrual,low,4209355.802788,-61.074276,-14509.174018
india_born,79,accrual,high,4209355.802788,-55.069320,-13082.600481
india_born,79,cash,low,4209355.802788,-84.713830,-20125.129298
india_born,79,cash,high,4209355.802788,-78.708874,-18698.555762
india_born,80,accrual,low,4293753.659276,-55.821205,-13000.560595
india_born,80,accrual,high,4293753.659276,-49.738618,-11583.947835
india_born,80,cash,low,4293753.659276,-81.971342,-19090.834776
india_born,80,cash,high,4293753.659276,-75.888755,-17674.222016
india_born,81,accrual,low,4296180.767462,-58.615052,-13643.525617
india_born,81,accrual,high,4296180.767462,-52.498854,-12219.889432
india_born,81,cash,low,4296180.767462,-84.393433,-19643.827222
india_born,81,cash,high,4296180.767462,-78.277234,-18220.191038
india_born,82,accrual,low,4365896.733058,-63.172141,-14469.453874
india_born,82,accrual,high,4365896.733058,-56.936475,-13041.186915
india_born,82,cash,low,4365896.733058,-88.300178,-20224.980784
india_born,82,cash,high,4365896.733058,-82.064511,-18796.713824
india_born,83,accrual,low,4143835.762839,-57.924735,-13978.530658
india_born,83,accrual,high,4143835.762839,-52.004304,-12549.798504
india_born,83,cash,low,4143835.762839,-82.240924,-19846.569398
india_born,83,cash,high,4143835.762839,-76.320493,-18417.837244
india_born,84,accrual,low,4299518.252721,-56.146061,-13058.686608
india_born,84,accrual,high,4299518.252721,-50.038101,-11638.071426
india_born,84,cash,low,4299518.252721,-81.694312,-19000.806012
india_born,84,cash,high,4299518.252721,-75.586351,-17580.190829
india_born,85,accrual,low,4364838.935153,-62.965359,-14425.585949
india_born,85,accrual,high,4364838.935153,-56.742858,-12999.988920
india_born,85,cash,low,4364838.935153,-87.809580,-20117.484617
india_born,85,cash,high,4364838.935153,-81.587079,-18691.887588
india_born,86,accrual,low,4392776.196234,-62.950628,-14330.488439
india_born,86,accrual,high,4392776.196234,-56.631258,-12891.906147
india_born,86,cash,low,4392776.196234,-89.626472,-20403.149978
india_born,86,cash,high,4392776.196234,-83.307102,-18964.567687
india_born,87,accrual,low,4245798.473976,-60.678652,-14291.458284
india_born,87,accrual,high,4245798.473976,-54.558367,-12849.966284
india_born,87,cash,low,4245798.473976,-86.974266,-20484.784411
india_born,87,cash,high,4245798.473976,-80.853982,-19043.292410
india_born,88,accrual,low,4410895.028937,-61.394325,-13918.790816
india_born,88,accrual,high,4410895.028937,-55.105952,-12493.145242
india_born,88,cash,low,4410895.028937,-86.988583,-19721.299639
india_born,88,cash,high,4410895.028937,-80.700210,-18295.654065
india_born,89,accrual,low,4306445.848419,-57.971602,-13461.588593
india_born,89,accrual,high,4306445.848419,-51.839073,-12037.553673
india_born,89,cash,low,4306445.848419,-84.228183,-19558.630533
india_born,89,cash,high,4306445.848419,-78.095654,-18134.595612
india_born,90,accrual,low,4290337.179471,-58.276583,-13583.217561
india_born,90,accrual,high,4290337.179471,-52.128771,-12150.273781
india_born,90,cash,low,4290337.179471,-83.949660,-19567.147505
india_born,90,cash,high,4290337.179471,-77.801848,-18134.203725
india_born,91,accrual,low,4228206.599772,-66.050324,-15621.356738
india_born,91,accrual,high,4228206.599772,-59.937940,-14175.735841
india_born,91,cash,low,4228206.599772,-92.011813,-21761.427977
india_born,91,cash,high,4228206.599772,-85.899430,-20315.807081
india_born,92,accrual,low,4196955.499757,-55.849220,-13307.079398
india_born,92,accrual,high,4196955.499757,-49.867024,-11881.713745
india_born,92,cash,low,4196955.499757,-79.350069,-18906.578654
india_born,92,cash,high,4196955.499757,-73.367873,-17481.213001
india_born,93,accrual,low,4274783.494109,-54.096388,-12654.766723
india_born,93,accrual,high,4274783.494109,-48.021809,-11233.740549
india_born,93,cash,low,4274783.494109,-79.698329,-18643.828153
india_born,93,cash,high,4274783.494109,-73.623750,-17222.801979
india_born,94,accrual,low,4353643.752128,-61.583869,-14145.362589
india_born,94,accrual,high,4353643.752128,-55.347237,-12712.853882
india_born,94,cash,low,4353643.752128,-88.128649,-20242.503465
india_born,94,cash,high,4353643.752128,-81.892016,-18809.994758
india_born,95,accrual,low,4231042.294087,-57.856639,-13674.323027
india_born,95,accrual,high,4231042.294087,-51.800437,-12242.949435
india_born,95,cash,low,4231042.294087,-83.250713,-19676.171314
india_born,95,cash,high,4231042.294087,-77.194511,-18244.797722
india_born,96,accrual,low,4124131.706807,-52.973941,-12844.871315
india_born,96,accrual,high,4124131.706807,-47.124589,-11426.547949
india_born,96,cash,low,4124131.706807,-76.243157,-18487.081121
india_born,96,cash,high,4124131.706807,-70.393805,-17068.757755
india_born,97,accrual,low,4175620.575566,-54.368932,-13020.563344
india_born,97,accrual,high,4175620.575566,-48.435901,-11599.689316
india_born,97,cash,low,4175620.575566,-78.749651,-18859.388669
india_born,97,cash,high,4175620.575566,-72.816621,-17438.514642
india_born,98,accrual,low,4172654.914779,-60.063052,-14394.445007
india_born,98,accrual,high,4172654.914779,-54.021334,-12946.513579
india_born,98,cash,low,4172654.914779,-85.495665,-20489.512476
india_born,98,cash,high,4172654.914779,-79.453947,-19041.581048
india_born,99,accrual,low,4190285.192651,-58.525123,-13966.859158
india_born,99,accrual,high,4190285.192651,-52.527272,-12535.488507
india_born,99,cash,low,4190285.192651,-83.662789,-19965.893653
india_born,99,cash,high,4190285.192651,-77.664937,-18534.523002
india_born,100,accrual,low,4145890.983789,-54.832768,-13225.810409
india_born,100,accrual,high,4145890.983789,-48.965805,-11810.683084
india_born,100,cash,low,4145890.983789,-78.938330,-19040.136558
india_born,100,cash,high,4145890.983789,-73.071367,-17625.009233
india_born,101,accrual,low,4288033.690237,-61.300824,-14295.788768
india_born,101,accrual,high,4288033.690237,-55.231276,-12880.327002
india_born,101,cash,low,4288033.690237,-85.289355,-19890.085027
india_born,101,cash,high,4288033.690237,-79.219807,-18474.623262
india_born,102,accrual,low,4308781.753889,-62.436516,-14490.526520
india_born,102,accrual,high,4308781.753889,-56.280789,-13061.879670
india_born,102,cash,low,4308781.753889,-88.156952,-20459.832258
india_born,102,cash,high,4308781.753889,-82.001224,-19031.185408
india_born,103,accrual,low,4185373.926550,-55.477774,-13255.153622
india_born,103,accrual,high,4185373.926550,-49.544618,-11837.560834
india_born,103,cash,low,4185373.926550,-79.948152,-19101.794370
india_born,103,cash,high,4185373.926550,-74.014996,-17684.201582
india_born,104,accrual,low,4306405.519917,-60.111912,-13958.720689
india_born,104,accrual,high,4306405.519917,-53.961227,-12530.456531
india_born,104,cash,low,4306405.519917,-86.324540,-20045.613449
india_born,104,cash,high,4306405.519917,-80.173856,-18617.349291
india_born,105,accrual,low,4202482.628114,-50.326964,-11975.531608
india_born,105,accrual,high,4202482.628114,-44.403210,-10565.947386
india_born,105,cash,low,4202482.628114,-74.007940,-17610.528572
india_born,105,cash,high,4202482.628114,-68.084187,-16200.944350
india_born,106,accrual,low,4390425.972544,-56.086352,-12774.694782
india_born,106,accrual,high,4390425.972544,-49.857677,-11355.999827
india_born,106,cash,low,4390425.972544,-82.122620,-18704.932152
india_born,106,cash,high,4390425.972544,-75.893945,-17286.237197
india_born,107,accrual,low,4243141.782007,-52.194675,-12300.950139
india_born,107,accrual,high,4243141.782007,-46.223588,-10893.717617
india_born,107,cash,low,4243141.782007,-76.374544,-17999.526718
india_born,107,cash,high,4243141.782007,-70.403457,-16592.294196
india_born,108,accrual,low,4163660.467531,-56.218589,-13502.203112
india_born,108,accrual,high,4163660.467531,-50.325230,-12086.775594
india_born,108,cash,low,4163660.467531,-79.585787,-19114.379709
india_born,108,cash,high,4163660.467531,-73.692428,-17698.952192
india_born,109,accrual,low,4226916.346976,-58.973005,-13951.779594
india_born,109,accrual,high,4226916.346976,-52.854274,-12504.215648
india_born,109,cash,low,4226916.346976,-85.076725,-20127.373828
india_born,109,cash,high,4226916.346976,-78.957994,-18679.809881
india_born,110,accrual,low,4235667.153429,-55.761446,-13164.737497
india_born,110,accrual,high,4235667.153429,-49.777830,-11752.063729
india_born,110,cash,low,4235667.153429,-79.334514,-18730.110608
india_born,110,cash,high,4235667.153429,-73.350898,-17317.436840
india_born,111,accrual,low,4143934.877800,-52.677200,-12711.879399
india_born,111,accrual,high,4143934.877800,-46.719986,-11274.305000
india_born,111,cash,low,4143934.877800,-77.668732,-18742.749141
india_born,111,cash,high,4143934.877800,-71.711517,-17305.174742
india_born,112,accrual,low,4333244.477276,-50.718407,-11704.487678
india_born,112,accrual,high,4333244.477276,-44.671047,-10308.914524
india_born,112,cash,low,4333244.477276,-75.095916,-17330.182120
india_born,112,cash,high,4333244.477276,-69.048556,-15934.608965
india_born,113,accrual,low,4168669.615990,-60.986644,-14629.761885
india_born,113,accrual,high,4168669.615990,-55.022795,-13199.125825
india_born,113,cash,low,4168669.615990,-86.452985,-20738.747014
india_born,113,cash,high,4168669.615990,-80.489135,-19308.110954
india_born,114,accrual,low,4245937.717040,-57.125431,-13454.137868
india_born,114,accrual,high,4245937.717040,-51.107374,-12036.769705
india_born,114,cash,low,4245937.717040,-81.884926,-19285.475023
india_born,114,cash,high,4245937.717040,-75.866869,-17868.106860
india_born,115,accrual,low,4369116.003322,-55.240972,-12643.512308
india_born,115,accrual,high,4369116.003322,-49.030183,-11221.991532
india_born,115,cash,low,4369116.003322,-80.436644,-18410.278819
india_born,115,cash,high,4369116.003322,-74.225855,-16988.758042
india_born,116,accrual,low,4335149.671207,-66.012433,-15227.255830
india_born,116,accrual,high,4335149.671207,-59.741122,-13780.636531
india_born,116,cash,low,4335149.671207,-92.983314,-21448.697425
india_born,116,cash,high,4335149.671207,-86.712002,-20002.078126
india_born,117,accrual,low,4530582.187342,-58.836085,-12986.429322
india_born,117,accrual,high,4530582.187342,-52.447554,-11576.338713
india_born,117,cash,low,4530582.187342,-83.176439,-18358.885452
india_born,117,cash,high,4530582.187342,-76.787908,-16948.794843
india_born,118,accrual,low,4331595.894812,-60.520122,-13971.783840
india_born,118,accrual,high,4331595.894812,-54.354109,-12548.287189
india_born,118,cash,low,4331595.894812,-86.214650,-19903.668672
india_born,118,cash,high,4331595.894812,-80.048637,-18480.172021
india_born,119,accrual,low,4339870.418653,-56.874432,-13105.099022
india_born,119,accrual,high,4339870.418653,-50.746007,-11692.977436
india_born,119,cash,low,4339870.418653,-80.843508,-18628.092673
india_born,119,cash,high,4339870.418653,-74.715084,-17215.971088
india_born,120,accrual,low,4303062.594099,-63.717835,-14807.554793
india_born,120,accrual,high,4303062.594099,-57.533379,-13370.332792
india_born,120,cash,low,4303062.594099,-89.668364,-20838.266226
india_born,120,cash,high,4303062.594099,-83.483908,-19401.044224
india_born,121,accrual,low,4222229.817820,-58.637577,-13887.822110
india_born,121,accrual,high,4222229.817820,-52.560333,-12448.477587
india_born,121,cash,low,4222229.817820,-83.837832,-19856.292976
india_born,121,cash,high,4222229.817820,-77.760589,-18416.948454
india_born,122,accrual,low,4179155.985299,-58.662961,-14037.035483
india_born,122,accrual,high,4179155.985299,-52.621289,-12591.367629
india_born,122,cash,low,4179155.985299,-84.349778,-20183.448235
india_born,122,cash,high,4179155.985299,-78.308107,-18737.780382
india_born,123,accrual,low,4402372.971600,-56.373944,-12805.353918
india_born,123,accrual,high,4402372.971600,-50.121666,-11385.147559
india_born,123,cash,low,4402372.971600,-80.848014,-18364.644280
india_born,123,cash,high,4402372.971600,-74.595736,-16944.437920
india_born,124,accrual,low,4292446.703528,-60.377834,-14066.065024
india_born,124,accrual,high,4292446.703528,-54.304152,-12651.095311
india_born,124,cash,low,4292446.703528,-84.211273,-19618.478422
india_born,124,cash,high,4292446.703528,-78.137591,-18203.508709
india_born,125,accrual,low,4163182.319856,-59.860870,-14378.632871
india_born,125,accrual,high,4163182.319856,-53.875546,-12940.952912
india_born,125,cash,low,4163182.319856,-85.192427,-20463.294653
india_born,125,cash,high,4163182.319856,-79.207103,-19025.614694
india_born,126,accrual,low,4157006.468857,-62.500048,-15034.869029
india_born,126,accrual,high,4157006.468857,-56.479845,-13586.662878
india_born,126,cash,low,4157006.468857,-88.057809,-21182.985710
india_born,126,cash,high,4157006.468857,-82.037606,-19734.779559
india_born,127,accrual,low,4274565.657711,-63.530911,-14862.541764
india_born,127,accrual,high,4274565.657711,-57.405553,-13429.564074
india_born,127,cash,low,4274565.657711,-89.522379,-20943.035289
india_born,127,cash,high,4274565.657711,-83.397022,-19510.057599
india_born,128,accrual,low,4475665.058244,-60.019810,-13410.255024
india_born,128,accrual,high,4475665.058244,-53.644351,-11985.783276
india_born,128,cash,low,4475665.058244,-87.085376,-19457.527496
india_born,128,cash,high,4475665.058244,-80.709918,-18033.055748
india_born,129,accrual,low,4329890.874653,-59.363030,-13710.052218
india_born,129,accrual,high,4329890.874653,-53.211895,-12289.431009
india_born,129,cash,low,4329890.874653,-85.264569,-19692.082672
india_born,129,cash,high,4329890.874653,-79.113434,-18271.461463
india_born,130,accrual,low,4214867.271363,-61.825576,-14668.451368
india_born,130,accrual,high,4214867.271363,-55.820382,-13243.686876
india_born,130,cash,low,4214867.271363,-85.685225,-20329.282001
india_born,130,cash,high,4214867.271363,-79.680032,-18904.517509
india_born,131,accrual,low,4244785.329357,-63.382261,-14931.794110
india_born,131,accrual,high,4244785.329357,-57.278645,-13493.884991
india_born,131,cash,low,4244785.329357,-89.261079,-21028.408361
india_born,131,cash,high,4244785.329357,-83.157464,-19590.499242
india_born,132,accrual,low,4257396.177943,-55.826836,-13112.905919
india_born,132,accrual,high,4257396.177943,-49.793680,-11695.806142
india_born,132,cash,low,4257396.177943,-80.094451,-18813.013373
india_born,132,cash,high,4257396.177943,-74.061296,-17395.913596
india_born,133,accrual,low,4294425.727073,-55.669481,-12963.195706
india_born,133,accrual,high,4294425.727073,-49.571090,-11543.124357
india_born,133,cash,low,4294425.727073,-80.006824,-18630.389600
india_born,133,cash,high,4294425.727073,-73.908433,-17210.318251
india_born,134,accrual,low,4273409.163635,-57.161592,-13376.110159
india_born,134,accrual,high,4273409.163635,-51.060269,-11948.368823
india_born,134,cash,low,4273409.163635,-82.390410,-19279.785136
india_born,134,cash,high,4273409.163635,-76.289088,-17852.043800
india_born,135,accrual,low,4269084.032006,-60.578404,-14190.023729
india_born,135,accrual,high,4269084.032006,-54.539136,-12775.371873
india_born,135,cash,low,4269084.032006,-86.167898,-20184.165454
india_born,135,cash,high,4269084.032006,-80.128631,-18769.513598
india_born,136,accrual,low,4431970.525152,-59.449943,-13413.884905
india_born,136,accrual,high,4431970.525152,-53.169420,-11996.789981
india_born,136,cash,low,4431970.525152,-85.693760,-19335.363293
india_born,136,cash,high,4431970.525152,-79.413237,-17918.268369
india_born,137,accrual,low,4353234.719179,-56.761091,-13038.830858
india_born,137,accrual,high,4353234.719179,-50.596361,-11622.704487
india_born,137,cash,low,4353234.719179,-83.032289,-19073.698971
india_born,137,cash,high,4353234.719179,-76.867558,-17657.572601
india_born,138,accrual,low,4249438.659813,-61.017691,-14359.000237
india_born,138,accrual,high,4249438.659813,-54.896320,-12918.487565
india_born,138,cash,low,4249438.659813,-87.626767,-20620.786421
india_born,138,cash,high,4249438.659813,-81.505397,-19180.273749
india_born,139,accrual,low,4158393.049611,-55.949043,-13454.486377
india_born,139,accrual,high,4158393.049611,-50.048382,-12035.510169
india_born,139,cash,low,4158393.049611,-80.261002,-19300.965714
india_born,139,cash,high,4158393.049611,-74.360341,-17881.989505
india_born,140,accrual,low,4260547.405596,-60.926473,-14300.151452
india_born,140,accrual,high,4260547.405596,-54.845476,-12872.870615
india_born,140,cash,low,4260547.405596,-85.679253,-20109.916490
india_born,140,cash,high,4260547.405596,-79.598255,-18682.635653
india_born,141,accrual,low,4382752.123157,-59.289314,-13527.872874
india_born,141,accrual,high,4382752.123157,-53.034295,-12100.683158
india_born,141,cash,low,4382752.123157,-85.856674,-19589.671365
india_born,141,cash,high,4382752.123157,-79.601655,-18162.481649
india_born,142,accrual,low,4206488.456507,-58.827157,-13984.861101
india_born,142,accrual,high,4206488.456507,-52.803667,-12552.909052
india_born,142,cash,low,4206488.456507,-84.770055,-20152.213982
india_born,142,cash,high,4206488.456507,-78.746566,-18720.261933
india_born,143,accrual,low,4378231.048738,-62.017597,-14164.989564
india_born,143,accrual,high,4378231.048738,-55.778687,-12740.005366
india_born,143,cash,low,4378231.048738,-87.758876,-20044.368293
india_born,143,cash,high,4378231.048738,-81.519966,-18619.384096
india_born,144,accrual,low,4345524.541832,-60.541157,-13931.840943
india_born,144,accrual,high,4345524.541832,-54.289768,-12493.259997
india_born,144,cash,low,4345524.541832,-86.730918,-19958.676354
india_born,144,cash,high,4345524.541832,-80.479529,-18520.095409
india_born,145,accrual,low,4128988.130518,-56.402377,-13660.096691
india_born,145,accrual,high,4128988.130518,-50.527052,-12237.151145
india_born,145,cash,low,4128988.130518,-79.236648,-19190.330847
india_born,145,cash,high,4128988.130518,-73.361323,-17767.385301
india_born,146,accrual,low,4258574.795187,-50.987058,-11972.798570
india_born,146,accrual,high,4258574.795187,-44.995509,-10565.860928
india_born,146,cash,low,4258574.795187,-75.125582,-17641.014992
india_born,146,cash,high,4258574.795187,-69.134033,-16234.077349
india_born,147,accrual,low,4428872.637291,-56.148100,-12677.740932
india_born,147,accrual,high,4428872.637291,-49.910250,-11269.290008
india_born,147,cash,low,4428872.637291,-80.787875,-18241.182641
india_born,147,cash,high,4428872.637291,-74.550025,-16832.731716
india_born,148,accrual,low,4244369.460813,-57.414106,-13527.122522
india_born,148,accrual,high,4244369.460813,-51.368669,-12102.779825
india_born,148,cash,low,4244369.460813,-83.144322,-19589.322386
india_born,148,cash,high,4244369.460813,-77.098885,-18164.979689
india_born,149,accrual,low,4312968.647336,-61.172859,-14183.469323
india_born,149,accrual,high,4312968.647336,-55.026369,-12758.351227
india_born,149,cash,low,4312968.647336,-86.060205,-19953.821045
india_born,149,cash,high,4312968.647336,-79.913715,-18528.702949
india_born,150,accrual,low,4170082.070212,-61.890326,-14841.512810
india_born,150,accrual,high,4170082.070212,-55.890075,-13402.631804
india_born,150,cash,low,4170082.070212,-87.853015,-21067.454743
india_born,150,cash,high,4170082.070212,-81.852763,-19628.573737
india_born,151,accrual,low,4259907.303085,-59.253964,-13909.683994
india_born,151,accrual,high,4259907.303085,-53.191924,-12486.638836
india_born,151,cash,low,4259907.303085,-83.895542,-19694.217706
india_born,151,cash,high,4259907.303085,-77.833501,-18271.172549
india_born,152,accrual,low,4388346.315293,-60.013279,-13675.602243
india_born,152,accrual,high,4388346.315293,-53.774133,-12253.849086
india_born,152,cash,low,4388346.315293,-86.141487,-19629.600977
india_born,152,cash,high,4388346.315293,-79.902342,-18207.847819
india_born,153,accrual,low,4375429.269586,-59.451410,-13587.560559
india_born,153,accrual,high,4375429.269586,-53.216808,-12162.648501
india_born,153,cash,low,4375429.269586,-84.862417,-19395.220822
india_born,153,cash,high,4375429.269586,-78.627815,-17970.308764
india_born,154,accrual,low,4378246.802386,-54.502602,-12448.499279
india_born,154,accrual,high,4378246.802386,-48.314199,-11035.056182
india_born,154,cash,low,4378246.802386,-80.145726,-18305.438041
india_born,154,cash,high,4378246.802386,-73.957323,-16891.994944
india_born,155,accrual,low,4272167.299441,-60.864008,-14246.634930
india_born,155,accrual,high,4272167.299441,-54.756363,-12816.998784
india_born,155,cash,low,4272167.299441,-85.991483,-20128.304159
india_born,155,cash,high,4272167.299441,-79.883838,-18698.668014
india_born,156,accrual,low,4338603.212806,-58.552353,-13495.668921
india_born,156,accrual,high,4338603.212806,-52.380250,-12073.067674
india_born,156,cash,low,4338603.212806,-82.426681,-18998.437327
india_born,156,cash,high,4338603.212806,-76.254579,-17575.836080
india_born,157,accrual,low,4349665.719798,-55.758176,-12818.956501
india_born,157,accrual,high,4349665.719798,-49.569433,-11396.147796
india_born,157,cash,low,4349665.719798,-81.562332,-18751.402275
india_born,157,cash,high,4349665.719798,-75.373589,-17328.593571
india_born,158,accrual,low,4338836.617573,-62.458021,-14395.107793
india_born,158,accrual,high,4338836.617573,-56.300506,-12975.945117
india_born,158,cash,low,4338836.617573,-87.580396,-20185.225659
india_born,158,cash,high,4338836.617573,-81.422881,-18766.062982
india_born,159,accrual,low,4331098.643929,-58.935995,-13607.631544
india_born,159,accrual,high,4331098.643929,-52.848025,-12201.990514
india_born,159,cash,low,4331098.643929,-83.507832,-19280.981373
india_born,159,cash,high,4331098.643929,-77.419862,-17875.340344
india_born,160,accrual,low,4313383.783033,-55.876616,-12954.241671
india_born,160,accrual,high,4313383.783033,-49.722791,-11527.560126
india_born,160,cash,low,4313383.783033,-80.517214,-18666.832808
india_born,160,cash,high,4313383.783033,-74.363389,-17240.151264
india_born_white_ages,0,accrual,low,4281769.744983,-38.382256,-8964.110228
india_born_white_ages,0,accrual,high,4281769.744983,-32.913791,-7686.959545
india_born_white_ages,0,cash,low,4281769.744983,-44.600500,-10416.370456
india_born_white_ages,0,cash,high,4281769.744983,-39.132035,-9139.219773
india_born_white_ages,1,accrual,low,4283048.571823,-38.728439,-9042.260046
india_born_white_ages,1,accrual,high,4283048.571823,-33.259193,-7765.308418
india_born_white_ages,1,cash,low,4283048.571823,-44.890373,-10480.939515
india_born_white_ages,1,cash,high,4283048.571823,-39.421127,-9203.987888
india_born_white_ages,2,accrual,low,4176644.297929,-36.282275,-8686.944086
india_born_white_ages,2,accrual,high,4176644.297929,-30.971523,-7415.408243
india_born_white_ages,2,cash,low,4176644.297929,-41.478399,-9931.034546
india_born_white_ages,2,cash,high,4176644.297929,-36.167646,-8659.498702
india_born_white_ages,3,accrual,low,4221664.332756,-41.620812,-9858.863288
india_born_white_ages,3,accrual,high,4221664.332756,-36.196715,-8574.039031
india_born_white_ages,3,cash,low,4221664.332756,-48.684515,-11532.066869
india_born_white_ages,3,cash,high,4221664.332756,-43.260419,-10247.242611
india_born_white_ages,4,accrual,low,4387006.806116,-42.591527,-9708.561829
india_born_white_ages,4,accrual,high,4387006.806116,-36.922029,-8416.223340
india_born_white_ages,4,cash,low,4387006.806116,-48.080535,-10959.758403
india_born_white_ages,4,cash,high,4387006.806116,-42.411037,-9667.419914
india_born_white_ages,5,accrual,low,4140831.566749,-33.832579,-8170.479421
india_born_white_ages,5,accrual,high,4140831.566749,-28.567851,-6899.061230
india_born_white_ages,5,cash,low,4140831.566749,-39.290689,-9488.598779
india_born_white_ages,5,cash,high,4140831.566749,-34.025961,-8217.180588
india_born_white_ages,6,accrual,low,4271694.481456,-36.563922,-8559.582740
india_born_white_ages,6,accrual,high,4271694.481456,-31.086605,-7277.347572
india_born_white_ages,6,cash,low,4271694.481456,-43.541648,-10193.062294
india_born_white_ages,6,cash,high,4271694.481456,-38.064331,-8910.827126
india_born_white_ages,7,accrual,low,4144506.774113,-34.196826,-8251.120835
india_born_white_ages,7,accrual,high,4144506.774113,-28.959658,-6987.480012
india_born_white_ages,7,cash,low,4144506.774113,-40.176242,-9693.853587
india_born_white_ages,7,cash,high,4144506.774113,-34.939074,-8430.212765
india_born_white_ages,8,accrual,low,4308258.838192,-37.476419,-8698.738848
india_born_white_ages,8,accrual,high,4308258.838192,-32.015339,-7431.154903
india_born_white_ages,8,cash,low,4308258.838192,-42.754423,-9923.828864
india_born_white_ages,8,cash,high,4308258.838192,-37.293344,-8656.244920
india_born_white_ages,9,accrual,low,4236923.872408,-38.763528,-9148.979044
india_born_white_ages,9,accrual,high,4236923.872408,-33.352011,-7871.751407
india_born_white_ages,9,cash,low,4236923.872408,-44.367401,-10471.606756
india_born_white_ages,9,cash,high,4236923.872408,-38.955884,-9194.379119
india_born_white_ages,10,accrual,low,4310875.789596,-36.620461,-8494.900588
india_born_white_ages,10,accrual,high,4310875.789596,-31.170560,-7230.679319
india_born_white_ages,10,cash,low,4310875.789596,-41.932471,-9727.134974
india_born_white_ages,10,cash,high,4310875.789596,-36.482570,-8462.913705
india_born_white_ages,11,accrual,low,4175970.563562,-38.979655,-9334.274289
india_born_white_ages,11,accrual,high,4175970.563562,-33.612337,-8048.987976
india_born_white_ages,11,cash,low,4175970.563562,-45.803030,-10968.235867
india_born_white_ages,11,cash,high,4175970.563562,-40.435712,-9682.949554
india_born_white_ages,12,accrual,low,4362573.064457,-39.734511,-9108.044718
india_born_white_ages,12,accrual,high,4362573.064457,-34.166140,-7831.648850
india_born_white_ages,12,cash,low,4362573.064457,-45.434772,-10414.673126
india_born_white_ages,12,cash,high,4362573.064457,-39.866402,-9138.277257
india_born_white_ages,13,accrual,low,4264261.697496,-39.206128,-9194.118599
india_born_white_ages,13,accrual,high,4264261.697496,-33.742472,-7912.852039
india_born_white_ages,13,cash,low,4264261.697496,-45.144744,-10586.766674
india_born_white_ages,13,cash,high,4264261.697496,-39.681088,-9305.500114
india_born_white_ages,14,accrual,low,4204434.841342,-41.259671,-9813.369198
india_born_white_ages,14,accrual,high,4204434.841342,-35.859426,-8528.952665
india_born_white_ages,14,cash,low,4204434.841342,-47.601354,-11321.701045
india_born_white_ages,14,cash,high,4204434.841342,-42.201109,-10037.284512
india_born_white_ages,15,accrual,low,4236074.177544,-38.390413,-9062.733942
india_born_white_ages,15,accrual,high,4236074.177544,-32.966693,-7782.369047
india_born_white_ages,15,cash,low,4236074.177544,-46.100719,-10882.887561
india_born_white_ages,15,cash,high,4236074.177544,-40.676998,-9602.522666
india_born_white_ages,16,accrual,low,4329508.478658,-31.407193,-7254.216762
india_born_white_ages,16,accrual,high,4329508.478658,-25.957974,-5995.593701
india_born_white_ages,16,cash,low,4329508.478658,-37.467946,-8654.087629
india_born_white_ages,16,cash,high,4329508.478658,-32.018727,-7395.464568
india_born_white_ages,17,accrual,low,4470265.629984,-40.381887,-9033.442310
india_born_white_ages,17,accrual,high,4470265.629984,-34.650963,-7751.432555
india_born_white_ages,17,cash,low,4470265.629984,-47.060406,-10527.429497
india_born_white_ages,17,cash,high,4470265.629984,-41.329482,-9245.419742
india_born_white_ages,18,accrual,low,4256920.212267,-34.658408,-8141.662562
india_born_white_ages,18,accrual,high,4256920.212267,-29.245995,-6870.224007
india_born_white_ages,18,cash,low,4256920.212267,-39.659512,-9316.479908
india_born_white_ages,18,cash,high,4256920.212267,-34.247099,-8045.041353
india_born_white_ages,19,accrual,low,4270157.815908,-36.401782,-8524.692393
india_born_white_ages,19,accrual,high,4270157.815908,-31.001583,-7260.055456
india_born_white_ages,19,cash,low,4270157.815908,-42.262051,-9897.069951
india_born_white_ages,19,cash,high,4270157.815908,-36.861851,-8632.433015
india_born_white_ages,20,accrual,low,4362649.351904,-40.937890,-9383.722315
india_born_white_ages,20,accrual,high,4362649.351904,-35.330095,-8098.311922
india_born_white_ages,20,cash,low,4362649.351904,-48.546221,-11127.692678
india_born_white_ages,20,cash,high,4362649.351904,-42.938426,-9842.282285
india_born_white_ages,21,accrual,low,4215749.344185,-40.765203,-9669.740597
india_born_white_ages,21,accrual,high,4215749.344185,-35.368139,-8389.525988
india_born_white_ages,21,cash,low,4215749.344185,-45.667240,-10832.531973
india_born_white_ages,21,cash,high,4215749.344185,-40.270176,-9552.317364
india_born_white_ages,22,accrual,low,4415144.438922,-39.806017,-9015.790365
india_born_white_ages,22,accrual,high,4415144.438922,-34.212791,-7748.962931
india_born_white_ages,22,cash,low,4415144.438922,-44.931714,-10176.725625
india_born_white_ages,22,cash,high,4415144.438922,-39.338487,-8909.898191
india_born_white_ages,23,accrual,low,4353144.010103,-41.537568,-9541.969603
india_born_white_ages,23,accrual,high,4353144.010103,-35.945009,-8257.252416
india_born_white_ages,23,cash,low,4353144.010103,-47.042016,-10806.445977
india_born_white_ages,23,cash,high,4353144.010103,-41.449457,-9521.728790
india_born_white_ages,24,accrual,low,4437107.473446,-41.318683,-9312.076275
india_born_white_ages,24,accrual,high,4437107.473446,-35.614777,-8026.575321
india_born_white_ages,24,cash,low,4437107.473446,-48.498709,-10930.253281
india_born_white_ages,24,cash,high,4437107.473446,-42.794803,-9644.752327
india_born_white_ages,25,accrual,low,4296920.080879,-37.470069,-8720.215589
india_born_white_ages,25,accrual,high,4296920.080879,-32.000796,-7447.379782
india_born_white_ages,25,cash,low,4296920.080879,-44.879364,-10444.542451
india_born_white_ages,25,cash,high,4296920.080879,-39.410090,-9171.706644
india_born_white_ages,26,accrual,low,4293550.267266,-38.063032,-8865.165158
india_born_white_ages,26,accrual,high,4293550.267266,-32.554577,-7582.204603
india_born_white_ages,26,cash,low,4293550.267266,-43.072507,-10031.909327
india_born_white_ages,26,cash,high,4293550.267266,-37.564051,-8748.948772
india_born_white_ages,27,accrual,low,4250357.345249,-38.632933,-9089.337568
india_born_white_ages,27,accrual,high,4250357.345249,-33.173602,-7804.897180
india_born_white_ages,27,cash,low,4250357.345249,-45.228651,-10641.140709
india_born_white_ages,27,cash,high,4250357.345249,-39.769320,-9356.700321
india_born_white_ages,28,accrual,low,4327619.573760,-36.249167,-8376.236849
india_born_white_ages,28,accrual,high,4327619.573760,-30.692130,-7092.150643
india_born_white_ages,28,cash,low,4327619.573760,-43.648079,-10085.932577
india_born_white_ages,28,cash,high,4327619.573760,-38.091043,-8801.846371
india_born_white_ages,29,accrual,low,4361549.434208,-37.855716,-8679.419317
india_born_white_ages,29,accrual,high,4361549.434208,-32.323763,-7411.073516
india_born_white_ages,29,cash,low,4361549.434208,-42.800371,-9813.111538
india_born_white_ages,29,cash,high,4361549.434208,-37.268418,-8544.765737
india_born_white_ages,30,accrual,low,4386956.760032,-44.148367,-10063.551978
india_born_white_ages,30,accrual,high,4386956.760032,-38.490872,-8773.934683
india_born_white_ages,30,cash,low,4386956.760032,-50.706982,-11558.578071
india_born_white_ages,30,cash,high,4386956.760032,-45.049487,-10268.960776
india_born_white_ages,31,accrual,low,4347475.446458,-34.519113,-7940.036278
india_born_white_ages,31,accrual,high,4347475.446458,-29.033561,-6678.257518
india_born_white_ages,31,cash,low,4347475.446458,-39.868585,-9170.514199
india_born_white_ages,31,cash,high,4347475.446458,-34.383033,-7908.735439
india_born_white_ages,32,accrual,low,4219372.226478,-39.857597,-9446.333414
india_born_white_ages,32,accrual,high,4219372.226478,-34.471127,-8169.728858
india_born_white_ages,32,cash,low,4219372.226478,-45.521249,-10788.630880
india_born_white_ages,32,cash,high,4219372.226478,-40.134780,-9512.026325
india_born_white_ages,33,accrual,low,4318950.650553,-41.192470,-9537.610615
india_born_white_ages,33,accrual,high,4318950.650553,-35.677021,-8260.576161
india_born_white_ages,33,cash,low,4318950.650553,-46.750801,-10824.573976
india_born_white_ages,33,cash,high,4318950.650553,-41.235352,-9547.539522
india_born_white_ages,34,accrual,low,4369288.356104,-38.942311,-8912.735438
india_born_white_ages,34,accrual,high,4369288.356104,-33.298034,-7620.928354
india_born_white_ages,34,cash,low,4369288.356104,-46.718782,-10692.538054
india_born_white_ages,34,cash,high,4369288.356104,-41.074504,-9400.730970
india_born_white_ages,35,accrual,low,4505413.014575,-36.141394,-8021.771543
india_born_white_ages,35,accrual,high,4505413.014575,-30.426728,-6753.371437
india_born_white_ages,35,cash,low,4505413.014575,-44.075954,-9782.888723
india_born_white_ages,35,cash,high,4505413.014575,-38.361288,-8514.488617
india_born_white_ages,36,accrual,low,4350523.820331,-37.600533,-8642.759956
india_born_white_ages,36,accrual,high,4350523.820331,-32.044099,-7365.572590
india_born_white_ages,36,cash,low,4350523.820331,-45.868812,-10543.284803
india_born_white_ages,36,cash,high,4350523.820331,-40.312378,-9266.097437
india_born_white_ages,37,accrual,low,4249125.607478,-41.412393,-9746.097731
india_born_white_ages,37,accrual,high,4249125.607478,-35.935191,-8457.079110
india_born_white_ages,37,cash,low,4249125.607478,-47.837583,-11258.218102
india_born_white_ages,37,cash,high,4249125.607478,-42.360381,-9969.199482
india_born_white_ages,38,accrual,low,4229980.646247,-40.712944,-9624.853460
india_born_white_ages,38,accrual,high,4229980.646247,-35.275699,-8339.446947
india_born_white_ages,38,cash,low,4229980.646247,-46.839369,-11073.187559
india_born_white_ages,38,cash,high,4229980.646247,-41.402124,-9787.781046
india_born_white_ages,39,accrual,low,4278253.361124,-37.434834,-8750.027388
india_born_white_ages,39,accrual,high,4278253.361124,-32.006279,-7481.155501
india_born_white_ages,39,cash,low,4278253.361124,-44.401101,-10378.324355
india_born_white_ages,39,cash,high,4278253.361124,-38.972546,-9109.452467
india_born_white_ages,40,accrual,low,4280470.254336,-40.039081,-9353.897781
india_born_white_ages,40,accrual,high,4280470.254336,-34.590873,-8081.091871
india_born_white_ages,40,cash,low,4280470.254336,-46.538843,-10872.366973
india_born_white_ages,40,cash,high,4280470.254336,-41.090636,-9599.561063
india_born_white_ages,41,accrual,low,4191429.338585,-37.735553,-9003.027432
india_born_white_ages,41,accrual,high,4191429.338585,-32.354458,-7719.194527
india_born_white_ages,41,cash,low,4191429.338585,-43.899073,-10473.532998
india_born_white_ages,41,cash,high,4191429.338585,-38.517979,-9189.700093
india_born_white_ages,42,accrual,low,4208345.330346,-37.909232,-9008.108586
india_born_white_ages,42,accrual,high,4208345.330346,-32.530032,-7729.886661
india_born_white_ages,42,cash,low,4208345.330346,-45.241873,-10750.513434
india_born_white_ages,42,cash,high,4208345.330346,-39.862674,-9472.291509
india_born_white_ages,43,accrual,low,4514354.903566,-39.134720,-8668.950751
india_born_white_ages,43,accrual,high,4514354.903566,-33.381243,-7394.465780
india_born_white_ages,43,cash,low,4514354.903566,-46.118003,-10215.856702
india_born_white_ages,43,cash,high,4514354.903566,-40.364525,-8941.371731
india_born_white_ages,44,accrual,low,4209603.809601,-38.295101,-9097.079643
india_born_white_ages,44,accrual,high,4209603.809601,-32.863557,-7806.805255
india_born_white_ages,44,cash,low,4209603.809601,-44.901411,-10666.421999
india_born_white_ages,44,cash,high,4209603.809601,-39.469867,-9376.147612
india_born_white_ages,45,accrual,low,4210583.092326,-37.570613,-8922.900224
india_born_white_ages,45,accrual,high,4210583.092326,-32.202324,-7647.948766
india_born_white_ages,45,cash,low,4210583.092326,-43.080915,-10231.579464
india_born_white_ages,45,cash,high,4210583.092326,-37.712626,-8956.628005
india_born_white_ages,46,accrual,low,4352191.366220,-38.650634,-8880.729357
india_born_white_ages,46,accrual,high,4352191.366220,-33.106369,-7606.827506
india_born_white_ages,46,cash,low,4352191.366220,-45.850001,-10534.923067
india_born_white_ages,46,cash,high,4352191.366220,-40.305737,-9261.021216
india_born_white_ages,47,accrual,low,4242998.476481,-39.526507,-9315.701538
india_born_white_ages,47,accrual,high,4242998.476481,-34.090474,-8034.524188
india_born_white_ages,47,cash,low,4242998.476481,-45.634876,-10755.336340
india_born_white_ages,47,cash,high,4242998.476481,-40.198842,-9474.158990
india_born_white_ages,48,accrual,low,4383142.569579,-40.930495,-9338.161862
india_born_white_ages,48,accrual,high,4383142.569579,-35.354878,-8066.102718
india_born_white_ages,48,cash,low,4383142.569579,-47.195375,-10767.474213
india_born_white_ages,48,cash,high,4383142.569579,-41.619758,-9495.415069
india_born_white_ages,49,accrual,low,4398735.645660,-34.446185,-7830.928654
india_born_white_ages,49,accrual,high,4398735.645660,-28.904927,-6571.189849
india_born_white_ages,49,cash,low,4398735.645660,-40.650282,-9241.355983
india_born_white_ages,49,cash,high,4398735.645660,-35.109024,-7981.617179
india_born_white_ages,50,accrual,low,4048038.913561,-33.974789,-8392.900752
india_born_white_ages,50,accrual,high,4048038.913561,-28.857440,-7128.745759
india_born_white_ages,50,cash,low,4048038.913561,-39.486878,-9754.569771
india_born_white_ages,50,cash,high,4048038.913561,-34.369529,-8490.414777
india_born_white_ages,51,accrual,low,4176275.992487,-41.276317,-9883.522234
india_born_white_ages,51,accrual,high,4176275.992487,-35.905846,-8597.574921
india_born_white_ages,51,cash,low,4176275.992487,-47.508220,-11375.737621
india_born_white_ages,51,cash,high,4176275.992487,-42.137749,-10089.790308
india_born_white_ages,52,accrual,low,4324493.674881,-39.031750,-9025.738665
india_born_white_ages,52,accrual,high,4324493.674881,-33.489456,-7744.133311
india_born_white_ages,52,cash,low,4324493.674881,-46.507113,-10754.348745
india_born_white_ages,52,cash,high,4324493.674881,-40.964819,-9472.743391
india_born_white_ages,53,accrual,low,4349254.893072,-38.010684,-8739.585373
india_born_white_ages,53,accrual,high,4349254.893072,-32.485455,-7469.200025
india_born_white_ages,53,cash,low,4349254.893072,-44.080763,-10135.244802
india_born_white_ages,53,cash,high,4349254.893072,-38.555533,-8864.859454
india_born_white_ages,54,accrual,low,4258043.345559,-41.979761,-9858.932180
india_born_white_ages,54,accrual,high,4258043.345559,-36.570884,-8588.659430
india_born_white_ages,54,cash,low,4258043.345559,-47.619598,-11183.445978
india_born_white_ages,54,cash,high,4258043.345559,-42.210721,-9913.173228
india_born_white_ages,55,accrual,low,4208390.775494,-42.641002,-10132.377141
india_born_white_ages,55,accrual,high,4208390.775494,-37.234360,-8847.647842
india_born_white_ages,55,cash,low,4208390.775494,-48.752936,-11584.698042
india_born_white_ages,55,cash,high,4208390.775494,-43.346293,-10299.968743
india_born_white_ages,56,accrual,low,4154185.182842,-37.073207,-8924.302995
india_born_white_ages,56,accrual,high,4154185.182842,-31.747194,-7642.219316
india_born_white_ages,56,cash,low,4154185.182842,-42.952913,-10339.672269
india_born_white_ages,56,cash,high,4154185.182842,-37.626900,-9057.588590
india_born_white_ages,57,accrual,low,4143010.251072,-38.948471,-9401.007676
india_born_white_ages,57,accrual,high,4143010.251072,-33.679621,-8129.263158
india_born_white_ages,57,cash,low,4143010.251072,-42.512566,-10261.274600
india_born_white_ages,57,cash,high,4143010.251072,-37.243715,-8989.530082
india_born_white_ages,58,accrual,low,4328728.062399,-38.025764,-8784.512020
india_born_white_ages,58,accrual,high,4328728.062399,-32.540285,-7517.285623
india_born_white_ages,58,cash,low,4328728.062399,-43.677016,-10090.034613
india_born_white_ages,58,cash,high,4328728.062399,-38.191538,-8822.808216
india_born_white_ages,59,accrual,low,4128771.601252,-33.340639,-8075.195892
india_born_white_ages,59,accrual,high,4128771.601252,-28.082733,-6801.716367
india_born_white_ages,59,cash,low,4128771.601252,-37.895002,-9178.275123
india_born_white_ages,59,cash,high,4128771.601252,-32.637096,-7904.795599
india_born_white_ages,60,accrual,low,4333122.196594,-38.924804,-8983.084720
india_born_white_ages,60,accrual,high,4333122.196594,-33.357512,-7698.262559
india_born_white_ages,60,cash,low,4333122.196594,-45.873531,-10586.715337
india_born_white_ages,60,cash,high,4333122.196594,-40.306240,-9301.893176
india_born_white_ages,61,accrual,low,4323046.042092,-34.266103,-7926.379348
india_born_white_ages,61,accrual,high,4323046.042092,-28.795569,-6660.944271
india_born_white_ages,61,cash,low,4323046.042092,-39.806095,-9207.881265
india_born_white_ages,61,cash,high,4323046.042092,-34.335561,-7942.446188
india_born_white_ages,62,accrual,low,4185858.383287,-37.725276,-9012.554367
india_born_white_ages,62,accrual,high,4185858.383287,-32.350839,-7728.603307
india_born_white_ages,62,cash,low,4185858.383287,-45.270517,-10815.109670
india_born_white_ages,62,cash,high,4185858.383287,-39.896080,-9531.158610
india_born_white_ages,63,accrual,low,4149190.202979,-37.204271,-8966.634157
india_born_white_ages,63,accrual,high,4149190.202979,-31.866906,-7680.271131
india_born_white_ages,63,cash,low,4149190.202979,-43.899468,-10580.249545
india_born_white_ages,63,cash,high,4149190.202979,-38.562103,-9293.886518
india_born_white_ages,64,accrual,low,4152333.188364,-35.313394,-8504.470337
india_born_white_ages,64,accrual,high,4152333.188364,-30.064967,-7240.499599
india_born_white_ages,64,cash,low,4152333.188364,-40.816950,-9829.883148
india_born_white_ages,64,cash,high,4152333.188364,-35.568522,-8565.912410
india_born_white_ages,65,accrual,low,4420848.952739,-39.508629,-8936.887431
india_born_white_ages,65,accrual,high,4420848.952739,-33.891141,-7666.206466
india_born_white_ages,65,cash,low,4420848.952739,-46.840338,-10595.326442
india_born_white_ages,65,cash,high,4420848.952739,-41.222849,-9324.645477
india_born_white_ages,66,accrual,low,4187623.970777,-38.082871,-9094.147837
india_born_white_ages,66,accrual,high,4187623.970777,-32.719911,-7813.478743
india_born_white_ages,66,cash,low,4187623.970777,-44.566111,-10642.338300
india_born_white_ages,66,cash,high,4187623.970777,-39.203150,-9361.669206
india_born_white_ages,67,accrual,low,4298532.362016,-43.988797,-10233.445533
india_born_white_ages,67,accrual,high,4298532.362016,-38.418807,-8937.656904
india_born_white_ages,67,cash,low,4298532.362016,-50.590361,-11769.217263
india_born_white_ages,67,cash,high,4298532.362016,-45.020372,-10473.428633
india_born_white_ages,68,accrual,low,4225767.868898,-31.543682,-7464.603638
india_born_white_ages,68,accrual,high,4225767.868898,-26.195987,-6199.106902
india_born_white_ages,68,cash,low,4225767.868898,-38.475745,-9105.030320
india_born_white_ages,68,cash,high,4225767.868898,-33.128049,-7839.533584
india_born_white_ages,69,accrual,low,4334777.450284,-41.974282,-9683.145694
india_born_white_ages,69,accrual,high,4334777.450284,-36.430667,-8404.276189
india_born_white_ages,69,cash,low,4334777.450284,-47.583042,-10977.043701
india_born_white_ages,69,cash,high,4334777.450284,-42.039427,-9698.174196
india_born_white_ages,70,accrual,low,4345322.974553,-42.861659,-9863.860389
india_born_white_ages,70,accrual,high,4345322.974553,-37.267393,-8576.437875
india_born_white_ages,70,cash,low,4345322.974553,-49.639879,-11423.748967
india_born_white_ages,70,cash,high,4345322.974553,-44.045612,-10136.326453
india_born_white_ages,71,accrual,low,4349458.191265,-43.586922,-10021.230149
india_born_white_ages,71,accrual,high,4349458.191265,-37.986630,-8733.646461
india_born_white_ages,71,cash,low,4349458.191265,-49.532008,-11388.086974
india_born_white_ages,71,cash,high,4349458.191265,-43.931717,-10100.503286
india_born_white_ages,72,accrual,low,4188474.197575,-38.156132,-9109.792691
india_born_white_ages,72,accrual,high,4188474.197575,-32.808729,-7833.097960
india_born_white_ages,72,cash,low,4188474.197575,-43.642917,-10419.765155
india_born_white_ages,72,cash,high,4188474.197575,-38.295515,-9143.070424
india_born_white_ages,73,accrual,low,4403890.205351,-36.665764,-8325.766957
india_born_white_ages,73,accrual,high,4403890.205351,-31.094694,-7060.733301
india_born_white_ages,73,cash,low,4403890.205351,-43.341274,-9841.588339
india_born_white_ages,73,cash,high,4403890.205351,-37.770205,-8576.554683
india_born_white_ages,74,accrual,low,4192550.930953,-35.375544,-8437.713504
india_born_white_ages,74,accrual,high,4192550.930953,-30.043764,-7165.986761
india_born_white_ages,74,cash,low,4192550.930953,-40.777708,-9726.228302
india_born_white_ages,74,cash,high,4192550.930953,-35.445928,-8454.501559
india_born_white_ages,75,accrual,low,4388839.934638,-39.568507,-9015.709749
india_born_white_ages,75,accrual,high,4388839.934638,-33.958370,-7737.436410
india_born_white_ages,75,cash,low,4388839.934638,-46.028694,-10487.667621
india_born_white_ages,75,cash,high,4388839.934638,-40.418557,-9209.394282
india_born_white_ages,76,accrual,low,4296301.407728,-41.279375,-9608.118899
india_born_white_ages,76,accrual,high,4296301.407728,-35.730009,-8316.457704
india_born_white_ages,76,cash,low,4296301.407728,-47.101065,-10963.165932
india_born_white_ages,76,cash,high,4296301.407728,-41.551699,-9671.504737
india_born_white_ages,77,accrual,low,4256128.209249,-37.713629,-8861.018109
india_born_white_ages,77,accrual,high,4256128.209249,-32.274597,-7583.088527
india_born_white_ages,77,cash,low,4256128.209249,-44.103531,-10362.359683
india_born_white_ages,77,cash,high,4256128.209249,-38.664499,-9084.430101
india_born_white_ages,78,accrual,low,4248704.133442,-38.657132,-9098.570029
india_born_white_ages,78,accrual,high,4248704.133442,-33.230045,-7821.218997
india_born_white_ages,78,cash,low,4248704.133442,-44.912842,-10570.950814
india_born_white_ages,78,cash,high,4248704.133442,-39.485756,-9293.599782
india_born_white_ages,79,accrual,low,4209355.802788,-39.043352,-9275.374730
india_born_white_ages,79,accrual,high,4209355.802788,-33.658623,-7996.145856
india_born_white_ages,79,cash,low,4209355.802788,-44.195174,-10499.272527
india_born_white_ages,79,cash,high,4209355.802788,-38.810444,-9220.043653
india_born_white_ages,80,accrual,low,4293753.659276,-36.937792,-8602.680798
india_born_white_ages,80,accrual,high,4293753.659276,-31.499417,-7336.102561
india_born_white_ages,80,cash,low,4293753.659276,-44.094243,-10269.392926
india_born_white_ages,80,cash,high,4293753.659276,-38.655869,-9002.814689
india_born_white_ages,81,accrual,low,4296180.767462,-37.332502,-8689.695283
india_born_white_ages,81,accrual,high,4296180.767462,-31.870740,-7418.389023
india_born_white_ages,81,cash,low,4296180.767462,-43.842342,-10204.957420
india_born_white_ages,81,cash,high,4296180.767462,-38.380580,-8933.651160
india_born_white_ages,82,accrual,low,4365896.733058,-40.692526,-9320.542391
india_born_white_ages,82,accrual,high,4365896.733058,-35.110151,-8041.910597
india_born_white_ages,82,cash,low,4365896.733058,-46.599251,-10673.466100
india_born_white_ages,82,cash,high,4365896.733058,-41.016876,-9394.834306
india_born_white_ages,83,accrual,low,4143835.762839,-36.772093,-8873.926203
india_born_white_ages,83,accrual,high,4143835.762839,-31.473515,-7595.261320
india_born_white_ages,83,cash,low,4143835.762839,-42.936219,-10361.467396
india_born_white_ages,83,cash,high,4143835.762839,-37.637642,-9082.802514
india_born_white_ages,84,accrual,low,4299518.252721,-35.996400,-8372.193820
india_born_white_ages,84,accrual,high,4299518.252721,-30.541983,-7103.582536
india_born_white_ages,84,cash,low,4299518.252721,-42.447619,-9872.645352
india_born_white_ages,84,cash,high,4299518.252721,-36.993202,-8604.034068
india_born_white_ages,85,accrual,low,4364838.935153,-41.335365,-9470.077900
india_born_white_ages,85,accrual,high,4364838.935153,-35.766586,-8194.250971
india_born_white_ages,85,cash,low,4364838.935153,-46.773749,-10716.030986
india_born_white_ages,85,cash,high,4364838.935153,-41.204970,-9440.204057
india_born_white_ages,86,accrual,low,4392776.196234,-42.366404,-9644.562272
india_born_white_ages,86,accrual,high,4392776.196234,-36.733706,-8362.298549
india_born_white_ages,86,cash,low,4392776.196234,-48.705403,-11087.613147
india_born_white_ages,86,cash,high,4392776.196234,-43.072706,-9805.349423
india_born_white_ages,87,accrual,low,4245798.473976,-38.592905,-9089.669610
india_born_white_ages,87,accrual,high,4245798.473976,-33.135698,-7804.350058
india_born_white_ages,87,cash,low,4245798.473976,-46.146876,-10868.833368
india_born_white_ages,87,cash,high,4245798.473976,-40.689668,-9583.513815
india_born_white_ages,88,accrual,low,4410895.028937,-40.814354,-9253.077553
india_born_white_ages,88,accrual,high,4410895.028937,-35.148170,-7968.489377
india_born_white_ages,88,cash,low,4410895.028937,-47.562542,-10782.968463
india_born_white_ages,88,cash,high,4410895.028937,-41.896358,-9498.380288
india_born_white_ages,89,accrual,low,4306445.848419,-38.217442,-8874.474033
india_born_white_ages,89,accrual,high,4306445.848419,-32.719392,-7597.771557
india_born_white_ages,89,cash,low,4306445.848419,-45.559439,-10579.359435
india_born_white_ages,89,cash,high,4306445.848419,-40.061388,-9302.656960
india_born_white_ages,90,accrual,low,4290337.179471,-37.805137,-8811.693628
india_born_white_ages,90,accrual,high,4290337.179471,-32.300324,-7528.621306
india_born_white_ages,90,cash,low,4290337.179471,-44.599684,-10395.379715
india_born_white_ages,90,cash,high,4290337.179471,-39.094871,-9112.307394
india_born_white_ages,91,accrual,low,4228206.599772,-43.022862,-10175.203250
india_born_white_ages,91,accrual,high,4228206.599772,-37.588919,-8890.038357
india_born_white_ages,91,cash,low,4228206.599772,-48.842998,-11551.705684
india_born_white_ages,91,cash,high,4228206.599772,-43.409056,-10266.540790
india_born_white_ages,92,accrual,low,4196955.499757,-34.887691,-8312.618824
india_born_white_ages,92,accrual,high,4196955.499757,-29.536001,-7037.482569
india_born_white_ages,92,cash,low,4196955.499757,-40.314583,-9605.673090
india_born_white_ages,92,cash,high,4196955.499757,-34.962892,-8330.536836
india_born_white_ages,93,accrual,low,4274783.494109,-35.875361,-8392.322305
india_born_white_ages,93,accrual,high,4274783.494109,-30.423570,-7116.985027
india_born_white_ages,93,cash,low,4274783.494109,-42.476689,-9936.570949
india_born_white_ages,93,cash,high,4274783.494109,-37.024899,-8661.233671
india_born_white_ages,94,accrual,low,4353643.752128,-38.119662,-8755.806403
india_born_white_ages,94,accrual,high,4353643.752128,-32.545641,-7475.494788
india_born_white_ages,94,cash,low,4353643.752128,-45.013836,-10339.347479
india_born_white_ages,94,cash,high,4353643.752128,-39.439815,-9059.035864
india_born_white_ages,95,accrual,low,4231042.294087,-39.445216,-9322.812989
india_born_white_ages,95,accrual,high,4231042.294087,-34.033209,-8043.693929
india_born_white_ages,95,cash,low,4231042.294087,-45.297256,-10705.933137
india_born_white_ages,95,cash,high,4231042.294087,-39.885249,-9426.814076
india_born_white_ages,96,accrual,low,4124131.706807,-38.325589,-9293.007922
india_born_white_ages,96,accrual,high,4124131.706807,-33.051126,-8014.081080
india_born_white_ages,96,cash,low,4124131.706807,-43.491361,-10545.580152
india_born_white_ages,96,cash,high,4124131.706807,-38.216899,-9266.653309
india_born_white_ages,97,accrual,low,4175620.575566,-36.701937,-8789.576687
india_born_white_ages,97,accrual,high,4175620.575566,-31.384178,-7516.051287
india_born_white_ages,97,cash,low,4175620.575566,-42.105928,-10083.753463
india_born_white_ages,97,cash,high,4175620.575566,-36.788170,-8810.228063
india_born_white_ages,98,accrual,low,4172654.914779,-40.668546,-9746.443695
india_born_white_ages,98,accrual,high,4172654.914779,-35.277454,-8454.438342
india_born_white_ages,98,cash,low,4172654.914779,-47.426455,-11366.014143
india_born_white_ages,98,cash,high,4172654.914779,-42.035362,-10074.008790
india_born_white_ages,99,accrual,low,4190285.192651,-41.206602,-9833.841993
india_born_white_ages,99,accrual,high,4190285.192651,-35.831964,-8551.199366
india_born_white_ages,99,cash,low,4190285.192651,-47.617159,-11363.703688
india_born_white_ages,99,cash,high,4190285.192651,-42.242521,-10081.061061
india_born_white_ages,100,accrual,low,4145890.983789,-34.354815,-8286.473381
india_born_white_ages,100,accrual,high,4145890.983789,-29.083419,-7014.998427
india_born_white_ages,100,cash,low,4145890.983789,-40.667263,-9809.052748
india_born_white_ages,100,cash,high,4145890.983789,-35.395867,-8537.577793
india_born_white_ages,101,accrual,low,4288033.690237,-39.661350,-9249.309429
india_born_white_ages,101,accrual,high,4288033.690237,-34.217366,-7979.733490
india_born_white_ages,101,cash,low,4288033.690237,-44.504039,-10378.658840
india_born_white_ages,101,cash,high,4288033.690237,-39.060054,-9109.082901
india_born_white_ages,102,accrual,low,4308781.753889,-43.700499,-10142.193572
india_born_white_ages,102,accrual,high,4308781.753889,-38.168609,-8858.329500
india_born_white_ages,102,cash,low,4308781.753889,-50.216660,-11654.491518
india_born_white_ages,102,cash,high,4308781.753889,-44.684770,-10370.627445
india_born_white_ages,103,accrual,low,4185373.926550,-34.945079,-8349.332626
india_born_white_ages,103,accrual,high,4185373.926550,-29.671607,-7089.356207
india_born_white_ages,103,cash,low,4185373.926550,-40.716821,-9728.359214
india_born_white_ages,103,cash,high,4185373.926550,-35.443349,-8468.382794
india_born_white_ages,104,accrual,low,4306405.519917,-37.655982,-8744.179202
india_born_white_ages,104,accrual,high,4306405.519917,-32.181943,-7473.040481
india_born_white_ages,104,cash,low,4306405.519917,-44.997752,-10449.028096
india_born_white_ages,104,cash,high,4306405.519917,-39.523713,-9177.889375
india_born_white_ages,105,accrual,low,4202482.628114,-31.955456,-7603.947140
india_born_white_ages,105,accrual,high,4202482.628114,-26.623587,-6335.204625
india_born_white_ages,105,cash,low,4202482.628114,-37.254435,-8864.863447
india_born_white_ages,105,cash,high,4202482.628114,-31.922566,-7596.120931
india_born_white_ages,106,accrual,low,4390425.972544,-35.090779,-7992.568244
india_born_white_ages,106,accrual,high,4390425.972544,-29.533973,-6726.903683
india_born_white_ages,106,cash,low,4390425.972544,-41.531529,-9459.567152
india_born_white_ages,106,cash,high,4390425.972544,-35.974723,-8193.902591
india_born_white_ages,107,accrual,low,4243141.782007,-31.621311,-7452.334225
india_born_white_ages,107,accrual,high,4243141.782007,-26.271574,-6191.538133
india_born_white_ages,107,cash,low,4243141.782007,-36.842710,-8682.884579
india_born_white_ages,107,cash,high,4243141.782007,-31.492974,-7422.088487
india_born_white_ages,108,accrual,low,4163660.467531,-37.169095,-8927.023549
india_born_white_ages,108,accrual,high,4163660.467531,-31.896309,-7660.641283
india_born_white_ages,108,cash,low,4163660.467531,-41.405418,-9944.475065
india_born_white_ages,108,cash,high,4163660.467531,-36.132632,-8678.092798
india_born_white_ages,109,accrual,low,4226916.346976,-38.049202,-9001.645460
india_born_white_ages,109,accrual,high,4226916.346976,-32.595619,-7711.441625
india_born_white_ages,109,cash,low,4226916.346976,-45.321600,-10722.142531
india_born_white_ages,109,cash,high,4226916.346976,-39.868016,-9431.938696
india_born_white_ages,110,accrual,low,4235667.153429,-34.037548,-8035.935451
india_born_white_ages,110,accrual,high,4235667.153429,-28.688740,-6773.133605
india_born_white_ages,110,cash,low,4235667.153429,-38.804360,-9161.333744
india_born_white_ages,110,cash,high,4235667.153429,-33.455552,-7898.531899
india_born_white_ages,111,accrual,low,4143934.877800,-37.774677,-9115.654197
india_born_white_ages,111,accrual,high,4143934.877800,-32.443768,-7829.217706
india_born_white_ages,111,cash,low,4143934.877800,-44.303632,-10691.198919
india_born_white_ages,111,cash,high,4143934.877800,-38.972723,-9404.762428
india_born_white_ages,112,accrual,low,4333244.477276,-32.304019,-7454.926489
india_born_white_ages,112,accrual,high,4333244.477276,-26.853528,-6197.095161
india_born_white_ages,112,cash,low,4333244.477276,-37.848307,-8734.403737
india_born_white_ages,112,cash,high,4333244.477276,-32.397816,-7476.572408
india_born_white_ages,113,accrual,low,4168669.615990,-38.816104,-9311.388851
india_born_white_ages,113,accrual,high,4168669.615990,-33.507324,-8037.893927
india_born_white_ages,113,cash,low,4168669.615990,-46.143451,-11069.107257
india_born_white_ages,113,cash,high,4168669.615990,-40.834671,-9795.612332
india_born_white_ages,114,accrual,low,4245937.717040,-35.909699,-8457.424864
india_born_white_ages,114,accrual,high,4245937.717040,-30.536409,-7191.911579
india_born_white_ages,114,cash,low,4245937.717040,-41.501650,-9774.436836
india_born_white_ages,114,cash,high,4245937.717040,-36.128359,-8508.923551
india_born_white_ages,115,accrual,low,4369116.003322,-37.096309,-8490.575404
india_born_white_ages,115,accrual,high,4369116.003322,-31.508986,-7211.753128
india_born_white_ages,115,cash,low,4369116.003322,-43.557064,-9969.308173
india_born_white_ages,115,cash,high,4369116.003322,-37.969741,-8690.485897
india_born_white_ages,116,accrual,low,4335149.671207,-44.405034,-10243.022191
india_born_white_ages,116,accrual,high,4335149.671207,-38.816425,-8953.883409
india_born_white_ages,116,cash,low,4335149.671207,-52.053109,-12007.223089
india_born_white_ages,116,cash,high,4335149.671207,-46.464500,-10718.084306
india_born_white_ages,117,accrual,low,4530582.187342,-38.372514,-8469.665043
india_born_white_ages,117,accrual,high,4530582.187342,-32.626797,-7201.457852
india_born_white_ages,117,cash,low,4530582.187342,-43.270206,-9550.694443
india_born_white_ages,117,cash,high,4530582.187342,-37.524489,-8282.487252
india_born_white_ages,118,accrual,low,4331595.894812,-36.905656,-8520.105876
india_born_white_ages,118,accrual,high,4331595.894812,-31.403983,-7249.979955
india_born_white_ages,118,cash,low,4331595.894812,-43.292397,-9994.560455
india_born_white_ages,118,cash,high,4331595.894812,-37.790725,-8724.434535
india_born_white_ages,119,accrual,low,4339870.418653,-39.457358,-9091.828644
india_born_white_ages,119,accrual,high,4339870.418653,-33.947877,-7822.325000
india_born_white_ages,119,cash,low,4339870.418653,-44.520210,-10258.419212
india_born_white_ages,119,cash,high,4339870.418653,-39.010729,-8988.915568
india_born_white_ages,120,accrual,low,4303062.594099,-40.198204,-9341.765978
india_born_white_ages,120,accrual,high,4303062.594099,-34.678799,-8059.097139
india_born_white_ages,120,cash,low,4303062.594099,-46.918941,-10903.615648
india_born_white_ages,120,cash,high,4303062.594099,-41.399536,-9620.946809
india_born_white_ages,121,accrual,low,4222229.817820,-39.377381,-9326.204971
india_born_white_ages,121,accrual,high,4222229.817820,-33.949093,-8040.560274
india_born_white_ages,121,cash,low,4222229.817820,-45.105649,-10682.897567
india_born_white_ages,121,cash,high,4222229.817820,-39.677361,-9397.252871
india_born_white_ages,122,accrual,low,4179155.985299,-36.729877,-8788.826436
india_born_white_ages,122,accrual,high,4179155.985299,-31.315943,-7493.365448
india_born_white_ages,122,cash,low,4179155.985299,-43.545235,-10419.624253
india_born_white_ages,122,cash,high,4179155.985299,-38.131302,-9124.163265
india_born_white_ages,123,accrual,low,4402372.971600,-37.889612,-8606.633851
india_born_white_ages,123,accrual,high,4402372.971600,-32.252286,-7326.113882
india_born_white_ages,123,cash,low,4402372.971600,-43.264157,-9827.462841
india_born_white_ages,123,cash,high,4402372.971600,-37.626830,-8546.942872
india_born_white_ages,124,accrual,low,4292446.703528,-40.161985,-9356.431726
india_born_white_ages,124,accrual,high,4292446.703528,-34.693864,-8082.538105
india_born_white_ages,124,cash,low,4292446.703528,-45.180487,-10525.578971
india_born_white_ages,124,cash,high,4292446.703528,-39.712366,-9251.685351
india_born_white_ages,125,accrual,low,4163182.319856,-40.942353,-9834.388727
india_born_white_ages,125,accrual,high,4163182.319856,-35.564383,-8542.595635
india_born_white_ages,125,cash,low,4163182.319856,-47.925163,-11511.665663
india_born_white_ages,125,cash,high,4163182.319856,-42.547193,-10219.872571
india_born_white_ages,126,accrual,low,4157006.468857,-40.697168,-9790.017956
india_born_white_ages,126,accrual,high,4157006.468857,-35.318563,-8496.153036
india_born_white_ages,126,cash,low,4157006.468857,-47.276102,-11372.631421
india_born_white_ages,126,cash,high,4157006.468857,-41.897498,-10078.766501
india_born_white_ages,127,accrual,low,4274565.657711,-41.219279,-9642.916324
india_born_white_ages,127,accrual,high,4274565.657711,-35.743384,-8361.874982
india_born_white_ages,127,cash,low,4274565.657711,-48.206143,-11277.436639
india_born_white_ages,127,cash,high,4274565.657711,-42.730248,-9996.395296
india_born_white_ages,128,accrual,low,4475665.058244,-39.688380,-8867.593867
india_born_white_ages,128,accrual,high,4475665.058244,-33.959845,-7587.664474
india_born_white_ages,128,cash,low,4475665.058244,-48.078424,-10742.185370
india_born_white_ages,128,cash,high,4475665.058244,-42.349888,-9462.255977
india_born_white_ages,129,accrual,low,4329890.874653,-42.232315,-9753.667404
india_born_white_ages,129,accrual,high,4329890.874653,-36.697074,-8475.288392
india_born_white_ages,129,cash,low,4329890.874653,-48.359687,-11168.800333
india_born_white_ages,129,cash,high,4329890.874653,-42.824445,-9890.421321
india_born_white_ages,130,accrual,low,4214867.271363,-42.604858,-10108.232397
india_born_white_ages,130,accrual,high,4214867.271363,-37.198300,-8825.497394
india_born_white_ages,130,cash,low,4214867.271363,-48.144872,-11422.630571
india_born_white_ages,130,cash,high,4214867.271363,-42.738314,-10139.895567
india_born_white_ages,131,accrual,low,4244785.329357,-40.363901,-9509.055852
india_born_white_ages,131,accrual,high,4244785.329357,-34.919775,-8226.511503
india_born_white_ages,131,cash,low,4244785.329357,-47.257355,-11133.037577
india_born_white_ages,131,cash,high,4244785.329357,-41.813229,-9850.493227
india_born_white_ages,132,accrual,low,4257396.177943,-36.975626,-8685.033026
india_born_white_ages,132,accrual,high,4257396.177943,-31.561565,-7413.349256
india_born_white_ages,132,cash,low,4257396.177943,-42.465451,-9974.512522
india_born_white_ages,132,cash,high,4257396.177943,-37.051390,-8702.828752
india_born_white_ages,133,accrual,low,4294425.727073,-35.340058,-8229.286180
india_born_white_ages,133,accrual,high,4294425.727073,-29.854807,-6951.990522
india_born_white_ages,133,cash,low,4294425.727073,-41.306794,-9618.700245
india_born_white_ages,133,cash,high,4294425.727073,-35.821542,-8341.404588
india_born_white_ages,134,accrual,low,4273409.163635,-37.633970,-8806.544943
india_born_white_ages,134,accrual,high,4273409.163635,-32.158313,-7525.212733
india_born_white_ages,134,cash,low,4273409.163635,-43.583527,-10198.772363
india_born_white_ages,134,cash,high,4273409.163635,-38.107870,-8917.440154
india_born_white_ages,135,accrual,low,4269084.032006,-37.725133,-8836.821315
india_born_white_ages,135,accrual,high,4269084.032006,-32.337189,-7574.737091
india_born_white_ages,135,cash,low,4269084.032006,-44.058086,-10320.266684
india_born_white_ages,135,cash,high,4269084.032006,-38.670142,-9058.182461
india_born_white_ages,136,accrual,low,4431970.525152,-41.019409,-9255.343349
india_born_white_ages,136,accrual,high,4431970.525152,-35.346119,-7975.260500
india_born_white_ages,136,cash,low,4431970.525152,-48.649299,-10976.900346
india_born_white_ages,136,cash,high,4431970.525152,-42.976009,-9696.817497
india_born_white_ages,137,accrual,low,4353234.719179,-35.409069,-8133.967398
india_born_white_ages,137,accrual,high,4353234.719179,-29.883738,-6864.720134
india_born_white_ages,137,cash,low,4353234.719179,-42.205298,-9695.157877
india_born_white_ages,137,cash,high,4353234.719179,-36.679967,-8425.910613
india_born_white_ages,138,accrual,low,4249438.659813,-42.203482,-9931.542701
india_born_white_ages,138,accrual,high,4249438.659813,-36.700647,-8636.587071
india_born_white_ages,138,cash,low,4249438.659813,-50.556368,-11897.187320
india_born_white_ages,138,cash,high,4249438.659813,-45.053533,-10602.231690
india_born_white_ages,139,accrual,low,4158393.049611,-36.378156,-8748.128357
india_born_white_ages,139,accrual,high,4158393.049611,-31.079901,-7474.017182
india_born_white_ages,139,cash,low,4158393.049611,-43.018217,-10344.913656
india_born_white_ages,139,cash,high,4158393.049611,-37.719962,-9070.802480
india_born_white_ages,140,accrual,low,4260547.405596,-41.369516,-9709.906331
india_born_white_ages,140,accrual,high,4260547.405596,-35.885196,-8422.672572
india_born_white_ages,140,cash,low,4260547.405596,-47.369945,-11118.276656
india_born_white_ages,140,cash,high,4260547.405596,-41.885624,-9831.042897
india_born_white_ages,141,accrual,low,4382752.123157,-39.623882,-9040.867701
india_born_white_ages,141,accrual,high,4382752.123157,-34.038850,-7766.547032
india_born_white_ages,141,cash,low,4382752.123157,-46.873537,-10695.000807
india_born_white_ages,141,cash,high,4382752.123157,-41.288506,-9420.680138
india_born_white_ages,142,accrual,low,4206488.456507,-39.928131,-9492.033961
india_born_white_ages,142,accrual,high,4206488.456507,-34.494361,-8200.274813
india_born_white_ages,142,cash,low,4206488.456507,-47.577809,-11310.576399
india_born_white_ages,142,cash,high,4206488.456507,-42.144039,-10018.817251
india_born_white_ages,143,accrual,low,4378231.048738,-40.012019,-9138.855168
india_born_white_ages,143,accrual,high,4378231.048738,-34.441829,-7866.608420
india_born_white_ages,143,cash,low,4378231.048738,-45.385466,-10366.165075
india_born_white_ages,143,cash,high,4378231.048738,-39.815276,-9093.918327
india_born_white_ages,144,accrual,low,4345524.541832,-39.532023,-9097.180877
india_born_white_ages,144,accrual,high,4345524.541832,-33.936146,-7809.447648
india_born_white_ages,144,cash,low,4345524.541832,-45.806790,-10541.141818
india_born_white_ages,144,cash,high,4345524.541832,-40.210914,-9253.408589
india_born_white_ages,145,accrual,low,4128988.130518,-38.076606,-9221.776519
india_born_white_ages,145,accrual,high,4128988.130518,-32.811753,-7946.681357
india_born_white_ages,145,cash,low,4128988.130518,-42.224580,-10226.374866
india_born_white_ages,145,cash,high,4128988.130518,-36.959728,-8951.279704
india_born_white_ages,146,accrual,low,4258574.795187,-35.764247,-8398.172791
india_born_white_ages,146,accrual,high,4258574.795187,-30.353637,-7127.651390
india_born_white_ages,146,cash,low,4258574.795187,-42.483751,-9976.049017
india_born_white_ages,146,cash,high,4258574.795187,-37.073140,-8705.527616
india_born_white_ages,147,accrual,low,4428872.637291,-36.470824,-8234.787287
india_born_white_ages,147,accrual,high,4428872.637291,-30.863919,-6968.798094
india_born_white_ages,147,cash,low,4428872.637291,-42.277705,-9545.929221
india_born_white_ages,147,cash,high,4428872.637291,-36.670800,-8279.940028
india_born_white_ages,148,accrual,low,4244369.460813,-37.171063,-8757.735057
india_born_white_ages,148,accrual,high,4244369.460813,-31.763000,-7483.561423
india_born_white_ages,148,cash,low,4244369.460813,-44.033961,-10374.676633
india_born_white_ages,148,cash,high,4244369.460813,-38.625897,-9100.502998
india_born_white_ages,149,accrual,low,4312968.647336,-40.970108,-9499.282697
india_born_white_ages,149,accrual,high,4312968.647336,-35.452358,-8219.943251
india_born_white_ages,149,cash,low,4312968.647336,-47.353967,-10979.436953
india_born_white_ages,149,cash,high,4312968.647336,-41.836216,-9700.097507
india_born_white_ages,150,accrual,low,4170082.070212,-41.339031,-9913.241616
india_born_white_ages,150,accrual,high,4170082.070212,-35.987147,-8629.841450
india_born_white_ages,150,cash,low,4170082.070212,-48.052386,-11523.127091
india_born_white_ages,150,cash,high,4170082.070212,-42.700502,-10239.726926
india_born_white_ages,151,accrual,low,4259907.303085,-36.424844,-8550.618947
india_born_white_ages,151,accrual,high,4259907.303085,-30.991790,-7275.226314
india_born_white_ages,151,cash,low,4259907.303085,-42.174563,-9900.347691
india_born_white_ages,151,cash,high,4259907.303085,-36.741509,-8624.955058
india_born_white_ages,152,accrual,low,4388346.315293,-39.673508,-9040.651181
india_born_white_ages,152,accrual,high,4388346.315293,-34.071153,-7764.007453
india_born_white_ages,152,cash,low,4388346.315293,-46.161018,-10519.000793
india_born_white_ages,152,cash,high,4388346.315293,-40.558664,-9242.357065
india_born_white_ages,153,accrual,low,4375429.269586,-38.550587,-8810.698262
india_born_white_ages,153,accrual,high,4375429.269586,-32.985502,-7538.803713
india_born_white_ages,153,cash,low,4375429.269586,-43.423968,-9924.504690
india_born_white_ages,153,cash,high,4375429.269586,-37.858884,-8652.610142
india_born_white_ages,154,accrual,low,4378246.802386,-34.959473,-7984.810858
india_born_white_ages,154,accrual,high,4378246.802386,-29.433474,-6722.662175
india_born_white_ages,154,cash,low,4378246.802386,-41.618698,-9505.790665
india_born_white_ages,154,cash,high,4378246.802386,-36.092699,-8243.641982
india_born_white_ages,155,accrual,low,4272167.299441,-39.765514,-9308.042210
india_born_white_ages,155,accrual,high,4272167.299441,-34.298346,-8028.324617
india_born_white_ages,155,cash,low,4272167.299441,-45.056129,-10546.433739
india_born_white_ages,155,cash,high,4272167.299441,-39.588962,-9266.716146
india_born_white_ages,156,accrual,low,4338603.212806,-37.133091,-8558.766240
india_born_white_ages,156,accrual,high,4338603.212806,-31.623833,-7288.943436
india_born_white_ages,156,cash,low,4338603.212806,-40.701333,-9381.206482
india_born_white_ages,156,cash,high,4338603.212806,-35.192075,-8111.383678
india_born_white_ages,157,accrual,low,4349665.719798,-36.965937,-8498.569606
india_born_white_ages,157,accrual,high,4349665.719798,-31.436013,-7227.224959
india_born_white_ages,157,cash,low,4349665.719798,-44.336129,-10192.996947
india_born_white_ages,157,cash,high,4349665.719798,-38.806205,-8921.652300
india_born_white_ages,158,accrual,low,4338836.617573,-41.903485,-9657.769806
india_born_white_ages,158,accrual,high,4338836.617573,-36.370972,-8382.655349
india_born_white_ages,158,cash,low,4338836.617573,-47.893158,-11038.248741
india_born_white_ages,158,cash,high,4338836.617573,-42.360645,-9763.134285
india_born_white_ages,159,accrual,low,4331098.643929,-39.511099,-9122.650366
india_born_white_ages,159,accrual,high,4331098.643929,-34.022873,-7855.483363
india_born_white_ages,159,cash,low,4331098.643929,-45.994034,-10619.484193
india_born_white_ages,159,cash,high,4331098.643929,-40.505808,-9352.317190
india_born_white_ages,160,accrual,low,4313383.783033,-36.814429,-8534.930190
india_born_white_ages,160,accrual,high,4313383.783033,-31.272916,-7250.204911
india_born_white_ages,160,cash,low,4313383.783033,-42.695043,-9898.271248
india_born_white_ages,160,cash,high,4313383.783033,-37.153529,-8613.545969
indian_origin_g2_pooled,0,accrual,low,6079644.102662,-84.903024,-13965.130692
indian_origin_g2_pooled,0,accrual,high,6079644.102662,-76.587397,-12597.348716
indian_origin_g2_pooled,0,cash,low,6079644.102662,-114.617792,-18852.714044
indian_origin_g2_pooled,0,cash,high,6079644.102662,-106.302164,-17484.932068
indian_origin_g2_pooled,1,accrual,low,6099664.119823,-84.889109,-13917.013713
indian_origin_g2_pooled,1,accrual,high,6099664.119823,-76.545425,-12549.121325
indian_origin_g2_pooled,1,cash,low,6099664.119823,-114.744594,-18811.625020
indian_origin_g2_pooled,1,cash,high,6099664.119823,-106.400910,-17443.732632
indian_origin_g2_pooled,2,accrual,low,5968009.886120,-87.612079,-14680.283843
indian_origin_g2_pooled,2,accrual,high,5968009.886120,-79.453659,-13313.258573
indian_origin_g2_pooled,2,cash,low,5968009.886120,-116.375949,-19499.959122
indian_origin_g2_pooled,2,cash,high,5968009.886120,-108.217528,-18132.933853
indian_origin_g2_pooled,3,accrual,low,6004895.325716,-93.583003,-15584.451929
indian_origin_g2_pooled,3,accrual,high,6004895.325716,-85.341786,-14212.035504
indian_origin_g2_pooled,3,cash,low,6004895.325716,-123.468429,-20561.295749
indian_origin_g2_pooled,3,cash,high,6004895.325716,-115.227212,-19188.879324
indian_origin_g2_pooled,4,accrual,low,6205043.783904,-95.847804,-15446.757124
indian_origin_g2_pooled,4,accrual,high,6205043.783904,-87.295184,-14068.423482
indian_origin_g2_pooled,4,cash,low,6205043.783904,-125.528366,-20230.053225
indian_origin_g2_pooled,4,cash,high,6205043.783904,-116.975745,-18851.719582
indian_origin_g2_pooled,5,accrual,low,5896240.647515,-79.818849,-13537.244173
indian_origin_g2_pooled,5,accrual,high,5896240.647515,-71.732451,-12165.794268
indian_origin_g2_pooled,5,cash,low,5896240.647515,-108.573826,-18414.076482
indian_origin_g2_pooled,5,cash,high,5896240.647515,-100.487428,-17042.626578
indian_origin_g2_pooled,6,accrual,low,6094222.197630,-82.826045,-13590.913295
indian_origin_g2_pooled,6,accrual,high,6094222.197630,-74.500600,-12224.792247
indian_origin_g2_pooled,6,cash,low,6094222.197630,-112.869221,-18520.693359
indian_origin_g2_pooled,6,cash,high,6094222.197630,-104.543775,-17154.572311
indian_origin_g2_pooled,7,accrual,low,5874175.434930,-75.985885,-12935.583189
indian_origin_g2_pooled,7,accrual,high,5874175.434930,-68.003982,-11576.770645
indian_origin_g2_pooled,7,cash,low,5874175.434930,-104.594993,-17805.902070
indian_origin_g2_pooled,7,cash,high,5874175.434930,-96.613089,-16447.089526
indian_origin_g2_pooled,8,accrual,low,6125209.904003,-81.997433,-13386.877180
indian_origin_g2_pooled,8,accrual,high,6125209.904003,-73.642437,-12022.842925
indian_origin_g2_pooled,8,cash,low,6125209.904003,-111.521900,-18207.033199
indian_origin_g2_pooled,8,cash,high,6125209.904003,-103.166904,-16842.998944
indian_origin_g2_pooled,9,accrual,low,6055216.858040,-84.899888,-14020.949262
indian_origin_g2_pooled,9,accrual,high,6055216.858040,-76.610960,-12652.058890
indian_origin_g2_pooled,9,cash,low,6055216.858040,-115.033072,-18997.349710
indian_origin_g2_pooled,9,cash,high,6055216.858040,-106.744144,-17628.459338
indian_origin_g2_pooled,10,accrual,low,6096149.737882,-76.468895,-12543.801899
indian_origin_g2_pooled,10,accrual,high,6096149.737882,-68.164587,-11181.580217
indian_origin_g2_pooled,10,cash,low,6096149.737882,-105.541785,-17312.859748
indian_origin_g2_pooled,10,cash,high,6096149.737882,-97.237478,-15950.638066
indian_origin_g2_pooled,11,accrual,low,5929872.911316,-84.999993,-14334.201536
indian_origin_g2_pooled,11,accrual,high,5929872.911316,-76.833630,-12957.044982
indian_origin_g2_pooled,11,cash,low,5929872.911316,-114.781693,-19356.518206
indian_origin_g2_pooled,11,cash,high,5929872.911316,-106.615330,-17979.361653
indian_origin_g2_pooled,12,accrual,low,6259493.088922,-85.001724,-13579.649743
indian_origin_g2_pooled,12,accrual,high,6259493.088922,-76.421199,-12208.847946
indian_origin_g2_pooled,12,cash,low,6259493.088922,-116.002857,-18532.308487
indian_origin_g2_pooled,12,cash,high,6259493.088922,-107.422333,-17161.506691
indian_origin_g2_pooled,13,accrual,low,6080999.609473,-86.461516,-14218.306536
indian_origin_g2_pooled,13,accrual,high,6080999.609473,-78.195272,-12858.950384
indian_origin_g2_pooled,13,cash,low,6080999.609473,-114.223717,-18783.707299
indian_origin_g2_pooled,13,cash,high,6080999.609473,-105.957473,-17424.351147
indian_origin_g2_pooled,14,accrual,low,6039540.432309,-94.327055,-15618.250465
indian_origin_g2_pooled,14,accrual,high,6039540.432309,-86.005326,-14240.375961
indian_origin_g2_pooled,14,cash,low,6039540.432309,-125.282101,-20743.648110
indian_origin_g2_pooled,14,cash,high,6039540.432309,-116.960373,-19365.773606
indian_origin_g2_pooled,15,accrual,low,6073497.091211,-83.120838,-13685.828182
indian_origin_g2_pooled,15,accrual,high,6073497.091211,-74.848020,-12323.710542
indian_origin_g2_pooled,15,cash,low,6073497.091211,-113.245316,-18645.817081
indian_origin_g2_pooled,15,cash,high,6073497.091211,-104.972498,-17283.699440
indian_origin_g2_pooled,16,accrual,low,6082372.918476,-78.528556,-12910.841964
indian_origin_g2_pooled,16,accrual,high,6082372.918476,-70.286831,-11555.823940
indian_origin_g2_pooled,16,cash,low,6082372.918476,-107.222421,-17628.386534
indian_origin_g2_pooled,16,cash,high,6082372.918476,-98.980696,-16273.368511
indian_origin_g2_pooled,17,accrual,low,6230835.055041,-89.618967,-14383.138977
indian_origin_g2_pooled,17,accrual,high,6230835.055041,-81.011606,-13001.725385
indian_origin_g2_pooled,17,cash,low,6230835.055041,-120.874422,-19399.393683
indian_origin_g2_pooled,17,cash,high,6230835.055041,-112.267062,-18017.980091
indian_origin_g2_pooled,18,accrual,low,6093480.556779,-73.572952,-12074.044015
indian_origin_g2_pooled,18,accrual,high,6093480.556779,-65.319575,-10719.583658
indian_origin_g2_pooled,18,cash,low,6093480.556779,-101.662686,-16683.845081
indian_origin_g2_pooled,18,cash,high,6093480.556779,-93.409308,-15329.384723
indian_origin_g2_pooled,19,accrual,low,6079499.691069,-77.499885,-12747.740649
indian_origin_g2_pooled,19,accrual,high,6079499.691069,-69.283798,-11396.299331
indian_origin_g2_pooled,19,cash,low,6079499.691069,-106.720745,-17554.198645
indian_origin_g2_pooled,19,cash,high,6079499.691069,-98.504658,-16202.757327
indian_origin_g2_pooled,20,accrual,low,6251955.584444,-91.326999,-14607.749159
indian_origin_g2_pooled,20,accrual,high,6251955.584444,-82.772512,-13239.459379
indian_origin_g2_pooled,20,cash,low,6251955.584444,-122.384413,-19575.381079
indian_origin_g2_pooled,20,cash,high,6251955.584444,-113.829926,-18207.091298
indian_origin_g2_pooled,21,accrual,low,5972745.292010,-91.478181,-15315.935442
indian_origin_g2_pooled,21,accrual,high,5972745.292010,-83.296635,-13946.122134
indian_origin_g2_pooled,21,cash,low,5972745.292010,-119.257989,-19967.030695
indian_origin_g2_pooled,21,cash,high,5972745.292010,-111.076443,-18597.217387
indian_origin_g2_pooled,22,accrual,low,6219894.217036,-95.400292,-15337.928340
indian_origin_g2_pooled,22,accrual,high,6219894.217036,-86.847324,-13962.829667
indian_origin_g2_pooled,22,cash,low,6219894.217036,-125.917555,-20244.324220
indian_origin_g2_pooled,22,cash,high,6219894.217036,-117.364587,-18869.225548
indian_origin_g2_pooled,23,accrual,low,6200056.227771,-88.091431,-14208.166440
indian_origin_g2_pooled,23,accrual,high,6200056.227771,-79.590097,-12836.996044
indian_origin_g2_pooled,23,cash,low,6200056.227771,-118.460589,-19106.373390
indian_origin_g2_pooled,23,cash,high,6200056.227771,-109.959256,-17735.202995
indian_origin_g2_pooled,24,accrual,low,6352484.936519,-89.584199,-14102.229232
indian_origin_g2_pooled,24,accrual,high,6352484.936519,-80.892032,-12733.919580
indian_origin_g2_pooled,24,cash,low,6352484.936519,-120.961676,-19041.631321
indian_origin_g2_pooled,24,cash,high,6352484.936519,-112.269510,-17673.321669
indian_origin_g2_pooled,25,accrual,low,6117704.225176,-82.438701,-13475.430972
indian_origin_g2_pooled,25,accrual,high,6117704.225176,-74.141314,-12119.140051
indian_origin_g2_pooled,25,cash,low,6117704.225176,-111.594818,-18241.290117
indian_origin_g2_pooled,25,cash,high,6117704.225176,-103.297431,-16884.999196
indian_origin_g2_pooled,26,accrual,low,6053676.391533,-90.611321,-14967.982208
indian_origin_g2_pooled,26,accrual,high,6053676.391533,-82.317881,-13597.998310
indian_origin_g2_pooled,26,cash,low,6053676.391533,-119.612369,-19758.632856
indian_origin_g2_pooled,26,cash,high,6053676.391533,-111.318930,-18388.648958
indian_origin_g2_pooled,27,accrual,low,6024477.719361,-85.312402,-14160.962366
indian_origin_g2_pooled,27,accrual,high,6024477.719361,-77.010652,-12782.959127
indian_origin_g2_pooled,27,cash,low,6024477.719361,-116.546422,-19345.481439
indian_origin_g2_pooled,27,cash,high,6024477.719361,-108.244672,-17967.478200
indian_origin_g2_pooled,28,accrual,low,6188216.135948,-88.124213,-14240.648926
indian_origin_g2_pooled,28,accrual,high,6188216.135948,-79.625091,-12867.212341
indian_origin_g2_pooled,28,cash,low,6188216.135948,-118.979369,-19226.763664
indian_origin_g2_pooled,28,cash,high,6188216.135948,-110.480247,-17853.327078
indian_origin_g2_pooled,29,accrual,low,6100402.307748,-73.858512,-12107.154246
indian_origin_g2_pooled,29,accrual,high,6100402.307748,-65.636549,-10759.380433
indian_origin_g2_pooled,29,cash,low,6100402.307748,-101.066801,-16567.235458
indian_origin_g2_pooled,29,cash,high,6100402.307748,-92.844839,-15219.461646
indian_origin_g2_pooled,30,accrual,low,6256523.219424,-90.217296,-14419.717233
indian_origin_g2_pooled,30,accrual,high,6256523.219424,-81.649436,-13050.288943
indian_origin_g2_pooled,30,cash,low,6256523.219424,-119.994095,-19179.037699
indian_origin_g2_pooled,30,cash,high,6256523.219424,-111.426235,-17809.609408
indian_origin_g2_pooled,31,accrual,low,6133835.933274,-69.002886,-11249.548688
indian_origin_g2_pooled,31,accrual,high,6133835.933274,-60.706229,-9896.943688
indian_origin_g2_pooled,31,cash,low,6133835.933274,-98.072772,-15988.815593
indian_origin_g2_pooled,31,cash,high,6133835.933274,-89.776114,-14636.210593
indian_origin_g2_pooled,32,accrual,low,5983165.966764,-83.617361,-13975.437322
indian_origin_g2_pooled,32,accrual,high,5983165.966764,-75.406044,-12603.034022
indian_origin_g2_pooled,32,cash,low,5983165.966764,-113.208230,-18921.124809
indian_origin_g2_pooled,32,cash,high,5983165.966764,-104.996913,-17548.721510
indian_origin_g2_pooled,33,accrual,low,6152682.404809,-89.664467,-14573.231800
indian_origin_g2_pooled,33,accrual,high,6152682.404809,-81.311999,-13215.699044
indian_origin_g2_pooled,33,cash,low,6152682.404809,-118.979849,-19337.882453
indian_origin_g2_pooled,33,cash,high,6152682.404809,-110.627381,-17980.349696
indian_origin_g2_pooled,34,accrual,low,6182353.666982,-86.228750,-13947.560192
indian_origin_g2_pooled,34,accrual,high,6182353.666982,-77.725183,-12572.102308
indian_origin_g2_pooled,34,cash,low,6182353.666982,-117.224161,-18961.089392
indian_origin_g2_pooled,34,cash,high,6182353.666982,-108.720593,-17585.631508
indian_origin_g2_pooled,35,accrual,low,6336175.809312,-81.891336,-12924.410317
indian_origin_g2_pooled,35,accrual,high,6336175.809312,-73.247551,-11560.214471
indian_origin_g2_pooled,35,cash,low,6336175.809312,-113.930798,-17981.003250
indian_origin_g2_pooled,35,cash,high,6336175.809312,-105.287013,-16616.807405
indian_origin_g2_pooled,36,accrual,low,6192292.883662,-78.391198,-12659.478404
indian_origin_g2_pooled,36,accrual,high,6192292.883662,-69.913315,-11290.375962
indian_origin_g2_pooled,36,cash,low,6192292.883662,-110.533896,-17850.237119
indian_origin_g2_pooled,36,cash,high,6192292.883662,-102.056013,-16481.134677
indian_origin_g2_pooled,37,accrual,low,6111342.915874,-97.428084,-15942.172678
indian_origin_g2_pooled,37,accrual,high,6111342.915874,-89.008129,-14564.414110
indian_origin_g2_pooled,37,cash,low,6111342.915874,-127.193347,-20812.667396
indian_origin_g2_pooled,37,cash,high,6111342.915874,-118.773392,-19434.908828
indian_origin_g2_pooled,38,accrual,low,6002252.923516,-87.077318,-14507.439051
indian_origin_g2_pooled,38,accrual,high,6002252.923516,-78.799666,-13128.348103
indian_origin_g2_pooled,38,cash,low,6002252.923516,-117.706496,-19610.385852
indian_origin_g2_pooled,38,cash,high,6002252.923516,-109.428843,-18231.294904
indian_origin_g2_pooled,39,accrual,low,6106205.744647,-77.460531,-12685.542257
indian_origin_g2_pooled,39,accrual,high,6106205.744647,-69.127368,-11320.838269
indian_origin_g2_pooled,39,cash,low,6106205.744647,-108.158139,-17712.822640
indian_origin_g2_pooled,39,cash,high,6106205.744647,-99.824976,-16348.118651
indian_origin_g2_pooled,40,accrual,low,6046898.882913,-85.234543,-14095.579270
indian_origin_g2_pooled,40,accrual,high,6046898.882913,-77.014098,-12736.131249
indian_origin_g2_pooled,40,cash,low,6046898.882913,-113.979355,-18849.224560
indian_origin_g2_pooled,40,cash,high,6046898.882913,-105.758910,-17489.776538
indian_origin_g2_pooled,41,accrual,low,5948117.113792,-76.594456,-12877.092793
indian_origin_g2_pooled,41,accrual,high,5948117.113792,-68.496101,-11515.593824
indian_origin_g2_pooled,41,cash,low,5948117.113792,-104.755840,-17611.596684
indian_origin_g2_pooled,41,cash,high,5948117.113792,-96.657484,-16250.097714
indian_origin_g2_pooled,42,accrual,low,5961357.405788,-80.181940,-13450.282366
indian_origin_g2_pooled,42,accrual,high,5961357.405788,-71.996213,-12077.150877
indian_origin_g2_pooled,42,cash,low,5961357.405788,-110.459924,-18529.324167
indian_origin_g2_pooled,42,cash,high,5961357.405788,-102.274196,-17156.192677
indian_origin_g2_pooled,43,accrual,low,6284974.738619,-88.129532,-14022.257092
indian_origin_g2_pooled,43,accrual,high,6284974.738619,-79.512056,-12651.133760
indian_origin_g2_pooled,43,cash,low,6284974.738619,-119.319027,-18984.806133
indian_origin_g2_pooled,43,cash,high,6284974.738619,-110.701551,-17613.682801
indian_origin_g2_pooled,44,accrual,low,6036034.940080,-82.737776,-13707.305644
indian_origin_g2_pooled,44,accrual,high,6036034.940080,-74.443161,-12333.122995
indian_origin_g2_pooled,44,cash,low,6036034.940080,-113.293572,-18769.535492
indian_origin_g2_pooled,44,cash,high,6036034.940080,-104.998958,-17395.352843
indian_origin_g2_pooled,45,accrual,low,6008814.508565,-87.650576,-14586.999830
indian_origin_g2_pooled,45,accrual,high,6008814.508565,-79.344998,-13204.767438
indian_origin_g2_pooled,45,cash,low,6008814.508565,-118.103226,-19654.996090
indian_origin_g2_pooled,45,cash,high,6008814.508565,-109.797648,-18272.763698
indian_origin_g2_pooled,46,accrual,low,6196982.175125,-85.187202,-13746.562306
indian_origin_g2_pooled,46,accrual,high,6196982.175125,-76.652185,-12369.276359
indian_origin_g2_pooled,46,cash,low,6196982.175125,-116.545295,-18806.782429
indian_origin_g2_pooled,46,cash,high,6196982.175125,-108.010279,-17429.496482
indian_origin_g2_pooled,47,accrual,low,6027532.570896,-85.401903,-14168.634091
indian_origin_g2_pooled,47,accrual,high,6027532.570896,-77.122191,-12794.985312
indian_origin_g2_pooled,47,cash,low,6027532.570896,-114.835051,-19051.751175
indian_origin_g2_pooled,47,cash,high,6027532.570896,-106.555338,-17678.102395
indian_origin_g2_pooled,48,accrual,low,6222166.650987,-80.805857,-12986.771619
indian_origin_g2_pooled,48,accrual,high,6222166.650987,-72.334038,-11625.217073
indian_origin_g2_pooled,48,cash,low,6222166.650987,-110.533309,-17764.440473
indian_origin_g2_pooled,48,cash,high,6222166.650987,-102.061490,-16402.885927
indian_origin_g2_pooled,49,accrual,low,6281449.580770,-87.588351,-13943.971103
indian_origin_g2_pooled,49,accrual,high,6281449.580770,-79.056173,-12585.657431
indian_origin_g2_pooled,49,cash,low,6281449.580770,-117.959934,-18779.094340
indian_origin_g2_pooled,49,cash,high,6281449.580770,-109.427755,-17420.780668
indian_origin_g2_pooled,50,accrual,low,5838974.714527,-78.455361,-13436.496024
indian_origin_g2_pooled,50,accrual,high,5838974.714527,-70.534399,-12079.928897
indian_origin_g2_pooled,50,cash,low,5838974.714527,-106.358825,-18215.325507
indian_origin_g2_pooled,50,cash,high,5838974.714527,-98.437864,-16858.758380
indian_origin_g2_pooled,51,accrual,low,5999625.813987,-93.368112,-15562.322617
indian_origin_g2_pooled,51,accrual,high,5999625.813987,-85.162548,-14194.643247
indian_origin_g2_pooled,51,cash,low,5999625.813987,-122.113396,-20353.501989
indian_origin_g2_pooled,51,cash,high,5999625.813987,-113.907831,-18985.822620
indian_origin_g2_pooled,52,accrual,low,6121085.091750,-86.303468,-14099.374073
indian_origin_g2_pooled,52,accrual,high,6121085.091750,-77.910791,-12728.264659
indian_origin_g2_pooled,52,cash,low,6121085.091750,-117.237795,-19153.106588
indian_origin_g2_pooled,52,cash,high,6121085.091750,-108.845118,-17781.997174
indian_origin_g2_pooled,53,accrual,low,6165848.422697,-83.529788,-13547.168638
indian_origin_g2_pooled,53,accrual,high,6165848.422697,-75.148401,-12187.844422
indian_origin_g2_pooled,53,cash,low,6165848.422697,-113.638437,-18430.300204
indian_origin_g2_pooled,53,cash,high,6165848.422697,-105.257050,-17070.975988
indian_origin_g2_pooled,54,accrual,low,6037864.249875,-89.299818,-14789.967833
indian_origin_g2_pooled,54,accrual,high,6037864.249875,-81.058963,-13425.105189
indian_origin_g2_pooled,54,cash,low,6037864.249875,-118.171254,-19571.697723
indian_origin_g2_pooled,54,cash,high,6037864.249875,-109.930399,-18206.835080
indian_origin_g2_pooled,55,accrual,low,6014619.572592,-94.285629,-15676.075276
indian_origin_g2_pooled,55,accrual,high,6014619.572592,-86.127939,-14319.764972
indian_origin_g2_pooled,55,cash,low,6014619.572592,-122.688155,-20398.323394
indian_origin_g2_pooled,55,cash,high,6014619.572592,-114.530465,-19042.013090
indian_origin_g2_pooled,56,accrual,low,5900406.574158,-86.419922,-14646.435151
indian_origin_g2_pooled,56,accrual,high,5900406.574158,-78.349916,-13278.731657
indian_origin_g2_pooled,56,cash,low,5900406.574158,-114.595487,-19421.625476
indian_origin_g2_pooled,56,cash,high,5900406.574158,-106.525480,-18053.921983
indian_origin_g2_pooled,57,accrual,low,5878742.198763,-79.789327,-13572.516805
indian_origin_g2_pooled,57,accrual,high,5878742.198763,-71.754615,-12205.776728
indian_origin_g2_pooled,57,cash,low,5878742.198763,-107.942339,-18361.468447
indian_origin_g2_pooled,57,cash,high,5878742.198763,-99.907627,-16994.728370
indian_origin_g2_pooled,58,accrual,low,6153238.261538,-87.349849,-14195.752749
indian_origin_g2_pooled,58,accrual,high,6153238.261538,-78.958490,-12832.022249
indian_origin_g2_pooled,58,cash,low,6153238.261538,-116.775907,-18977.959524
indian_origin_g2_pooled,58,cash,high,6153238.261538,-108.384548,-17614.229025
indian_origin_g2_pooled,59,accrual,low,5984547.828130,-84.013172,-14038.349108
indian_origin_g2_pooled,59,accrual,high,5984547.828130,-75.875675,-12678.597813
indian_origin_g2_pooled,59,cash,low,5984547.828130,-112.122099,-18735.266635
indian_origin_g2_pooled,59,cash,high,5984547.828130,-103.984603,-17375.515341
indian_origin_g2_pooled,60,accrual,low,6129924.793119,-86.766567,-14154.589149
indian_origin_g2_pooled,60,accrual,high,6129924.793119,-78.329256,-12778.175673
indian_origin_g2_pooled,60,cash,low,6129924.793119,-117.264041,-19129.768287
indian_origin_g2_pooled,60,cash,high,6129924.793119,-108.826730,-17753.354811
indian_origin_g2_pooled,61,accrual,low,6190138.556520,-80.024001,-12927.659087
indian_origin_g2_pooled,61,accrual,high,6190138.556520,-71.603779,-11567.395122
indian_origin_g2_pooled,61,cash,low,6190138.556520,-109.634282,-17711.119171
indian_origin_g2_pooled,61,cash,high,6190138.556520,-101.214059,-16350.855206
indian_origin_g2_pooled,62,accrual,low,5962026.542822,-84.409963,-14157.931445
indian_origin_g2_pooled,62,accrual,high,5962026.542822,-76.246619,-12788.708391
indian_origin_g2_pooled,62,cash,low,5962026.542822,-114.029857,-19126.023060
indian_origin_g2_pooled,62,cash,high,5962026.542822,-105.866513,-17756.800005
indian_origin_g2_pooled,63,accrual,low,5891387.297023,-77.529070,-13159.730737
indian_origin_g2_pooled,63,accrual,high,5891387.297023,-69.430130,-11785.022105
indian_origin_g2_pooled,63,cash,low,5891387.297023,-107.376413,-18225.998068
indian_origin_g2_pooled,63,cash,high,5891387.297023,-99.277473,-16851.289437
indian_origin_g2_pooled,64,accrual,low,5898227.480927,-75.362363,-12777.120493
indian_origin_g2_pooled,64,accrual,high,5898227.480927,-67.284734,-11407.619413
indian_origin_g2_pooled,64,cash,low,5898227.480927,-105.374536,-17865.458197
indian_origin_g2_pooled,64,cash,high,5898227.480927,-97.296908,-16495.957117
indian_origin_g2_pooled,65,accrual,low,6262145.444328,-92.468883,-14766.326243
indian_origin_g2_pooled,65,accrual,high,6262145.444328,-83.959475,-13407.461692
indian_origin_g2_pooled,65,cash,low,6262145.444328,-121.993630,-19481.123696
indian_origin_g2_pooled,65,cash,high,6262145.444328,-113.484223,-18122.259145
indian_origin_g2_pooled,66,accrual,low,5990251.891173,-84.921501,-14176.615992
indian_origin_g2_pooled,66,accrual,high,5990251.891173,-76.662915,-12797.945124
indian_origin_g2_pooled,66,cash,low,5990251.891173,-115.510120,-19283.015451
indian_origin_g2_pooled,66,cash,high,5990251.891173,-107.251534,-17904.344584
indian_origin_g2_pooled,67,accrual,low,6115420.684765,-92.644909,-15149.392574
indian_origin_g2_pooled,67,accrual,high,6115420.684765,-84.212715,-13770.551490
indian_origin_g2_pooled,67,cash,low,6115420.684765,-123.220182,-20149.093386
indian_origin_g2_pooled,67,cash,high,6115420.684765,-114.787989,-18770.252303
indian_origin_g2_pooled,68,accrual,low,6026085.135578,-77.313901,-12829.871994
indian_origin_g2_pooled,68,accrual,high,6026085.135578,-69.175238,-11479.299813
indian_origin_g2_pooled,68,cash,low,6026085.135578,-106.029823,-17595.141932
indian_origin_g2_pooled,68,cash,high,6026085.135578,-97.891160,-16244.569751
indian_origin_g2_pooled,69,accrual,low,6136770.744396,-92.535506,-15078.859835
indian_origin_g2_pooled,69,accrual,high,6136770.744396,-84.150999,-13712.586460
indian_origin_g2_pooled,69,cash,low,6136770.744396,-122.307041,-19930.195616
indian_origin_g2_pooled,69,cash,high,6136770.744396,-113.922535,-18563.922241
indian_origin_g2_pooled,70,accrual,low,6096330.540021,-92.889277,-15236.916162
indian_origin_g2_pooled,70,accrual,high,6096330.540021,-84.469371,-13855.772752
indian_origin_g2_pooled,70,cash,low,6096330.540021,-123.239274,-20215.320193
indian_origin_g2_pooled,70,cash,high,6096330.540021,-114.819367,-18834.176783
indian_origin_g2_pooled,71,accrual,low,6170066.243817,-93.241672,-15111.940253
indian_origin_g2_pooled,71,accrual,high,6170066.243817,-84.720742,-13730.929099
indian_origin_g2_pooled,71,cash,low,6170066.243817,-124.232848,-20134.767295
indian_origin_g2_pooled,71,cash,high,6170066.243817,-115.711918,-18753.756140
indian_origin_g2_pooled,72,accrual,low,5948187.748348,-90.236785,-15170.466843
indian_origin_g2_pooled,72,accrual,high,5948187.748348,-82.044070,-13793.120470
indian_origin_g2_pooled,72,cash,low,5948187.748348,-120.004124,-20174.905155
indian_origin_g2_pooled,72,cash,high,5948187.748348,-111.811409,-18797.558782
indian_origin_g2_pooled,73,accrual,low,6145074.735606,-75.349432,-12261.760058
indian_origin_g2_pooled,73,accrual,high,6145074.735606,-67.014658,-10905.426048
indian_origin_g2_pooled,73,cash,low,6145074.735606,-105.022217,-17090.470263
indian_origin_g2_pooled,73,cash,high,6145074.735606,-96.687443,-15734.136253
indian_origin_g2_pooled,74,accrual,low,5974529.574202,-72.885360,-12199.347143
indian_origin_g2_pooled,74,accrual,high,5974529.574202,-64.775991,-10842.023616
indian_origin_g2_pooled,74,cash,low,5974529.574202,-101.442058,-16979.087045
indian_origin_g2_pooled,74,cash,high,5974529.574202,-93.332688,-15621.763518
indian_origin_g2_pooled,75,accrual,low,6199880.994714,-88.849643,-14330.862665
indian_origin_g2_pooled,75,accrual,high,6199880.994714,-80.348133,-12959.625031
indian_origin_g2_pooled,75,cash,low,6199880.994714,-118.776469,-19157.862706
indian_origin_g2_pooled,75,cash,high,6199880.994714,-110.274959,-17786.625072
indian_origin_g2_pooled,76,accrual,low,6116900.265268,-86.955722,-14215.651471
indian_origin_g2_pooled,76,accrual,high,6116900.265268,-78.533539,-12838.780326
indian_origin_g2_pooled,76,cash,low,6116900.265268,-117.065119,-19137.980636
indian_origin_g2_pooled,76,cash,high,6116900.265268,-108.642935,-17761.109491
indian_origin_g2_pooled,77,accrual,low,6016874.174945,-83.451291,-13869.542254
indian_origin_g2_pooled,77,accrual,high,6016874.174945,-75.201222,-12498.387052
indian_origin_g2_pooled,77,cash,low,6016874.174945,-112.607585,-18715.296680
indian_origin_g2_pooled,77,cash,high,6016874.174945,-104.357517,-17344.141477
indian_origin_g2_pooled,78,accrual,low,6058845.899268,-94.265683,-15558.356229
indian_origin_g2_pooled,78,accrual,high,6058845.899268,-85.940030,-14184.224508
indian_origin_g2_pooled,78,cash,low,6058845.899268,-124.256534,-20508.284216
indian_origin_g2_pooled,78,cash,high,6058845.899268,-115.930881,-19134.152494
indian_origin_g2_pooled,79,accrual,low,5998158.436706,-86.324863,-14391.894479
indian_origin_g2_pooled,79,accrual,high,5998158.436706,-78.130288,-13025.712648
indian_origin_g2_pooled,79,cash,low,5998158.436706,-114.396706,-19071.971332
indian_origin_g2_pooled,79,cash,high,5998158.436706,-106.202131,-17705.789501
indian_origin_g2_pooled,80,accrual,low,6022738.046397,-75.456533,-12528.609407
indian_origin_g2_pooled,80,accrual,high,6022738.046397,-67.274325,-11170.056619
indian_origin_g2_pooled,80,cash,low,6022738.046397,-105.922870,-17587.162018
indian_origin_g2_pooled,80,cash,high,6022738.046397,-97.740662,-16228.609230
indian_origin_g2_pooled,81,accrual,low,6162180.314337,-86.582915,-14050.694801
indian_origin_g2_pooled,81,accrual,high,6162180.314337,-78.185917,-12688.028067
indian_origin_g2_pooled,81,cash,low,6162180.314337,-117.079153,-18999.631206
indian_origin_g2_pooled,81,cash,high,6162180.314337,-108.682155,-17636.964471
indian_origin_g2_pooled,82,accrual,low,6184805.305096,-88.468144,-14304.111450
indian_origin_g2_pooled,82,accrual,high,6184805.305096,-80.026926,-12939.279694
indian_origin_g2_pooled,82,cash,low,6184805.305096,-117.959750,-19072.508288
indian_origin_g2_pooled,82,cash,high,6184805.305096,-109.518532,-17707.676531
indian_origin_g2_pooled,83,accrual,low,5914450.906600,-79.095026,-13373.181516
indian_origin_g2_pooled,83,accrual,high,5914450.906600,-71.003795,-12005.137245
indian_origin_g2_pooled,83,cash,low,5914450.906600,-107.711776,-18211.627293
indian_origin_g2_pooled,83,cash,high,5914450.906600,-99.620545,-16843.583022
indian_origin_g2_pooled,84,accrual,low,6118482.710314,-76.931891,-12573.687689
indian_origin_g2_pooled,84,accrual,high,6118482.710314,-68.593991,-11210.947949
indian_origin_g2_pooled,84,cash,low,6118482.710314,-106.910934,-17473.438901
indian_origin_g2_pooled,84,cash,high,6118482.710314,-98.573034,-16110.699161
indian_origin_g2_pooled,85,accrual,low,6188148.127269,-95.348619,-15408.263783
indian_origin_g2_pooled,85,accrual,high,6188148.127269,-86.863658,-14037.100670
indian_origin_g2_pooled,85,cash,low,6188148.127269,-125.100141,-20216.087015
indian_origin_g2_pooled,85,cash,high,6188148.127269,-116.615181,-18844.923903
indian_origin_g2_pooled,86,accrual,low,6254596.867364,-90.295021,-14436.585215
indian_origin_g2_pooled,86,accrual,high,6254596.867364,-81.690242,-13060.832469
indian_origin_g2_pooled,86,cash,low,6254596.867364,-121.838127,-19479.773004
indian_origin_g2_pooled,86,cash,high,6254596.867364,-113.233348,-18104.020259
indian_origin_g2_pooled,87,accrual,low,6106196.574701,-92.305540,-15116.699707
indian_origin_g2_pooled,87,accrual,high,6106196.574701,-83.914915,-13742.583324
indian_origin_g2_pooled,87,cash,low,6106196.574701,-122.887404,-20125.032344
indian_origin_g2_pooled,87,cash,high,6106196.574701,-114.496779,-18750.915961
indian_origin_g2_pooled,88,accrual,low,6187906.092054,-86.774427,-14023.229510
indian_origin_g2_pooled,88,accrual,high,6187906.092054,-78.307218,-12654.881413
indian_origin_g2_pooled,88,cash,low,6187906.092054,-116.497637,-18826.665250
indian_origin_g2_pooled,88,cash,high,6187906.092054,-108.030427,-17458.317153
indian_origin_g2_pooled,89,accrual,low,6130020.300655,-87.036119,-14198.341120
indian_origin_g2_pooled,89,accrual,high,6130020.300655,-78.639329,-12828.559306
indian_origin_g2_pooled,89,cash,low,6130020.300655,-117.969460,-19244.546425
indian_origin_g2_pooled,89,cash,high,6130020.300655,-109.572670,-17874.764611
indian_origin_g2_pooled,90,accrual,low,6042614.303475,-90.810390,-15028.328011
indian_origin_g2_pooled,90,accrual,high,6042614.303475,-82.519020,-13656.178563
indian_origin_g2_pooled,90,cash,low,6042614.303475,-120.566984,-19952.785026
indian_origin_g2_pooled,90,cash,high,6042614.303475,-112.275614,-18580.635578
indian_origin_g2_pooled,91,accrual,low,6063619.448877,-96.236373,-15871.110355
indian_origin_g2_pooled,91,accrual,high,6063619.448877,-87.878904,-14492.813238
indian_origin_g2_pooled,91,cash,low,6063619.448877,-126.815068,-20914.087541
indian_origin_g2_pooled,91,cash,high,6063619.448877,-118.457599,-19535.790424
indian_origin_g2_pooled,92,accrual,low,5988409.929678,-87.646741,-14636.062315
indian_origin_g2_pooled,92,accrual,high,5988409.929678,-79.441826,-13265.929767
indian_origin_g2_pooled,92,cash,low,5988409.929678,-115.744382,-19328.065903
indian_origin_g2_pooled,92,cash,high,5988409.929678,-107.539466,-17957.933355
indian_origin_g2_pooled,93,accrual,low,6018862.859281,-75.293923,-12509.659196
indian_origin_g2_pooled,93,accrual,high,6018862.859281,-67.077073,-11144.476133
indian_origin_g2_pooled,93,cash,low,6018862.859281,-105.464029,-17522.251536
indian_origin_g2_pooled,93,cash,high,6018862.859281,-97.247179,-16157.068474
indian_origin_g2_pooled,94,accrual,low,6175856.594357,-85.294706,-13810.991976
indian_origin_g2_pooled,94,accrual,high,6175856.594357,-76.811246,-12437.342945
indian_origin_g2_pooled,94,cash,low,6175856.594357,-116.283113,-18828.661390
indian_origin_g2_pooled,94,cash,high,6175856.594357,-107.799653,-17455.012358
indian_origin_g2_pooled,95,accrual,low,5992389.475877,-82.803232,-13818.065860
indian_origin_g2_pooled,95,accrual,high,5992389.475877,-74.601927,-12449.445566
indian_origin_g2_pooled,95,cash,low,5992389.475877,-112.431494,-18762.380931
indian_origin_g2_pooled,95,cash,high,5992389.475877,-104.230188,-17393.760636
indian_origin_g2_pooled,96,accrual,low,5883431.184579,-80.919049,-13753.717222
indian_origin_g2_pooled,96,accrual,high,5883431.184579,-72.883559,-12387.934356
indian_origin_g2_pooled,96,cash,low,5883431.184579,-108.672253,-18470.897348
indian_origin_g2_pooled,96,cash,high,5883431.184579,-100.636764,-17105.114482
indian_origin_g2_pooled,97,accrual,low,5961391.633321,-80.995487,-13586.674368
indian_origin_g2_pooled,97,accrual,high,5961391.633321,-72.843691,-12219.242676
indian_origin_g2_pooled,97,cash,low,5961391.633321,-109.986479,-18449.799326
indian_origin_g2_pooled,97,cash,high,5961391.633321,-101.834683,-17082.367634
indian_origin_g2_pooled,98,accrual,low,5889426.166368,-92.058284,-15631.112685
indian_origin_g2_pooled,98,accrual,high,5889426.166368,-83.856248,-14238.441193
indian_origin_g2_pooled,98,cash,low,5889426.166368,-122.253214,-20758.085792
indian_origin_g2_pooled,98,cash,high,5889426.166368,-114.051178,-19365.414300
indian_origin_g2_pooled,99,accrual,low,5976953.631706,-87.281204,-14602.958243
indian_origin_g2_pooled,99,accrual,high,5976953.631706,-79.092278,-13232.874546
indian_origin_g2_pooled,99,cash,low,5976953.631706,-116.637713,-19514.575478
indian_origin_g2_pooled,99,cash,high,5976953.631706,-108.448786,-18144.491780
indian_origin_g2_pooled,100,accrual,low,5894988.739343,-75.208986,-12758.122109
indian_origin_g2_pooled,100,accrual,high,5894988.739343,-67.174396,-11395.169522
indian_origin_g2_pooled,100,cash,low,5894988.739343,-104.011939,-17644.128533
indian_origin_g2_pooled,100,cash,high,5894988.739343,-95.977349,-16281.175946
indian_origin_g2_pooled,101,accrual,low,6067920.629850,-80.021735,-13187.670034
indian_origin_g2_pooled,101,accrual,high,6067920.629850,-71.798764,-11832.515282
indian_origin_g2_pooled,101,cash,low,6067920.629850,-107.864061,-17776.116045
indian_origin_g2_pooled,101,cash,high,6067920.629850,-99.641090,-16420.961293
indian_origin_g2_pooled,102,accrual,low,6058599.625621,-83.377719,-13761.879718
indian_origin_g2_pooled,102,accrual,high,6058599.625621,-75.060323,-12389.054854
indian_origin_g2_pooled,102,cash,low,6058599.625621,-113.716135,-18769.376069
indian_origin_g2_pooled,102,cash,high,6058599.625621,-105.398739,-17396.551204
indian_origin_g2_pooled,103,accrual,low,5948314.250136,-83.923319,-14108.756803
indian_origin_g2_pooled,103,accrual,high,5948314.250136,-75.783875,-12740.395362
indian_origin_g2_pooled,103,cash,low,5948314.250136,-113.540802,-19087.895651
indian_origin_g2_pooled,103,cash,high,5948314.250136,-105.401358,-17719.534209
indian_origin_g2_pooled,104,accrual,low,6116515.036865,-87.021628,-14227.321922
indian_origin_g2_pooled,104,accrual,high,6116515.036865,-78.630201,-12855.392482
indian_origin_g2_pooled,104,cash,low,6116515.036865,-117.526852,-19214.675534
indian_origin_g2_pooled,104,cash,high,6116515.036865,-109.135425,-17842.746095
indian_origin_g2_pooled,105,accrual,low,6023620.416666,-74.614533,-12386.991152
indian_origin_g2_pooled,105,accrual,high,6023620.416666,-66.447066,-11031.084535
indian_origin_g2_pooled,105,cash,low,6023620.416666,-103.124194,-17119.968936
indian_origin_g2_pooled,105,cash,high,6023620.416666,-94.956728,-15764.062319
indian_origin_g2_pooled,106,accrual,low,6148120.218733,-74.142550,-12059.385211
indian_origin_g2_pooled,106,accrual,high,6148120.218733,-65.798161,-10702.159164
indian_origin_g2_pooled,106,cash,low,6148120.218733,-104.345017,-16971.856891
indian_origin_g2_pooled,106,cash,high,6148120.218733,-96.000628,-15614.630843
indian_origin_g2_pooled,107,accrual,low,6054896.298526,-76.519458,-12637.616629
indian_origin_g2_pooled,107,accrual,high,6054896.298526,-68.319033,-11283.270575
indian_origin_g2_pooled,107,cash,low,6054896.298526,-105.403703,-17408.011259
indian_origin_g2_pooled,107,cash,high,6054896.298526,-97.203278,-16053.665205
indian_origin_g2_pooled,108,accrual,low,5917821.894959,-75.904077,-12826.353754
indian_origin_g2_pooled,108,accrual,high,5917821.894959,-67.870364,-11468.808204
indian_origin_g2_pooled,108,cash,low,5917821.894959,-103.662176,-17516.947664
indian_origin_g2_pooled,108,cash,high,5917821.894959,-95.628464,-16159.402114
indian_origin_g2_pooled,109,accrual,low,5992284.056370,-88.993992,-14851.430825
indian_origin_g2_pooled,109,accrual,high,5992284.056370,-80.691836,-13465.956404
indian_origin_g2_pooled,109,cash,low,5992284.056370,-119.544734,-19949.777501
indian_origin_g2_pooled,109,cash,high,5992284.056370,-111.242577,-18564.303079
indian_origin_g2_pooled,110,accrual,low,6033707.462955,-80.357338,-13318.069935
indian_origin_g2_pooled,110,accrual,high,6033707.462955,-72.130020,-11954.510682
indian_origin_g2_pooled,110,cash,low,6033707.462955,-108.785010,-18029.546636
indian_origin_g2_pooled,110,cash,high,6033707.462955,-100.557692,-16665.987383
indian_origin_g2_pooled,111,accrual,low,5930652.151922,-83.219098,-14032.031476
indian_origin_g2_pooled,111,accrual,high,5930652.151922,-75.046085,-12653.934682
indian_origin_g2_pooled,111,cash,low,5930652.151922,-112.873810,-19032.276274
indian_origin_g2_pooled,111,cash,high,5930652.151922,-104.700798,-17654.179480
indian_origin_g2_pooled,112,accrual,low,6114050.114668,-77.250729,-12634.951931
indian_origin_g2_pooled,112,accrual,high,6114050.114668,-68.999309,-11285.368651
indian_origin_g2_pooled,112,cash,low,6114050.114668,-106.452416,-17411.112726
indian_origin_g2_pooled,112,cash,high,6114050.114668,-98.200996,-16061.529446
indian_origin_g2_pooled,113,accrual,low,5969622.673200,-87.964870,-14735.415505
indian_origin_g2_pooled,113,accrual,high,5969622.673200,-79.770238,-13362.693477
indian_origin_g2_pooled,113,cash,low,5969622.673200,-118.313142,-19819.199433
indian_origin_g2_pooled,113,cash,high,5969622.673200,-110.118510,-18446.477405
indian_origin_g2_pooled,114,accrual,low,5984045.262869,-82.431293,-13775.178804
indian_origin_g2_pooled,114,accrual,high,5984045.262869,-74.271824,-12411.641423
indian_origin_g2_pooled,114,cash,low,5984045.262869,-111.637919,-18655.928182
indian_origin_g2_pooled,114,cash,high,5984045.262869,-103.478449,-17292.390801
indian_origin_g2_pooled,115,accrual,low,6141478.306764,-85.891463,-13985.470364
indian_origin_g2_pooled,115,accrual,high,6141478.306764,-77.493642,-12618.076348
indian_origin_g2_pooled,115,cash,low,6141478.306764,-115.380897,-18787.153798
indian_origin_g2_pooled,115,cash,high,6141478.306764,-106.983077,-17419.759782
indian_origin_g2_pooled,116,accrual,low,6160609.220139,-103.618633,-16819.543133
indian_origin_g2_pooled,116,accrual,high,6160609.220139,-95.070131,-15431.936538
indian_origin_g2_pooled,116,cash,low,6160609.220139,-135.802848,-22043.736792
indian_origin_g2_pooled,116,cash,high,6160609.220139,-127.254346,-20656.130198
indian_origin_g2_pooled,117,accrual,low,6345263.535876,-77.890860,-12275.433366
indian_origin_g2_pooled,117,accrual,high,6345263.535876,-69.318641,-10924.469944
indian_origin_g2_pooled,117,cash,low,6345263.535876,-106.393505,-16767.389403
indian_origin_g2_pooled,117,cash,high,6345263.535876,-97.821286,-15416.425981
indian_origin_g2_pooled,118,accrual,low,6125043.912177,-85.293084,-13925.301638
indian_origin_g2_pooled,118,accrual,high,6125043.912177,-76.934889,-12560.708212
indian_origin_g2_pooled,118,cash,low,6125043.912177,-115.661362,-18883.352320
indian_origin_g2_pooled,118,cash,high,6125043.912177,-107.303168,-17518.758894
indian_origin_g2_pooled,119,accrual,low,6129264.501204,-87.516743,-14278.506431
indian_origin_g2_pooled,119,accrual,high,6129264.501204,-79.210687,-12923.359172
indian_origin_g2_pooled,119,cash,low,6129264.501204,-115.458997,-18837.333015
indian_origin_g2_pooled,119,cash,high,6129264.501204,-107.152941,-17482.185756
indian_origin_g2_pooled,120,accrual,low,6129762.566293,-94.761035,-15459.168954
indian_origin_g2_pooled,120,accrual,high,6129762.566293,-86.308107,-14080.171237
indian_origin_g2_pooled,120,cash,low,6129762.566293,-125.336826,-20447.256267
indian_origin_g2_pooled,120,cash,high,6129762.566293,-116.883897,-19068.258550
indian_origin_g2_pooled,121,accrual,low,6022317.507229,-88.228066,-14650.185038
indian_origin_g2_pooled,121,accrual,high,6022317.507229,-79.928527,-13272.054700
indian_origin_g2_pooled,121,cash,low,6022317.507229,-117.998729,-19593.574902
indian_origin_g2_pooled,121,cash,high,6022317.507229,-109.699191,-18215.444564
indian_origin_g2_pooled,122,accrual,low,6021443.632311,-89.478468,-14859.969341
indian_origin_g2_pooled,122,accrual,high,6021443.632311,-81.198442,-13484.879463
indian_origin_g2_pooled,122,cash,low,6021443.632311,-119.560106,-19855.721195
indian_origin_g2_pooled,122,cash,high,6021443.632311,-111.280080,-18480.631316
indian_origin_g2_pooled,123,accrual,low,6216761.972189,-81.987999,-13188.215838
indian_origin_g2_pooled,123,accrual,high,6216761.972189,-73.511611,-11824.742764
indian_origin_g2_pooled,123,cash,low,6216761.972189,-110.308248,-17743.682138
indian_origin_g2_pooled,123,cash,high,6216761.972189,-101.831861,-16380.209065
indian_origin_g2_pooled,124,accrual,low,6077812.596396,-86.986038,-14312.063253
indian_origin_g2_pooled,124,accrual,high,6077812.596396,-78.726087,-12953.029610
indian_origin_g2_pooled,124,cash,low,6077812.596396,-114.831806,-18893.607550
indian_origin_g2_pooled,124,cash,high,6077812.596396,-106.571854,-17534.573906
indian_origin_g2_pooled,125,accrual,low,5911421.403832,-83.285081,-14088.841793
indian_origin_g2_pooled,125,accrual,high,5911421.403832,-75.153883,-12713.335377
indian_origin_g2_pooled,125,cash,low,5911421.403832,-113.026173,-19119.965477
indian_origin_g2_pooled,125,cash,high,5911421.403832,-104.894975,-17744.459060
indian_origin_g2_pooled,126,accrual,low,6036574.716596,-96.582703,-15999.587169
indian_origin_g2_pooled,126,accrual,high,6036574.716596,-88.245019,-14618.392536
indian_origin_g2_pooled,126,cash,low,6036574.716596,-126.805319,-21006.170680
indian_origin_g2_pooled,126,cash,high,6036574.716596,-118.467634,-19624.976046
indian_origin_g2_pooled,127,accrual,low,6065949.522063,-91.730036,-15122.123165
indian_origin_g2_pooled,127,accrual,high,6065949.522063,-83.379176,-13745.445049
indian_origin_g2_pooled,127,cash,low,6065949.522063,-122.217072,-20148.052989
indian_origin_g2_pooled,127,cash,high,6065949.522063,-113.866212,-18771.374873
indian_origin_g2_pooled,128,accrual,low,6390310.214583,-92.610654,-14492.356528
indian_origin_g2_pooled,128,accrual,high,6390310.214583,-83.881104,-13126.296104
indian_origin_g2_pooled,128,cash,low,6390310.214583,-124.477573,-19479.112695
indian_origin_g2_pooled,128,cash,high,6390310.214583,-115.748023,-18113.052272
indian_origin_g2_pooled,129,accrual,low,6119600.877087,-81.663917,-13344.647606
indian_origin_g2_pooled,129,accrual,high,6119600.877087,-73.283754,-11975.250651
indian_origin_g2_pooled,129,cash,low,6119600.877087,-112.576063,-18395.981180
indian_origin_g2_pooled,129,cash,high,6119600.877087,-104.195900,-17026.584225
indian_origin_g2_pooled,130,accrual,low,6003115.346611,-87.802005,-14626.073325
indian_origin_g2_pooled,130,accrual,high,6003115.346611,-79.602862,-13260.258663
indian_origin_g2_pooled,130,cash,low,6003115.346611,-116.106662,-19341.068032
indian_origin_g2_pooled,130,cash,high,6003115.346611,-107.907519,-17975.253369
indian_origin_g2_pooled,131,accrual,low,6082890.116371,-88.054008,-14475.686061
indian_origin_g2_pooled,131,accrual,high,6082890.116371,-79.639607,-13092.396167
indian_origin_g2_pooled,131,cash,low,6082890.116371,-119.138283,-19585.802326
indian_origin_g2_pooled,131,cash,high,6082890.116371,-110.723883,-18202.512433
indian_origin_g2_pooled,132,accrual,low,6054407.984226,-78.918987,-13034.963443
indian_origin_g2_pooled,132,accrual,high,6054407.984226,-70.683294,-11674.683057
indian_origin_g2_pooled,132,cash,low,6054407.984226,-107.690789,-17787.170760
indian_origin_g2_pooled,132,cash,high,6054407.984226,-99.455096,-16426.890373
indian_origin_g2_pooled,133,accrual,low,6119942.227483,-85.247550,-13929.469705
indian_origin_g2_pooled,133,accrual,high,6119942.227483,-76.871745,-12560.861279
indian_origin_g2_pooled,133,cash,low,6119942.227483,-114.785433,-18755.966690
indian_origin_g2_pooled,133,cash,high,6119942.227483,-106.409628,-17387.358264
indian_origin_g2_pooled,134,accrual,low,6043300.372554,-83.148497,-13758.789447
indian_origin_g2_pooled,134,accrual,high,6043300.372554,-74.871537,-12389.180071
indian_origin_g2_pooled,134,cash,low,6043300.372554,-112.903140,-18682.364381
indian_origin_g2_pooled,134,cash,high,6043300.372554,-104.626179,-17312.755005
indian_origin_g2_pooled,135,accrual,low,6106744.727988,-80.716624,-13217.618861
indian_origin_g2_pooled,135,accrual,high,6106744.727988,-72.404565,-11856.491116
indian_origin_g2_pooled,135,cash,low,6106744.727988,-111.241220,-18216.124107
indian_origin_g2_pooled,135,cash,high,6106744.727988,-102.929160,-16854.996363
indian_origin_g2_pooled,136,accrual,low,6269665.308222,-80.811935,-12889.353859
indian_origin_g2_pooled,136,accrual,high,6269665.308222,-72.257577,-11524.949601
indian_origin_g2_pooled,136,cash,low,6269665.308222,-112.222084,-17899.214531
indian_origin_g2_pooled,136,cash,high,6269665.308222,-103.667726,-16534.810273
indian_origin_g2_pooled,137,accrual,low,6213831.488283,-86.352518,-13896.823280
indian_origin_g2_pooled,137,accrual,high,6213831.488283,-77.899594,-12536.483224
indian_origin_g2_pooled,137,cash,low,6213831.488283,-117.114004,-18847.309333
indian_origin_g2_pooled,137,cash,high,6213831.488283,-108.661080,-17486.969276
indian_origin_g2_pooled,138,accrual,low,6131310.697125,-85.598424,-13960.868800
indian_origin_g2_pooled,138,accrual,high,6131310.697125,-77.176416,-12587.262377
indian_origin_g2_pooled,138,cash,low,6131310.697125,-116.582273,-19014.249776
indian_origin_g2_pooled,138,cash,high,6131310.697125,-108.160265,-17640.643352
indian_origin_g2_pooled,139,accrual,low,5904991.271120,-77.958082,-13202.065535
indian_origin_g2_pooled,139,accrual,high,5904991.271120,-69.890515,-11835.837211
indian_origin_g2_pooled,139,cash,low,5904991.271120,-106.925264,-18107.607424
indian_origin_g2_pooled,139,cash,high,5904991.271120,-98.857697,-16741.379099
indian_origin_g2_pooled,140,accrual,low,6058280.703648,-89.114586,-14709.550429
indian_origin_g2_pooled,140,accrual,high,6058280.703648,-80.823772,-13341.041133
indian_origin_g2_pooled,140,cash,low,6058280.703648,-118.767754,-19604.201301
indian_origin_g2_pooled,140,cash,high,6058280.703648,-110.476941,-18235.692005
indian_origin_g2_pooled,141,accrual,low,6231587.198570,-86.479334,-13877.577528
indian_origin_g2_pooled,141,accrual,high,6231587.198570,-77.960355,-12510.513349
indian_origin_g2_pooled,141,cash,low,6231587.198570,-117.500338,-18855.603669
indian_origin_g2_pooled,141,cash,high,6231587.198570,-108.981359,-17488.539489
indian_origin_g2_pooled,142,accrual,low,5977680.967710,-81.524350,-13638.123354
indian_origin_g2_pooled,142,accrual,high,5977680.967710,-73.325968,-12266.624515
indian_origin_g2_pooled,142,cash,low,5977680.967710,-112.003581,-18736.962058
indian_origin_g2_pooled,142,cash,high,5977680.967710,-103.805199,-17365.463220
indian_origin_g2_pooled,143,accrual,low,6233745.851672,-98.728394,-15837.731684
indian_origin_g2_pooled,143,accrual,high,6233745.851672,-90.191764,-14468.309399
indian_origin_g2_pooled,143,cash,low,6233745.851672,-129.373275,-20753.697313
indian_origin_g2_pooled,143,cash,high,6233745.851672,-120.836644,-19384.275028
indian_origin_g2_pooled,144,accrual,low,6141540.720796,-92.770182,-15105.359801
indian_origin_g2_pooled,144,accrual,high,6141540.720796,-84.339103,-13732.564354
indian_origin_g2_pooled,144,cash,low,6141540.720796,-123.076169,-20039.949961
indian_origin_g2_pooled,144,cash,high,6141540.720796,-114.645090,-18667.154515
indian_origin_g2_pooled,145,accrual,low,5867936.753587,-74.968971,-12776.036016
indian_origin_g2_pooled,145,accrual,high,5867936.753587,-66.933835,-11406.707041
indian_origin_g2_pooled,145,cash,low,5867936.753587,-102.317171,-17436.651935
indian_origin_g2_pooled,145,cash,high,5867936.753587,-94.282035,-16067.322960
indian_origin_g2_pooled,146,accrual,low,5990913.534130,-74.376366,-12414.862140
indian_origin_g2_pooled,146,accrual,high,5990913.534130,-66.249119,-11058.266658
indian_origin_g2_pooled,146,cash,low,5990913.534130,-102.752455,-17151.383472
indian_origin_g2_pooled,146,cash,high,5990913.534130,-94.625209,-15794.787991
indian_origin_g2_pooled,147,accrual,low,6230006.662530,-75.770084,-12162.119194
indian_origin_g2_pooled,147,accrual,high,6230006.662530,-67.336090,-10808.349587
indian_origin_g2_pooled,147,cash,low,6230006.662530,-104.866780,-16832.530927
indian_origin_g2_pooled,147,cash,high,6230006.662530,-96.432786,-15478.761320
indian_origin_g2_pooled,148,accrual,low,6058000.470763,-86.522622,-14282.372940
indian_origin_g2_pooled,148,accrual,high,6058000.470763,-78.243361,-12915.707345
indian_origin_g2_pooled,148,cash,low,6058000.470763,-116.773975,-19275.992981
indian_origin_g2_pooled,148,cash,high,6058000.470763,-108.494714,-17909.327386
indian_origin_g2_pooled,149,accrual,low,6158884.756426,-89.723231,-14568.097076
indian_origin_g2_pooled,149,accrual,high,6158884.756426,-81.287528,-13198.416837
indian_origin_g2_pooled,149,cash,low,6158884.756426,-119.538156,-19409.058761
indian_origin_g2_pooled,149,cash,high,6158884.756426,-111.102453,-18039.378521
indian_origin_g2_pooled,150,accrual,low,6024451.083670,-79.599307,-13212.706981
indian_origin_g2_pooled,150,accrual,high,6024451.083670,-71.354943,-11844.223224
indian_origin_g2_pooled,150,cash,low,6024451.083670,-109.983073,-18256.115200
indian_origin_g2_pooled,150,cash,high,6024451.083670,-101.738710,-16887.631443
indian_origin_g2_pooled,151,accrual,low,6043674.022748,-87.854676,-14536.633731
indian_origin_g2_pooled,151,accrual,high,6043674.022748,-79.602628,-13171.231280
indian_origin_g2_pooled,151,cash,low,6043674.022748,-116.695849,-19308.759641
indian_origin_g2_pooled,151,cash,high,6043674.022748,-108.443802,-17943.357190
indian_origin_g2_pooled,152,accrual,low,6250925.394473,-79.767100,-12760.846565
indian_origin_g2_pooled,152,accrual,high,6250925.394473,-71.276723,-11402.587405
indian_origin_g2_pooled,152,cash,low,6250925.394473,-110.091524,-17612.036201
indian_origin_g2_pooled,152,cash,high,6250925.394473,-101.601148,-16253.777040
indian_origin_g2_pooled,153,accrual,low,6226999.523773,-92.516953,-14857.388756
indian_origin_g2_pooled,153,accrual,high,6226999.523773,-83.975464,-13485.702605
indian_origin_g2_pooled,153,cash,low,6226999.523773,-122.855677,-19729.514358
indian_origin_g2_pooled,153,cash,high,6226999.523773,-114.314188,-18357.828207
indian_origin_g2_pooled,154,accrual,low,6174486.766076,-84.813636,-13736.143485
indian_origin_g2_pooled,154,accrual,high,6174486.766076,-76.433468,-12378.918400
indian_origin_g2_pooled,154,cash,low,6174486.766076,-114.932331,-18614.070292
indian_origin_g2_pooled,154,cash,high,6174486.766076,-106.552162,-17256.845207
indian_origin_g2_pooled,155,accrual,low,6093636.742154,-87.951500,-14433.334905
indian_origin_g2_pooled,155,accrual,high,6093636.742154,-79.618606,-13065.860311
indian_origin_g2_pooled,155,cash,low,6093636.742154,-117.397902,-19265.654820
indian_origin_g2_pooled,155,cash,high,6093636.742154,-109.065009,-17898.180225
indian_origin_g2_pooled,156,accrual,low,6063938.399026,-83.522728,-13773.676929
indian_origin_g2_pooled,156,accrual,high,6063938.399026,-75.235277,-12406.998937
indian_origin_g2_pooled,156,cash,low,6063938.399026,-111.733904,-18425.962984
indian_origin_g2_pooled,156,cash,high,6063938.399026,-103.446453,-17059.284991
indian_origin_g2_pooled,157,accrual,low,6163299.348050,-79.886945,-12961.717431
indian_origin_g2_pooled,157,accrual,high,6163299.348050,-71.481837,-11597.982383
indian_origin_g2_pooled,157,cash,low,6163299.348050,-110.485736,-17926.394554
indian_origin_g2_pooled,157,cash,high,6163299.348050,-102.080629,-16562.659506
indian_origin_g2_pooled,158,accrual,low,6129664.879599,-84.884312,-13848.116312
indian_origin_g2_pooled,158,accrual,high,6129664.879599,-76.502677,-12480.727462
indian_origin_g2_pooled,158,cash,low,6129664.879599,-114.744856,-18719.597003
indian_origin_g2_pooled,158,cash,high,6129664.879599,-106.363221,-17352.208153
indian_origin_g2_pooled,159,accrual,low,6104294.459089,-87.179891,-14281.730975
indian_origin_g2_pooled,159,accrual,high,6104294.459089,-78.866256,-12919.798681
indian_origin_g2_pooled,159,cash,low,6104294.459089,-116.681082,-19114.589319
indian_origin_g2_pooled,159,cash,high,6104294.459089,-108.367446,-17752.657025
indian_origin_g2_pooled,160,accrual,low,6151477.362542,-85.607350,-13916.551249
indian_origin_g2_pooled,160,accrual,high,6151477.362542,-77.212342,-12551.837061
indian_origin_g2_pooled,160,cash,low,6151477.362542,-114.766541,-18656.744406
indian_origin_g2_pooled,160,cash,high,6151477.362542,-106.371532,-17292.030218
indian_origin_g2_pooled_white_ages,0,accrual,low,6079644.102662,-72.328024,-11896.752942
indian_origin_g2_pooled_white_ages,0,accrual,high,6079644.102662,-64.490197,-10607.561285
indian_origin_g2_pooled_white_ages,0,cash,low,6079644.102662,-81.453962,-13397.817488
indian_origin_g2_pooled_white_ages,0,cash,high,6079644.102662,-73.616136,-12108.625831
indian_origin_g2_pooled_white_ages,1,accrual,low,6099664.119823,-72.354487,-11862.044424
indian_origin_g2_pooled_white_ages,1,accrual,high,6099664.119823,-64.492817,-10573.175110
indian_origin_g2_pooled_white_ages,1,cash,low,6099664.119823,-81.364852,-13339.234798
indian_origin_g2_pooled_white_ages,1,cash,high,6099664.119823,-73.503182,-12050.365484
indian_origin_g2_pooled_white_ages,2,accrual,low,5968009.886120,-72.018981,-12067.503559
indian_origin_g2_pooled_white_ages,2,accrual,high,5968009.886120,-64.334991,-10779.974008
indian_origin_g2_pooled_white_ages,2,cash,low,5968009.886120,-80.401878,-13472.142236
indian_origin_g2_pooled_white_ages,2,cash,high,5968009.886120,-72.717889,-12184.612686
indian_origin_g2_pooled_white_ages,3,accrual,low,6004895.325716,-77.350722,-12881.277334
indian_origin_g2_pooled_white_ages,3,accrual,high,6004895.325716,-69.591949,-11589.202739
indian_origin_g2_pooled_white_ages,3,cash,low,6004895.325716,-86.995894,-14487.495521
indian_origin_g2_pooled_white_ages,3,cash,high,6004895.325716,-79.237121,-13195.420927
indian_origin_g2_pooled_white_ages,4,accrual,low,6205043.783904,-80.762168,-13015.567728
indian_origin_g2_pooled_white_ages,4,accrual,high,6205043.783904,-72.697252,-11715.832218
indian_origin_g2_pooled_white_ages,4,cash,low,6205043.783904,-88.851786,-14319.284244
indian_origin_g2_pooled_white_ages,4,cash,high,6205043.783904,-80.786870,-13019.548734
indian_origin_g2_pooled_white_ages,5,accrual,low,5896240.647515,-65.835555,-11165.683134
indian_origin_g2_pooled_white_ages,5,accrual,high,5896240.647515,-58.248575,-9878.934407
indian_origin_g2_pooled_white_ages,5,cash,low,5896240.647515,-74.096797,-12566.786516
indian_origin_g2_pooled_white_ages,5,cash,high,5896240.647515,-66.509817,-11280.037789
indian_origin_g2_pooled_white_ages,6,accrual,low,6094222.197630,-70.489275,-11566.574500
indian_origin_g2_pooled_white_ages,6,accrual,high,6094222.197630,-62.597917,-10271.682808
indian_origin_g2_pooled_white_ages,6,cash,low,6094222.197630,-81.150917,-13316.041740
indian_origin_g2_pooled_white_ages,6,cash,high,6094222.197630,-73.259559,-12021.150048
indian_origin_g2_pooled_white_ages,7,accrual,low,5874175.434930,-62.095936,-10571.004621
indian_origin_g2_pooled_white_ages,7,accrual,high,5874175.434930,-54.604059,-9295.612636
indian_origin_g2_pooled_white_ages,7,cash,low,5874175.434930,-70.595960,-12018.020322
indian_origin_g2_pooled_white_ages,7,cash,high,5874175.434930,-63.104083,-10742.628337
indian_origin_g2_pooled_white_ages,8,accrual,low,6125209.904003,-65.782137,-10739.572682
indian_origin_g2_pooled_white_ages,8,accrual,high,6125209.904003,-57.961294,-9462.744122
indian_origin_g2_pooled_white_ages,8,cash,low,6125209.904003,-73.852675,-12057.166353
indian_origin_g2_pooled_white_ages,8,cash,high,6125209.904003,-66.031832,-10780.337792
indian_origin_g2_pooled_white_ages,9,accrual,low,6055216.858040,-72.519562,-11976.377337
indian_origin_g2_pooled_white_ages,9,accrual,high,6055216.858040,-64.697806,-10684.638938
indian_origin_g2_pooled_white_ages,9,cash,low,6055216.858040,-81.630529,-13481.024822
indian_origin_g2_pooled_white_ages,9,cash,high,6055216.858040,-73.808773,-12189.286423
indian_origin_g2_pooled_white_ages,10,accrual,low,6096149.737882,-65.504269,-10745.187017
indian_origin_g2_pooled_white_ages,10,accrual,high,6096149.737882,-57.704150,-9465.671318
indian_origin_g2_pooled_white_ages,10,cash,low,6096149.737882,-73.528440,-12061.455641
indian_origin_g2_pooled_white_ages,10,cash,high,6096149.737882,-65.728320,-10781.939942
indian_origin_g2_pooled_white_ages,11,accrual,low,5929872.911316,-70.611091,-11907.690484
indian_origin_g2_pooled_white_ages,11,accrual,high,5929872.911316,-62.931986,-10612.704071
indian_origin_g2_pooled_white_ages,11,cash,low,5929872.911316,-80.818913,-13629.113782
indian_origin_g2_pooled_white_ages,11,cash,high,5929872.911316,-73.139808,-12334.127370
indian_origin_g2_pooled_white_ages,12,accrual,low,6259493.088922,-72.014990,-11504.923590
indian_origin_g2_pooled_white_ages,12,accrual,high,6259493.088922,-63.935785,-10214.211273
indian_origin_g2_pooled_white_ages,12,cash,low,6259493.088922,-80.272736,-12824.159227
indian_origin_g2_pooled_white_ages,12,cash,high,6259493.088922,-72.193531,-11533.446910
indian_origin_g2_pooled_white_ages,13,accrual,low,6080999.609473,-76.929215,-12650.751590
indian_origin_g2_pooled_white_ages,13,accrual,high,6080999.609473,-69.083173,-11360.496154
indian_origin_g2_pooled_white_ages,13,cash,low,6080999.609473,-85.311893,-14029.254873
indian_origin_g2_pooled_white_ages,13,cash,high,6080999.609473,-77.465851,-12738.999437
indian_origin_g2_pooled_white_ages,14,accrual,low,6039540.432309,-80.368737,-13307.094854
indian_origin_g2_pooled_white_ages,14,accrual,high,6039540.432309,-72.522555,-12007.959125
indian_origin_g2_pooled_white_ages,14,cash,low,6039540.432309,-90.669627,-15012.669993
indian_origin_g2_pooled_white_ages,14,cash,high,6039540.432309,-82.823445,-13713.534264
indian_origin_g2_pooled_white_ages,15,accrual,low,6073497.091211,-73.799327,-12151.043484
indian_origin_g2_pooled_white_ages,15,accrual,high,6073497.091211,-65.958916,-10860.121512
indian_origin_g2_pooled_white_ages,15,cash,low,6073497.091211,-84.595061,-13928.558671
indian_origin_g2_pooled_white_ages,15,cash,high,6073497.091211,-76.754650,-12637.636699
indian_origin_g2_pooled_white_ages,16,accrual,low,6082372.918476,-63.861807,-10499.488835
indian_origin_g2_pooled_white_ages,16,accrual,high,6082372.918476,-56.102756,-9223.827156
indian_origin_g2_pooled_white_ages,16,cash,low,6082372.918476,-72.799370,-11968.909341
indian_origin_g2_pooled_white_ages,16,cash,high,6082372.918476,-65.040320,-10693.247662
indian_origin_g2_pooled_white_ages,17,accrual,low,6230835.055041,-76.045876,-12204.764673
indian_origin_g2_pooled_white_ages,17,accrual,high,6230835.055041,-67.976245,-10909.652387
indian_origin_g2_pooled_white_ages,17,cash,low,6230835.055041,-85.971759,-13797.790888
indian_origin_g2_pooled_white_ages,17,cash,high,6230835.055041,-77.902128,-12502.678602
indian_origin_g2_pooled_white_ages,18,accrual,low,6093480.556779,-63.976733,-10499.210151
indian_origin_g2_pooled_white_ages,18,accrual,high,6093480.556779,-56.155276,-9215.632253
indian_origin_g2_pooled_white_ages,18,cash,low,6093480.556779,-71.651560,-11758.724606
indian_origin_g2_pooled_white_ages,18,cash,high,6093480.556779,-63.830103,-10475.146708
indian_origin_g2_pooled_white_ages,19,accrual,low,6079499.691069,-66.990489,-11019.079313
indian_origin_g2_pooled_white_ages,19,accrual,high,6079499.691069,-59.222559,-9741.354025
indian_origin_g2_pooled_white_ages,19,cash,low,6079499.691069,-75.447076,-12410.079830
indian_origin_g2_pooled_white_ages,19,cash,high,6079499.691069,-67.679146,-11132.354542
indian_origin_g2_pooled_white_ages,20,accrual,low,6251955.584444,-79.161078,-12661.810755
indian_origin_g2_pooled_white_ages,20,accrual,high,6251955.584444,-71.054179,-11365.112493
indian_origin_g2_pooled_white_ages,20,cash,low,6251955.584444,-90.508245,-14476.789432
indian_origin_g2_pooled_white_ages,20,cash,high,6251955.584444,-82.401345,-13180.091170
indian_origin_g2_pooled_white_ages,21,accrual,low,5972745.292010,-77.344015,-12949.491569
indian_origin_g2_pooled_white_ages,21,accrual,high,5972745.292010,-69.634832,-11658.764726
indian_origin_g2_pooled_white_ages,21,cash,low,5972745.292010,-84.483487,-14144.833378
indian_origin_g2_pooled_white_ages,21,cash,high,5972745.292010,-76.774304,-12854.106534
indian_origin_g2_pooled_white_ages,22,accrual,low,6219894.217036,-79.050449,-12709.291611
indian_origin_g2_pooled_white_ages,22,accrual,high,6219894.217036,-71.062472,-11425.029008
indian_origin_g2_pooled_white_ages,22,cash,low,6219894.217036,-86.985124,-13984.984494
indian_origin_g2_pooled_white_ages,22,cash,high,6219894.217036,-78.997147,-12700.721891
indian_origin_g2_pooled_white_ages,23,accrual,low,6200056.227771,-75.199632,-12128.862964
indian_origin_g2_pooled_white_ages,23,accrual,high,6200056.227771,-67.198208,-10838.322355
indian_origin_g2_pooled_white_ages,23,cash,low,6200056.227771,-83.403480,-13452.052263
indian_origin_g2_pooled_white_ages,23,cash,high,6200056.227771,-75.402056,-12161.511653
indian_origin_g2_pooled_white_ages,24,accrual,low,6352484.936519,-77.724627,-12235.310768
indian_origin_g2_pooled_white_ages,24,accrual,high,6352484.936519,-69.478976,-10937.290956
indian_origin_g2_pooled_white_ages,24,cash,low,6352484.936519,-89.033026,-14015.464253
indian_origin_g2_pooled_white_ages,24,cash,high,6352484.936519,-80.787374,-12717.444441
indian_origin_g2_pooled_white_ages,25,accrual,low,6117704.225176,-71.587927,-11701.763400
indian_origin_g2_pooled_white_ages,25,accrual,high,6117704.225176,-63.706168,-10413.410969
indian_origin_g2_pooled_white_ages,25,cash,low,6117704.225176,-81.919144,-13390.504214
indian_origin_g2_pooled_white_ages,25,cash,high,6117704.225176,-74.037385,-12102.151783
indian_origin_g2_pooled_white_ages,26,accrual,low,6053676.391533,-76.636636,-12659.519816
indian_origin_g2_pooled_white_ages,26,accrual,high,6053676.391533,-68.791266,-11363.551884
indian_origin_g2_pooled_white_ages,26,cash,low,6053676.391533,-84.443972,-13949.204780
indian_origin_g2_pooled_white_ages,26,cash,high,6053676.391533,-76.598601,-12653.236848
indian_origin_g2_pooled_white_ages,27,accrual,low,6024477.719361,-71.643339,-11892.041560
indian_origin_g2_pooled_white_ages,27,accrual,high,6024477.719361,-63.823135,-10593.969816
indian_origin_g2_pooled_white_ages,27,cash,low,6024477.719361,-81.416814,-13514.335615
indian_origin_g2_pooled_white_ages,27,cash,high,6024477.719361,-73.596610,-12216.263872
indian_origin_g2_pooled_white_ages,28,accrual,low,6188216.135948,-74.109960,-11975.981215
indian_origin_g2_pooled_white_ages,28,accrual,high,6188216.135948,-66.094487,-10680.701140
indian_origin_g2_pooled_white_ages,28,cash,low,6188216.135948,-85.423226,-13804.176135
indian_origin_g2_pooled_white_ages,28,cash,high,6188216.135948,-77.407752,-12508.896060
indian_origin_g2_pooled_white_ages,29,accrual,low,6100402.307748,-66.127443,-10839.849592
indian_origin_g2_pooled_white_ages,29,accrual,high,6100402.307748,-58.321189,-9560.220105
indian_origin_g2_pooled_white_ages,29,cash,low,6100402.307748,-73.309482,-12017.155379
indian_origin_g2_pooled_white_ages,29,cash,high,6100402.307748,-65.503228,-10737.525892
indian_origin_g2_pooled_white_ages,30,accrual,low,6256523.219424,-81.721066,-13061.737822
indian_origin_g2_pooled_white_ages,30,accrual,high,6256523.219424,-73.578923,-11760.353143
indian_origin_g2_pooled_white_ages,30,cash,low,6256523.219424,-91.020798,-14548.143484
indian_origin_g2_pooled_white_ages,30,cash,high,6256523.219424,-82.878654,-13246.758805
indian_origin_g2_pooled_white_ages,31,accrual,low,6133835.933274,-59.786097,-9746.934527
indian_origin_g2_pooled_white_ages,31,accrual,high,6133835.933274,-51.980604,-8474.404112
indian_origin_g2_pooled_white_ages,31,cash,low,6133835.933274,-67.848852,-11061.406461
indian_origin_g2_pooled_white_ages,31,cash,high,6133835.933274,-60.043360,-9788.876045
indian_origin_g2_pooled_white_ages,32,accrual,low,5983165.966764,-71.853179,-12009.223806
indian_origin_g2_pooled_white_ages,32,accrual,high,5983165.966764,-64.114555,-10715.824339
indian_origin_g2_pooled_white_ages,32,cash,low,5983165.966764,-80.694666,-13486.951024
indian_origin_g2_pooled_white_ages,32,cash,high,5983165.966764,-72.956043,-12193.551557
indian_origin_g2_pooled_white_ages,33,accrual,low,6152682.404809,-77.390365,-12578.312919
indian_origin_g2_pooled_white_ages,33,accrual,high,6152682.404809,-69.478716,-11292.426888
indian_origin_g2_pooled_white_ages,33,cash,low,6152682.404809,-85.306611,-13864.946346
indian_origin_g2_pooled_white_ages,33,cash,high,6152682.404809,-77.394963,-12579.060316
indian_origin_g2_pooled_white_ages,34,accrual,low,6182353.666982,-74.080205,-11982.524538
indian_origin_g2_pooled_white_ages,34,accrual,high,6182353.666982,-66.052434,-10684.027086
indian_origin_g2_pooled_white_ages,34,cash,low,6182353.666982,-85.551394,-13837.997334
indian_origin_g2_pooled_white_ages,34,cash,high,6182353.666982,-77.523623,-12539.499882
indian_origin_g2_pooled_white_ages,35,accrual,low,6336175.809312,-68.124044,-10751.602525
indian_origin_g2_pooled_white_ages,35,accrual,high,6336175.809312,-59.980524,-9466.360420
indian_origin_g2_pooled_white_ages,35,cash,low,6336175.809312,-79.827301,-12598.656301
indian_origin_g2_pooled_white_ages,35,cash,high,6336175.809312,-71.683781,-11313.414196
indian_origin_g2_pooled_white_ages,36,accrual,low,6192292.883662,-68.557499,-11071.423751
indian_origin_g2_pooled_white_ages,36,accrual,high,6192292.883662,-60.569993,-9781.512919
indian_origin_g2_pooled_white_ages,36,cash,low,6192292.883662,-79.741321,-12877.511137
indian_origin_g2_pooled_white_ages,36,cash,high,6192292.883662,-71.753815,-11587.600305
indian_origin_g2_pooled_white_ages,37,accrual,low,6111342.915874,-81.998834,-13417.482076
indian_origin_g2_pooled_white_ages,37,accrual,high,6111342.915874,-74.034407,-12114.261628
indian_origin_g2_pooled_white_ages,37,cash,low,6111342.915874,-92.397992,-15119.097884
indian_origin_g2_pooled_white_ages,37,cash,high,6111342.915874,-84.433565,-13815.877437
indian_origin_g2_pooled_white_ages,38,accrual,low,6002252.923516,-75.959690,-12655.196476
indian_origin_g2_pooled_white_ages,38,accrual,high,6002252.923516,-68.165058,-11356.578668
indian_origin_g2_pooled_white_ages,38,cash,low,6002252.923516,-85.094638,-14177.116308
indian_origin_g2_pooled_white_ages,38,cash,high,6002252.923516,-77.300005,-12878.498500
indian_origin_g2_pooled_white_ages,39,accrual,low,6106205.744647,-65.089042,-10659.490426
indian_origin_g2_pooled_white_ages,39,accrual,high,6106205.744647,-57.276531,-9380.052600
indian_origin_g2_pooled_white_ages,39,cash,low,6106205.744647,-75.661380,-12390.899277
indian_origin_g2_pooled_white_ages,39,cash,high,6106205.744647,-67.848870,-11111.461452
indian_origin_g2_pooled_white_ages,40,accrual,low,6046898.882913,-74.097925,-12253.871979
indian_origin_g2_pooled_white_ages,40,accrual,high,6046898.882913,-66.317042,-10967.116119
indian_origin_g2_pooled_white_ages,40,cash,low,6046898.882913,-83.292908,-13774.483299
indian_origin_g2_pooled_white_ages,40,cash,high,6046898.882913,-75.512025,-12487.727439
indian_origin_g2_pooled_white_ages,41,accrual,low,5948117.113792,-68.587712,-11530.995478
indian_origin_g2_pooled_white_ages,41,accrual,high,5948117.113792,-60.887845,-10236.490566
indian_origin_g2_pooled_white_ages,41,cash,low,5948117.113792,-77.678385,-13059.323387
indian_origin_g2_pooled_white_ages,41,cash,high,5948117.113792,-69.978518,-11764.818475
indian_origin_g2_pooled_white_ages,42,accrual,low,5961357.405788,-69.868242,-11720.190014
indian_origin_g2_pooled_white_ages,42,accrual,high,5961357.405788,-62.182507,-10430.930922
indian_origin_g2_pooled_white_ages,42,cash,low,5961357.405788,-79.641616,-13359.644603
indian_origin_g2_pooled_white_ages,42,cash,high,5961357.405788,-71.955882,-12070.385511
indian_origin_g2_pooled_white_ages,43,accrual,low,6284974.738619,-71.578572,-11388.840124
indian_origin_g2_pooled_white_ages,43,accrual,high,6284974.738619,-63.518950,-10106.476629
indian_origin_g2_pooled_white_ages,43,cash,low,6284974.738619,-80.396486,-12791.855011
indian_origin_g2_pooled_white_ages,43,cash,high,6284974.738619,-72.336863,-11509.491516
indian_origin_g2_pooled_white_ages,44,accrual,low,6036034.940080,-70.725948,-11717.286113
indian_origin_g2_pooled_white_ages,44,accrual,high,6036034.940080,-62.910238,-10422.444261
indian_origin_g2_pooled_white_ages,44,cash,low,6036034.940080,-80.057761,-13263.303158
indian_origin_g2_pooled_white_ages,44,cash,high,6036034.940080,-72.242051,-11968.461306
indian_origin_g2_pooled_white_ages,45,accrual,low,6008814.508565,-72.814476,-12117.943641
indian_origin_g2_pooled_white_ages,45,accrual,high,6008814.508565,-65.055335,-10826.650604
indian_origin_g2_pooled_white_ages,45,cash,low,6008814.508565,-81.559312,-13573.278305
indian_origin_g2_pooled_white_ages,45,cash,high,6008814.508565,-73.800171,-12281.985268
indian_origin_g2_pooled_white_ages,46,accrual,low,6196982.175125,-70.509666,-11378.065072
indian_origin_g2_pooled_white_ages,46,accrual,high,6196982.175125,-62.511850,-10087.466559
indian_origin_g2_pooled_white_ages,46,cash,low,6196982.175125,-81.213728,-13105.367346
indian_origin_g2_pooled_white_ages,46,cash,high,6196982.175125,-73.215912,-11814.768833
indian_origin_g2_pooled_white_ages,47,accrual,low,6027532.570896,-73.023171,-12114.935956
indian_origin_g2_pooled_white_ages,47,accrual,high,6027532.570896,-65.235569,-10822.930930
indian_origin_g2_pooled_white_ages,47,cash,low,6027532.570896,-81.987921,-13602.236031
indian_origin_g2_pooled_white_ages,47,cash,high,6027532.570896,-74.200318,-12310.231005
indian_origin_g2_pooled_white_ages,48,accrual,low,6222166.650987,-72.804542,-11700.834502
indian_origin_g2_pooled_white_ages,48,accrual,high,6222166.650987,-64.789896,-10412.754878
indian_origin_g2_pooled_white_ages,48,cash,low,6222166.650987,-81.866124,-13157.173101
indian_origin_g2_pooled_white_ages,48,cash,high,6222166.650987,-73.851478,-11869.093477
indian_origin_g2_pooled_white_ages,49,accrual,low,6281449.580770,-72.949253,-11613.442486
indian_origin_g2_pooled_white_ages,49,accrual,high,6281449.580770,-64.945404,-10339.238264
indian_origin_g2_pooled_white_ages,49,cash,low,6281449.580770,-82.860060,-13191.232199
indian_origin_g2_pooled_white_ages,49,cash,high,6281449.580770,-74.856210,-11917.027976
indian_origin_g2_pooled_white_ages,50,accrual,low,5838974.714527,-66.038855,-11310.008729
indian_origin_g2_pooled_white_ages,50,accrual,high,5838974.714527,-58.578355,-10032.301593
indian_origin_g2_pooled_white_ages,50,cash,low,5838974.714527,-74.682239,-12790.300175
indian_origin_g2_pooled_white_ages,50,cash,high,5838974.714527,-67.221740,-11512.593039
indian_origin_g2_pooled_white_ages,51,accrual,low,5999625.813987,-80.472075,-13412.849013
indian_origin_g2_pooled_white_ages,51,accrual,high,5999625.813987,-72.709415,-12118.991571
indian_origin_g2_pooled_white_ages,51,cash,low,5999625.813987,-89.556634,-14927.036540
indian_origin_g2_pooled_white_ages,51,cash,high,5999625.813987,-81.793973,-13633.179097
indian_origin_g2_pooled_white_ages,52,accrual,low,6121085.091750,-72.561686,-11854.382769
indian_origin_g2_pooled_white_ages,52,accrual,high,6121085.091750,-64.649087,-10561.703750
indian_origin_g2_pooled_white_ages,52,cash,low,6121085.091750,-83.461188,-13635.031569
indian_origin_g2_pooled_white_ages,52,cash,high,6121085.091750,-75.548590,-12342.352549
indian_origin_g2_pooled_white_ages,53,accrual,low,6165848.422697,-71.891572,-11659.639925
indian_origin_g2_pooled_white_ages,53,accrual,high,6165848.422697,-63.989885,-10378.115125
indian_origin_g2_pooled_white_ages,53,cash,low,6165848.422697,-80.763653,-13098.546621
indian_origin_g2_pooled_white_ages,53,cash,high,6165848.422697,-72.861965,-11817.021821
indian_origin_g2_pooled_white_ages,54,accrual,low,6037864.249875,-74.895401,-12404.287007
indian_origin_g2_pooled_white_ages,54,accrual,high,6037864.249875,-67.164267,-11123.845159
indian_origin_g2_pooled_white_ages,54,cash,low,6037864.249875,-82.670590,-13692.025212
indian_origin_g2_pooled_white_ages,54,cash,high,6037864.249875,-74.939455,-12411.583364
indian_origin_g2_pooled_white_ages,55,accrual,low,6014619.572592,-79.468692,-13212.588231
indian_origin_g2_pooled_white_ages,55,accrual,high,6014619.572592,-71.691977,-11919.619532
indian_origin_g2_pooled_white_ages,55,cash,low,6014619.572592,-88.277167,-14677.099076
indian_origin_g2_pooled_white_ages,55,cash,high,6014619.572592,-80.500453,-13384.130377
indian_origin_g2_pooled_white_ages,56,accrual,low,5900406.574158,-72.254229,-12245.635596
indian_origin_g2_pooled_white_ages,56,accrual,high,5900406.574158,-64.656139,-10957.912436
indian_origin_g2_pooled_white_ages,56,cash,low,5900406.574158,-80.047821,-13566.492396
indian_origin_g2_pooled_white_ages,56,cash,high,5900406.574158,-72.449731,-12278.769236
indian_origin_g2_pooled_white_ages,57,accrual,low,5878742.198763,-70.400117,-11975.370655
indian_origin_g2_pooled_white_ages,57,accrual,high,5878742.198763,-62.825576,-10686.907876
indian_origin_g2_pooled_white_ages,57,cash,low,5878742.198763,-76.595185,-13029.179080
indian_origin_g2_pooled_white_ages,57,cash,high,5878742.198763,-69.020644,-11740.716301
indian_origin_g2_pooled_white_ages,58,accrual,low,6153238.261538,-71.781018,-11665.567738
indian_origin_g2_pooled_white_ages,58,accrual,high,6153238.261538,-63.899054,-10384.622014
indian_origin_g2_pooled_white_ages,58,cash,low,6153238.261538,-80.097656,-13017.154919
indian_origin_g2_pooled_white_ages,58,cash,high,6153238.261538,-72.215691,-11736.209194
indian_origin_g2_pooled_white_ages,59,accrual,low,5984547.828130,-70.986613,-11861.650276
indian_origin_g2_pooled_white_ages,59,accrual,high,5984547.828130,-63.307012,-10578.411973
indian_origin_g2_pooled_white_ages,59,cash,low,5984547.828130,-77.921886,-13020.513533
indian_origin_g2_pooled_white_ages,59,cash,high,5984547.828130,-70.242285,-11737.275230
indian_origin_g2_pooled_white_ages,60,accrual,low,6129924.793119,-73.509339,-11991.882766
indian_origin_g2_pooled_white_ages,60,accrual,high,6129924.793119,-65.589570,-10699.897943
indian_origin_g2_pooled_white_ages,60,cash,low,6129924.793119,-82.925912,-13528.047163
indian_origin_g2_pooled_white_ages,60,cash,high,6129924.793119,-75.006142,-12236.062340
indian_origin_g2_pooled_white_ages,61,accrual,low,6190138.556520,-66.892370,-10806.279943
indian_origin_g2_pooled_white_ages,61,accrual,high,6190138.556520,-58.987878,-9529.330857
indian_origin_g2_pooled_white_ages,61,cash,low,6190138.556520,-74.196387,-11986.223983
indian_origin_g2_pooled_white_ages,61,cash,high,6190138.556520,-66.291895,-10709.274897
indian_origin_g2_pooled_white_ages,62,accrual,low,5962026.542822,-72.175652,-12105.892497
indian_origin_g2_pooled_white_ages,62,accrual,high,5962026.542822,-64.447329,-10809.634636
indian_origin_g2_pooled_white_ages,62,cash,low,5962026.542822,-83.138643,-13944.695240
indian_origin_g2_pooled_white_ages,62,cash,high,5962026.542822,-75.410319,-12648.437379
indian_origin_g2_pooled_white_ages,63,accrual,low,5891387.297023,-68.375653,-11606.036007
indian_origin_g2_pooled_white_ages,63,accrual,high,5891387.297023,-60.713613,-10305.486646
indian_origin_g2_pooled_white_ages,63,cash,low,5891387.297023,-78.472968,-13319.947257
indian_origin_g2_pooled_white_ages,63,cash,high,5891387.297023,-70.810928,-12019.397896
indian_origin_g2_pooled_white_ages,64,accrual,low,5898227.480927,-63.543572,-10773.333628
indian_origin_g2_pooled_white_ages,64,accrual,high,5898227.480927,-55.977326,-9490.533580
indian_origin_g2_pooled_white_ages,64,cash,low,5898227.480927,-72.020789,-12210.581712
indian_origin_g2_pooled_white_ages,64,cash,high,5898227.480927,-64.454542,-10927.781664
indian_origin_g2_pooled_white_ages,65,accrual,low,6262145.444328,-77.997525,-12455.399725
indian_origin_g2_pooled_white_ages,65,accrual,high,6262145.444328,-69.977001,-11174.604863
indian_origin_g2_pooled_white_ages,65,cash,low,6262145.444328,-87.856665,-14029.802731
indian_origin_g2_pooled_white_ages,65,cash,high,6262145.444328,-79.836142,-12749.007869
indian_origin_g2_pooled_white_ages,66,accrual,low,5990251.891173,-70.984893,-11850.068152
indian_origin_g2_pooled_white_ages,66,accrual,high,5990251.891173,-63.248155,-10558.513494
indian_origin_g2_pooled_white_ages,66,cash,low,5990251.891173,-80.322854,-13408.927633
indian_origin_g2_pooled_white_ages,66,cash,high,5990251.891173,-72.586116,-12117.372975
indian_origin_g2_pooled_white_ages,67,accrual,low,6115420.684765,-80.344794,-13138.064957
indian_origin_g2_pooled_white_ages,67,accrual,high,6115420.684765,-72.369330,-11833.908631
indian_origin_g2_pooled_white_ages,67,cash,low,6115420.684765,-89.620677,-14654.866959
indian_origin_g2_pooled_white_ages,67,cash,high,6115420.684765,-81.645212,-13350.710633
indian_origin_g2_pooled_white_ages,68,accrual,low,6026085.135578,-65.353156,-10845.043606
indian_origin_g2_pooled_white_ages,68,accrual,high,6026085.135578,-57.644279,-9565.792365
indian_origin_g2_pooled_white_ages,68,cash,low,6026085.135578,-75.217961,-12482.060864
indian_origin_g2_pooled_white_ages,68,cash,high,6026085.135578,-67.509085,-11202.809623
indian_origin_g2_pooled_white_ages,69,accrual,low,6136770.744396,-78.836943,-12846.649582
indian_origin_g2_pooled_white_ages,69,accrual,high,6136770.744396,-70.912173,-11555.291130
indian_origin_g2_pooled_white_ages,69,cash,low,6136770.744396,-87.177599,-14205.777418
indian_origin_g2_pooled_white_ages,69,cash,high,6136770.744396,-79.252828,-12914.418966
indian_origin_g2_pooled_white_ages,70,accrual,low,6096330.540021,-81.398777,-13352.093841
indian_origin_g2_pooled_white_ages,70,accrual,high,6096330.540021,-73.465384,-12050.754634
indian_origin_g2_pooled_white_ages,70,cash,low,6096330.540021,-91.074805,-14939.282599
indian_origin_g2_pooled_white_ages,70,cash,high,6096330.540021,-83.141411,-13637.943392
indian_origin_g2_pooled_white_ages,71,accrual,low,6170066.243817,-80.635629,-13068.843286
indian_origin_g2_pooled_white_ages,71,accrual,high,6170066.243817,-72.589714,-11764.819258
indian_origin_g2_pooled_white_ages,71,cash,low,6170066.243817,-90.079377,-14599.418203
indian_origin_g2_pooled_white_ages,71,cash,high,6170066.243817,-82.033463,-13295.394175
indian_origin_g2_pooled_white_ages,72,accrual,low,5948187.748348,-75.280910,-12656.108595
indian_origin_g2_pooled_white_ages,72,accrual,high,5948187.748348,-67.623799,-11368.807120
indian_origin_g2_pooled_white_ages,72,cash,low,5948187.748348,-83.518750,-14041.041246
indian_origin_g2_pooled_white_ages,72,cash,high,5948187.748348,-75.861639,-12753.739771
indian_origin_g2_pooled_white_ages,73,accrual,low,6145074.735606,-65.360966,-10636.317515
indian_origin_g2_pooled_white_ages,73,accrual,high,6145074.735606,-57.513653,-9359.309031
indian_origin_g2_pooled_white_ages,73,cash,low,6145074.735606,-74.262239,-12084.838990
indian_origin_g2_pooled_white_ages,73,cash,high,6145074.735606,-66.414926,-10807.830506
indian_origin_g2_pooled_white_ages,74,accrual,low,5974529.574202,-63.908211,-10696.777105
indian_origin_g2_pooled_white_ages,74,accrual,high,5974529.574202,-56.244182,-9413.993326
indian_origin_g2_pooled_white_ages,74,cash,low,5974529.574202,-72.395863,-12117.416541
indian_origin_g2_pooled_white_ages,74,cash,high,5974529.574202,-64.731834,-10834.632761
indian_origin_g2_pooled_white_ages,75,accrual,low,6199880.994714,-75.018627,-12100.010801
indian_origin_g2_pooled_white_ages,75,accrual,high,6199880.994714,-67.006841,-10807.762473
indian_origin_g2_pooled_white_ages,75,cash,low,6199880.994714,-84.297152,-13596.575870
indian_origin_g2_pooled_white_ages,75,cash,high,6199880.994714,-76.285366,-12304.327542
indian_origin_g2_pooled_white_ages,76,accrual,low,6116900.265268,-74.642879,-12202.729376
indian_origin_g2_pooled_white_ages,76,accrual,high,6116900.265268,-66.688982,-10902.414406
indian_origin_g2_pooled_white_ages,76,cash,low,6116900.265268,-83.333329,-13623.457258
indian_origin_g2_pooled_white_ages,76,cash,high,6116900.265268,-75.379432,-12323.142289
indian_origin_g2_pooled_white_ages,77,accrual,low,6016874.174945,-71.308338,-11851.392670
indian_origin_g2_pooled_white_ages,77,accrual,high,6016874.174945,-63.552965,-10562.455302
indian_origin_g2_pooled_white_ages,77,cash,low,6016874.174945,-80.024213,-13299.964434
indian_origin_g2_pooled_white_ages,77,cash,high,6016874.174945,-72.268839,-12011.027066
indian_origin_g2_pooled_white_ages,78,accrual,low,6058845.899268,-76.775812,-12671.689172
indian_origin_g2_pooled_white_ages,78,accrual,high,6058845.899268,-68.959084,-11381.554344
indian_origin_g2_pooled_white_ages,78,cash,low,6058845.899268,-86.330351,-14248.646162
indian_origin_g2_pooled_white_ages,78,cash,high,6058845.899268,-78.513623,-12958.511334
indian_origin_g2_pooled_white_ages,79,accrual,low,5998158.436706,-74.048013,-12345.124524
indian_origin_g2_pooled_white_ages,79,accrual,high,5998158.436706,-66.316406,-11056.127695
indian_origin_g2_pooled_white_ages,79,cash,low,5998158.436706,-81.591367,-13602.736220
indian_origin_g2_pooled_white_ages,79,cash,high,5998158.436706,-73.859760,-12313.739391
indian_origin_g2_pooled_white_ages,80,accrual,low,6022738.046397,-65.002379,-10792.828576
indian_origin_g2_pooled_white_ages,80,accrual,high,6022738.046397,-57.301551,-9514.202809
indian_origin_g2_pooled_white_ages,80,cash,low,6022738.046397,-75.143831,-12476.689244
indian_origin_g2_pooled_white_ages,80,cash,high,6022738.046397,-67.443003,-11198.063478
indian_origin_g2_pooled_white_ages,81,accrual,low,6162180.314337,-71.774852,-11647.639024
indian_origin_g2_pooled_white_ages,81,accrual,high,6162180.314337,-63.860345,-10363.271035
indian_origin_g2_pooled_white_ages,81,cash,low,6162180.314337,-81.366645,-13204.197295
indian_origin_g2_pooled_white_ages,81,cash,high,6162180.314337,-73.452137,-11919.829305
indian_origin_g2_pooled_white_ages,82,accrual,low,6184805.305096,-73.211684,-11837.346583
indian_origin_g2_pooled_white_ages,82,accrual,high,6184805.305096,-65.262361,-10552.047824
indian_origin_g2_pooled_white_ages,82,cash,low,6184805.305096,-81.204396,-13129.660853
indian_origin_g2_pooled_white_ages,82,cash,high,6184805.305096,-73.255074,-11844.362094
indian_origin_g2_pooled_white_ages,83,accrual,low,5914450.906600,-65.331234,-11046.035312
indian_origin_g2_pooled_white_ages,83,accrual,high,5914450.906600,-57.726823,-9760.301381
indian_origin_g2_pooled_white_ages,83,cash,low,5914450.906600,-73.697385,-12460.562553
indian_origin_g2_pooled_white_ages,83,cash,high,5914450.906600,-66.092975,-11174.828622
indian_origin_g2_pooled_white_ages,84,accrual,low,6118482.710314,-64.369006,-10520.419773
indian_origin_g2_pooled_white_ages,84,accrual,high,6118482.710314,-56.536166,-9240.226448
indian_origin_g2_pooled_white_ages,84,cash,low,6118482.710314,-73.571241,-12024.425774
indian_origin_g2_pooled_white_ages,84,cash,high,6118482.710314,-65.738400,-10744.232449
indian_origin_g2_pooled_white_ages,85,accrual,low,6188148.127269,-81.033287,-13094.917107
indian_origin_g2_pooled_white_ages,85,accrual,high,6188148.127269,-73.061590,-11806.696994
indian_origin_g2_pooled_white_ages,85,cash,low,6188148.127269,-88.728841,-14338.512801
indian_origin_g2_pooled_white_ages,85,cash,high,6188148.127269,-80.757144,-13050.292688
indian_origin_g2_pooled_white_ages,86,accrual,low,6254596.867364,-78.783965,-12596.169990
indian_origin_g2_pooled_white_ages,86,accrual,high,6254596.867364,-70.695443,-11302.957552
indian_origin_g2_pooled_white_ages,86,cash,low,6254596.867364,-87.974912,-14065.640722
indian_origin_g2_pooled_white_ages,86,cash,high,6254596.867364,-79.886390,-12772.428283
indian_origin_g2_pooled_white_ages,87,accrual,low,6106196.574701,-77.880918,-12754.407262
indian_origin_g2_pooled_white_ages,87,accrual,high,6106196.574701,-69.964234,-11457.907201
indian_origin_g2_pooled_white_ages,87,cash,low,6106196.574701,-88.894195,-14558.030307
indian_origin_g2_pooled_white_ages,87,cash,high,6106196.574701,-80.977511,-13261.530246
indian_origin_g2_pooled_white_ages,88,accrual,low,6187906.092054,-75.663087,-12227.575186
indian_origin_g2_pooled_white_ages,88,accrual,high,6187906.092054,-67.649281,-10932.499575
indian_origin_g2_pooled_white_ages,88,cash,low,6187906.092054,-84.935329,-13726.021077
indian_origin_g2_pooled_white_ages,88,cash,high,6187906.092054,-76.921523,-12430.945466
indian_origin_g2_pooled_white_ages,89,accrual,low,6130020.300655,-74.310425,-12122.378249
indian_origin_g2_pooled_white_ages,89,accrual,high,6130020.300655,-66.400624,-10832.039795
indian_origin_g2_pooled_white_ages,89,cash,low,6130020.300655,-85.194924,-13897.984014
indian_origin_g2_pooled_white_ages,89,cash,high,6130020.300655,-77.285123,-12607.645560
indian_origin_g2_pooled_white_ages,90,accrual,low,6042614.303475,-76.503334,-12660.634909
indian_origin_g2_pooled_white_ages,90,accrual,high,6042614.303475,-68.678789,-11365.741009
indian_origin_g2_pooled_white_ages,90,cash,low,6042614.303475,-86.994414,-14396.817275
indian_origin_g2_pooled_white_ages,90,cash,high,6042614.303475,-79.169870,-13101.923375
indian_origin_g2_pooled_white_ages,91,accrual,low,6063619.448877,-78.080728,-12876.917598
indian_origin_g2_pooled_white_ages,91,accrual,high,6063619.448877,-70.236851,-11583.321032
indian_origin_g2_pooled_white_ages,91,cash,low,6063619.448877,-86.815000,-14317.356354
indian_origin_g2_pooled_white_ages,91,cash,high,6063619.448877,-78.971123,-13023.759788
indian_origin_g2_pooled_white_ages,92,accrual,low,5988409.929678,-73.301369,-12240.539667
indian_origin_g2_pooled_white_ages,92,accrual,high,5988409.929678,-65.582337,-10951.544297
indian_origin_g2_pooled_white_ages,92,cash,low,5988409.929678,-81.468393,-13604.344637
indian_origin_g2_pooled_white_ages,92,cash,high,5988409.929678,-73.749360,-12315.349267
indian_origin_g2_pooled_white_ages,93,accrual,low,6018862.859281,-66.149501,-10990.365187
indian_origin_g2_pooled_white_ages,93,accrual,high,6018862.859281,-58.396915,-9702.316886
indian_origin_g2_pooled_white_ages,93,cash,low,6018862.859281,-75.718815,-12580.252560
indian_origin_g2_pooled_white_ages,93,cash,high,6018862.859281,-67.966229,-11292.204259
indian_origin_g2_pooled_white_ages,94,accrual,low,6175856.594357,-73.636021,-11923.207639
indian_origin_g2_pooled_white_ages,94,accrual,high,6175856.594357,-65.622758,-10625.693215
indian_origin_g2_pooled_white_ages,94,cash,low,6175856.594357,-83.728264,-13557.352414
indian_origin_g2_pooled_white_ages,94,cash,high,6175856.594357,-75.715001,-12259.837990
indian_origin_g2_pooled_white_ages,95,accrual,low,5992389.475877,-71.637396,-11954.729695
indian_origin_g2_pooled_white_ages,95,accrual,high,5992389.475877,-63.921045,-10667.037838
indian_origin_g2_pooled_white_ages,95,cash,low,5992389.475877,-80.106664,-13368.067001
indian_origin_g2_pooled_white_ages,95,cash,high,5992389.475877,-72.390313,-12080.375144
indian_origin_g2_pooled_white_ages,96,accrual,low,5883431.184579,-72.270579,-12283.746758
indian_origin_g2_pooled_white_ages,96,accrual,high,5883431.184579,-64.663042,-10990.702503
indian_origin_g2_pooled_white_ages,96,cash,low,5883431.184579,-79.963380,-13591.283230
indian_origin_g2_pooled_white_ages,96,cash,high,5883431.184579,-72.355843,-12298.238975
indian_origin_g2_pooled_white_ages,97,accrual,low,5961391.633321,-70.126384,-11763.425113
indian_origin_g2_pooled_white_ages,97,accrual,high,5961391.633321,-62.441898,-10474.382834
indian_origin_g2_pooled_white_ages,97,cash,low,5961391.633321,-77.951596,-13076.073678
indian_origin_g2_pooled_white_ages,97,cash,high,5961391.633321,-70.267110,-11787.031400
indian_origin_g2_pooled_white_ages,98,accrual,low,5889426.166368,-80.562302,-13679.142803
indian_origin_g2_pooled_white_ages,98,accrual,high,5889426.166368,-72.890955,-12376.580210
indian_origin_g2_pooled_white_ages,98,cash,low,5889426.166368,-90.429115,-15354.486491
indian_origin_g2_pooled_white_ages,98,cash,high,5889426.166368,-82.757768,-14051.923898
indian_origin_g2_pooled_white_ages,99,accrual,low,5976953.631706,-76.461906,-12792.788827
indian_origin_g2_pooled_white_ages,99,accrual,high,5976953.631706,-68.733877,-11499.817617
indian_origin_g2_pooled_white_ages,99,cash,low,5976953.631706,-85.036460,-14227.391660
indian_origin_g2_pooled_white_ages,99,cash,high,5976953.631706,-77.308431,-12934.420449
indian_origin_g2_pooled_white_ages,100,accrual,low,5894988.739343,-63.986328,-10854.359729
indian_origin_g2_pooled_white_ages,100,accrual,high,5894988.739343,-56.427962,-9572.191647
indian_origin_g2_pooled_white_ages,100,cash,low,5894988.739343,-72.871584,-12361.615399
indian_origin_g2_pooled_white_ages,100,cash,high,5894988.739343,-65.313217,-11079.447317
indian_origin_g2_pooled_white_ages,101,accrual,low,6067920.629850,-68.977322,-11367.538596
indian_origin_g2_pooled_white_ages,101,accrual,high,6067920.629850,-61.227465,-10090.353700
indian_origin_g2_pooled_white_ages,101,cash,low,6067920.629850,-75.184451,-12390.480251
indian_origin_g2_pooled_white_ages,101,cash,high,6067920.629850,-67.434594,-11113.295355
indian_origin_g2_pooled_white_ages,102,accrual,low,6058599.625621,-73.437412,-12121.185809
indian_origin_g2_pooled_white_ages,102,accrual,high,6058599.625621,-65.585659,-10825.217537
indian_origin_g2_pooled_white_ages,102,cash,low,6058599.625621,-82.681180,-13646.912699
indian_origin_g2_pooled_white_ages,102,cash,high,6058599.625621,-74.829427,-12350.944427
indian_origin_g2_pooled_white_ages,103,accrual,low,5948314.250136,-68.695981,-11548.815110
indian_origin_g2_pooled_white_ages,103,accrual,high,5948314.250136,-61.099322,-10271.703815
indian_origin_g2_pooled_white_ages,103,cash,low,5948314.250136,-77.111085,-12963.519051
indian_origin_g2_pooled_white_ages,103,cash,high,5948314.250136,-69.514426,-11686.407756
indian_origin_g2_pooled_white_ages,104,accrual,low,6116515.036865,-74.270183,-12142.565252
indian_origin_g2_pooled_white_ages,104,accrual,high,6116515.036865,-66.397871,-10855.506831
indian_origin_g2_pooled_white_ages,104,cash,low,6116515.036865,-84.648454,-13839.327331
indian_origin_g2_pooled_white_ages,104,cash,high,6116515.036865,-76.776142,-12552.268910
indian_origin_g2_pooled_white_ages,105,accrual,low,6023620.416666,-62.518205,-10378.842060
indian_origin_g2_pooled_white_ages,105,accrual,high,6023620.416666,-54.804156,-9098.208741
indian_origin_g2_pooled_white_ages,105,cash,low,6023620.416666,-70.570314,-11715.597861
indian_origin_g2_pooled_white_ages,105,cash,high,6023620.416666,-62.856265,-10434.964542
indian_origin_g2_pooled_white_ages,106,accrual,low,6148120.218733,-61.970830,-10079.638627
indian_origin_g2_pooled_white_ages,106,accrual,high,6148120.218733,-54.151074,-8807.744840
indian_origin_g2_pooled_white_ages,106,cash,low,6148120.218733,-71.081641,-11561.524272
indian_origin_g2_pooled_white_ages,106,cash,high,6148120.218733,-63.261885,-10289.630485
indian_origin_g2_pooled_white_ages,107,accrual,low,6054896.298526,-63.239212,-10444.309665
indian_origin_g2_pooled_white_ages,107,accrual,high,6054896.298526,-55.535609,-9172.016471
indian_origin_g2_pooled_white_ages,107,cash,low,6054896.298526,-70.784557,-11690.465579
indian_origin_g2_pooled_white_ages,107,cash,high,6054896.298526,-63.080953,-10418.172385
indian_origin_g2_pooled_white_ages,108,accrual,low,5917821.894959,-65.944724,-11143.411415
indian_origin_g2_pooled_white_ages,108,accrual,high,5917821.894959,-58.373279,-9863.980343
indian_origin_g2_pooled_white_ages,108,cash,low,5917821.894959,-72.309094,-12218.869521
indian_origin_g2_pooled_white_ages,108,cash,high,5917821.894959,-64.737648,-10939.438449
indian_origin_g2_pooled_white_ages,109,accrual,low,5992284.056370,-74.816114,-12485.408510
indian_origin_g2_pooled_white_ages,109,accrual,high,5992284.056370,-67.022318,-11184.769839
indian_origin_g2_pooled_white_ages,109,cash,low,5992284.056370,-85.774602,-14314.174914
indian_origin_g2_pooled_white_ages,109,cash,high,5992284.056370,-77.980806,-13013.536244
indian_origin_g2_pooled_white_ages,110,accrual,low,6033707.462955,-65.951883,-10930.573486
indian_origin_g2_pooled_white_ages,110,accrual,high,6033707.462955,-58.250400,-9654.163854
indian_origin_g2_pooled_white_ages,110,cash,low,6033707.462955,-73.137572,-12121.497803
indian_origin_g2_pooled_white_ages,110,cash,high,6033707.462955,-65.436089,-10845.088171
indian_origin_g2_pooled_white_ages,111,accrual,low,5930652.151922,-73.275061,-12355.312606
indian_origin_g2_pooled_white_ages,111,accrual,high,5930652.151922,-65.581995,-11058.142226
indian_origin_g2_pooled_white_ages,111,cash,low,5930652.151922,-83.055241,-14004.402661
indian_origin_g2_pooled_white_ages,111,cash,high,5930652.151922,-75.362174,-12707.232282
indian_origin_g2_pooled_white_ages,112,accrual,low,6114050.114668,-63.277036,-10349.446754
indian_origin_g2_pooled_white_ages,112,accrual,high,6114050.114668,-55.492605,-9076.243061
indian_origin_g2_pooled_white_ages,112,cash,low,6114050.114668,-71.544698,-11701.686518
indian_origin_g2_pooled_white_ages,112,cash,high,6114050.114668,-63.760267,-10428.482824
indian_origin_g2_pooled_white_ages,113,accrual,low,5969622.673200,-71.856722,-12037.062626
indian_origin_g2_pooled_white_ages,113,accrual,high,5969622.673200,-64.168960,-10749.248825
indian_origin_g2_pooled_white_ages,113,cash,low,5969622.673200,-82.432171,-13808.606602
indian_origin_g2_pooled_white_ages,113,cash,high,5969622.673200,-74.744409,-12520.792800
indian_origin_g2_pooled_white_ages,114,accrual,low,5984045.262869,-68.028136,-11368.252202
indian_origin_g2_pooled_white_ages,114,accrual,high,5984045.262869,-60.370935,-10088.649538
indian_origin_g2_pooled_white_ages,114,cash,low,5984045.262869,-76.332267,-12755.964246
indian_origin_g2_pooled_white_ages,114,cash,high,5984045.262869,-68.675067,-11476.361582
indian_origin_g2_pooled_white_ages,115,accrual,low,6141478.306764,-72.829750,-11858.667607
indian_origin_g2_pooled_white_ages,115,accrual,high,6141478.306764,-64.894823,-10566.645367
indian_origin_g2_pooled_white_ages,115,cash,low,6141478.306764,-82.324380,-13404.652011
indian_origin_g2_pooled_white_ages,115,cash,high,6141478.306764,-74.389453,-12112.629771
indian_origin_g2_pooled_white_ages,116,accrual,low,6160609.220139,-87.631169,-14224.432316
indian_origin_g2_pooled_white_ages,116,accrual,high,6160609.220139,-79.591169,-12919.366641
indian_origin_g2_pooled_white_ages,116,cash,low,6160609.220139,-98.949926,-16061.711254
indian_origin_g2_pooled_white_ages,116,cash,high,6160609.220139,-90.909927,-14756.645580
indian_origin_g2_pooled_white_ages,117,accrual,low,6345263.535876,-66.349412,-10456.525873
indian_origin_g2_pooled_white_ages,117,accrual,high,6345263.535876,-58.259270,-9181.536770
indian_origin_g2_pooled_white_ages,117,cash,low,6345263.535876,-73.389950,-11566.099579
indian_origin_g2_pooled_white_ages,117,cash,high,6345263.535876,-65.299808,-10291.110476
indian_origin_g2_pooled_white_ages,118,accrual,low,6125043.912177,-70.769561,-11554.131275
indian_origin_g2_pooled_white_ages,118,accrual,high,6125043.912177,-62.924806,-10273.364052
indian_origin_g2_pooled_white_ages,118,cash,low,6125043.912177,-80.661445,-13169.121088
indian_origin_g2_pooled_white_ages,118,cash,high,6125043.912177,-72.816689,-11888.353865
indian_origin_g2_pooled_white_ages,119,accrual,low,6129264.501204,-77.432410,-12633.230230
indian_origin_g2_pooled_white_ages,119,accrual,high,6129264.501204,-69.561729,-11349.115134
indian_origin_g2_pooled_white_ages,119,cash,low,6129264.501204,-85.326739,-13921.203660
indian_origin_g2_pooled_white_ages,119,cash,high,6129264.501204,-77.456058,-12637.088563
indian_origin_g2_pooled_white_ages,120,accrual,low,6129762.566293,-80.436386,-13122.267872
indian_origin_g2_pooled_white_ages,120,accrual,high,6129762.566293,-72.447522,-11818.976842
indian_origin_g2_pooled_white_ages,120,cash,low,6129762.566293,-90.369641,-14742.763768
indian_origin_g2_pooled_white_ages,120,cash,high,6129762.566293,-82.380777,-13439.472738
indian_origin_g2_pooled_white_ages,121,accrual,low,6022317.507229,-74.411705,-12355.991694
indian_origin_g2_pooled_white_ages,121,accrual,high,6022317.507229,-66.602308,-11059.248824
indian_origin_g2_pooled_white_ages,121,cash,low,6022317.507229,-83.157787,-13808.270122
indian_origin_g2_pooled_white_ages,121,cash,high,6022317.507229,-75.348390,-12511.527253
indian_origin_g2_pooled_white_ages,122,accrual,low,6021443.632311,-75.791245,-12586.889412
indian_origin_g2_pooled_white_ages,122,accrual,high,6021443.632311,-67.974102,-11288.671930
indian_origin_g2_pooled_white_ages,122,cash,low,6021443.632311,-85.666684,-14226.934426
indian_origin_g2_pooled_white_ages,122,cash,high,6021443.632311,-77.849540,-12928.716945
indian_origin_g2_pooled_white_ages,123,accrual,low,6216761.972189,-73.528868,-11827.518564
indian_origin_g2_pooled_white_ages,123,accrual,high,6216761.972189,-65.496937,-10535.538854
indian_origin_g2_pooled_white_ages,123,cash,low,6216761.972189,-80.787870,-12995.168557
indian_origin_g2_pooled_white_ages,123,cash,high,6216761.972189,-72.755939,-11703.188847
indian_origin_g2_pooled_white_ages,124,accrual,low,6077812.596396,-73.466031,-12087.577616
indian_origin_g2_pooled_white_ages,124,accrual,high,6077812.596396,-65.659993,-10803.227675
indian_origin_g2_pooled_white_ages,124,cash,low,6077812.596396,-80.600986,-13261.512295
indian_origin_g2_pooled_white_ages,124,cash,high,6077812.596396,-72.794948,-11977.162355
indian_origin_g2_pooled_white_ages,125,accrual,low,5911421.403832,-74.831113,-12658.734402
indian_origin_g2_pooled_white_ages,125,accrual,high,5911421.403832,-67.135247,-11356.870442
indian_origin_g2_pooled_white_ages,125,cash,low,5911421.403832,-85.052728,-14387.864187
indian_origin_g2_pooled_white_ages,125,cash,high,5911421.403832,-77.356862,-13086.000228
indian_origin_g2_pooled_white_ages,126,accrual,low,6036574.716596,-81.774892,-13546.571703
indian_origin_g2_pooled_white_ages,126,accrual,high,6036574.716596,-73.903122,-12242.558960
indian_origin_g2_pooled_white_ages,126,cash,low,6036574.716596,-91.931139,-15229.023690
indian_origin_g2_pooled_white_ages,126,cash,high,6036574.716596,-84.059369,-13925.010946
indian_origin_g2_pooled_white_ages,127,accrual,low,6065949.522063,-76.623695,-12631.772536
indian_origin_g2_pooled_white_ages,127,accrual,high,6065949.522063,-68.774965,-11337.873022
indian_origin_g2_pooled_white_ages,127,cash,low,6065949.522063,-86.606484,-14277.481802
indian_origin_g2_pooled_white_ages,127,cash,high,6065949.522063,-78.757755,-12983.582288
indian_origin_g2_pooled_white_ages,128,accrual,low,6390310.214583,-81.328538,-12726.852821
indian_origin_g2_pooled_white_ages,128,accrual,high,6390310.214583,-73.064130,-11433.581093
indian_origin_g2_pooled_white_ages,128,cash,low,6390310.214583,-93.557235,-14640.484124
indian_origin_g2_pooled_white_ages,128,cash,high,6390310.214583,-85.292828,-13347.212396
indian_origin_g2_pooled_white_ages,129,accrual,low,6119600.877087,-71.496416,-11683.182884
indian_origin_g2_pooled_white_ages,129,accrual,high,6119600.877087,-63.562270,-10386.669158
indian_origin_g2_pooled_white_ages,129,cash,low,6119600.877087,-81.030453,-13241.133628
indian_origin_g2_pooled_white_ages,129,cash,high,6119600.877087,-73.096306,-11944.619902
indian_origin_g2_pooled_white_ages,130,accrual,low,6003115.346611,-76.612683,-12762.154015
indian_origin_g2_pooled_white_ages,130,accrual,high,6003115.346611,-68.860722,-11470.830989
indian_origin_g2_pooled_white_ages,130,cash,low,6003115.346611,-84.461320,-14069.581351
indian_origin_g2_pooled_white_ages,130,cash,high,6003115.346611,-76.709359,-12778.258326
indian_origin_g2_pooled_white_ages,131,accrual,low,6082890.116371,-73.571323,-12094.797360
indian_origin_g2_pooled_white_ages,131,accrual,high,6082890.116371,-65.652292,-10792.943902
indian_origin_g2_pooled_white_ages,131,cash,low,6082890.116371,-83.870627,-13787.956928
indian_origin_g2_pooled_white_ages,131,cash,high,6082890.116371,-75.951595,-12486.103471
indian_origin_g2_pooled_white_ages,132,accrual,low,6054407.984226,-68.203805,-11265.148494
indian_origin_g2_pooled_white_ages,132,accrual,high,6054407.984226,-60.459393,-9986.012304
indian_origin_g2_pooled_white_ages,132,cash,low,6054407.984226,-75.671562,-12498.589884
indian_origin_g2_pooled_white_ages,132,cash,high,6054407.984226,-67.927150,-11219.453694
indian_origin_g2_pooled_white_ages,133,accrual,low,6119942.227483,-72.703011,-11879.689098
indian_origin_g2_pooled_white_ages,133,accrual,high,6119942.227483,-64.777791,-10584.706275
indian_origin_g2_pooled_white_ages,133,cash,low,6119942.227483,-82.620372,-13500.188240
indian_origin_g2_pooled_white_ages,133,cash,high,6119942.227483,-74.695152,-12205.205418
indian_origin_g2_pooled_white_ages,134,accrual,low,6043300.372554,-70.324302,-11636.737823
indian_origin_g2_pooled_white_ages,134,accrual,high,6043300.372554,-62.518448,-10345.083596
indian_origin_g2_pooled_white_ages,134,cash,low,6043300.372554,-79.688421,-13186.241950
indian_origin_g2_pooled_white_ages,134,cash,high,6043300.372554,-71.882566,-11894.587722
indian_origin_g2_pooled_white_ages,135,accrual,low,6106744.727988,-65.739813,-10765.115571
indian_origin_g2_pooled_white_ages,135,accrual,high,6106744.727988,-57.927158,-9485.767064
indian_origin_g2_pooled_white_ages,135,cash,low,6106744.727988,-75.682527,-12393.268427
indian_origin_g2_pooled_white_ages,135,cash,high,6106744.727988,-67.869872,-11113.919920
indian_origin_g2_pooled_white_ages,136,accrual,low,6269665.308222,-71.508512,-11405.475194
indian_origin_g2_pooled_white_ages,136,accrual,high,6269665.308222,-63.413114,-10114.274170
indian_origin_g2_pooled_white_ages,136,cash,low,6269665.308222,-82.500168,-13158.623998
indian_origin_g2_pooled_white_ages,136,cash,high,6269665.308222,-74.404770,-11867.422973
indian_origin_g2_pooled_white_ages,137,accrual,low,6213831.488283,-71.628612,-11527.285954
indian_origin_g2_pooled_white_ages,137,accrual,high,6213831.488283,-63.636776,-10241.149285
indian_origin_g2_pooled_white_ages,137,cash,low,6213831.488283,-81.923775,-13184.099834
indian_origin_g2_pooled_white_ages,137,cash,high,6213831.488283,-73.931938,-11897.963164
indian_origin_g2_pooled_white_ages,138,accrual,low,6131310.697125,-76.502239,-12477.305866
indian_origin_g2_pooled_white_ages,138,accrual,high,6131310.697125,-68.520478,-11175.502563
indian_origin_g2_pooled_white_ages,138,cash,low,6131310.697125,-88.234671,-14390.833476
indian_origin_g2_pooled_white_ages,138,cash,high,6131310.697125,-80.252911,-13089.030173
indian_origin_g2_pooled_white_ages,139,accrual,low,5904991.271120,-65.362755,-11069.068827
indian_origin_g2_pooled_white_ages,139,accrual,high,5904991.271120,-57.761452,-9781.801438
indian_origin_g2_pooled_white_ages,139,cash,low,5904991.271120,-75.018876,-12704.316108
indian_origin_g2_pooled_white_ages,139,cash,high,5904991.271120,-67.417573,-11417.048720
indian_origin_g2_pooled_white_ages,140,accrual,low,6058280.703648,-76.767700,-12671.532388
indian_origin_g2_pooled_white_ages,140,accrual,high,6058280.703648,-68.914920,-11375.326389
indian_origin_g2_pooled_white_ages,140,cash,low,6058280.703648,-86.175648,-14224.439635
indian_origin_g2_pooled_white_ages,140,cash,high,6058280.703648,-78.322868,-12928.233636
indian_origin_g2_pooled_white_ages,141,accrual,low,6231587.198570,-72.962925,-11708.562020
indian_origin_g2_pooled_white_ages,141,accrual,high,6231587.198570,-64.951691,-10422.977160
indian_origin_g2_pooled_white_ages,141,cash,low,6231587.198570,-84.023524,-13483.486851
indian_origin_g2_pooled_white_ages,141,cash,high,6231587.198570,-76.012290,-12197.901991
indian_origin_g2_pooled_white_ages,142,accrual,low,5977680.967710,-72.426868,-12116.215000
indian_origin_g2_pooled_white_ages,142,accrual,high,5977680.967710,-64.642664,-10814.003633
indian_origin_g2_pooled_white_ages,142,cash,low,5977680.967710,-83.863924,-14029.508256
indian_origin_g2_pooled_white_ages,142,cash,high,5977680.967710,-76.079720,-12727.296889
indian_origin_g2_pooled_white_ages,143,accrual,low,6233745.851672,-80.771397,-12957.120584
indian_origin_g2_pooled_white_ages,143,accrual,high,6233745.851672,-72.730416,-11667.209081
indian_origin_g2_pooled_white_ages,143,cash,low,6233745.851672,-89.376230,-14337.483733
indian_origin_g2_pooled_white_ages,143,cash,high,6233745.851672,-81.335249,-13047.572230
indian_origin_g2_pooled_white_ages,144,accrual,low,6141540.720796,-78.393206,-12764.420143
indian_origin_g2_pooled_white_ages,144,accrual,high,6141540.720796,-70.428270,-11467.524765
indian_origin_g2_pooled_white_ages,144,cash,low,6141540.720796,-87.739887,-14286.299054
indian_origin_g2_pooled_white_ages,144,cash,high,6141540.720796,-79.774952,-12989.403675
indian_origin_g2_pooled_white_ages,145,accrual,low,5867936.753587,-66.102845,-11265.091645
indian_origin_g2_pooled_white_ages,145,accrual,high,5867936.753587,-58.554966,-9978.799782
indian_origin_g2_pooled_white_ages,145,cash,low,5867936.753587,-71.843682,-12243.431511
indian_origin_g2_pooled_white_ages,145,cash,high,5867936.753587,-64.295802,-10957.139648
indian_origin_g2_pooled_white_ages,146,accrual,low,5990913.534130,-67.413833,-11252.679973
indian_origin_g2_pooled_white_ages,146,accrual,high,5990913.534130,-59.728308,-9969.816365
indian_origin_g2_pooled_white_ages,146,cash,low,5990913.534130,-77.134898,-12875.314804
indian_origin_g2_pooled_white_ages,146,cash,high,5990913.534130,-69.449373,-11592.451196
indian_origin_g2_pooled_white_ages,147,accrual,low,6230006.662530,-63.552589,-10201.046668
indian_origin_g2_pooled_white_ages,147,accrual,high,6230006.662530,-55.590660,-8923.049891
indian_origin_g2_pooled_white_ages,147,cash,low,6230006.662530,-72.280368,-11601.972885
indian_origin_g2_pooled_white_ages,147,cash,high,6230006.662530,-64.318440,-10323.976108
indian_origin_g2_pooled_white_ages,148,accrual,low,6058000.470763,-71.526461,-11806.942189
indian_origin_g2_pooled_white_ages,148,accrual,high,6058000.470763,-63.714537,-10517.420285
indian_origin_g2_pooled_white_ages,148,cash,low,6058000.470763,-81.918623,-13522.386445
indian_origin_g2_pooled_white_ages,148,cash,high,6058000.470763,-74.106699,-12232.864540
indian_origin_g2_pooled_white_ages,149,accrual,low,6158884.756426,-76.682921,-12450.780269
indian_origin_g2_pooled_white_ages,149,accrual,high,6158884.756426,-68.723119,-11158.370642
indian_origin_g2_pooled_white_ages,149,cash,low,6158884.756426,-86.011749,-13965.474697
indian_origin_g2_pooled_white_ages,149,cash,high,6158884.756426,-78.051947,-12673.065070
indian_origin_g2_pooled_white_ages,150,accrual,low,6024451.083670,-68.060726,-11297.415340
indian_origin_g2_pooled_white_ages,150,accrual,high,6024451.083670,-60.272962,-10004.722670
indian_origin_g2_pooled_white_ages,150,cash,low,6024451.083670,-78.234796,-12986.211449
indian_origin_g2_pooled_white_ages,150,cash,high,6024451.083670,-70.447032,-11693.518779
indian_origin_g2_pooled_white_ages,151,accrual,low,6043674.022748,-72.323886,-11966.874118
indian_origin_g2_pooled_white_ages,151,accrual,high,6043674.022748,-64.524227,-10676.324753
indian_origin_g2_pooled_white_ages,151,cash,low,6043674.022748,-80.896133,-13385.257429
indian_origin_g2_pooled_white_ages,151,cash,high,6043674.022748,-73.096473,-12094.708063
indian_origin_g2_pooled_white_ages,152,accrual,low,6250925.394473,-69.673073,-11146.041431
indian_origin_g2_pooled_white_ages,152,accrual,high,6250925.394473,-61.626779,-9858.824918
indian_origin_g2_pooled_white_ages,152,cash,low,6250925.394473,-79.238459,-12676.276581
indian_origin_g2_pooled_white_ages,152,cash,high,6250925.394473,-71.192165,-11389.060068
indian_origin_g2_pooled_white_ages,153,accrual,low,6226999.523773,-76.477714,-12281.631541
indian_origin_g2_pooled_white_ages,153,accrual,high,6226999.523773,-68.493894,-10999.501990
indian_origin_g2_pooled_white_ages,153,cash,low,6226999.523773,-83.667449,-13436.238298
indian_origin_g2_pooled_white_ages,153,cash,high,6226999.523773,-75.683629,-12154.108747
indian_origin_g2_pooled_white_ages,154,accrual,low,6174486.766076,-69.851893,-11312.987796
indian_origin_g2_pooled_white_ages,154,accrual,high,6174486.766076,-61.976723,-10037.550542
indian_origin_g2_pooled_white_ages,154,cash,low,6174486.766076,-79.818307,-12927.116062
indian_origin_g2_pooled_white_ages,154,cash,high,6174486.766076,-71.943137,-11651.678808
indian_origin_g2_pooled_white_ages,155,accrual,low,6093636.742154,-74.565049,-12236.543169
indian_origin_g2_pooled_white_ages,155,accrual,high,6093636.742154,-66.715970,-10948.465288
indian_origin_g2_pooled_white_ages,155,cash,low,6093636.742154,-81.872605,-13435.754050
indian_origin_g2_pooled_white_ages,155,cash,high,6093636.742154,-74.023526,-12147.676169
indian_origin_g2_pooled_white_ages,156,accrual,low,6063938.399026,-69.969128,-11538.561874
indian_origin_g2_pooled_white_ages,156,accrual,high,6063938.399026,-62.181404,-10254.293437
indian_origin_g2_pooled_white_ages,156,cash,low,6063938.399026,-75.387289,-12432.067068
indian_origin_g2_pooled_white_ages,156,cash,high,6063938.399026,-67.599564,-11147.798631
indian_origin_g2_pooled_white_ages,157,accrual,low,6163299.348050,-69.233497,-11233.187500
indian_origin_g2_pooled_white_ages,157,accrual,high,6163299.348050,-61.333894,-9951.470943
indian_origin_g2_pooled_white_ages,157,cash,low,6163299.348050,-79.910022,-12965.461682
indian_origin_g2_pooled_white_ages,157,cash,high,6163299.348050,-72.010419,-11683.745124
indian_origin_g2_pooled_white_ages,158,accrual,low,6129664.879599,-74.644525,-12177.586612
indian_origin_g2_pooled_white_ages,158,accrual,high,6129664.879599,-66.719172,-10884.636240
indian_origin_g2_pooled_white_ages,158,cash,low,6129664.879599,-83.844856,-13678.538332
indian_origin_g2_pooled_white_ages,158,cash,high,6129664.879599,-75.919504,-12385.587960
indian_origin_g2_pooled_white_ages,159,accrual,low,6104294.459089,-75.785983,-12415.191143
indian_origin_g2_pooled_white_ages,159,accrual,high,6104294.459089,-67.947308,-11131.066541
indian_origin_g2_pooled_white_ages,159,cash,low,6104294.459089,-85.117700,-13943.904677
indian_origin_g2_pooled_white_ages,159,cash,high,6104294.459089,-77.279025,-12659.780076
indian_origin_g2_pooled_white_ages,160,accrual,low,6151477.362542,-72.014109,-11706.799052
indian_origin_g2_pooled_white_ages,160,accrual,high,6151477.362542,-64.059071,-10413.607612
indian_origin_g2_pooled_white_ages,160,cash,low,6151477.362542,-80.641743,-13109.329464
indian_origin_g2_pooled_white_ages,160,cash,high,6151477.362542,-72.686706,-11816.138024
india_born_self_employed_adults,0,accrual,low,165419.113818,-3.805632,-23005.996800
india_born_self_employed_adults,0,accrual,high,165419.113818,-3.528523,-21330.805919
india_born_self_employed_adults,0,cash,low,165419.113818,-5.267476,-31843.212324
india_born_self_employed_adults,0,cash,high,165419.113818,-4.990367,-30168.021443
india_born_self_employed_adults,1,accrual,low,165332.314390,-3.617310,-21879.027276
india_born_self_employed_adults,1,accrual,high,165332.314390,-3.344917,-20231.474844
india_born_self_employed_adults,1,cash,low,165332.314390,-5.033347,-30443.821225
india_born_self_employed_adults,1,cash,high,165332.314390,-4.760954,-28796.268792
india_born_self_employed_adults,2,accrual,low,180804.901795,-4.232308,-23408.150056
india_born_self_employed_adults,2,accrual,high,180804.901795,-3.931164,-21742.571488
india_born_self_employed_adults,2,cash,low,180804.901795,-5.955945,-32941.282098
india_born_self_employed_adults,2,cash,high,180804.901795,-5.654801,-31275.703530
india_born_self_employed_adults,3,accrual,low,187503.944944,-5.219212,-27835.214345
india_born_self_employed_adults,3,accrual,high,187503.944944,-4.881541,-26034.335780
india_born_self_employed_adults,3,cash,low,187503.944944,-7.047609,-37586.454703
india_born_self_employed_adults,3,cash,high,187503.944944,-6.709937,-35785.576138
india_born_self_employed_adults,4,accrual,low,149445.035695,-4.580378,-30649.246422
india_born_self_employed_adults,4,accrual,high,149445.035695,-4.300330,-28775.330672
india_born_self_employed_adults,4,cash,low,149445.035695,-6.055987,-40523.171307
india_born_self_employed_adults,4,cash,high,149445.035695,-5.775939,-38649.255558
india_born_self_employed_adults,5,accrual,low,137751.267943,-2.321046,-16849.541911
india_born_self_employed_adults,5,accrual,high,137751.267943,-2.112172,-15333.233675
india_born_self_employed_adults,5,cash,low,137751.267943,-3.497261,-25388.228331
india_born_self_employed_adults,5,cash,high,137751.267943,-3.288387,-23871.920095
india_born_self_employed_adults,6,accrual,low,158317.275201,-3.740013,-23623.533140
india_born_self_employed_adults,6,accrual,high,158317.275201,-3.477503,-21965.407683
india_born_self_employed_adults,6,cash,low,158317.275201,-5.220132,-32972.595862
india_born_self_employed_adults,6,cash,high,158317.275201,-4.957622,-31314.470405
india_born_self_employed_adults,7,accrual,low,176185.306620,-3.095630,-17570.309101
india_born_self_employed_adults,7,accrual,high,176185.306620,-2.826164,-16040.863523
india_born_self_employed_adults,7,cash,low,176185.306620,-4.450553,-25260.634595
india_born_self_employed_adults,7,cash,high,176185.306620,-4.181087,-23731.189017
india_born_self_employed_adults,8,accrual,low,168422.783581,-3.521143,-20906.574146
india_born_self_employed_adults,8,accrual,high,168422.783581,-3.249376,-19292.971108
india_born_self_employed_adults,8,cash,low,168422.783581,-5.051193,-29991.147682
india_born_self_employed_adults,8,cash,high,168422.783581,-4.779425,-28377.544645
india_born_self_employed_adults,9,accrual,low,154596.619324,-3.978687,-25735.926388
india_born_self_employed_adults,9,accrual,high,154596.619324,-3.711972,-24010.695935
india_born_self_employed_adults,9,cash,low,154596.619324,-5.191843,-33583.157753
india_born_self_employed_adults,9,cash,high,154596.619324,-4.925128,-31857.927300
india_born_self_employed_adults,10,accrual,low,153804.444778,-2.836510,-18442.313953
india_born_self_employed_adults,10,accrual,high,153804.444778,-2.601008,-16911.138022
india_born_self_employed_adults,10,cash,low,153804.444778,-3.934832,-25583.346264
india_born_self_employed_adults,10,cash,high,153804.444778,-3.699331,-24052.170333
india_born_self_employed_adults,11,accrual,low,180050.165960,-3.822706,-21231.339071
india_born_self_employed_adults,11,accrual,high,180050.165960,-3.520325,-19551.912924
india_born_self_employed_adults,11,cash,low,180050.165960,-5.359424,-29766.280598
india_born_self_employed_adults,11,cash,high,180050.165960,-5.057043,-28086.854451
india_born_self_employed_adults,12,accrual,low,182519.066999,-2.706293,-14827.451433
india_born_self_employed_adults,12,accrual,high,182519.066999,-2.435754,-13345.200935
india_born_self_employed_adults,12,cash,low,182519.066999,-3.984684,-21831.606072
india_born_self_employed_adults,12,cash,high,182519.066999,-3.714145,-20349.355574
india_born_self_employed_adults,13,accrual,low,170570.241840,-5.099997,-29899.686960
india_born_self_employed_adults,13,accrual,high,170570.241840,-4.783722,-28045.469333
india_born_self_employed_adults,13,cash,low,170570.241840,-6.821948,-39994.945420
india_born_self_employed_adults,13,cash,high,170570.241840,-6.505673,-38140.727793
india_born_self_employed_adults,14,accrual,low,167995.247712,-4.718175,-28085.168938
india_born_self_employed_adults,14,accrual,high,167995.247712,-4.413318,-26270.490284
india_born_self_employed_adults,14,cash,low,167995.247712,-6.364396,-37884.383823
india_born_self_employed_adults,14,cash,high,167995.247712,-6.059539,-36069.705169
india_born_self_employed_adults,15,accrual,low,170282.607297,-4.365382,-25636.099983
india_born_self_employed_adults,15,accrual,high,170282.607297,-4.070376,-23903.649777
india_born_self_employed_adults,15,cash,low,170282.607297,-5.987075,-35159.638830
india_born_self_employed_adults,15,cash,high,170282.607297,-5.692069,-33427.188624
india_born_self_employed_adults,16,accrual,low,162554.939684,-3.716610,-22863.715986
india_born_self_employed_adults,16,accrual,high,162554.939684,-3.444401,-21189.152001
india_born_self_employed_adults,16,cash,low,162554.939684,-5.247369,-32280.587972
india_born_self_employed_adults,16,cash,high,162554.939684,-4.975160,-30606.023987
india_born_self_employed_adults,17,accrual,low,162388.268640,-3.901980,-24028.706450
india_born_self_employed_adults,17,accrual,high,162388.268640,-3.625173,-22324.103593
india_born_self_employed_adults,17,cash,low,162388.268640,-5.416728,-33356.645712
india_born_self_employed_adults,17,cash,high,162388.268640,-5.139920,-31652.042855
india_born_self_employed_adults,18,accrual,low,175915.906454,-2.617428,-14878.861022
india_born_self_employed_adults,18,accrual,high,175915.906454,-2.354741,-13385.603356
india_born_self_employed_adults,18,cash,low,175915.906454,-4.016774,-22833.491192
india_born_self_employed_adults,18,cash,high,175915.906454,-3.754087,-21340.233525
india_born_self_employed_adults,19,accrual,low,165801.450801,-4.148493,-25020.847518
india_born_self_employed_adults,19,accrual,high,165801.450801,-3.861505,-23289.937575
india_born_self_employed_adults,19,cash,low,165801.450801,-5.687244,-34301.531812
india_born_self_employed_adults,19,cash,high,165801.450801,-5.400256,-32570.621870
india_born_self_employed_adults,20,accrual,low,164379.032563,-5.172990,-31469.887471
india_born_self_employed_adults,20,accrual,high,164379.032563,-4.866415,-29604.841164
india_born_self_employed_adults,20,cash,low,164379.032563,-6.802388,-41382.333474
india_born_self_employed_adults,20,cash,high,164379.032563,-6.495813,-39517.287167
india_born_self_employed_adults,21,accrual,low,149910.529052,-5.030238,-33554.932542
india_born_self_employed_adults,21,accrual,high,149910.529052,-4.736538,-31595.764672
india_born_self_employed_adults,21,cash,low,149910.529052,-6.602424,-44042.430417
india_born_self_employed_adults,21,cash,high,149910.529052,-6.308724,-42083.262547
india_born_self_employed_adults,22,accrual,low,146615.286573,-4.411060,-30085.946540
india_born_self_employed_adults,22,accrual,high,146615.286573,-4.140569,-28241.048255
india_born_self_employed_adults,22,cash,low,146615.286573,-5.638949,-38460.849810
india_born_self_employed_adults,22,cash,high,146615.286573,-5.368458,-36615.951525
india_born_self_employed_adults,23,accrual,low,154206.000439,-3.304632,-21429.981620
india_born_self_employed_adults,23,accrual,high,154206.000439,-3.049635,-19776.369902
india_born_self_employed_adults,23,cash,low,154206.000439,-4.598077,-29817.758381
india_born_self_employed_adults,23,cash,high,154206.000439,-4.343080,-28164.146662
india_born_self_employed_adults,24,accrual,low,162442.038552,-4.087448,-25162.499568
india_born_self_employed_adults,24,accrual,high,162442.038552,-3.811432,-23463.335897
india_born_self_employed_adults,24,cash,low,162442.038552,-5.622580,-34612.839969
india_born_self_employed_adults,24,cash,high,162442.038552,-5.346565,-32913.676298
india_born_self_employed_adults,25,accrual,low,170137.371441,-3.974809,-23362.348978
india_born_self_employed_adults,25,accrual,high,170137.371441,-3.689652,-21686.309331
india_born_self_employed_adults,25,cash,low,170137.371441,-5.492741,-32284.152067
india_born_self_employed_adults,25,cash,high,170137.371441,-5.207584,-30608.112420
india_born_self_employed_adults,26,accrual,low,163403.032588,-4.445617,-27206.453067
india_born_self_employed_adults,26,accrual,high,163403.032588,-4.154696,-25426.064085
india_born_self_employed_adults,26,cash,low,163403.032588,-5.865106,-35893.496099
india_born_self_employed_adults,26,cash,high,163403.032588,-5.574185,-34113.107117
india_born_self_employed_adults,27,accrual,low,165199.108209,-3.787466,-22926.672120
india_born_self_employed_adults,27,accrual,high,165199.108209,-3.505142,-21217.681383
india_born_self_employed_adults,27,cash,low,165199.108209,-5.397772,-32674.338140
india_born_self_employed_adults,27,cash,high,165199.108209,-5.115448,-30965.347404
india_born_self_employed_adults,28,accrual,low,159995.919338,-5.151674,-32198.781028
india_born_self_employed_adults,28,accrual,high,159995.919338,-4.850864,-30318.673693
india_born_self_employed_adults,28,cash,low,159995.919338,-6.723563,-42023.339081
india_born_self_employed_adults,28,cash,high,159995.919338,-6.422753,-40143.231747
india_born_self_employed_adults,29,accrual,low,156225.004467,-2.605562,-16678.264527
india_born_self_employed_adults,29,accrual,high,156225.004467,-2.367942,-15157.253723
india_born_self_employed_adults,29,cash,low,156225.004467,-3.956664,-25326.702148
india_born_self_employed_adults,29,cash,high,156225.004467,-3.719044,-23805.691344
india_born_self_employed_adults,30,accrual,low,147902.617802,-3.426784,-23169.189310
india_born_self_employed_adults,30,accrual,high,147902.617802,-3.175067,-21467.278064
india_born_self_employed_adults,30,cash,low,147902.617802,-4.894446,-33092.357987
india_born_self_employed_adults,30,cash,high,147902.617802,-4.642729,-31390.446742
india_born_self_employed_adults,31,accrual,low,169026.123938,-3.248218,-19217.251474
india_born_self_employed_adults,31,accrual,high,169026.123938,-2.980251,-17631.897787
india_born_self_employed_adults,31,cash,low,169026.123938,-4.747845,-28089.417933
india_born_self_employed_adults,31,cash,high,169026.123938,-4.479879,-26504.064245
india_born_self_employed_adults,32,accrual,low,171518.671771,-3.951831,-23040.238536
india_born_self_employed_adults,32,accrual,high,171518.671771,-3.663711,-21360.421616
india_born_self_employed_adults,32,cash,low,171518.671771,-5.637190,-32866.335889
india_born_self_employed_adults,32,cash,high,171518.671771,-5.349070,-31186.518968
india_born_self_employed_adults,33,accrual,low,154800.106647,-4.038958,-26091.443517
india_born_self_employed_adults,33,accrual,high,154800.106647,-3.770577,-24357.713103
india_born_self_employed_adults,33,cash,low,154800.106647,-5.311692,-34313.235393
india_born_self_employed_adults,33,cash,high,154800.106647,-5.043311,-32579.504979
india_born_self_employed_adults,34,accrual,low,155422.125616,-3.771745,-24267.750198
india_born_self_employed_adults,34,accrual,high,155422.125616,-3.503326,-22540.715725
india_born_self_employed_adults,34,cash,low,155422.125616,-5.186712,-33371.770587
india_born_self_employed_adults,34,cash,high,155422.125616,-4.918292,-31644.736114
india_born_self_employed_adults,35,accrual,low,162327.381836,-2.513737,-15485.601768
india_born_self_employed_adults,35,accrual,high,162327.381836,-2.274835,-14013.874129
india_born_self_employed_adults,35,cash,low,162327.381836,-3.813063,-23489.953513
india_born_self_employed_adults,35,cash,high,162327.381836,-3.574161,-22018.225873
india_born_self_employed_adults,36,accrual,low,155529.847019,-2.894065,-18607.781239
india_born_self_employed_adults,36,accrual,high,155529.847019,-2.652397,-17053.941588
india_born_self_employed_adults,36,cash,low,155529.847019,-4.212845,-27087.050469
india_born_self_employed_adults,36,cash,high,155529.847019,-3.971176,-25533.210819
india_born_self_employed_adults,37,accrual,low,169417.350624,-4.664240,-27531.066307
india_born_self_employed_adults,37,accrual,high,169417.350624,-4.357542,-25720.753378
india_born_self_employed_adults,37,cash,low,169417.350624,-6.240083,-36832.606912
india_born_self_employed_adults,37,cash,high,169417.350624,-5.933384,-35022.293984
india_born_self_employed_adults,38,accrual,low,191693.112324,-4.305498,-22460.368790
india_born_self_employed_adults,38,accrual,high,191693.112324,-3.987650,-20802.261090
india_born_self_employed_adults,38,cash,low,191693.112324,-5.931109,-30940.645608
india_born_self_employed_adults,38,cash,high,191693.112324,-5.613261,-29282.537908
india_born_self_employed_adults,39,accrual,low,161023.763847,-2.501488,-15534.901875
india_born_self_employed_adults,39,accrual,high,161023.763847,-2.261061,-14041.782204
india_born_self_employed_adults,39,cash,low,161023.763847,-3.922083,-24357.169876
india_born_self_employed_adults,39,cash,high,161023.763847,-3.681655,-22864.050206
india_born_self_employed_adults,40,accrual,low,153881.872822,-3.305102,-21478.177731
india_born_self_employed_adults,40,accrual,high,153881.872822,-3.052813,-19838.675532
india_born_self_employed_adults,40,cash,low,153881.872822,-4.525640,-29409.830925
india_born_self_employed_adults,40,cash,high,153881.872822,-4.273350,-27770.328726
india_born_self_employed_adults,41,accrual,low,158075.441695,-3.098660,-19602.410072
india_born_self_employed_adults,41,accrual,high,158075.441695,-2.851961,-18041.769648
india_born_self_employed_adults,41,cash,low,158075.441695,-4.433607,-28047.414880
india_born_self_employed_adults,41,cash,high,158075.441695,-4.186909,-26486.774456
india_born_self_employed_adults,42,accrual,low,143729.320334,-2.567223,-17861.514768
india_born_self_employed_adults,42,accrual,high,143729.320334,-2.340872,-16286.668268
india_born_self_employed_adults,42,cash,low,143729.320334,-3.721512,-25892.506837
india_born_self_employed_adults,42,cash,high,143729.320334,-3.495161,-24317.660337
india_born_self_employed_adults,43,accrual,low,201121.780835,-4.133646,-20552.952208
india_born_self_employed_adults,43,accrual,high,201121.780835,-3.807159,-18929.622673
india_born_self_employed_adults,43,cash,low,201121.780835,-5.901871,-29344.765397
india_born_self_employed_adults,43,cash,high,201121.780835,-5.575385,-27721.435863
india_born_self_employed_adults,44,accrual,low,178523.195009,-3.920539,-21960.951704
india_born_self_employed_adults,44,accrual,high,178523.195009,-3.627877,-20321.600940
india_born_self_employed_adults,44,cash,low,178523.195009,-5.389345,-30188.488540
india_born_self_employed_adults,44,cash,high,178523.195009,-5.096683,-28549.137776
india_born_self_employed_adults,45,accrual,low,150815.682509,-3.709041,-24593.203840
india_born_self_employed_adults,45,accrual,high,150815.682509,-3.456750,-22920.362954
india_born_self_employed_adults,45,cash,low,150815.682509,-4.815440,-31929.303905
india_born_self_employed_adults,45,cash,high,150815.682509,-4.563149,-30256.463020
india_born_self_employed_adults,46,accrual,low,177986.011766,-2.915131,-16378.427892
india_born_self_employed_adults,46,accrual,high,177986.011766,-2.647324,-14873.776560
india_born_self_employed_adults,46,cash,low,177986.011766,-4.197934,-23585.751638
india_born_self_employed_adults,46,cash,high,177986.011766,-3.930127,-22081.100305
india_born_self_employed_adults,47,accrual,low,155861.780516,-3.550422,-22779.298771
india_born_self_employed_adults,47,accrual,high,155861.780516,-3.286358,-21085.077111
india_born_self_employed_adults,47,cash,low,155861.780516,-5.062642,-32481.611161
india_born_self_employed_adults,47,cash,high,155861.780516,-4.798577,-30787.389501
india_born_self_employed_adults,48,accrual,low,176454.231264,-3.152450,-17865.538736
india_born_self_employed_adults,48,accrual,high,176454.231264,-2.878194,-16311.278549
india_born_self_employed_adults,48,cash,low,176454.231264,-4.610582,-26129.055547
india_born_self_employed_adults,48,cash,high,176454.231264,-4.336327,-24574.795360
india_born_self_employed_adults,49,accrual,low,160578.583685,-4.153613,-25866.544181
india_born_self_employed_adults,49,accrual,high,160578.583685,-3.871707,-24110.977497
india_born_self_employed_adults,49,cash,low,160578.583685,-5.675664,-35345.086530
india_born_self_employed_adults,49,cash,high,160578.583685,-5.393758,-33589.519846
india_born_self_employed_adults,50,accrual,low,155182.145285,-3.617814,-23313.337585
india_born_self_employed_adults,50,accrual,high,155182.145285,-3.353858,-21612.393750
india_born_self_employed_adults,50,cash,low,155182.145285,-5.134434,-33086.502870
india_born_self_employed_adults,50,cash,high,155182.145285,-4.870478,-31385.559034
india_born_self_employed_adults,51,accrual,low,147973.940100,-4.933306,-33339.022325
india_born_self_employed_adults,51,accrual,high,147973.940100,-4.649704,-31422.448866
india_born_self_employed_adults,51,cash,low,147973.940100,-6.480755,-43796.598020
india_born_self_employed_adults,51,cash,high,147973.940100,-6.197152,-41880.024561
india_born_self_employed_adults,52,accrual,low,167600.507554,-3.896306,-23247.579610
india_born_self_employed_adults,52,accrual,high,167600.507554,-3.608426,-21529.920722
india_born_self_employed_adults,52,cash,low,167600.507554,-5.557499,-33159.201787
india_born_self_employed_adults,52,cash,high,167600.507554,-5.269619,-31441.542899
india_born_self_employed_adults,53,accrual,low,179420.004527,-4.232488,-23589.835153
india_born_self_employed_adults,53,accrual,high,179420.004527,-3.928898,-21897.769706
india_born_self_employed_adults,53,cash,low,179420.004527,-5.756469,-32083.766094
india_born_self_employed_adults,53,cash,high,179420.004527,-5.452879,-30391.700647
india_born_self_employed_adults,54,accrual,low,177839.871749,-4.331737,-24357.512720
india_born_self_employed_adults,54,accrual,high,177839.871749,-4.030697,-22664.754600
india_born_self_employed_adults,54,cash,low,177839.871749,-6.018625,-33842.943598
india_born_self_employed_adults,54,cash,high,177839.871749,-5.717585,-32150.185478
india_born_self_employed_adults,55,accrual,low,154352.172585,-4.722769,-30597.359930
india_born_self_employed_adults,55,accrual,high,154352.172585,-4.432891,-28719.327381
india_born_self_employed_adults,55,cash,low,154352.172585,-6.158746,-39900.609634
india_born_self_employed_adults,55,cash,high,154352.172585,-5.868867,-38022.577085
india_born_self_employed_adults,56,accrual,low,146016.630591,-4.478721,-30672.680326
india_born_self_employed_adults,56,accrual,high,146016.630591,-4.213669,-28857.461764
india_born_self_employed_adults,56,cash,low,146016.630591,-5.713115,-39126.470636
india_born_self_employed_adults,56,cash,high,146016.630591,-5.448063,-37311.252073
india_born_self_employed_adults,57,accrual,low,158692.624729,-2.806076,-17682.462216
india_born_self_employed_adults,57,accrual,high,158692.624729,-2.563496,-16153.844805
india_born_self_employed_adults,57,cash,low,158692.624729,-4.019657,-25329.827183
india_born_self_employed_adults,57,cash,high,158692.624729,-3.777076,-23801.209772
india_born_self_employed_adults,58,accrual,low,173459.741983,-3.982181,-22957.381483
india_born_self_employed_adults,58,accrual,high,173459.741983,-3.690198,-21274.087696
india_born_self_employed_adults,58,cash,low,173459.741983,-5.517057,-31805.981855
india_born_self_employed_adults,58,cash,high,173459.741983,-5.225074,-30122.688068
india_born_self_employed_adults,59,accrual,low,174491.863116,-4.371461,-25052.522831
india_born_self_employed_adults,59,accrual,high,174491.863116,-4.068374,-23315.554036
india_born_self_employed_adults,59,cash,low,174491.863116,-5.952900,-34115.633299
india_born_self_employed_adults,59,cash,high,174491.863116,-5.649813,-32378.664505
india_born_self_employed_adults,60,accrual,low,168239.054218,-3.435694,-20421.503216
india_born_self_employed_adults,60,accrual,high,168239.054218,-3.165035,-18812.726808
india_born_self_employed_adults,60,cash,low,168239.054218,-4.794196,-28496.332637
india_born_self_employed_adults,60,cash,high,168239.054218,-4.523537,-26887.556228
india_born_self_employed_adults,61,accrual,low,166383.866694,-3.623304,-21776.772788
india_born_self_employed_adults,61,accrual,high,166383.866694,-3.350584,-20137.675326
india_born_self_employed_adults,61,cash,low,166383.866694,-4.991262,-29998.473343
india_born_self_employed_adults,61,cash,high,166383.866694,-4.718543,-28359.375881
india_born_self_employed_adults,62,accrual,low,152442.880634,-3.736890,-24513.380496
india_born_self_employed_adults,62,accrual,high,152442.880634,-3.479103,-22822.336153
india_born_self_employed_adults,62,cash,low,152442.880634,-5.250832,-34444.588031
india_born_self_employed_adults,62,cash,high,152442.880634,-4.993045,-32753.543688
india_born_self_employed_adults,63,accrual,low,183219.582848,-3.295322,-17985.645169
india_born_self_employed_adults,63,accrual,high,183219.582848,-3.013221,-16445.957474
india_born_self_employed_adults,63,cash,low,183219.582848,-4.842756,-26431.433779
india_born_self_employed_adults,63,cash,high,183219.582848,-4.560655,-24891.746084
india_born_self_employed_adults,64,accrual,low,177587.804167,-2.630500,-14812.390555
india_born_self_employed_adults,64,accrual,high,177587.804167,-2.364900,-13316.794214
india_born_self_employed_adults,64,cash,low,177587.804167,-3.989730,-22466.238042
india_born_self_employed_adults,64,cash,high,177587.804167,-3.724130,-20970.641701
india_born_self_employed_adults,65,accrual,low,166808.755633,-4.737063,-28398.170249
india_born_self_employed_adults,65,accrual,high,166808.755633,-4.436660,-26597.285709
india_born_self_employed_adults,65,cash,low,166808.755633,-6.291391,-37716.189773
india_born_self_employed_adults,65,cash,high,166808.755633,-5.990987,-35915.305233
india_born_self_employed_adults,66,accrual,low,180342.072400,-4.227374,-23440.866343
india_born_self_employed_adults,66,accrual,high,180342.072400,-3.922343,-21749.462709
india_born_self_employed_adults,66,cash,low,180342.072400,-6.010084,-33326.024839
india_born_self_employed_adults,66,cash,high,180342.072400,-5.705053,-31634.621205
india_born_self_employed_adults,67,accrual,low,183985.864390,-5.389931,-29295.354947
india_born_self_employed_adults,67,accrual,high,183985.864390,-5.053044,-27464.306279
india_born_self_employed_adults,67,cash,low,183985.864390,-7.135853,-38784.788508
india_born_self_employed_adults,67,cash,high,183985.864390,-6.798966,-36953.739840
india_born_self_employed_adults,68,accrual,low,153326.848683,-3.239471,-21127.875046
india_born_self_employed_adults,68,accrual,high,153326.848683,-2.990770,-19505.848961
india_born_self_employed_adults,68,cash,low,153326.848683,-4.497827,-29334.894876
india_born_self_employed_adults,68,cash,high,153326.848683,-4.249127,-27712.868790
india_born_self_employed_adults,69,accrual,low,183919.836116,-4.077871,-22172.004272
india_born_self_employed_adults,69,accrual,high,183919.836116,-3.773768,-20518.546197
india_born_self_employed_adults,69,cash,low,183919.836116,-5.607411,-30488.345423
india_born_self_employed_adults,69,cash,high,183919.836116,-5.303308,-28834.887348
india_born_self_employed_adults,70,accrual,low,163833.145178,-4.828384,-29471.347970
india_born_self_employed_adults,70,accrual,high,163833.145178,-4.534798,-27679.366923
india_born_self_employed_adults,70,cash,low,163833.145178,-6.041056,-36873.223818
india_born_self_employed_adults,70,cash,high,163833.145178,-5.747470,-35081.242771
india_born_self_employed_adults,71,accrual,low,169997.827318,-3.719450,-21879.397434
india_born_self_employed_adults,71,accrual,high,169997.827318,-3.439966,-20235.353792
india_born_self_employed_adults,71,cash,low,169997.827318,-5.165982,-30388.515475
india_born_self_employed_adults,71,cash,high,169997.827318,-4.886498,-28744.471833
india_born_self_employed_adults,72,accrual,low,164061.244410,-4.506187,-27466.490411
india_born_self_employed_adults,72,accrual,high,164061.244410,-4.214020,-25685.651150
india_born_self_employed_adults,72,cash,low,164061.244410,-5.911465,-36032.061201
india_born_self_employed_adults,72,cash,high,164061.244410,-5.619298,-34251.221940
india_born_self_employed_adults,73,accrual,low,150280.344892,-2.220280,-14774.254173
india_born_self_employed_adults,73,accrual,high,150280.344892,-1.991542,-13252.181982
india_born_self_employed_adults,73,cash,low,150280.344892,-3.493415,-23245.989849
india_born_self_employed_adults,73,cash,high,150280.344892,-3.264678,-21723.917659
india_born_self_employed_adults,74,accrual,low,165874.304735,-2.522469,-15207.111545
india_born_self_employed_adults,74,accrual,high,165874.304735,-2.276669,-13725.265980
india_born_self_employed_adults,74,cash,low,165874.304735,-3.811020,-22975.346223
india_born_self_employed_adults,74,cash,high,165874.304735,-3.565219,-21493.500657
india_born_self_employed_adults,75,accrual,low,173230.409255,-3.824583,-22078.013421
india_born_self_employed_adults,75,accrual,high,173230.409255,-3.538425,-20426.119442
india_born_self_employed_adults,75,cash,low,173230.409255,-5.165603,-29819.260727
india_born_self_employed_adults,75,cash,high,173230.409255,-4.879444,-28167.366748
india_born_self_employed_adults,76,accrual,low,183594.586255,-3.760292,-20481.497530
india_born_self_employed_adults,76,accrual,high,183594.586255,-3.463970,-18867.497928
india_born_self_employed_adults,76,cash,low,183594.586255,-5.318408,-28968.217032
india_born_self_employed_adults,76,cash,high,183594.586255,-5.022086,-27354.217430
india_born_self_employed_adults,77,accrual,low,176108.276896,-4.209096,-23900.614814
india_born_self_employed_adults,77,accrual,high,176108.276896,-3.907689,-22189.129767
india_born_self_employed_adults,77,cash,low,176108.276896,-6.008543,-34118.458645
india_born_self_employed_adults,77,cash,high,176108.276896,-5.707136,-32406.973598
india_born_self_employed_adults,78,accrual,low,145256.697354,-4.277360,-29446.905376
india_born_self_employed_adults,78,accrual,high,145256.697354,-4.014071,-27634.324473
india_born_self_employed_adults,78,cash,low,145256.697354,-5.596582,-38528.906259
india_born_self_employed_adults,78,cash,high,145256.697354,-5.333292,-36716.325356
india_born_self_employed_adults,79,accrual,low,166816.081688,-3.961840,-23749.750895
india_born_self_employed_adults,79,accrual,high,166816.081688,-3.686107,-22096.830750
india_born_self_employed_adults,79,cash,low,166816.081688,-5.352800,-32088.031227
india_born_self_employed_adults,79,cash,high,166816.081688,-5.077066,-30435.111082
india_born_self_employed_adults,80,accrual,low,174465.448106,-2.911972,-16690.825404
india_born_self_employed_adults,80,accrual,high,174465.448106,-2.644266,-15156.386135
india_born_self_employed_adults,80,cash,low,174465.448106,-4.428089,-25380.893924
india_born_self_employed_adults,80,cash,high,174465.448106,-4.160382,-23846.454654
india_born_self_employed_adults,81,accrual,low,176817.105118,-4.185871,-23673.451404
india_born_self_employed_adults,81,accrual,high,176817.105118,-3.886170,-21978.471155
india_born_self_employed_adults,81,cash,low,176817.105118,-5.803732,-32823.364103
india_born_self_employed_adults,81,cash,high,176817.105118,-5.504031,-31128.383855
india_born_self_employed_adults,82,accrual,low,158805.757501,-3.312862,-20861.092623
india_born_self_employed_adults,82,accrual,high,158805.757501,-3.051265,-19213.818557
india_born_self_employed_adults,82,cash,low,158805.757501,-4.698590,-29587.022373
india_born_self_employed_adults,82,cash,high,158805.757501,-4.436993,-27939.748307
india_born_self_employed_adults,83,accrual,low,144697.034228,-2.456578,-16977.386671
india_born_self_employed_adults,83,accrual,high,144697.034228,-2.236056,-15453.361761
india_born_self_employed_adults,83,cash,low,144697.034228,-3.614295,-24978.362476
india_born_self_employed_adults,83,cash,high,144697.034228,-3.393773,-23454.337567
india_born_self_employed_adults,84,accrual,low,161423.074369,-3.042407,-18847.408502
india_born_self_employed_adults,84,accrual,high,161423.074369,-2.788215,-17272.717141
india_born_self_employed_adults,84,cash,low,161423.074369,-4.476511,-27731.541287
india_born_self_employed_adults,84,cash,high,161423.074369,-4.222319,-26156.849925
india_born_self_employed_adults,85,accrual,low,173900.393373,-4.954065,-28487.948516
india_born_self_employed_adults,85,accrual,high,173900.393373,-4.644580,-26708.280036
india_born_self_employed_adults,85,cash,low,173900.393373,-6.419925,-36917.252852
india_born_self_employed_adults,85,cash,high,173900.393373,-6.110440,-35137.584372
india_born_self_employed_adults,86,accrual,low,157688.853344,-3.698974,-23457.420526
india_born_self_employed_adults,86,accrual,high,157688.853344,-3.430816,-21756.871747
india_born_self_employed_adults,86,cash,low,157688.853344,-5.121756,-32480.141961
india_born_self_employed_adults,86,cash,high,157688.853344,-4.853599,-30779.593182
india_born_self_employed_adults,87,accrual,low,179686.649579,-5.154420,-28685.603167
india_born_self_employed_adults,87,accrual,high,179686.649579,-4.823961,-26846.517696
india_born_self_employed_adults,87,cash,low,179686.649579,-6.934615,-38592.824541
india_born_self_employed_adults,87,cash,high,179686.649579,-6.604156,-36753.739070
india_born_self_employed_adults,88,accrual,low,147299.442876,-3.699627,-25116.367983
india_born_self_employed_adults,88,accrual,high,147299.442876,-3.447663,-23405.810035
india_born_self_employed_adults,88,cash,low,147299.442876,-5.077195,-34468.527329
india_born_self_employed_adults,88,cash,high,147299.442876,-4.825231,-32757.969381
india_born_self_employed_adults,89,accrual,low,156899.191293,-3.648245,-23252.156404
india_born_self_employed_adults,89,accrual,high,156899.191293,-3.382344,-21557.434498
india_born_self_employed_adults,89,cash,low,156899.191293,-5.183595,-33037.741288
india_born_self_employed_adults,89,cash,high,156899.191293,-4.917694,-31343.019382
india_born_self_employed_adults,90,accrual,low,163762.539623,-4.594965,-28058.707964
india_born_self_employed_adults,90,accrual,high,163762.539623,-4.300522,-26260.717026
india_born_self_employed_adults,90,cash,low,163762.539623,-5.975129,-36486.541091
india_born_self_employed_adults,90,cash,high,163762.539623,-5.680685,-34688.550153
india_born_self_employed_adults,91,accrual,low,169285.705249,-4.310693,-25464.007954
india_born_self_employed_adults,91,accrual,high,169285.705249,-4.021252,-23754.232289
india_born_self_employed_adults,91,cash,low,169285.705249,-5.811024,-34326.724269
india_born_self_employed_adults,91,cash,high,169285.705249,-5.521583,-32616.948604
india_born_self_employed_adults,92,accrual,low,175864.128030,-5.302047,-30148.543824
india_born_self_employed_adults,92,accrual,high,175864.128030,-4.971542,-28269.220802
india_born_self_employed_adults,92,cash,low,175864.128030,-7.100688,-40375.987941
india_born_self_employed_adults,92,cash,high,175864.128030,-6.770182,-38496.664920
india_born_self_employed_adults,93,accrual,low,148981.160593,-2.626962,-17632.846169
india_born_self_employed_adults,93,accrual,high,148981.160593,-2.396714,-16087.364749
india_born_self_employed_adults,93,cash,low,148981.160593,-3.842383,-25791.064434
india_born_self_employed_adults,93,cash,high,148981.160593,-3.612135,-24245.583013
india_born_self_employed_adults,94,accrual,low,149936.770029,-2.650915,-17680.219396
india_born_self_employed_adults,94,accrual,high,149936.770029,-2.420787,-16145.386968
india_born_self_employed_adults,94,cash,low,149936.770029,-4.051989,-27024.649684
india_born_self_employed_adults,94,cash,high,149936.770029,-3.821861,-25489.817256
india_born_self_employed_adults,95,accrual,low,169357.125197,-3.669601,-21667.824885
india_born_self_employed_adults,95,accrual,high,169357.125197,-3.393474,-20037.386518
india_born_self_employed_adults,95,cash,low,169357.125197,-4.922828,-29067.732367
india_born_self_employed_adults,95,cash,high,169357.125197,-4.646701,-27437.293999
india_born_self_employed_adults,96,accrual,low,172661.372859,-4.047847,-23443.848975
india_born_self_employed_adults,96,accrual,high,172661.372859,-3.759626,-21774.561464
india_born_self_employed_adults,96,cash,low,172661.372859,-5.412952,-31350.105549
india_born_self_employed_adults,96,cash,high,172661.372859,-5.124731,-29680.818038
india_born_self_employed_adults,97,accrual,low,187725.518052,-4.252293,-22651.650001
india_born_self_employed_adults,97,accrual,high,187725.518052,-3.937136,-20972.835896
india_born_self_employed_adults,97,cash,low,187725.518052,-5.994690,-31933.269661
india_born_self_employed_adults,97,cash,high,187725.518052,-5.679533,-30254.455557
india_born_self_employed_adults,98,accrual,low,169300.589610,-5.484657,-32395.972521
india_born_self_employed_adults,98,accrual,high,169300.589610,-5.164716,-30506.192322
india_born_self_employed_adults,98,cash,low,169300.589610,-7.199153,-42522.906200
india_born_self_employed_adults,98,cash,high,169300.589610,-6.879212,-40633.126000
india_born_self_employed_adults,99,accrual,low,161240.211784,-3.814944,-23660.004613
india_born_self_employed_adults,99,accrual,high,161240.211784,-3.543604,-21977.175247
india_born_self_employed_adults,99,cash,low,161240.211784,-5.299818,-32869.081250
india_born_self_employed_adults,99,cash,high,161240.211784,-5.028478,-31186.251884
india_born_self_employed_adults,100,accrual,low,153937.656464,-2.343250,-15222.072874
india_born_self_employed_adults,100,accrual,high,153937.656464,-2.111872,-13719.010484
india_born_self_employed_adults,100,cash,low,153937.656464,-3.741595,-24305.912789
india_born_self_employed_adults,100,cash,high,153937.656464,-3.510217,-22802.850398
india_born_self_employed_adults,101,accrual,low,157277.194836,-2.597113,-16512.964689
india_born_self_employed_adults,101,accrual,high,157277.194836,-2.363818,-15029.627485
india_born_self_employed_adults,101,cash,low,157277.194836,-3.734607,-23745.382474
india_born_self_employed_adults,101,cash,high,157277.194836,-3.501312,-22262.045270
india_born_self_employed_adults,102,accrual,low,192956.916544,-3.350680,-17364.914126
india_born_self_employed_adults,102,accrual,high,192956.916544,-3.055731,-15836.339906
india_born_self_employed_adults,102,cash,low,192956.916544,-4.993544,-25879.064465
india_born_self_employed_adults,102,cash,high,192956.916544,-4.698596,-24350.490245
india_born_self_employed_adults,103,accrual,low,160174.520286,-4.108999,-25653.262655
india_born_self_employed_adults,103,accrual,high,160174.520286,-3.828042,-23899.194925
india_born_self_employed_adults,103,cash,low,160174.520286,-5.657619,-35321.592095
india_born_self_employed_adults,103,cash,high,160174.520286,-5.376662,-33567.524366
india_born_self_employed_adults,104,accrual,low,156697.265849,-3.468181,-22132.999663
india_born_self_employed_adults,104,accrual,high,156697.265849,-3.206063,-20460.237650
india_born_self_employed_adults,104,cash,low,156697.265849,-4.777847,-30490.938014
india_born_self_employed_adults,104,cash,high,156697.265849,-4.515729,-28818.176002
india_born_self_employed_adults,105,accrual,low,144774.486127,-3.320560,-22936.088423
india_born_self_employed_adults,105,accrual,high,144774.486127,-3.080726,-21279.481257
india_born_self_employed_adults,105,cash,low,144774.486127,-4.563573,-31521.944125
india_born_self_employed_adults,105,cash,high,144774.486127,-4.323739,-29865.336959
india_born_self_employed_adults,106,accrual,low,170916.761281,-2.805291,-16413.202677
india_born_self_employed_adults,106,accrual,high,170916.761281,-2.550892,-14924.760369
india_born_self_employed_adults,106,cash,low,170916.761281,-4.067193,-23796.338804
india_born_self_employed_adults,106,cash,high,170916.761281,-3.812793,-22307.896496
india_born_self_employed_adults,107,accrual,low,171505.581445,-4.206596,-24527.457753
india_born_self_employed_adults,107,accrual,high,171505.581445,-3.913602,-22819.093072
india_born_self_employed_adults,107,cash,low,171505.581445,-5.844371,-34076.853948
india_born_self_employed_adults,107,cash,high,171505.581445,-5.551377,-32368.489267
india_born_self_employed_adults,108,accrual,low,164985.264427,-2.342545,-14198.507622
india_born_self_employed_adults,108,accrual,high,164985.264427,-2.103584,-12750.134012
india_born_self_employed_adults,108,cash,low,164985.264427,-3.449678,-20909.004932
india_born_self_employed_adults,108,cash,high,164985.264427,-3.210717,-19460.631322
india_born_self_employed_adults,109,accrual,low,149294.540629,-4.609472,-30875.023103
india_born_self_employed_adults,109,accrual,high,149294.540629,-4.325291,-28971.528943
india_born_self_employed_adults,109,cash,low,149294.540629,-6.110363,-40928.243380
india_born_self_employed_adults,109,cash,high,149294.540629,-5.826182,-39024.749220
india_born_self_employed_adults,110,accrual,low,166546.540342,-3.837712,-23042.881119
india_born_self_employed_adults,110,accrual,high,166546.540342,-3.558041,-21363.641750
india_born_self_employed_adults,110,cash,low,166546.540342,-5.288805,-31755.718184
india_born_self_employed_adults,110,cash,high,166546.540342,-5.009133,-30076.478814
india_born_self_employed_adults,111,accrual,low,145161.204220,-4.250939,-29284.261570
india_born_self_employed_adults,111,accrual,high,145161.204220,-3.979720,-27415.867581
india_born_self_employed_adults,111,cash,low,145161.204220,-5.845241,-40267.236362
india_born_self_employed_adults,111,cash,high,145161.204220,-5.574022,-38398.842372
india_born_self_employed_adults,112,accrual,low,163097.584717,-3.544737,-21733.840196
india_born_self_employed_adults,112,accrual,high,163097.584717,-3.270641,-20053.274783
india_born_self_employed_adults,112,cash,low,163097.584717,-5.055975,-30999.694645
india_born_self_employed_adults,112,cash,high,163097.584717,-4.781879,-29319.129231
india_born_self_employed_adults,113,accrual,low,146843.202673,-3.435888,-23398.346200
india_born_self_employed_adults,113,accrual,high,146843.202673,-3.185388,-21692.447064
india_born_self_employed_adults,113,cash,low,146843.202673,-4.876197,-33206.829044
india_born_self_employed_adults,113,cash,high,146843.202673,-4.625697,-31500.929908
india_born_self_employed_adults,114,accrual,low,176544.340861,-3.738781,-21177.576219
india_born_self_employed_adults,114,accrual,high,176544.340861,-3.451890,-19552.541086
india_born_self_employed_adults,114,cash,low,176544.340861,-5.159802,-29226.663196
india_born_self_employed_adults,114,cash,high,176544.340861,-4.872911,-27601.628064
india_born_self_employed_adults,115,accrual,low,171656.400822,-5.296360,-30854.428850
india_born_self_employed_adults,115,accrual,high,171656.400822,-4.973602,-28974.173250
india_born_self_employed_adults,115,cash,low,171656.400822,-7.102927,-41378.747189
india_born_self_employed_adults,115,cash,high,171656.400822,-6.780169,-39498.491590
india_born_self_employed_adults,116,accrual,low,175087.643192,-5.136871,-29338.855254
india_born_self_employed_adults,116,accrual,high,175087.643192,-4.814916,-27500.036012
india_born_self_employed_adults,116,cash,low,175087.643192,-6.847594,-39109.521356
india_born_self_employed_adults,116,cash,high,175087.643192,-6.525639,-37270.702114
india_born_self_employed_adults,117,accrual,low,182396.495689,-3.303480,-18111.532420
india_born_self_employed_adults,117,accrual,high,182396.495689,-3.020660,-16560.956862
india_born_self_employed_adults,117,cash,low,182396.495689,-4.941559,-27092.403013
india_born_self_employed_adults,117,cash,high,182396.495689,-4.658740,-25541.827455
india_born_self_employed_adults,118,accrual,low,170500.554391,-3.489699,-20467.379110
india_born_self_employed_adults,118,accrual,high,170500.554391,-3.214197,-18851.532930
india_born_self_employed_adults,118,cash,low,170500.554391,-5.029620,-29499.141214
india_born_self_employed_adults,118,cash,high,170500.554391,-4.754117,-27883.295034
india_born_self_employed_adults,119,accrual,low,166853.225980,-4.896687,-29347.272977
india_born_self_employed_adults,119,accrual,high,166853.225980,-4.594966,-27538.967616
india_born_self_employed_adults,119,cash,low,166853.225980,-6.390496,-38300.106599
india_born_self_employed_adults,119,cash,high,166853.225980,-6.088775,-36491.801237
india_born_self_employed_adults,120,accrual,low,169980.576630,-4.234100,-24909.316098
india_born_self_employed_adults,120,accrual,high,169980.576630,-3.946641,-23218.186944
india_born_self_employed_adults,120,cash,low,169980.576630,-5.679906,-33415.031911
india_born_self_employed_adults,120,cash,high,169980.576630,-5.392447,-31723.902756
india_born_self_employed_adults,121,accrual,low,166783.364144,-4.336386,-26000.110371
india_born_self_employed_adults,121,accrual,high,166783.364144,-4.041362,-24231.207452
india_born_self_employed_adults,121,cash,low,166783.364144,-5.854496,-35102.395397
india_born_self_employed_adults,121,cash,high,166783.364144,-5.559472,-33333.492478
india_born_self_employed_adults,122,accrual,low,164782.352356,-5.015089,-30434.622928
india_born_self_employed_adults,122,accrual,high,164782.352356,-4.715361,-28615.689287
india_born_self_employed_adults,122,cash,low,164782.352356,-6.512090,-39519.339988
india_born_self_employed_adults,122,cash,high,164782.352356,-6.212362,-37700.406348
india_born_self_employed_adults,123,accrual,low,160737.109905,-3.887073,-24182.799614
india_born_self_employed_adults,123,accrual,high,160737.109905,-3.615801,-22495.121055
india_born_self_employed_adults,123,cash,low,160737.109905,-5.292462,-32926.197734
india_born_self_employed_adults,123,cash,high,160737.109905,-5.021189,-31238.519174
india_born_self_employed_adults,124,accrual,low,170589.620010,-3.951020,-23160.963948
india_born_self_employed_adults,124,accrual,high,170589.620010,-3.657612,-21440.998216
india_born_self_employed_adults,124,cash,low,170589.620010,-5.565319,-32624.020198
india_born_self_employed_adults,124,cash,high,170589.620010,-5.271911,-30904.054466
india_born_self_employed_adults,125,accrual,low,167143.403967,-3.684617,-22044.643180
india_born_self_employed_adults,125,accrual,high,167143.403967,-3.409766,-20400.240196
india_born_self_employed_adults,125,cash,low,167143.403967,-5.263184,-31489.032252
india_born_self_employed_adults,125,cash,high,167143.403967,-4.988333,-29844.629269
india_born_self_employed_adults,126,accrual,low,168058.209428,-5.175425,-30795.428859
india_born_self_employed_adults,126,accrual,high,168058.209428,-4.862564,-28933.807796
india_born_self_employed_adults,126,cash,low,168058.209428,-6.835618,-40674.111432
india_born_self_employed_adults,126,cash,high,168058.209428,-6.522758,-38812.490369
india_born_self_employed_adults,127,accrual,low,172217.187987,-4.053063,-23534.603639
india_born_self_employed_adults,127,accrual,high,172217.187987,-3.766093,-21868.276740
india_born_self_employed_adults,127,cash,low,172217.187987,-5.543937,-32191.541054
india_born_self_employed_adults,127,cash,high,172217.187987,-5.256967,-30525.214156
india_born_self_employed_adults,128,accrual,low,160282.744167,-4.595636,-28672.054316
india_born_self_employed_adults,128,accrual,high,160282.744167,-4.309045,-26884.022668
india_born_self_employed_adults,128,cash,low,160282.744167,-5.958088,-37172.362198
india_born_self_employed_adults,128,cash,high,160282.744167,-5.671498,-35384.330549
india_born_self_employed_adults,129,accrual,low,183239.575659,-3.272004,-17856.428170
india_born_self_employed_adults,129,accrual,high,183239.575659,-2.994431,-16341.617411
india_born_self_employed_adults,129,cash,low,183239.575659,-4.680616,-25543.694705
india_born_self_employed_adults,129,cash,high,183239.575659,-4.403042,-24028.883947
india_born_self_employed_adults,130,accrual,low,151754.123136,-3.744719,-24676.228709
india_born_self_employed_adults,130,accrual,high,151754.123136,-3.488613,-22988.585666
india_born_self_employed_adults,130,cash,low,151754.123136,-5.075048,-33442.568129
india_born_self_employed_adults,130,cash,high,151754.123136,-4.818941,-31754.925086
india_born_self_employed_adults,131,accrual,low,168880.169370,-2.744466,-16250.966834
india_born_self_employed_adults,131,accrual,high,168880.169370,-2.483303,-14704.525756
india_born_self_employed_adults,131,cash,low,168880.169370,-4.245691,-25140.257553
india_born_self_employed_adults,131,cash,high,168880.169370,-3.984528,-23593.816475
india_born_self_employed_adults,132,accrual,low,151596.436321,-3.774112,-24895.780930
india_born_self_employed_adults,132,accrual,high,151596.436321,-3.512982,-23173.252135
india_born_self_employed_adults,132,cash,low,151596.436321,-5.161713,-34049.040547
india_born_self_employed_adults,132,cash,high,151596.436321,-4.900584,-32326.511751
india_born_self_employed_adults,133,accrual,low,158234.487647,-3.614949,-22845.522105
india_born_self_employed_adults,133,accrual,high,158234.487647,-3.349195,-21166.026336
india_born_self_employed_adults,133,cash,low,158234.487647,-4.936530,-31197.559720
india_born_self_employed_adults,133,cash,high,158234.487647,-4.670776,-29518.063950
india_born_self_employed_adults,134,accrual,low,174417.472345,-3.755755,-21533.136192
india_born_self_employed_adults,134,accrual,high,174417.472345,-3.467886,-19882.672636
india_born_self_employed_adults,134,cash,low,174417.472345,-5.099880,-29239.500446
india_born_self_employed_adults,134,cash,high,174417.472345,-4.812010,-27589.036890
india_born_self_employed_adults,135,accrual,low,162895.324102,-2.910657,-17868.266720
india_born_self_employed_adults,135,accrual,high,162895.324102,-2.658910,-16322.816430
india_born_self_employed_adults,135,cash,low,162895.324102,-4.414422,-27099.746867
india_born_self_employed_adults,135,cash,high,162895.324102,-4.162675,-25554.296578
india_born_self_employed_adults,136,accrual,low,194142.954776,-2.838990,-14623.191780
india_born_self_employed_adults,136,accrual,high,194142.954776,-2.554495,-13157.803488
india_born_self_employed_adults,136,cash,low,194142.954776,-4.482354,-23087.901974
india_born_self_employed_adults,136,cash,high,194142.954776,-4.197859,-21622.513682
india_born_self_employed_adults,137,accrual,low,180565.435622,-5.169290,-28628.349137
india_born_self_employed_adults,137,accrual,high,180565.435622,-4.835604,-26780.340522
india_born_self_employed_adults,137,cash,low,180565.435622,-7.047146,-39028.212942
india_born_self_employed_adults,137,cash,high,180565.435622,-6.713460,-37180.204327
india_born_self_employed_adults,138,accrual,low,158020.814411,-3.419106,-21637.060500
india_born_self_employed_adults,138,accrual,high,158020.814411,-3.158189,-19985.905217
india_born_self_employed_adults,138,cash,low,158020.814411,-4.765126,-30155.050468
india_born_self_employed_adults,138,cash,high,158020.814411,-4.504209,-28503.895185
india_born_self_employed_adults,139,accrual,low,174032.008803,-2.995615,-17213.009705
india_born_self_employed_adults,139,accrual,high,174032.008803,-2.732758,-15702.618465
india_born_self_employed_adults,139,cash,low,174032.008803,-4.344080,-24961.383753
india_born_self_employed_adults,139,cash,high,174032.008803,-4.081223,-23450.992513
india_born_self_employed_adults,140,accrual,low,173452.647031,-3.948985,-22766.932652
india_born_self_employed_adults,140,accrual,high,173452.647031,-3.659715,-21099.219100
india_born_self_employed_adults,140,cash,low,173452.647031,-5.294484,-30524.090400
india_born_self_employed_adults,140,cash,high,173452.647031,-5.005215,-28856.376847
india_born_self_employed_adults,141,accrual,low,164748.274098,-3.906749,-23713.442381
india_born_self_employed_adults,141,accrual,high,164748.274098,-3.628922,-22027.069198
india_born_self_employed_adults,141,cash,low,164748.274098,-5.460950,-33147.235415
india_born_self_employed_adults,141,cash,high,164748.274098,-5.183123,-31460.862232
india_born_self_employed_adults,142,accrual,low,165849.470265,-3.507659,-21149.654123
india_born_self_employed_adults,142,accrual,high,165849.470265,-3.235230,-19507.026490
india_born_self_employed_adults,142,cash,low,165849.470265,-4.985542,-30060.642519
india_born_self_employed_adults,142,cash,high,165849.470265,-4.713113,-28418.014887
india_born_self_employed_adults,143,accrual,low,190763.307982,-5.082174,-26641.256861
india_born_self_employed_adults,143,accrual,high,190763.307982,-4.740852,-24852.012612
india_born_self_employed_adults,143,cash,low,190763.307982,-6.917324,-36261.290236
india_born_self_employed_adults,143,cash,high,190763.307982,-6.576002,-34472.045988
india_born_self_employed_adults,144,accrual,low,163400.302200,-5.007567,-30646.005788
india_born_self_employed_adults,144,accrual,high,163400.302200,-4.704992,-28794.265184
india_born_self_employed_adults,144,cash,low,163400.302200,-6.644921,-40666.516562
india_born_self_employed_adults,144,cash,high,163400.302200,-6.342346,-38814.775959
india_born_self_employed_adults,145,accrual,low,132917.827783,-2.571631,-19347.526163
india_born_self_employed_adults,145,accrual,high,132917.827783,-2.360728,-17760.804106
india_born_self_employed_adults,145,cash,low,132917.827783,-3.655195,-27499.661497
india_born_self_employed_adults,145,cash,high,132917.827783,-3.444292,-25912.939439
india_born_self_employed_adults,146,accrual,low,148615.680766,-3.702694,-24914.560601
india_born_self_employed_adults,146,accrual,high,148615.680766,-3.452481,-23230.933544
india_born_self_employed_adults,146,cash,low,148615.680766,-5.031354,-33854.796005
india_born_self_employed_adults,146,cash,high,148615.680766,-4.781140,-32171.168949
india_born_self_employed_adults,147,accrual,low,149257.370765,-2.331980,-15623.887739
india_born_self_employed_adults,147,accrual,high,149257.370765,-2.105099,-14103.822003
india_born_self_employed_adults,147,cash,low,149257.370765,-3.389451,-22708.765914
india_born_self_employed_adults,147,cash,high,149257.370765,-3.162570,-21188.700178
india_born_self_employed_adults,148,accrual,low,178530.255219,-4.093420,-22928.440303
india_born_self_employed_adults,148,accrual,high,178530.255219,-3.794805,-21255.807077
india_born_self_employed_adults,148,cash,low,178530.255219,-5.852452,-32781.288466
india_born_self_employed_adults,148,cash,high,178530.255219,-5.553836,-31108.655240
india_born_self_employed_adults,149,accrual,low,151451.573389,-3.286269,-21698.478684
india_born_self_employed_adults,149,accrual,high,151451.573389,-3.041262,-20080.755508
india_born_self_employed_adults,149,cash,low,151451.573389,-4.503958,-29738.598362
india_born_self_employed_adults,149,cash,high,151451.573389,-4.258951,-28120.875187
india_born_self_employed_adults,150,accrual,low,170536.695766,-2.834348,-16620.164144
india_born_self_employed_adults,150,accrual,high,170536.695766,-2.572181,-15082.860078
india_born_self_employed_adults,150,cash,low,170536.695766,-4.311764,-25283.495521
india_born_self_employed_adults,150,cash,high,170536.695766,-4.049597,-23746.191455
india_born_self_employed_adults,151,accrual,low,163294.295855,-3.861937,-23650.165368
india_born_self_employed_adults,151,accrual,high,163294.295855,-3.588792,-21977.450731
india_born_self_employed_adults,151,cash,low,163294.295855,-5.125014,-31385.135113
india_born_self_employed_adults,151,cash,high,163294.295855,-4.851869,-29712.420476
india_born_self_employed_adults,152,accrual,low,176531.249416,-3.169912,-17956.659676
india_born_self_employed_adults,152,accrual,high,176531.249416,-2.893795,-16392.538168
india_born_self_employed_adults,152,cash,low,176531.249416,-4.646569,-26321.511566
india_born_self_employed_adults,152,cash,high,176531.249416,-4.370453,-24757.390058
india_born_self_employed_adults,153,accrual,low,194855.351658,-5.416520,-27797.644063
india_born_self_employed_adults,153,accrual,high,194855.351658,-5.067582,-26006.890536
india_born_self_employed_adults,153,cash,low,194855.351658,-7.194235,-36920.898026
india_born_self_employed_adults,153,cash,high,194855.351658,-6.845297,-35130.144499
india_born_self_employed_adults,154,accrual,low,195397.408723,-5.269235,-26966.758135
india_born_self_employed_adults,154,accrual,high,195397.408723,-4.924163,-25200.760988
india_born_self_employed_adults,154,cash,low,195397.408723,-7.226157,-36981.844785
india_born_self_employed_adults,154,cash,high,195397.408723,-6.881085,-35215.847637
india_born_self_employed_adults,155,accrual,low,171705.388291,-3.666477,-21353.301087
india_born_self_employed_adults,155,accrual,high,171705.388291,-3.390979,-19748.818379
india_born_self_employed_adults,155,cash,low,171705.388291,-4.948298,-28818.535821
india_born_self_employed_adults,155,cash,high,171705.388291,-4.672800,-27214.053113
india_born_self_employed_adults,156,accrual,low,156948.354330,-3.818619,-24330.420363
india_born_self_employed_adults,156,accrual,high,156948.354330,-3.555507,-22653.996541
india_born_self_employed_adults,156,cash,low,156948.354330,-5.163351,-32898.406701
india_born_self_employed_adults,156,cash,high,156948.354330,-4.900239,-31221.982879
india_born_self_employed_adults,157,accrual,low,159505.217581,-3.448033,-21617.053367
india_born_self_employed_adults,157,accrual,high,159505.217581,-3.183762,-19960.239946
india_born_self_employed_adults,157,cash,low,159505.217581,-4.721034,-29597.993289
india_born_self_employed_adults,157,cash,high,159505.217581,-4.456764,-27941.179869
india_born_self_employed_adults,158,accrual,low,171050.700489,-2.975680,-17396.480766
india_born_self_employed_adults,158,accrual,high,171050.700489,-2.711595,-15852.582843
india_born_self_employed_adults,158,cash,low,171050.700489,-4.331683,-25323.972486
india_born_self_employed_adults,158,cash,high,171050.700489,-4.067598,-23780.074564
india_born_self_employed_adults,159,accrual,low,167302.473691,-3.176276,-18985.232812
india_born_self_employed_adults,159,accrual,high,167302.473691,-2.907290,-17377.449939
india_born_self_employed_adults,159,cash,low,167302.473691,-4.635016,-27704.406864
india_born_self_employed_adults,159,cash,high,167302.473691,-4.366030,-26096.623992
india_born_self_employed_adults,160,accrual,low,149615.354089,-4.706925,-31460.176827
india_born_self_employed_adults,160,accrual,high,149615.354089,-4.424646,-29573.472376
india_born_self_employed_adults,160,cash,low,149615.354089,-6.235321,-41675.673190
india_born_self_employed_adults,160,cash,high,149615.354089,-5.953041,-39788.968739
india_born_wage_salary_adults,0,accrual,low,2680496.079458,-56.136287,-20942.499032
india_born_wage_salary_adults,0,accrual,high,2680496.079458,-51.763691,-19311.235371
india_born_wage_salary_adults,0,cash,low,2680496.079458,-87.240829,-32546.523664
india_born_wage_salary_adults,0,cash,high,2680496.079458,-82.868233,-30915.260003
india_born_wage_salary_adults,1,accrual,low,2692914.657412,-56.491504,-20977.829237
india_born_wage_salary_adults,1,accrual,high,2692914.657412,-52.095288,-19345.317271
india_born_wage_salary_adults,1,cash,low,2692914.657412,-87.769693,-32592.823695
india_born_wage_salary_adults,1,cash,high,2692914.657412,-83.373477,-30960.311730
india_born_wage_salary_adults,2,accrual,low,2579381.416697,-54.566957,-21155.055571
india_born_wage_salary_adults,2,accrual,high,2579381.416697,-50.354474,-19521.918558
india_born_wage_salary_adults,2,cash,low,2579381.416697,-84.860270,-32899.465675
india_born_wage_salary_adults,2,cash,high,2579381.416697,-80.647787,-31266.328662
india_born_wage_salary_adults,3,accrual,low,2635274.296535,-57.530147,-21830.800477
india_born_wage_salary_adults,3,accrual,high,2635274.296535,-53.190880,-20184.191020
india_born_wage_salary_adults,3,cash,low,2635274.296535,-88.324068,-33516.081520
india_born_wage_salary_adults,3,cash,high,2635274.296535,-83.984801,-31869.472063
india_born_wage_salary_adults,4,accrual,low,2745397.222667,-59.689953,-21741.827703
india_born_wage_salary_adults,4,accrual,high,2745397.222667,-55.183844,-20100.495199
india_born_wage_salary_adults,4,cash,low,2745397.222667,-91.468076,-33316.882427
india_born_wage_salary_adults,4,cash,high,2745397.222667,-86.961967,-31675.549923
india_born_wage_salary_adults,5,accrual,low,2620074.264518,-55.898455,-21334.683531
india_born_wage_salary_adults,5,accrual,high,2620074.264518,-51.619069,-19701.376373
india_born_wage_salary_adults,5,cash,low,2620074.264518,-86.438196,-32990.742587
india_born_wage_salary_adults,5,cash,high,2620074.264518,-82.158810,-31357.435429
india_born_wage_salary_adults,6,accrual,low,2676212.503542,-56.727025,-21196.756659
india_born_wage_salary_adults,6,accrual,high,2676212.503542,-52.346510,-19559.922632
india_born_wage_salary_adults,6,cash,low,2676212.503542,-88.280229,-32987.002553
india_born_wage_salary_adults,6,cash,high,2676212.503542,-83.899713,-31350.168525
india_born_wage_salary_adults,7,accrual,low,2548634.978982,-53.392804,-20949.568722
india_born_wage_salary_adults,7,accrual,high,2548634.978982,-49.243717,-19321.604542
india_born_wage_salary_adults,7,cash,low,2548634.978982,-83.345074,-32701.848190
india_born_wage_salary_adults,7,cash,high,2548634.978982,-79.195988,-31073.884010
india_born_wage_salary_adults,8,accrual,low,2752361.548986,-57.211654,-20786.387612
india_born_wage_salary_adults,8,accrual,high,2752361.548986,-52.743808,-19163.110170
india_born_wage_salary_adults,8,cash,low,2752361.548986,-88.573796,-32181.017842
india_born_wage_salary_adults,8,cash,high,2752361.548986,-84.105950,-30557.740399
india_born_wage_salary_adults,9,accrual,low,2698761.598218,-56.581856,-20965.859377
india_born_wage_salary_adults,9,accrual,high,2698761.598218,-52.215511,-19347.952259
india_born_wage_salary_adults,9,cash,low,2698761.598218,-87.757444,-32517.671765
india_born_wage_salary_adults,9,cash,high,2698761.598218,-83.391098,-30899.764648
india_born_wage_salary_adults,10,accrual,low,2693539.118954,-53.099537,-19713.668462
india_born_wage_salary_adults,10,accrual,high,2693539.118954,-48.745622,-18097.239439
india_born_wage_salary_adults,10,cash,low,2693539.118954,-84.057099,-31206.934514
india_born_wage_salary_adults,10,cash,high,2693539.118954,-79.703184,-29590.505491
india_born_wage_salary_adults,11,accrual,low,2593593.209347,-58.212841,-22444.861871
india_born_wage_salary_adults,11,accrual,high,2593593.209347,-53.936263,-20795.961053
india_born_wage_salary_adults,11,cash,low,2593593.209347,-89.060231,-34338.550396
india_born_wage_salary_adults,11,cash,high,2593593.209347,-84.783653,-32689.649578
india_born_wage_salary_adults,12,accrual,low,2722764.499268,-56.711234,-20828.549096
india_born_wage_salary_adults,12,accrual,high,2722764.499268,-52.223252,-19180.230940
india_born_wage_salary_adults,12,cash,low,2722764.499268,-88.666137,-32564.746992
india_born_wage_salary_adults,12,cash,high,2722764.499268,-84.178155,-30916.428836
india_born_wage_salary_adults,13,accrual,low,2652743.281099,-52.982374,-19972.672788
india_born_wage_salary_adults,13,accrual,high,2652743.281099,-48.657440,-18342.310043
india_born_wage_salary_adults,13,cash,low,2652743.281099,-83.027388,-31298.689476
india_born_wage_salary_adults,13,cash,high,2652743.281099,-78.702454,-29668.326732
india_born_wage_salary_adults,14,accrual,low,2693245.229687,-58.020677,-21543.035103
india_born_wage_salary_adults,14,accrual,high,2693245.229687,-53.614084,-19906.870432
india_born_wage_salary_adults,14,cash,low,2693245.229687,-89.279071,-33149.254453
india_born_wage_salary_adults,14,cash,high,2693245.229687,-84.872479,-31513.089782
india_born_wage_salary_adults,15,accrual,low,2661501.432160,-52.620161,-19770.855746
india_born_wage_salary_adults,15,accrual,high,2661501.432160,-48.323993,-18156.666152
india_born_wage_salary_adults,15,cash,low,2661501.432160,-83.199615,-31260.405989
india_born_wage_salary_adults,15,cash,high,2661501.432160,-78.903447,-29646.216394
india_born_wage_salary_adults,16,accrual,low,2660836.410641,-54.203915,-20371.006188
india_born_wage_salary_adults,16,accrual,high,2660836.410641,-49.895336,-18751.748731
india_born_wage_salary_adults,16,cash,low,2660836.410641,-85.278242,-32049.411961
india_born_wage_salary_adults,16,cash,high,2660836.410641,-80.969663,-30430.154504
india_born_wage_salary_adults,17,accrual,low,2801439.376950,-59.349544,-21185.375143
india_born_wage_salary_adults,17,accrual,high,2801439.376950,-54.779550,-19554.072933
india_born_wage_salary_adults,17,cash,low,2801439.376950,-91.943336,-32820.034124
india_born_wage_salary_adults,17,cash,high,2801439.376950,-87.373342,-31188.731913
india_born_wage_salary_adults,18,accrual,low,2635478.616287,-53.656524,-20359.309046
india_born_wage_salary_adults,18,accrual,high,2635478.616287,-49.374735,-18734.636990
india_born_wage_salary_adults,18,cash,low,2635478.616287,-84.276176,-31977.560147
india_born_wage_salary_adults,18,cash,high,2635478.616287,-79.994388,-30352.888091
india_born_wage_salary_adults,19,accrual,low,2653110.563351,-50.581903,-19065.131882
india_born_wage_salary_adults,19,accrual,high,2653110.563351,-46.300563,-17451.426122
india_born_wage_salary_adults,19,cash,low,2653110.563351,-81.047648,-30548.160856
india_born_wage_salary_adults,19,cash,high,2653110.563351,-76.766308,-28934.455096
india_born_wage_salary_adults,20,accrual,low,2775836.198439,-55.403860,-19959.340695
india_born_wage_salary_adults,20,accrual,high,2775836.198439,-50.931008,-18347.987469
india_born_wage_salary_adults,20,cash,low,2775836.198439,-86.683220,-31227.786335
india_born_wage_salary_adults,20,cash,high,2775836.198439,-82.210367,-29616.433109
india_born_wage_salary_adults,21,accrual,low,2652643.797181,-54.037545,-20371.202975
india_born_wage_salary_adults,21,accrual,high,2652643.797181,-49.706125,-18738.333924
india_born_wage_salary_adults,21,cash,low,2652643.797181,-84.535214,-31868.286980
india_born_wage_salary_adults,21,cash,high,2652643.797181,-80.203794,-30235.417928
india_born_wage_salary_adults,22,accrual,low,2771342.658099,-58.466338,-21096.755355
india_born_wage_salary_adults,22,accrual,high,2771342.658099,-53.940299,-19463.597940
india_born_wage_salary_adults,22,cash,low,2771342.658099,-90.740573,-32742.459008
india_born_wage_salary_adults,22,cash,high,2771342.658099,-86.214535,-31109.301592
india_born_wage_salary_adults,23,accrual,low,2765679.636350,-60.975038,-22047.035728
india_born_wage_salary_adults,23,accrual,high,2765679.636350,-56.429588,-20403.515742
india_born_wage_salary_adults,23,cash,low,2765679.636350,-93.247167,-33715.823642
india_born_wage_salary_adults,23,cash,high,2765679.636350,-88.701717,-32072.303656
india_born_wage_salary_adults,24,accrual,low,2798589.509033,-57.430149,-20521.104850
india_born_wage_salary_adults,24,accrual,high,2798589.509033,-52.867873,-18890.899598
india_born_wage_salary_adults,24,cash,low,2798589.509033,-90.114853,-32200.096795
india_born_wage_salary_adults,24,cash,high,2798589.509033,-85.552578,-30569.891543
india_born_wage_salary_adults,25,accrual,low,2653477.057812,-53.699410,-20237.375048
india_born_wage_salary_adults,25,accrual,high,2653477.057812,-49.378249,-18608.884949
india_born_wage_salary_adults,25,cash,low,2653477.057812,-84.566563,-31870.093893
india_born_wage_salary_adults,25,cash,high,2653477.057812,-80.245402,-30241.603794
india_born_wage_salary_adults,26,accrual,low,2679074.084919,-56.964851,-21262.887705
india_born_wage_salary_adults,26,accrual,high,2679074.084919,-52.586660,-19628.669740
india_born_wage_salary_adults,26,cash,low,2679074.084919,-88.280524,-32951.878493
india_born_wage_salary_adults,26,cash,high,2679074.084919,-83.902333,-31317.660529
india_born_wage_salary_adults,27,accrual,low,2666036.839183,-57.441359,-21545.598407
india_born_wage_salary_adults,27,accrual,high,2666036.839183,-53.035412,-19892.977820
india_born_wage_salary_adults,27,cash,low,2666036.839183,-89.232292,-33470.014758
india_born_wage_salary_adults,27,cash,high,2666036.839183,-84.826345,-31817.394172
india_born_wage_salary_adults,28,accrual,low,2683700.946182,-56.182342,-20934.650601
india_born_wage_salary_adults,28,accrual,high,2683700.946182,-51.816899,-19308.000516
india_born_wage_salary_adults,28,cash,low,2683700.946182,-87.232395,-32504.514015
india_born_wage_salary_adults,28,cash,high,2683700.946182,-82.866953,-30877.863931
india_born_wage_salary_adults,29,accrual,low,2670104.577629,-54.960093,-20583.498402
india_born_wage_salary_adults,29,accrual,high,2670104.577629,-50.635239,-18963.766313
india_born_wage_salary_adults,29,cash,low,2670104.577629,-85.171024,-31898.010506
india_born_wage_salary_adults,29,cash,high,2670104.577629,-80.846170,-30278.278418
india_born_wage_salary_adults,30,accrual,low,2705542.782173,-58.114121,-21479.653150
india_born_wage_salary_adults,30,accrual,high,2705542.782173,-53.679492,-19840.563171
india_born_wage_salary_adults,30,cash,low,2705542.782173,-89.598962,-33116.815819
india_born_wage_salary_adults,30,cash,high,2705542.782173,-85.164334,-31477.725840
india_born_wage_salary_adults,31,accrual,low,2681583.672715,-52.281852,-19496.632613
india_born_wage_salary_adults,31,accrual,high,2681583.672715,-47.946708,-17879.996880
india_born_wage_salary_adults,31,cash,low,2681583.672715,-82.859672,-30899.528717
india_born_wage_salary_adults,31,cash,high,2681583.672715,-78.524528,-29282.892984
india_born_wage_salary_adults,32,accrual,low,2629654.053210,-55.094006,-20951.047103
india_born_wage_salary_adults,32,accrual,high,2629654.053210,-50.812230,-19322.781234
india_born_wage_salary_adults,32,cash,low,2629654.053210,-85.552102,-32533.595587
india_born_wage_salary_adults,32,cash,high,2629654.053210,-81.270326,-30905.329719
india_born_wage_salary_adults,33,accrual,low,2700596.147909,-56.590651,-20954.873790
india_born_wage_salary_adults,33,accrual,high,2700596.147909,-52.177884,-19320.876424
india_born_wage_salary_adults,33,cash,low,2700596.147909,-88.241819,-32674.940801
india_born_wage_salary_adults,33,cash,high,2700596.147909,-83.829052,-31040.943436
india_born_wage_salary_adults,34,accrual,low,2698468.649915,-59.600964,-22086.958281
india_born_wage_salary_adults,34,accrual,high,2698468.649915,-55.147788,-20436.697498
india_born_wage_salary_adults,34,cash,low,2698468.649915,-91.784019,-34013.372465
india_born_wage_salary_adults,34,cash,high,2698468.649915,-87.330842,-32363.111682
india_born_wage_salary_adults,35,accrual,low,2859302.794909,-60.478350,-21151.432451
india_born_wage_salary_adults,35,accrual,high,2859302.794909,-55.854384,-19534.266976
india_born_wage_salary_adults,35,cash,low,2859302.794909,-93.503633,-32701.549845
india_born_wage_salary_adults,35,cash,high,2859302.794909,-88.879667,-31084.384369
india_born_wage_salary_adults,36,accrual,low,2793928.002677,-56.728331,-20304.149255
india_born_wage_salary_adults,36,accrual,high,2793928.002677,-52.173984,-18674.061869
india_born_wage_salary_adults,36,cash,low,2793928.002677,-89.430626,-32008.923044
india_born_wage_salary_adults,36,cash,high,2793928.002677,-84.876280,-30378.835658
india_born_wage_salary_adults,37,accrual,low,2643788.871119,-57.806675,-21865.087659
india_born_wage_salary_adults,37,accrual,high,2643788.871119,-53.439212,-20213.116414
india_born_wage_salary_adults,37,cash,low,2643788.871119,-88.999829,-33663.743058
india_born_wage_salary_adults,37,cash,high,2643788.871119,-84.632366,-32011.771812
india_born_wage_salary_adults,38,accrual,low,2661810.325132,-59.206636,-22242.995886
india_born_wage_salary_adults,38,accrual,high,2661810.325132,-54.854994,-20608.152886
india_born_wage_salary_adults,38,cash,low,2661810.325132,-90.382308,-33955.202109
india_born_wage_salary_adults,38,cash,high,2661810.325132,-86.030666,-32320.359110
india_born_wage_salary_adults,39,accrual,low,2679373.123963,-57.120756,-21318.701712
india_born_wage_salary_adults,39,accrual,high,2679373.123963,-52.739815,-19683.639500
india_born_wage_salary_adults,39,cash,low,2679373.123963,-88.650591,-33086.317924
india_born_wage_salary_adults,39,cash,high,2679373.123963,-84.269649,-31451.255712
india_born_wage_salary_adults,40,accrual,low,2685237.192672,-57.140728,-21279.582962
india_born_wage_salary_adults,40,accrual,high,2685237.192672,-52.762599,-19649.138915
india_born_wage_salary_adults,40,cash,low,2685237.192672,-87.997149,-32770.717477
india_born_wage_salary_adults,40,cash,high,2685237.192672,-83.619020,-31140.273430
india_born_wage_salary_adults,41,accrual,low,2625559.343810,-52.909621,-20151.752153
india_born_wage_salary_adults,41,accrual,high,2625559.343810,-48.669448,-18536.792109
india_born_wage_salary_adults,41,cash,low,2625559.343810,-82.554234,-31442.532262
india_born_wage_salary_adults,41,cash,high,2625559.343810,-78.314061,-29827.572218
india_born_wage_salary_adults,42,accrual,low,2661310.029050,-54.664955,-20540.618842
india_born_wage_salary_adults,42,accrual,high,2661310.029050,-50.325387,-18910.005306
india_born_wage_salary_adults,42,cash,low,2661310.029050,-85.635448,-32177.930223
india_born_wage_salary_adults,42,cash,high,2661310.029050,-81.295880,-30547.316687
india_born_wage_salary_adults,43,accrual,low,2834574.638830,-60.330002,-21283.617385
india_born_wage_salary_adults,43,accrual,high,2834574.638830,-55.699482,-19650.031934
india_born_wage_salary_adults,43,cash,low,2834574.638830,-93.209897,-32883.204330
india_born_wage_salary_adults,43,cash,high,2834574.638830,-88.579377,-31249.618879
india_born_wage_salary_adults,44,accrual,low,2697348.805562,-56.816505,-21063.833129
india_born_wage_salary_adults,44,accrual,high,2697348.805562,-52.379595,-19418.918021
india_born_wage_salary_adults,44,cash,low,2697348.805562,-88.604896,-32848.883351
india_born_wage_salary_adults,44,cash,high,2697348.805562,-84.167986,-31203.968243
india_born_wage_salary_adults,45,accrual,low,2644540.699502,-57.675167,-21809.143186
india_born_wage_salary_adults,45,accrual,high,2644540.699502,-53.340480,-20170.035727
india_born_wage_salary_adults,45,cash,low,2644540.699502,-88.744142,-33557.487649
india_born_wage_salary_adults,45,cash,high,2644540.699502,-84.409455,-31918.380190
india_born_wage_salary_adults,46,accrual,low,2660298.964292,-58.483201,-21983.695004
india_born_wage_salary_adults,46,accrual,high,2660298.964292,-54.068966,-20324.394464
india_born_wage_salary_adults,46,cash,low,2660298.964292,-90.157258,-33889.897178
india_born_wage_salary_adults,46,cash,high,2660298.964292,-85.743023,-32230.596638
india_born_wage_salary_adults,47,accrual,low,2659008.810378,-56.043486,-21076.833405
india_born_wage_salary_adults,47,accrual,high,2659008.810378,-51.704279,-19444.944447
india_born_wage_salary_adults,47,cash,low,2659008.810378,-86.868449,-32669.485188
india_born_wage_salary_adults,47,cash,high,2659008.810378,-82.529242,-31037.596231
india_born_wage_salary_adults,48,accrual,low,2762821.162738,-57.380533,-20768.819003
india_born_wage_salary_adults,48,accrual,high,2762821.162738,-52.911307,-19151.187892
india_born_wage_salary_adults,48,cash,low,2762821.162738,-88.468391,-32021.034313
india_born_wage_salary_adults,48,cash,high,2762821.162738,-83.999166,-30403.403202
india_born_wage_salary_adults,49,accrual,low,2684932.273747,-53.048766,-19757.953153
india_born_wage_salary_adults,49,accrual,high,2684932.273747,-48.710868,-18142.307749
india_born_wage_salary_adults,49,cash,low,2684932.273747,-84.013527,-31290.743553
india_born_wage_salary_adults,49,cash,high,2684932.273747,-79.675629,-29675.098149
india_born_wage_salary_adults,50,accrual,low,2578788.830164,-51.007223,-19779.526830
india_born_wage_salary_adults,50,accrual,high,2578788.830164,-46.864298,-18172.987637
india_born_wage_salary_adults,50,cash,low,2578788.830164,-80.145852,-31078.873376
india_born_wage_salary_adults,50,cash,high,2578788.830164,-76.002926,-29472.334183
india_born_wage_salary_adults,51,accrual,low,2639829.566771,-57.241248,-21683.690899
india_born_wage_salary_adults,51,accrual,high,2639829.566771,-52.930663,-20050.787829
india_born_wage_salary_adults,51,cash,low,2639829.566771,-88.001189,-33335.935911
india_born_wage_salary_adults,51,cash,high,2639829.566771,-83.690603,-31703.032841
india_born_wage_salary_adults,52,accrual,low,2709193.024502,-57.129290,-21087.198274
india_born_wage_salary_adults,52,accrual,high,2709193.024502,-52.702993,-19453.391536
india_born_wage_salary_adults,52,cash,low,2709193.024502,-88.648849,-32721.496239
india_born_wage_salary_adults,52,cash,high,2709193.024502,-84.222552,-31087.689501
india_born_wage_salary_adults,53,accrual,low,2737994.681912,-55.011425,-20091.866896
india_born_wage_salary_adults,53,accrual,high,2737994.681912,-50.585475,-18475.373723
india_born_wage_salary_adults,53,cash,low,2737994.681912,-86.137942,-31460.229741
india_born_wage_salary_adults,53,cash,high,2737994.681912,-81.711992,-29843.736568
india_born_wage_salary_adults,54,accrual,low,2702488.125166,-58.488357,-21642.410435
india_born_wage_salary_adults,54,accrual,high,2702488.125166,-54.086649,-20013.649249
india_born_wage_salary_adults,54,cash,low,2702488.125166,-89.358605,-33065.308929
india_born_wage_salary_adults,54,cash,high,2702488.125166,-84.956897,-31436.547742
india_born_wage_salary_adults,55,accrual,low,2660752.984554,-57.137747,-21474.277306
india_born_wage_salary_adults,55,accrual,high,2660752.984554,-52.788538,-19839.698893
india_born_wage_salary_adults,55,cash,low,2660752.984554,-88.244449,-33165.216658
india_born_wage_salary_adults,55,cash,high,2660752.984554,-83.895240,-31530.638246
india_born_wage_salary_adults,56,accrual,low,2570872.638844,-54.205127,-21084.329978
india_born_wage_salary_adults,56,accrual,high,2570872.638844,-50.000415,-19448.810648
india_born_wage_salary_adults,56,cash,low,2570872.638844,-84.414381,-32834.913731
india_born_wage_salary_adults,56,cash,high,2570872.638844,-80.209669,-31199.394401
india_born_wage_salary_adults,57,accrual,low,2642403.324511,-53.303710,-20172.435450
india_born_wage_salary_adults,57,accrual,high,2642403.324511,-49.018855,-18550.860300
india_born_wage_salary_adults,57,cash,low,2642403.324511,-83.341174,-31539.914215
india_born_wage_salary_adults,57,cash,high,2642403.324511,-79.056319,-29918.339065
india_born_wage_salary_adults,58,accrual,low,2678160.196062,-56.465451,-21083.672023
india_born_wage_salary_adults,58,accrual,high,2678160.196062,-52.084448,-19447.846356
india_born_wage_salary_adults,58,cash,low,2678160.196062,-87.444172,-32650.836860
india_born_wage_salary_adults,58,cash,high,2678160.196062,-83.063168,-31015.011193
india_born_wage_salary_adults,59,accrual,low,2591421.084774,-52.457484,-20242.747963
india_born_wage_salary_adults,59,accrual,high,2591421.084774,-48.277931,-18629.905796
india_born_wage_salary_adults,59,cash,low,2591421.084774,-81.941230,-31620.191319
india_born_wage_salary_adults,59,cash,high,2591421.084774,-77.761677,-30007.349152
india_born_wage_salary_adults,60,accrual,low,2732935.777670,-58.649567,-21460.280004
india_born_wage_salary_adults,60,accrual,high,2732935.777670,-54.157204,-19816.493423
india_born_wage_salary_adults,60,cash,low,2732935.777670,-90.930809,-33272.208342
india_born_wage_salary_adults,60,cash,high,2732935.777670,-86.438445,-31628.421761
india_born_wage_salary_adults,61,accrual,low,2719260.437792,-53.115023,-19532.892874
india_born_wage_salary_adults,61,accrual,high,2719260.437792,-48.716795,-17915.457475
india_born_wage_salary_adults,61,cash,low,2719260.437792,-84.331729,-31012.744288
india_born_wage_salary_adults,61,cash,high,2719260.437792,-79.933501,-29395.308889
india_born_wage_salary_adults,62,accrual,low,2634894.480933,-56.301831,-21367.774336
india_born_wage_salary_adults,62,accrual,high,2634894.480933,-52.006641,-19737.655907
india_born_wage_salary_adults,62,cash,low,2634894.480933,-86.825127,-32952.031768
india_born_wage_salary_adults,62,cash,high,2634894.480933,-82.529937,-31321.913339
india_born_wage_salary_adults,63,accrual,low,2606773.154607,-55.504150,-21292.282398
india_born_wage_salary_adults,63,accrual,high,2606773.154607,-51.259286,-19663.884492
india_born_wage_salary_adults,63,cash,low,2606773.154607,-86.143355,-33045.972867
india_born_wage_salary_adults,63,cash,high,2606773.154607,-81.898491,-31417.574961
india_born_wage_salary_adults,64,accrual,low,2582559.983249,-55.473691,-21480.117109
india_born_wage_salary_adults,64,accrual,high,2582559.983249,-51.234317,-19838.577673
india_born_wage_salary_adults,64,cash,low,2582559.983249,-85.928622,-33272.653008
india_born_wage_salary_adults,64,cash,high,2582559.983249,-81.689248,-31631.113572
india_born_wage_salary_adults,65,accrual,low,2650548.622009,-55.219353,-20833.178780
india_born_wage_salary_adults,65,accrual,high,2650548.622009,-50.890375,-19199.940287
india_born_wage_salary_adults,65,cash,low,2650548.622009,-86.327704,-32569.749205
india_born_wage_salary_adults,65,cash,high,2650548.622009,-81.998726,-30936.510712
india_born_wage_salary_adults,66,accrual,low,2656530.044354,-57.101933,-21494.932242
india_born_wage_salary_adults,66,accrual,high,2656530.044354,-52.741546,-19853.547750
india_born_wage_salary_adults,66,cash,low,2656530.044354,-88.492802,-33311.425414
india_born_wage_salary_adults,66,cash,high,2656530.044354,-84.132415,-31670.040922
india_born_wage_salary_adults,67,accrual,low,2707087.125692,-58.515791,-21615.776790
india_born_wage_salary_adults,67,accrual,high,2707087.125692,-54.076537,-19975.913152
india_born_wage_salary_adults,67,cash,low,2707087.125692,-89.950727,-33227.865435
india_born_wage_salary_adults,67,cash,high,2707087.125692,-85.511473,-31588.001796
india_born_wage_salary_adults,68,accrual,low,2647103.865582,-51.128913,-19315.038305
india_born_wage_salary_adults,68,accrual,high,2647103.865582,-46.896150,-17716.021920
india_born_wage_salary_adults,68,cash,low,2647103.865582,-81.030337,-30610.939673
india_born_wage_salary_adults,68,cash,high,2647103.865582,-76.797574,-29011.923288
india_born_wage_salary_adults,69,accrual,low,2764580.060219,-58.296241,-21086.833951
india_born_wage_salary_adults,69,accrual,high,2764580.060219,-53.798084,-19459.767180
india_born_wage_salary_adults,69,cash,low,2764580.060219,-90.025330,-32563.835541
india_born_wage_salary_adults,69,cash,high,2764580.060219,-85.527174,-30936.768769
india_born_wage_salary_adults,70,accrual,low,2702355.596455,-57.591597,-21311.627972
india_born_wage_salary_adults,70,accrual,high,2702355.596455,-53.153841,-19669.447185
india_born_wage_salary_adults,70,cash,low,2702355.596455,-88.889045,-32893.171212
india_born_wage_salary_adults,70,cash,high,2702355.596455,-84.451289,-31250.990425
india_born_wage_salary_adults,71,accrual,low,2748068.191558,-60.169320,-21895.133587
india_born_wage_salary_adults,71,accrual,high,2748068.191558,-55.629328,-20243.066946
india_born_wage_salary_adults,71,cash,low,2748068.191558,-92.591244,-33693.211930
india_born_wage_salary_adults,71,cash,high,2748068.191558,-88.051252,-32041.145290
india_born_wage_salary_adults,72,accrual,low,2596013.818628,-56.067118,-21597.388223
india_born_wage_salary_adults,72,accrual,high,2596013.818628,-51.792513,-19950.784779
india_born_wage_salary_adults,72,cash,low,2596013.818628,-86.829075,-33447.077418
india_born_wage_salary_adults,72,cash,high,2596013.818628,-82.554470,-31800.473974
india_born_wage_salary_adults,73,accrual,low,2722917.341970,-54.261544,-19927.723604
india_born_wage_salary_adults,73,accrual,high,2722917.341970,-49.849385,-18307.344176
india_born_wage_salary_adults,73,cash,low,2722917.341970,-85.828736,-31520.874442
india_born_wage_salary_adults,73,cash,high,2722917.341970,-81.416576,-29900.495013
india_born_wage_salary_adults,74,accrual,low,2622593.011740,-52.241858,-19919.925647
india_born_wage_salary_adults,74,accrual,high,2622593.011740,-47.994353,-18300.343394
india_born_wage_salary_adults,74,cash,low,2622593.011740,-82.137220,-31319.087305
india_born_wage_salary_adults,74,cash,high,2622593.011740,-77.889714,-29699.505052
india_born_wage_salary_adults,75,accrual,low,2731697.179141,-58.284184,-21336.253565
india_born_wage_salary_adults,75,accrual,high,2731697.179141,-53.799632,-19694.581283
india_born_wage_salary_adults,75,cash,low,2731697.179141,-89.878206,-32901.965494
india_born_wage_salary_adults,75,cash,high,2731697.179141,-85.393655,-31260.293212
india_born_wage_salary_adults,76,accrual,low,2721057.737783,-58.102849,-21353.038039
india_born_wage_salary_adults,76,accrual,high,2721057.737783,-53.633957,-19710.701423
india_born_wage_salary_adults,76,cash,low,2721057.737783,-89.838627,-33016.068049
india_born_wage_salary_adults,76,cash,high,2721057.737783,-85.369735,-31373.731434
india_born_wage_salary_adults,77,accrual,low,2605863.217443,-55.261925,-21206.763436
india_born_wage_salary_adults,77,accrual,high,2605863.217443,-50.965589,-19558.044431
india_born_wage_salary_adults,77,cash,low,2605863.217443,-85.495831,-32809.024871
india_born_wage_salary_adults,77,cash,high,2605863.217443,-81.199495,-31160.305865
india_born_wage_salary_adults,78,accrual,low,2657362.625174,-57.865773,-21775.640416
india_born_wage_salary_adults,78,accrual,high,2657362.625174,-53.518819,-20139.825188
india_born_wage_salary_adults,78,cash,low,2657362.625174,-89.310423,-33608.669953
india_born_wage_salary_adults,78,cash,high,2657362.625174,-84.963469,-31972.854725
india_born_wage_salary_adults,79,accrual,low,2604636.293446,-57.286749,-21994.145173
india_born_wage_salary_adults,79,accrual,high,2604636.293446,-53.024794,-20357.849674
india_born_wage_salary_adults,79,cash,low,2604636.293446,-87.348862,-33535.915265
india_born_wage_salary_adults,79,cash,high,2604636.293446,-83.086907,-31899.619766
india_born_wage_salary_adults,80,accrual,low,2716009.209171,-55.757544,-20529.217613
india_born_wage_salary_adults,80,accrual,high,2716009.209171,-51.352676,-18907.401141
india_born_wage_salary_adults,80,cash,low,2716009.209171,-87.357583,-32163.949386
india_born_wage_salary_adults,80,cash,high,2716009.209171,-82.952714,-30542.132914
india_born_wage_salary_adults,81,accrual,low,2716046.882279,-56.095219,-20653.258764
india_born_wage_salary_adults,81,accrual,high,2716046.882279,-51.678194,-19026.989022
india_born_wage_salary_adults,81,cash,low,2716046.882279,-87.428602,-32189.651351
india_born_wage_salary_adults,81,cash,high,2716046.882279,-83.011577,-30563.381610
india_born_wage_salary_adults,82,accrual,low,2683346.968086,-59.918212,-22329.654802
india_born_wage_salary_adults,82,accrual,high,2683346.968086,-55.472079,-20672.719549
india_born_wage_salary_adults,82,cash,low,2683346.968086,-91.664255,-34160.418496
india_born_wage_salary_adults,82,cash,high,2683346.968086,-87.218123,-32503.483243
india_born_wage_salary_adults,83,accrual,low,2656858.554625,-56.296851,-21189.253953
india_born_wage_salary_adults,83,accrual,high,2656858.554625,-51.954424,-19554.832505
india_born_wage_salary_adults,83,cash,low,2656858.554625,-86.885472,-32702.332465
india_born_wage_salary_adults,83,cash,high,2656858.554625,-82.543045,-31067.911017
india_born_wage_salary_adults,84,accrual,low,2711341.342154,-55.017626,-20291.663284
india_born_wage_salary_adults,84,accrual,high,2711341.342154,-50.612518,-18666.966678
india_born_wage_salary_adults,84,cash,low,2711341.342154,-86.281752,-31822.533816
india_born_wage_salary_adults,84,cash,high,2711341.342154,-81.876644,-30197.837210
india_born_wage_salary_adults,85,accrual,low,2689562.327382,-57.090688,-21226.757835
india_born_wage_salary_adults,85,accrual,high,2689562.327382,-52.679628,-19586.691605
india_born_wage_salary_adults,85,cash,low,2689562.327382,-88.278038,-32822.454883
india_born_wage_salary_adults,85,cash,high,2689562.327382,-83.866978,-31182.388653
india_born_wage_salary_adults,86,accrual,low,2763465.984092,-59.618880,-21573.951232
india_born_wage_salary_adults,86,accrual,high,2763465.984092,-55.065788,-19926.349261
india_born_wage_salary_adults,86,cash,low,2763465.984092,-92.335535,-33412.944245
india_born_wage_salary_adults,86,cash,high,2763465.984092,-87.782443,-31765.342274
india_born_wage_salary_adults,87,accrual,low,2703121.876196,-55.865432,-20667.004449
india_born_wage_salary_adults,87,accrual,high,2703121.876196,-51.442367,-19030.724059
india_born_wage_salary_adults,87,cash,low,2703121.876196,-87.517378,-32376.408344
india_born_wage_salary_adults,87,cash,high,2703121.876196,-83.094312,-30740.127954
india_born_wage_salary_adults,88,accrual,low,2757674.151064,-58.003789,-21033.590510
india_born_wage_salary_adults,88,accrual,high,2757674.151064,-53.502716,-19401.391587
india_born_wage_salary_adults,88,cash,low,2757674.151064,-90.146259,-32689.235334
india_born_wage_salary_adults,88,cash,high,2757674.151064,-85.645187,-31057.036411
india_born_wage_salary_adults,89,accrual,low,2683586.858671,-56.256825,-20963.295857
india_born_wage_salary_adults,89,accrual,high,2683586.858671,-51.869150,-19328.291955
india_born_wage_salary_adults,89,cash,low,2683586.858671,-88.298994,-32903.348565
india_born_wage_salary_adults,89,cash,high,2683586.858671,-83.911319,-31268.344663
india_born_wage_salary_adults,90,accrual,low,2701390.132468,-56.289181,-20837.116451
india_born_wage_salary_adults,90,accrual,high,2701390.132468,-51.886800,-19207.444287
india_born_wage_salary_adults,90,cash,low,2701390.132468,-87.686112,-32459.625550
india_born_wage_salary_adults,90,cash,high,2701390.132468,-83.283732,-30829.953386
india_born_wage_salary_adults,91,accrual,low,2689306.329930,-60.996820,-22681.246433
india_born_wage_salary_adults,91,accrual,high,2689306.329930,-56.558602,-21030.925817
india_born_wage_salary_adults,91,cash,low,2689306.329930,-92.491896,-34392.473135
india_born_wage_salary_adults,91,cash,high,2689306.329930,-88.053678,-32742.152519
india_born_wage_salary_adults,92,accrual,low,2539876.616818,-53.846263,-21200.345815
india_born_wage_salary_adults,92,accrual,high,2539876.616818,-49.694226,-19565.606422
india_born_wage_salary_adults,92,cash,low,2539876.616818,-83.513553,-32880.948813
india_born_wage_salary_adults,92,cash,high,2539876.616818,-79.361517,-31246.209419
india_born_wage_salary_adults,93,accrual,low,2677673.122939,-54.816055,-20471.526121
india_born_wage_salary_adults,93,accrual,high,2677673.122939,-50.457044,-18843.616125
india_born_wage_salary_adults,93,cash,low,2677673.122939,-85.720527,-32013.066307
india_born_wage_salary_adults,93,cash,high,2677673.122939,-81.361516,-30385.156312
india_born_wage_salary_adults,94,accrual,low,2782302.239214,-59.920852,-21536.428188
india_born_wage_salary_adults,94,accrual,high,2782302.239214,-55.361357,-19897.679053
india_born_wage_salary_adults,94,cash,low,2782302.239214,-92.405529,-33211.894564
india_born_wage_salary_adults,94,cash,high,2782302.239214,-87.846033,-31573.145429
india_born_wage_salary_adults,95,accrual,low,2697170.702441,-56.466691,-20935.527220
india_born_wage_salary_adults,95,accrual,high,2697170.702441,-52.098453,-19315.964459
india_born_wage_salary_adults,95,cash,low,2697170.702441,-87.274890,-32357.941002
india_born_wage_salary_adults,95,cash,high,2697170.702441,-82.906653,-30738.378242
india_born_wage_salary_adults,96,accrual,low,2553740.000987,-49.690815,-19458.055501
india_born_wage_salary_adults,96,accrual,high,2553740.000987,-45.530341,-17828.886682
india_born_wage_salary_adults,96,cash,low,2553740.000987,-79.155589,-30995.946725
india_born_wage_salary_adults,96,cash,high,2553740.000987,-74.995115,-29366.777907
india_born_wage_salary_adults,97,accrual,low,2636974.235435,-52.986029,-20093.495214
india_born_wage_salary_adults,97,accrual,high,2636974.235435,-48.732226,-18480.357348
india_born_wage_salary_adults,97,cash,low,2636974.235435,-82.791777,-31396.506019
india_born_wage_salary_adults,97,cash,high,2636974.235435,-78.537974,-29783.368153
india_born_wage_salary_adults,98,accrual,low,2634391.832178,-57.451336,-21808.197002
india_born_wage_salary_adults,98,accrual,high,2634391.832178,-53.145131,-20173.586219
india_born_wage_salary_adults,98,cash,low,2634391.832178,-88.310447,-33522.138339
india_born_wage_salary_adults,98,cash,high,2634391.832178,-84.004242,-31887.527555
india_born_wage_salary_adults,99,accrual,low,2668028.399628,-56.037294,-21003.259787
india_born_wage_salary_adults,99,accrual,high,2668028.399628,-51.699799,-19377.529343
india_born_wage_salary_adults,99,cash,low,2668028.399628,-86.570877,-32447.509417
india_born_wage_salary_adults,99,cash,high,2668028.399628,-82.233382,-30821.778973
india_born_wage_salary_adults,100,accrual,low,2613205.050173,-52.829223,-20216.256402
india_born_wage_salary_adults,100,accrual,high,2613205.050173,-48.587259,-18592.976068
india_born_wage_salary_adults,100,cash,low,2613205.050173,-82.711551,-31651.381709
india_born_wage_salary_adults,100,cash,high,2613205.050173,-78.469586,-30028.101375
india_born_wage_salary_adults,101,accrual,low,2688184.594169,-57.446364,-21369.947610
india_born_wage_salary_adults,101,accrual,high,2688184.594169,-53.047059,-19733.413736
india_born_wage_salary_adults,101,cash,low,2688184.594169,-88.927736,-33080.963429
india_born_wage_salary_adults,101,cash,high,2688184.594169,-84.528431,-31444.429555
india_born_wage_salary_adults,102,accrual,low,2700889.372631,-57.776018,-21391.478765
india_born_wage_salary_adults,102,accrual,high,2700889.372631,-53.342700,-19750.049879
india_born_wage_salary_adults,102,cash,low,2700889.372631,-89.318097,-33069.883378
india_born_wage_salary_adults,102,cash,high,2700889.372631,-84.884779,-31428.454491
india_born_wage_salary_adults,103,accrual,low,2584429.656050,-52.957905,-20491.138083
india_born_wage_salary_adults,103,accrual,high,2584429.656050,-48.746478,-18861.599879
india_born_wage_salary_adults,103,cash,low,2584429.656050,-82.826438,-32048.246284
india_born_wage_salary_adults,103,cash,high,2584429.656050,-78.615011,-30418.708080
india_born_wage_salary_adults,104,accrual,low,2709877.960348,-58.278399,-21505.912898
india_born_wage_salary_adults,104,accrual,high,2709877.960348,-53.864735,-19877.180980
india_born_wage_salary_adults,104,cash,low,2709877.960348,-90.118458,-33255.541246
india_born_wage_salary_adults,104,cash,high,2709877.960348,-85.704794,-31626.809327
india_born_wage_salary_adults,105,accrual,low,2583935.481328,-50.646859,-19600.666855
india_born_wage_salary_adults,105,accrual,high,2583935.481328,-46.450966,-17976.828797
india_born_wage_salary_adults,105,cash,low,2583935.481328,-80.964020,-31333.607538
india_born_wage_salary_adults,105,cash,high,2583935.481328,-76.768128,-29709.769481
india_born_wage_salary_adults,106,accrual,low,2747051.124692,-56.077905,-20413.855733
india_born_wage_salary_adults,106,accrual,high,2747051.124692,-51.626100,-18793.279608
india_born_wage_salary_adults,106,cash,low,2747051.124692,-87.799715,-31961.441817
india_born_wage_salary_adults,106,cash,high,2747051.124692,-83.347909,-30340.865693
india_born_wage_salary_adults,107,accrual,low,2658917.453082,-51.043071,-19196.937237
india_born_wage_salary_adults,107,accrual,high,2658917.453082,-46.772475,-17590.796222
india_born_wage_salary_adults,107,cash,low,2658917.453082,-81.131327,-30512.916868
india_born_wage_salary_adults,107,cash,high,2658917.453082,-76.860731,-28906.775853
india_born_wage_salary_adults,108,accrual,low,2598703.871460,-54.431983,-20945.819884
india_born_wage_salary_adults,108,accrual,high,2598703.871460,-50.197396,-19316.320044
india_born_wage_salary_adults,108,cash,low,2598703.871460,-84.129823,-32373.762907
india_born_wage_salary_adults,108,cash,high,2598703.871460,-79.895235,-30744.263067
india_born_wage_salary_adults,109,accrual,low,2711190.242998,-57.381669,-21164.751952
india_born_wage_salary_adults,109,accrual,high,2711190.242998,-52.958697,-19533.375655
india_born_wage_salary_adults,109,cash,low,2711190.242998,-88.753943,-32736.154526
india_born_wage_salary_adults,109,cash,high,2711190.242998,-84.330971,-31104.778229
india_born_wage_salary_adults,110,accrual,low,2565105.072394,-54.219047,-21137.164231
india_born_wage_salary_adults,110,accrual,high,2565105.072394,-50.025729,-19502.409372
india_born_wage_salary_adults,110,cash,low,2565105.072394,-84.452836,-32923.733522
india_born_wage_salary_adults,110,cash,high,2565105.072394,-80.259518,-31288.978663
india_born_wage_salary_adults,111,accrual,low,2632291.151801,-52.974428,-20124.836115
india_born_wage_salary_adults,111,accrual,high,2632291.151801,-48.712008,-18505.554770
india_born_wage_salary_adults,111,cash,low,2632291.151801,-83.327833,-31656.009177
india_born_wage_salary_adults,111,cash,high,2632291.151801,-79.065413,-30036.727832
india_born_wage_salary_adults,112,accrual,low,2684260.053218,-49.754475,-18535.638855
india_born_wage_salary_adults,112,accrual,high,2684260.053218,-45.450751,-16932.320441
india_born_wage_salary_adults,112,cash,low,2684260.053218,-80.165458,-29865.011649
india_born_wage_salary_adults,112,cash,high,2684260.053218,-75.861734,-28261.693235
india_born_wage_salary_adults,113,accrual,low,2651671.216762,-57.307941,-21612.008464
india_born_wage_salary_adults,113,accrual,high,2651671.216762,-52.954963,-19970.410445
india_born_wage_salary_adults,113,cash,low,2651671.216762,-88.363320,-33323.633614
india_born_wage_salary_adults,113,cash,high,2651671.216762,-84.010342,-31682.035594
india_born_wage_salary_adults,114,accrual,low,2653077.419515,-54.275758,-20457.660826
india_born_wage_salary_adults,114,accrual,high,2653077.419515,-49.977876,-18837.699992
india_born_wage_salary_adults,114,cash,low,2653077.419515,-84.818691,-31969.926987
india_born_wage_salary_adults,114,cash,high,2653077.419515,-80.520810,-30349.966153
india_born_wage_salary_adults,115,accrual,low,2702765.234254,-52.883985,-19566.621697
india_born_wage_salary_adults,115,accrual,high,2702765.234254,-48.523197,-17953.167412
india_born_wage_salary_adults,115,cash,low,2702765.234254,-83.629882,-30942.340566
india_born_wage_salary_adults,115,cash,high,2702765.234254,-79.269094,-29328.886282
india_born_wage_salary_adults,116,accrual,low,2756211.148556,-59.558423,-21608.802668
india_born_wage_salary_adults,116,accrual,high,2756211.148556,-55.038537,-19968.911590
india_born_wage_salary_adults,116,cash,low,2756211.148556,-91.348108,-33142.637884
india_born_wage_salary_adults,116,cash,high,2756211.148556,-86.828222,-31502.746806
india_born_wage_salary_adults,117,accrual,low,2717782.600223,-58.584111,-21555.848977
india_born_wage_salary_adults,117,accrual,high,2717782.600223,-54.141733,-19921.288972
india_born_wage_salary_adults,117,cash,low,2717782.600223,-90.196550,-33187.551595
india_born_wage_salary_adults,117,cash,high,2717782.600223,-85.754172,-31552.991591
india_born_wage_salary_adults,118,accrual,low,2699652.427410,-58.334768,-21608.251205
india_born_wage_salary_adults,118,accrual,high,2699652.427410,-53.919127,-19972.617968
india_born_wage_salary_adults,118,cash,low,2699652.427410,-89.979959,-33330.201478
india_born_wage_salary_adults,118,cash,high,2699652.427410,-85.564318,-31694.568242
india_born_wage_salary_adults,119,accrual,low,2696627.001336,-52.827896,-19590.360879
india_born_wage_salary_adults,119,accrual,high,2696627.001336,-48.462520,-17971.532577
india_born_wage_salary_adults,119,cash,low,2696627.001336,-83.420112,-30934.983593
india_born_wage_salary_adults,119,cash,high,2696627.001336,-79.054736,-29316.155291
india_born_wage_salary_adults,120,accrual,low,2683341.675693,-59.424342,-22145.648616
india_born_wage_salary_adults,120,accrual,high,2683341.675693,-54.991415,-20493.631370
india_born_wage_salary_adults,120,cash,low,2683341.675693,-91.342786,-34040.683972
india_born_wage_salary_adults,120,cash,high,2683341.675693,-86.909859,-32388.666726
india_born_wage_salary_adults,121,accrual,low,2621019.418395,-57.176761,-21814.703149
india_born_wage_salary_adults,121,accrual,high,2621019.418395,-52.860787,-20168.025740
india_born_wage_salary_adults,121,cash,low,2621019.418395,-87.954958,-33557.537588
india_born_wage_salary_adults,121,cash,high,2621019.418395,-83.638984,-31910.860179
india_born_wage_salary_adults,122,accrual,low,2647309.178145,-56.252484,-21248.928782
india_born_wage_salary_adults,122,accrual,high,2647309.178145,-51.906411,-19607.234106
india_born_wage_salary_adults,122,cash,low,2647309.178145,-87.545690,-33069.688726
india_born_wage_salary_adults,122,cash,high,2647309.178145,-83.199617,-31427.994051
india_born_wage_salary_adults,123,accrual,low,2740484.110035,-55.048611,-20087.184822
india_born_wage_salary_adults,123,accrual,high,2740484.110035,-50.608823,-18467.110580
india_born_wage_salary_adults,123,cash,low,2740484.110035,-86.280397,-31483.633302
india_born_wage_salary_adults,123,cash,high,2740484.110035,-81.840609,-29863.559060
india_born_wage_salary_adults,124,accrual,low,2641163.100688,-56.420010,-21361.804550
india_born_wage_salary_adults,124,accrual,high,2641163.100688,-52.106476,-19728.609546
india_born_wage_salary_adults,124,cash,low,2641163.100688,-87.248607,-33034.160971
india_born_wage_salary_adults,124,cash,high,2641163.100688,-82.935073,-31400.965967
india_born_wage_salary_adults,125,accrual,low,2601554.621901,-56.568308,-21744.040000
india_born_wage_salary_adults,125,accrual,high,2601554.621901,-52.291370,-20100.046781
india_born_wage_salary_adults,125,cash,low,2601554.621901,-86.982043,-33434.640197
india_born_wage_salary_adults,125,cash,high,2601554.621901,-82.705105,-31790.646978
india_born_wage_salary_adults,126,accrual,low,2664705.647066,-56.059486,-21037.777934
india_born_wage_salary_adults,126,accrual,high,2664705.647066,-51.674458,-19392.182305
india_born_wage_salary_adults,126,cash,low,2664705.647066,-87.293542,-32759.168623
india_born_wage_salary_adults,126,cash,high,2664705.647066,-82.908514,-31113.572994
india_born_wage_salary_adults,127,accrual,low,2711773.957271,-59.403982,-21905.948866
india_born_wage_salary_adults,127,accrual,high,2711773.957271,-54.973540,-20272.169098
india_born_wage_salary_adults,127,cash,low,2711773.957271,-91.268985,-33656.560660
india_born_wage_salary_adults,127,cash,high,2711773.957271,-86.838543,-32022.780892
india_born_wage_salary_adults,128,accrual,low,2859230.834855,-57.702942,-20181.281392
india_born_wage_salary_adults,128,accrual,high,2859230.834855,-53.074091,-18562.366770
india_born_wage_salary_adults,128,cash,low,2859230.834855,-90.245162,-31562.740944
india_born_wage_salary_adults,128,cash,high,2859230.834855,-85.616312,-29943.826322
india_born_wage_salary_adults,129,accrual,low,2753119.055990,-57.665357,-20945.464252
india_born_wage_salary_adults,129,accrual,high,2753119.055990,-53.175941,-19314.798993
india_born_wage_salary_adults,129,cash,low,2753119.055990,-89.822933,-32625.880543
india_born_wage_salary_adults,129,cash,high,2753119.055990,-85.333518,-30995.215284
india_born_wage_salary_adults,130,accrual,low,2613321.023300,-57.396350,-21962.992357
india_born_wage_salary_adults,130,accrual,high,2613321.023300,-53.097857,-20318.153217
india_born_wage_salary_adults,130,cash,low,2613321.023300,-87.968135,-33661.434530
india_born_wage_salary_adults,130,cash,high,2613321.023300,-83.669642,-32016.595390
india_born_wage_salary_adults,131,accrual,low,2660671.386239,-60.293056,-22660.842839
india_born_wage_salary_adults,131,accrual,high,2660671.386239,-55.872030,-20999.222383
india_born_wage_salary_adults,131,cash,low,2660671.386239,-92.055299,-34598.522383
india_born_wage_salary_adults,131,cash,high,2660671.386239,-87.634273,-32936.901926
india_born_wage_salary_adults,132,accrual,low,2653244.837484,-54.178855,-20419.847377
india_born_wage_salary_adults,132,accrual,high,2653244.837484,-49.895820,-18805.584567
india_born_wage_salary_adults,132,cash,low,2653244.837484,-84.493649,-31845.402064
india_born_wage_salary_adults,132,cash,high,2653244.837484,-80.210614,-30231.139253
india_born_wage_salary_adults,133,accrual,low,2655932.712120,-54.002564,-20332.805898
india_born_wage_salary_adults,133,accrual,high,2655932.712120,-49.678756,-18704.824875
india_born_wage_salary_adults,133,cash,low,2655932.712120,-84.345553,-31757.413177
india_born_wage_salary_adults,133,cash,high,2655932.712120,-80.021744,-30129.432154
india_born_wage_salary_adults,134,accrual,low,2694546.428533,-53.659651,-19914.168180
india_born_wage_salary_adults,134,accrual,high,2694546.428533,-49.277594,-18287.899298
india_born_wage_salary_adults,134,cash,low,2694546.428533,-84.613665,-31401.820966
india_born_wage_salary_adults,134,cash,high,2694546.428533,-80.231608,-29775.552084
india_born_wage_salary_adults,135,accrual,low,2648053.982147,-58.008002,-21905.898587
india_born_wage_salary_adults,135,accrual,high,2648053.982147,-53.677082,-20270.388034
india_born_wage_salary_adults,135,cash,low,2648053.982147,-89.199735,-33685.013824
india_born_wage_salary_adults,135,cash,high,2648053.982147,-84.868815,-32049.503271
india_born_wage_salary_adults,136,accrual,low,2767156.403220,-59.524445,-21511.051766
india_born_wage_salary_adults,136,accrual,high,2767156.403220,-55.033722,-19888.186210
india_born_wage_salary_adults,136,cash,low,2767156.403220,-91.607965,-33105.452505
india_born_wage_salary_adults,136,cash,high,2767156.403220,-87.117242,-31482.586949
india_born_wage_salary_adults,137,accrual,low,2761364.556224,-54.144811,-19607.990987
india_born_wage_salary_adults,137,accrual,high,2761364.556224,-49.711731,-18002.596085
india_born_wage_salary_adults,137,cash,low,2761364.556224,-85.494727,-30961.043002
india_born_wage_salary_adults,137,cash,high,2761364.556224,-81.061646,-29355.648099
india_born_wage_salary_adults,138,accrual,low,2719805.647374,-58.709830,-21586.038875
india_born_wage_salary_adults,138,accrual,high,2719805.647374,-54.244296,-19944.180906
india_born_wage_salary_adults,138,cash,low,2719805.647374,-90.581241,-33304.306658
india_born_wage_salary_adults,138,cash,high,2719805.647374,-86.115707,-31662.448689
india_born_wage_salary_adults,139,accrual,low,2608951.643778,-55.134393,-21132.776957
india_born_wage_salary_adults,139,accrual,high,2608951.643778,-50.891057,-19506.324239
india_born_wage_salary_adults,139,cash,low,2608951.643778,-85.346917,-32713.107900
india_born_wage_salary_adults,139,cash,high,2608951.643778,-81.103580,-31086.655182
india_born_wage_salary_adults,140,accrual,low,2655188.022215,-57.168454,-21530.849620
india_born_wage_salary_adults,140,accrual,high,2655188.022215,-52.808671,-19888.863145
india_born_wage_salary_adults,140,cash,low,2655188.022215,-88.147258,-33198.122708
india_born_wage_salary_adults,140,cash,high,2655188.022215,-83.787475,-31556.136233
india_born_wage_salary_adults,141,accrual,low,2721690.059286,-57.644244,-21179.577079
india_born_wage_salary_adults,141,accrual,high,2721690.059286,-53.189839,-19542.944836
india_born_wage_salary_adults,141,cash,low,2721690.059286,-89.683621,-32951.445294
india_born_wage_salary_adults,141,cash,high,2721690.059286,-85.229215,-31314.813051
india_born_wage_salary_adults,142,accrual,low,2690075.570452,-57.461008,-21360.369386
india_born_wage_salary_adults,142,accrual,high,2690075.570452,-53.077979,-19731.036304
india_born_wage_salary_adults,142,cash,low,2690075.570452,-88.809727,-33013.840822
india_born_wage_salary_adults,142,cash,high,2690075.570452,-84.426698,-31384.507740
india_born_wage_salary_adults,143,accrual,low,2744277.702170,-57.791926,-21059.066291
india_born_wage_salary_adults,143,accrual,high,2744277.702170,-53.341192,-19437.242876
india_born_wage_salary_adults,143,cash,low,2744277.702170,-89.455832,-32597.223005
india_born_wage_salary_adults,143,cash,high,2744277.702170,-85.005098,-30975.399589
india_born_wage_salary_adults,144,accrual,low,2751829.295728,-56.800260,-20640.909872
india_born_wage_salary_adults,144,accrual,high,2751829.295728,-52.296611,-19004.307969
india_born_wage_salary_adults,144,cash,low,2751829.295728,-88.870155,-32294.937437
india_born_wage_salary_adults,144,cash,high,2751829.295728,-84.366506,-30658.335534
india_born_wage_salary_adults,145,accrual,low,2603735.967036,-55.109786,-21165.658481
india_born_wage_salary_adults,145,accrual,high,2603735.967036,-50.866317,-19535.896574
india_born_wage_salary_adults,145,cash,low,2603735.967036,-84.780297,-32561.019232
india_born_wage_salary_adults,145,cash,high,2603735.967036,-80.536827,-30931.257325
india_born_wage_salary_adults,146,accrual,low,2643988.788425,-51.251826,-19384.282546
india_born_wage_salary_adults,146,accrual,high,2643988.788425,-46.993727,-17773.799651
india_born_wage_salary_adults,146,cash,low,2643988.788425,-81.186571,-30706.094989
india_born_wage_salary_adults,146,cash,high,2643988.788425,-76.928472,-29095.612095
india_born_wage_salary_adults,147,accrual,low,2721277.825856,-56.618232,-20805.752149
india_born_wage_salary_adults,147,accrual,high,2721277.825856,-52.185935,-19176.996550
india_born_wage_salary_adults,147,cash,low,2721277.825856,-88.170401,-32400.367169
india_born_wage_salary_adults,147,cash,high,2721277.825856,-83.738104,-30771.611571
india_born_wage_salary_adults,148,accrual,low,2646614.760245,-55.015367,-20787.070123
india_born_wage_salary_adults,148,accrual,high,2646614.760245,-50.684753,-19150.786055
india_born_wage_salary_adults,148,cash,low,2646614.760245,-86.402320,-32646.353088
india_born_wage_salary_adults,148,cash,high,2646614.760245,-82.071706,-31010.069019
india_born_wage_salary_adults,149,accrual,low,2666306.775433,-58.110178,-21794.258191
india_born_wage_salary_adults,149,accrual,high,2666306.775433,-53.738734,-20154.745332
india_born_wage_salary_adults,149,cash,low,2666306.775433,-89.049996,-33398.255732
india_born_wage_salary_adults,149,cash,high,2666306.775433,-84.678551,-31758.742872
india_born_wage_salary_adults,150,accrual,low,2675465.398871,-58.717762,-21946.746842
india_born_wage_salary_adults,150,accrual,high,2675465.398871,-54.313499,-20300.580024
india_born_wage_salary_adults,150,cash,low,2675465.398871,-89.743505,-33543.137886
india_born_wage_salary_adults,150,cash,high,2675465.398871,-85.339242,-31896.971069
india_born_wage_salary_adults,151,accrual,low,2668387.219970,-56.716218,-21254.868042
india_born_wage_salary_adults,151,accrual,high,2668387.219970,-52.362779,-19623.381117
india_born_wage_salary_adults,151,cash,low,2668387.219970,-88.032714,-32990.981580
india_born_wage_salary_adults,151,cash,high,2668387.219970,-83.679275,-31359.494654
india_born_wage_salary_adults,152,accrual,low,2766304.355348,-56.978998,-20597.515746
india_born_wage_salary_adults,152,accrual,high,2766304.355348,-52.473884,-18968.948206
india_born_wage_salary_adults,152,cash,low,2766304.355348,-89.076945,-32200.703097
india_born_wage_salary_adults,152,cash,high,2766304.355348,-84.571832,-30572.135557
india_born_wage_salary_adults,153,accrual,low,2713134.020785,-57.568176,-21218.331045
india_born_wage_salary_adults,153,accrual,high,2713134.020785,-53.169778,-19597.180745
india_born_wage_salary_adults,153,cash,low,2713134.020785,-88.755430,-32713.249575
india_born_wage_salary_adults,153,cash,high,2713134.020785,-84.357032,-31092.099275
india_born_wage_salary_adults,154,accrual,low,2692222.476427,-53.950725,-20039.475072
india_born_wage_salary_adults,154,accrual,high,2692222.476427,-49.589726,-18419.623963
india_born_wage_salary_adults,154,cash,low,2692222.476427,-85.365729,-31708.274235
india_born_wage_salary_adults,154,cash,high,2692222.476427,-81.004729,-30088.423125
india_born_wage_salary_adults,155,accrual,low,2673480.290297,-57.590219,-21541.291767
india_born_wage_salary_adults,155,accrual,high,2673480.290297,-53.190741,-19895.692207
india_born_wage_salary_adults,155,cash,low,2673480.290297,-89.217760,-33371.392536
india_born_wage_salary_adults,155,cash,high,2673480.290297,-84.818282,-31725.792976
india_born_wage_salary_adults,156,accrual,low,2694112.564706,-56.743766,-21062.136387
india_born_wage_salary_adults,156,accrual,high,2694112.564706,-52.344961,-19429.389095
india_born_wage_salary_adults,156,cash,low,2694112.564706,-87.519732,-32485.551346
india_born_wage_salary_adults,156,cash,high,2694112.564706,-83.120927,-30852.804054
india_born_wage_salary_adults,157,accrual,low,2725229.288610,-54.394444,-19959.584285
india_born_wage_salary_adults,157,accrual,high,2725229.288610,-49.975813,-18338.204698
india_born_wage_salary_adults,157,cash,low,2725229.288610,-85.652251,-31429.374072
india_born_wage_salary_adults,157,cash,high,2725229.288610,-81.233620,-29807.994485
india_born_wage_salary_adults,158,accrual,low,2678844.816904,-57.291081,-21386.487467
india_born_wage_salary_adults,158,accrual,high,2678844.816904,-52.876973,-19738.721785
india_born_wage_salary_adults,158,cash,low,2678844.816904,-88.462028,-33022.453329
india_born_wage_salary_adults,158,cash,high,2678844.816904,-84.047919,-31374.687647
india_born_wage_salary_adults,159,accrual,low,2634654.397641,-56.401886,-21407.697987
india_born_wage_salary_adults,159,accrual,high,2634654.397641,-52.119572,-19782.318354
india_born_wage_salary_adults,159,cash,low,2634654.397641,-87.151471,-33078.900532
india_born_wage_salary_adults,159,cash,high,2634654.397641,-82.869157,-31453.520900
india_born_wage_salary_adults,160,accrual,low,2695577.708563,-54.835664,-20342.824331
india_born_wage_salary_adults,160,accrual,high,2695577.708563,-50.446995,-18714.724770
india_born_wage_salary_adults,160,cash,low,2695577.708563,-86.295816,-32013.848254
india_born_wage_salary_adults,160,cash,high,2695577.708563,-81.907147,-30385.748693
india_born_other,0,accrual,low,1435854.551707,1.434599,999.125579
india_born_other,0,accrual,high,1435854.551707,2.887291,2010.852301
india_born_other,0,cash,low,1435854.551707,8.840190,6156.744430
india_born_other,0,cash,high,1435854.551707,10.292882,7168.471152
india_born_other,1,accrual,low,1424801.600021,1.269280,890.846568
india_born_other,1,accrual,high,1424801.600021,2.710245,1902.191262
india_born_other,1,cash,low,1424801.600021,8.641714,6065.204853
india_born_other,1,cash,high,1424801.600021,10.082679,7076.549547
india_born_other,2,accrual,low,1416457.979437,1.641261,1158.707812
india_born_other,2,accrual,high,1416457.979437,3.048054,2151.884808
india_born_other,2,cash,low,1416457.979437,9.995496,7056.683931
india_born_other,2,cash,high,1416457.979437,11.402290,8049.860927
india_born_other,3,accrual,low,1398886.091278,-0.326402,-233.329862
india_born_other,3,accrual,high,1398886.091278,1.081298,772.971052
india_born_other,3,cash,low,1398886.091278,6.547516,4680.521384
india_born_other,3,cash,high,1398886.091278,7.955217,5686.822297
india_born_other,4,accrual,low,1492164.547753,1.623596,1088.081374
india_born_other,4,accrual,high,1492164.547753,3.147784,2109.542221
india_born_other,4,cash,low,1492164.547753,9.811051,6575.046513
india_born_other,4,cash,high,1492164.547753,11.335239,7596.507359
india_born_other,5,accrual,low,1383006.034287,2.186727,1581.140768
india_born_other,5,accrual,high,1383006.034287,3.587118,2593.710900
india_born_other,5,cash,low,1383006.034287,9.704211,7016.752320
india_born_other,5,cash,high,1383006.034287,11.104601,8029.322453
india_born_other,6,accrual,low,1437164.702713,2.313372,1609.677432
india_born_other,6,accrual,high,1437164.702713,3.779950,2630.143875
india_born_other,6,cash,low,1437164.702713,9.543055,6640.195576
india_born_other,6,cash,high,1437164.702713,11.009633,7660.662019
india_born_other,7,accrual,low,1419686.488511,0.465561,327.932590
india_born_other,7,accrual,high,1419686.488511,1.891772,1332.527860
india_born_other,7,cash,low,1419686.488511,7.694074,5419.558727
india_born_other,7,cash,high,1419686.488511,9.120285,6424.153997
india_born_other,8,accrual,low,1387474.505625,0.850828,613.220406
india_born_other,8,accrual,high,1387474.505625,2.246880,1619.402886
india_born_other,8,cash,low,1387474.505625,8.745902,6303.468456
india_born_other,8,cash,high,1387474.505625,10.141954,7309.650936
india_born_other,9,accrual,low,1383565.654866,2.478775,1791.584883
india_born_other,9,accrual,high,1383565.654866,3.898128,2817.450734
india_born_other,9,cash,low,1383565.654866,9.668683,6988.235834
india_born_other,9,cash,high,1383565.654866,11.088036,8014.101685
india_born_other,10,accrual,low,1463532.225864,1.341798,916.821950
india_born_other,10,accrual,high,1463532.225864,2.818043,1925.507982
india_born_other,10,cash,low,1463532.225864,9.069628,6197.081399
india_born_other,10,cash,high,1463532.225864,10.545873,7205.767431
india_born_other,11,accrual,low,1402327.188255,1.363854,972.564777
india_born_other,11,accrual,high,1402327.188255,2.807087,2001.734766
india_born_other,11,cash,low,1402327.188255,8.413015,5999.324212
india_born_other,11,cash,high,1402327.188255,9.856249,7028.494201
india_born_other,12,accrual,low,1457289.498190,-1.261410,-865.586095
india_born_other,12,accrual,high,1457289.498190,0.204897,140.601734
india_born_other,12,cash,low,1457289.498190,5.662046,3885.327029
india_born_other,12,cash,high,1457289.498190,7.128353,4891.514857
india_born_other,13,accrual,low,1440948.174557,0.297330,206.343265
india_born_other,13,accrual,high,1440948.174557,1.732099,1202.055178
india_born_other,13,cash,low,1440948.174557,8.271572,5740.367589
india_born_other,13,cash,high,1440948.174557,9.706341,6736.079501
india_born_other,14,accrual,low,1343194.363943,0.583984,434.772248
india_born_other,14,accrual,high,1343194.363943,1.945851,1448.674152
india_born_other,14,cash,low,1343194.363943,7.211734,5369.092286
india_born_other,14,cash,high,1343194.363943,8.573602,6382.994190
india_born_other,15,accrual,low,1404290.138087,0.439098,312.683564
india_born_other,15,accrual,high,1404290.138087,1.870113,1331.713986
india_born_other,15,cash,low,1404290.138087,7.025369,5002.790068
india_born_other,15,cash,high,1404290.138087,8.456383,6021.820490
india_born_other,16,accrual,low,1506117.128332,4.125149,2738.929892
india_born_other,16,accrual,high,1506117.128332,5.628179,3736.879921
india_born_other,16,cash,low,1506117.128332,12.184574,8090.057717
india_born_other,16,cash,high,1506117.128332,13.687604,9088.007746
india_born_other,17,accrual,low,1506437.984394,1.509355,1001.936551
india_born_other,17,accrual,high,1506437.984394,3.054458,2027.603150
india_born_other,17,cash,low,1506437.984394,9.246930,6138.274578
india_born_other,17,cash,high,1506437.984394,10.792033,7163.941177
india_born_other,18,accrual,low,1445525.689526,2.339151,1618.201206
india_born_other,18,accrual,high,1445525.689526,3.791162,2622.687335
india_born_other,18,cash,low,1445525.689526,10.694119,7398.083189
india_born_other,18,cash,high,1445525.689526,12.146130,8402.569318
india_born_other,19,accrual,low,1451245.801756,0.877741,604.818831
india_born_other,19,accrual,high,1451245.801756,2.330656,1605.968845
india_born_other,19,cash,low,1451245.801756,8.120902,5595.814471
india_born_other,19,cash,high,1451245.801756,9.573817,6596.964485
india_born_other,20,accrual,low,1422434.120902,0.895222,629.359135
india_born_other,20,accrual,high,1422434.120902,2.341303,1645.983273
india_born_other,20,cash,low,1422434.120902,7.931433,5575.958094
india_born_other,20,cash,high,1422434.120902,9.377514,6592.582232
india_born_other,21,accrual,low,1413195.017952,-1.659831,-1174.523466
india_born_other,21,accrual,high,1413195.017952,-0.247119,-174.865746
india_born_other,21,cash,low,1413195.017952,6.539217,4627.257295
india_born_other,21,cash,high,1413195.017952,7.951928,5626.915015
india_born_other,22,accrual,low,1497186.494250,0.386511,258.158465
india_born_other,22,accrual,high,1497186.494250,1.897582,1267.431978
india_born_other,22,cash,low,1497186.494250,8.101093,5410.877702
india_born_other,22,cash,high,1497186.494250,9.612164,6420.151216
india_born_other,23,accrual,low,1433258.373315,1.831813,1278.075932
india_born_other,23,accrual,high,1433258.373315,3.277539,2286.774381
india_born_other,23,cash,low,1433258.373315,9.547260,6661.227099
india_born_other,23,cash,high,1433258.373315,10.992985,7669.925548
india_born_other,24,accrual,low,1476075.925861,-0.287117,-194.513375
india_born_other,24,accrual,high,1476075.925861,1.212246,821.262856
india_born_other,24,cash,low,1476075.925861,7.274654,4928.373876
india_born_other,24,cash,high,1476075.925861,8.774017,5944.150107
india_born_other,25,accrual,low,1473305.651626,2.534033,1719.964362
india_born_other,25,accrual,high,1473305.651626,3.988181,2706.961268
india_born_other,25,cash,low,1473305.651626,10.115750,6866.022466
india_born_other,25,cash,high,1473305.651626,11.569898,7853.019373
india_born_other,26,accrual,low,1451073.149758,2.266141,1561.700132
india_born_other,26,accrual,high,1451073.149758,3.744412,2580.442984
india_born_other,26,cash,low,1451073.149758,10.096424,6957.901554
india_born_other,26,cash,high,1451073.149758,11.574695,7976.644405
india_born_other,27,accrual,low,1419121.397857,2.507166,1766.703273
india_born_other,27,accrual,high,1419121.397857,3.933636,2771.881222
india_born_other,27,cash,low,1419121.397857,9.376561,6607.299946
india_born_other,27,cash,high,1419121.397857,10.803030,7612.477895
india_born_other,28,accrual,low,1483922.708239,5.117154,3448.396477
india_born_other,28,accrual,high,1483922.708239,6.649089,4480.751727
india_born_other,28,cash,low,1483922.708239,11.954122,8055.757739
india_born_other,28,cash,high,1483922.708239,13.486057,9088.112989
india_born_other,29,accrual,low,1535219.852111,2.705531,1762.308247
india_born_other,29,accrual,high,1535219.852111,4.236440,2759.500671
india_born_other,29,cash,low,1535219.852111,11.346565,7390.840559
india_born_other,29,cash,high,1535219.852111,12.877475,8388.032983
india_born_other,30,accrual,low,1533511.360057,0.294745,192.202684
india_born_other,30,accrual,high,1533511.360057,1.852213,1207.824690
india_born_other,30,cash,low,1533511.360057,8.160325,5321.333033
india_born_other,30,cash,high,1533511.360057,9.717793,6336.955038
india_born_other,31,accrual,low,1496865.649804,4.661967,3114.485700
india_born_other,31,accrual,high,1496865.649804,6.189708,4135.112804
india_born_other,31,cash,low,1496865.649804,12.026318,8034.333796
india_born_other,31,cash,high,1496865.649804,13.554060,9054.960900
india_born_other,32,accrual,low,1418199.501497,1.938913,1367.164999
india_born_other,32,accrual,high,1418199.501497,3.366299,2373.642690
india_born_other,32,cash,low,1418199.501497,9.472499,6679.242778
india_born_other,32,cash,high,1418199.501497,10.899885,7685.720469
india_born_other,33,accrual,low,1463554.395997,-2.038529,-1392.861814
india_born_other,33,accrual,high,1463554.395997,-0.570870,-390.056925
india_born_other,33,cash,low,1463554.395997,5.696974,3892.560633
india_born_other,33,cash,high,1463554.395997,7.164634,4895.365522
india_born_other,34,accrual,low,1515397.580573,2.719061,1794.288638
india_born_other,34,accrual,high,1515397.580573,4.284338,2827.204263
india_born_other,34,cash,low,1515397.580573,9.699906,6400.898534
india_born_other,34,cash,high,1515397.580573,11.265184,7433.814159
india_born_other,35,accrual,low,1483782.837830,4.429199,2985.072445
india_born_other,35,accrual,high,1483782.837830,5.939799,4003.145487
india_born_other,35,cash,low,1483782.837830,11.338557,7641.655140
india_born_other,35,cash,high,1483782.837830,12.849156,8659.728181
india_born_other,36,accrual,low,1401065.970634,1.663044,1186.985052
india_born_other,36,accrual,high,1401065.970634,3.065395,2187.902181
india_born_other,36,cash,low,1401065.970634,8.070282,5760.101406
india_born_other,36,cash,high,1401065.970634,9.472633,6761.018535
india_born_other,37,accrual,low,1435919.385734,-0.723170,-503.628528
india_born_other,37,accrual,high,1435919.385734,0.709160,493.871758
india_born_other,37,cash,low,1435919.385734,7.311152,5091.617272
india_born_other,37,cash,high,1435919.385734,8.743482,6089.117558
india_born_other,38,accrual,low,1376477.208791,1.827082,1327.360611
india_born_other,38,accrual,high,1376477.208791,3.253616,2363.726529
india_born_other,38,cash,low,1376477.208791,8.515559,6186.487682
india_born_other,38,cash,high,1376477.208791,9.942093,7222.853600
india_born_other,39,accrual,low,1437856.473314,2.582734,1796.239386
india_born_other,39,accrual,high,1437856.473314,4.043151,2811.929391
india_born_other,39,cash,low,1437856.473314,9.796488,6813.258365
india_born_other,39,cash,high,1437856.473314,11.256904,7828.948370
india_born_other,40,accrual,low,1441351.188842,0.532620,369.528420
india_born_other,40,accrual,high,1441351.188842,1.965806,1363.863168
india_born_other,40,cash,low,1441351.188842,7.972911,5531.553246
india_born_other,40,cash,high,1441351.188842,9.406096,6525.887994
india_born_other,41,accrual,low,1407794.553080,2.456079,1744.628874
india_born_other,41,accrual,high,1407794.553080,3.898666,2769.343298
india_born_other,41,cash,low,1407794.553080,9.785571,6950.993858
india_born_other,41,cash,high,1407794.553080,11.228159,7975.708282
india_born_other,42,accrual,low,1403305.980962,1.357221,967.159426
india_born_other,42,accrual,high,1403305.980962,2.784496,1984.240207
india_born_other,42,cash,low,1403305.980962,7.962188,5673.878817
india_born_other,42,cash,high,1403305.980962,9.389464,6690.959599
india_born_other,43,accrual,low,1478658.483901,3.130278,2116.971925
india_born_other,43,accrual,high,1478658.483901,4.631282,3132.083464
india_born_other,43,cash,low,1478658.483901,10.807919,7309.273315
india_born_other,43,cash,high,1478658.483901,12.308922,8324.384854
india_born_other,44,accrual,low,1333731.809029,1.540650,1155.142552
india_born_other,44,accrual,high,1333731.809029,2.883622,2162.070509
india_born_other,44,cash,low,1333731.809029,8.400977,6298.850335
india_born_other,44,cash,high,1333731.809029,9.743949,7305.778292
india_born_other,45,accrual,low,1415226.710315,1.309459,925.264648
india_born_other,45,accrual,high,1415226.710315,2.768988,1956.568729
india_born_other,45,cash,low,1415226.710315,8.219498,5807.902108
india_born_other,45,cash,high,1415226.710315,9.679027,6839.206189
india_born_other,46,accrual,low,1513906.390163,1.391574,919.194095
india_born_other,46,accrual,high,1513906.390163,2.931186,1936.173935
india_born_other,46,cash,low,1513906.390163,8.262686,5457.857970
india_born_other,46,cash,high,1513906.390163,9.802298,6474.837810
india_born_other,47,accrual,low,1428127.885587,0.462809,324.067115
india_born_other,47,accrual,high,1428127.885587,1.924506,1347.572686
india_born_other,47,cash,low,1428127.885587,7.884701,5521.004741
india_born_other,47,cash,high,1428127.885587,9.346398,6544.510312
india_born_other,48,accrual,low,1443867.175577,0.297465,206.019417
india_born_other,48,accrual,high,1443867.175577,1.744404,1208.147213
india_born_other,48,cash,low,1443867.175577,7.686044,5323.234495
india_born_other,48,cash,high,1443867.175577,9.132983,6325.362292
india_born_other,49,accrual,low,1553224.788229,1.193205,768.211691
india_born_other,49,accrual,high,1553224.788229,2.770332,1783.599961
india_born_other,49,cash,low,1553224.788229,8.959624,5768.401457
india_born_other,49,cash,high,1553224.788229,10.536750,6783.789727
india_born_other,50,accrual,low,1314067.938112,1.275925,970.973519
india_born_other,50,accrual,high,1314067.938112,2.585822,1967.799306
india_born_other,50,cash,low,1314067.938112,8.506650,6473.523366
india_born_other,50,cash,high,1314067.938112,9.816546,7470.349153
india_born_other,51,accrual,low,1388472.485615,-0.327181,-235.640745
india_born_other,51,accrual,high,1388472.485615,1.047031,754.088497
india_born_other,51,cash,low,1388472.485615,7.922629,5706.003484
india_born_other,51,cash,high,1388472.485615,9.296841,6695.732726
india_born_other,52,accrual,low,1447700.142825,1.227832,848.125902
india_born_other,52,accrual,high,1447700.142825,2.694126,1860.969697
india_born_other,52,cash,low,1447700.142825,8.244000,5694.549452
india_born_other,52,cash,high,1447700.142825,9.710294,6707.393248
india_born_other,53,accrual,low,1431840.206632,3.062652,2138.962391
india_born_other,53,accrual,high,1431840.206632,4.521151,3157.580533
india_born_other,53,cash,low,1431840.206632,9.894115,6910.068945
india_born_other,53,cash,high,1431840.206632,11.352613,7928.687087
india_born_other,54,accrual,low,1377715.348644,-1.261152,-915.393705
india_born_other,54,accrual,high,1377715.348644,0.100392,72.868605
india_born_other,54,cash,low,1377715.348644,6.610173,4797.923866
india_born_other,54,cash,high,1377715.348644,7.971718,5786.186176
india_born_other,55,accrual,low,1393285.618355,-1.545931,-1109.558158
india_born_other,55,accrual,high,1393285.618355,-0.179420,-128.774918
india_born_other,55,cash,low,1393285.618355,6.356067,4561.926498
india_born_other,55,cash,high,1393285.618355,7.722578,5542.709739
india_born_other,56,accrual,low,1437295.913407,2.213363,1539.949420
india_born_other,56,accrual,high,1437295.913407,3.683691,2562.931604
india_born_other,56,cash,low,1437295.913407,9.585690,6669.252777
india_born_other,56,cash,high,1437295.913407,11.056018,7692.234961
india_born_other,57,accrual,low,1341914.301832,0.480164,357.819931
india_born_other,57,accrual,high,1341914.301832,1.850165,1378.750405
india_born_other,57,cash,low,1341914.301832,7.969335,5938.780734
india_born_other,57,cash,high,1341914.301832,9.339336,6959.711208
india_born_other,58,accrual,low,1477108.124354,0.952032,644.523968
india_born_other,58,accrual,high,1477108.124354,2.419880,1638.254858
india_born_other,58,cash,low,1477108.124354,8.729039,5909.546575
india_born_other,58,cash,high,1477108.124354,10.196887,6903.277465
india_born_other,59,accrual,low,1362858.653361,2.105498,1544.913217
india_born_other,59,accrual,high,1362858.653361,3.496711,2565.718133
india_born_other,59,cash,low,1362858.653361,9.447665,6932.240914
india_born_other,59,cash,high,1362858.653361,10.838877,7953.045829
india_born_other,60,accrual,low,1431947.364706,1.380173,963.843180
india_born_other,60,accrual,high,1431947.364706,2.858039,1995.910944
india_born_other,60,cash,low,1431947.364706,8.710658,6083.085227
india_born_other,60,cash,high,1431947.364706,10.188525,7115.152991
india_born_other,61,accrual,low,1437401.737605,2.373173,1651.015803
india_born_other,61,accrual,high,1437401.737605,3.822402,2659.243767
india_born_other,61,cash,low,1437401.737605,9.704813,6751.635935
india_born_other,61,cash,high,1437401.737605,11.154042,7759.863899
india_born_other,62,accrual,low,1398521.021720,2.047364,1463.949096
india_born_other,62,accrual,high,1398521.021720,3.476969,2486.175567
india_born_other,62,cash,low,1398521.021720,9.100918,6507.530091
india_born_other,62,cash,high,1398521.021720,10.530523,7529.756561
india_born_other,63,accrual,low,1359197.465524,3.658249,2691.476905
india_born_other,63,accrual,high,1359197.465524,5.056243,3720.020961
india_born_other,63,cash,low,1359197.465524,10.796786,7943.500385
india_born_other,63,cash,high,1359197.465524,12.194780,8972.044440
india_born_other,64,accrual,low,1392185.400948,1.541480,1107.237566
india_born_other,64,accrual,high,1392185.400948,2.945039,2115.406911
india_born_other,64,cash,low,1392185.400948,8.175466,5872.397340
india_born_other,64,cash,high,1392185.400948,9.579024,6880.566685
india_born_other,65,accrual,low,1603491.575097,1.089906,679.707790
india_born_other,65,accrual,high,1603491.575097,2.707803,1688.691947
india_born_other,65,cash,low,1603491.575097,8.907811,5555.259056
india_born_other,65,cash,high,1603491.575097,10.525709,6564.243213
india_born_other,66,accrual,low,1350751.854024,2.678272,1982.800644
india_born_other,66,accrual,high,1350751.854024,4.039670,2990.682243
india_born_other,66,cash,low,1350751.854024,9.829830,7277.302479
india_born_other,66,cash,high,1350751.854024,11.191228,8285.184079
india_born_other,67,accrual,low,1407459.371934,0.995569,707.352212
india_born_other,67,accrual,high,1407459.371934,2.424754,1722.788186
india_born_other,67,cash,low,1407459.371934,8.029796,5705.170370
india_born_other,67,cash,high,1407459.371934,9.458980,6720.606344
india_born_other,68,accrual,low,1425337.154633,3.532678,2478.485551
india_born_other,68,accrual,high,1425337.154633,4.962581,3481.689132
india_born_other,68,cash,low,1425337.154633,10.768509,7555.061093
india_born_other,68,cash,high,1425337.154633,12.198413,8558.264674
india_born_other,69,accrual,low,1386277.553949,-2.194865,-1583.279573
india_born_other,69,accrual,high,1386277.553949,-0.807577,-582.550697
india_born_other,69,cash,low,1386277.553949,5.709961,4118.916014
india_born_other,69,cash,high,1386277.553949,7.097249,5119.644890
india_born_other,70,accrual,low,1479134.232920,1.078785,729.335660
india_born_other,70,accrual,high,1479134.232920,2.579145,1743.685674
india_born_other,70,cash,low,1479134.232920,7.846524,5304.808392
india_born_other,70,cash,high,1479134.232920,9.346884,6319.158406
india_born_other,71,accrual,low,1431392.172388,-0.487572,-340.627752
india_born_other,71,accrual,high,1431392.172388,0.946251,661.070166
india_born_other,71,cash,low,1431392.172388,7.307069,5104.868384
india_born_other,71,cash,high,1431392.172388,8.740891,6106.566302
india_born_other,72,accrual,low,1428399.134537,0.867474,607.305038
india_born_other,72,accrual,high,1428399.134537,2.319536,1623.871008
india_born_other,72,cash,low,1428399.134537,7.853978,5498.447605
india_born_other,72,cash,high,1428399.134537,9.306040,6515.013575
india_born_other,73,accrual,low,1530692.518489,2.246823,1467.847624
india_born_other,73,accrual,high,1530692.518489,3.801718,2483.659152
india_born_other,73,cash,low,1530692.518489,9.957145,6504.993511
india_born_other,73,cash,high,1530692.518489,11.512040,7520.805039
india_born_other,74,accrual,low,1404083.614478,2.964410,2111.277744
india_born_other,74,accrual,high,1404083.614478,4.394717,3129.953941
india_born_other,74,cash,low,1404083.614478,10.224465,7281.948998
india_born_other,74,cash,high,1404083.614478,11.654772,8300.625195
india_born_other,75,accrual,low,1483912.346242,2.547980,1717.069274
india_born_other,75,accrual,high,1483912.346242,4.041324,2723.424898
india_born_other,75,cash,low,1483912.346242,10.147046,6838.035849
india_born_other,75,cash,high,1483912.346242,11.640389,7844.391473
india_born_other,76,accrual,low,1391649.083690,0.088657,63.706217
india_born_other,76,accrual,high,1391649.083690,1.520424,1092.533702
india_born_other,76,cash,low,1391649.083690,7.511523,5397.569617
india_born_other,76,cash,high,1391649.083690,8.943290,6426.397102
india_born_other,77,accrual,low,1474156.714911,1.841930,1249.480172
india_born_other,77,accrual,high,1474156.714911,3.317012,2250.108269
india_born_other,77,cash,low,1474156.714911,9.014952,6115.327865
india_born_other,77,cash,high,1474156.714911,10.490034,7115.955962
india_born_other,78,accrual,low,1446084.810914,0.841927,582.211304
india_born_other,78,accrual,high,1446084.810914,2.307252,1595.516203
india_born_other,78,cash,low,1446084.810914,8.654248,5984.606284
india_born_other,78,cash,high,1446084.810914,10.119573,6997.911183
india_born_other,79,accrual,low,1437903.427655,0.158995,110.574038
india_born_other,79,accrual,high,1437903.427655,1.626262,1130.995341
india_born_other,79,cash,low,1437903.427655,7.972513,5544.540206
india_born_other,79,cash,high,1437903.427655,9.439781,6564.961509
india_born_other,80,accrual,low,1403279.001998,2.840691,2024.323969
india_born_other,80,accrual,high,1403279.001998,4.250702,3029.121384
india_born_other,80,cash,low,1403279.001998,9.806710,6988.424678
india_born_other,80,cash,high,1403279.001998,11.216721,7993.222093
india_born_other,81,accrual,low,1403316.780065,1.656248,1180.238249
india_born_other,81,accrual,high,1403316.780065,3.055720,2177.498493
india_born_other,81,cash,low,1403316.780065,8.829112,6291.602939
india_born_other,81,cash,high,1403316.780065,10.228584,7288.863183
india_born_other,82,accrual,low,1523744.007471,0.070289,46.128830
india_born_other,82,accrual,high,1523744.007471,1.598226,1048.880770
india_born_other,82,cash,low,1523744.007471,8.074024,5298.806184
india_born_other,82,cash,high,1523744.007471,9.601961,6301.558123
india_born_other,83,accrual,low,1342280.173986,0.811257,604.387026
india_born_other,83,accrual,high,1342280.173986,2.168740,1615.713075
india_born_other,83,cash,low,1342280.173986,8.241407,6139.855670
india_born_other,83,cash,high,1342280.173986,9.598889,7151.181719
india_born_other,84,accrual,low,1426753.836197,1.910832,1339.286431
india_born_other,84,accrual,high,1426753.836197,3.359494,2354.641899
india_born_other,84,cash,low,1426753.836197,9.060811,6350.647883
india_born_other,84,cash,high,1426753.836197,10.509474,7366.003352
india_born_other,85,accrual,low,1501376.214398,-0.929682,-619.219894
india_born_other,85,accrual,high,1501376.214398,0.572274,381.166290
india_born_other,85,cash,low,1501376.214398,6.879306,4582.000350
india_born_other,85,cash,high,1501376.214398,8.381262,5582.386534
india_born_other,86,accrual,low,1471621.358799,0.356593,242.312984
india_born_other,86,accrual,high,1471621.358799,1.854713,1260.319720
india_born_other,86,cash,low,1471621.358799,7.820187,5313.993938
india_born_other,86,cash,high,1471621.358799,9.318307,6332.000674
india_born_other,87,accrual,low,1362989.948201,0.336043,246.548398
india_born_other,87,accrual,high,1362989.948201,1.702803,1249.314495
india_born_other,87,cash,low,1362989.948201,7.472570,5482.483288
india_born_other,87,cash,high,1362989.948201,8.839330,6485.249384
india_born_other,88,accrual,low,1505921.434997,0.294973,195.875244
india_born_other,88,accrual,high,1505921.434997,1.830309,1215.407822
india_born_other,88,cash,low,1505921.434997,8.220754,5458.952586
india_born_other,88,cash,high,1505921.434997,9.756090,6478.485164
india_born_other,89,accrual,low,1465959.798455,1.908001,1301.537149
india_born_other,89,accrual,high,1465959.798455,3.386955,2310.400959
india_born_other,89,cash,low,1465959.798455,9.228939,6295.492613
india_born_other,89,cash,high,1465959.798455,10.707893,7304.356424
india_born_other,90,accrual,low,1425184.507380,2.610314,1831.561958
india_born_other,90,accrual,high,1425184.507380,4.061302,2849.667405
india_born_other,90,cash,low,1425184.507380,9.714331,6816.192084
india_born_other,90,cash,high,1425184.507380,11.165319,7834.297531
india_born_other,91,accrual,low,1369614.564594,-0.744360,-543.481501
india_born_other,91,accrual,high,1369614.564594,0.640365,467.551524
india_born_other,91,cash,low,1369614.564594,6.289557,4592.209757
india_born_other,91,cash,high,1369614.564594,7.674283,5603.242782
india_born_other,92,accrual,low,1481214.754909,3.308832,2233.863850
india_born_other,92,accrual,high,1481214.754909,4.808486,3246.312819
india_born_other,92,cash,low,1481214.754909,11.273914,7611.262193
india_born_other,92,cash,high,1481214.754909,12.773568,8623.711163
india_born_other,93,accrual,low,1448129.210577,3.335680,2303.441188
india_born_other,93,accrual,high,1448129.210577,4.821001,3329.123681
india_born_other,93,cash,low,1448129.210577,9.853632,6804.387504
india_born_other,93,cash,high,1448129.210577,11.338953,7830.069997
india_born_other,94,accrual,low,1421404.742885,0.971711,683.626912
india_born_other,94,accrual,high,1421404.742885,2.418720,1701.640524
india_born_other,94,cash,low,1421404.742885,8.312681,5848.215460
india_born_other,94,cash,high,1421404.742885,9.759691,6866.229072
india_born_other,95,accrual,low,1364514.466449,2.289669,1678.009844
india_born_other,95,accrual,high,1364514.466449,3.701507,2712.691893
india_born_other,95,cash,low,1364514.466449,8.957022,6564.255525
india_born_other,95,cash,high,1364514.466449,10.368860,7598.937575
india_born_other,96,accrual,low,1397730.332960,0.776458,555.513554
india_born_other,96,accrual,high,1397730.332960,2.177115,1557.607646
india_born_other,96,cash,low,1397730.332960,8.337121,5964.756615
india_born_other,96,cash,high,1397730.332960,9.737779,6966.850707
india_born_other,97,accrual,low,1350920.822079,2.866646,2121.994085
india_born_other,97,accrual,high,1350920.822079,4.230718,3131.728751
india_born_other,97,cash,low,1350920.822079,10.034072,7427.579616
india_born_other,97,cash,high,1350920.822079,11.398144,8437.314283
india_born_other,98,accrual,low,1368962.492991,2.863618,2091.816008
india_born_other,98,accrual,high,1368962.492991,4.279190,3125.863324
india_born_other,98,cash,low,1368962.492991,10.004612,7308.170750
india_born_other,98,cash,high,1368962.492991,11.420184,8342.218066
india_born_other,99,accrual,low,1361016.581240,1.311003,963.252658
india_born_other,99,accrual,high,1361016.581240,2.700019,1983.825446
india_born_other,99,cash,low,1361016.581240,8.191794,6018.878852
india_born_other,99,cash,high,1361016.581240,9.580810,7039.451640
india_born_other,100,accrual,low,1378748.277152,0.338730,245.679305
india_born_other,100,accrual,high,1378748.277152,1.732351,1256.466679
india_born_other,100,cash,low,1378748.277152,7.513840,5449.754618
india_born_other,100,cash,high,1378748.277152,8.907461,6460.541992
india_born_other,101,accrual,low,1442571.901232,-1.265530,-877.273148
india_born_other,101,accrual,high,1442571.901232,0.171418,118.827965
india_born_other,101,cash,low,1442571.901232,7.364806,5105.330457
india_born_other,101,cash,high,1442571.901232,8.801754,6101.431570
india_born_other,102,accrual,low,1414935.464715,-1.318530,-931.865514
india_born_other,102,accrual,high,1414935.464715,0.108931,76.986631
india_born_other,102,cash,low,1414935.464715,6.145978,4343.645378
india_born_other,102,cash,high,1414935.464715,7.573439,5352.497523
india_born_other,103,accrual,low,1440769.750214,1.576520,1094.220703
india_born_other,103,accrual,high,1440769.750214,3.017292,2094.222317
india_born_other,103,cash,low,1440769.750214,8.523296,5915.792959
india_born_other,103,cash,high,1440769.750214,9.964068,6915.794574
india_born_other,104,accrual,low,1439830.293720,1.619958,1125.103286
india_born_other,104,accrual,high,1439830.293720,3.094860,2149.461988
india_born_other,104,cash,low,1439830.293720,8.557054,5943.099156
india_born_other,104,cash,high,1439830.293720,10.031957,6967.457858
india_born_other,105,accrual,low,1473772.660659,3.635595,2466.862707
india_born_other,105,accrual,high,1473772.660659,5.123621,3476.534023
india_born_other,105,cash,low,1473772.660659,11.514793,7813.140283
india_born_other,105,cash,high,1473772.660659,13.002819,8822.811599
india_born_other,106,accrual,low,1472458.086571,2.785356,1891.636835
india_born_other,106,accrual,high,1472458.086571,4.307826,2925.601733
india_born_other,106,cash,low,1472458.086571,9.732799,6609.898732
india_born_other,106,cash,high,1472458.086571,11.255269,7643.863630
india_born_other,107,accrual,low,1412718.747479,3.029154,2144.201459
india_born_other,107,accrual,high,1412718.747479,4.436650,3140.504974
india_born_other,107,cash,low,1412718.747479,10.575316,7485.789884
india_born_other,107,cash,high,1412718.747479,11.982812,8482.093399
india_born_other,108,accrual,low,1399971.331644,0.552424,394.596540
india_born_other,108,accrual,high,1399971.331644,1.972236,1408.768560
india_born_other,108,cash,low,1399971.331644,7.990199,5707.401844
india_born_other,108,cash,high,1399971.331644,9.410011,6721.573864
india_born_other,109,accrual,low,1366431.563350,3.003527,2198.080845
india_born_other,109,accrual,high,1366431.563350,4.415106,3231.121184
india_born_other,109,cash,low,1366431.563350,9.772971,7152.185113
india_born_other,109,cash,high,1366431.563350,11.184550,8185.225452
india_born_other,110,accrual,low,1504015.540693,2.286966,1520.573442
india_born_other,110,accrual,high,1504015.540693,3.797592,2524.968908
india_born_other,110,cash,low,1504015.540693,10.398780,6914.010707
india_born_other,110,cash,high,1504015.540693,11.909406,7918.406173
india_born_other,111,accrual,low,1366482.521779,4.537190,3320.342763
india_born_other,111,accrual,high,1366482.521779,5.960767,4362.124413
india_born_other,111,cash,low,1366482.521779,11.493366,8410.912961
india_born_other,111,cash,high,1366482.521779,12.916942,9452.694610
india_born_other,112,accrual,low,1485886.839342,2.558409,1721.806091
india_born_other,112,accrual,high,1485886.839342,4.027949,2710.804644
india_born_other,112,cash,low,1485886.839342,10.103121,6799.387863
india_born_other,112,cash,high,1485886.839342,11.572661,7788.386416
india_born_other,113,accrual,low,1370155.196556,-0.243648,-177.825291
india_born_other,113,accrual,high,1370155.196556,1.116723,815.033889
india_born_other,113,cash,low,1370155.196556,6.785699,4952.504232
india_born_other,113,cash,high,1370155.196556,8.146071,5945.363411
india_born_other,114,accrual,low,1416315.956665,0.876627,618.948744
india_born_other,114,accrual,high,1416315.956665,2.309912,1630.929629
india_born_other,114,cash,low,1416315.956665,8.081087,5705.709048
india_born_other,114,cash,high,1416315.956665,9.514371,6717.689933
india_born_other,115,accrual,low,1494694.368247,2.924245,1956.416903
india_born_other,115,accrual,high,1494694.368247,4.451488,2978.193094
india_born_other,115,cash,low,1494694.368247,10.281038,6878.354384
india_born_other,115,cash,high,1494694.368247,11.808281,7900.130575
india_born_other,116,accrual,low,1403850.879459,-1.326902,-945.186992
india_born_other,116,accrual,high,1403850.879459,0.102569,73.062596
india_born_other,116,cash,low,1403850.879459,5.202626,3705.967714
india_born_other,116,cash,high,1403850.879459,6.632097,4724.217301
india_born_other,117,accrual,low,1630403.091429,3.048183,1869.588788
india_born_other,117,accrual,high,1630403.091429,4.711516,2889.786257
india_born_other,117,cash,low,1630403.091429,11.958348,7334.595763
india_born_other,117,cash,high,1630403.091429,13.621681,8354.793232
india_born_other,118,accrual,low,1461442.913011,1.304484,892.600295
india_born_other,118,accrual,high,1461442.913011,2.779353,1901.786714
india_born_other,118,cash,low,1461442.913011,8.795068,6018.071775
india_born_other,118,cash,high,1461442.913011,10.269937,7027.258194
india_born_other,119,accrual,low,1476390.191336,0.853153,577.864124
india_born_other,119,accrual,high,1476390.191336,2.314480,1567.661411
india_born_other,119,cash,low,1476390.191336,8.970101,6075.698221
india_born_other,119,cash,high,1476390.191336,10.431428,7065.495508
india_born_other,120,accrual,low,1449740.341776,-0.068057,-46.944599
india_born_other,120,accrual,high,1449740.341776,1.396013,962.939971
india_born_other,120,cash,low,1449740.341776,7.345664,5066.882745
india_born_other,120,cash,high,1449740.341776,8.809735,6076.767315
india_born_other,121,accrual,low,1434427.035280,2.878158,2006.485952
india_born_other,121,accrual,high,1434427.035280,4.344404,3028.668526
india_born_other,121,cash,low,1434427.035280,9.974209,6953.444548
india_born_other,121,cash,high,1434427.035280,11.440455,7975.627121
india_born_other,122,accrual,low,1367064.454797,2.595482,1898.580365
india_born_other,122,accrual,high,1367064.454797,3.991352,2919.651399
india_born_other,122,cash,low,1367064.454797,9.698871,7094.670187
india_born_other,122,cash,high,1367064.454797,11.094741,8115.741221
india_born_other,123,accrual,low,1501151.751659,2.535579,1689.089005
india_born_other,123,accrual,high,1501151.751659,4.076797,2715.779210
india_born_other,123,cash,low,1501151.751659,10.698684,7126.983526
india_born_other,123,cash,high,1501151.751659,12.239902,8153.673731
india_born_other,124,accrual,low,1480693.982830,-0.005314,-3.588802
india_born_other,124,accrual,high,1480693.982830,1.461425,986.986841
india_born_other,124,cash,low,1480693.982830,8.604144,5810.885871
india_born_other,124,cash,high,1480693.982830,10.070883,6801.461515
india_born_other,125,accrual,low,1394484.293988,0.383561,275.055641
india_born_other,125,accrual,high,1394484.293988,1.817095,1303.058985
india_born_other,125,cash,low,1394484.293988,7.044307,5051.549711
india_born_other,125,cash,high,1394484.293988,8.477841,6079.553055
india_born_other,126,accrual,low,1324242.612363,-1.263836,-954.384293
india_born_other,126,accrual,high,1324242.612363,0.058477,44.159071
india_born_other,126,cash,low,1324242.612363,6.072653,4585.755243
india_born_other,126,cash,high,1324242.612363,7.394966,5584.298607
india_born_other,127,accrual,low,1390574.512452,-0.086758,-62.390174
india_born_other,127,accrual,high,1390574.512452,1.321187,950.101894
india_born_other,127,cash,low,1390574.512452,7.277649,5233.555924
india_born_other,127,cash,high,1390574.512452,8.685595,6246.047992
india_born_other,128,accrual,low,1456151.479222,2.282567,1567.534016
india_born_other,128,accrual,high,1456151.479222,3.742584,2570.188772
india_born_other,128,cash,low,1456151.479222,9.121674,6264.234027
india_born_other,128,cash,high,1456151.479222,10.581691,7266.888783
india_born_other,129,accrual,low,1393532.243004,1.579485,1133.439744
india_born_other,129,accrual,high,1393532.243004,2.963631,2126.704119
india_born_other,129,cash,low,1393532.243004,9.244134,6633.598849
india_born_other,129,cash,high,1393532.243004,10.628280,7626.863224
india_born_other,130,accrual,low,1449792.124927,-0.676710,-466.763696
india_born_other,130,accrual,high,1449792.124927,0.773883,533.789216
india_born_other,130,cash,low,1449792.124927,7.365753,5080.557965
india_born_other,130,cash,high,1449792.124927,8.816347,6081.110877
india_born_other,131,accrual,low,1415233.773748,-0.354348,-250.381055
india_born_other,131,accrual,high,1415233.773748,1.067079,753.994564
india_born_other,131,cash,low,1415233.773748,7.030301,4967.589790
india_born_other,131,cash,high,1415233.773748,8.451727,5971.965409
india_born_other,132,accrual,low,1452554.904139,2.108763,1451.761385
india_born_other,132,accrual,high,1452554.904139,3.597755,2476.845857
india_born_other,132,cash,low,1452554.904139,9.543543,6570.177093
india_born_other,132,cash,high,1452554.904139,11.032534,7595.261564
india_born_other,133,accrual,low,1480258.527307,1.946842,1315.203754
india_born_other,133,accrual,high,1480258.527307,3.455670,2334.504573
india_born_other,133,cash,low,1480258.527307,9.274067,6265.167017
india_born_other,133,cash,high,1480258.527307,10.782896,7284.467836
india_born_other,134,accrual,low,1404445.262758,0.263036,187.287987
india_born_other,134,accrual,high,1404445.262758,1.694432,1206.477739
india_born_other,134,cash,low,1404445.262758,7.332355,5220.819590
india_born_other,134,cash,high,1404445.262758,8.763752,6240.009342
india_born_other,135,accrual,low,1458134.725757,0.313059,214.698429
india_born_other,135,accrual,high,1458134.725757,1.769660,1213.646445
india_born_other,135,cash,low,1458134.725757,7.419062,5088.050055
india_born_other,135,cash,high,1458134.725757,8.875663,6086.998071
india_born_other,136,accrual,low,1470671.167156,2.916356,1983.010208
india_born_other,136,accrual,high,1470671.167156,4.421661,3006.560094
india_born_other,136,cash,low,1470671.167156,10.399422,7071.208426
india_born_other,136,cash,high,1470671.167156,11.904728,8094.758313
india_born_other,137,accrual,low,1411304.727332,2.543198,1802.019384
india_born_other,137,accrual,high,1411304.727332,3.941162,2792.566212
india_born_other,137,cash,low,1411304.727332,9.499772,6731.198635
india_born_other,137,cash,high,1411304.727332,10.897736,7721.745464
india_born_other,138,accrual,low,1371612.198027,1.108056,807.849563
india_born_other,138,accrual,high,1371612.198027,2.502975,1824.841657
india_born_other,138,cash,low,1371612.198027,7.716411,5625.796156
india_born_other,138,cash,high,1371612.198027,9.111329,6642.788250
india_born_other,139,accrual,low,1375409.397030,2.185761,1589.171368
india_born_other,139,accrual,high,1375409.397030,3.580229,2603.027964
india_born_other,139,cash,low,1375409.397030,9.434791,6859.623588
india_born_other,139,cash,high,1375409.397030,10.829259,7873.480184
india_born_other,140,accrual,low,1431906.736350,0.173016,120.829009
india_born_other,140,accrual,high,1431906.736350,1.604961,1120.856089
india_born_other,140,cash,low,1431906.736350,7.744540,5408.550442
india_born_other,140,cash,high,1431906.736350,9.176485,6408.577522
india_born_other,141,accrual,low,1496313.789774,2.248849,1502.925894
india_born_other,141,accrual,high,1496313.789774,3.771635,2520.617499
india_born_other,141,cash,low,1496313.789774,9.275066,6198.610492
india_born_other,141,cash,high,1496313.789774,10.797852,7216.302097
india_born_other,142,accrual,low,1350563.415790,2.130693,1577.632813
india_born_other,142,accrual,high,1350563.415790,3.498725,2590.566899
india_born_other,142,cash,low,1350563.415790,9.014396,6674.544771
india_born_other,142,cash,high,1350563.415790,10.382428,7687.478857
india_born_other,143,accrual,low,1443190.038586,0.856764,593.659576
india_born_other,143,accrual,high,1443190.038586,2.303618,1596.198419
india_born_other,143,cash,low,1443190.038586,8.614541,5969.096543
india_born_other,143,cash,high,1443190.038586,10.061395,6971.635386
india_born_other,144,accrual,low,1430294.943904,1.263110,883.111362
india_born_other,144,accrual,high,1430294.943904,2.708274,1893.507696
india_born_other,144,cash,low,1430294.943904,8.780597,6139.011761
india_born_other,144,cash,high,1430294.943904,10.225762,7149.408095
india_born_other,145,accrual,low,1392334.335699,1.271342,913.100930
india_born_other,145,accrual,high,1392334.335699,2.692294,1933.654606
india_born_other,145,cash,low,1392334.335699,9.191145,6601.248793
india_born_other,145,cash,high,1392334.335699,10.612097,7621.802470
india_born_other,146,accrual,low,1465970.325996,3.953820,2697.067107
india_born_other,146,accrual,high,1465970.325996,5.437057,3708.845489
india_born_other,146,cash,low,1465970.325996,11.078701,7557.247850
india_born_other,146,cash,high,1465970.325996,12.561938,8569.026232
india_born_other,147,accrual,low,1558337.440670,2.783816,1786.401379
india_born_other,147,accrual,high,1558337.440670,4.362488,2799.450421
india_born_other,147,cash,low,1558337.440670,10.753680,6900.739317
india_born_other,147,cash,high,1558337.440670,12.332353,7913.788359
india_born_other,148,accrual,low,1419224.445350,1.696039,1195.046199
india_born_other,148,accrual,high,1419224.445350,3.112246,2192.920384
india_born_other,148,cash,low,1419224.445350,9.111808,6420.272478
india_born_other,148,cash,high,1419224.445350,10.528015,7418.146664
india_born_other,149,accrual,low,1495210.298514,0.201173,134.544893
india_born_other,149,accrual,high,1495210.298514,1.731212,1157.838207
india_born_other,149,cash,low,1495210.298514,7.471333,4996.844188
india_born_other,149,cash,high,1495210.298514,9.001372,6020.137502
india_born_other,150,accrual,low,1324079.975575,-0.344126,-259.898311
india_born_other,150,accrual,high,1324079.975575,0.989697,747.459848
india_born_other,150,cash,low,1324079.975575,6.196344,4679.735394
india_born_other,150,cash,high,1324079.975575,7.530167,5687.093553
india_born_other,151,accrual,low,1428225.787260,1.315100,920.792585
india_born_other,151,accrual,high,1428225.787260,2.750557,1925.855547
india_born_other,151,cash,low,1428225.787260,9.253094,6478.733406
india_born_other,151,cash,high,1428225.787260,10.688551,7483.796368
india_born_other,152,accrual,low,1445510.710529,0.125017,86.486232
india_born_other,152,accrual,high,1445510.710529,1.582932,1095.067778
india_born_other,152,cash,low,1445510.710529,7.571414,5237.881515
india_born_other,152,cash,high,1445510.710529,9.029329,6246.463062
india_born_other,153,accrual,low,1467439.897143,3.533308,2407.803992
india_born_other,153,accrual,high,1467439.897143,5.020574,3421.314656
india_born_other,153,cash,low,1467439.897143,11.087270,7555.519208
india_born_other,153,cash,high,1467439.897143,12.574536,8569.029872
india_born_other,154,accrual,low,1490626.917236,4.710599,3160.145915
india_born_other,154,accrual,high,1490626.917236,6.192930,4154.581122
india_born_other,154,cash,low,1490626.917236,12.439401,8345.079758
india_born_other,154,cash,high,1490626.917236,13.921732,9339.514965
india_born_other,155,accrual,low,1426981.620852,0.388586,272.313394
india_born_other,155,accrual,high,1426981.620852,1.821255,1276.298628
india_born_other,155,cash,low,1426981.620852,8.170474,5725.703407
india_born_other,155,cash,high,1426981.620852,9.603142,6729.688641
india_born_other,156,accrual,low,1487542.293770,1.996278,1341.997603
india_born_other,156,accrual,high,1487542.293770,3.506464,2357.219416
india_born_other,156,cash,low,1487542.293770,10.242647,6885.617087
india_born_other,156,cash,high,1487542.293770,11.752832,7900.838900
india_born_other,157,accrual,low,1464931.213607,2.075982,1417.119005
india_born_other,157,accrual,high,1464931.213607,3.581823,2445.044897
india_born_other,157,cash,low,1464931.213607,8.802634,6008.906344
india_born_other,157,cash,high,1464931.213607,10.308475,7036.832236
india_born_other,158,accrual,low,1488941.100180,-2.200408,-1477.834217
india_born_other,158,accrual,high,1488941.100180,-0.721086,-484.294842
india_born_other,158,cash,low,1488941.100180,5.204166,3495.213029
india_born_other,158,cash,high,1488941.100180,6.683488,4488.752404
india_born_other,159,accrual,low,1529141.772597,0.614973,402.168580
india_born_other,159,accrual,high,1529141.772597,2.151643,1407.091954
india_born_other,159,cash,low,1529141.772597,8.251460,5396.137669
india_born_other,159,cash,high,1529141.772597,9.788130,6401.061043
india_born_other,160,accrual,low,1468190.720381,3.662759,2494.743330
india_born_other,160,accrual,high,1468190.720381,5.145635,3504.745762
india_born_other,160,cash,low,1468190.720381,12.010708,8180.618430
india_born_other,160,cash,high,1468190.720381,13.493584,9190.620862
indian_origin_self_employed_households,0,accrual,low,362546.977273,-11.718587,-32322.947479
indian_origin_self_employed_households,0,accrual,high,362546.977273,-11.224935,-30961.326281
indian_origin_self_employed_households,0,cash,low,362546.977273,-13.494212,-37220.589372
indian_origin_self_employed_households,0,cash,high,362546.977273,-13.000561,-35858.968174
indian_origin_self_employed_households,1,accrual,low,363032.242896,-11.519273,-31730.717113
indian_origin_self_employed_households,1,accrual,high,363032.242896,-11.029194,-30380.757013
indian_origin_self_employed_households,1,cash,low,363032.242896,-13.269706,-36552.418578
indian_origin_self_employed_households,1,cash,high,363032.242896,-12.779627,-35202.458479
indian_origin_self_employed_households,2,accrual,low,394267.622137,-14.074403,-35697.587068
indian_origin_self_employed_households,2,accrual,high,394267.622137,-13.533467,-34325.585241
indian_origin_self_employed_households,2,cash,low,394267.622137,-16.073824,-40768.816191
indian_origin_self_employed_households,2,cash,high,394267.622137,-15.532888,-39396.814364
indian_origin_self_employed_households,3,accrual,low,444840.724428,-20.405023,-45870.401664
indian_origin_self_employed_households,3,accrual,high,444840.724428,-19.784044,-44474.444638
indian_origin_self_employed_households,3,cash,low,444840.724428,-22.588010,-50777.748039
indian_origin_self_employed_households,3,cash,high,444840.724428,-21.967032,-49381.791013
indian_origin_self_employed_households,4,accrual,low,352897.366866,-18.631804,-52796.663787
indian_origin_self_employed_households,4,accrual,high,352897.366866,-18.123977,-51357.641847
indian_origin_self_employed_households,4,cash,low,352897.366866,-20.423181,-57872.862466
indian_origin_self_employed_households,4,cash,high,352897.366866,-19.915354,-56433.840526
indian_origin_self_employed_households,5,accrual,low,272558.585722,-4.860054,-17831.228441
indian_origin_self_employed_households,5,accrual,high,272558.585722,-4.499092,-16506.881253
indian_origin_self_employed_households,5,cash,low,272558.585722,-6.304947,-23132.446404
indian_origin_self_employed_households,5,cash,high,272558.585722,-5.943985,-21808.099216
indian_origin_self_employed_households,6,accrual,low,340974.871266,-11.045700,-32394.469992
indian_origin_self_employed_households,6,accrual,high,340974.871266,-10.586205,-31046.876667
indian_origin_self_employed_households,6,cash,low,340974.871266,-12.719300,-37302.749887
indian_origin_self_employed_households,6,cash,high,340974.871266,-12.259805,-35955.156562
indian_origin_self_employed_households,7,accrual,low,375992.277206,-5.154295,-13708.513069
indian_origin_self_employed_households,7,accrual,high,375992.277206,-4.680070,-12447.250434
indian_origin_self_employed_households,7,cash,low,375992.277206,-6.749051,-17949.973085
indian_origin_self_employed_households,7,cash,high,375992.277206,-6.274826,-16688.710450
indian_origin_self_employed_households,8,accrual,low,379270.393192,-10.348741,-27285.918102
indian_origin_self_employed_households,8,accrual,high,379270.393192,-9.847454,-25964.205460
indian_origin_self_employed_households,8,cash,low,379270.393192,-12.243388,-32281.423138
indian_origin_self_employed_households,8,cash,high,379270.393192,-11.742102,-30959.710497
indian_origin_self_employed_households,9,accrual,low,355337.809739,-12.201025,-34336.409718
indian_origin_self_employed_households,9,accrual,high,355337.809739,-11.705802,-32942.743588
indian_origin_self_employed_households,9,cash,low,355337.809739,-14.052406,-39546.609778
indian_origin_self_employed_households,9,cash,high,355337.809739,-13.557183,-38152.943648
indian_origin_self_employed_households,10,accrual,low,304750.857285,-5.238774,-17190.350654
indian_origin_self_employed_households,10,accrual,high,304750.857285,-4.833896,-15861.796714
indian_origin_self_employed_households,10,cash,low,304750.857285,-6.754278,-22163.279015
indian_origin_self_employed_households,10,cash,high,304750.857285,-6.349400,-20834.725075
indian_origin_self_employed_households,11,accrual,low,413544.771229,-11.449645,-27686.590186
indian_origin_self_employed_households,11,accrual,high,413544.771229,-10.887730,-26327.815406
indian_origin_self_employed_households,11,cash,low,413544.771229,-13.313985,-32194.785476
indian_origin_self_employed_households,11,cash,high,413544.771229,-12.752071,-30836.010697
indian_origin_self_employed_households,12,accrual,low,405297.568335,-5.311140,-13104.298006
indian_origin_self_employed_households,12,accrual,high,405297.568335,-4.795354,-11831.687839
indian_origin_self_employed_households,12,cash,low,405297.568335,-7.053004,-17402.038307
indian_origin_self_employed_households,12,cash,high,405297.568335,-6.537218,-16129.428140
indian_origin_self_employed_households,13,accrual,low,405834.134217,-19.514343,-48084.528059
indian_origin_self_employed_households,13,accrual,high,405834.134217,-18.932735,-46651.409956
indian_origin_self_employed_households,13,cash,low,405834.134217,-21.573330,-53157.998967
indian_origin_self_employed_households,13,cash,high,405834.134217,-20.991722,-51724.880865
indian_origin_self_employed_households,14,accrual,low,356681.071927,-17.202822,-48230.262609
indian_origin_self_employed_households,14,accrual,high,356681.071927,-16.693380,-46801.977750
indian_origin_self_employed_households,14,cash,low,356681.071927,-19.098492,-53545.010272
indian_origin_self_employed_households,14,cash,high,356681.071927,-18.589049,-52116.725414
indian_origin_self_employed_households,15,accrual,low,373237.845837,-13.491980,-36148.477317
indian_origin_self_employed_households,15,accrual,high,373237.845837,-12.962491,-34729.841789
indian_origin_self_employed_households,15,cash,low,373237.845837,-15.514591,-41567.572050
indian_origin_self_employed_households,15,cash,high,373237.845837,-14.985103,-40148.936523
indian_origin_self_employed_households,16,accrual,low,345919.078819,-12.101190,-34982.719198
indian_origin_self_employed_households,16,accrual,high,345919.078819,-11.629242,-33618.388596
indian_origin_self_employed_households,16,cash,low,345919.078819,-13.913479,-40221.774551
indian_origin_self_employed_households,16,cash,high,345919.078819,-13.441531,-38857.443949
indian_origin_self_employed_households,17,accrual,low,343887.358119,-12.051192,-35044.010374
indian_origin_self_employed_households,17,accrual,high,343887.358119,-11.570318,-33645.663035
indian_origin_self_employed_households,17,cash,low,343887.358119,-13.775255,-40057.464089
indian_origin_self_employed_households,17,cash,high,343887.358119,-13.294382,-38659.116750
indian_origin_self_employed_households,18,accrual,low,385270.231127,-4.345675,-11279.549685
indian_origin_self_employed_households,18,accrual,high,385270.231127,-3.860709,-10020.781112
indian_origin_self_employed_households,18,cash,low,385270.231127,-6.046545,-15694.295043
indian_origin_self_employed_households,18,cash,high,385270.231127,-5.561579,-14435.526470
indian_origin_self_employed_households,19,accrual,low,361168.697898,-11.026221,-30529.281077
indian_origin_self_employed_households,19,accrual,high,361168.697898,-10.533516,-29165.084778
indian_origin_self_employed_households,19,cash,low,361168.697898,-12.803399,-35449.912406
indian_origin_self_employed_households,19,cash,high,361168.697898,-12.310694,-34085.716107
indian_origin_self_employed_households,20,accrual,low,362365.846016,-18.139639,-50058.908129
indian_origin_self_employed_households,20,accrual,high,362365.846016,-17.607948,-48591.633169
indian_origin_self_employed_households,20,cash,low,362365.846016,-20.198608,-55740.927887
indian_origin_self_employed_households,20,cash,high,362365.846016,-19.666918,-54273.652927
indian_origin_self_employed_households,21,accrual,low,324697.041126,-17.791943,-54795.517833
indian_origin_self_employed_households,21,accrual,high,324697.041126,-17.304906,-53295.547175
indian_origin_self_employed_households,21,cash,low,324697.041126,-19.580016,-60302.414876
indian_origin_self_employed_households,21,cash,high,324697.041126,-19.092980,-58802.444218
indian_origin_self_employed_households,22,accrual,low,327471.717074,-17.904072,-54673.642272
indian_origin_self_employed_households,22,accrual,high,327471.717074,-17.440780,-53258.890711
indian_origin_self_employed_households,22,cash,low,327471.717074,-19.335695,-59045.388174
indian_origin_self_employed_households,22,cash,high,327471.717074,-18.872404,-57630.636613
indian_origin_self_employed_households,23,accrual,low,342891.119345,-11.096195,-32360.695739
indian_origin_self_employed_households,23,accrual,high,342891.119345,-10.628009,-30995.288620
indian_origin_self_employed_households,23,cash,low,342891.119345,-12.845110,-37461.191019
indian_origin_self_employed_households,23,cash,high,342891.119345,-12.376924,-36095.783900
indian_origin_self_employed_households,24,accrual,low,346973.585688,-12.412274,-35772.964621
indian_origin_self_employed_households,24,accrual,high,346973.585688,-11.929396,-34381.279931
indian_origin_self_employed_households,24,cash,low,346973.585688,-14.269418,-41125.373667
indian_origin_self_employed_households,24,cash,high,346973.585688,-13.786541,-39733.688978
indian_origin_self_employed_households,25,accrual,low,374350.336458,-11.841990,-31633.442155
indian_origin_self_employed_households,25,accrual,high,374350.336458,-11.341787,-30297.254263
indian_origin_self_employed_households,25,cash,low,374350.336458,-13.577063,-36268.333809
indian_origin_self_employed_households,25,cash,high,374350.336458,-13.076861,-34932.145916
indian_origin_self_employed_households,26,accrual,low,354062.568294,-17.781079,-50220.160219
indian_origin_self_employed_households,26,accrual,high,354062.568294,-17.279448,-48803.373995
indian_origin_self_employed_households,26,cash,low,354062.568294,-19.451979,-54939.381488
indian_origin_self_employed_households,26,cash,high,354062.568294,-18.950348,-53522.595264
indian_origin_self_employed_households,27,accrual,low,341534.775591,-11.915812,-34889.014602
indian_origin_self_employed_households,27,accrual,high,341534.775591,-11.433855,-33477.864442
indian_origin_self_employed_households,27,cash,low,341534.775591,-13.708120,-40136.821599
indian_origin_self_employed_households,27,cash,high,341534.775591,-13.226164,-38725.671440
indian_origin_self_employed_households,28,accrual,low,357766.541470,-18.220266,-50927.810035
indian_origin_self_employed_households,28,accrual,high,357766.541470,-17.702633,-49480.962680
indian_origin_self_employed_households,28,cash,low,357766.541470,-20.013524,-55940.178219
indian_origin_self_employed_households,28,cash,high,357766.541470,-19.495891,-54493.330864
indian_origin_self_employed_households,29,accrual,low,354772.583614,-5.043960,-14217.445719
indian_origin_self_employed_households,29,accrual,high,354772.583614,-4.592360,-12944.516862
indian_origin_self_employed_households,29,cash,low,354772.583614,-6.647215,-18736.551138
indian_origin_self_employed_households,29,cash,high,354772.583614,-6.195614,-17463.622281
indian_origin_self_employed_households,30,accrual,low,329806.543535,-10.724278,-32516.874480
indian_origin_self_employed_households,30,accrual,high,329806.543535,-10.271669,-31144.527338
indian_origin_self_employed_households,30,cash,low,329806.543535,-12.403150,-37607.349530
indian_origin_self_employed_households,30,cash,high,329806.543535,-11.950541,-36235.002387
indian_origin_self_employed_households,31,accrual,low,350789.470047,-6.129688,-17473.978359
indian_origin_self_employed_households,31,accrual,high,350789.470047,-5.668349,-16158.835143
indian_origin_self_employed_households,31,cash,low,350789.470047,-7.889996,-22492.110937
indian_origin_self_employed_households,31,cash,high,350789.470047,-7.428657,-21176.967721
indian_origin_self_employed_households,32,accrual,low,384862.816142,-10.809915,-28087.708771
indian_origin_self_employed_households,32,accrual,high,384862.816142,-10.277958,-26705.509716
indian_origin_self_employed_households,32,cash,low,384862.816142,-12.845010,-33375.554638
indian_origin_self_employed_households,32,cash,high,384862.816142,-12.313053,-31993.355583
indian_origin_self_employed_households,33,accrual,low,337946.951061,-11.998644,-35504.518767
indian_origin_self_employed_households,33,accrual,high,337946.951061,-11.533624,-34128.503724
indian_origin_self_employed_households,33,cash,low,337946.951061,-13.568218,-40148.957047
indian_origin_self_employed_households,33,cash,high,337946.951061,-13.103198,-38772.942005
indian_origin_self_employed_households,34,accrual,low,356447.185541,-11.767563,-33013.482330
indian_origin_self_employed_households,34,accrual,high,356447.185541,-11.285912,-31662.228950
indian_origin_self_employed_households,34,cash,low,356447.185541,-13.474642,-37802.631672
indian_origin_self_employed_households,34,cash,high,356447.185541,-12.992991,-36451.378291
indian_origin_self_employed_households,35,accrual,low,361743.410330,-5.026504,-13895.219770
indian_origin_self_employed_households,35,accrual,high,361743.410330,-4.579514,-12659.563972
indian_origin_self_employed_households,35,cash,low,361743.410330,-6.660238,-18411.496859
indian_origin_self_employed_households,35,cash,high,361743.410330,-6.213247,-17175.841060
indian_origin_self_employed_households,36,accrual,low,325787.819944,-5.498514,-16877.592138
indian_origin_self_employed_households,36,accrual,high,325787.819944,-5.072926,-15571.257605
indian_origin_self_employed_households,36,cash,low,325787.819944,-7.133493,-21896.131921
indian_origin_self_employed_households,36,cash,high,325787.819944,-6.707905,-20589.797388
indian_origin_self_employed_households,37,accrual,low,385541.171763,-18.117555,-46992.530101
indian_origin_self_employed_households,37,accrual,high,385541.171763,-17.573651,-45581.776023
indian_origin_self_employed_households,37,cash,low,385541.171763,-20.091281,-52111.894016
indian_origin_self_employed_households,37,cash,high,385541.171763,-19.547377,-50701.139938
indian_origin_self_employed_households,38,accrual,low,414601.027584,-12.839569,-30968.492191
indian_origin_self_employed_households,38,accrual,high,414601.027584,-12.266921,-29587.290219
indian_origin_self_employed_households,38,cash,low,414601.027584,-14.911721,-35966.435650
indian_origin_self_employed_households,38,cash,high,414601.027584,-14.339073,-34585.233678
indian_origin_self_employed_households,39,accrual,low,352124.396653,-5.062863,-14378.053594
indian_origin_self_employed_households,39,accrual,high,352124.396653,-4.608801,-13088.560252
indian_origin_self_employed_households,39,cash,low,352124.396653,-6.847633,-19446.630394
indian_origin_self_employed_households,39,cash,high,352124.396653,-6.393571,-18157.137052
indian_origin_self_employed_households,40,accrual,low,348946.326684,-10.143208,-29068.102429
indian_origin_self_employed_households,40,accrual,high,348946.326684,-9.678849,-27737.357127
indian_origin_self_employed_households,40,cash,low,348946.326684,-11.710229,-33558.824822
indian_origin_self_employed_households,40,cash,high,348946.326684,-11.245870,-32228.079521
indian_origin_self_employed_households,41,accrual,low,321939.077077,-6.214337,-19302.834402
indian_origin_self_employed_households,41,accrual,high,321939.077077,-5.784583,-17967.944231
indian_origin_self_employed_households,41,cash,low,321939.077077,-7.918660,-24596.764041
indian_origin_self_employed_households,41,cash,high,321939.077077,-7.488906,-23261.873870
indian_origin_self_employed_households,42,accrual,low,304643.205434,-5.397059,-17715.999889
indian_origin_self_employed_households,42,accrual,high,304643.205434,-4.992940,-16389.467874
indian_origin_self_employed_households,42,cash,low,304643.205434,-6.909732,-22681.391107
indian_origin_self_employed_households,42,cash,high,304643.205434,-6.505613,-21354.859092
indian_origin_self_employed_households,43,accrual,low,451485.727696,-11.851169,-26249.267024
indian_origin_self_employed_households,43,accrual,high,451485.727696,-11.253520,-24925.527026
indian_origin_self_employed_households,43,cash,low,451485.727696,-14.016170,-31044.548246
indian_origin_self_employed_households,43,cash,high,451485.727696,-13.418521,-29720.808249
indian_origin_self_employed_households,44,accrual,low,368798.028874,-11.150424,-30234.500276
indian_origin_self_employed_households,44,accrual,high,368798.028874,-10.653408,-28886.836642
indian_origin_self_employed_households,44,cash,low,368798.028874,-12.836637,-34806.686842
indian_origin_self_employed_households,44,cash,high,368798.028874,-12.339622,-33459.023208
indian_origin_self_employed_households,45,accrual,low,319249.557396,-11.616262,-36386.150619
indian_origin_self_employed_households,45,accrual,high,319249.557396,-11.169920,-34988.052556
indian_origin_self_employed_households,45,cash,low,319249.557396,-13.036458,-40834.694504
indian_origin_self_employed_households,45,cash,high,319249.557396,-12.590116,-39436.596440
indian_origin_self_employed_households,46,accrual,low,391598.047284,-5.615790,-14340.700945
indian_origin_self_employed_households,46,accrual,high,391598.047284,-5.126917,-13092.293937
indian_origin_self_employed_households,46,cash,low,391598.047284,-7.312004,-18672.216735
indian_origin_self_employed_households,46,cash,high,391598.047284,-6.823130,-17423.809727
indian_origin_self_employed_households,47,accrual,low,346687.537234,-11.634329,-33558.544508
indian_origin_self_employed_households,47,accrual,high,346687.537234,-11.166145,-32208.094026
indian_origin_self_employed_households,47,cash,low,346687.537234,-13.398567,-38647.387095
indian_origin_self_employed_households,47,cash,high,346687.537234,-12.930383,-37296.936613
indian_origin_self_employed_households,48,accrual,low,365432.525653,-5.641895,-15438.950570
indian_origin_self_employed_households,48,accrual,high,365432.525653,-5.165694,-14135.834280
indian_origin_self_employed_households,48,cash,low,365432.525653,-7.404395,-20262.002680
indian_origin_self_employed_households,48,cash,high,365432.525653,-6.928194,-18958.886390
indian_origin_self_employed_households,49,accrual,low,378775.240320,-15.979743,-42187.930097
indian_origin_self_employed_households,49,accrual,high,378775.240320,-15.453765,-40799.302125
indian_origin_self_employed_households,49,cash,low,378775.240320,-17.776864,-46932.486860
indian_origin_self_employed_households,49,cash,high,378775.240320,-17.250886,-45543.858888
indian_origin_self_employed_households,50,accrual,low,360680.946545,-10.996378,-30487.826564
indian_origin_self_employed_households,50,accrual,high,360680.946545,-10.497406,-29104.410101
indian_origin_self_employed_households,50,cash,low,360680.946545,-12.741379,-35325.900318
indian_origin_self_employed_households,50,cash,high,360680.946545,-12.242407,-33942.483856
indian_origin_self_employed_households,51,accrual,low,340780.129008,-18.766549,-55069.375119
indian_origin_self_employed_households,51,accrual,high,340780.129008,-18.277562,-53634.470714
indian_origin_self_employed_households,51,cash,low,340780.129008,-20.578026,-60385.051717
indian_origin_self_employed_households,51,cash,high,340780.129008,-20.089039,-58950.147312
indian_origin_self_employed_households,52,accrual,low,401446.165612,-11.720157,-29194.841357
indian_origin_self_employed_households,52,accrual,high,401446.165612,-11.168117,-27819.711546
indian_origin_self_employed_households,52,cash,low,401446.165612,-13.696517,-34117.942083
indian_origin_self_employed_households,52,cash,high,401446.165612,-13.144476,-32742.812272
indian_origin_self_employed_households,53,accrual,low,353206.982586,-12.482362,-35340.077000
indian_origin_self_employed_households,53,accrual,high,353206.982586,-11.986270,-33935.541584
indian_origin_self_employed_households,53,cash,low,353206.982586,-14.294183,-40469.707776
indian_origin_self_employed_households,53,cash,high,353206.982586,-13.798092,-39065.172360
indian_origin_self_employed_households,54,accrual,low,380485.216335,-12.609699,-33141.101314
indian_origin_self_employed_households,54,accrual,high,380485.216335,-12.088282,-31770.700841
indian_origin_self_employed_households,54,cash,low,380485.216335,-14.557952,-38261.543278
indian_origin_self_employed_households,54,cash,high,380485.216335,-14.036534,-36891.142805
indian_origin_self_employed_households,55,accrual,low,313866.543419,-18.997400,-60527.000380
indian_origin_self_employed_households,55,accrual,high,313866.543419,-18.526399,-59026.359275
indian_origin_self_employed_households,55,cash,low,313866.543419,-20.627972,-65722.110953
indian_origin_self_employed_households,55,cash,high,313866.543419,-20.156971,-64221.469849
indian_origin_self_employed_households,56,accrual,low,314398.080667,-18.350310,-58366.483441
indian_origin_self_employed_households,56,accrual,high,314398.080667,-17.901847,-56940.063242
indian_origin_self_employed_households,56,cash,low,314398.080667,-19.902097,-63302.220689
indian_origin_self_employed_households,56,cash,high,314398.080667,-19.453633,-61875.800491
indian_origin_self_employed_households,57,accrual,low,341240.777108,-6.002959,-17591.565427
indian_origin_self_employed_households,57,accrual,high,341240.777108,-5.561449,-16297.726599
indian_origin_self_employed_households,57,cash,low,341240.777108,-7.732759,-22660.710713
indian_origin_self_employed_households,57,cash,high,341240.777108,-7.291248,-21366.871885
indian_origin_self_employed_households,58,accrual,low,432642.419557,-12.713223,-29385.059939
indian_origin_self_employed_households,58,accrual,high,432642.419557,-12.146619,-28075.423312
indian_origin_self_employed_households,58,cash,low,432642.419557,-14.599030,-33743.870166
indian_origin_self_employed_households,58,cash,high,432642.419557,-14.032425,-32434.233540
indian_origin_self_employed_households,59,accrual,low,385234.414983,-15.698737,-40751.127125
indian_origin_self_employed_households,59,accrual,high,385234.414983,-15.168654,-39375.125888
indian_origin_self_employed_households,59,cash,low,385234.414983,-17.402950,-45174.962652
indian_origin_self_employed_households,59,cash,high,385234.414983,-16.872867,-43798.961416
indian_origin_self_employed_households,60,accrual,low,341815.949256,-11.068677,-32381.979238
indian_origin_self_employed_households,60,accrual,high,341815.949256,-10.600600,-31012.595929
indian_origin_self_employed_households,60,cash,low,341815.949256,-12.710631,-37185.598183
indian_origin_self_employed_households,60,cash,high,341815.949256,-12.242553,-35816.214873
indian_origin_self_employed_households,61,accrual,low,368884.446315,-11.618971,-31497.589678
indian_origin_self_employed_households,61,accrual,high,368884.446315,-11.131547,-30176.244943
indian_origin_self_employed_households,61,cash,low,368884.446315,-13.261286,-35949.702970
indian_origin_self_employed_households,61,cash,high,368884.446315,-12.773863,-34628.358235
indian_origin_self_employed_households,62,accrual,low,331464.299524,-10.541584,-31803.074548
indian_origin_self_employed_households,62,accrual,high,331464.299524,-10.097023,-30461.873155
indian_origin_self_employed_households,62,cash,low,331464.299524,-12.216299,-36855.551273
indian_origin_self_employed_households,62,cash,high,331464.299524,-11.771739,-35514.349881
indian_origin_self_employed_households,63,accrual,low,371501.832393,-5.507193,-14824.135262
indian_origin_self_employed_households,63,accrual,high,371501.832393,-5.010971,-13488.414955
indian_origin_self_employed_households,63,cash,low,371501.832393,-7.247413,-19508.417682
indian_origin_self_employed_households,63,cash,high,371501.832393,-6.751190,-18172.697375
indian_origin_self_employed_households,64,accrual,low,372826.559413,-4.774878,-12807.236900
indian_origin_self_employed_households,64,accrual,high,372826.559413,-4.290974,-11509.303139
indian_origin_self_employed_households,64,cash,low,372826.559413,-6.419712,-17219.030767
indian_origin_self_employed_households,64,cash,high,372826.559413,-5.935808,-15921.097006
indian_origin_self_employed_households,65,accrual,low,417460.213618,-18.267431,-43758.495857
indian_origin_self_employed_households,65,accrual,high,417460.213618,-17.697863,-42394.131948
indian_origin_self_employed_households,65,cash,low,417460.213618,-20.243765,-48492.681258
indian_origin_self_employed_households,65,cash,high,417460.213618,-19.674197,-47128.317349
indian_origin_self_employed_households,66,accrual,low,360332.880619,-11.344206,-31482.572735
indian_origin_self_employed_households,66,accrual,high,360332.880619,-10.836394,-30073.287985
indian_origin_self_employed_households,66,cash,low,360332.880619,-13.314941,-36951.778826
indian_origin_self_employed_households,66,cash,high,360332.880619,-12.807129,-35542.494075
indian_origin_self_employed_households,67,accrual,low,396705.969231,-17.301987,-43614.134269
indian_origin_self_employed_households,67,accrual,high,396705.969231,-16.725223,-42160.250069
indian_origin_self_employed_households,67,cash,low,396705.969231,-19.497935,-49149.588044
indian_origin_self_employed_households,67,cash,high,396705.969231,-18.921170,-47695.703844
indian_origin_self_employed_households,68,accrual,low,337739.649926,-10.627850,-31467.580372
indian_origin_self_employed_households,68,accrual,high,337739.649926,-10.181237,-30145.222504
indian_origin_self_employed_households,68,cash,low,337739.649926,-12.167461,-36026.156359
indian_origin_self_employed_households,68,cash,high,337739.649926,-11.720849,-34703.798492
indian_origin_self_employed_households,69,accrual,low,410772.659433,-12.077801,-29402.641690
indian_origin_self_employed_households,69,accrual,high,410772.659433,-11.520880,-28046.852215
indian_origin_self_employed_households,69,cash,low,410772.659433,-14.140626,-34424.458014
indian_origin_self_employed_households,69,cash,high,410772.659433,-13.583705,-33068.668540
indian_origin_self_employed_households,70,accrual,low,369283.003922,-17.350014,-46982.974086
indian_origin_self_employed_households,70,accrual,high,369283.003922,-16.830118,-45575.121945
indian_origin_self_employed_households,70,cash,low,369283.003922,-18.985545,-51411.911189
indian_origin_self_employed_households,70,cash,high,369283.003922,-18.465649,-50004.059048
indian_origin_self_employed_households,71,accrual,low,362043.209395,-12.974244,-35836.174848
indian_origin_self_employed_households,71,accrual,high,362043.209395,-12.477710,-34464.699311
indian_origin_self_employed_households,71,cash,low,362043.209395,-14.771878,-40801.421861
indian_origin_self_employed_households,71,cash,high,362043.209395,-14.275344,-39429.946324
indian_origin_self_employed_households,72,accrual,low,403934.388927,-17.862164,-44220.457749
indian_origin_self_employed_households,72,accrual,high,403934.388927,-17.307724,-42847.859905
indian_origin_self_employed_households,72,cash,low,403934.388927,-19.763308,-48927.024758
indian_origin_self_employed_households,72,cash,high,403934.388927,-19.208868,-47554.426914
indian_origin_self_employed_households,73,accrual,low,359034.438637,-4.943396,-13768.583260
indian_origin_self_employed_households,73,accrual,high,359034.438637,-4.489649,-12504.787353
indian_origin_self_employed_households,73,cash,low,359034.438637,-6.449085,-17962.303090
indian_origin_self_employed_households,73,cash,high,359034.438637,-5.995339,-16698.507183
indian_origin_self_employed_households,74,accrual,low,318850.430523,-4.550979,-14273.085350
indian_origin_self_employed_households,74,accrual,high,318850.430523,-4.142312,-12991.396857
indian_origin_self_employed_households,74,cash,low,318850.430523,-5.990692,-18788.407793
indian_origin_self_employed_households,74,cash,high,318850.430523,-5.582025,-17506.719301
indian_origin_self_employed_households,75,accrual,low,387292.302991,-14.123818,-36468.108636
indian_origin_self_employed_households,75,accrual,high,387292.302991,-13.601745,-35120.102341
indian_origin_self_employed_households,75,cash,low,387292.302991,-15.908179,-41075.380952
indian_origin_self_employed_households,75,cash,high,387292.302991,-15.386106,-39727.374657
indian_origin_self_employed_households,76,accrual,low,373300.251527,-10.746354,-28787.426479
indian_origin_self_employed_households,76,accrual,high,373300.251527,-10.234621,-27416.593840
indian_origin_self_employed_households,76,cash,low,373300.251527,-12.685090,-33980.930279
indian_origin_self_employed_households,76,cash,high,373300.251527,-12.173358,-32610.097640
indian_origin_self_employed_households,77,accrual,low,396020.525998,-13.301777,-33588.604989
indian_origin_self_employed_households,77,accrual,high,396020.525998,-12.752970,-32202.799485
indian_origin_self_employed_households,77,cash,low,396020.525998,-15.365454,-38799.640960
indian_origin_self_employed_households,77,cash,high,396020.525998,-14.816647,-37413.835456
indian_origin_self_employed_households,78,accrual,low,326465.778195,-17.539346,-53724.913389
indian_origin_self_employed_households,78,accrual,high,326465.778195,-17.063058,-52265.993437
indian_origin_self_employed_households,78,cash,low,326465.778195,-19.337664,-59233.357421
indian_origin_self_employed_households,78,cash,high,326465.778195,-18.861377,-57774.437468
indian_origin_self_employed_households,79,accrual,low,334532.092655,-11.186332,-33438.740951
indian_origin_self_employed_households,79,accrual,high,334532.092655,-10.725056,-32059.871637
indian_origin_self_employed_households,79,cash,low,334532.092655,-12.939170,-38678.411009
indian_origin_self_employed_households,79,cash,high,334532.092655,-12.477894,-37299.541696
indian_origin_self_employed_households,80,accrual,low,392331.021318,-5.346988,-13628.765982
indian_origin_self_employed_households,80,accrual,high,392331.021318,-4.847822,-12356.458620
indian_origin_self_employed_households,80,cash,low,392331.021318,-7.170060,-18275.536587
indian_origin_self_employed_households,80,cash,high,392331.021318,-6.670894,-17003.229225
indian_origin_self_employed_households,81,accrual,low,393732.223453,-14.145200,-35925.938648
indian_origin_self_employed_households,81,accrual,high,393732.223453,-13.610742,-34568.523573
indian_origin_self_employed_households,81,cash,low,393732.223453,-15.955189,-40522.945424
indian_origin_self_employed_households,81,cash,high,393732.223453,-15.420731,-39165.530350
indian_origin_self_employed_households,82,accrual,low,358359.679436,-10.052079,-28050.251932
indian_origin_self_employed_households,82,accrual,high,358359.679436,-9.582296,-26739.325047
indian_origin_self_employed_households,82,cash,low,358359.679436,-11.696934,-32640.205767
indian_origin_self_employed_households,82,cash,high,358359.679436,-11.227150,-31329.278881
indian_origin_self_employed_households,83,accrual,low,296083.160347,-4.834102,-16326.840363
indian_origin_self_employed_households,83,accrual,high,296083.160347,-4.445296,-15013.674424
indian_origin_self_employed_households,83,cash,low,296083.160347,-6.189266,-20903.810622
indian_origin_self_employed_households,83,cash,high,296083.160347,-5.800460,-19590.644683
indian_origin_self_employed_households,84,accrual,low,346824.290431,-5.321725,-15344.151877
indian_origin_self_employed_households,84,accrual,high,346824.290431,-4.862410,-14019.807940
indian_origin_self_employed_households,84,cash,low,346824.290431,-6.977349,-20117.820255
indian_origin_self_employed_households,84,cash,high,346824.290431,-6.518034,-18793.476317
indian_origin_self_employed_households,85,accrual,low,419750.509846,-17.507814,-41710.047813
indian_origin_self_employed_households,85,accrual,high,419750.509846,-16.931918,-40338.052566
indian_origin_self_employed_households,85,cash,low,419750.509846,-19.559841,-46598.731084
indian_origin_self_employed_households,85,cash,high,419750.509846,-18.983945,-45226.735837
indian_origin_self_employed_households,86,accrual,low,322105.122707,-11.624868,-36090.292667
indian_origin_self_employed_households,86,accrual,high,322105.122707,-11.170706,-34680.310491
indian_origin_self_employed_households,86,cash,low,322105.122707,-13.328184,-41378.366619
indian_origin_self_employed_households,86,cash,high,322105.122707,-12.874021,-39968.384443
indian_origin_self_employed_households,87,accrual,low,383214.111150,-19.025152,-49646.272561
indian_origin_self_employed_households,87,accrual,high,383214.111150,-18.456309,-48161.872432
indian_origin_self_employed_households,87,cash,low,383214.111150,-21.232905,-55407.419942
indian_origin_self_employed_households,87,cash,high,383214.111150,-20.664062,-53923.019813
indian_origin_self_employed_households,88,accrual,low,327044.028503,-12.077379,-36928.909259
indian_origin_self_employed_households,88,accrual,high,327044.028503,-11.628942,-35557.727289
indian_origin_self_employed_households,88,cash,low,327044.028503,-13.639637,-41705.813445
indian_origin_self_employed_households,88,cash,high,327044.028503,-13.191200,-40334.631475
indian_origin_self_employed_households,89,accrual,low,361592.844292,-12.522869,-34632.514355
indian_origin_self_employed_households,89,accrual,high,361592.844292,-12.029433,-33267.896685
indian_origin_self_employed_households,89,cash,low,361592.844292,-14.449116,-39959.628846
indian_origin_self_employed_households,89,cash,high,361592.844292,-13.955680,-38595.011176
indian_origin_self_employed_households,90,accrual,low,408862.642617,-20.814181,-50907.515137
indian_origin_self_employed_households,90,accrual,high,408862.642617,-20.244477,-49514.127065
indian_origin_self_employed_households,90,cash,low,408862.642617,-22.624146,-55334.343715
indian_origin_self_employed_households,90,cash,high,408862.642617,-22.054442,-53940.955643
indian_origin_self_employed_households,91,accrual,low,358206.950360,-13.428243,-37487.387359
indian_origin_self_employed_households,91,accrual,high,358206.950360,-12.927734,-36090.125573
indian_origin_self_employed_households,91,cash,low,358206.950360,-15.395437,-42979.168746
indian_origin_self_employed_households,91,cash,high,358206.950360,-14.894928,-41581.906960
indian_origin_self_employed_households,92,accrual,low,415862.004016,-18.747967,-45082.183428
indian_origin_self_employed_households,92,accrual,high,415862.004016,-18.148625,-43640.979711
indian_origin_self_employed_households,92,cash,low,415862.004016,-20.840652,-50114.344955
indian_origin_self_employed_households,92,cash,high,415862.004016,-20.241310,-48673.141237
indian_origin_self_employed_households,93,accrual,low,333099.071923,-4.985425,-14966.792876
indian_origin_self_employed_households,93,accrual,high,333099.071923,-4.561412,-13693.859767
indian_origin_self_employed_households,93,cash,low,333099.071923,-6.517718,-19566.905736
indian_origin_self_employed_households,93,cash,high,333099.071923,-6.093705,-18293.972627
indian_origin_self_employed_households,94,accrual,low,325298.237247,-4.976112,-15297.077202
indian_origin_self_employed_households,94,accrual,high,325298.237247,-4.553945,-13999.292447
indian_origin_self_employed_households,94,cash,low,325298.237247,-6.618193,-20345.002366
indian_origin_self_employed_households,94,cash,high,325298.237247,-6.196026,-19047.217611
indian_origin_self_employed_households,95,accrual,low,381459.558227,-10.735945,-28144.384659
indian_origin_self_employed_households,95,accrual,high,381459.558227,-10.235652,-26832.863558
indian_origin_self_employed_households,95,cash,low,381459.558227,-12.364947,-32414.830073
indian_origin_self_employed_households,95,cash,high,381459.558227,-11.864654,-31103.308972
indian_origin_self_employed_households,96,accrual,low,345111.347132,-12.722419,-36864.677539
indian_origin_self_employed_households,96,accrual,high,345111.347132,-12.249576,-35494.562224
indian_origin_self_employed_households,96,cash,low,345111.347132,-14.459085,-41896.868195
indian_origin_self_employed_households,96,cash,high,345111.347132,-13.986242,-40526.752880
indian_origin_self_employed_households,97,accrual,low,403983.098906,-12.718791,-31483.472965
indian_origin_self_employed_households,97,accrual,high,403983.098906,-12.168394,-30121.048254
indian_origin_self_employed_households,97,cash,low,403983.098906,-14.730366,-36462.828179
indian_origin_self_employed_households,97,cash,high,403983.098906,-14.179970,-35100.403467
indian_origin_self_employed_households,98,accrual,low,371420.948521,-20.023486,-53910.490954
indian_origin_self_employed_households,98,accrual,high,371420.948521,-19.470524,-52421.718288
indian_origin_self_employed_households,98,cash,low,371420.948521,-22.178793,-59713.359968
indian_origin_self_employed_households,98,cash,high,371420.948521,-21.625831,-58224.587302
indian_origin_self_employed_households,99,accrual,low,358385.774443,-12.246329,-34170.801247
indian_origin_self_employed_households,99,accrual,high,358385.774443,-11.751944,-32791.324223
indian_origin_self_employed_households,99,cash,low,358385.774443,-14.138034,-39449.204219
indian_origin_self_employed_households,99,cash,high,358385.774443,-13.643649,-38069.727195
indian_origin_self_employed_households,100,accrual,low,367322.962649,-4.599992,-12523.018062
indian_origin_self_employed_households,100,accrual,high,367322.962649,-4.139713,-11269.954384
indian_origin_self_employed_households,100,cash,low,367322.962649,-6.224328,-16945.109086
indian_origin_self_employed_households,100,cash,high,367322.962649,-5.764049,-15692.045408
indian_origin_self_employed_households,101,accrual,low,326793.809385,-5.232016,-16010.144004
indian_origin_self_employed_households,101,accrual,high,326793.809385,-4.814396,-14732.213876
indian_origin_self_employed_households,101,cash,low,326793.809385,-6.723053,-20572.766845
indian_origin_self_employed_households,101,cash,high,326793.809385,-6.305433,-19294.836717
indian_origin_self_employed_households,102,accrual,low,387252.641279,-5.824192,-15039.774114
indian_origin_self_employed_households,102,accrual,high,387252.641279,-5.313474,-13720.950225
indian_origin_self_employed_households,102,cash,low,387252.641279,-7.812680,-20174.632989
indian_origin_self_employed_households,102,cash,high,387252.641279,-7.301962,-18855.809099
indian_origin_self_employed_households,103,accrual,low,356397.859454,-11.339493,-31816.951541
indian_origin_self_employed_households,103,accrual,high,356397.859454,-10.845823,-30431.786046
indian_origin_self_employed_households,103,cash,low,356397.859454,-13.157500,-36918.012081
indian_origin_self_employed_households,103,cash,high,356397.859454,-12.663830,-35532.846586
indian_origin_self_employed_households,104,accrual,low,359890.075718,-11.891073,-33040.847922
indian_origin_self_employed_households,104,accrual,high,359890.075718,-11.407420,-31696.955097
indian_origin_self_employed_households,104,cash,low,359890.075718,-13.626046,-37861.687919
indian_origin_self_employed_households,104,cash,high,359890.075718,-13.142392,-36517.795094
indian_origin_self_employed_households,105,accrual,low,299679.446973,-11.388894,-38003.587827
indian_origin_self_employed_households,105,accrual,high,299679.446973,-10.968398,-36600.433055
indian_origin_self_employed_households,105,cash,low,299679.446973,-12.881516,-42984.316062
indian_origin_self_employed_households,105,cash,high,299679.446973,-12.461019,-41581.161289
indian_origin_self_employed_households,106,accrual,low,365374.020432,-5.646406,-15453.769210
indian_origin_self_employed_households,106,accrual,high,365374.020432,-5.183657,-14187.262075
indian_origin_self_employed_households,106,cash,low,365374.020432,-7.380525,-20199.916683
indian_origin_self_employed_households,106,cash,high,365374.020432,-6.917776,-18933.409548
indian_origin_self_employed_households,107,accrual,low,388262.924312,-11.789166,-30363.873863
indian_origin_self_employed_households,107,accrual,high,388262.924312,-11.262850,-29008.307938
indian_origin_self_employed_households,107,cash,low,388262.924312,-13.777233,-35484.287090
indian_origin_self_employed_households,107,cash,high,388262.924312,-13.250917,-34128.721166
indian_origin_self_employed_households,108,accrual,low,342043.449434,-3.846466,-11245.546512
indian_origin_self_employed_households,108,accrual,high,342043.449434,-3.424406,-10011.611667
indian_origin_self_employed_households,108,cash,low,342043.449434,-5.215899,-15249.228120
indian_origin_self_employed_households,108,cash,high,342043.449434,-4.793839,-14015.293275
indian_origin_self_employed_households,109,accrual,low,358620.620309,-18.058394,-50355.145532
indian_origin_self_employed_households,109,accrual,high,358620.620309,-17.542931,-48917.798616
indian_origin_self_employed_households,109,cash,low,358620.620309,-19.836125,-55312.281236
indian_origin_self_employed_households,109,cash,high,358620.620309,-19.320662,-53874.934320
indian_origin_self_employed_households,110,accrual,low,365629.012058,-11.144290,-30479.775657
indian_origin_self_employed_households,110,accrual,high,365629.012058,-10.644271,-29112.215855
indian_origin_self_employed_households,110,cash,low,365629.012058,-12.923439,-35345.769095
indian_origin_self_employed_households,110,cash,high,365629.012058,-12.423419,-33978.209293
indian_origin_self_employed_households,111,accrual,low,347092.955598,-16.992663,-48957.096239
indian_origin_self_employed_households,111,accrual,high,347092.955598,-16.489905,-47508.613626
indian_origin_self_employed_households,111,cash,low,347092.955598,-18.897179,-54444.144069
indian_origin_self_employed_households,111,cash,high,347092.955598,-18.394421,-52995.661457
indian_origin_self_employed_households,112,accrual,low,382316.250547,-10.879206,-28456.039840
indian_origin_self_employed_households,112,accrual,high,382316.250547,-10.365173,-27111.516763
indian_origin_self_employed_households,112,cash,low,382316.250547,-12.710359,-33245.666809
indian_origin_self_employed_households,112,cash,high,382316.250547,-12.196326,-31901.143732
indian_origin_self_employed_households,113,accrual,low,318253.427905,-11.774329,-36996.706626
indian_origin_self_employed_households,113,accrual,high,318253.427905,-11.328711,-35596.510533
indian_origin_self_employed_households,113,cash,low,318253.427905,-13.538758,-42540.808680
indian_origin_self_employed_households,113,cash,high,318253.427905,-13.093141,-41140.612586
indian_origin_self_employed_households,114,accrual,low,375655.202776,-10.242079,-27264.573198
indian_origin_self_employed_households,114,accrual,high,375655.202776,-9.744527,-25940.083035
indian_origin_self_employed_households,114,cash,low,375655.202776,-11.995216,-31931.450518
indian_origin_self_employed_households,114,cash,high,375655.202776,-11.497664,-30606.960355
indian_origin_self_employed_households,115,accrual,low,343993.086525,-18.214807,-52951.083906
indian_origin_self_employed_households,115,accrual,high,343993.086525,-17.690875,-51427.995955
indian_origin_self_employed_households,115,cash,low,343993.086525,-20.134886,-58532.823001
indian_origin_self_employed_households,115,cash,high,343993.086525,-19.610955,-57009.735050
indian_origin_self_employed_households,116,accrual,low,394370.153187,-19.788887,-50178.459558
indian_origin_self_employed_households,116,accrual,high,394370.153187,-19.226670,-48752.852052
indian_origin_self_employed_households,116,cash,low,394370.153187,-21.713388,-55058.394931
indian_origin_self_employed_households,116,cash,high,394370.153187,-21.151171,-53632.787424
indian_origin_self_employed_households,117,accrual,low,385350.065250,-5.551432,-14406.204288
indian_origin_self_employed_households,117,accrual,high,385350.065250,-5.048633,-13101.420194
indian_origin_self_employed_households,117,cash,low,385350.065250,-7.482295,-19416.878702
indian_origin_self_employed_households,117,cash,high,385350.065250,-6.979497,-18112.094609
indian_origin_self_employed_households,118,accrual,low,380913.286927,-10.853360,-28492.993274
indian_origin_self_employed_households,118,accrual,high,380913.286927,-10.356504,-27188.612007
indian_origin_self_employed_households,118,cash,low,380913.286927,-12.569468,-32998.239337
indian_origin_self_employed_households,118,cash,high,380913.286927,-12.072612,-31693.858070
indian_origin_self_employed_households,119,accrual,low,368914.268963,-18.870933,-51152.622979
indian_origin_self_employed_households,119,accrual,high,368914.268963,-18.349519,-49739.250021
indian_origin_self_employed_households,119,cash,low,368914.268963,-20.587451,-55805.515766
indian_origin_self_employed_households,119,cash,high,368914.268963,-20.066038,-54392.142808
indian_origin_self_employed_households,120,accrual,low,348310.218087,-12.370911,-35516.934831
indian_origin_self_employed_households,120,accrual,high,348310.218087,-11.882903,-34115.861414
indian_origin_self_employed_households,120,cash,low,348310.218087,-14.172861,-40690.340487
indian_origin_self_employed_households,120,cash,high,348310.218087,-13.684853,-39289.267069
indian_origin_self_employed_households,121,accrual,low,332848.027152,-15.395099,-46252.637757
indian_origin_self_employed_households,121,accrual,high,332848.027152,-14.922200,-44831.870431
indian_origin_self_employed_households,121,cash,low,332848.027152,-17.054492,-51238.074997
indian_origin_self_employed_households,121,cash,high,332848.027152,-16.581593,-49817.307671
indian_origin_self_employed_households,122,accrual,low,362794.381307,-18.064353,-49792.263186
indian_origin_self_employed_households,122,accrual,high,362794.381307,-17.550061,-48374.677559
indian_origin_self_employed_households,122,cash,low,362794.381307,-19.815726,-54619.715754
indian_origin_self_employed_households,122,cash,high,362794.381307,-19.301434,-53202.130127
indian_origin_self_employed_households,123,accrual,low,333137.188875,-11.063869,-33211.148206
indian_origin_self_employed_households,123,accrual,high,333137.188875,-10.589460,-31787.084702
indian_origin_self_employed_households,123,cash,low,333137.188875,-12.828252,-38507.414390
indian_origin_self_employed_households,123,cash,high,333137.188875,-12.353843,-37083.350887
indian_origin_self_employed_households,124,accrual,low,391726.855620,-12.310312,-31425.754841
indian_origin_self_employed_households,124,accrual,high,391726.855620,-11.772409,-30052.595703
indian_origin_self_employed_households,124,cash,low,391726.855620,-14.351280,-36635.934803
indian_origin_self_employed_households,124,cash,high,391726.855620,-13.813376,-35262.775664
indian_origin_self_employed_households,125,accrual,low,372461.547668,-11.824137,-31745.926846
indian_origin_self_employed_households,125,accrual,high,372461.547668,-11.327904,-30413.619621
indian_origin_self_employed_households,125,cash,low,372461.547668,-13.628031,-36589.095857
indian_origin_self_employed_households,125,cash,high,372461.547668,-13.131798,-35256.788632
indian_origin_self_employed_households,126,accrual,low,366338.500840,-19.606278,-53519.568473
indian_origin_self_employed_households,126,accrual,high,366338.500840,-19.068974,-52052.880938
indian_origin_self_employed_households,126,cash,low,366338.500840,-21.539441,-58796.553804
indian_origin_self_employed_households,126,cash,high,366338.500840,-21.002137,-57329.866269
indian_origin_self_employed_households,127,accrual,low,345459.595866,-12.604971,-36487.539229
indian_origin_self_employed_households,127,accrual,high,345459.595866,-12.115682,-35071.199744
indian_origin_self_employed_households,127,cash,low,345459.595866,-14.462628,-41864.891437
indian_origin_self_employed_households,127,cash,high,345459.595866,-13.973340,-40448.551951
indian_origin_self_employed_households,128,accrual,low,339817.072250,-18.622866,-54802.621589
indian_origin_self_employed_households,128,accrual,high,339817.072250,-18.141725,-53386.737254
indian_origin_self_employed_households,128,cash,low,339817.072250,-20.241004,-59564.412381
indian_origin_self_employed_households,128,cash,high,339817.072250,-19.759863,-58148.528046
indian_origin_self_employed_households,129,accrual,low,389999.783230,-5.894997,-15115.385315
indian_origin_self_employed_households,129,accrual,high,389999.783230,-5.396520,-13837.238474
indian_origin_self_employed_households,129,cash,low,389999.783230,-7.602519,-19493.649734
indian_origin_self_employed_households,129,cash,high,389999.783230,-7.104042,-18215.502894
indian_origin_self_employed_households,130,accrual,low,348902.804705,-12.157384,-34844.614987
indian_origin_self_employed_households,130,accrual,high,348902.804705,-11.690708,-33507.063251
indian_origin_self_employed_households,130,cash,low,348902.804705,-13.844143,-39679.081334
indian_origin_self_employed_households,130,cash,high,348902.804705,-13.377467,-38341.529598
indian_origin_self_employed_households,131,accrual,low,361035.529807,-5.580256,-15456.251226
indian_origin_self_employed_households,131,accrual,high,361035.529807,-5.103975,-14137.044460
indian_origin_self_employed_households,131,cash,low,361035.529807,-7.315121,-20261.497867
indian_origin_self_employed_households,131,cash,high,361035.529807,-6.838840,-18942.291102
indian_origin_self_employed_households,132,accrual,low,348489.317179,-11.902660,-34155.019726
indian_origin_self_employed_households,132,accrual,high,348489.317179,-11.426196,-32787.794837
indian_origin_self_employed_households,132,cash,low,348489.317179,-13.666922,-39217.620364
indian_origin_self_employed_households,132,cash,high,348489.317179,-13.190458,-37850.395475
indian_origin_self_employed_households,133,accrual,low,357625.472421,-10.996326,-30748.162822
indian_origin_self_employed_households,133,accrual,high,357625.472421,-10.506240,-29377.772371
indian_origin_self_employed_households,133,cash,low,357625.472421,-12.745321,-35638.738053
indian_origin_self_employed_households,133,cash,high,357625.472421,-12.255234,-34268.347602
indian_origin_self_employed_households,134,accrual,low,380557.906143,-11.995698,-31521.348217
indian_origin_self_employed_households,134,accrual,high,380557.906143,-11.484312,-30177.568622
indian_origin_self_employed_households,134,cash,low,380557.906143,-13.726686,-36069.900360
indian_origin_self_employed_households,134,cash,high,380557.906143,-13.215300,-34726.120765
indian_origin_self_employed_households,135,accrual,low,379812.204238,-5.638557,-14845.644743
indian_origin_self_employed_households,135,accrual,high,379812.204238,-5.156615,-13576.749968
indian_origin_self_employed_households,135,cash,low,379812.204238,-7.405621,-19498.112657
indian_origin_self_employed_households,135,cash,high,379812.204238,-6.923679,-18229.217882
indian_origin_self_employed_households,136,accrual,low,399902.593436,-5.275702,-13192.466901
indian_origin_self_employed_households,136,accrual,high,399902.593436,-4.760099,-11903.146550
indian_origin_self_employed_households,136,cash,low,399902.593436,-7.167419,-17922.911036
indian_origin_self_employed_households,136,cash,high,399902.593436,-6.651816,-16633.590685
indian_origin_self_employed_households,137,accrual,low,402419.945969,-17.632252,-43815.550948
indian_origin_self_employed_households,137,accrual,high,402419.945969,-17.055203,-42381.603760
indian_origin_self_employed_households,137,cash,low,402419.945969,-19.742945,-49060.551811
indian_origin_self_employed_households,137,cash,high,402419.945969,-19.165896,-47626.604623
indian_origin_self_employed_households,138,accrual,low,349784.724621,-10.974727,-31375.660856
indian_origin_self_employed_households,138,accrual,high,349784.724621,-10.498164,-30013.215536
indian_origin_self_employed_households,138,cash,low,349784.724621,-12.597141,-36013.983865
indian_origin_self_employed_households,138,cash,high,349784.724621,-12.120579,-34651.538545
indian_origin_self_employed_households,139,accrual,low,358269.336576,-5.721019,-15968.486975
indian_origin_self_employed_households,139,accrual,high,358269.336576,-5.254426,-14666.132407
indian_origin_self_employed_households,139,cash,low,358269.336576,-7.462332,-20828.832846
indian_origin_self_employed_households,139,cash,high,358269.336576,-6.995738,-19526.478278
indian_origin_self_employed_households,140,accrual,low,364037.598072,-11.811550,-32445.962238
indian_origin_self_employed_households,140,accrual,high,364037.598072,-11.321139,-31098.817238
indian_origin_self_employed_households,140,cash,low,364037.598072,-13.403829,-36819.901846
indian_origin_self_employed_households,140,cash,high,364037.598072,-12.913417,-35472.756845
indian_origin_self_employed_households,141,accrual,low,353756.391770,-12.709666,-35927.734170
indian_origin_self_employed_households,141,accrual,high,353756.391770,-12.219861,-34543.151912
indian_origin_self_employed_households,141,cash,low,353756.391770,-14.589070,-41240.443502
indian_origin_self_employed_households,141,cash,high,353756.391770,-14.099266,-39855.861245
indian_origin_self_employed_households,142,accrual,low,370551.551221,-10.563241,-28506.806734
indian_origin_self_employed_households,142,accrual,high,370551.551221,-10.064101,-27159.785289
indian_origin_self_employed_households,142,cash,low,370551.551221,-12.455424,-33613.200781
indian_origin_self_employed_households,142,cash,high,370551.551221,-11.956283,-32266.179336
indian_origin_self_employed_households,143,accrual,low,460840.738193,-18.154758,-39394.862502
indian_origin_self_employed_households,143,accrual,high,460840.738193,-17.524758,-38027.797895
indian_origin_self_employed_households,143,cash,low,460840.738193,-20.275670,-43997.131158
indian_origin_self_employed_households,143,cash,high,460840.738193,-19.645671,-42630.066551
indian_origin_self_employed_households,144,accrual,low,358554.910517,-19.006758,-53009.337455
indian_origin_self_employed_households,144,accrual,high,358554.910517,-18.487904,-51562.267730
indian_origin_self_employed_households,144,cash,low,358554.910517,-20.852410,-58156.810676
indian_origin_self_employed_households,144,cash,high,358554.910517,-20.333556,-56709.740951
indian_origin_self_employed_households,145,accrual,low,303397.112774,-4.831646,-15925.154157
indian_origin_self_employed_households,145,accrual,high,303397.112774,-4.428442,-14596.191707
indian_origin_self_employed_households,145,cash,low,303397.112774,-6.342162,-20903.832183
indian_origin_self_employed_households,145,cash,high,303397.112774,-5.938959,-19574.869733
indian_origin_self_employed_households,146,accrual,low,333942.099508,-11.499899,-34436.806444
indian_origin_self_employed_households,146,accrual,high,333942.099508,-11.048286,-33084.435096
indian_origin_self_employed_households,146,cash,low,333942.099508,-13.157398,-39400.238232
indian_origin_self_employed_households,146,cash,high,333942.099508,-12.705785,-38047.866885
indian_origin_self_employed_households,147,accrual,low,327092.822441,-5.523871,-16887.776619
indian_origin_self_employed_households,147,accrual,high,327092.822441,-5.108310,-15617.311009
indian_origin_self_employed_households,147,cash,low,327092.822441,-6.869893,-21002.883868
indian_origin_self_employed_households,147,cash,high,327092.822441,-6.454332,-19732.418258
indian_origin_self_employed_households,148,accrual,low,383135.168443,-12.733598,-33235.262684
indian_origin_self_employed_households,148,accrual,high,383135.168443,-12.205284,-31856.338269
indian_origin_self_employed_households,148,cash,low,383135.168443,-14.758128,-38519.377581
indian_origin_self_employed_households,148,cash,high,383135.168443,-14.229814,-37140.453166
indian_origin_self_employed_households,149,accrual,low,346448.030655,-9.840292,-28403.372268
indian_origin_self_employed_households,149,accrual,high,346448.030655,-9.376953,-27065.972381
indian_origin_self_employed_households,149,cash,low,346448.030655,-11.387946,-32870.575226
indian_origin_self_employed_households,149,cash,high,346448.030655,-10.924606,-31533.175339
indian_origin_self_employed_households,150,accrual,low,369342.752156,-5.380582,-14567.991829
indian_origin_self_employed_households,150,accrual,high,369342.752156,-4.890814,-13241.939378
indian_origin_self_employed_households,150,cash,low,369342.752156,-7.252558,-19636.388240
indian_origin_self_employed_households,150,cash,high,369342.752156,-6.762790,-18310.335789
indian_origin_self_employed_households,151,accrual,low,353200.111374,-12.281984,-34773.443330
indian_origin_self_employed_households,151,accrual,high,353200.111374,-11.799833,-33408.350470
indian_origin_self_employed_households,151,cash,low,353200.111374,-14.035142,-39737.081510
indian_origin_self_employed_households,151,cash,high,353200.111374,-13.552991,-38371.988650
indian_origin_self_employed_households,152,accrual,low,375175.660974,-5.373855,-14323.569304
indian_origin_self_employed_households,152,accrual,high,375175.660974,-4.879104,-13004.852141
indian_origin_self_employed_households,152,cash,low,375175.660974,-7.107519,-18944.510186
indian_origin_self_employed_households,152,cash,high,375175.660974,-6.612769,-17625.793022
indian_origin_self_employed_households,153,accrual,low,445608.766802,-17.739110,-39808.709846
indian_origin_self_employed_households,153,accrual,high,445608.766802,-17.110665,-38398.403003
indian_origin_self_employed_households,153,cash,low,445608.766802,-19.901188,-44660.673312
indian_origin_self_employed_households,153,cash,high,445608.766802,-19.272742,-43250.366469
indian_origin_self_employed_households,154,accrual,low,403597.363037,-18.047013,-44715.389560
indian_origin_self_employed_households,154,accrual,high,403597.363037,-17.469771,-43285.145456
indian_origin_self_employed_households,154,cash,low,403597.363037,-20.271944,-50228.137648
indian_origin_self_employed_households,154,cash,high,403597.363037,-19.694701,-48797.893543
indian_origin_self_employed_households,155,accrual,low,334399.391862,-11.871574,-35501.182538
indian_origin_self_employed_households,155,accrual,high,334399.391862,-11.412577,-34128.581846
indian_origin_self_employed_households,155,cash,low,334399.391862,-13.502391,-40378.036367
indian_origin_self_employed_households,155,cash,high,334399.391862,-13.043394,-39005.435675
indian_origin_self_employed_households,156,accrual,low,331710.607287,-10.178980,-30686.325634
indian_origin_self_employed_households,156,accrual,high,331710.607287,-9.736965,-29353.795849
indian_origin_self_employed_households,156,cash,low,331710.607287,-11.797702,-35566.247728
indian_origin_self_employed_households,156,cash,high,331710.607287,-11.355687,-34233.717942
indian_origin_self_employed_households,157,accrual,low,338582.516203,-11.452273,-33824.170079
indian_origin_self_employed_households,157,accrual,high,338582.516203,-10.992027,-32464.840780
indian_origin_self_employed_households,157,cash,low,338582.516203,-12.974665,-38320.539775
indian_origin_self_employed_households,157,cash,high,338582.516203,-12.514420,-36961.210475
indian_origin_self_employed_households,158,accrual,low,373098.231579,-5.275781,-14140.461933
indian_origin_self_employed_households,158,accrual,high,373098.231579,-4.802015,-12870.644004
indian_origin_self_employed_households,158,cash,low,373098.231579,-6.929332,-18572.407739
indian_origin_self_employed_households,158,cash,high,373098.231579,-6.455566,-17302.589810
indian_origin_self_employed_households,159,accrual,low,373488.984863,-10.089395,-27013.901266
indian_origin_self_employed_households,159,accrual,high,373488.984863,-9.598244,-25698.867030
indian_origin_self_employed_households,159,cash,low,373488.984863,-11.868883,-31778.402545
indian_origin_self_employed_households,159,cash,high,373488.984863,-11.377733,-30463.368310
indian_origin_self_employed_households,160,accrual,low,342975.596603,-17.876823,-52122.724651
indian_origin_self_employed_households,160,accrual,high,342975.596603,-17.377736,-50667.556983
indian_origin_self_employed_households,160,cash,low,342975.596603,-19.730146,-57526.384201
indian_origin_self_employed_households,160,cash,high,342975.596603,-19.231059,-56071.216533
indian_origin_wage_salary_households,0,accrual,low,4723102.225202,-65.527926,-13873.916553
indian_origin_wage_salary_households,0,accrual,high,4723102.225202,-59.002895,-12492.402767
indian_origin_wage_salary_households,0,cash,low,4723102.225202,-94.042875,-19911.251247
indian_origin_wage_salary_households,0,cash,high,4723102.225202,-87.517844,-18529.737461
indian_origin_wage_salary_households,1,accrual,low,4743844.078109,-65.779364,-13866.257589
indian_origin_wage_salary_households,1,accrual,high,4743844.078109,-59.221051,-12483.768481
indian_origin_wage_salary_households,1,cash,low,4743844.078109,-94.446321,-19909.238057
indian_origin_wage_salary_households,1,cash,high,4743844.078109,-87.888008,-18526.748948
indian_origin_wage_salary_households,2,accrual,low,4570664.126219,-63.018272,-13787.552632
indian_origin_wage_salary_households,2,accrual,high,4570664.126219,-56.703873,-12406.046787
indian_origin_wage_salary_households,2,cash,low,4570664.126219,-90.543020,-19809.598302
indian_origin_wage_salary_households,2,cash,high,4570664.126219,-84.228621,-18428.092458
indian_origin_wage_salary_households,3,accrual,low,4601354.787446,-68.095708,-14799.056180
indian_origin_wage_salary_households,3,accrual,high,4601354.787446,-61.684669,-13405.762438
indian_origin_wage_salary_households,3,cash,low,4601354.787446,-96.465170,-20964.514656
indian_origin_wage_salary_households,3,cash,high,4601354.787446,-90.054131,-19571.220914
indian_origin_wage_salary_households,4,accrual,low,4780415.718829,-70.236625,-14692.576805
indian_origin_wage_salary_households,4,accrual,high,4780415.718829,-63.571475,-13298.315194
indian_origin_wage_salary_households,4,cash,low,4780415.718829,-99.484040,-20810.750703
indian_origin_wage_salary_households,4,cash,high,4780415.718829,-92.818890,-19416.489091
indian_origin_wage_salary_households,5,accrual,low,4646857.438113,-66.099526,-14224.565176
indian_origin_wage_salary_households,5,accrual,high,4646857.438113,-59.680079,-12843.105212
indian_origin_wage_salary_households,5,cash,low,4646857.438113,-94.217692,-20275.571788
indian_origin_wage_salary_households,5,cash,high,4646857.438113,-87.798244,-18894.111824
indian_origin_wage_salary_households,6,accrual,low,4760662.884939,-66.645177,-13999.138049
indian_origin_wage_salary_households,6,accrual,high,4760662.884939,-60.059746,-12615.836831
indian_origin_wage_salary_households,6,cash,low,4760662.884939,-96.226312,-20212.796985
indian_origin_wage_salary_households,6,cash,high,4760662.884939,-89.640882,-18829.495767
indian_origin_wage_salary_households,7,accrual,low,4528681.064491,-61.638191,-13610.627589
indian_origin_wage_salary_households,7,accrual,high,4528681.064491,-55.407250,-12234.743194
indian_origin_wage_salary_households,7,cash,low,4528681.064491,-88.932652,-19637.649643
indian_origin_wage_salary_households,7,cash,high,4528681.064491,-82.701710,-18261.765248
indian_origin_wage_salary_households,8,accrual,low,4777898.545431,-64.937181,-13591.159424
indian_origin_wage_salary_households,8,accrual,high,4777898.545431,-58.336758,-12209.710481
indian_origin_wage_salary_households,8,cash,low,4777898.545431,-93.412148,-19550.885681
indian_origin_wage_salary_households,8,cash,high,4777898.545431,-86.811725,-18169.436739
indian_origin_wage_salary_households,9,accrual,low,4717583.210306,-65.031008,-13784.814126
indian_origin_wage_salary_households,9,accrual,high,4717583.210306,-58.543353,-12409.606894
indian_origin_wage_salary_households,9,cash,low,4717583.210306,-93.422513,-19803.045173
indian_origin_wage_salary_households,9,cash,high,4717583.210306,-86.934859,-18427.837942
indian_origin_wage_salary_households,10,accrual,low,4749509.262124,-61.494140,-12947.472467
indian_origin_wage_salary_households,10,accrual,high,4749509.262124,-54.965392,-11572.857101
indian_origin_wage_salary_households,10,cash,low,4749509.262124,-89.509731,-18846.101050
indian_origin_wage_salary_households,10,cash,high,4749509.262124,-82.980983,-17471.485685
indian_origin_wage_salary_households,11,accrual,low,4568956.182024,-68.544457,-15002.213755
indian_origin_wage_salary_households,11,accrual,high,4568956.182024,-62.167413,-13606.480420
indian_origin_wage_salary_households,11,cash,low,4568956.182024,-96.615639,-21146.107560
indian_origin_wage_salary_households,11,cash,high,4568956.182024,-90.238594,-19750.374225
indian_origin_wage_salary_households,12,accrual,low,4848882.255000,-70.382857,-14515.274552
indian_origin_wage_salary_households,12,accrual,high,4848882.255000,-63.643458,-13125.387392
indian_origin_wage_salary_households,12,cash,low,4848882.255000,-100.005306,-20624.403851
indian_origin_wage_salary_households,12,cash,high,4848882.255000,-93.265907,-19234.516691
indian_origin_wage_salary_households,13,accrual,low,4717305.142134,-61.674681,-13074.134406
indian_origin_wage_salary_households,13,accrual,high,4717305.142134,-55.182352,-11697.855095
indian_origin_wage_salary_households,13,cash,low,4717305.142134,-89.189569,-18906.889870
indian_origin_wage_salary_households,13,cash,high,4717305.142134,-82.697239,-17530.610558
indian_origin_wage_salary_households,14,accrual,low,4705256.669945,-67.760646,-14401.051903
indian_origin_wage_salary_households,14,accrual,high,4705256.669945,-61.235250,-13014.220934
indian_origin_wage_salary_households,14,cash,low,4705256.669945,-96.744734,-20560.989677
indian_origin_wage_salary_households,14,cash,high,4705256.669945,-90.219338,-19174.158708
indian_origin_wage_salary_households,15,accrual,low,4720986.395810,-61.316286,-12988.024395
indian_origin_wage_salary_households,15,accrual,high,4720986.395810,-54.858558,-11620.147358
indian_origin_wage_salary_households,15,cash,low,4720986.395810,-89.179823,-18890.082532
indian_origin_wage_salary_households,15,cash,high,4720986.395810,-82.722094,-17522.205494
indian_origin_wage_salary_households,16,accrual,low,4736481.904701,-59.655322,-12594.858990
indian_origin_wage_salary_households,16,accrual,high,4736481.904701,-53.170320,-11225.698937
indian_origin_wage_salary_households,16,cash,low,4736481.904701,-87.998384,-18578.849455
indian_origin_wage_salary_households,16,cash,high,4736481.904701,-81.513382,-17209.689403
indian_origin_wage_salary_households,17,accrual,low,4886704.388208,-67.467496,-13806.338628
indian_origin_wage_salary_households,17,accrual,high,4886704.388208,-60.693787,-12420.187905
indian_origin_wage_salary_households,17,cash,low,4886704.388208,-97.515315,-19955.230933
indian_origin_wage_salary_households,17,cash,high,4886704.388208,-90.741606,-18569.080211
indian_origin_wage_salary_households,18,accrual,low,4717113.624735,-61.381635,-13012.541029
indian_origin_wage_salary_households,18,accrual,high,4717113.624735,-54.899451,-11638.356693
indian_origin_wage_salary_households,18,cash,low,4717113.624735,-89.453718,-18963.655656
indian_origin_wage_salary_households,18,cash,high,4717113.624735,-82.971535,-17589.471319
indian_origin_wage_salary_households,19,accrual,low,4773426.093817,-58.261148,-12205.310547
indian_origin_wage_salary_households,19,accrual,high,4773426.093817,-51.747699,-10840.787677
indian_origin_wage_salary_households,19,cash,low,4773426.093817,-86.051817,-18027.264994
indian_origin_wage_salary_households,19,cash,high,4773426.093817,-79.538368,-16662.742124
indian_origin_wage_salary_households,20,accrual,low,4918796.780041,-63.467152,-12902.983253
indian_origin_wage_salary_households,20,accrual,high,4918796.780041,-56.740015,-11535.344382
indian_origin_wage_salary_households,20,cash,low,4918796.780041,-92.197310,-18743.874535
indian_origin_wage_salary_households,20,cash,high,4918796.780041,-85.470172,-17376.235664
indian_origin_wage_salary_households,21,accrual,low,4627330.619764,-67.105255,-14501.936452
indian_origin_wage_salary_households,21,accrual,high,4627330.619764,-60.710805,-13120.049123
indian_origin_wage_salary_households,21,cash,low,4627330.619764,-94.585085,-20440.528827
indian_origin_wage_salary_households,21,cash,high,4627330.619764,-88.190635,-19058.641497
indian_origin_wage_salary_households,22,accrual,low,4880393.106600,-68.645047,-14065.475004
indian_origin_wage_salary_households,22,accrual,high,4880393.106600,-61.897205,-12682.831901
indian_origin_wage_salary_households,22,cash,low,4880393.106600,-98.301939,-20142.217423
indian_origin_wage_salary_households,22,cash,high,4880393.106600,-91.554097,-18759.574320
indian_origin_wage_salary_households,23,accrual,low,4826337.004704,-71.526834,-14820.107602
indian_origin_wage_salary_households,23,accrual,high,4826337.004704,-64.795363,-13425.370610
indian_origin_wage_salary_households,23,cash,low,4826337.004704,-101.333687,-20995.982536
indian_origin_wage_salary_households,23,cash,high,4826337.004704,-94.602217,-19601.245545
indian_origin_wage_salary_households,24,accrual,low,5012542.959015,-69.242221,-13813.791084
indian_origin_wage_salary_households,24,accrual,high,5012542.959015,-62.325768,-12433.961770
indian_origin_wage_salary_households,24,cash,low,5012542.959015,-99.235703,-19797.476743
indian_origin_wage_salary_households,24,cash,high,5012542.959015,-92.319249,-18417.647428
indian_origin_wage_salary_households,25,accrual,low,4764535.608538,-61.832947,-12977.749001
indian_origin_wage_salary_households,25,accrual,high,4764535.608538,-55.300985,-11606.794458
indian_origin_wage_salary_households,25,cash,low,4764535.608538,-89.819569,-18851.694287
indian_origin_wage_salary_households,25,cash,high,4764535.608538,-83.287607,-17480.739743
indian_origin_wage_salary_households,26,accrual,low,4746162.298271,-65.953923,-13896.263801
indian_origin_wage_salary_households,26,accrual,high,4746162.298271,-59.398684,-12515.097509
indian_origin_wage_salary_households,26,cash,low,4746162.298271,-94.219058,-19851.630064
indian_origin_wage_salary_households,26,cash,high,4746162.298271,-87.663819,-18470.463772
indian_origin_wage_salary_households,27,accrual,low,4683228.709115,-66.439431,-14186.672383
indian_origin_wage_salary_households,27,accrual,high,4683228.709115,-59.912885,-12793.072549
indian_origin_wage_salary_households,27,cash,low,4683228.709115,-95.974934,-20493.326292
indian_origin_wage_salary_households,27,cash,high,4683228.709115,-89.448387,-19099.726458
indian_origin_wage_salary_households,28,accrual,low,4782722.900416,-62.175367,-12999.993634
indian_origin_wage_salary_households,28,accrual,high,4782722.900416,-55.589259,-11622.931132
indian_origin_wage_salary_households,28,cash,low,4782722.900416,-90.823929,-18990.004511
indian_origin_wage_salary_households,28,cash,high,4782722.900416,-84.237821,-17612.942009
indian_origin_wage_salary_households,29,accrual,low,4691827.701629,-62.735160,-13371.156027
indian_origin_wage_salary_households,29,accrual,high,4691827.701629,-56.287328,-11996.887349
indian_origin_wage_salary_households,29,cash,low,4691827.701629,-90.296626,-19245.512010
indian_origin_wage_salary_households,29,cash,high,4691827.701629,-83.848795,-17871.243332
indian_origin_wage_salary_households,30,accrual,low,4828222.000825,-70.084094,-14515.507786
indian_origin_wage_salary_households,30,accrual,high,4828222.000825,-63.423034,-13135.898556
indian_origin_wage_salary_households,30,cash,low,4828222.000825,-98.913779,-20486.584678
indian_origin_wage_salary_households,30,cash,high,4828222.000825,-92.252719,-19106.975448
indian_origin_wage_salary_households,31,accrual,low,4740272.142898,-58.223271,-12282.685344
indian_origin_wage_salary_households,31,accrual,high,4740272.142898,-51.703744,-10907.336611
indian_origin_wage_salary_households,31,cash,low,4740272.142898,-86.337098,-18213.531905
indian_origin_wage_salary_households,31,cash,high,4740272.142898,-79.817571,-16838.183172
indian_origin_wage_salary_households,32,accrual,low,4574180.650831,-64.087042,-14010.605796
indian_origin_wage_salary_households,32,accrual,high,4574180.650831,-57.767311,-12628.996313
indian_origin_wage_salary_households,32,cash,low,4574180.650831,-91.962472,-20104.687413
indian_origin_wage_salary_households,32,cash,high,4574180.650831,-85.642741,-18723.077931
indian_origin_wage_salary_households,33,accrual,low,4845275.953598,-71.103464,-14674.801815
indian_origin_wage_salary_households,33,accrual,high,4845275.953598,-64.443093,-13300.190440
indian_origin_wage_salary_households,33,cash,low,4845275.953598,-99.963819,-20631.192129
indian_origin_wage_salary_households,33,cash,high,4845275.953598,-93.303448,-19256.580755
indian_origin_wage_salary_households,34,accrual,low,4838401.197514,-69.792460,-14424.694601
indian_origin_wage_salary_households,34,accrual,high,4838401.197514,-63.061980,-13033.640105
indian_origin_wage_salary_households,34,cash,low,4838401.197514,-99.395294,-20543.003792
indian_origin_wage_salary_households,34,cash,high,4838401.197514,-92.664814,-19151.949296
indian_origin_wage_salary_households,35,accrual,low,5000398.448667,-69.428094,-13884.512398
indian_origin_wage_salary_households,35,accrual,high,5000398.448667,-62.543085,-12507.620310
indian_origin_wage_salary_households,35,cash,low,5000398.448667,-99.853138,-19969.036260
indian_origin_wage_salary_households,35,cash,high,5000398.448667,-92.968129,-18592.144172
indian_origin_wage_salary_households,36,accrual,low,4919292.093172,-65.703579,-13356.307781
indian_origin_wage_salary_households,36,accrual,high,4919292.093172,-58.890691,-11971.375227
indian_origin_wage_salary_households,36,cash,low,4919292.093172,-96.275412,-19570.989098
indian_origin_wage_salary_households,36,cash,high,4919292.093172,-89.462524,-18186.056544
indian_origin_wage_salary_households,37,accrual,low,4641476.798556,-70.802515,-15254.307712
indian_origin_wage_salary_households,37,accrual,high,4641476.798556,-64.344529,-13862.943195
indian_origin_wage_salary_households,37,cash,low,4641476.798556,-99.174090,-21366.925766
indian_origin_wage_salary_households,37,cash,high,4641476.798556,-92.716104,-19975.561250
indian_origin_wage_salary_households,38,accrual,low,4598327.050398,-68.536633,-14904.688686
indian_origin_wage_salary_households,38,accrual,high,4598327.050398,-62.143557,-13514.383890
indian_origin_wage_salary_households,38,cash,low,4598327.050398,-97.424700,-21186.987900
indian_origin_wage_salary_households,38,cash,high,4598327.050398,-91.031623,-19796.683104
indian_origin_wage_salary_households,39,accrual,low,4702423.325128,-65.451867,-13918.752525
indian_origin_wage_salary_households,39,accrual,high,4702423.325128,-58.933099,-12532.495489
indian_origin_wage_salary_households,39,cash,low,4702423.325128,-94.568350,-20110.556607
indian_origin_wage_salary_households,39,cash,high,4702423.325128,-88.049583,-18724.299570
indian_origin_wage_salary_households,40,accrual,low,4705932.969814,-67.471612,-14337.563305
indian_origin_wage_salary_households,40,accrual,high,4705932.969814,-60.976805,-12957.431730
indian_origin_wage_salary_households,40,cash,low,4705932.969814,-95.628186,-20320.770876
indian_origin_wage_salary_households,40,cash,high,4705932.969814,-89.133379,-18940.639301
indian_origin_wage_salary_households,41,accrual,low,4669432.105182,-61.824257,-13240.208974
indian_origin_wage_salary_households,41,accrual,high,4669432.105182,-55.434816,-11871.854020
indian_origin_wage_salary_households,41,cash,low,4669432.105182,-88.882317,-19034.930862
indian_origin_wage_salary_households,41,cash,high,4669432.105182,-82.492877,-17666.575908
indian_origin_wage_salary_households,42,accrual,low,4712763.487555,-64.103824,-13602.172845
indian_origin_wage_salary_households,42,accrual,high,4712763.487555,-57.601387,-12222.422615
indian_origin_wage_salary_households,42,cash,low,4712763.487555,-92.477340,-19622.741607
indian_origin_wage_salary_households,42,cash,high,4712763.487555,-85.974904,-18242.991376
indian_origin_wage_salary_households,43,accrual,low,4847658.916311,-68.990741,-14231.764623
indian_origin_wage_salary_households,43,accrual,high,4847658.916311,-62.250672,-12841.388626
indian_origin_wage_salary_households,43,cash,low,4847658.916311,-98.924597,-20406.674393
indian_origin_wage_salary_households,43,cash,high,4847658.916311,-92.184528,-19016.298396
indian_origin_wage_salary_households,44,accrual,low,4737038.145574,-65.848604,-13900.796717
indian_origin_wage_salary_households,44,accrual,high,4737038.145574,-59.251394,-12508.110023
indian_origin_wage_salary_households,44,cash,low,4737038.145574,-95.160362,-20088.578327
indian_origin_wage_salary_households,44,cash,high,4737038.145574,-88.563152,-18695.891633
indian_origin_wage_salary_households,45,accrual,low,4703001.914231,-67.176127,-14283.669937
indian_origin_wage_salary_households,45,accrual,high,4703001.914231,-60.671087,-12900.502314
indian_origin_wage_salary_households,45,cash,low,4703001.914231,-95.760756,-20361.623848
indian_origin_wage_salary_households,45,cash,high,4703001.914231,-89.255716,-18978.456225
indian_origin_wage_salary_households,46,accrual,low,4788073.493246,-69.532514,-14522.023024
indian_origin_wage_salary_households,46,accrual,high,4788073.493246,-62.856882,-13127.802310
indian_origin_wage_salary_households,46,cash,low,4788073.493246,-98.441250,-20559.678232
indian_origin_wage_salary_households,46,cash,high,4788073.493246,-91.765619,-19165.457518
indian_origin_wage_salary_households,47,accrual,low,4654513.252458,-64.857083,-13934.235242
indian_origin_wage_salary_households,47,accrual,high,4654513.252458,-58.408061,-12548.693719
indian_origin_wage_salary_households,47,cash,low,4654513.252458,-93.178584,-20018.974841
indian_origin_wage_salary_households,47,cash,high,4654513.252458,-86.729562,-18633.433318
indian_origin_wage_salary_households,48,accrual,low,4824378.451615,-66.170851,-13715.932931
indian_origin_wage_salary_households,48,accrual,high,4824378.451615,-59.520196,-12337.381179
indian_origin_wage_salary_households,48,cash,low,4824378.451615,-94.617048,-19612.277405
indian_origin_wage_salary_households,48,cash,high,4824378.451615,-87.966393,-18233.725653
indian_origin_wage_salary_households,49,accrual,low,4842914.634644,-61.318138,-12661.412022
indian_origin_wage_salary_households,49,accrual,high,4842914.634644,-54.715276,-11298.005469
indian_origin_wage_salary_households,49,cash,low,4842914.634644,-89.597154,-18500.667593
indian_origin_wage_salary_households,49,cash,high,4842914.634644,-82.994292,-17137.261040
indian_origin_wage_salary_households,50,accrual,low,4586458.633306,-58.793341,-12818.897091
indian_origin_wage_salary_households,50,accrual,high,4586458.633306,-52.540298,-11455.526508
indian_origin_wage_salary_households,50,cash,low,4586458.633306,-85.686593,-18682.517396
indian_origin_wage_salary_households,50,cash,high,4586458.633306,-79.433550,-17319.146814
indian_origin_wage_salary_households,51,accrual,low,4640723.067558,-66.325200,-14291.997030
indian_origin_wage_salary_households,51,accrual,high,4640723.067558,-59.926327,-12913.144472
indian_origin_wage_salary_households,51,cash,low,4640723.067558,-94.202198,-20299.034563
indian_origin_wage_salary_households,51,cash,high,4640723.067558,-87.803325,-18920.182005
indian_origin_wage_salary_households,52,accrual,low,4767633.878362,-66.268310,-13899.622353
indian_origin_wage_salary_households,52,accrual,high,4767633.878362,-59.694090,-12520.695046
indian_origin_wage_salary_households,52,cash,low,4767633.878362,-95.397750,-20009.453821
indian_origin_wage_salary_households,52,cash,high,4767633.878362,-88.823529,-18630.526514
indian_origin_wage_salary_households,53,accrual,low,4794181.431458,-64.616712,-13478.153172
indian_origin_wage_salary_households,53,accrual,high,4794181.431458,-58.038060,-12105.937243
indian_origin_wage_salary_households,53,cash,low,4794181.431458,-93.335101,-19468.412388
indian_origin_wage_salary_households,53,cash,high,4794181.431458,-86.756449,-18096.196459
indian_origin_wage_salary_households,54,accrual,low,4705956.905438,-69.554248,-14780.043651
indian_origin_wage_salary_households,54,accrual,high,4705956.905438,-63.042223,-13396.260152
indian_origin_wage_salary_households,54,cash,low,4705956.905438,-97.603330,-20740.378997
indian_origin_wage_salary_households,54,cash,high,4705956.905438,-91.091304,-19356.595498
indian_origin_wage_salary_households,55,accrual,low,4725141.413545,-68.671009,-14533.111888
indian_origin_wage_salary_households,55,accrual,high,4725141.413545,-62.169559,-13157.184887
indian_origin_wage_salary_households,55,cash,low,4725141.413545,-97.106461,-20551.016897
indian_origin_wage_salary_households,55,cash,high,4725141.413545,-90.605011,-19175.089896
indian_origin_wage_salary_households,56,accrual,low,4598549.178843,-61.974571,-13476.983506
indian_origin_wage_salary_households,56,accrual,high,4598549.178843,-55.630824,-12097.472962
indian_origin_wage_salary_households,56,cash,low,4598549.178843,-89.249421,-19408.169301
indian_origin_wage_salary_households,56,cash,high,4598549.178843,-82.905674,-18028.658757
indian_origin_wage_salary_households,57,accrual,low,4586473.212313,-63.964771,-13946.395766
indian_origin_wage_salary_households,57,accrual,high,4586473.212313,-57.621834,-12563.429683
indian_origin_wage_salary_households,57,cash,low,4586473.212313,-91.313713,-19909.352640
indian_origin_wage_salary_households,57,cash,high,4586473.212313,-84.970776,-18526.386556
indian_origin_wage_salary_households,58,accrual,low,4682715.501465,-65.719695,-14034.526542
indian_origin_wage_salary_households,58,accrual,high,4682715.501465,-59.228224,-12648.264438
indian_origin_wage_salary_households,58,cash,low,4682715.501465,-94.301576,-20138.224577
indian_origin_wage_salary_households,58,cash,high,4682715.501465,-87.810105,-18751.962472
indian_origin_wage_salary_households,59,accrual,low,4575420.039154,-61.547115,-13451.686365
indian_origin_wage_salary_households,59,accrual,high,4575420.039154,-55.276414,-12081.167038
indian_origin_wage_salary_households,59,cash,low,4575420.039154,-88.717903,-19390.111040
indian_origin_wage_salary_households,59,cash,high,4575420.039154,-82.447201,-18019.591713
indian_origin_wage_salary_households,60,accrual,low,4819689.481592,-69.933673,-14509.995633
indian_origin_wage_salary_households,60,accrual,high,4819689.481592,-63.218351,-13116.685535
indian_origin_wage_salary_households,60,cash,low,4819689.481592,-99.554477,-20655.786439
indian_origin_wage_salary_households,60,cash,high,4819689.481592,-92.839155,-19262.476341
indian_origin_wage_salary_households,61,accrual,low,4833967.618620,-60.377353,-12490.226925
indian_origin_wage_salary_households,61,accrual,high,4833967.618620,-53.736934,-11116.527527
indian_origin_wage_salary_households,61,cash,low,4833967.618620,-89.205333,-18453.853996
indian_origin_wage_salary_households,61,cash,high,4833967.618620,-82.564914,-17080.154598
indian_origin_wage_salary_households,62,accrual,low,4631604.873674,-66.445131,-14346.027581
indian_origin_wage_salary_households,62,accrual,high,4631604.873674,-60.051242,-12965.536501
indian_origin_wage_salary_households,62,cash,low,4631604.873674,-94.827742,-20474.056899
indian_origin_wage_salary_households,62,cash,high,4631604.873674,-88.433853,-19093.565819
indian_origin_wage_salary_households,63,accrual,low,4541348.885754,-63.234609,-13924.191021
indian_origin_wage_salary_households,63,accrual,high,4541348.885754,-56.947984,-12539.882960
indian_origin_wage_salary_households,63,cash,low,4541348.885754,-91.383113,-20122.460375
indian_origin_wage_salary_households,63,cash,high,4541348.885754,-85.096487,-18738.152314
indian_origin_wage_salary_households,64,accrual,low,4566829.937054,-62.439240,-13672.337469
indian_origin_wage_salary_households,64,accrual,high,4566829.937054,-56.121733,-12288.991247
indian_origin_wage_salary_households,64,cash,low,4566829.937054,-90.334950,-19780.668726
indian_origin_wage_salary_households,64,cash,high,4566829.937054,-84.017443,-18397.322505
indian_origin_wage_salary_households,65,accrual,low,4779754.598071,-66.390095,-13889.854234
indian_origin_wage_salary_households,65,accrual,high,4779754.598071,-59.824531,-12516.234933
indian_origin_wage_salary_households,65,cash,low,4779754.598071,-94.715533,-19815.982428
indian_origin_wage_salary_households,65,cash,high,4779754.598071,-88.149970,-18442.363126
indian_origin_wage_salary_households,66,accrual,low,4667924.752204,-64.776319,-13876.898741
indian_origin_wage_salary_households,66,accrual,high,4667924.752204,-58.293583,-12488.115311
indian_origin_wage_salary_households,66,cash,low,4667924.752204,-93.758604,-20085.714570
indian_origin_wage_salary_households,66,cash,high,4667924.752204,-87.275868,-18696.931140
indian_origin_wage_salary_households,67,accrual,low,4707553.773759,-67.878214,-14418.999193
indian_origin_wage_salary_households,67,accrual,high,4707553.773759,-61.339195,-13029.950974
indian_origin_wage_salary_households,67,cash,low,4707553.773759,-96.629882,-20526.559379
indian_origin_wage_salary_households,67,cash,high,4707553.773759,-90.090863,-19137.511160
indian_origin_wage_salary_households,68,accrual,low,4690580.997865,-58.629561,-12499.424037
indian_origin_wage_salary_households,68,accrual,high,4690580.997865,-52.243113,-11137.876848
indian_origin_wage_salary_households,68,cash,low,4690580.997865,-86.256430,-18389.284836
indian_origin_wage_salary_households,68,cash,high,4690580.997865,-79.869983,-17027.737646
indian_origin_wage_salary_households,69,accrual,low,4822157.459856,-72.231149,-14979.010811
indian_origin_wage_salary_households,69,accrual,high,4822157.459856,-65.561702,-13595.927259
indian_origin_wage_salary_households,69,cash,low,4822157.459856,-101.222285,-20991.078261
indian_origin_wage_salary_households,69,cash,high,4822157.459856,-94.552838,-19607.994708
indian_origin_wage_salary_households,70,accrual,low,4765916.440803,-66.779060,-14011.798234
indian_origin_wage_salary_households,70,accrual,high,4765916.440803,-60.177537,-12626.645390
indian_origin_wage_salary_households,70,cash,low,4765916.440803,-95.420247,-20021.384705
indian_origin_wage_salary_households,70,cash,high,4765916.440803,-88.818724,-18636.231861
indian_origin_wage_salary_households,71,accrual,low,4791537.460040,-71.491671,-14920.403319
indian_origin_wage_salary_households,71,accrual,high,4791537.460040,-64.801897,-13524.238756
indian_origin_wage_salary_households,71,cash,low,4791537.460040,-101.321045,-21145.831669
indian_origin_wage_salary_households,71,cash,high,4791537.460040,-94.631270,-19749.667105
indian_origin_wage_salary_households,72,accrual,low,4569918.217520,-64.486423,-14111.067183
indian_origin_wage_salary_households,72,accrual,high,4569918.217520,-58.135082,-12721.252121
indian_origin_wage_salary_households,72,cash,low,4569918.217520,-92.455926,-20231.417967
indian_origin_wage_salary_households,72,cash,high,4569918.217520,-86.104584,-18841.602906
indian_origin_wage_salary_households,73,accrual,low,4828183.170880,-62.807031,-13008.419236
indian_origin_wage_salary_households,73,accrual,high,4828183.170880,-56.177575,-11635.344608
indian_origin_wage_salary_households,73,cash,low,4828183.170880,-91.833321,-19020.264457
indian_origin_wage_salary_households,73,cash,high,4828183.170880,-85.203865,-17647.189830
indian_origin_wage_salary_households,74,accrual,low,4672709.946776,-61.213719,-13100.260710
indian_origin_wage_salary_households,74,accrual,high,4672709.946776,-54.786514,-11724.783800
indian_origin_wage_salary_households,74,cash,low,4672709.946776,-88.983376,-19043.205473
indian_origin_wage_salary_households,74,cash,high,4672709.946776,-82.556171,-17667.728563
indian_origin_wage_salary_households,75,accrual,low,4759070.560374,-68.264544,-14344.091597
indian_origin_wage_salary_households,75,accrual,high,4759070.560374,-61.648987,-12953.997264
indian_origin_wage_salary_households,75,cash,low,4759070.560374,-97.009030,-20384.028566
indian_origin_wage_salary_households,75,cash,high,4759070.560374,-90.393473,-18993.934234
indian_origin_wage_salary_households,76,accrual,low,4791852.211176,-69.530871,-14510.228504
indian_origin_wage_salary_households,76,accrual,high,4791852.211176,-62.845445,-13115.063323
indian_origin_wage_salary_households,76,cash,low,4791852.211176,-98.539144,-20563.894567
indian_origin_wage_salary_households,76,cash,high,4791852.211176,-91.853718,-19168.729385
indian_origin_wage_salary_households,77,accrual,low,4590460.309877,-64.688793,-14092.005803
indian_origin_wage_salary_households,77,accrual,high,4590460.309877,-58.300409,-12700.340435
indian_origin_wage_salary_households,77,cash,low,4590460.309877,-92.596145,-20171.429100
indian_origin_wage_salary_households,77,cash,high,4590460.309877,-86.207760,-18779.763733
indian_origin_wage_salary_households,78,accrual,low,4712391.770301,-66.923834,-14201.670322
indian_origin_wage_salary_households,78,accrual,high,4712391.770301,-60.434124,-12824.511808
indian_origin_wage_salary_households,78,cash,low,4712391.770301,-95.178367,-20197.464868
indian_origin_wage_salary_households,78,cash,high,4712391.770301,-88.688657,-18820.306354
indian_origin_wage_salary_households,79,accrual,low,4665947.039336,-69.963592,-14994.510595
indian_origin_wage_salary_households,79,accrual,high,4665947.039336,-63.522837,-13614.135784
indian_origin_wage_salary_households,79,cash,low,4665947.039336,-97.494458,-20894.891682
indian_origin_wage_salary_households,79,cash,high,4665947.039336,-91.053702,-19514.516870
indian_origin_wage_salary_households,80,accrual,low,4701138.527677,-62.825672,-13363.926887
indian_origin_wage_salary_households,80,accrual,high,4701138.527677,-56.341411,-11984.631030
indian_origin_wage_salary_households,80,cash,low,4701138.527677,-91.734920,-19513.341229
indian_origin_wage_salary_households,80,cash,high,4701138.527677,-85.250659,-18134.045372
indian_origin_wage_salary_households,81,accrual,low,4836966.307770,-64.104520,-13253.042390
indian_origin_wage_salary_households,81,accrual,high,4836966.307770,-57.475086,-11882.465588
indian_origin_wage_salary_households,81,cash,low,4836966.307770,-93.076669,-19242.778132
indian_origin_wage_salary_households,81,cash,high,4836966.307770,-86.447236,-17872.201329
indian_origin_wage_salary_households,82,accrual,low,4791874.844097,-72.948973,-15223.472164
indian_origin_wage_salary_households,82,accrual,high,4791874.844097,-66.274668,-13830.634107
indian_origin_wage_salary_households,82,cash,low,4791874.844097,-102.081410,-21303.020854
indian_origin_wage_salary_households,82,cash,high,4791874.844097,-95.407104,-19910.182798
indian_origin_wage_salary_households,83,accrual,low,4657141.110306,-66.127998,-14199.268740
indian_origin_wage_salary_households,83,accrual,high,4657141.110306,-59.686136,-12816.046333
indian_origin_wage_salary_households,83,cash,low,4657141.110306,-93.987262,-20181.321546
indian_origin_wage_salary_households,83,cash,high,4657141.110306,-87.545400,-18798.099140
indian_origin_wage_salary_households,84,accrual,low,4796400.020278,-62.773426,-13087.612787
indian_origin_wage_salary_households,84,accrual,high,4796400.020278,-56.172707,-11711.430890
indian_origin_wage_salary_households,84,cash,low,4796400.020278,-91.597880,-19097.214501
indian_origin_wage_salary_households,84,cash,high,4796400.020278,-84.997161,-17721.032604
indian_origin_wage_salary_households,85,accrual,low,4750416.692820,-69.250964,-14577.871482
indian_origin_wage_salary_households,85,accrual,high,4750416.692820,-62.654763,-13189.319333
indian_origin_wage_salary_households,85,cash,low,4750416.692820,-97.700833,-20566.792121
indian_origin_wage_salary_households,85,cash,high,4750416.692820,-91.104631,-19178.239972
indian_origin_wage_salary_households,86,accrual,low,4951792.277124,-70.638698,-14265.278885
indian_origin_wage_salary_households,86,accrual,high,4951792.277124,-63.776369,-12879.451602
indian_origin_wage_salary_households,86,cash,low,4951792.277124,-100.768383,-20349.880807
indian_origin_wage_salary_households,86,cash,high,4951792.277124,-93.906054,-18964.053524
indian_origin_wage_salary_households,87,accrual,low,4808188.179867,-66.979177,-13930.232024
indian_origin_wage_salary_households,87,accrual,high,4808188.179867,-60.338299,-12549.071935
indian_origin_wage_salary_households,87,cash,low,4808188.179867,-96.022620,-19970.645165
indian_origin_wage_salary_households,87,cash,high,4808188.179867,-89.381742,-18589.485076
indian_origin_wage_salary_households,88,accrual,low,4907084.201843,-69.651842,-14194.140327
indian_origin_wage_salary_households,88,accrual,high,4907084.201843,-62.876818,-12813.478544
indian_origin_wage_salary_households,88,cash,low,4907084.201843,-99.231612,-20222.113098
indian_origin_wage_salary_households,88,cash,high,4907084.201843,-92.456588,-18841.451316
indian_origin_wage_salary_households,89,accrual,low,4778525.306269,-66.055462,-13823.399061
indian_origin_wage_salary_households,89,accrual,high,4778525.306269,-59.454909,-12442.103999
indian_origin_wage_salary_households,89,cash,low,4778525.306269,-95.510366,-19987.414403
indian_origin_wage_salary_households,89,cash,high,4778525.306269,-88.909812,-18606.119341
indian_origin_wage_salary_households,90,accrual,low,4724791.692904,-63.980912,-13541.530696
indian_origin_wage_salary_households,90,accrual,high,4724791.692904,-57.459208,-12161.215067
indian_origin_wage_salary_households,90,cash,low,4724791.692904,-92.517476,-19581.281406
indian_origin_wage_salary_households,90,cash,high,4724791.692904,-85.995772,-18200.965777
indian_origin_wage_salary_households,91,accrual,low,4706467.179992,-74.172000,-15759.591474
indian_origin_wage_salary_households,91,accrual,high,4706467.179992,-67.615207,-14366.446060
indian_origin_wage_salary_households,91,cash,low,4706467.179992,-102.846907,-21852.252056
indian_origin_wage_salary_households,91,cash,high,4706467.179992,-96.290114,-20459.106643
indian_origin_wage_salary_households,92,accrual,low,4542892.524867,-60.774552,-13377.941939
indian_origin_wage_salary_households,92,accrual,high,4542892.524867,-54.511755,-11999.349386
indian_origin_wage_salary_households,92,cash,low,4542892.524867,-87.818823,-19331.036995
indian_origin_wage_salary_households,92,cash,high,4542892.524867,-81.556026,-17952.444442
indian_origin_wage_salary_households,93,accrual,low,4731665.071696,-63.010513,-13316.773636
indian_origin_wage_salary_households,93,accrual,high,4731665.071696,-56.482905,-11937.215466
indian_origin_wage_salary_households,93,cash,low,4731665.071696,-91.498402,-19337.463756
indian_origin_wage_salary_households,93,cash,high,4731665.071696,-84.970795,-17957.905587
indian_origin_wage_salary_households,94,accrual,low,4862850.249537,-71.584914,-14720.772874
indian_origin_wage_salary_households,94,accrual,high,4862850.249537,-64.837565,-13333.243216
indian_origin_wage_salary_households,94,cash,low,4862850.249537,-101.628229,-20898.901722
indian_origin_wage_salary_households,94,cash,high,4862850.249537,-94.880881,-19511.372064
indian_origin_wage_salary_households,95,accrual,low,4640541.734920,-64.015498,-13794.832857
indian_origin_wage_salary_households,95,accrual,high,4640541.734920,-57.587543,-12409.659464
indian_origin_wage_salary_households,95,cash,low,4640541.734920,-92.335860,-19897.646779
indian_origin_wage_salary_households,95,cash,high,4640541.734920,-85.907905,-18512.473386
indian_origin_wage_salary_households,96,accrual,low,4599458.184525,-58.855808,-12796.248004
indian_origin_wage_salary_households,96,accrual,high,4599458.184525,-52.526787,-11420.211839
indian_origin_wage_salary_households,96,cash,low,4599458.184525,-85.739885,-18641.301024
indian_origin_wage_salary_households,96,cash,high,4599458.184525,-79.410864,-17265.264858
indian_origin_wage_salary_households,97,accrual,low,4591978.968570,-60.333793,-13138.952352
indian_origin_wage_salary_households,97,accrual,high,4591978.968570,-54.007274,-11761.219758
indian_origin_wage_salary_households,97,cash,low,4591978.968570,-88.047548,-19174.205477
indian_origin_wage_salary_households,97,cash,high,4591978.968570,-81.721029,-17796.472884
indian_origin_wage_salary_households,98,accrual,low,4570017.316936,-65.286842,-14285.907017
indian_origin_wage_salary_households,98,accrual,high,4570017.316936,-58.906796,-12889.840850
indian_origin_wage_salary_households,98,cash,low,4570017.316936,-93.340873,-20424.621386
indian_origin_wage_salary_households,98,cash,high,4570017.316936,-86.960827,-19028.555219
indian_origin_wage_salary_households,99,accrual,low,4626681.545386,-66.484281,-14369.755166
indian_origin_wage_salary_households,99,accrual,high,4626681.545386,-60.085081,-12986.647309
indian_origin_wage_salary_households,99,cash,low,4626681.545386,-94.673764,-20462.563359
indian_origin_wage_salary_households,99,cash,high,4626681.545386,-88.274565,-19079.455502
indian_origin_wage_salary_households,100,accrual,low,4594646.489787,-62.117028,-13519.435838
indian_origin_wage_salary_households,100,accrual,high,4594646.489787,-55.772534,-12138.590779
indian_origin_wage_salary_households,100,cash,low,4594646.489787,-89.491336,-19477.306123
indian_origin_wage_salary_households,100,cash,high,4594646.489787,-83.146841,-18096.461064
indian_origin_wage_salary_households,101,accrual,low,4735095.568877,-69.535601,-14685.152664
indian_origin_wage_salary_households,101,accrual,high,4735095.568877,-63.003109,-13305.562210
indian_origin_wage_salary_households,101,cash,low,4735095.568877,-97.741822,-20641.995627
indian_origin_wage_salary_households,101,cash,high,4735095.568877,-91.209329,-19262.405174
indian_origin_wage_salary_households,102,accrual,low,4687892.364576,-69.334474,-14790.116537
indian_origin_wage_salary_households,102,accrual,high,4687892.364576,-62.800456,-13396.309250
indian_origin_wage_salary_households,102,cash,low,4687892.364576,-98.422945,-20995.137581
indian_origin_wage_salary_households,102,cash,high,4687892.364576,-91.888927,-19601.330293
indian_origin_wage_salary_households,103,accrual,low,4560818.852806,-62.837398,-13777.656972
indian_origin_wage_salary_households,103,accrual,high,4560818.852806,-56.545650,-12398.135508
indian_origin_wage_salary_households,103,cash,low,4560818.852806,-90.586322,-19861.854945
indian_origin_wage_salary_households,103,cash,high,4560818.852806,-84.294575,-18482.333481
indian_origin_wage_salary_households,104,accrual,low,4750495.426294,-66.029612,-13899.521249
indian_origin_wage_salary_households,104,accrual,high,4750495.426294,-59.454794,-12515.493459
indian_origin_wage_salary_households,104,cash,low,4750495.426294,-95.284915,-20057.890049
indian_origin_wage_salary_households,104,cash,high,4750495.426294,-88.710097,-18673.862259
indian_origin_wage_salary_households,105,accrual,low,4658208.566236,-56.251298,-12075.736306
indian_origin_wage_salary_households,105,accrual,high,4658208.566236,-49.890540,-10710.241867
indian_origin_wage_salary_households,105,cash,low,4658208.566236,-83.936835,-18019.123335
indian_origin_wage_salary_households,105,cash,high,4658208.566236,-77.576077,-16653.628896
indian_origin_wage_salary_households,106,accrual,low,4804675.656299,-64.689307,-13463.823946
indian_origin_wage_salary_households,106,accrual,high,4804675.656299,-58.061063,-12084.283647
indian_origin_wage_salary_households,106,cash,low,4804675.656299,-93.653673,-19492.194537
indian_origin_wage_salary_households,106,cash,high,4804675.656299,-87.025429,-18112.654238
indian_origin_wage_salary_households,107,accrual,low,4647759.904300,-57.968409,-12472.332982
indian_origin_wage_salary_households,107,accrual,high,4647759.904300,-51.611285,-11104.550510
indian_origin_wage_salary_households,107,cash,low,4647759.904300,-85.543851,-18405.393689
indian_origin_wage_salary_households,107,cash,high,4647759.904300,-79.186726,-17037.611218
indian_origin_wage_salary_households,108,accrual,low,4584280.177098,-65.693901,-14330.254366
indian_origin_wage_salary_households,108,accrual,high,4584280.177098,-59.385728,-12954.210019
indian_origin_wage_salary_households,108,cash,low,4584280.177098,-92.797139,-20242.466744
indian_origin_wage_salary_households,108,cash,high,4584280.177098,-86.488966,-18866.422396
indian_origin_wage_salary_households,109,accrual,low,4707730.629026,-65.149855,-13838.908863
indian_origin_wage_salary_households,109,accrual,high,4707730.629026,-58.605460,-12448.770974
indian_origin_wage_salary_households,109,cash,low,4707730.629026,-93.661470,-19895.248400
indian_origin_wage_salary_households,109,cash,high,4707730.629026,-87.117076,-18505.110510
indian_origin_wage_salary_households,110,accrual,low,4590085.685206,-61.051320,-13300.692775
indian_origin_wage_salary_households,110,accrual,high,4590085.685206,-54.719376,-11921.210228
indian_origin_wage_salary_households,110,cash,low,4590085.685206,-88.868382,-19360.941742
indian_origin_wage_salary_households,110,cash,high,4590085.685206,-82.536438,-17981.459195
indian_origin_wage_salary_households,111,accrual,low,4528721.816008,-59.244453,-13081.936992
indian_origin_wage_salary_households,111,accrual,high,4528721.816008,-52.970037,-11696.465146
indian_origin_wage_salary_households,111,cash,low,4528721.816008,-87.318440,-19281.034178
indian_origin_wage_salary_households,111,cash,high,4528721.816008,-81.044024,-17895.562333
indian_origin_wage_salary_households,112,accrual,low,4743298.123883,-57.401494,-12101.599377
indian_origin_wage_salary_households,112,accrual,high,4743298.123883,-50.944442,-10740.299405
indian_origin_wage_salary_households,112,cash,low,4743298.123883,-85.203838,-17962.994577
indian_origin_wage_salary_households,112,cash,high,4743298.123883,-78.746787,-16601.694605
indian_origin_wage_salary_households,113,accrual,low,4661811.008681,-67.169215,-14408.395041
indian_origin_wage_salary_households,113,accrual,high,4661811.008681,-60.714081,-13023.711347
indian_origin_wage_salary_households,113,cash,low,4661811.008681,-95.516830,-20489.211171
indian_origin_wage_salary_households,113,cash,high,4661811.008681,-89.061697,-19104.527477
indian_origin_wage_salary_households,114,accrual,low,4619811.733485,-64.172459,-13890.708653
indian_origin_wage_salary_households,114,accrual,high,4619811.733485,-57.819336,-12515.517746
indian_origin_wage_salary_households,114,cash,low,4619811.733485,-92.210866,-19959.875273
indian_origin_wage_salary_households,114,cash,high,4619811.733485,-85.857743,-18584.684366
indian_origin_wage_salary_households,115,accrual,low,4811832.371318,-59.602433,-12386.639443
indian_origin_wage_salary_households,115,accrual,high,4811832.371318,-53.020585,-11018.792932
indian_origin_wage_salary_households,115,cash,low,4811832.371318,-87.878107,-18262.919450
indian_origin_wage_salary_households,115,cash,high,4811832.371318,-81.296259,-16895.072939
indian_origin_wage_salary_households,116,accrual,low,4777374.976769,-72.176183,-15107.916656
indian_origin_wage_salary_households,116,accrual,high,4777374.976769,-65.540615,-13718.959850
indian_origin_wage_salary_households,116,cash,low,4777374.976769,-101.508890,-21247.837991
indian_origin_wage_salary_households,116,cash,high,4777374.976769,-94.873322,-19858.881185
indian_origin_wage_salary_households,117,accrual,low,4871621.875781,-67.910514,-13940.021549
indian_origin_wage_salary_households,117,accrual,high,4871621.875781,-61.224291,-12567.537519
indian_origin_wage_salary_households,117,cash,low,4871621.875781,-96.221079,-19751.343959
indian_origin_wage_salary_households,117,cash,high,4871621.875781,-89.534856,-18378.859929
indian_origin_wage_salary_households,118,accrual,low,4754489.523442,-69.686950,-14657.083464
indian_origin_wage_salary_households,118,accrual,high,4754489.523442,-63.094898,-13270.593509
indian_origin_wage_salary_households,118,cash,low,4754489.523442,-98.930307,-20807.766322
indian_origin_wage_salary_households,118,cash,high,4754489.523442,-92.338255,-19421.276367
indian_origin_wage_salary_households,119,accrual,low,4802808.002510,-60.338568,-12563.185513
indian_origin_wage_salary_households,119,accrual,high,4802808.002510,-53.764351,-11194.357854
indian_origin_wage_salary_households,119,cash,low,4802808.002510,-88.285956,-18382.153956
indian_origin_wage_salary_households,119,cash,high,4802808.002510,-81.711740,-17013.326297
indian_origin_wage_salary_households,120,accrual,low,4843220.393513,-73.132881,-15100.052257
indian_origin_wage_salary_households,120,accrual,high,4843220.393513,-66.432630,-13716.623354
indian_origin_wage_salary_households,120,cash,low,4843220.393513,-102.427206,-21148.574132
indian_origin_wage_salary_households,120,cash,high,4843220.393513,-95.726954,-19765.145229
indian_origin_wage_salary_households,121,accrual,low,4686955.860201,-65.217529,-13914.688039
indian_origin_wage_salary_households,121,accrual,high,4686955.860201,-58.698721,-12523.847584
indian_origin_wage_salary_households,121,cash,low,4686955.860201,-93.576395,-19965.281961
indian_origin_wage_salary_households,121,cash,high,4686955.860201,-87.057587,-18574.441506
indian_origin_wage_salary_households,122,accrual,low,4668079.263031,-65.569166,-14046.283870
indian_origin_wage_salary_households,122,accrual,high,4668079.263031,-59.076866,-12655.497620
indian_origin_wage_salary_households,122,cash,low,4668079.263031,-94.482007,-20240.017797
indian_origin_wage_salary_households,122,cash,high,4668079.263031,-87.989707,-18849.231547
indian_origin_wage_salary_households,123,accrual,low,4898505.516431,-62.842302,-12828.872362
indian_origin_wage_salary_households,123,accrual,high,4898505.516431,-56.130208,-11458.639255
indian_origin_wage_salary_households,123,cash,low,4898505.516431,-91.080893,-18593.608290
indian_origin_wage_salary_households,123,cash,high,4898505.516431,-84.368798,-17223.375183
indian_origin_wage_salary_households,124,accrual,low,4645812.942015,-66.287931,-14268.316880
indian_origin_wage_salary_households,124,accrual,high,4645812.942015,-59.859802,-12884.677543
indian_origin_wage_salary_households,124,cash,low,4645812.942015,-93.997610,-20232.758220
indian_origin_wage_salary_households,124,cash,high,4645812.942015,-87.569480,-18849.118883
indian_origin_wage_salary_households,125,accrual,low,4587011.204730,-66.173144,-14426.200595
indian_origin_wage_salary_households,125,accrual,high,4587011.204730,-59.781564,-13032.792232
indian_origin_wage_salary_households,125,cash,low,4587011.204730,-94.230967,-20542.998985
indian_origin_wage_salary_households,125,cash,high,4587011.204730,-87.839387,-19149.590622
indian_origin_wage_salary_households,126,accrual,low,4718034.663010,-67.534096,-14314.031326
indian_origin_wage_salary_households,126,accrual,high,4718034.663010,-60.987814,-12926.529476
indian_origin_wage_salary_households,126,cash,low,4718034.663010,-96.020230,-20351.743146
indian_origin_wage_salary_households,126,cash,high,4718034.663010,-89.473948,-18964.241295
indian_origin_wage_salary_households,127,accrual,low,4751643.291278,-71.052422,-14953.231482
indian_origin_wage_salary_households,127,accrual,high,4751643.291278,-64.451246,-13563.990873
indian_origin_wage_salary_households,127,cash,low,4751643.291278,-100.470853,-21144.443478
indian_origin_wage_salary_households,127,cash,high,4751643.291278,-93.869677,-19755.202869
indian_origin_wage_salary_households,128,accrual,low,5041699.461083,-66.316220,-13153.544911
indian_origin_wage_salary_households,128,accrual,high,5041699.461083,-59.373561,-11776.497399
indian_origin_wage_salary_households,128,cash,low,5041699.461083,-96.564858,-19153.235663
indian_origin_wage_salary_households,128,cash,high,5041699.461083,-89.622198,-17776.188151
indian_origin_wage_salary_households,129,accrual,low,4789909.339162,-64.388352,-13442.499138
indian_origin_wage_salary_households,129,accrual,high,4789909.339162,-57.756266,-12057.903879
indian_origin_wage_salary_households,129,cash,low,4789909.339162,-93.918299,-19607.531756
indian_origin_wage_salary_households,129,cash,high,4789909.339162,-87.286214,-18222.936496
indian_origin_wage_salary_households,130,accrual,low,4610143.962963,-69.908523,-15164.065144
indian_origin_wage_salary_households,130,accrual,high,4610143.962963,-63.496041,-13773.114670
indian_origin_wage_salary_households,130,cash,low,4610143.962963,-97.905566,-21236.986773
indian_origin_wage_salary_households,130,cash,high,4610143.962963,-91.493084,-19846.036299
indian_origin_wage_salary_households,131,accrual,low,4746865.596181,-71.483234,-15059.039021
indian_origin_wage_salary_households,131,accrual,high,4746865.596181,-64.860692,-13663.898893
indian_origin_wage_salary_households,131,cash,low,4746865.596181,-100.625269,-21198.255395
indian_origin_wage_salary_households,131,cash,high,4746865.596181,-94.002727,-19803.115267
indian_origin_wage_salary_households,132,accrual,low,4658083.407250,-61.739684,-13254.310541
indian_origin_wage_salary_households,132,accrual,high,4658083.407250,-55.323729,-11876.929663
indian_origin_wage_salary_households,132,cash,low,4658083.407250,-89.658249,-19247.883995
indian_origin_wage_salary_households,132,cash,high,4658083.407250,-83.242294,-17870.503118
indian_origin_wage_salary_households,133,accrual,low,4760802.681968,-64.494970,-13547.079078
indian_origin_wage_salary_households,133,accrual,high,4760802.681968,-57.957595,-12173.912504
indian_origin_wage_salary_households,133,cash,low,4760802.681968,-92.122808,-19350.267947
indian_origin_wage_salary_households,133,cash,high,4760802.681968,-85.585432,-17977.101372
indian_origin_wage_salary_households,134,accrual,low,4747644.832814,-63.871978,-13453.402833
indian_origin_wage_salary_households,134,accrual,high,4747644.832814,-57.315424,-12072.390894
indian_origin_wage_salary_households,134,cash,low,4747644.832814,-92.073441,-19393.498170
indian_origin_wage_salary_households,134,cash,high,4747644.832814,-85.516887,-18012.486231
indian_origin_wage_salary_households,135,accrual,low,4670540.413705,-67.941931,-14546.909948
indian_origin_wage_salary_households,135,accrual,high,4670540.413705,-61.481564,-13163.693740
indian_origin_wage_salary_households,135,cash,low,4670540.413705,-97.028311,-20774.536199
indian_origin_wage_salary_households,135,cash,high,4670540.413705,-90.567944,-19391.319990
indian_origin_wage_salary_households,136,accrual,low,4831903.542961,-66.402703,-13742.555588
indian_origin_wage_salary_households,136,accrual,high,4831903.542961,-59.730311,-12361.652274
indian_origin_wage_salary_households,136,cash,low,4831903.542961,-95.931282,-19853.724556
indian_origin_wage_salary_households,136,cash,high,4831903.542961,-89.258890,-18472.821242
indian_origin_wage_salary_households,137,accrual,low,4840794.379793,-61.347771,-12673.079234
indian_origin_wage_salary_households,137,accrual,high,4840794.379793,-54.723422,-11304.636812
indian_origin_wage_salary_households,137,cash,low,4840794.379793,-90.207322,-18634.817968
indian_origin_wage_salary_households,137,cash,high,4840794.379793,-83.582974,-17266.375546
indian_origin_wage_salary_households,138,accrual,low,4811270.592584,-66.350297,-13790.597614
indian_origin_wage_salary_households,138,accrual,high,4811270.592584,-59.690466,-12406.383142
indian_origin_wage_salary_households,138,cash,low,4811270.592584,-95.595878,-19869.154247
indian_origin_wage_salary_households,138,cash,high,4811270.592584,-88.936047,-18484.939776
indian_origin_wage_salary_households,139,accrual,low,4560751.698518,-63.023783,-13818.727174
indian_origin_wage_salary_households,139,accrual,high,4560751.698518,-56.734750,-12439.780417
indian_origin_wage_salary_households,139,cash,low,4560751.698518,-90.739224,-19895.672871
indian_origin_wage_salary_households,139,cash,high,4560751.698518,-84.450190,-18516.726113
indian_origin_wage_salary_households,140,accrual,low,4684835.195173,-68.131849,-14543.061965
indian_origin_wage_salary_households,140,accrual,high,4684835.195173,-61.626060,-13154.370862
indian_origin_wage_salary_households,140,cash,low,4684835.195173,-96.465656,-20591.045731
indian_origin_wage_salary_households,140,cash,high,4684835.195173,-89.959867,-19202.354628
indian_origin_wage_salary_households,141,accrual,low,4775339.411172,-67.188821,-14069.957210
indian_origin_wage_salary_households,141,accrual,high,4775339.411172,-60.575587,-12685.085070
indian_origin_wage_salary_households,141,cash,low,4775339.411172,-96.910900,-20294.033897
indian_origin_wage_salary_households,141,cash,high,4775339.411172,-90.297665,-18909.161757
indian_origin_wage_salary_households,142,accrual,low,4673875.515481,-64.894769,-13884.573794
indian_origin_wage_salary_households,142,accrual,high,4673875.515481,-58.413973,-12497.973648
indian_origin_wage_salary_households,142,cash,low,4673875.515481,-93.674981,-20042.249961
indian_origin_wage_salary_households,142,cash,high,4673875.515481,-87.194185,-18655.649815
indian_origin_wage_salary_households,143,accrual,low,4776955.498325,-69.233882,-14493.306811
indian_origin_wage_salary_households,143,accrual,high,4776955.498325,-62.660554,-13117.257237
indian_origin_wage_salary_households,143,cash,low,4776955.498325,-98.357962,-20590.093760
indian_origin_wage_salary_households,143,cash,high,4776955.498325,-91.784634,-19214.044186
indian_origin_wage_salary_households,144,accrual,low,4823621.826780,-66.666157,-13820.767709
indian_origin_wage_salary_households,144,accrual,high,4823621.826780,-59.983806,-12435.428771
indian_origin_wage_salary_households,144,cash,low,4823621.826780,-96.217188,-19947.083726
indian_origin_wage_salary_households,144,cash,high,4823621.826780,-89.534837,-18561.744788
indian_origin_wage_salary_households,145,accrual,low,4580101.630786,-63.430776,-13849.207088
indian_origin_wage_salary_households,145,accrual,high,4580101.630786,-57.095854,-12466.067049
indian_origin_wage_salary_households,145,cash,low,4580101.630786,-90.384148,-19734.092223
indian_origin_wage_salary_households,145,cash,high,4580101.630786,-84.049226,-18350.952183
indian_origin_wage_salary_households,146,accrual,low,4676541.922065,-55.804522,-11932.860511
indian_origin_wage_salary_households,146,accrual,high,4676541.922065,-49.388042,-10560.803920
indian_origin_wage_salary_households,146,cash,low,4676541.922065,-83.169983,-17784.505053
indian_origin_wage_salary_households,146,cash,high,4676541.922065,-76.753503,-16412.448462
indian_origin_wage_salary_households,147,accrual,low,4813489.634004,-64.796554,-13461.450906
indian_origin_wage_salary_households,147,accrual,high,4813489.634004,-58.181639,-12087.205663
indian_origin_wage_salary_households,147,cash,low,4813489.634004,-93.029542,-19326.839502
indian_origin_wage_salary_households,147,cash,high,4813489.634004,-86.414626,-17952.594258
indian_origin_wage_salary_households,148,accrual,low,4663451.863171,-64.761691,-13887.071850
indian_origin_wage_salary_households,148,accrual,high,4663451.863171,-58.332885,-12508.520962
indian_origin_wage_salary_households,148,cash,low,4663451.863171,-93.524316,-20054.740341
indian_origin_wage_salary_households,148,cash,high,4663451.863171,-87.095511,-18676.189453
indian_origin_wage_salary_households,149,accrual,low,4782472.095851,-70.532641,-14748.155213
indian_origin_wage_salary_households,149,accrual,high,4782472.095851,-63.922752,-13366.048102
indian_origin_wage_salary_households,149,cash,low,4782472.095851,-99.191835,-20740.703249
indian_origin_wage_salary_households,149,cash,high,4782472.095851,-92.581946,-19358.596137
indian_origin_wage_salary_households,150,accrual,low,4707600.070538,-67.902075,-14423.925961
indian_origin_wage_salary_households,150,accrual,high,4707600.070538,-61.364900,-13035.283262
indian_origin_wage_salary_households,150,cash,low,4707600.070538,-96.524349,-20503.939874
indian_origin_wage_salary_households,150,cash,high,4707600.070538,-89.987174,-19115.297175
indian_origin_wage_salary_households,151,accrual,low,4665793.723725,-68.114054,-14598.599545
indian_origin_wage_salary_households,151,accrual,high,4665793.723725,-61.675798,-13218.715061
indian_origin_wage_salary_households,151,cash,low,4665793.723725,-96.349432,-20650.169564
indian_origin_wage_salary_households,151,cash,high,4665793.723725,-89.911175,-19270.285080
indian_origin_wage_salary_households,152,accrual,low,4911004.907955,-69.559709,-14164.047957
indian_origin_wage_salary_households,152,accrual,high,4911004.907955,-62.800703,-12787.750086
indian_origin_wage_salary_households,152,cash,low,4911004.907955,-99.062558,-20171.545225
indian_origin_wage_salary_households,152,cash,high,4911004.907955,-92.303552,-18795.247354
indian_origin_wage_salary_households,153,accrual,low,4734651.440587,-64.949478,-13717.900593
indian_origin_wage_salary_households,153,accrual,high,4734651.440587,-58.412392,-12337.210600
indian_origin_wage_salary_households,153,cash,low,4734651.440587,-93.774165,-19805.927818
indian_origin_wage_salary_households,153,cash,high,4734651.440587,-87.237079,-18425.237825
indian_origin_wage_salary_households,154,accrual,low,4798718.253120,-59.569179,-12413.560463
indian_origin_wage_salary_households,154,accrual,high,4798718.253120,-53.008445,-11046.375782
indian_origin_wage_salary_households,154,cash,low,4798718.253120,-88.135917,-18366.553896
indian_origin_wage_salary_households,154,cash,high,4798718.253120,-81.575183,-16999.369215
indian_origin_wage_salary_households,155,accrual,low,4785160.707106,-68.607099,-14337.470274
indian_origin_wage_salary_households,155,accrual,high,4785160.707106,-61.987640,-12954.139732
indian_origin_wage_salary_households,155,cash,low,4785160.707106,-97.283639,-20330.276244
indian_origin_wage_salary_households,155,cash,high,4785160.707106,-90.664180,-18946.945702
indian_origin_wage_salary_households,156,accrual,low,4725292.211068,-66.338198,-14038.962123
indian_origin_wage_salary_households,156,accrual,high,4725292.211068,-59.807273,-12656.841106
indian_origin_wage_salary_households,156,cash,low,4725292.211068,-94.176141,-19930.225911
indian_origin_wage_salary_households,156,cash,high,4725292.211068,-87.645216,-18548.104894
indian_origin_wage_salary_households,157,accrual,low,4798829.479215,-62.117808,-12944.366515
indian_origin_wage_salary_households,157,accrual,high,4798829.479215,-55.511501,-11567.716872
indian_origin_wage_salary_households,157,cash,low,4798829.479215,-90.765682,-18914.129551
indian_origin_wage_salary_households,157,cash,high,4798829.479215,-84.159376,-17537.479908
indian_origin_wage_salary_households,158,accrual,low,4765093.766426,-71.048588,-14910.218219
indian_origin_wage_salary_households,158,accrual,high,4765093.766426,-64.428144,-13520.855491
indian_origin_wage_salary_households,158,cash,low,4765093.766426,-99.591568,-20900.232519
indian_origin_wage_salary_households,158,cash,high,4765093.766426,-92.971124,-19510.869790
indian_origin_wage_salary_households,159,accrual,low,4675182.974765,-66.009479,-14119.122008
indian_origin_wage_salary_households,159,accrual,high,4675182.974765,-59.583359,-12744.604713
indian_origin_wage_salary_households,159,cash,low,4675182.974765,-93.931442,-20091.500739
indian_origin_wage_salary_households,159,cash,high,4675182.974765,-87.505322,-18716.983444
indian_origin_wage_salary_households,160,accrual,low,4747646.765552,-62.999964,-13269.724315
indian_origin_wage_salary_households,160,accrual,high,4747646.765552,-56.442581,-11888.538419
indian_origin_wage_salary_households,160,cash,low,4747646.765552,-92.218126,-19423.965228
indian_origin_wage_salary_households,160,cash,high,4747646.765552,-85.660743,-18042.779332
