{
  "sample_n": 2390,
  "occupants_per_unit_assumption": 2.5,
  "recent_fb_per_permit_unit_median": 0.34589875565491823,
  "recent_fb_per_permit_unit_q80": 1.0968046828849094,
  "recent_fb_per_permit_unit_q90": 2.096666666666322,
  "margin_shift_models": {
    "stock_only": {
      "beta": 0.015028947603625182,
      "t_stat": 12.078252518504527,
      "p_value": 1.3761326949544593e-33,
      "adj_r2": 0.41513538165695896
    },
    "flow_only": {
      "beta": 0.009889718450209552,
      "t_stat": 9.31877005502434,
      "p_value": 1.1769669815313214e-20,
      "adj_r2": 0.3690783613013625
    },
    "load_only": {
      "beta": 0.005446432108433827,
      "t_stat": 6.963445541091321,
      "p_value": 3.320495572499784e-12,
      "adj_r2": 0.34477672573003093
    },
    "combined": {
      "beta": 0.002118827143671031,
      "t_stat": 2.7359272644265027,
      "p_value": 0.006220477376813162,
      "adj_r2": 0.4269491345907961
    },
    "high_load90": {
      "beta": 0.014240287983117668,
      "t_stat": 5.538065859208414,
      "p_value": 3.058302635052636e-08,
      "adj_r2": 0.3331551489876523
    }
  },
  "wkly_wage_models": {
    "stock_only": {
      "beta": -0.0065797750400103175,
      "t_stat": -3.965495794924729,
      "p_value": 7.324354368216841e-05,
      "adj_r2": 0.14738755505299606
    },
    "flow_only": {
      "beta": -0.004712242123465696,
      "t_stat": -3.7515897404171965,
      "p_value": 0.0001757168346746898,
      "adj_r2": 0.14351586371062364
    },
    "load_only": {
      "beta": -0.0036614752761042215,
      "t_stat": -4.0770274314386965,
      "p_value": 4.5615113075502835e-05,
      "adj_r2": 0.154178206038463
    },
    "combined": {
      "beta": -0.0024568094244888337,
      "t_stat": -2.493654044998502,
      "p_value": 0.01264357083415207,
      "adj_r2": 0.15789341148899216
    },
    "high_load90": {
      "beta": -0.010442845585074726,
      "t_stat": -3.3385136130916004,
      "p_value": 0.000842279031344537,
      "adj_r2": 0.1417318977159736
    }
  },
  "net_migration_models": {
    "stock_only": {
      "beta": -0.003133381927518024,
      "t_stat": -14.325542420832482,
      "p_value": 1.5154026231454263e-46,
      "adj_r2": 0.2919660547047692
    },
    "flow_only": {
      "beta": -0.00325818954457405,
      "t_stat": -13.711050099750695,
      "p_value": 8.718679060781126e-43,
      "adj_r2": 0.3110469586587322
    },
    "load_only": {
      "beta": -0.002792965234653412,
      "t_stat": -13.539649872437144,
      "p_value": 9.122267415452e-42,
      "adj_r2": 0.32400898255426813
    },
    "combined": {
      "beta": -0.0020065061280005137,
      "t_stat": -9.325343998571766,
      "p_value": 1.1062415325191581e-20,
      "adj_r2": 0.3501240073575368
    },
    "high_load90": {
      "beta": -0.004447701843514843,
      "t_stat": -8.98596552455563,
      "p_value": 2.564723895714453e-19,
      "adj_r2": 0.254242849388435
    }
  },
  "employment_models": {
    "stock_only": {
      "beta": 0.0023583475016695334,
      "t_stat": 1.3656235529964693,
      "p_value": 0.1720571500246677,
      "adj_r2": 0.09033913267143612
    },
    "flow_only": {
      "beta": 0.002696220589594697,
      "t_stat": 1.757860458691948,
      "p_value": 0.07877125522218799,
      "adj_r2": 0.09079970483043409
    },
    "load_only": {
      "beta": -0.008730889729668206,
      "t_stat": -7.095067593468379,
      "p_value": 1.292882792506046e-12,
      "adj_r2": 0.11664212776831129
    },
    "combined": {
      "beta": -0.012300469252783459,
      "t_stat": -8.8321185478677,
      "p_value": 1.027115012063084e-18,
      "adj_r2": 0.12876095277785793
    },
    "high_load90": {
      "beta": -0.010616956577143665,
      "t_stat": -2.4744369126678016,
      "p_value": 0.013344638705748882,
      "adj_r2": 0.0923898751543708
    }
  },
  "threshold_grid_key_rows": {
    "margin_flow80_permit50": {
      "beta": 0.008546939406141082,
      "t_stat": 2.178044628263724,
      "p_value": 0.02940271435922033,
      "adj_r2": 0.39872630104528906
    },
    "wage_flow80_permit50": {
      "beta": -0.015095158936775795,
      "t_stat": -3.1836939013398813,
      "p_value": 0.0014540868825076712,
      "adj_r2": 0.14529877620243303
    },
    "margin_flow90_permit25": {
      "beta": -0.0002790583020193995,
      "t_stat": -0.025234467368025572,
      "p_value": 0.979867944719109,
      "adj_r2": 0.40708134730038315
    },
    "wage_flow90_permit25": {
      "beta": -0.012686797707659042,
      "t_stat": -1.508694077133256,
      "p_value": 0.13137697983656155,
      "adj_r2": 0.14011761514872034
    },
    "margin_high_load90": {
      "beta": 0.0023689135842777775,
      "t_stat": 1.0429218006820689,
      "p_value": 0.29698451183254004,
      "adj_r2": 0.41527262432523326
    },
    "wage_high_load90": {
      "beta": -0.005809025323800995,
      "t_stat": -1.6829530579095044,
      "p_value": 0.09238417909198776,
      "adj_r2": 0.14831214929741698
    }
  },
  "load_decile_gap": {
    "D1": {
      "load_decile": "D1",
      "n": 233,
      "median_fb_per_permit_unit": 0.041666666666666664,
      "median_recent_fb_share": 0.0002217013998859,
      "median_fb_share": 0.0157107703956085,
      "median_margin_shift_pp": 3.11822699146243,
      "median_wkly_wage_change_pp": 13.556311950924663,
      "median_employment_change_pp": 6.06538142088995,
      "median_net_us_migration_share_pp": 0.823106854235259
    },
    "D10": {
      "load_decile": "D10",
      "n": 233,
      "median_fb_per_permit_unit": 3.5555555555531098,
      "median_recent_fb_share": 0.0018585178808983,
      "median_fb_share": 0.0702908312861557,
      "median_margin_shift_pp": 4.90285994671604,
      "median_wkly_wage_change_pp": 11.994933150196315,
      "median_employment_change_pp": 4.504992257052433,
      "median_net_us_migration_share_pp": -0.24337133341872677
    },
    "margin_shift_gap_pp": 1.7846329552536102,
    "wkly_wage_gap_pp": -1.5613788007283471,
    "net_migration_gap_pp": -1.0664781876539857
  },
  "receiver_2024": {
    "n_2024_nodes": 9,
    "saturated_nodes_2024": [
      "Denver County",
      "New York City",
      "Bexar County"
    ],
    "corr_sheltered_ratio_vs_spending": 0.31819633256218494,
    "corr_shelter_gap_vs_spending": 0.9346408041973211,
    "corr_permit_to_hic_vs_sheltered_ratio": -0.3829623391292011
  },
  "load_robustness": {
    "all_w99": {
      "wkly_wage_log_change": {
        "beta": -0.0036614752761042215,
        "t_stat": -4.0770274314386965,
        "p_value": 4.5615113075502835e-05,
        "adj_r2": 0.154178206038463,
        "n": 2326
      },
      "employment_log_change": {
        "beta": -0.008730889729668206,
        "t_stat": -7.095067593468379,
        "p_value": 1.292882792506046e-12,
        "adj_r2": 0.11664212776831129,
        "n": 2326
      }
    },
    "all_w95": {
      "wkly_wage_log_change": {
        "beta": -0.0032767772487723047,
        "t_stat": -3.372514489458199,
        "p_value": 0.0007448516724506553,
        "adj_r2": 0.1527300737646301,
        "n": 2326
      },
      "employment_log_change": {
        "beta": -0.009073672302555694,
        "t_stat": -7.025919454688086,
        "p_value": 2.126611183899949e-12,
        "adj_r2": 0.11747795303333941,
        "n": 2326
      }
    },
    "non_receiver_non_border_w99": {
      "wkly_wage_log_change": {
        "beta": -0.003241340389142867,
        "t_stat": -3.0639027259040823,
        "p_value": 0.002184699337225019,
        "adj_r2": 0.14390322366499575,
        "n": 2070
      },
      "employment_log_change": {
        "beta": -0.006694625042042473,
        "t_stat": -4.793412908929429,
        "p_value": 1.6396765808964303e-06,
        "adj_r2": 0.09728940134153907,
        "n": 2070
      }
    }
  }
}
