cuts,cell,net,persons_m,winners_share,mean_net_usd
edu_nativity x state3,ba_plus|other_foreign_born & CA,net_account_a,3.366729681,0.003264712804,-3596.805587
edu_nativity x state3,ba_plus|other_foreign_born & TX,net_account_a,1.609216824,0.00341092713,-3492.844686
edu_nativity x state3,ba_plus|other_foreign_born & rest,net_account_a,11.90285146,0.5227152378,-58.29922945
edu_nativity x state3,ba_plus|us_born & CA,net_account_a,6.685599948,0.002247608345,-4116.138661
edu_nativity x state3,ba_plus|us_born & TX,net_account_a,4.992514781,0.0004822419379,-4008.582022
edu_nativity x state3,ba_plus|us_born & rest,net_account_a,58.75321674,0.4522679148,-260.7284818
edu_nativity x state3,below_high_school|other_foreign_born & rest,net_account_a,3.440680052,0,-1254.54254
edu_nativity x state3,below_high_school|us_born & rest,net_account_a,7.760009382,0,-958.6766269
edu_nativity x state3,high_school|other_foreign_born & CA,net_account_a,1.208048307,0,-3245.137828
edu_nativity x state3,high_school|other_foreign_born & rest,net_account_a,6.417485807,0,-1875.938529
edu_nativity x state3,high_school|us_born & CA,net_account_a,2.433645989,0,-4212.755861
edu_nativity x state3,high_school|us_born & TX,net_account_a,2.917200773,0,-3768.080443
edu_nativity x state3,high_school|us_born & rest,net_account_a,42.81555968,0,-1716.050318
edu_nativity x state3,some_college|other_foreign_born & CA,net_account_a,1.038859907,0,-2160.510905
edu_nativity x state3,some_college|other_foreign_born & rest,net_account_a,4.052708664,0.4667260341,-141.2093719
edu_nativity x state3,some_college|us_born & CA,net_account_a,3.703165237,0.00269634834,-2576.874881
edu_nativity x state3,some_college|us_born & TX,net_account_a,3.43952603,0.001918459276,-2629.54237
edu_nativity x state3,some_college|us_born & rest,net_account_a,40.19141421,0.3663667126,-221.2871896
edu_nativity x state3,under_25 & CA,net_account_a,6.829502452,0,-2703.423413
edu_nativity x state3,under_25 & TX,net_account_a,6.5131095,0,-2442.624672
edu_nativity x state3,under_25 & rest,net_account_a,72.98504124,0.03227783231,-540.785672
edu_nativity x state3,ba_plus|other_foreign_born & CA,net_account_b,3.366729681,0.03375014878,-2464.807097
edu_nativity x state3,ba_plus|other_foreign_born & TX,net_account_b,1.609216824,0.02324867188,-2311.410603
edu_nativity x state3,ba_plus|other_foreign_born & rest,net_account_b,11.90285146,0.5187806745,160.7960195
edu_nativity x state3,ba_plus|us_born & CA,net_account_b,6.685599948,0.02498101002,-2570.737733
edu_nativity x state3,ba_plus|us_born & TX,net_account_b,4.992514781,0.02494029052,-2395.910309
edu_nativity x state3,ba_plus|us_born & rest,net_account_b,58.75321674,0.4924906836,85.25992111
edu_nativity x state3,below_high_school|other_foreign_born & rest,net_account_b,3.440680052,0,-1518.052947
edu_nativity x state3,below_high_school|us_born & rest,net_account_b,7.760009382,0,-1238.417966
edu_nativity x state3,high_school|other_foreign_born & CA,net_account_b,1.208048307,0,-4513.961344
edu_nativity x state3,high_school|other_foreign_born & rest,net_account_b,6.417485807,0,-2002.46955
edu_nativity x state3,high_school|us_born & CA,net_account_b,2.433645989,0,-4877.450949
edu_nativity x state3,high_school|us_born & TX,net_account_b,2.917200773,0,-4506.587931
edu_nativity x state3,high_school|us_born & rest,net_account_b,42.81555968,0,-1847.005566
edu_nativity x state3,some_college|other_foreign_born & CA,net_account_b,1.038859907,0.002246229736,-2996.359268
edu_nativity x state3,some_college|other_foreign_born & rest,net_account_b,4.052708664,0.3648447723,-199.4456116
edu_nativity x state3,some_college|us_born & CA,net_account_b,3.703165237,0.00307316801,-3075.279918
edu_nativity x state3,some_college|us_born & TX,net_account_b,3.43952603,0.00291210727,-2755.126003
edu_nativity x state3,some_college|us_born & rest,net_account_b,40.19141421,0.3080678301,-297.8448815
edu_nativity x state3,under_25 & CA,net_account_b,6.829502452,0,-3455.925943
edu_nativity x state3,under_25 & TX,net_account_b,6.5131095,0,-3240.915298
edu_nativity x state3,under_25 & rest,net_account_b,72.98504124,0.02455185641,-699.7317335
edu_nativity x state3,ba_plus|other_foreign_born & CA,net_social_a,3.366729681,0.02331559767,-4486.358618
edu_nativity x state3,ba_plus|other_foreign_born & TX,net_social_a,1.609216824,0.02016195062,-4307.518455
edu_nativity x state3,ba_plus|other_foreign_born & rest,net_social_a,11.90285146,0.488711436,-122.076776
edu_nativity x state3,ba_plus|us_born & CA,net_social_a,6.685599948,0.04412439711,-4372.305827
edu_nativity x state3,ba_plus|us_born & TX,net_social_a,4.992514781,0.03015171928,-4398.467355
edu_nativity x state3,ba_plus|us_born & rest,net_social_a,58.75321674,0.4362110691,-288.2925274
edu_nativity x state3,below_high_school|other_foreign_born & rest,net_social_a,3.440680052,0.002208355929,-1386.582527
edu_nativity x state3,below_high_school|us_born & rest,net_social_a,7.760009382,0.00676753496,-1064.34651
edu_nativity x state3,high_school|other_foreign_born & CA,net_social_a,1.208048307,0.01871787743,-4320.845231
edu_nativity x state3,high_school|other_foreign_born & rest,net_social_a,6.417485807,0.005870620684,-1993.872067
edu_nativity x state3,high_school|us_born & CA,net_social_a,2.433645989,0.01702773451,-4875.543766
edu_nativity x state3,high_school|us_born & TX,net_social_a,2.917200773,0.008664751848,-4520.385416
edu_nativity x state3,high_school|us_born & rest,net_social_a,42.81555968,0.009212063305,-1811.577842
edu_nativity x state3,some_college|other_foreign_born & CA,net_social_a,1.038859907,0.02946457501,-2820.784988
edu_nativity x state3,some_college|other_foreign_born & rest,net_social_a,4.052708664,0.4147896054,-246.6203607
edu_nativity x state3,some_college|us_born & CA,net_social_a,3.703165237,0.02181624941,-3371.438451
edu_nativity x state3,some_college|us_born & TX,net_social_a,3.43952603,0.01790923384,-3052.591793
edu_nativity x state3,some_college|us_born & rest,net_social_a,40.19141421,0.3220478115,-329.1616256
edu_nativity x state3,under_25 & CA,net_social_a,6.829502452,0.01643557276,-3096.646217
edu_nativity x state3,under_25 & TX,net_social_a,6.5131095,0.007181275817,-2910.797212
edu_nativity x state3,under_25 & rest,net_social_a,72.98504124,0.03537913271,-607.6016048
edu_nativity x state3,ba_plus|other_foreign_born & CA,net_social_b,3.366729681,0.04731388309,-3354.360128
edu_nativity x state3,ba_plus|other_foreign_born & TX,net_social_b,1.609216824,0.05033022922,-3126.084373
edu_nativity x state3,ba_plus|other_foreign_born & rest,net_social_b,11.90285146,0.4898890473,97.01847291
edu_nativity x state3,ba_plus|us_born & CA,net_social_b,6.685599948,0.07496984382,-2826.904898
edu_nativity x state3,ba_plus|us_born & TX,net_social_b,4.992514781,0.06106506899,-2785.795642
edu_nativity x state3,ba_plus|us_born & rest,net_social_b,58.75321674,0.4709854941,57.69587546
edu_nativity x state3,below_high_school|other_foreign_born & rest,net_social_b,3.440680052,0.001724078115,-1650.092933
edu_nativity x state3,below_high_school|us_born & rest,net_social_b,7.760009382,0.006572086236,-1344.087849
edu_nativity x state3,high_school|other_foreign_born & CA,net_social_b,1.208048307,0.0180014255,-5589.668747
edu_nativity x state3,high_school|other_foreign_born & rest,net_social_b,6.417485807,0.005358115744,-2120.403088
edu_nativity x state3,high_school|us_born & CA,net_social_b,2.433645989,0.01338307007,-5540.238854
edu_nativity x state3,high_school|us_born & TX,net_social_b,2.917200773,0.008664751848,-5258.892904
edu_nativity x state3,high_school|us_born & rest,net_social_b,42.81555968,0.00880617246,-1942.53309
edu_nativity x state3,some_college|other_foreign_born & CA,net_social_b,1.038859907,0.03280260753,-3656.633352
edu_nativity x state3,some_college|other_foreign_born & rest,net_social_b,4.052708664,0.3230180717,-304.8566005
edu_nativity x state3,some_college|us_born & CA,net_social_b,3.703165237,0.02835827298,-3869.843488
edu_nativity x state3,some_college|us_born & TX,net_social_b,3.43952603,0.02252301596,-3178.175426
edu_nativity x state3,some_college|us_born & rest,net_social_b,40.19141421,0.2791660522,-405.7193175
edu_nativity x state3,under_25 & CA,net_social_b,6.829502452,0.01446274534,-3849.148747
edu_nativity x state3,under_25 & TX,net_social_b,6.5131095,0.01188910362,-3709.087839
edu_nativity x state3,under_25 & rest,net_social_b,72.98504124,0.02798899135,-766.5476663
edu_nativity x state3,ba_plus|other_foreign_born & CA,net_with_proposed_a,3.366729681,0.02851907511,-4281.660864
edu_nativity x state3,ba_plus|other_foreign_born & TX,net_with_proposed_a,1.609216824,0.02016195062,-4105.683161
edu_nativity x state3,ba_plus|other_foreign_born & rest,net_with_proposed_a,11.90285146,0.4931063946,-105.6942844
edu_nativity x state3,ba_plus|us_born & CA,net_with_proposed_a,6.685599948,0.04830250442,-4147.74713
edu_nativity x state3,ba_plus|us_born & TX,net_with_proposed_a,4.992514781,0.03317754887,-4181.908561
edu_nativity x state3,ba_plus|us_born & rest,net_with_proposed_a,58.75321674,0.4472928851,-239.1787772
edu_nativity x state3,below_high_school|other_foreign_born & rest,net_with_proposed_a,3.440680052,0.002863177084,-1372.7428
edu_nativity x state3,below_high_school|us_born & rest,net_with_proposed_a,7.760009382,0.006877657836,-1052.848756
edu_nativity x state3,high_school|other_foreign_born & CA,net_with_proposed_a,1.208048307,0.01871787743,-4248.343276
edu_nativity x state3,high_school|other_foreign_born & rest,net_with_proposed_a,6.417485807,0.005870620684,-1971.703804
edu_nativity x state3,high_school|us_born & CA,net_with_proposed_a,2.433645989,0.01702773451,-4777.16883
edu_nativity x state3,high_school|us_born & TX,net_with_proposed_a,2.917200773,0.008664751848,-4429.235173
edu_nativity x state3,high_school|us_born & rest,net_with_proposed_a,42.81555968,0.009477298973,-1789.401883
edu_nativity x state3,some_college|other_foreign_born & CA,net_with_proposed_a,1.038859907,0.02946457501,-2700.328231
edu_nativity x state3,some_college|other_foreign_born & rest,net_with_proposed_a,4.052708664,0.429483166,-220.4624732
edu_nativity x state3,some_college|us_born & CA,net_with_proposed_a,3.703165237,0.02181624941,-3264.529418
edu_nativity x state3,some_college|us_born & TX,net_with_proposed_a,3.43952603,0.01790923384,-2927.736625
edu_nativity x state3,some_college|us_born & rest,net_with_proposed_a,40.19141421,0.3343136627,-301.0486778
edu_nativity x state3,under_25 & CA,net_with_proposed_a,6.829502452,0.01643557276,-3064.978149
edu_nativity x state3,under_25 & TX,net_with_proposed_a,6.5131095,0.008073369766,-2884.072612
edu_nativity x state3,under_25 & rest,net_with_proposed_a,72.98504124,0.03724029456,-592.4884961
edu_nativity x state3,ba_plus|other_foreign_born & CA,net_with_proposed_b,3.366729681,0.05570321474,-3166.901852
edu_nativity x state3,ba_plus|other_foreign_born & TX,net_with_proposed_b,1.609216824,0.06210492541,-2936.063624
edu_nativity x state3,ba_plus|other_foreign_born & rest,net_with_proposed_b,11.90285146,0.4970574828,104.5188312
edu_nativity x state3,ba_plus|us_born & CA,net_with_proposed_b,6.685599948,0.08342090961,-2623.174898
edu_nativity x state3,ba_plus|us_born & TX,net_with_proposed_b,4.992514781,0.07211444993,-2583.71752
edu_nativity x state3,ba_plus|us_born & rest,net_with_proposed_b,58.75321674,0.4841905832,93.3738729
edu_nativity x state3,below_high_school|other_foreign_born & rest,net_with_proposed_b,3.440680052,0.001724078115,-1623.741956
edu_nativity x state3,below_high_school|us_born & rest,net_with_proposed_b,7.760009382,0.006572086236,-1320.488269
edu_nativity x state3,high_school|other_foreign_born & CA,net_with_proposed_b,1.208048307,0.0180014255,-5511.977008
edu_nativity x state3,high_school|other_foreign_born & rest,net_with_proposed_b,6.417485807,0.005706501887,-2091.726777
edu_nativity x state3,high_school|us_born & CA,net_with_proposed_b,2.433645989,0.01338307007,-5441.656138
edu_nativity x state3,high_school|us_born & TX,net_with_proposed_b,2.917200773,0.008664751848,-5162.404305
edu_nativity x state3,high_school|us_born & rest,net_with_proposed_b,42.81555968,0.008931091941,-1914.167304
edu_nativity x state3,some_college|other_foreign_born & CA,net_with_proposed_b,1.038859907,0.03525703841,-3533.931882
edu_nativity x state3,some_college|other_foreign_born & rest,net_with_proposed_b,4.052708664,0.3432350354,-273.5821351
edu_nativity x state3,some_college|us_born & CA,net_with_proposed_b,3.703165237,0.033920145,-3763.759139
edu_nativity x state3,some_college|us_born & TX,net_with_proposed_b,3.43952603,0.02343083055,-3052.351022
edu_nativity x state3,some_college|us_born & rest,net_with_proposed_b,40.19141421,0.2942544608,-373.7316917
edu_nativity x state3,under_25 & CA,net_with_proposed_b,6.829502452,0.01446274534,-3817.233032
edu_nativity x state3,under_25 & TX,net_with_proposed_b,6.5131095,0.01188910362,-3677.547359
edu_nativity x state3,under_25 & rest,net_with_proposed_b,72.98504124,0.03087834385,-744.8386404
edu_nativity x state3,ba_plus|other_foreign_born & CA,net_social_a_pooled_national_fiscal,3.366729681,0.09195952873,-1872.500036
edu_nativity x state3,ba_plus|other_foreign_born & TX,net_social_a_pooled_national_fiscal,1.609216824,0.1096246651,-1613.588624
edu_nativity x state3,ba_plus|other_foreign_born & rest,net_social_a_pooled_national_fiscal,11.90285146,0.219659013,-817.1702442
edu_nativity x state3,ba_plus|us_born & CA,net_social_a_pooled_national_fiscal,6.685599948,0.1030522453,-1529.579187
edu_nativity x state3,ba_plus|us_born & TX,net_social_a_pooled_national_fiscal,4.992514781,0.0856078457,-1410.374883
edu_nativity x state3,ba_plus|us_born & rest,net_social_a_pooled_national_fiscal,58.75321674,0.1816765483,-1029.933612
edu_nativity x state3,below_high_school|other_foreign_born & rest,net_social_a_pooled_national_fiscal,3.440680052,0.002208355929,-1540.764044
edu_nativity x state3,below_high_school|us_born & rest,net_social_a_pooled_national_fiscal,7.760009382,0.004763870335,-1211.25144
edu_nativity x state3,high_school|other_foreign_born & CA,net_social_a_pooled_national_fiscal,1.208048307,0.02865008263,-2954.641272
edu_nativity x state3,high_school|other_foreign_born & rest,net_social_a_pooled_national_fiscal,6.417485807,0.003449386561,-2283.914756
edu_nativity x state3,high_school|us_born & CA,net_social_a_pooled_national_fiscal,2.433645989,0.02787569719,-3161.353773
edu_nativity x state3,high_school|us_born & TX,net_social_a_pooled_national_fiscal,2.917200773,0.01032762365,-2864.506117
edu_nativity x state3,high_school|us_born & rest,net_social_a_pooled_national_fiscal,42.81555968,0.006485677573,-2081.061353
edu_nativity x state3,some_college|other_foreign_born & CA,net_social_a_pooled_national_fiscal,1.038859907,0.04279737903,-1173.02242
edu_nativity x state3,some_college|other_foreign_born & rest,net_social_a_pooled_national_fiscal,4.052708664,0.2120122212,-525.5311834
edu_nativity x state3,some_college|us_born & CA,net_social_a_pooled_national_fiscal,3.703165237,0.0538307554,-1544.040954
edu_nativity x state3,some_college|us_born & TX,net_social_a_pooled_national_fiscal,3.43952603,0.03533031092,-1008.420441
edu_nativity x state3,some_college|us_born & rest,net_social_a_pooled_national_fiscal,40.19141421,0.1423815495,-600.0927075
edu_nativity x state3,under_25 & CA,net_social_a_pooled_national_fiscal,6.829502452,0.02914629815,-1468.213975
edu_nativity x state3,under_25 & TX,net_social_a_pooled_national_fiscal,6.5131095,0.02652724104,-1341.563378
edu_nativity x state3,under_25 & rest,net_social_a_pooled_national_fiscal,72.98504124,0.008869522513,-870.2637473
edu_nativity x state3,ba_plus|other_foreign_born & CA,net_social_a_housing_national_uniform,3.366729681,0.003523491512,-4428.668349
edu_nativity x state3,ba_plus|other_foreign_born & TX,net_social_a_housing_national_uniform,1.609216824,0.005576422312,-4261.548404
edu_nativity x state3,ba_plus|other_foreign_born & rest,net_social_a_housing_national_uniform,11.90285146,0.436654569,-148.054729
edu_nativity x state3,ba_plus|us_born & CA,net_social_a_housing_national_uniform,6.685599948,0.009703477576,-4726.847878
edu_nativity x state3,ba_plus|us_born & TX,net_social_a_housing_national_uniform,4.992514781,0.009225787643,-4611.23323
edu_nativity x state3,ba_plus|us_born & rest,net_social_a_housing_national_uniform,58.75321674,0.4076859739,-241.0252781
edu_nativity x state3,below_high_school|other_foreign_born & rest,net_social_a_housing_national_uniform,3.440680052,0.005145311739,-1493.187066
edu_nativity x state3,below_high_school|us_born & rest,net_social_a_housing_national_uniform,7.760009382,0.01270438762,-1084.315003
edu_nativity x state3,high_school|other_foreign_born & CA,net_social_a_housing_national_uniform,1.208048307,0.002344674468,-4084.551101
edu_nativity x state3,high_school|other_foreign_born & rest,net_social_a_housing_national_uniform,6.417485807,0.01111493099,-2061.910227
edu_nativity x state3,high_school|us_born & CA,net_social_a_housing_national_uniform,2.433645989,0.006779723201,-4887.668101
edu_nativity x state3,high_school|us_born & TX,net_social_a_housing_national_uniform,2.917200773,0.004230188246,-4521.905666
edu_nativity x state3,high_school|us_born & rest,net_social_a_housing_national_uniform,42.81555968,0.01529223015,-1823.912132
edu_nativity x state3,some_college|other_foreign_born & CA,net_social_a_housing_national_uniform,1.038859907,0.008407550896,-2928.229834
edu_nativity x state3,some_college|other_foreign_born & rest,net_social_a_housing_national_uniform,4.052708664,0.3609079331,-303.8204125
edu_nativity x state3,some_college|us_born & CA,net_social_a_housing_national_uniform,3.703165237,0.005442057972,-3350.538415
edu_nativity x state3,some_college|us_born & TX,net_social_a_housing_national_uniform,3.43952603,0.004597693352,-3193.398803
edu_nativity x state3,some_college|us_born & rest,net_social_a_housing_national_uniform,40.19141421,0.2964450352,-334.060364
edu_nativity x state3,under_25 & CA,net_social_a_housing_national_uniform,6.829502452,0.002445820581,-3080.051999
edu_nativity x state3,under_25 & TX,net_social_a_housing_national_uniform,6.5131095,0.0009284024303,-2838.009695
edu_nativity x state3,under_25 & rest,net_social_a_housing_national_uniform,72.98504124,0.0390467472,-626.149372
edu_nativity x state3,ba_plus|other_foreign_born & CA,net_social_a_crime_custody_footing,3.366729681,0.02331559767,-4504.102156
edu_nativity x state3,ba_plus|other_foreign_born & TX,net_social_a_crime_custody_footing,1.609216824,0.02016195062,-4324.197309
edu_nativity x state3,ba_plus|other_foreign_born & rest,net_social_a_crime_custody_footing,11.90285146,0.4883456968,-124.5195899
edu_nativity x state3,ba_plus|us_born & CA,net_social_a_crime_custody_footing,6.685599948,0.04412439711,-4390.000529
edu_nativity x state3,ba_plus|us_born & TX,net_social_a_crime_custody_footing,4.992514781,0.03015171928,-4414.985198
edu_nativity x state3,ba_plus|us_born & rest,net_social_a_crime_custody_footing,58.75321674,0.4354506482,-291.0091861
edu_nativity x state3,below_high_school|other_foreign_born & rest,net_social_a_crime_custody_footing,3.440680052,0.002208355929,-1389.453097
edu_nativity x state3,below_high_school|us_born & rest,net_social_a_crime_custody_footing,7.760009382,0.00676753496,-1067.748356
edu_nativity x state3,high_school|other_foreign_born & CA,net_social_a_crime_custody_footing,1.208048307,0.01871787743,-4342.892487
edu_nativity x state3,high_school|other_foreign_born & rest,net_social_a_crime_custody_footing,6.417485807,0.005870620684,-1996.618875
edu_nativity x state3,high_school|us_born & CA,net_social_a_crime_custody_footing,2.433645989,0.01702773451,-4897.354379
edu_nativity x state3,high_school|us_born & TX,net_social_a_crime_custody_footing,2.917200773,0.008664751848,-4541.36703
edu_nativity x state3,high_school|us_born & rest,net_social_a_crime_custody_footing,42.81555968,0.009212063305,-1814.62438
edu_nativity x state3,some_college|other_foreign_born & CA,net_social_a_crime_custody_footing,1.038859907,0.02946457501,-2840.543257
edu_nativity x state3,some_college|other_foreign_born & rest,net_social_a_crime_custody_footing,4.052708664,0.4136694205,-249.2188364
edu_nativity x state3,some_college|us_born & CA,net_social_a_crime_custody_footing,3.703165237,0.02181624941,-3392.177796
edu_nativity x state3,some_college|us_born & TX,net_social_a_crime_custody_footing,3.43952603,0.01790923384,-3071.341875
edu_nativity x state3,some_college|us_born & rest,net_social_a_crime_custody_footing,40.19141421,0.3210143084,-332.3660767
edu_nativity x state3,under_25 & CA,net_social_a_crime_custody_footing,6.829502452,0.01643557276,-3106.981394
edu_nativity x state3,under_25 & TX,net_social_a_crime_custody_footing,6.5131095,0.007181275817,-2920.354234
edu_nativity x state3,under_25 & rest,net_social_a_crime_custody_footing,72.98504124,0.03516652965,-609.1136309
edu_nativity x state3,ba_plus|other_foreign_born & CA,net_social_b_pooled_national_fiscal,3.366729681,0.1619008335,-986.1577401
edu_nativity x state3,ba_plus|other_foreign_born & TX,net_social_b_pooled_national_fiscal,1.609216824,0.1569812823,-1006.161257
edu_nativity x state3,ba_plus|other_foreign_born & rest,net_social_b_pooled_national_fiscal,11.90285146,0.2291578001,-360.5084818
edu_nativity x state3,ba_plus|us_born & CA,net_social_b_pooled_national_fiscal,6.685599948,0.1599870552,-458.7025104
edu_nativity x state3,ba_plus|us_born & TX,net_social_b_pooled_national_fiscal,4.992514781,0.1441060339,-665.8725259
edu_nativity x state3,ba_plus|us_born & rest,net_social_b_pooled_national_fiscal,58.75321674,0.2174803891,-339.1542316
edu_nativity x state3,below_high_school|other_foreign_born & rest,net_social_b_pooled_national_fiscal,3.440680052,0.001724078115,-2184.011499
edu_nativity x state3,below_high_school|us_born & rest,net_social_b_pooled_national_fiscal,7.760009382,0.005197959465,-1833.448961
edu_nativity x state3,high_school|other_foreign_born & CA,net_social_b_pooled_national_fiscal,1.208048307,0.02440533719,-3221.46636
edu_nativity x state3,high_school|other_foreign_born & rest,net_social_b_pooled_national_fiscal,6.417485807,0.003282919709,-2618.516409
edu_nativity x state3,high_school|us_born & CA,net_social_b_pooled_national_fiscal,2.433645989,0.02634498086,-3172.036466
edu_nativity x state3,high_school|us_born & TX,net_social_b_pooled_national_fiscal,2.917200773,0.01032762365,-3138.969789
edu_nativity x state3,high_school|us_born & rest,net_social_b_pooled_national_fiscal,42.81555968,0.006056988456,-2399.302143
edu_nativity x state3,some_college|other_foreign_born & CA,net_social_b_pooled_national_fiscal,1.038859907,0.05812643157,-1288.430964
edu_nativity x state3,some_college|other_foreign_born & rest,net_social_b_pooled_national_fiscal,4.052708664,0.06181082481,-788.5924717
edu_nativity x state3,some_college|us_born & CA,net_social_b_pooled_national_fiscal,3.703165237,0.06768180008,-1501.6411
edu_nativity x state3,some_college|us_born & TX,net_social_b_pooled_national_fiscal,3.43952603,0.04442225316,-1058.25231
edu_nativity x state3,some_college|us_born & rest,net_social_b_pooled_national_fiscal,40.19141421,0.06449042674,-799.3035573
edu_nativity x state3,under_25 & CA,net_social_b_pooled_national_fiscal,6.829502452,0.0346504011,-1480.94636
edu_nativity x state3,under_25 & TX,net_social_b_pooled_national_fiscal,6.5131095,0.03248054682,-1589.164723
edu_nativity x state3,under_25 & rest,net_social_b_pooled_national_fiscal,72.98504124,0.006246881734,-1209.383086
edu_nativity x state3,ba_plus|other_foreign_born & CA,net_social_b_housing_national_uniform,3.366729681,0.0287731557,-3296.669859
edu_nativity x state3,ba_plus|other_foreign_born & TX,net_social_b_housing_national_uniform,1.609216824,0.01788237531,-3080.114321
edu_nativity x state3,ba_plus|other_foreign_born & rest,net_social_b_housing_national_uniform,11.90285146,0.4436468375,71.04051995
edu_nativity x state3,ba_plus|us_born & CA,net_social_b_housing_national_uniform,6.685599948,0.03923915456,-3181.446949
edu_nativity x state3,ba_plus|us_born & TX,net_social_b_housing_national_uniform,4.992514781,0.0359932545,-2998.561516
edu_nativity x state3,ba_plus|us_born & rest,net_social_b_housing_national_uniform,58.75321674,0.4427399364,104.9631248
edu_nativity x state3,below_high_school|other_foreign_born & rest,net_social_b_housing_national_uniform,3.440680052,0.005145311739,-1756.697472
edu_nativity x state3,below_high_school|us_born & rest,net_social_b_housing_national_uniform,7.760009382,0.01244536155,-1364.056342
edu_nativity x state3,high_school|other_foreign_born & CA,net_social_b_housing_national_uniform,1.208048307,0.002344674468,-5353.374617
edu_nativity x state3,high_school|other_foreign_born & rest,net_social_b_housing_national_uniform,6.417485807,0.01080143272,-2188.441248
edu_nativity x state3,high_school|us_born & CA,net_social_b_housing_national_uniform,2.433645989,0.008238429398,-5552.363189
edu_nativity x state3,high_school|us_born & TX,net_social_b_housing_national_uniform,2.917200773,0.001853328231,-5260.413154
edu_nativity x state3,high_school|us_born & rest,net_social_b_housing_national_uniform,42.81555968,0.01448012065,-1954.86738
edu_nativity x state3,some_college|other_foreign_born & CA,net_social_b_housing_national_uniform,1.038859907,0.007587017449,-3764.078197
edu_nativity x state3,some_college|other_foreign_born & rest,net_social_b_housing_national_uniform,4.052708664,0.2804844999,-362.0566522
edu_nativity x state3,some_college|us_born & CA,net_social_b_housing_national_uniform,3.703165237,0.01114394874,-3848.943452
edu_nativity x state3,some_college|us_born & TX,net_social_b_housing_national_uniform,3.43952603,0.006233396693,-3318.982436
edu_nativity x state3,some_college|us_born & rest,net_social_b_housing_national_uniform,40.19141421,0.2576645448,-410.6180559
edu_nativity x state3,under_25 & CA,net_social_b_housing_national_uniform,6.829502452,0.002867997155,-3832.554529
edu_nativity x state3,under_25 & TX,net_social_b_housing_national_uniform,6.5131095,0.0009284024303,-3636.300321
edu_nativity x state3,under_25 & rest,net_social_b_housing_national_uniform,72.98504124,0.0340892147,-785.0954335
edu_nativity x state3,ba_plus|other_foreign_born & CA,net_social_b_crime_custody_footing,3.366729681,0.04731388309,-3372.103666
edu_nativity x state3,ba_plus|other_foreign_born & TX,net_social_b_crime_custody_footing,1.609216824,0.05033022922,-3142.763226
edu_nativity x state3,ba_plus|other_foreign_born & rest,net_social_b_crime_custody_footing,11.90285146,0.4898163689,94.57565901
edu_nativity x state3,ba_plus|us_born & CA,net_social_b_crime_custody_footing,6.685599948,0.07382476212,-2844.5996
edu_nativity x state3,ba_plus|us_born & TX,net_social_b_crime_custody_footing,4.992514781,0.06106506899,-2802.313485
edu_nativity x state3,ba_plus|us_born & rest,net_social_b_crime_custody_footing,58.75321674,0.4707128776,54.97921679
edu_nativity x state3,below_high_school|other_foreign_born & rest,net_social_b_crime_custody_footing,3.440680052,0.001724078115,-1652.963503
edu_nativity x state3,below_high_school|us_born & rest,net_social_b_crime_custody_footing,7.760009382,0.006572086236,-1347.489695
edu_nativity x state3,high_school|other_foreign_born & CA,net_social_b_crime_custody_footing,1.208048307,0.0180014255,-5611.716003
edu_nativity x state3,high_school|other_foreign_born & rest,net_social_b_crime_custody_footing,6.417485807,0.005358115744,-2123.149897
edu_nativity x state3,high_school|us_born & CA,net_social_b_crime_custody_footing,2.433645989,0.01338307007,-5562.049468
edu_nativity x state3,high_school|us_born & TX,net_social_b_crime_custody_footing,2.917200773,0.008664751848,-5279.874519
edu_nativity x state3,high_school|us_born & rest,net_social_b_crime_custody_footing,42.81555968,0.008789388985,-1945.579627
edu_nativity x state3,some_college|other_foreign_born & CA,net_social_b_crime_custody_footing,1.038859907,0.03280260753,-3676.39162
edu_nativity x state3,some_college|other_foreign_born & rest,net_social_b_crime_custody_footing,4.052708664,0.3218217083,-307.4550762
edu_nativity x state3,some_college|us_born & CA,net_social_b_crime_custody_footing,3.703165237,0.02713619319,-3890.582834
edu_nativity x state3,some_college|us_born & TX,net_social_b_crime_custody_footing,3.43952603,0.02252301596,-3196.925508
edu_nativity x state3,some_college|us_born & rest,net_social_b_crime_custody_footing,40.19141421,0.2788777737,-408.9237687
edu_nativity x state3,under_25 & CA,net_social_b_crime_custody_footing,6.829502452,0.01446274534,-3859.483924
edu_nativity x state3,under_25 & TX,net_social_b_crime_custody_footing,6.5131095,0.01188910362,-3718.64486
edu_nativity x state3,under_25 & rest,net_social_b_crime_custody_footing,72.98504124,0.02784262458,-768.0596924
tenure x decile,landlord & D03,net_account_a,1.005350686,0.1225516941,-536.8299806
tenure x decile,landlord & D04,net_account_a,1.252725727,0.1329325066,-547.3853886
tenure x decile,landlord & D05,net_account_a,1.802674905,0.1549625808,-676.9338134
tenure x decile,landlord & D06,net_account_a,2.215144656,0.1956352455,-664.045748
tenure x decile,landlord & D07,net_account_a,2.508196527,0.1919726724,-937.9240591
tenure x decile,landlord & D08,net_account_a,3.093736826,0.2240055295,-998.1716362
tenure x decile,landlord & D09,net_account_a,4.5232089,0.2119260288,-1334.087632
tenure x decile,landlord & D10,net_account_a,6.563181117,0.1858713734,-4276.221803
tenure x decile,owner_no_rental_income & D01,net_account_a,14.68256913,0.04142166799,-257.119336
tenure x decile,owner_no_rental_income & D02,net_account_a,13.96240906,0.08184052622,-419.1722993
tenure x decile,owner_no_rental_income & D03,net_account_a,15.60423764,0.1215285752,-500.7790493
tenure x decile,owner_no_rental_income & D04,net_account_a,18.11982592,0.153109723,-611.3775511
tenure x decile,owner_no_rental_income & D05,net_account_a,19.49683364,0.1822621718,-707.5849014
tenure x decile,owner_no_rental_income & D06,net_account_a,20.22080399,0.2139454235,-743.2520101
tenure x decile,owner_no_rental_income & D07,net_account_a,21.18963456,0.2266522321,-892.0795032
tenure x decile,owner_no_rental_income & D08,net_account_a,21.18682441,0.2549773443,-1009.263135
tenure x decile,owner_no_rental_income & D09,net_account_a,20.52638521,0.2613593353,-1175.050845
tenure x decile,owner_no_rental_income & D10,net_account_a,19.5589211,0.2480833149,-3144.339962
tenure x decile,renter & D01,net_account_a,14.07974508,0.01646194334,-481.7495147
tenure x decile,renter & D02,net_account_a,14.88979916,0.05786479578,-582.9184558
tenure x decile,renter & D03,net_account_a,12.9702172,0.09330042093,-693.8898391
tenure x decile,renter & D04,net_account_a,10.21199561,0.1474432732,-866.8490519
tenure x decile,renter & D05,net_account_a,8.284874092,0.2079402714,-929.5959321
tenure x decile,renter & D06,net_account_a,7.1456772,0.2316900163,-1105.578039
tenure x decile,renter & D07,net_account_a,5.885538891,0.2777521728,-1176.02561
tenure x decile,renter & D08,net_account_a,5.303005152,0.2768590068,-1410.069883
tenure x decile,renter & D09,net_account_a,4.534778024,0.3235845714,-1551.278658
tenure x decile,renter & D10,net_account_a,3.459425233,0.2611135537,-4924.919867
tenure x decile,landlord & D03,net_account_b,1.005350686,0.06812285748,-1178.230661
tenure x decile,landlord & D04,net_account_b,1.252725727,0.07785120891,-1030.853294
tenure x decile,landlord & D05,net_account_b,1.802674905,0.1204901005,-1073.811031
tenure x decile,landlord & D06,net_account_b,2.215144656,0.1694745772,-947.2681182
tenure x decile,landlord & D07,net_account_b,2.508196527,0.1879724778,-1132.225694
tenure x decile,landlord & D08,net_account_b,3.093736826,0.233925069,-942.0338962
tenure x decile,landlord & D09,net_account_b,4.5232089,0.2667340664,-985.8786391
tenure x decile,landlord & D10,net_account_b,6.563181117,0.3482319523,-548.182537
tenure x decile,owner_no_rental_income & D01,net_account_b,14.68256913,0.006757183957,-1028.463314
tenure x decile,owner_no_rental_income & D02,net_account_b,13.96240906,0.02841523406,-1036.938708
tenure x decile,owner_no_rental_income & D03,net_account_b,15.60423764,0.05845337796,-1064.447051
tenure x decile,owner_no_rental_income & D04,net_account_b,18.11982592,0.09618083101,-1079.794762
tenure x decile,owner_no_rental_income & D05,net_account_b,19.49683364,0.1341474281,-1103.914605
tenure x decile,owner_no_rental_income & D06,net_account_b,20.22080399,0.1853922032,-1030.286336
tenure x decile,owner_no_rental_income & D07,net_account_b,21.18963456,0.2204381917,-1068.172154
tenure x decile,owner_no_rental_income & D08,net_account_b,21.18682441,0.2798185639,-981.1727184
tenure x decile,owner_no_rental_income & D09,net_account_b,20.52638521,0.325873506,-857.9548664
tenure x decile,owner_no_rental_income & D10,net_account_b,19.5589211,0.3901730286,-510.2793904
tenure x decile,renter & D01,net_account_b,14.07974508,0.002635645793,-1346.732607
tenure x decile,renter & D02,net_account_b,14.88979916,0.0161830256,-1251.691121
tenure x decile,renter & D03,net_account_b,12.9702172,0.03907733896,-1371.559275
tenure x decile,renter & D04,net_account_b,10.21199561,0.08751613879,-1440.151524
tenure x decile,renter & D05,net_account_b,8.284874092,0.164454731,-1371.693536
tenure x decile,renter & D06,net_account_b,7.1456772,0.2151168614,-1379.550714
tenure x decile,renter & D07,net_account_b,5.885538891,0.2900240697,-1290.920584
tenure x decile,renter & D08,net_account_b,5.303005152,0.3260715882,-1223.747814
tenure x decile,renter & D09,net_account_b,4.534778024,0.3990981662,-990.7722776
tenure x decile,renter & D10,net_account_b,3.459425233,0.4352825096,-1035.003013
tenure x decile,landlord & D03,net_social_a,1.005350686,0.2664727376,-275.1308286
tenure x decile,landlord & D04,net_social_a,1.252725727,0.3944883896,-72.2873559
tenure x decile,landlord & D05,net_social_a,1.802674905,0.3326797455,-201.957499
tenure x decile,landlord & D06,net_social_a,2.215144656,0.3828884788,-230.9728714
tenure x decile,landlord & D07,net_social_a,2.508196527,0.3153897009,-525.4169447
tenure x decile,landlord & D08,net_social_a,3.093736826,0.3830081254,-353.4533792
tenure x decile,landlord & D09,net_social_a,4.5232089,0.351255937,-564.649925
tenure x decile,landlord & D10,net_social_a,6.563181117,0.3932296705,-874.4390412
tenure x decile,owner_no_rental_income & D01,net_social_a,14.68256913,0.02900325726,-472.2152497
tenure x decile,owner_no_rental_income & D02,net_social_a,13.96240906,0.06533895261,-575.6443409
tenure x decile,owner_no_rental_income & D03,net_social_a,15.60423764,0.1080223519,-637.4759318
tenure x decile,owner_no_rental_income & D04,net_social_a,18.11982592,0.1351716627,-735.8869308
tenure x decile,owner_no_rental_income & D05,net_social_a,19.49683364,0.1666973988,-839.4813612
tenure x decile,owner_no_rental_income & D06,net_social_a,20.22080399,0.1976065008,-868.8491897
tenure x decile,owner_no_rental_income & D07,net_social_a,21.18963456,0.2127200826,-1031.726545
tenure x decile,owner_no_rental_income & D08,net_social_a,21.18682441,0.2408221405,-1157.449922
tenure x decile,owner_no_rental_income & D09,net_social_a,20.52638521,0.2506060561,-1339.072257
tenure x decile,owner_no_rental_income & D10,net_social_a,19.5589211,0.2434404747,-3323.481531
tenure x decile,renter & D01,net_social_a,14.07974508,0.007194628956,-1007.644688
tenure x decile,renter & D02,net_social_a,14.88979916,0.03580970887,-980.1484244
tenure x decile,renter & D03,net_social_a,12.9702172,0.06396419493,-1109.966977
tenure x decile,renter & D04,net_social_a,10.21199561,0.09622963705,-1351.479308
tenure x decile,renter & D05,net_social_a,8.284874092,0.1420551605,-1483.516579
tenure x decile,renter & D06,net_social_a,7.1456772,0.1617872826,-1725.641234
tenure x decile,renter & D07,net_social_a,5.885538891,0.2085834998,-1878.27468
tenure x decile,renter & D08,net_social_a,5.303005152,0.2293290149,-2194.586856
tenure x decile,renter & D09,net_social_a,4.534778024,0.2744182391,-2456.931057
tenure x decile,renter & D10,net_social_a,3.459425233,0.2346303893,-6128.87775
tenure x decile,landlord & D03,net_social_b,1.005350686,0.146176724,-916.5315089
tenure x decile,landlord & D04,net_social_b,1.252725727,0.2502640623,-555.755261
tenure x decile,landlord & D05,net_social_b,1.802674905,0.2270002187,-598.8347167
tenure x decile,landlord & D06,net_social_b,2.215144656,0.3092149572,-514.1952417
tenure x decile,landlord & D07,net_social_b,2.508196527,0.3013767828,-719.7185793
tenure x decile,landlord & D08,net_social_b,3.093736826,0.3966517231,-297.3156392
tenure x decile,landlord & D09,net_social_b,4.5232089,0.4193868226,-216.4409322
tenure x decile,landlord & D10,net_social_b,6.563181117,0.6021411061,2853.600224
tenure x decile,owner_no_rental_income & D01,net_social_b,14.68256913,0.006229319778,-1243.559228
tenure x decile,owner_no_rental_income & D02,net_social_b,13.96240906,0.02305085006,-1193.41075
tenure x decile,owner_no_rental_income & D03,net_social_b,15.60423764,0.05057750937,-1201.143933
tenure x decile,owner_no_rental_income & D04,net_social_b,18.11982592,0.08325602137,-1204.304142
tenure x decile,owner_no_rental_income & D05,net_social_b,19.49683364,0.1216244313,-1235.811064
tenure x decile,owner_no_rental_income & D06,net_social_b,20.22080399,0.1719773954,-1155.883516
tenure x decile,owner_no_rental_income & D07,net_social_b,21.18963456,0.2056524555,-1207.819196
tenure x decile,owner_no_rental_income & D08,net_social_b,21.18682441,0.267071034,-1129.359505
tenure x decile,owner_no_rental_income & D09,net_social_b,20.52638521,0.3072783989,-1021.976278
tenure x decile,owner_no_rental_income & D10,net_social_b,19.5589211,0.3739977983,-689.4209591
tenure x decile,renter & D01,net_social_b,14.07974508,0.002479689004,-1872.627781
tenure x decile,renter & D02,net_social_b,14.88979916,0.01207565919,-1648.921089
tenure x decile,renter & D03,net_social_b,12.9702172,0.0245826179,-1787.636413
tenure x decile,renter & D04,net_social_b,10.21199561,0.05449152118,-1924.781781
tenure x decile,renter & D05,net_social_b,8.284874092,0.09868538937,-1925.614183
tenure x decile,renter & D06,net_social_b,7.1456772,0.1400507917,-1999.613909
tenure x decile,renter & D07,net_social_b,5.885538891,0.2169377361,-1993.169654
tenure x decile,renter & D08,net_social_b,5.303005152,0.2638727882,-2008.264787
tenure x decile,renter & D09,net_social_b,4.534778024,0.3373827421,-1896.424677
tenure x decile,renter & D10,net_social_b,3.459425233,0.3672165647,-2238.960895
tenure x decile,landlord & D03,net_with_proposed_a,1.005350686,0.2710080996,-263.5837909
tenure x decile,landlord & D04,net_with_proposed_a,1.252725727,0.4048978411,-56.92466087
tenure x decile,landlord & D05,net_with_proposed_a,1.802674905,0.3397028698,-182.9368337
tenure x decile,landlord & D06,net_with_proposed_a,2.215144656,0.3855874549,-207.6328476
tenure x decile,landlord & D07,net_with_proposed_a,2.508196527,0.3224479813,-491.7087027
tenure x decile,landlord & D08,net_with_proposed_a,3.093736826,0.3959922284,-314.1139525
tenure x decile,landlord & D09,net_with_proposed_a,4.5232089,0.3652485201,-505.3235239
tenure x decile,landlord & D10,net_with_proposed_a,6.563181117,0.4034750385,-684.3985645
tenure x decile,owner_no_rental_income & D01,net_with_proposed_a,14.68256913,0.02953943097,-467.8405583
tenure x decile,owner_no_rental_income & D02,net_with_proposed_a,13.96240906,0.06792834678,-567.6038037
tenure x decile,owner_no_rental_income & D03,net_with_proposed_a,15.60423764,0.1094467322,-625.6369487
tenure x decile,owner_no_rental_income & D04,net_with_proposed_a,18.11982592,0.1388640448,-720.2031038
tenure x decile,owner_no_rental_income & D05,net_with_proposed_a,19.49683364,0.1706830095,-819.0395391
tenure x decile,owner_no_rental_income & D06,net_with_proposed_a,20.22080399,0.2030515748,-843.9448266
tenure x decile,owner_no_rental_income & D07,net_with_proposed_a,21.18963456,0.2192688478,-997.7763023
tenure x decile,owner_no_rental_income & D08,net_with_proposed_a,21.18682441,0.2487068636,-1113.818122
tenure x decile,owner_no_rental_income & D09,net_with_proposed_a,20.52638521,0.2571498265,-1277.524294
tenure x decile,owner_no_rental_income & D10,net_with_proposed_a,19.5589211,0.2524101625,-3160.706052
tenure x decile,renter & D01,net_with_proposed_a,14.07974508,0.007699143434,-1003.242462
tenure x decile,renter & D02,net_with_proposed_a,14.88979916,0.036237405,-971.7711771
tenure x decile,renter & D03,net_with_proposed_a,12.9702172,0.06561400539,-1096.674704
tenure x decile,renter & D04,net_with_proposed_a,10.21199561,0.09997541056,-1330.773029
tenure x decile,renter & D05,net_with_proposed_a,8.284874092,0.1459794952,-1454.686897
tenure x decile,renter & D06,net_with_proposed_a,7.1456772,0.1696702089,-1688.589918
tenure x decile,renter & D07,net_with_proposed_a,5.885538891,0.2164502195,-1829.650042
tenure x decile,renter & D08,net_with_proposed_a,5.303005152,0.2353838353,-2129.827839
tenure x decile,renter & D09,net_with_proposed_a,4.534778024,0.2837633842,-2374.490399
tenure x decile,renter & D10,net_with_proposed_a,3.459425233,0.2414198558,-5894.301273
tenure x decile,landlord & D03,net_with_proposed_b,1.005350686,0.1546687448,-891.13945
tenure x decile,landlord & D04,net_with_proposed_b,1.252725727,0.2657992855,-527.9634332
tenure x decile,landlord & D05,net_with_proposed_b,1.802674905,0.2377969745,-569.575642
tenure x decile,landlord & D06,net_with_proposed_b,2.215144656,0.3191785439,-482.761956
tenure x decile,landlord & D07,net_with_proposed_b,2.508196527,0.3066614654,-681.4815498
tenure x decile,landlord & D08,net_with_proposed_b,3.093736826,0.4052275302,-257.5060771
tenure x decile,landlord & D09,net_with_proposed_b,4.5232089,0.440127601,-164.6016579
tenure x decile,landlord & D10,net_with_proposed_b,6.563181117,0.6163880646,2956.239372
tenure x decile,owner_no_rental_income & D01,net_with_proposed_b,14.68256913,0.007068517978,-1221.558627
tenure x decile,owner_no_rental_income & D02,net_with_proposed_b,13.96240906,0.02658475046,-1169.251022
tenure x decile,owner_no_rental_income & D03,net_with_proposed_b,15.60423764,0.0566102639,-1174.832132
tenure x decile,owner_no_rental_income & D04,net_with_proposed_b,18.11982592,0.09120442291,-1175.74178
tenure x decile,owner_no_rental_income & D05,net_with_proposed_b,19.49683364,0.1286081132,-1204.668874
tenure x decile,owner_no_rental_income & D06,net_with_proposed_b,20.22080399,0.1783984355,-1122.510569
tenure x decile,owner_no_rental_income & D07,net_with_proposed_b,21.18963456,0.2154332326,-1168.944335
tenure x decile,owner_no_rental_income & D08,net_with_proposed_b,21.18682441,0.2735190857,-1085.098643
tenure x decile,owner_no_rental_income & D09,net_with_proposed_b,20.52638521,0.3162677647,-967.7047995
tenure x decile,owner_no_rental_income & D10,net_with_proposed_b,19.5589211,0.3839431212,-596.9710683
tenure x decile,renter & D01,net_with_proposed_b,14.07974508,0.002568507749,-1850.092515
tenure x decile,renter & D02,net_with_proposed_b,14.88979916,0.01385070643,-1623.87585
tenure x decile,renter & D03,net_with_proposed_b,12.9702172,0.02828612084,-1759.47176
tenure x decile,renter & D04,net_with_proposed_b,10.21199561,0.0576482992,-1891.420575
tenure x decile,renter & D05,net_with_proposed_b,8.284874092,0.1066269924,-1886.894385
tenure x decile,renter & D06,net_with_proposed_b,7.1456772,0.1500627982,-1955.384825
tenure x decile,renter & D07,net_with_proposed_b,5.885538891,0.228033897,-1941.690834
tenure x decile,renter & D08,net_with_proposed_b,5.303005152,0.2658353277,-1945.182676
tenure x decile,renter & D09,net_with_proposed_b,4.534778024,0.3416251009,-1825.120228
tenure x decile,renter & D10,net_with_proposed_b,3.459425233,0.3702812046,-2098.941329
tenure x decile,landlord & D03,net_social_a_pooled_national_fiscal,1.005350686,0.2546095986,-129.3403708
tenure x decile,landlord & D04,net_social_a_pooled_national_fiscal,1.252725727,0.314928081,15.15669433
tenure x decile,landlord & D05,net_social_a_pooled_national_fiscal,1.802674905,0.261516851,-90.33707764
tenure x decile,landlord & D06,net_social_a_pooled_national_fiscal,2.215144656,0.2638603643,-152.019378
tenure x decile,landlord & D07,net_social_a_pooled_national_fiscal,2.508196527,0.2484850226,-384.102008
tenure x decile,landlord & D08,net_social_a_pooled_national_fiscal,3.093736826,0.277720687,-270.8937736
tenure x decile,landlord & D09,net_social_a_pooled_national_fiscal,4.5232089,0.2387024763,-407.9528785
tenure x decile,landlord & D10,net_social_a_pooled_national_fiscal,6.563181117,0.246677558,-1316.005274
tenure x decile,owner_no_rental_income & D01,net_social_a_pooled_national_fiscal,14.68256913,0.02134034213,-403.2400558
tenure x decile,owner_no_rental_income & D02,net_social_a_pooled_national_fiscal,13.96240906,0.05200045576,-486.1953639
tenure x decile,owner_no_rental_income & D03,net_social_a_pooled_national_fiscal,15.60423764,0.07615539715,-574.1281235
tenure x decile,owner_no_rental_income & D04,net_social_a_pooled_national_fiscal,18.11982592,0.09000509853,-681.1339828
tenure x decile,owner_no_rental_income & D05,net_social_a_pooled_national_fiscal,19.49683364,0.09413539495,-789.4158841
tenure x decile,owner_no_rental_income & D06,net_social_a_pooled_national_fiscal,20.22080399,0.1062820463,-824.9056633
tenure x decile,owner_no_rental_income & D07,net_social_a_pooled_national_fiscal,21.18963456,0.09408985532,-992.1915483
tenure x decile,owner_no_rental_income & D08,net_social_a_pooled_national_fiscal,21.18682441,0.0957476004,-1105.702775
tenure x decile,owner_no_rental_income & D09,net_social_a_pooled_national_fiscal,20.52638521,0.07659421248,-1333.677637
tenure x decile,owner_no_rental_income & D10,net_social_a_pooled_national_fiscal,19.5589211,0.05535582405,-4190.887493
tenure x decile,renter & D01,net_social_a_pooled_national_fiscal,14.07974508,0.004323336566,-937.4975365
tenure x decile,renter & D02,net_social_a_pooled_national_fiscal,14.88979916,0.02643115856,-897.6167289
tenure x decile,renter & D03,net_social_a_pooled_national_fiscal,12.9702172,0.03630326051,-1027.747351
tenure x decile,renter & D04,net_social_a_pooled_national_fiscal,10.21199561,0.04677355386,-1226.929762
tenure x decile,renter & D05,net_social_a_pooled_national_fiscal,8.284874092,0.04442978872,-1340.158166
tenure x decile,renter & D06,net_social_a_pooled_national_fiscal,7.1456772,0.04179913712,-1537.64043
tenure x decile,renter & D07,net_social_a_pooled_national_fiscal,5.885538891,0.03775581759,-1665.032919
tenure x decile,renter & D08,net_social_a_pooled_national_fiscal,5.303005152,0.03897599904,-1862.033579
tenure x decile,renter & D09,net_social_a_pooled_national_fiscal,4.534778024,0.02946992086,-2239.970169
tenure x decile,renter & D10,net_social_a_pooled_national_fiscal,3.459425233,0.01907452479,-6652.822364
tenure x decile,landlord & D03,net_social_a_housing_national_uniform,1.005350686,0.3193674989,-304.0683575
tenure x decile,landlord & D04,net_social_a_housing_national_uniform,1.252725727,0.4301808367,-132.4284847
tenure x decile,landlord & D05,net_social_a_housing_national_uniform,1.802674905,0.385420864,-258.0256402
tenure x decile,landlord & D06,net_social_a_housing_national_uniform,2.215144656,0.4226539392,-277.0290316
tenure x decile,landlord & D07,net_social_a_housing_national_uniform,2.508196527,0.369424069,-566.4916425
tenure x decile,landlord & D08,net_social_a_housing_national_uniform,3.093736826,0.4067684199,-420.0337528
tenure x decile,landlord & D09,net_social_a_housing_national_uniform,4.5232089,0.4079040496,-645.0428128
tenure x decile,landlord & D10,net_social_a_housing_national_uniform,6.563181117,0.4177085685,-1178.314199
tenure x decile,owner_no_rental_income & D01,net_social_a_housing_national_uniform,14.68256913,0.02900325726,-472.2152497
tenure x decile,owner_no_rental_income & D02,net_social_a_housing_national_uniform,13.96240906,0.06533895261,-575.6443409
tenure x decile,owner_no_rental_income & D03,net_social_a_housing_national_uniform,15.60423764,0.1080223519,-637.4759318
tenure x decile,owner_no_rental_income & D04,net_social_a_housing_national_uniform,18.11982592,0.1351716627,-735.8869308
tenure x decile,owner_no_rental_income & D05,net_social_a_housing_national_uniform,19.49683364,0.1666973988,-839.4813612
tenure x decile,owner_no_rental_income & D06,net_social_a_housing_national_uniform,20.22080399,0.1976065008,-868.8491897
tenure x decile,owner_no_rental_income & D07,net_social_a_housing_national_uniform,21.18963456,0.2127200826,-1031.726545
tenure x decile,owner_no_rental_income & D08,net_social_a_housing_national_uniform,21.18682441,0.2408221405,-1157.449922
tenure x decile,owner_no_rental_income & D09,net_social_a_housing_national_uniform,20.52638521,0.2506060561,-1339.072257
tenure x decile,owner_no_rental_income & D10,net_social_a_housing_national_uniform,19.5589211,0.2434404747,-3323.481531
tenure x decile,renter & D01,net_social_a_housing_national_uniform,14.07974508,0.002811555516,-1029.714844
tenure x decile,renter & D02,net_social_a_housing_national_uniform,14.88979916,0.023295765,-1001.301899
tenure x decile,renter & D03,net_social_a_housing_national_uniform,12.9702172,0.03606533748,-1127.317777
tenure x decile,renter & D04,net_social_a_housing_national_uniform,10.21199561,0.05532787967,-1361.353393
tenure x decile,renter & D05,net_social_a_housing_national_uniform,8.284874092,0.06495600759,-1481.866515
tenure x decile,renter & D06,net_social_a_housing_national_uniform,7.1456772,0.07360183924,-1716.953618
tenure x decile,renter & D07,net_social_a_housing_national_uniform,5.885538891,0.09430489121,-1859.217844
tenure x decile,renter & D08,net_social_a_housing_national_uniform,5.303005152,0.1061052301,-2145.728839
tenure x decile,renter & D09,net_social_a_housing_national_uniform,4.534778024,0.1259519045,-2368.230102
tenure x decile,renter & D10,net_social_a_housing_national_uniform,3.459425233,0.1189292998,-6036.652764
tenure x decile,landlord & D03,net_social_a_crime_custody_footing,1.005350686,0.2664727376,-281.1499186
tenure x decile,landlord & D04,net_social_a_crime_custody_footing,1.252725727,0.3927651965,-76.64004375
tenure x decile,landlord & D05,net_social_a_crime_custody_footing,1.802674905,0.3303159711,-206.2491637
tenure x decile,landlord & D06,net_social_a_crime_custody_footing,2.215144656,0.3806446437,-234.7188463
tenure x decile,landlord & D07,net_social_a_crime_custody_footing,2.508196527,0.3140342138,-529.6549956
tenure x decile,landlord & D08,net_social_a_crime_custody_footing,3.093736826,0.3811843746,-357.2569099
tenure x decile,landlord & D09,net_social_a_crime_custody_footing,4.5232089,0.351255937,-569.074726
tenure x decile,landlord & D10,net_social_a_crime_custody_footing,6.563181117,0.3932296705,-879.3103299
tenure x decile,owner_no_rental_income & D01,net_social_a_crime_custody_footing,14.68256913,0.0284125735,-480.9220945
tenure x decile,owner_no_rental_income & D02,net_social_a_crime_custody_footing,13.96240906,0.06486488755,-581.3693426
tenure x decile,owner_no_rental_income & D03,net_social_a_crime_custody_footing,15.60423764,0.1078653697,-641.9774878
tenure x decile,owner_no_rental_income & D04,net_social_a_crime_custody_footing,18.11982592,0.1341768612,-739.6840277
tenure x decile,owner_no_rental_income & D05,net_social_a_crime_custody_footing,19.49683364,0.1664732736,-843.2741707
tenure x decile,owner_no_rental_income & D06,net_social_a_crime_custody_footing,20.22080399,0.1975164935,-872.2540944
tenure x decile,owner_no_rental_income & D07,net_social_a_crime_custody_footing,21.18963456,0.2123645646,-1035.226568
tenure x decile,owner_no_rental_income & D08,net_social_a_crime_custody_footing,21.18682441,0.2405379163,-1161.084845
tenure x decile,owner_no_rental_income & D09,net_social_a_crime_custody_footing,20.52638521,0.2505016127,-1342.863396
tenure x decile,owner_no_rental_income & D10,net_social_a_crime_custody_footing,19.5589211,0.2432962056,-3327.652043
tenure x decile,renter & D01,net_social_a_crime_custody_footing,14.07974508,0.007194628956,-1016.180114
tenure x decile,renter & D02,net_social_a_crime_custody_footing,14.88979916,0.03578092071,-986.0736467
tenure x decile,renter & D03,net_social_a_crime_custody_footing,12.9702172,0.06348947509,-1115.105774
tenure x decile,renter & D04,net_social_a_crime_custody_footing,10.21199561,0.09590660863,-1356.353537
tenure x decile,renter & D05,net_social_a_crime_custody_footing,8.284874092,0.1409802855,-1488.281016
tenure x decile,renter & D06,net_social_a_crime_custody_footing,7.1456772,0.1608491674,-1730.268301
tenure x decile,renter & D07,net_social_a_crime_custody_footing,5.885538891,0.2085834998,-1883.213763
tenure x decile,renter & D08,net_social_a_crime_custody_footing,5.303005152,0.2285328585,-2199.69878
tenure x decile,renter & D09,net_social_a_crime_custody_footing,4.534778024,0.2744182391,-2461.633049
tenure x decile,renter & D10,net_social_a_crime_custody_footing,3.459425233,0.2346303893,-6134.427259
tenure x decile,landlord & D03,net_social_b_pooled_national_fiscal,1.005350686,0.07951777884,-841.1616763
tenure x decile,landlord & D04,net_social_b_pooled_national_fiscal,1.252725727,0.1192641662,-623.8687999
tenure x decile,landlord & D05,net_social_b_pooled_national_fiscal,1.802674905,0.1265951889,-616.7297737
tenure x decile,landlord & D06,net_social_b_pooled_national_fiscal,2.215144656,0.1521436052,-568.122478
tenure x decile,landlord & D07,net_social_b_pooled_national_fiscal,2.508196527,0.1760971989,-616.9429256
tenure x decile,landlord & D08,net_social_b_pooled_national_fiscal,3.093736826,0.2839316568,-295.065091
tenure x decile,landlord & D09,net_social_b_pooled_national_fiscal,4.5232089,0.342195544,-23.01331966
tenure x decile,landlord & D10,net_social_b_pooled_national_fiscal,6.563181117,0.598187147,3177.604913
tenure x decile,owner_no_rental_income & D01,net_social_b_pooled_national_fiscal,14.68256913,0.0004541280402,-1309.450146
tenure x decile,owner_no_rental_income & D02,net_social_b_pooled_national_fiscal,13.96240906,0.0001136414019,-1314.939734
tenure x decile,owner_no_rental_income & D03,net_social_b_pooled_national_fiscal,15.60423764,0.001084249079,-1318.226702
tenure x decile,owner_no_rental_income & D04,net_social_b_pooled_national_fiscal,18.11982592,0.001619851666,-1343.264818
tenure x decile,owner_no_rental_income & D05,net_social_b_pooled_national_fiscal,19.49683364,0.009009127572,-1339.559523
tenure x decile,owner_no_rental_income & D06,net_social_b_pooled_national_fiscal,20.22080399,0.01993757172,-1260.305377
tenure x decile,owner_no_rental_income & D07,net_social_b_pooled_national_fiscal,21.18963456,0.04081227859,-1245.383541
tenure x decile,owner_no_rental_income & D08,net_social_b_pooled_national_fiscal,21.18682441,0.08587661835,-1138.045117
tenure x decile,owner_no_rental_income & D09,net_social_b_pooled_national_fiscal,20.52638521,0.1632385107,-959.5679668
tenure x decile,owner_no_rental_income & D10,net_social_b_pooled_national_fiscal,19.5589211,0.3363773867,-575.201319
tenure x decile,renter & D01,net_social_b_pooled_national_fiscal,14.07974508,0.0001318201444,-1869.780953
tenure x decile,renter & D02,net_social_b_pooled_national_fiscal,14.88979916,0,-1754.576894
tenure x decile,renter & D03,net_social_b_pooled_national_fiscal,12.9702172,0,-1792.388812
tenure x decile,renter & D04,net_social_b_pooled_national_fiscal,10.21199561,0.0006237473057,-1877.564124
tenure x decile,renter & D05,net_social_b_pooled_national_fiscal,8.284874092,0.002018619,-1848.643837
tenure x decile,renter & D06,net_social_b_pooled_national_fiscal,7.1456772,0.007371199093,-1906.674735
tenure x decile,renter & D07,net_social_b_pooled_national_fiscal,5.885538891,0.01736998604,-1811.776483
tenure x decile,renter & D08,net_social_b_pooled_national_fiscal,5.303005152,0.03640234687,-1775.817954
tenure x decile,renter & D09,net_social_b_pooled_national_fiscal,4.534778024,0.1177390087,-1667.418445
tenure x decile,renter & D10,net_social_b_pooled_national_fiscal,3.459425233,0.2834982066,-1791.318531
tenure x decile,landlord & D03,net_social_b_housing_national_uniform,1.005350686,0.1930668677,-945.4690378
tenure x decile,landlord & D04,net_social_b_housing_national_uniform,1.252725727,0.324684116,-615.8963898
tenure x decile,landlord & D05,net_social_b_housing_national_uniform,1.802674905,0.3156130338,-654.902858
tenure x decile,landlord & D06,net_social_b_housing_national_uniform,2.215144656,0.377580352,-560.2514019
tenure x decile,landlord & D07,net_social_b_housing_national_uniform,2.508196527,0.3504632202,-760.7932771
tenure x decile,landlord & D08,net_social_b_housing_national_uniform,3.093736826,0.4156103374,-363.8960128
tenure x decile,landlord & D09,net_social_b_housing_national_uniform,4.5232089,0.4660841346,-296.83382
tenure x decile,landlord & D10,net_social_b_housing_national_uniform,6.563181117,0.5955758267,2549.725067
tenure x decile,owner_no_rental_income & D01,net_social_b_housing_national_uniform,14.68256913,0.006229319778,-1243.559228
tenure x decile,owner_no_rental_income & D02,net_social_b_housing_national_uniform,13.96240906,0.02305085006,-1193.41075
tenure x decile,owner_no_rental_income & D03,net_social_b_housing_national_uniform,15.60423764,0.05057750937,-1201.143933
tenure x decile,owner_no_rental_income & D04,net_social_b_housing_national_uniform,18.11982592,0.08325602137,-1204.304142
tenure x decile,owner_no_rental_income & D05,net_social_b_housing_national_uniform,19.49683364,0.1216244313,-1235.811064
tenure x decile,owner_no_rental_income & D06,net_social_b_housing_national_uniform,20.22080399,0.1719773954,-1155.883516
tenure x decile,owner_no_rental_income & D07,net_social_b_housing_national_uniform,21.18963456,0.2056524555,-1207.819196
tenure x decile,owner_no_rental_income & D08,net_social_b_housing_national_uniform,21.18682441,0.267071034,-1129.359505
tenure x decile,owner_no_rental_income & D09,net_social_b_housing_national_uniform,20.52638521,0.3072783989,-1021.976278
tenure x decile,owner_no_rental_income & D10,net_social_b_housing_national_uniform,19.5589211,0.3739977983,-689.4209591
tenure x decile,renter & D01,net_social_b_housing_national_uniform,14.07974508,0.001667424543,-1894.697936
tenure x decile,renter & D02,net_social_b_housing_national_uniform,14.88979916,0.005573043611,-1670.074564
tenure x decile,renter & D03,net_social_b_housing_national_uniform,12.9702172,0.01054303105,-1804.987213
tenure x decile,renter & D04,net_social_b_housing_national_uniform,10.21199561,0.02454913511,-1934.655865
tenure x decile,renter & D05,net_social_b_housing_national_uniform,8.284874092,0.03871399954,-1923.964119
tenure x decile,renter & D06,net_social_b_housing_national_uniform,7.1456772,0.05269632003,-1990.926293
tenure x decile,renter & D07,net_social_b_housing_national_uniform,5.885538891,0.08653583151,-1974.112818
tenure x decile,renter & D08,net_social_b_housing_national_uniform,5.303005152,0.1215203578,-1959.40677
tenure x decile,renter & D09,net_social_b_housing_national_uniform,4.534778024,0.1992022034,-1807.723722
tenure x decile,renter & D10,net_social_b_housing_national_uniform,3.459425233,0.2708468236,-2146.73591
tenure x decile,landlord & D03,net_social_b_crime_custody_footing,1.005350686,0.146176724,-922.5505989
tenure x decile,landlord & D04,net_social_b_crime_custody_footing,1.252725727,0.2474610213,-560.1079488
tenure x decile,landlord & D05,net_social_b_crime_custody_footing,1.802674905,0.2270002187,-603.1263815
tenure x decile,landlord & D06,net_social_b_crime_custody_footing,2.215144656,0.3092149572,-517.9412166
tenure x decile,landlord & D07,net_social_b_crime_custody_footing,2.508196527,0.3013767828,-723.9566302
tenure x decile,landlord & D08,net_social_b_crime_custody_footing,3.093736826,0.3966517231,-301.1191699
tenure x decile,landlord & D09,net_social_b_crime_custody_footing,4.5232089,0.4165669018,-220.8657332
tenure x decile,landlord & D10,net_social_b_crime_custody_footing,6.563181117,0.6018439547,2848.728936
tenure x decile,owner_no_rental_income & D01,net_social_b_crime_custody_footing,14.68256913,0.006229319778,-1252.266073
tenure x decile,owner_no_rental_income & D02,net_social_b_crime_custody_footing,13.96240906,0.02305085006,-1199.135752
tenure x decile,owner_no_rental_income & D03,net_social_b_crime_custody_footing,15.60423764,0.05028300838,-1205.645489
tenure x decile,owner_no_rental_income & D04,net_social_b_crime_custody_footing,18.11982592,0.08325602137,-1208.101239
tenure x decile,owner_no_rental_income & D05,net_social_b_crime_custody_footing,19.49683364,0.1205843064,-1239.603874
tenure x decile,owner_no_rental_income & D06,net_social_b_crime_custody_footing,20.22080399,0.171912099,-1159.28842
tenure x decile,owner_no_rental_income & D07,net_social_b_crime_custody_footing,21.18963456,0.2056220009,-1211.31922
tenure x decile,owner_no_rental_income & D08,net_social_b_crime_custody_footing,21.18682441,0.2668806194,-1132.994429
tenure x decile,owner_no_rental_income & D09,net_social_b_crime_custody_footing,20.52638521,0.3072675314,-1025.767417
tenure x decile,owner_no_rental_income & D10,net_social_b_crime_custody_footing,19.5589211,0.3739977983,-693.5914712
tenure x decile,renter & D01,net_social_b_crime_custody_footing,14.07974508,0.002479689004,-1881.163206
tenure x decile,renter & D02,net_social_b_crime_custody_footing,14.88979916,0.01207565919,-1654.846312
tenure x decile,renter & D03,net_social_b_crime_custody_footing,12.9702172,0.0245826179,-1792.77521
tenure x decile,renter & D04,net_social_b_crime_custody_footing,10.21199561,0.05449152118,-1929.656009
tenure x decile,renter & D05,net_social_b_crime_custody_footing,8.284874092,0.09868538937,-1930.378619
tenure x decile,renter & D06,net_social_b_crime_custody_footing,7.1456772,0.1400507917,-2004.240976
tenure x decile,renter & D07,net_social_b_crime_custody_footing,5.885538891,0.2169377361,-1998.108737
tenure x decile,renter & D08,net_social_b_crime_custody_footing,5.303005152,0.2631461393,-2013.376712
tenure x decile,renter & D09,net_social_b_crime_custody_footing,4.534778024,0.3365598861,-1901.126669
tenure x decile,renter & D10,net_social_b_crime_custody_footing,3.459425233,0.3672165647,-2244.510404
tenure x state3,landlord & CA,net_account_a,3.01561117,0.001127825177,-5535.20024
tenure x state3,landlord & TX,net_account_a,1.836770561,0,-5211.382749
tenure x state3,landlord & rest,net_account_a,19.6653468,0.22521808,-926.0036389
tenure x state3,owner_no_rental_income & CA,net_account_a,13.62185768,0.002054921754,-3290.386365
tenure x state3,owner_no_rental_income & TX,net_account_a,12.94254975,0.0008696497768,-3195.721151
tenure x state3,owner_no_rental_income & rest,net_account_a,157.9840372,0.219540083,-614.4189367
tenure x state3,renter & CA,net_account_a,9.652324749,0.0004776160574,-2592.706949
tenure x state3,renter & TX,net_account_a,6.44314771,0.000502801827,-2393.896375
tenure x state3,renter & rest,net_account_a,70.66958319,0.1790484059,-664.1849012
tenure x state3,landlord & CA,net_account_b,3.01561117,0.02743002538,-2894.406981
tenure x state3,landlord & TX,net_account_b,1.836770561,0.02772995512,-2842.461736
tenure x state3,landlord & rest,net_account_b,19.6653468,0.2713793065,-435.3348704
tenure x state3,owner_no_rental_income & CA,net_account_b,13.62185768,0.01278194053,-3199.877466
tenure x state3,owner_no_rental_income & TX,net_account_b,12.94254975,0.008427258321,-3040.323119
tenure x state3,owner_no_rental_income & rest,net_account_b,157.9840372,0.2161721175,-608.8324654
tenure x state3,renter & CA,net_account_b,9.652324749,0.003887412527,-3414.242633
tenure x state3,renter & TX,net_account_b,6.44314771,0.002859543797,-3349.164215
tenure x state3,renter & rest,net_account_b,70.66958319,0.1595322658,-834.0741146
tenure x state3,landlord & CA,net_social_a,3.01561117,0.2193789958,-1135.204071
tenure x state3,landlord & TX,net_social_a,1.836770561,0.1746633527,-1887.85786
tenure x state3,landlord & rest,net_social_a,19.6653468,0.3883974759,-303.2998278
tenure x state3,owner_no_rental_income & CA,net_social_a,13.62185768,0.0001625362332,-3903.482433
tenure x state3,owner_no_rental_income & TX,net_social_a,12.94254975,0.0003622937947,-3775.079109
tenure x state3,owner_no_rental_income & rest,net_social_a,157.9840372,0.2039898647,-690.1395526
tenure x state3,renter & CA,net_social_a,9.652324749,0,-4698.81046
tenure x state3,renter & TX,net_social_a,6.44314771,0,-4023.385132
tenure x state3,renter & rest,net_social_a,70.66958319,0.1313108664,-924.8663087
tenure x state3,landlord & CA,net_social_b,3.01561117,0.2720128584,1505.589188
tenure x state3,landlord & TX,net_social_b,1.836770561,0.2829663185,481.0631534
tenure x state3,landlord & rest,net_social_b,19.6653468,0.4149923414,187.3689406
tenure x state3,owner_no_rental_income & CA,net_social_b,13.62185768,0.00884545045,-3812.973534
tenure x state3,owner_no_rental_income & TX,net_social_b,12.94254975,0.005114209424,-3619.681078
tenure x state3,owner_no_rental_income & rest,net_social_b,157.9840372,0.2026257987,-684.5530813
tenure x state3,renter & CA,net_social_b,9.652324749,0.001234649989,-5520.346144
tenure x state3,renter & TX,net_social_b,6.44314771,0.0003413828365,-4978.652973
tenure x state3,renter & rest,net_social_b,70.66958319,0.1184482985,-1094.755522
tenure x state3,landlord & CA,net_with_proposed_a,3.01561117,0.2308598623,-951.7961547
tenure x state3,landlord & TX,net_with_proposed_a,1.836770561,0.1860511684,-1709.656858
tenure x state3,landlord & rest,net_with_proposed_a,19.6653468,0.3972599707,-253.7989838
tenure x state3,owner_no_rental_income & CA,net_with_proposed_a,13.62185768,0.0009575839206,-3775.455331
tenure x state3,owner_no_rental_income & TX,net_with_proposed_a,12.94254975,0.0003622937947,-3654.783556
tenure x state3,owner_no_rental_income & rest,net_with_proposed_a,157.9840372,0.2098494084,-662.6839634
tenure x state3,renter & CA,net_with_proposed_a,9.652324749,0,-4594.129556
tenure x state3,renter & TX,net_with_proposed_a,6.44314771,0,-3939.326604
tenure x state3,renter & rest,net_with_proposed_a,70.66958319,0.1356442424,-905.9456545
tenure x state3,landlord & CA,net_with_proposed_b,3.01561117,0.2923511642,1655.057527
tenure x state3,landlord & TX,net_with_proposed_b,1.836770561,0.2966468639,635.4999457
tenure x state3,landlord & rest,net_with_proposed_b,19.6653468,0.426539715,218.6200899
tenure x state3,owner_no_rental_income & CA,net_with_proposed_b,13.62185768,0.01226341127,-3692.042406
tenure x state3,owner_no_rental_income & TX,net_with_proposed_b,12.94254975,0.008757040913,-3501.679395
tenure x state3,owner_no_rental_income & rest,net_with_proposed_b,157.9840372,0.210189975,-656.8310701
tenure x state3,renter & CA,net_with_proposed_b,9.652324749,0.001234649989,-5413.602318
tenure x state3,renter & TX,net_with_proposed_b,6.44314771,0.001111059111,-4887.464466
tenure x state3,renter & rest,net_with_proposed_b,70.66958319,0.1233427066,-1068.430105
tenure x state3,landlord & CA,net_social_a_pooled_national_fiscal,3.01561117,0.4401939739,2128.838358
tenure x state3,landlord & TX,net_social_a_pooled_national_fiscal,1.836770561,0.4023111514,1379.184529
tenure x state3,landlord & rest,net_social_a_pooled_national_fiscal,19.6653468,0.2085100385,-1132.473083
tenure x state3,owner_no_rental_income & CA,net_social_a_pooled_national_fiscal,13.62185768,0.01690925836,-1809.600151
tenure x state3,owner_no_rental_income & TX,net_social_a_pooled_national_fiscal,12.94254975,0.01667850177,-1617.693947
tenure x state3,owner_no_rental_income & rest,net_social_a_pooled_national_fiscal,157.9840372,0.08908544829,-1103.208994
tenure x state3,renter & CA,net_social_a_pooled_national_fiscal,9.652324749,0.0002303025722,-3046.081713
tenure x state3,renter & TX,net_social_a_pooled_national_fiscal,6.44314771,0.001304051214,-2492.152536
tenure x state3,renter & rest,net_social_a_pooled_national_fiscal,70.66958319,0.03803081034,-1158.952818
tenure x state3,landlord & CA,net_social_a_housing_national_uniform,3.01561117,0.04624102069,-4449.577817
tenure x state3,landlord & TX,net_social_a_housing_national_uniform,1.836770561,0.04965867095,-4358.131086
tenure x state3,landlord & rest,net_social_a_housing_national_uniform,19.6653468,0.4784517273,282.3059997
tenure x state3,owner_no_rental_income & CA,net_social_a_housing_national_uniform,13.62185768,0.0001625362332,-3903.482433
tenure x state3,owner_no_rental_income & TX,net_social_a_housing_national_uniform,12.94254975,0.0003622937947,-3775.079109
tenure x state3,owner_no_rental_income & rest,net_social_a_housing_national_uniform,157.9840372,0.2039898647,-690.1395526
tenure x state3,renter & CA,net_social_a_housing_national_uniform,9.652324749,0,-3805.214199
tenure x state3,renter & TX,net_social_a_housing_national_uniform,6.44314771,0,-3416.762452
tenure x state3,renter & rest,net_social_a_housing_national_uniform,70.66958319,0.0648599911,-1099.158318
tenure x state3,landlord & CA,net_social_a_crime_custody_footing,3.01561117,0.2193789958,-1150.180817
tenure x state3,landlord & TX,net_social_a_crime_custody_footing,1.836770561,0.1746633527,-1901.383151
tenure x state3,landlord & rest,net_social_a_crime_custody_footing,19.6653468,0.3873584778,-305.6622739
tenure x state3,owner_no_rental_income & CA,net_social_a_crime_custody_footing,13.62185768,0.0001625362332,-3919.889971
tenure x state3,owner_no_rental_income & TX,net_social_a_crime_custody_footing,12.94254975,0.0003622937947,-3790.340752
tenure x state3,owner_no_rental_income & rest,net_social_a_crime_custody_footing,157.9840372,0.203607057,-692.5395264
tenure x state3,renter & CA,net_social_a_crime_custody_footing,9.652324749,0,-4717.730305
tenure x state3,renter & TX,net_social_a_crime_custody_footing,6.44314771,0,-4041.132757
tenure x state3,renter & rest,net_social_a_crime_custody_footing,70.66958319,0.1308903839,-927.6552381
tenure x state3,landlord & CA,net_social_b_pooled_national_fiscal,3.01561117,0.5065226132,3873.791576
tenure x state3,landlord & TX,net_social_b_pooled_national_fiscal,1.836770561,0.4713550668,2600.986269
tenure x state3,landlord & rest,net_social_b_pooled_national_fiscal,19.6653468,0.2682307966,-194.1919881
tenure x state3,owner_no_rental_income & CA,net_social_b_pooled_national_fiscal,13.62185768,0.051982363,-1444.771147
tenure x state3,owner_no_rental_income & TX,net_social_b_pooled_national_fiscal,12.94254975,0.03948856896,-1499.757962
tenure x state3,owner_no_rental_income & rest,net_social_b_pooled_national_fiscal,157.9840372,0.07613601025,-1116.906686
tenure x state3,renter & CA,net_social_b_pooled_national_fiscal,9.652324749,0.002998190628,-3152.143756
tenure x state3,renter & TX,net_social_b_pooled_national_fiscal,6.44314771,0.004869981603,-2858.729858
tenure x state3,renter & rest,net_social_b_pooled_national_fiscal,70.66958319,0.02585608956,-1539.657772
tenure x state3,landlord & CA,net_social_b_housing_national_uniform,3.01561117,0.1055900862,-1808.784558
tenure x state3,landlord & TX,net_social_b_housing_national_uniform,1.836770561,0.09687696388,-1989.210073
tenure x state3,landlord & rest,net_social_b_housing_national_uniform,19.6653468,0.5035600237,772.9747681
tenure x state3,owner_no_rental_income & CA,net_social_b_housing_national_uniform,13.62185768,0.00884545045,-3812.973534
tenure x state3,owner_no_rental_income & TX,net_social_b_housing_national_uniform,12.94254975,0.005114209424,-3619.681078
tenure x state3,owner_no_rental_income & rest,net_social_b_housing_national_uniform,157.9840372,0.2026257987,-684.5530813
tenure x state3,renter & CA,net_social_b_housing_national_uniform,9.652324749,0.001234649989,-4626.749883
tenure x state3,renter & TX,net_social_b_housing_national_uniform,6.44314771,0.001611969664,-4372.030293
tenure x state3,renter & rest,net_social_b_housing_national_uniform,70.66958319,0.05890699487,-1269.047531
tenure x state3,landlord & CA,net_social_b_crime_custody_footing,3.01561117,0.2679735043,1490.612442
tenure x state3,landlord & TX,net_social_b_crime_custody_footing,1.836770561,0.2829663185,467.5378622
tenure x state3,landlord & rest,net_social_b_crime_custody_footing,19.6653468,0.4146854224,185.0064946
tenure x state3,owner_no_rental_income & CA,net_social_b_crime_custody_footing,13.62185768,0.00884545045,-3829.381072
tenure x state3,owner_no_rental_income & TX,net_social_b_crime_custody_footing,12.94254975,0.005114209424,-3634.94272
tenure x state3,owner_no_rental_income & rest,net_social_b_crime_custody_footing,157.9840372,0.2024289584,-686.9530551
tenure x state3,renter & CA,net_social_b_crime_custody_footing,9.652324749,0.001234649989,-5539.265988
tenure x state3,renter & TX,net_social_b_crime_custody_footing,6.44314771,0.0003413828365,-4996.400598
tenure x state3,renter & rest,net_social_b_crime_custody_footing,70.66958319,0.1183409695,-1097.544451
industry5 x state3,agriculture & rest,net_account_a,1.539531427,0.2402090386,-1475.029263
industry5 x state3,construction & rest,net_account_a,8.41910464,0.294910754,-1670.758775
industry5 x state3,landscaping & rest,net_account_a,1.081668481,0.1928822955,-1093.732085
industry5 x state3,not_worker & CA,net_account_a,12.61370344,0.0001755269931,-2639.019155
industry5 x state3,not_worker & TX,net_account_a,10.23677528,0,-2325.32495
industry5 x state3,not_worker & rest,net_account_a,119.8865543,0.001329692789,-476.6246605
industry5 x state3,rest & CA,net_account_a,12.1751502,0.002396593714,-3884.589751
industry5 x state3,rest & TX,net_account_a,9.497552273,0.00152619449,-3949.419246
industry5 x state3,rest & rest,net_account_a,110.1886641,0.4282727988,-738.4156553
industry5 x state3,restaurants & rest,net_account_a,7.203444264,0.188041727,-859.3266681
industry5 x state3,agriculture & rest,net_account_b,1.539531427,0.2073744709,-1309.488336
industry5 x state3,construction & rest,net_account_b,8.41910464,0.2826377934,-1600.754711
industry5 x state3,landscaping & rest,net_account_b,1.081668481,0.1360785256,-1173.600288
industry5 x state3,not_worker & CA,net_account_b,12.61370344,0.0001755269931,-3463.074961
industry5 x state3,not_worker & TX,net_account_b,10.23677528,0,-3189.862437
industry5 x state3,not_worker & rest,net_account_b,119.8865543,0.001015220832,-637.6978496
industry5 x state3,rest & CA,net_account_b,12.1751502,0.02361202729,-2893.19946
industry5 x state3,rest & TX,net_account_b,9.497552273,0.01750860199,-2932.033974
industry5 x state3,rest & rest,net_account_b,110.1886641,0.4253493415,-573.9842275
industry5 x state3,restaurants & rest,net_account_b,7.203444264,0.1285767154,-1003.710506
industry5 x state3,agriculture & rest,net_social_a,1.539531427,0.2309681226,-1411.06791
industry5 x state3,construction & rest,net_social_a,8.41910464,0.2617870986,-1767.647319
industry5 x state3,landscaping & rest,net_social_a,1.081668481,0.1685629621,-1116.266906
industry5 x state3,not_worker & CA,net_social_a,12.61370344,0.03057464077,-2775.227237
industry5 x state3,not_worker & TX,net_social_a,10.23677528,0.01497875388,-2724.388989
industry5 x state3,not_worker & rest,net_social_a,119.8865543,0.01705376614,-523.7364688
industry5 x state3,rest & CA,net_social_a,12.1751502,0.02061453695,-4930.136447
industry5 x state3,rest & TX,net_social_a,9.497552273,0.01687366749,-4600.343274
industry5 x state3,rest & rest,net_social_a,110.1886641,0.3920998657,-835.4398608
industry5 x state3,restaurants & rest,net_social_a,7.203444264,0.1601171654,-1006.27709
industry5 x state3,agriculture & rest,net_social_b,1.539531427,0.2136000878,-1245.526983
industry5 x state3,construction & rest,net_social_b,8.41910464,0.2620763038,-1697.643256
industry5 x state3,landscaping & rest,net_social_b,1.081668481,0.1368445178,-1196.135109
industry5 x state3,not_worker & CA,net_social_b,12.61370344,0.03108394994,-3599.283043
industry5 x state3,not_worker & TX,net_social_b,10.23677528,0.01885022862,-3588.926476
industry5 x state3,not_worker & rest,net_social_b,119.8865543,0.01637990783,-684.8096579
industry5 x state3,rest & CA,net_social_b,12.1751502,0.04326064531,-3938.746156
industry5 x state3,rest & TX,net_social_b,9.497552273,0.039309486,-3582.958001
industry5 x state3,rest & rest,net_social_b,110.1886641,0.391117257,-671.008433
industry5 x state3,restaurants & rest,net_social_b,7.203444264,0.1109984138,-1150.660927
industry5 x state3,agriculture & rest,net_with_proposed_a,1.539531427,0.2369789226,-1371.553534
industry5 x state3,construction & rest,net_with_proposed_a,8.41910464,0.26978906,-1728.579485
industry5 x state3,landscaping & rest,net_with_proposed_a,1.081668481,0.174280053,-1087.620508
industry5 x state3,not_worker & CA,net_with_proposed_a,12.61370344,0.03080487717,-2754.372029
industry5 x state3,not_worker & TX,net_with_proposed_a,10.23677528,0.01497875388,-2709.63185
industry5 x state3,not_worker & rest,net_with_proposed_a,119.8865543,0.01747993578,-510.219223
industry5 x state3,rest & CA,net_with_proposed_a,12.1751502,0.02410917327,-4699.223025
industry5 x state3,rest & TX,net_with_proposed_a,9.497552273,0.01907600383,-4384.847633
industry5 x state3,rest & rest,net_with_proposed_a,110.1886641,0.403394369,-795.0131005
industry5 x state3,restaurants & rest,net_with_proposed_a,7.203444264,0.1639779407,-985.1388161
industry5 x state3,agriculture & rest,net_with_proposed_b,1.539531427,0.2287520917,-1211.600509
industry5 x state3,construction & rest,net_with_proposed_b,8.41910464,0.2706304995,-1659.143323
industry5 x state3,landscaping & rest,net_with_proposed_b,1.081668481,0.1430751282,-1161.625998
industry5 x state3,not_worker & CA,net_with_proposed_b,12.61370344,0.0318271816,-3577.608673
industry5 x state3,not_worker & TX,net_with_proposed_b,10.23677528,0.01885022862,-3568.449499
industry5 x state3,not_worker & rest,net_with_proposed_b,119.8865543,0.01705958618,-664.7068419
industry5 x state3,rest & CA,net_with_proposed_b,12.1751502,0.05111944983,-3723.01009
industry5 x state3,rest & TX,net_with_proposed_b,9.497552273,0.04744154851,-3376.927073
industry5 x state3,rest & rest,net_with_proposed_b,110.1886641,0.404894618,-636.2144445
industry5 x state3,restaurants & rest,net_with_proposed_b,7.203444264,0.1202036763,-1123.319493
industry5 x state3,agriculture & rest,net_social_a_pooled_national_fiscal,1.539531427,0.1137042197,-1965.993954
industry5 x state3,construction & rest,net_social_a_pooled_national_fiscal,8.41910464,0.1450536014,-2171.144994
industry5 x state3,landscaping & rest,net_social_a_pooled_national_fiscal,1.081668481,0.07378423819,-1374.121125
industry5 x state3,not_worker & CA,net_social_a_pooled_national_fiscal,12.61370344,0.05441752926,-1188.964655
industry5 x state3,not_worker & TX,net_social_a_pooled_national_fiscal,10.23677528,0.02971810993,-1174.926344
industry5 x state3,not_worker & rest,net_social_a_pooled_national_fiscal,119.8865543,0.01018752643,-778.229738
industry5 x state3,rest & CA,net_social_a_pooled_national_fiscal,12.1751502,0.06683485353,-2350.865086
industry5 x state3,rest & TX,net_social_a_pooled_national_fiscal,9.497552273,0.06494125822,-1949.649112
industry5 x state3,rest & rest,net_social_a_pooled_national_fiscal,110.1886641,0.1614796696,-1390.571434
industry5 x state3,restaurants & rest,net_social_a_pooled_national_fiscal,7.203444264,0.05156744974,-1269.664721
industry5 x state3,agriculture & rest,net_social_a_housing_national_uniform,1.539531427,0.2301169067,-1377.130795
industry5 x state3,construction & rest,net_social_a_housing_national_uniform,8.41910464,0.248854431,-1793.782392
industry5 x state3,landscaping & rest,net_social_a_housing_national_uniform,1.081668481,0.1656421761,-1124.731116
industry5 x state3,not_worker & CA,net_social_a_housing_national_uniform,12.61370344,0.007066888437,-2953.8811
industry5 x state3,not_worker & TX,net_social_a_housing_national_uniform,10.23677528,0.004463064915,-2732.879349
industry5 x state3,not_worker & rest,net_social_a_housing_national_uniform,119.8865543,0.02863793298,-519.0190595
industry5 x state3,rest & CA,net_social_a_housing_national_uniform,12.1751502,0.003342845518,-4840.444682
industry5 x state3,rest & TX,net_social_a_housing_national_uniform,9.497552273,0.005286961981,-4685.397578
industry5 x state3,rest & rest,net_social_a_housing_national_uniform,110.1886641,0.3558220445,-842.9296256
industry5 x state3,restaurants & rest,net_social_a_housing_national_uniform,7.203444264,0.1319171153,-1056.853812
industry5 x state3,agriculture & rest,net_social_a_crime_custody_footing,1.539531427,0.230204996,-1413.789007
industry5 x state3,construction & rest,net_social_a_crime_custody_footing,8.41910464,0.2613375199,-1770.167804
industry5 x state3,landscaping & rest,net_social_a_crime_custody_footing,1.081668481,0.1685629621,-1118.871731
industry5 x state3,not_worker & CA,net_social_a_crime_custody_footing,12.61370344,0.03057464077,-2792.315673
industry5 x state3,not_worker & TX,net_social_a_crime_custody_footing,10.23677528,0.01497875388,-2739.275546
industry5 x state3,not_worker & rest,net_social_a_crime_custody_footing,119.8865543,0.01698734624,-526.2051381
industry5 x state3,rest & CA,net_social_a_crime_custody_footing,12.1751502,0.02061453695,-4947.212005
industry5 x state3,rest & TX,net_social_a_crime_custody_footing,9.497552273,0.01687366749,-4616.82241
industry5 x state3,rest & rest,net_social_a_crime_custody_footing,110.1886641,0.3913076397,-837.965728
industry5 x state3,restaurants & rest,net_social_a_crime_custody_footing,7.203444264,0.1586723001,-1009.081188
industry5 x state3,agriculture & rest,net_social_b_pooled_national_fiscal,1.539531427,0.09657621916,-1678.700205
industry5 x state3,construction & rest,net_social_b_pooled_national_fiscal,8.41910464,0.0926344255,-2141.947169
industry5 x state3,landscaping & rest,net_social_b_pooled_national_fiscal,1.081668481,0.05411172283,-1675.543893
industry5 x state3,not_worker & CA,net_social_b_pooled_national_fiscal,12.61370344,0.05625218973,-1231.080656
industry5 x state3,not_worker & TX,net_social_b_pooled_national_fiscal,10.23677528,0.03168806882,-1469.003361
industry5 x state3,not_worker & rest,net_social_b_pooled_national_fiscal,119.8865543,0.01044794981,-1116.817095
industry5 x state3,rest & CA,net_social_b_pooled_national_fiscal,12.1751502,0.1215160474,-1570.543768
industry5 x state3,rest & TX,net_social_b_pooled_national_fiscal,9.497552273,0.1071201044,-1463.034885
industry5 x state3,rest & rest,net_social_b_pooled_national_fiscal,110.1886641,0.1521636132,-1100.970791
industry5 x state3,restaurants & rest,net_social_b_pooled_national_fiscal,7.203444264,0.01721107643,-1588.591066
industry5 x state3,agriculture & rest,net_social_b_housing_national_uniform,1.539531427,0.2161997278,-1211.589867
industry5 x state3,construction & rest,net_social_b_housing_national_uniform,8.41910464,0.248360616,-1723.778328
industry5 x state3,landscaping & rest,net_social_b_housing_national_uniform,1.081668481,0.1304216466,-1204.599318
industry5 x state3,not_worker & CA,net_social_b_housing_national_uniform,12.61370344,0.008997209143,-3777.936906
industry5 x state3,not_worker & TX,net_social_b_housing_national_uniform,10.23677528,0.003433109408,-3597.416835
industry5 x state3,not_worker & rest,net_social_b_housing_national_uniform,119.8865543,0.02754821939,-680.0922485
industry5 x state3,rest & CA,net_social_b_housing_national_uniform,12.1751502,0.02602388558,-3849.054391
industry5 x state3,rest & TX,net_social_b_housing_national_uniform,9.497552273,0.02152447924,-3668.012305
industry5 x state3,rest & rest,net_social_b_housing_national_uniform,110.1886641,0.3588288982,-678.4981978
industry5 x state3,restaurants & rest,net_social_b_housing_national_uniform,7.203444264,0.09312568648,-1201.23765
industry5 x state3,agriculture & rest,net_social_b_crime_custody_footing,1.539531427,0.2136000878,-1248.248079
industry5 x state3,construction & rest,net_social_b_crime_custody_footing,8.41910464,0.2620204548,-1700.16374
industry5 x state3,landscaping & rest,net_social_b_crime_custody_footing,1.081668481,0.1368445178,-1198.739934
industry5 x state3,not_worker & CA,net_social_b_crime_custody_footing,12.61370344,0.03047702603,-3616.371479
industry5 x state3,not_worker & TX,net_social_b_crime_custody_footing,10.23677528,0.01885022862,-3603.813033
industry5 x state3,not_worker & rest,net_social_b_crime_custody_footing,119.8865543,0.01636912628,-687.2783272
industry5 x state3,rest & CA,net_social_b_crime_custody_footing,12.1751502,0.04288894038,-3955.821715
industry5 x state3,rest & TX,net_social_b_crime_custody_footing,9.497552273,0.039309486,-3599.437138
industry5 x state3,rest & rest,net_social_b_crime_custody_footing,110.1886641,0.3907842597,-673.5343002
industry5 x state3,restaurants & rest,net_social_b_crime_custody_footing,7.203444264,0.1101289819,-1153.465026
age3 x tenure,18_64 & landlord,net_account_a,13.71736706,0.2941906486,-1850.140562
age3 x tenure,18_64 & owner_no_rental_income,net_account_a,105.1715335,0.3073061855,-1085.305391
age3 x tenure,18_64 & renter,net_account_a,57.76214736,0.2127851895,-1186.855776
age3 x tenure,65_plus & landlord,net_account_a,6.0468579,0.06551085238,-1905.409863
age3 x tenure,65_plus & owner_no_rental_income,net_account_a,42.50575906,0.05533299368,-901.1692575
age3 x tenure,65_plus & renter,net_account_a,9.773185057,0.03662704642,-967.2679439
age3 x tenure,under_18 & landlord,net_account_a,4.753503573,0.0001550021541,-1593.247756
age3 x tenure,under_18 & owner_no_rental_income,net_account_a,36.87115215,0.00138976722,-835.4017058
age3 x tenure,under_18 & renter,net_account_a,19.22972323,0.0006361801897,-487.730403
age3 x tenure,18_64 & landlord,net_account_b,13.71736706,0.353054381,-731.350205
age3 x tenure,18_64 & owner_no_rental_income,net_account_b,105.1715335,0.3019291176,-951.6394338
age3 x tenure,18_64 & renter,net_account_b,57.76214736,0.1897711313,-1367.000128
age3 x tenure,65_plus & landlord,net_account_b,6.0468579,0.1037635591,-1167.106136
age3 x tenure,65_plus & owner_no_rental_income,net_account_b,42.50575906,0.06242566106,-1001.924141
age3 x tenure,65_plus & renter,net_account_b,9.773185057,0.0371974328,-1343.717948
age3 x tenure,under_18 & landlord,net_account_b,4.753503573,0,-1140.388979
age3 x tenure,under_18 & owner_no_rental_income,net_account_b,36.87115215,0.0007357905725,-988.5965784
age3 x tenure,under_18 & renter,net_account_b,19.22972323,0.0002548301791,-1112.077442
age3 x tenure,18_64 & landlord,net_social_a,13.71736706,0.430488885,-645.4240044
age3 x tenure,18_64 & owner_no_rental_income,net_social_a,105.1715335,0.2851338747,-1264.918187
age3 x tenure,18_64 & renter,net_social_a,57.76214736,0.1564453658,-1839.470417
age3 x tenure,65_plus & landlord,net_social_a,6.0468579,0.3430135219,170.4399624
age3 x tenure,65_plus & owner_no_rental_income,net_social_a,42.50575906,0.05171932451,-1060.828737
age3 x tenure,65_plus & renter,net_social_a,9.773185057,0.02389818577,-1684.747816
age3 x tenure,under_18 & landlord,net_social_a,4.753503573,0.1348523736,-1058.692876
age3 x tenure,under_18 & owner_no_rental_income,net_social_a,36.87115215,0.001293950554,-893.3311288
age3 x tenure,under_18 & renter,net_social_a,19.22972323,0.0004941585835,-723.906013
age3 x tenure,18_64 & landlord,net_social_b,13.71736706,0.479338767,473.3663529
age3 x tenure,18_64 & owner_no_rental_income,net_social_b,105.1715335,0.2820295473,-1131.252231
age3 x tenure,18_64 & renter,net_social_b,57.76214736,0.1404193203,-2019.614769
age3 x tenure,65_plus & landlord,net_social_b,6.0468579,0.3934591351,908.7436886
age3 x tenure,65_plus & owner_no_rental_income,net_social_b,42.50575906,0.05911478833,-1161.58362
age3 x tenure,65_plus & renter,net_social_b,9.773185057,0.02752295381,-2061.197821
age3 x tenure,under_18 & landlord,net_social_b,4.753503573,0.1149762974,-605.8341
age3 x tenure,under_18 & owner_no_rental_income,net_social_b,36.87115215,0.0006543105511,-1046.526001
age3 x tenure,under_18 & renter,net_social_b,19.22972323,0.0002548301791,-1348.253052
age3 x tenure,18_64 & landlord,net_with_proposed_a,13.71736706,0.4430244384,-544.0850823
age3 x tenure,18_64 & owner_no_rental_income,net_with_proposed_a,105.1715335,0.2933094985,-1207.972989
age3 x tenure,18_64 & renter,net_with_proposed_a,57.76214736,0.1614936094,-1794.7134
age3 x tenure,65_plus & landlord,net_with_proposed_a,6.0468579,0.3493827185,223.376414
age3 x tenure,65_plus & owner_no_rental_income,net_with_proposed_a,42.50575906,0.05352382108,-1035.98052
age3 x tenure,65_plus & renter,net_with_proposed_a,9.773185057,0.02539621133,-1667.294329
age3 x tenure,under_18 & landlord,net_with_proposed_a,4.753503573,0.1389239501,-1028.473022
age3 x tenure,under_18 & owner_no_rental_income,net_with_proposed_a,36.87115215,0.001293950554,-877.2416724
age3 x tenure,under_18 & renter,net_with_proposed_a,19.22972323,0.0004941585835,-716.9744098
age3 x tenure,18_64 & landlord,net_with_proposed_b,13.71736706,0.4970627414,549.3544481
age3 x tenure,18_64 & owner_no_rental_income,net_with_proposed_b,105.1715335,0.2933313849,-1077.310378
age3 x tenure,18_64 & renter,net_with_proposed_b,57.76214736,0.1463747851,-1970.536793
age3 x tenure,65_plus & landlord,net_with_proposed_b,6.0468579,0.4028313297,943.6575184
age3 x tenure,65_plus & owner_no_rental_income,net_with_proposed_b,42.50575906,0.06146962291,-1134.860054
age3 x tenure,65_plus & renter,net_with_proposed_b,9.773185057,0.02822328712,-2035.271919
age3 x tenure,under_18 & landlord,net_with_proposed_b,4.753503573,0.1178678403,-585.7452392
age3 x tenure,under_18 & owner_no_rental_income,net_with_proposed_b,36.87115215,0.0006543105511,-1026.316931
age3 x tenure,under_18 & renter,net_with_proposed_b,19.22972323,0.0002548301791,-1327.969586
age3 x tenure,18_64 & landlord,net_social_a_pooled_national_fiscal,13.71736706,0.2959613658,-692.2252226
age3 x tenure,18_64 & owner_no_rental_income,net_social_a_pooled_national_fiscal,105.1715335,0.1341450421,-1331.307914
age3 x tenure,18_64 & renter,net_social_a_pooled_national_fiscal,57.76214736,0.04605384486,-1713.425813
age3 x tenure,65_plus & landlord,net_social_a_pooled_national_fiscal,6.0468579,0.2594558447,180.158821
age3 x tenure,65_plus & owner_no_rental_income,net_social_a_pooled_national_fiscal,42.50575906,0.009330989432,-1099.817567
age3 x tenure,65_plus & renter,net_social_a_pooled_national_fiscal,9.773185057,0.003896139399,-1615.82905
age3 x tenure,under_18 & landlord,net_social_a_pooled_national_fiscal,4.753503573,0.1132061942,-1033.210325
age3 x tenure,under_18 & owner_no_rental_income,net_social_a_pooled_national_fiscal,36.87115215,0.000418106064,-898.0553534
age3 x tenure,under_18 & renter,net_social_a_pooled_national_fiscal,19.22972323,0,-655.1752543
age3 x tenure,18_64 & landlord,net_social_a_housing_national_uniform,13.71736706,0.4397299388,-744.443667
age3 x tenure,18_64 & owner_no_rental_income,net_social_a_housing_national_uniform,105.1715335,0.2851338747,-1264.918187
age3 x tenure,18_64 & renter,net_social_a_housing_national_uniform,57.76214736,0.07811382754,-1827.671439
age3 x tenure,65_plus & landlord,net_social_a_housing_national_uniform,6.0468579,0.4047335271,-58.00856219
age3 x tenure,65_plus & owner_no_rental_income,net_social_a_housing_national_uniform,42.50575906,0.05171932451,-1060.828737
age3 x tenure,65_plus & renter,net_social_a_housing_national_uniform,9.773185057,0.007009177176,-1718.333014
age3 x tenure,under_18 & landlord,net_social_a_housing_national_uniform,4.753503573,0.2440878708,-1116.831282
age3 x tenure,under_18 & owner_no_rental_income,net_social_a_housing_national_uniform,36.87115215,0.001293950554,-893.3311288
age3 x tenure,under_18 & renter,net_social_a_housing_national_uniform,19.22972323,0.0001614237468,-731.009741
age3 x tenure,18_64 & landlord,net_social_a_crime_custody_footing,13.71736706,0.4293707402,-650.6279087
age3 x tenure,18_64 & owner_no_rental_income,net_social_a_crime_custody_footing,105.1715335,0.2846419107,-1269.548948
age3 x tenure,18_64 & renter,net_social_a_crime_custody_footing,57.76214736,0.1559385972,-1845.985758
age3 x tenure,65_plus & landlord,net_social_a_crime_custody_footing,6.0468579,0.3426565285,164.3169772
age3 x tenure,65_plus & owner_no_rental_income,net_social_a_crime_custody_footing,42.50575906,0.05151377805,-1066.74553
age3 x tenure,65_plus & renter,net_social_a_crime_custody_footing,9.773185057,0.02385282891,-1692.901518
age3 x tenure,under_18 & landlord,net_social_a_crime_custody_footing,4.753503573,0.1342348151,-1060.387739
age3 x tenure,under_18 & owner_no_rental_income,net_social_a_crime_custody_footing,36.87115215,0.001293950554,-895.0034729
age3 x tenure,under_18 & renter,net_social_a_crime_custody_footing,19.22972323,0.0004941585835,-725.883982
age3 x tenure,18_64 & landlord,net_social_b_pooled_national_fiscal,13.71736706,0.3755988649,611.150088
age3 x tenure,18_64 & owner_no_rental_income,net_social_b_pooled_national_fiscal,105.1715335,0.1163436056,-1176.895302
age3 x tenure,18_64 & renter,net_social_b_pooled_national_fiscal,57.76214736,0.0316476191,-1935.581576
age3 x tenure,65_plus & landlord,net_social_b_pooled_national_fiscal,6.0468579,0.320087151,1106.765293
age3 x tenure,65_plus & owner_no_rental_income,net_social_b_pooled_national_fiscal,42.50575906,0.02379484592,-1196.23589
age3 x tenure,65_plus & renter,net_social_b_pooled_national_fiscal,9.773185057,0.006090353786,-2051.425717
age3 x tenure,under_18 & landlord,net_social_b_pooled_national_fiscal,4.753503573,0.1220886817,-512.3402436
age3 x tenure,under_18 & owner_no_rental_income,net_social_b_pooled_national_fiscal,36.87115215,0,-1109.859224
age3 x tenure,under_18 & renter,net_social_b_pooled_national_fiscal,19.22972323,0,-1341.641542
age3 x tenure,18_64 & landlord,net_social_b_housing_national_uniform,13.71736706,0.490701517,374.3466903
age3 x tenure,18_64 & owner_no_rental_income,net_social_b_housing_national_uniform,105.1715335,0.2820295473,-1131.252231
age3 x tenure,18_64 & renter,net_social_b_housing_national_uniform,57.76214736,0.07070025356,-2007.815791
age3 x tenure,65_plus & landlord,net_social_b_housing_national_uniform,6.0468579,0.4332404551,680.295164
age3 x tenure,65_plus & owner_no_rental_income,net_social_b_housing_national_uniform,42.50575906,0.05911478833,-1161.58362
age3 x tenure,65_plus & renter,net_social_b_housing_national_uniform,9.773185057,0.01006156911,-2094.783018
age3 x tenure,under_18 & landlord,net_social_b_housing_national_uniform,4.753503573,0.2205038012,-663.9725059
age3 x tenure,under_18 & owner_no_rental_income,net_social_b_housing_national_uniform,36.87115215,0.0006543105511,-1046.526001
age3 x tenure,under_18 & renter,net_social_b_housing_national_uniform,19.22972323,0.0001614237468,-1355.35678
age3 x tenure,18_64 & landlord,net_social_b_crime_custody_footing,13.71736706,0.4786106926,468.1624486
age3 x tenure,18_64 & owner_no_rental_income,net_social_b_crime_custody_footing,105.1715335,0.2817338625,-1135.882991
age3 x tenure,18_64 & renter,net_social_b_crime_custody_footing,57.76214736,0.1402880078,-2026.13011
age3 x tenure,65_plus & landlord,net_social_b_crime_custody_footing,6.0468579,0.3920981759,902.6207034
age3 x tenure,65_plus & owner_no_rental_income,net_social_b_crime_custody_footing,42.50575906,0.05911478833,-1167.500414
age3 x tenure,65_plus & renter,net_social_b_crime_custody_footing,9.773185057,0.02752295381,-2069.351523
age3 x tenure,under_18 & landlord,net_social_b_crime_custody_footing,4.753503573,0.1149762974,-607.5289622
age3 x tenure,under_18 & owner_no_rental_income,net_social_b_crime_custody_footing,36.87115215,0.0006543105511,-1048.198346
age3 x tenure,under_18 & renter,net_social_b_crime_custody_footing,19.22972323,0.0002548301791,-1350.231021
decile x state3,D01 & CA,net_account_a,2.363881759,0,-824.5615812
decile x state3,D01 & TX,net_account_a,2.238321932,0,-867.1700049
decile x state3,D01 & rest,net_account_a,24.98096911,0.03495560138,-286.5807711
decile x state3,D02 & CA,net_account_a,2.108332281,0,-1189.799034
decile x state3,D02 & TX,net_account_a,1.898681776,0.00176910329,-1286.931241
decile x state3,D02 & rest,net_account_a,25.57784476,0.07993621396,-395.1136306
decile x state3,D03 & CA,net_account_a,2.11444061,0.0009914401454,-1303.887572
decile x state3,D03 & TX,net_account_a,2.046632313,0.001582905937,-1331.127095
decile x state3,D03 & rest,net_account_a,25.41873261,0.1268497137,-467.0791118
decile x state3,D04 & CA,net_account_a,2.104180579,0.002190926643,-1519.630426
decile x state3,D04 & TX,net_account_a,1.993990241,0.001608591555,-1831.073164
decile x state3,D04 & rest,net_account_a,25.48637644,0.1741605735,-540.1834369
decile x state3,D05 & CA,net_account_a,2.292294385,0,-1920.414034
decile x state3,D05 & TX,net_account_a,1.942546703,0,-2001.674337
decile x state3,D05 & rest,net_account_a,25.34954155,0.2191614138,-569.1243663
decile x state3,D06 & CA,net_account_a,2.14517293,0.003528889948,-2195.48497
decile x state3,D06 & TX,net_account_a,1.951291248,0,-2361.66593
decile x state3,D06 & rest,net_account_a,25.48516166,0.2514216277,-591.804031
decile x state3,D07 & CA,net_account_a,2.721434928,0.0009412190693,-2463.232745
decile x state3,D07 & TX,net_account_a,2.160300646,0,-2748.803557
decile x state3,D07 & rest,net_account_a,24.70163441,0.2799953556,-628.9102584
decile x state3,D08 & CA,net_account_a,3.006163454,0,-3084.046014
decile x state3,D08 & TX,net_account_a,2.104591935,0,-3416.186104
decile x state3,D08 & rest,net_account_a,24.472811,0.3090515069,-632.863339
decile x state3,D09 & CA,net_account_a,3.319323421,0.003591739382,-3597.092307
decile x state3,D09 & TX,net_account_a,2.279824065,0.002056740051,-3759.427667
decile x state3,D09 & rest,net_account_a,23.98522465,0.3241212564,-695.3389657
decile x state3,D10 & CA,net_account_a,4.114569251,0.001760306326,-9502.859239
decile x state3,D10 & TX,net_account_a,2.606287165,0,-9746.346059
decile x state3,D10 & rest,net_account_a,22.86067103,0.3048121105,-1841.63266
decile x state3,D01 & CA,net_account_b,2.363881759,0,-3601.99311
decile x state3,D01 & TX,net_account_b,2.238321932,0,-3372.168159
decile x state3,D01 & rest,net_account_b,24.98096911,0.005749364963,-764.13604
decile x state3,D02 & CA,net_account_b,2.108332281,0,-3618.188746
decile x state3,D02 & TX,net_account_b,1.898681776,0,-3407.036893
decile x state3,D02 & rest,net_account_b,25.57784476,0.02560880099,-786.5378749
decile x state3,D03 & CA,net_account_b,2.11444061,0,-3603.96336
decile x state3,D03 & TX,net_account_b,2.046632313,0,-3300.207948
decile x state3,D03 & rest,net_account_b,25.41873261,0.05851784033,-834.3910398
decile x state3,D04 & CA,net_account_b,2.104180579,0,-3542.020844
decile x state3,D04 & TX,net_account_b,1.993990241,0,-3422.836893
decile x state3,D04 & rest,net_account_b,25.48637644,0.1072738041,-835.1809378
decile x state3,D05 & CA,net_account_b,2.292294385,0,-3510.704815
decile x state3,D05 & TX,net_account_b,1.942546703,0,-3307.753804
decile x state3,D05 & rest,net_account_b,25.34954155,0.165491802,-802.7697312
decile x state3,D06 & CA,net_account_b,2.14517293,0,-3435.050979
decile x state3,D06 & TX,net_account_b,1.951291248,0,-3209.453815
decile x state3,D06 & rest,net_account_b,25.48516166,0.222142823,-751.7323526
decile x state3,D07 & CA,net_account_b,2.721434928,0,-3358.387747
decile x state3,D07 & TX,net_account_b,2.160300646,0,-3160.933286
decile x state3,D07 & rest,net_account_b,24.70163441,0.2772862909,-692.4070383
decile x state3,D08 & CA,net_account_b,3.006163454,0,-3258.540332
decile x state3,D08 & TX,net_account_b,2.104591935,0.001344764067,-3085.919931
decile x state3,D08 & rest,net_account_b,24.472811,0.3423594663,-568.0415284
decile x state3,D09 & CA,net_account_b,3.319323421,0.001922839853,-2950.594628
decile x state3,D09 & TX,net_account_b,2.279824065,0.002056740051,-2774.095627
decile x state3,D09 & rest,net_account_b,23.98522465,0.4041758716,-435.4577368
decile x state3,D10 & CA,net_account_b,4.114569251,0.06998839707,-2408.502051
decile x state3,D10 & TX,net_account_b,2.606287165,0.06557568007,-2385.649185
decile x state3,D10 & rest,net_account_b,22.86067103,0.4795930521,-45.10872908
decile x state3,D01 & CA,net_social_a,2.363881759,0.006991379983,-2285.908225
decile x state3,D01 & TX,net_social_a,2.238321932,0,-2083.204949
decile x state3,D01 & rest,net_social_a,24.98096911,0.0259810928,-460.5500329
decile x state3,D02 & CA,net_social_a,2.108332281,0.00837162559,-2342.916323
decile x state3,D02 & TX,net_social_a,1.898681776,0,-2303.253816
decile x state3,D02 & rest,net_social_a,25.57784476,0.06076315632,-538.5945884
decile x state3,D03 & CA,net_social_a,2.11444061,0.0108591493,-2468.968574
decile x state3,D03 & TX,net_social_a,2.046632313,0.005102103741,-2134.897935
decile x state3,D03 & rest,net_social_a,25.41873261,0.1081773583,-591.3199288
decile x state3,D04 & CA,net_social_a,2.104180579,0.01526646812,-2568.277866
decile x state3,D04 & TX,net_social_a,1.993990241,0.01082744489,-2685.538692
decile x state3,D04 & rest,net_social_a,25.48637644,0.151942202,-646.1076084
decile x state3,D05 & CA,net_social_a,2.292294385,0.02182142426,-2901.966315
decile x state3,D05 & TX,net_social_a,1.942546703,0.006753661101,-2808.09942
decile x state3,D05 & rest,net_social_a,25.34954155,0.1958044708,-667.2710369
decile x state3,D06 & CA,net_social_a,2.14517293,0.01267508807,-3258.260948
decile x state3,D06 & TX,net_social_a,1.951291248,0.02361698521,-2966.979662
decile x state3,D06 & rest,net_social_a,25.48516166,0.2325557745,-691.8680093
decile x state3,D07 & CA,net_social_a,2.721434928,0.01438832264,-3339.568469
decile x state3,D07 & TX,net_social_a,2.160300646,0.01603864087,-3381.361738
decile x state3,D07 & rest,net_social_a,24.70163441,0.2612111082,-722.2696103
decile x state3,D08 & CA,net_social_a,3.006163454,0.0315786185,-3794.043829
decile x state3,D08 & TX,net_social_a,2.104591935,0.01504981325,-4165.482273
decile x state3,D08 & rest,net_social_a,24.472811,0.3014247726,-697.9962007
decile x state3,D09 & CA,net_social_a,3.319323421,0.03152359071,-4326.732831
decile x state3,D09 & TX,net_social_a,2.279824065,0.03794262357,-3968.707945
decile x state3,D09 & rest,net_social_a,23.98522465,0.3246217969,-740.9644168
decile x state3,D10 & CA,net_social_a,4.114569251,0.06284464642,-7895.148673
decile x state3,D10 & TX,net_social_a,2.606287165,0.03124986929,-8873.157798
decile x state3,D10 & rest,net_social_a,22.86067103,0.3418067685,-1589.37049
decile x state3,D01 & CA,net_social_b,2.363881759,0.006172351464,-5063.339753
decile x state3,D01 & TX,net_social_b,2.238321932,0,-4588.203103
decile x state3,D01 & rest,net_social_b,24.98096911,0.007110493804,-938.1053018
decile x state3,D02 & CA,net_social_b,2.108332281,0.005038782786,-4771.306034
decile x state3,D02 & TX,net_social_b,1.898681776,0,-4423.359468
decile x state3,D02 & rest,net_social_b,25.57784476,0.0210949583,-930.0188326
decile x state3,D03 & CA,net_social_b,2.11444061,0.007383164824,-4769.044362
decile x state3,D03 & TX,net_social_b,2.046632313,0.003387896219,-4103.978788
decile x state3,D03 & rest,net_social_b,25.41873261,0.04848704365,-958.6318568
decile x state3,D04 & CA,net_social_b,2.104180579,0.005162669129,-4590.668285
decile x state3,D04 & TX,net_social_b,1.993990241,0.01082744489,-4277.302421
decile x state3,D04 & rest,net_social_b,25.48637644,0.09205353364,-941.1051092
decile x state3,D05 & CA,net_social_b,2.292294385,0.008832862369,-4492.257096
decile x state3,D05 & TX,net_social_b,1.942546703,0.009232102541,-4114.178887
decile x state3,D05 & rest,net_social_b,25.34954155,0.1404330571,-900.9164018
decile x state3,D06 & CA,net_social_b,2.14517293,0.01147084514,-4497.826958
decile x state3,D06 & TX,net_social_b,1.951291248,0.02361698521,-3814.767548
decile x state3,D06 & rest,net_social_b,25.48516166,0.1998238942,-851.7963309
decile x state3,D07 & CA,net_social_b,2.721434928,0.01385924047,-4234.723472
decile x state3,D07 & TX,net_social_b,2.160300646,0.01541432088,-3793.491467
decile x state3,D07 & rest,net_social_b,24.70163441,0.2558288804,-785.7663902
decile x state3,D08 & CA,net_social_b,3.006163454,0.02928053683,-3968.538146
decile x state3,D08 & TX,net_social_b,2.104591935,0.01438981528,-3835.2161
decile x state3,D08 & rest,net_social_b,24.472811,0.3336982879,-633.1743901
decile x state3,D09 & CA,net_social_b,3.319323421,0.0318679995,-3680.235152
decile x state3,D09 & TX,net_social_b,2.279824065,0.05293706935,-2983.375905
decile x state3,D09 & rest,net_social_b,23.98522465,0.3964014335,-481.0831879
decile x state3,D10 & CA,net_social_b,4.114569251,0.1518096626,-800.7914847
decile x state3,D10 & TX,net_social_b,2.606287165,0.1194504705,-1512.460923
decile x state3,D10 & rest,net_social_b,22.86067103,0.5074811322,207.1534408
decile x state3,D01 & CA,net_with_proposed_a,2.363881759,0.006991379983,-2275.019573
decile x state3,D01 & TX,net_with_proposed_a,2.238321932,0,-2069.902459
decile x state3,D01 & rest,net_with_proposed_a,24.98096911,0.02669616882,-457.477077
decile x state3,D02 & CA,net_with_proposed_a,2.108332281,0.00837162559,-2320.104967
decile x state3,D02 & TX,net_with_proposed_a,1.898681776,0,-2276.290554
decile x state3,D02 & rest,net_with_proposed_a,25.57784476,0.06251515399,-532.8557778
decile x state3,D03 & CA,net_with_proposed_a,2.11444061,0.0108591493,-2436.432356
decile x state3,D03 & TX,net_with_proposed_a,2.046632313,0.005102103741,-2099.337346
decile x state3,D03 & rest,net_with_proposed_a,25.41873261,0.1100729838,-582.382605
decile x state3,D04 & CA,net_with_proposed_a,2.104180579,0.01664664135,-2522.401454
decile x state3,D04 & TX,net_with_proposed_a,1.993990241,0.01082744489,-2630.435763
decile x state3,D04 & rest,net_with_proposed_a,25.48637644,0.1564659207,-634.003929
decile x state3,D05 & CA,net_with_proposed_a,2.292294385,0.02182142426,-2837.924657
decile x state3,D05 & TX,net_with_proposed_a,1.942546703,0.009232102541,-2741.957577
decile x state3,D05 & rest,net_with_proposed_a,25.34954155,0.2004619645,-651.6335461
decile x state3,D06 & CA,net_with_proposed_a,2.14517293,0.01267508807,-3176.752797
decile x state3,D06 & TX,net_with_proposed_a,1.951291248,0.02361698521,-2890.220705
decile x state3,D06 & rest,net_with_proposed_a,25.48516166,0.2393209365,-672.4286052
decile x state3,D07 & CA,net_with_proposed_a,2.721434928,0.01438832264,-3244.21381
decile x state3,D07 & TX,net_with_proposed_a,2.160300646,0.01765916207,-3274.161039
decile x state3,D07 & rest,net_with_proposed_a,24.70163441,0.2692781277,-698.0187825
decile x state3,D08 & CA,net_with_proposed_a,3.006163454,0.03449096127,-3667.199151
decile x state3,D08 & TX,net_with_proposed_a,2.104591935,0.01504981325,-4032.50051
decile x state3,D08 & rest,net_with_proposed_a,24.472811,0.3108464694,-668.2344241
decile x state3,D09 & CA,net_with_proposed_a,3.319323421,0.03644597068,-4160.938248
decile x state3,D09 & TX,net_with_proposed_a,2.279824065,0.04263185626,-3800.920983
decile x state3,D09 & rest,net_with_proposed_a,23.98522465,0.3335005918,-700.4101844
decile x state3,D10 & CA,net_with_proposed_a,4.114569251,0.0670865905,-7517.098927
decile x state3,D10 & TX,net_with_proposed_a,2.606287165,0.03198304933,-8493.315749
decile x state3,D10 & rest,net_with_proposed_a,22.86067103,0.3526027169,-1471.395245
decile x state3,D01 & CA,net_with_proposed_b,2.363881759,0.006172351464,-5034.813544
decile x state3,D01 & TX,net_with_proposed_b,2.238321932,0,-4557.106396
decile x state3,D01 & rest,net_with_proposed_b,24.98096911,0.008015814941,-917.1970595
decile x state3,D02 & CA,net_with_proposed_b,2.108332281,0.005038782786,-4732.376767
decile x state3,D02 & TX,net_with_proposed_b,1.898681776,0,-4380.0642
decile x state3,D02 & rest,net_with_proposed_b,25.57784476,0.02436468369,-907.89019
decile x state3,D03 & CA,net_with_proposed_b,2.11444061,0.007383164824,-4721.835024
decile x state3,D03 & TX,net_with_proposed_b,2.046632313,0.003387896219,-4053.587758
decile x state3,D03 & rest,net_with_proposed_b,25.41873261,0.05441610527,-935.0881202
decile x state3,D04 & CA,net_with_proposed_b,2.104180579,0.007120310829,-4531.665731
decile x state3,D04 & TX,net_with_proposed_b,1.993990241,0.01082744489,-4209.227087
decile x state3,D04 & rest,net_with_proposed_b,25.48637644,0.09957138531,-916.2623675
decile x state3,D05 & CA,net_with_proposed_b,2.292294385,0.01006933904,-4418.000284
decile x state3,D05 & TX,net_with_proposed_b,1.942546703,0.009232102541,-4037.046312
decile x state3,D05 & rest,net_with_proposed_b,25.34954155,0.1490558378,-874.8545789
decile x state3,D06 & CA,net_with_proposed_b,2.14517293,0.01147084514,-4408.519743
decile x state3,D06 & TX,net_with_proposed_b,1.951291248,0.02361698521,-3729.599942
decile x state3,D06 & rest,net_with_proposed_b,25.48516166,0.2085918176,-824.2219476
decile x state3,D07 & CA,net_with_proposed_b,2.721434928,0.01385924047,-4134.648239
decile x state3,D07 & TX,net_with_proposed_b,2.160300646,0.01541432088,-3681.403648
decile x state3,D07 & rest,net_with_proposed_b,24.70163441,0.2673994913,-757.0986896
decile x state3,D08 & CA,net_with_proposed_b,3.006163454,0.0310288357,-3842.022194
decile x state3,D08 & TX,net_with_proposed_b,2.104591935,0.01590689903,-3701.955895
decile x state3,D08 & rest,net_with_proposed_b,24.472811,0.3404447084,-603.1555168
decile x state3,D09 & CA,net_with_proposed_b,3.319323421,0.03789442664,-3523.221176
decile x state3,D09 & TX,net_with_proposed_b,2.279824065,0.05293706935,-2822.127935
decile x state3,D09 & rest,net_with_proposed_b,23.98522465,0.4079739144,-448.4368473
decile x state3,D10 & CA,net_with_proposed_b,4.114569251,0.1702024664,-504.4699753
decile x state3,D10 & TX,net_with_proposed_b,2.606287165,0.147859407,-1204.924741
decile x state3,D10 & rest,net_with_proposed_b,22.86067103,0.5139947965,248.5119679
decile x state3,D01 & CA,net_social_a_pooled_national_fiscal,2.363881759,0.0152506063,-1788.328446
decile x state3,D01 & TX,net_social_a_pooled_national_fiscal,2.238321932,0.007271196379,-1553.416612
decile x state3,D01 & rest,net_social_a_pooled_national_fiscal,24.98096911,0.01823193836,-466.2372391
decile x state3,D02 & CA,net_social_a_pooled_national_fiscal,2.108332281,0.02336419653,-1574.425044
decile x state3,D02 & TX,net_social_a_pooled_national_fiscal,1.898681776,0.00277434991,-1463.750359
decile x state3,D02 & rest,net_social_a_pooled_national_fiscal,25.57784476,0.04733744592,-557.0030509
decile x state3,D03 & CA,net_social_a_pooled_national_fiscal,2.11444061,0.019020011,-1646.445152
decile x state3,D03 & TX,net_social_a_pooled_national_fiscal,2.046632313,0.01369205341,-1221.570486
decile x state3,D03 & rest,net_social_a_pooled_national_fiscal,25.41873261,0.07266061489,-646.6708871
decile x state3,D04 & CA,net_social_a_pooled_national_fiscal,2.104180579,0.02951860345,-1547.604703
decile x state3,D04 & TX,net_social_a_pooled_national_fiscal,1.993990241,0.02036190337,-1490.422262
decile x state3,D04 & rest,net_social_a_pooled_national_fiscal,25.48637644,0.09418100883,-730.7479038
decile x state3,D05 & CA,net_social_a_pooled_national_fiscal,2.292294385,0.04587074559,-1598.857689
decile x state3,D05 & TX,net_social_a_pooled_national_fiscal,1.942546703,0.01959116008,-1429.1835
decile x state3,D05 & rest,net_social_a_pooled_national_fiscal,25.34954155,0.0998700984,-797.4776182
decile x state3,D06 & CA,net_social_a_pooled_national_fiscal,2.14517293,0.02921526083,-1728.647279
decile x state3,D06 & TX,net_social_a_pooled_national_fiscal,1.951291248,0.03939083909,-1262.526168
decile x state3,D06 & rest,net_social_a_pooled_national_fiscal,25.48516166,0.1135070554,-856.6819971
decile x state3,D07 & CA,net_social_a_pooled_national_fiscal,2.721434928,0.05388342398,-1623.819779
decile x state3,D07 & TX,net_social_a_pooled_national_fiscal,2.160300646,0.05615542404,-1422.304261
decile x state3,D07 & rest,net_social_a_pooled_national_fiscal,24.70163441,0.1040918743,-983.5572243
decile x state3,D08 & CA,net_social_a_pooled_national_fiscal,3.006163454,0.06806834994,-1617.23671
decile x state3,D08 & TX,net_social_a_pooled_national_fiscal,2.104591935,0.05447199981,-1700.977306
decile x state3,D08 & rest,net_social_a_pooled_national_fiscal,24.472811,0.1133995731,-1050.032104
decile x state3,D09 & CA,net_social_a_pooled_national_fiscal,3.319323421,0.08840537985,-1763.474677
decile x state3,D09 & TX,net_social_a_pooled_national_fiscal,2.279824065,0.08776571472,-1199.645386
decile x state3,D09 & rest,net_social_a_pooled_national_fiscal,23.98522465,0.0955591045,-1283.710357
decile x state3,D10 & CA,net_social_a_pooled_national_fiscal,4.114569251,0.136063125,-2634.525618
decile x state3,D10 & TX,net_social_a_pooled_national_fiscal,2.606287165,0.1235807142,-3110.037099
decile x state3,D10 & rest,net_social_a_pooled_national_fiscal,22.86067103,0.08248876841,-4141.425784
decile x state3,D01 & CA,net_social_a_housing_national_uniform,2.363881759,0.001680208981,-1906.627114
decile x state3,D01 & TX,net_social_a_housing_national_uniform,2.238321932,0,-1799.260738
decile x state3,D01 & rest,net_social_a_housing_national_uniform,24.98096911,0.02549303204,-535.4286083
decile x state3,D02 & CA,net_social_a_housing_national_uniform,2.108332281,0.001037558066,-2016.979525
decile x state3,D02 & TX,net_social_a_housing_national_uniform,1.898681776,0,-2062.317626
decile x state3,D02 & rest,net_social_a_housing_national_uniform,25.57784476,0.05702609314,-596.2008772
decile x state3,D03 & CA,net_social_a_housing_national_uniform,2.11444061,0.003850657037,-2135.086273
decile x state3,D03 & TX,net_social_a_housing_national_uniform,2.046632313,0.003387896219,-1966.742357
decile x state3,D03 & rest,net_social_a_housing_national_uniform,25.41873261,0.09675471702,-642.6310217
decile x state3,D04 & CA,net_social_a_housing_national_uniform,2.104180579,0.002085987953,-2281.361578
decile x state3,D04 & TX,net_social_a_housing_national_uniform,1.993990241,0,-2508.187978
decile x state3,D04 & rest,net_social_a_housing_national_uniform,25.48637644,0.1392431904,-690.583673
decile x state3,D05 & CA,net_social_a_housing_national_uniform,2.292294385,0.001647852204,-2674.205631
decile x state3,D05 & TX,net_social_a_housing_national_uniform,1.942546703,0.006753661101,-2665.975249
decile x state3,D05 & rest,net_social_a_housing_national_uniform,25.34954155,0.1761813184,-702.2057687
decile x state3,D06 & CA,net_social_a_housing_national_uniform,2.14517293,0.002808502598,-2960.145485
decile x state3,D06 & TX,net_social_a_housing_national_uniform,1.951291248,0.004355932719,-2948.200626
decile x state3,D06 & rest,net_social_a_housing_national_uniform,25.48516166,0.2135914448,-719.9665068
decile x state3,D07 & CA,net_social_a_housing_national_uniform,2.721434928,0.003333613809,-3165.07766
decile x state3,D07 & TX,net_social_a_housing_national_uniform,2.160300646,0.006505945006,-3340.553188
decile x state3,D07 & rest,net_social_a_housing_national_uniform,24.70163441,0.2415207423,-744.6927331
decile x state3,D08 & CA,net_social_a_housing_national_uniform,3.006163454,0.006247486683,-3761.456985
decile x state3,D08 & TX,net_social_a_housing_national_uniform,2.104591935,0,-4074.748259
decile x state3,D08 & rest,net_social_a_housing_national_uniform,24.472811,0.282132954,-707.6316809
decile x state3,D09 & CA,net_social_a_housing_national_uniform,3.319323421,0.003443416374,-4267.121715
decile x state3,D09 & TX,net_social_a_housing_national_uniform,2.279824065,0.01668539872,-4203.888506
decile x state3,D09 & rest,net_social_a_housing_national_uniform,23.98522465,0.3131413661,-725.2502824
decile x state3,D10 & CA,net_social_a_housing_national_uniform,4.114569251,0.01795650724,-9400.85599
decile x state3,D10 & TX,net_social_a_housing_national_uniform,2.606287165,0.005852481046,-9822.879032
decile x state3,D10 & rest,net_social_a_housing_national_uniform,22.86067103,0.3423005605,-1283.375927
decile x state3,D01 & CA,net_social_a_crime_custody_footing,2.363881759,0.006991379983,-2319.693689
decile x state3,D01 & TX,net_social_a_crime_custody_footing,2.238321932,0,-2111.352939
decile x state3,D01 & rest,net_social_a_crime_custody_footing,24.98096911,0.02563391831,-465.0880219
decile x state3,D02 & CA,net_social_a_crime_custody_footing,2.108332281,0.00837162559,-2366.773114
decile x state3,D02 & TX,net_social_a_crime_custody_footing,1.898681776,0,-2325.051276
decile x state3,D02 & rest,net_social_a_crime_custody_footing,25.57784476,0.0604876155,-541.8318868
decile x state3,D03 & CA,net_social_a_crime_custody_footing,2.11444061,0.0108591493,-2489.508714
decile x state3,D03 & TX,net_social_a_crime_custody_footing,2.046632313,0.005102103741,-2151.045563
decile x state3,D03 & rest,net_social_a_crime_custody_footing,25.41873261,0.1078387573,-593.9348034
decile x state3,D04 & CA,net_social_a_crime_custody_footing,2.104180579,0.01526646812,-2585.120592
decile x state3,D04 & TX,net_social_a_crime_custody_footing,1.993990241,0.01082744489,-2700.841699
decile x state3,D04 & rest,net_social_a_crime_custody_footing,25.48637644,0.1510208045,-648.3863505
decile x state3,D05 & CA,net_social_a_crime_custody_footing,2.292294385,0.02182142426,-2918.013914
decile x state3,D05 & TX,net_social_a_crime_custody_footing,1.942546703,0.006753661101,-2822.801763
decile x state3,D05 & rest,net_social_a_crime_custody_footing,25.34954155,0.1951127009,-669.4727019
decile x state3,D06 & CA,net_social_a_crime_custody_footing,2.14517293,0.01267508807,-3272.254576
decile x state3,D06 & TX,net_social_a_crime_custody_footing,1.951291248,0.02361698521,-2980.548548
decile x state3,D06 & rest,net_social_a_crime_custody_footing,25.48516166,0.2320262936,-693.9757343
decile x state3,D07 & CA,net_social_a_crime_custody_footing,2.721434928,0.01438832264,-3353.04653
decile x state3,D07 & TX,net_social_a_crime_custody_footing,2.160300646,0.01603864087,-3393.811032
decile x state3,D07 & rest,net_social_a_crime_custody_footing,24.70163441,0.2607685009,-724.3054825
decile x state3,D08 & CA,net_social_a_crime_custody_footing,3.006163454,0.0315786185,-3807.78772
decile x state3,D08 & TX,net_social_a_crime_custody_footing,2.104591935,0.01504981325,-4178.172758
decile x state3,D08 & rest,net_social_a_crime_custody_footing,24.472811,0.3007756427,-699.9519832
decile x state3,D09 & CA,net_social_a_crime_custody_footing,3.319323421,0.03152359071,-4339.862032
decile x state3,D09 & TX,net_social_a_crime_custody_footing,2.279824065,0.03794262357,-3980.719606
decile x state3,D09 & rest,net_social_a_crime_custody_footing,23.98522465,0.324532415,-742.9735972
decile x state3,D10 & CA,net_social_a_crime_custody_footing,4.114569251,0.06284464642,-7908.241429
decile x state3,D10 & TX,net_social_a_crime_custody_footing,2.606287165,0.03124986929,-8885.720174
decile x state3,D10 & rest,net_social_a_crime_custody_footing,22.86067103,0.3416833361,-1591.388268
decile x state3,D01 & CA,net_social_b_pooled_national_fiscal,2.363881759,0.007145978586,-2695.137366
decile x state3,D01 & TX,net_social_b_pooled_national_fiscal,2.238321932,0.002721178316,-2468.279987
decile x state3,D01 & rest,net_social_b_pooled_national_fiscal,24.98096911,0.0009896398044,-1383.212134
decile x state3,D02 & CA,net_social_b_pooled_national_fiscal,2.108332281,0.01393691994,-2403.103647
decile x state3,D02 & TX,net_social_b_pooled_national_fiscal,1.898681776,0,-2303.436352
decile x state3,D02 & rest,net_social_b_pooled_national_fiscal,25.57784476,0.0004930906606,-1399.662048
decile x state3,D03 & CA,net_social_b_pooled_national_fiscal,2.11444061,0.01115293923,-2400.841975
decile x state3,D03 & TX,net_social_b_pooled_national_fiscal,2.046632313,0.008556259537,-1984.055672
decile x state3,D03 & rest,net_social_b_pooled_national_fiscal,25.41873261,0.00219398779,-1397.638022
decile x state3,D04 & CA,net_social_b_pooled_national_fiscal,2.104180579,0.01526646812,-2222.465897
decile x state3,D04 & TX,net_social_b_pooled_national_fiscal,1.993990241,0.01265704789,-2157.379305
decile x state3,D04 & rest,net_social_b_pooled_national_fiscal,25.48637644,0.005013069976,-1385.707967
decile x state3,D05 & CA,net_social_b_pooled_national_fiscal,2.292294385,0.03070769936,-2124.054708
decile x state3,D05 & TX,net_social_b_pooled_national_fiscal,1.942546703,0.0108972689,-1994.255771
decile x state3,D05 & rest,net_social_b_pooled_national_fiscal,25.34954155,0.01297948109,-1333.429253
decile x state3,D06 & CA,net_social_b_pooled_national_fiscal,2.14517293,0.02116755896,-2129.62457
decile x state3,D06 & TX,net_social_b_pooled_national_fiscal,1.951291248,0.02558215575,-1694.844432
decile x state3,D06 & rest,net_social_b_pooled_national_fiscal,25.48516166,0.02736964086,-1274.929937
decile x state3,D07 & CA,net_social_b_pooled_national_fiscal,2.721434928,0.03779229229,-1866.521084
decile x state3,D07 & TX,net_social_b_pooled_national_fiscal,2.160300646,0.03078307323,-1673.568352
decile x state3,D07 & rest,net_social_b_pooled_national_fiscal,24.70163441,0.05017341778,-1210.644212
decile x state3,D08 & CA,net_social_b_pooled_national_fiscal,3.006163454,0.06989482652,-1600.335758
decile x state3,D08 & TX,net_social_b_pooled_national_fiscal,2.104591935,0.05538082554,-1715.292984
decile x state3,D08 & rest,net_social_b_pooled_national_fiscal,24.472811,0.1047789393,-1063.250352
decile x state3,D09 & CA,net_social_b_pooled_national_fiscal,3.319323421,0.1165468388,-1312.032764
decile x state3,D09 & TX,net_social_b_pooled_national_fiscal,2.279824065,0.1179004806,-863.452789
decile x state3,D09 & rest,net_social_b_pooled_national_fiscal,23.98522465,0.1991555142,-877.1377826
decile x state3,D10 & CA,net_social_b_pooled_national_fiscal,4.114569251,0.3273512093,1567.410903
decile x state3,D10 & TX,net_social_b_pooled_national_fiscal,2.606287165,0.3209384236,607.4621923
decile x state3,D10 & rest,net_social_b_pooled_national_fiscal,22.86067103,0.4069243319,-202.2904223
decile x state3,D01 & CA,net_social_b_housing_national_uniform,2.363881759,0,-4684.058643
decile x state3,D01 & TX,net_social_b_housing_national_uniform,2.238321932,0,-4304.258892
decile x state3,D01 & rest,net_social_b_housing_national_uniform,24.98096911,0.008644214538,-1012.983877
decile x state3,D02 & CA,net_social_b_housing_national_uniform,2.108332281,0.001037558066,-4445.369237
decile x state3,D02 & TX,net_social_b_housing_national_uniform,1.898681776,0,-4182.423278
decile x state3,D02 & rest,net_social_b_housing_national_uniform,25.57784476,0.02004114693,-987.6251215
decile x state3,D03 & CA,net_social_b_housing_national_uniform,2.11444061,0,-4435.162061
decile x state3,D03 & TX,net_social_b_housing_national_uniform,2.046632313,0,-3935.82321
decile x state3,D03 & rest,net_social_b_housing_national_uniform,25.41873261,0.04406469841,-1009.94295
decile x state3,D04 & CA,net_social_b_housing_national_uniform,2.104180579,0.002085987953,-4303.751997
decile x state3,D04 & TX,net_social_b_housing_national_uniform,1.993990241,0,-4099.951706
decile x state3,D04 & rest,net_social_b_housing_national_uniform,25.48637644,0.08481516111,-985.5811739
decile x state3,D05 & CA,net_social_b_housing_national_uniform,2.292294385,0.001311700896,-4264.496412
decile x state3,D05 & TX,net_social_b_housing_national_uniform,1.942546703,0.004657245901,-3972.054716
decile x state3,D05 & rest,net_social_b_housing_national_uniform,25.34954155,0.1281650748,-935.8511335
decile x state3,D06 & CA,net_social_b_housing_national_uniform,2.14517293,0,-4199.711494
decile x state3,D06 & TX,net_social_b_housing_national_uniform,1.951291248,0.004355932719,-3795.988512
decile x state3,D06 & rest,net_social_b_housing_national_uniform,25.48516166,0.1837134707,-879.8948284
decile x state3,D07 & CA,net_social_b_housing_national_uniform,2.721434928,0.003333613809,-4060.232663
decile x state3,D07 & TX,net_social_b_housing_national_uniform,2.160300646,0.003408104363,-3752.682918
decile x state3,D07 & rest,net_social_b_housing_national_uniform,24.70163441,0.2319525168,-808.189513
decile x state3,D08 & CA,net_social_b_housing_national_uniform,3.006163454,0.00477193111,-3935.951303
decile x state3,D08 & TX,net_social_b_housing_national_uniform,2.104591935,0.002410004884,-3744.482086
decile x state3,D08 & rest,net_social_b_housing_national_uniform,24.472811,0.3092894359,-642.8098703
decile x state3,D09 & CA,net_social_b_housing_national_uniform,3.319323421,0.007625108063,-3620.624037
decile x state3,D09 & TX,net_social_b_housing_national_uniform,2.279824065,0.02190656591,-3218.556466
decile x state3,D09 & rest,net_social_b_housing_national_uniform,23.98522465,0.3853870573,-465.3690535
decile x state3,D10 & CA,net_social_b_housing_national_uniform,4.114569251,0.09539664893,-2306.498802
decile x state3,D10 & TX,net_social_b_housing_national_uniform,2.606287165,0.06698935255,-2462.182157
decile x state3,D10 & rest,net_social_b_housing_national_uniform,22.86067103,0.5071474131,513.1480034
decile x state3,D01 & CA,net_social_b_crime_custody_footing,2.363881759,0.006172351464,-5097.125218
decile x state3,D01 & TX,net_social_b_crime_custody_footing,2.238321932,0,-4616.351093
decile x state3,D01 & rest,net_social_b_crime_custody_footing,24.98096911,0.007110493804,-942.6432907
decile x state3,D02 & CA,net_social_b_crime_custody_footing,2.108332281,0.005038782786,-4795.162826
decile x state3,D02 & TX,net_social_b_crime_custody_footing,1.898681776,0,-4445.156928
decile x state3,D02 & rest,net_social_b_crime_custody_footing,25.57784476,0.0210949583,-933.256131
decile x state3,D03 & CA,net_social_b_crime_custody_footing,2.11444061,0.007383164824,-4789.584503
decile x state3,D03 & TX,net_social_b_crime_custody_footing,2.046632313,0.003387896219,-4120.126416
decile x state3,D03 & rest,net_social_b_crime_custody_footing,25.41873261,0.04830625323,-961.2467314
decile x state3,D04 & CA,net_social_b_crime_custody_footing,2.104180579,0.005162669129,-4607.511011
decile x state3,D04 & TX,net_social_b_crime_custody_footing,1.993990241,0.01082744489,-4292.605427
decile x state3,D04 & rest,net_social_b_crime_custody_footing,25.48637644,0.09191575644,-943.3838513
decile x state3,D05 & CA,net_social_b_crime_custody_footing,2.292294385,0.008832862369,-4508.304695
decile x state3,D05 & TX,net_social_b_crime_custody_footing,1.942546703,0.009232102541,-4128.881229
decile x state3,D05 & rest,net_social_b_crime_custody_footing,25.34954155,0.1396330765,-903.1180667
decile x state3,D06 & CA,net_social_b_crime_custody_footing,2.14517293,0.01147084514,-4511.820585
decile x state3,D06 & TX,net_social_b_crime_custody_footing,1.951291248,0.02361698521,-3828.336434
decile x state3,D06 & rest,net_social_b_crime_custody_footing,25.48516166,0.1997720858,-853.9040559
decile x state3,D07 & CA,net_social_b_crime_custody_footing,2.721434928,0.01385924047,-4248.201533
decile x state3,D07 & TX,net_social_b_crime_custody_footing,2.160300646,0.01541432088,-3805.940761
decile x state3,D07 & rest,net_social_b_crime_custody_footing,24.70163441,0.2558027557,-787.8022624
decile x state3,D08 & CA,net_social_b_crime_custody_footing,3.006163454,0.02928053683,-3982.282037
decile x state3,D08 & TX,net_social_b_crime_custody_footing,2.104591935,0.01438981528,-3847.906584
decile x state3,D08 & rest,net_social_b_crime_custody_footing,24.472811,0.3333759832,-635.1301726
decile x state3,D09 & CA,net_social_b_crime_custody_footing,3.319323421,0.02819823912,-3693.364353
decile x state3,D09 & TX,net_social_b_crime_custody_footing,2.279824065,0.05293706935,-2995.387566
decile x state3,D09 & rest,net_social_b_crime_custody_footing,23.98522465,0.3962126294,-483.0923684
decile x state3,D10 & CA,net_social_b_crime_custody_footing,4.114569251,0.1518096626,-813.8842408
decile x state3,D10 & TX,net_social_b_crime_custody_footing,2.606287165,0.1194504705,-1525.0233
decile x state3,D10 & rest,net_social_b_crime_custody_footing,22.86067103,0.5073958215,205.1356624
worker x state3,not_worker & CA,net_account_a,12.61370344,0.0001755269931,-2639.019155
worker x state3,not_worker & TX,net_account_a,10.23677528,0,-2325.32495
worker x state3,not_worker & rest,net_account_a,119.8865543,0.001329692789,-476.6246605
worker x state3,worker & CA,net_account_a,13.67609016,0.002470661815,-3893.732075
worker x state3,worker & TX,net_account_a,10.98569275,0.001319453609,-3873.519347
worker x state3,worker & rest,net_account_a,128.4324129,0.4018197825,-818.1373095
worker x state3,not_worker & CA,net_account_b,12.61370344,0.0001755269931,-3463.074961
worker x state3,not_worker & TX,net_account_b,10.23677528,0,-3189.862437
worker x state3,not_worker & rest,net_account_b,119.8865543,0.001015220832,-637.6978496
worker x state3,worker & CA,net_account_b,13.67609016,0.02136141141,-3041.063571
worker x state3,worker & TX,net_account_b,10.98569275,0.01624187409,-3049.032852
worker x state3,worker & rest,net_account_b,128.4324129,0.3942998367,-679.2607276
worker x state3,not_worker & CA,net_social_a,12.61370344,0.03057464077,-2775.227237
worker x state3,not_worker & TX,net_social_a,10.23677528,0.01497875388,-2724.388989
worker x state3,not_worker & rest,net_social_a,119.8865543,0.01705376614,-523.7364688
worker x state3,worker & CA,net_social_a,13.67609016,0.02033595428,-4895.007755
worker x state3,worker & TX,net_social_a,10.98569275,0.01567232731,-4584.236875
worker x state3,worker & rest,net_social_a,128.4324129,0.3667320368,-915.3957504
worker x state3,not_worker & CA,net_social_b,12.61370344,0.03108394994,-3599.283043
worker x state3,not_worker & TX,net_social_b,10.23677528,0.01885022862,-3588.926476
worker x state3,not_worker & rest,net_social_b,119.8865543,0.01637990783,-684.8096579
worker x state3,worker & CA,net_social_b,13.67609016,0.0409919788,-4042.339251
worker x state3,worker & TX,net_social_b,10.98569275,0.03597125355,-3759.75038
worker x state3,worker & rest,net_social_b,128.4324129,0.3626776929,-776.5191685
worker x state3,not_worker & CA,net_with_proposed_a,12.61370344,0.03080487717,-2754.372029
worker x state3,not_worker & TX,net_with_proposed_a,10.23677528,0.01497875388,-2709.63185
worker x state3,not_worker & rest,net_with_proposed_a,119.8865543,0.01747993578,-510.219223
worker x state3,worker & CA,net_with_proposed_a,13.67609016,0.02344705706,-4672.39979
worker x state3,worker & TX,net_with_proposed_a,10.98569275,0.01757633146,-4377.169228
worker x state3,worker & rest,net_with_proposed_a,128.4324129,0.3772834563,-876.2500652
worker x state3,not_worker & CA,net_with_proposed_b,12.61370344,0.0318271816,-3577.608673
worker x state3,not_worker & TX,net_with_proposed_b,10.23677528,0.01885022862,-3568.449499
worker x state3,not_worker & rest,net_with_proposed_b,119.8865543,0.01705958618,-664.7068419
worker x state3,worker & CA,net_with_proposed_b,13.67609016,0.04819553573,-3833.582437
worker x state3,worker & TX,net_with_proposed_b,10.98569275,0.04300173315,-3560.506649
worker x state3,worker & rest,net_with_proposed_b,128.4324129,0.3758091422,-741.9130379
worker x state3,not_worker & CA,net_social_a_pooled_national_fiscal,12.61370344,0.05441752926,-1188.964655
worker x state3,not_worker & TX,net_social_a_pooled_national_fiscal,10.23677528,0.02971810993,-1174.926344
worker x state3,not_worker & rest,net_social_a_pooled_national_fiscal,119.8865543,0.01018752643,-778.229738
worker x state3,worker & CA,net_social_a_pooled_national_fiscal,13.67609016,0.06387832668,-2386.27334
worker x state3,worker & TX,net_social_a_pooled_national_fiscal,10.98569275,0.05998713189,-2042.082309
worker x state3,worker & rest,net_social_a_pooled_national_fiscal,128.4324129,0.1529269335,-1441.71797
worker x state3,not_worker & CA,net_social_a_housing_national_uniform,12.61370344,0.007066888437,-2953.8811
worker x state3,not_worker & TX,net_social_a_housing_national_uniform,10.23677528,0.004463064915,-2732.879349
worker x state3,not_worker & rest,net_social_a_housing_national_uniform,119.8865543,0.02863793298,-519.0190595
worker x state3,worker & CA,net_social_a_housing_national_uniform,13.67609016,0.003840231261,-4830.376296
worker x state3,worker & TX,net_social_a_housing_national_uniform,10.98569275,0.00457078119,-4633.560274
worker x state3,worker & rest,net_social_a_housing_national_uniform,128.4324129,0.333143215,-926.0360231
worker x state3,not_worker & CA,net_social_a_crime_custody_footing,12.61370344,0.03057464077,-2792.315673
worker x state3,not_worker & TX,net_social_a_crime_custody_footing,10.23677528,0.01497875388,-2739.275546
worker x state3,not_worker & rest,net_social_a_crime_custody_footing,119.8865543,0.01698734624,-526.2051381
worker x state3,worker & CA,net_social_a_crime_custody_footing,13.67609016,0.02033595428,-4912.244933
worker x state3,worker & TX,net_social_a_crime_custody_footing,10.98569275,0.01567232731,-4601.015758
worker x state3,worker & rest,net_social_a_crime_custody_footing,128.4324129,0.3659326884,-917.9398752
worker x state3,not_worker & CA,net_social_b_pooled_national_fiscal,12.61370344,0.05625218973,-1231.080656
worker x state3,not_worker & TX,net_social_b_pooled_national_fiscal,10.23677528,0.03168806882,-1469.003361
worker x state3,not_worker & rest,net_social_b_pooled_national_fiscal,119.8865543,0.01044794981,-1116.817095
worker x state3,worker & CA,net_social_b_pooled_national_fiscal,13.67609016,0.113699358,-1674.136863
worker x state3,worker & TX,net_social_b_pooled_national_fiscal,10.98569275,0.09865998214,-1639.827264
worker x state3,worker & rest,net_social_b_pooled_national_fiscal,128.4324129,0.1392000343,-1208.323479
worker x state3,not_worker & CA,net_social_b_housing_national_uniform,12.61370344,0.008997209143,-3777.936906
worker x state3,not_worker & TX,net_social_b_housing_national_uniform,10.23677528,0.003433109408,-3597.416835
worker x state3,not_worker & rest,net_social_b_housing_national_uniform,119.8865543,0.02754821939,-680.0922485
worker x state3,worker & CA,net_social_b_housing_national_uniform,13.67609016,0.02466634991,-3977.707792
worker x state3,worker & TX,net_social_b_housing_national_uniform,10.98569275,0.0199690506,-3809.073779
worker x state3,worker & rest,net_social_b_housing_national_uniform,128.4324129,0.3330514076,-787.1594412
worker x state3,not_worker & CA,net_social_b_crime_custody_footing,12.61370344,0.03047702603,-3616.371479
worker x state3,not_worker & TX,net_social_b_crime_custody_footing,10.23677528,0.01885022862,-3603.813033
worker x state3,not_worker & rest,net_social_b_crime_custody_footing,119.8865543,0.01636912628,-687.2783272
worker x state3,worker & CA,net_social_b_crime_custody_footing,13.67609016,0.04066106819,-4059.576429
worker x state3,worker & TX,net_social_b_crime_custody_footing,10.98569275,0.03597125355,-3776.529263
worker x state3,worker & rest,net_social_b_crime_custody_footing,128.4324129,0.3623395725,-779.0632933
edu_nativity x tenure,ba_plus|other_foreign_born & landlord,net_account_a,1.977277051,0.3463171249,-1771.557738
edu_nativity x tenure,ba_plus|other_foreign_born & owner_no_rental_income,net_account_a,9.15248455,0.3888096047,-1050.433361
edu_nativity x tenure,ba_plus|other_foreign_born & renter,net_account_a,5.749036361,0.3470048246,-923.147416
edu_nativity x tenure,ba_plus|us_born & landlord,net_account_a,8.678895059,0.3012359598,-1841.377527
edu_nativity x tenure,ba_plus|us_born & owner_no_rental_income,net_account_a,48.17217944,0.3923778647,-690.7906503
edu_nativity x tenure,ba_plus|us_born & renter,net_account_a,13.58025696,0.3735965274,-1000.893059
edu_nativity x tenure,below_high_school|other_foreign_born & owner_no_rental_income,net_account_a,1.719358759,0,-1607.086977
edu_nativity x tenure,below_high_school|other_foreign_born & renter,net_account_a,2.725380815,0,-1415.476549
edu_nativity x tenure,below_high_school|us_born & owner_no_rental_income,net_account_a,4.756005437,0,-1131.057329
edu_nativity x tenure,below_high_school|us_born & renter,net_account_a,3.426981926,0,-1008.987394
edu_nativity x tenure,high_school|other_foreign_born & owner_no_rental_income,net_account_a,3.908886581,0,-2271.28876
edu_nativity x tenure,high_school|other_foreign_born & renter,net_account_a,3.84974364,0,-1992.968062
edu_nativity x tenure,high_school|us_born & landlord,net_account_a,2.660374436,0,-2886.87606
edu_nativity x tenure,high_school|us_born & owner_no_rental_income,net_account_a,31.63929171,0,-1910.880234
edu_nativity x tenure,high_school|us_born & renter,net_account_a,13.86674029,0,-1916.75833
edu_nativity x tenure,some_college|other_foreign_born & owner_no_rental_income,net_account_a,3.063675271,0.34560019,-691.8413489
edu_nativity x tenure,some_college|other_foreign_born & renter,net_account_a,2.008334271,0.3688422607,-593.79097
edu_nativity x tenure,some_college|us_born & landlord,net_account_a,3.572878165,0.2599292951,-1138.176621
edu_nativity x tenure,some_college|us_born & owner_no_rental_income,net_account_a,31.9619723,0.3151591004,-542.5504612
edu_nativity x tenure,some_college|us_born & renter,net_account_a,11.79925501,0.31693338,-514.7162925
edu_nativity x tenure,under_25 & landlord,net_account_a,6.393736209,0.01761059644,-1684.007108
edu_nativity x tenure,under_25 & owner_no_rental_income,net_account_a,50.17459061,0.02253913737,-865.3629439
edu_nativity x tenure,under_25 & renter,net_account_a,29.75932637,0.03737683474,-660.4670566
edu_nativity x tenure,ba_plus|other_foreign_born & landlord,net_account_b,1.977277051,0.3975387239,-439.6009819
edu_nativity x tenure,ba_plus|other_foreign_born & owner_no_rental_income,net_account_b,9.15248455,0.4012554619,-518.217848
edu_nativity x tenure,ba_plus|other_foreign_born & renter,net_account_b,5.749036361,0.3248336523,-781.3092218
edu_nativity x tenure,ba_plus|us_born & landlord,net_account_b,8.678895059,0.4006222323,-304.9675913
edu_nativity x tenure,ba_plus|us_born & owner_no_rental_income,net_account_b,48.17217944,0.422857295,-274.3743841
edu_nativity x tenure,ba_plus|us_born & renter,net_account_b,13.58025696,0.3961651012,-609.3591084
edu_nativity x tenure,below_high_school|other_foreign_born & owner_no_rental_income,net_account_b,1.719358759,0,-2170.905498
edu_nativity x tenure,below_high_school|other_foreign_born & renter,net_account_b,2.725380815,0,-2135.648959
edu_nativity x tenure,below_high_school|us_born & owner_no_rental_income,net_account_b,4.756005437,0,-1469.079233
edu_nativity x tenure,below_high_school|us_born & renter,net_account_b,3.426981926,0,-1506.796258
edu_nativity x tenure,high_school|other_foreign_born & owner_no_rental_income,net_account_b,3.908886581,0,-2541.633284
edu_nativity x tenure,high_school|other_foreign_born & renter,net_account_b,3.84974364,0,-2497.998213
edu_nativity x tenure,high_school|us_born & landlord,net_account_b,2.660374436,0,-2436.871953
edu_nativity x tenure,high_school|us_born & owner_no_rental_income,net_account_b,31.63929171,0,-2096.753572
edu_nativity x tenure,high_school|us_born & renter,net_account_b,13.86674029,0,-2255.353265
edu_nativity x tenure,some_college|other_foreign_born & owner_no_rental_income,net_account_b,3.063675271,0.2909961494,-797.30277
edu_nativity x tenure,some_college|other_foreign_born & renter,net_account_b,2.008334271,0.2624649188,-976.1614873
edu_nativity x tenure,some_college|us_born & landlord,net_account_b,3.572878165,0.2850036084,-720.1194795
edu_nativity x tenure,some_college|us_born & owner_no_rental_income,net_account_b,31.9619723,0.2684351767,-631.3690293
edu_nativity x tenure,some_college|us_born & renter,net_account_b,11.79925501,0.2377334526,-854.5205351
edu_nativity x tenure,under_25 & landlord,net_account_b,6.393736209,0.01882173671,-1163.828667
edu_nativity x tenure,under_25 & owner_no_rental_income,net_account_b,50.17459061,0.01836089823,-1027.346341
edu_nativity x tenure,under_25 & renter,net_account_b,29.75932637,0.02521315409,-1236.343334
edu_nativity x tenure,ba_plus|other_foreign_born & landlord,net_social_a,1.977277051,0.4934460183,-548.3800635
edu_nativity x tenure,ba_plus|other_foreign_born & owner_no_rental_income,net_social_a,9.15248455,0.3684237591,-1315.381836
edu_nativity x tenure,ba_plus|other_foreign_born & renter,net_social_a,5.749036361,0.2748860058,-1803.056673
edu_nativity x tenure,ba_plus|us_born & landlord,net_social_a,8.678895059,0.495055745,-71.02872297
edu_nativity x tenure,ba_plus|us_born & owner_no_rental_income,net_social_a,48.17217944,0.3705975255,-868.3742986
edu_nativity x tenure,ba_plus|us_born & renter,net_social_a,13.58025696,0.289045127,-1891.06001
edu_nativity x tenure,below_high_school|other_foreign_born & owner_no_rental_income,net_social_a,1.719358759,0,-1838.987546
edu_nativity x tenure,below_high_school|other_foreign_born & renter,net_social_a,2.725380815,0,-1984.125137
edu_nativity x tenure,below_high_school|us_born & owner_no_rental_income,net_social_a,4.756005437,0,-1257.731702
edu_nativity x tenure,below_high_school|us_born & renter,net_social_a,3.426981926,0,-1475.12938
edu_nativity x tenure,high_school|other_foreign_born & owner_no_rental_income,net_social_a,3.908886581,0,-2473.717379
edu_nativity x tenure,high_school|other_foreign_born & renter,net_social_a,3.84974364,4.456407922e-05,-2555.429163
edu_nativity x tenure,high_school|us_born & landlord,net_social_a,2.660374436,0.1726681245,-1453.517814
edu_nativity x tenure,high_school|us_born & owner_no_rental_income,net_social_a,31.63929171,5.607206698e-05,-2049.778358
edu_nativity x tenure,high_school|us_born & renter,net_social_a,13.86674029,0,-2444.374151
edu_nativity x tenure,some_college|other_foreign_born & owner_no_rental_income,net_social_a,3.063675271,0.3208018295,-935.0768462
edu_nativity x tenure,some_college|other_foreign_born & renter,net_social_a,2.008334271,0.2826347011,-1310.635682
edu_nativity x tenure,some_college|us_born & landlord,net_social_a,3.572878165,0.4578673294,227.2840578
edu_nativity x tenure,some_college|us_born & owner_no_rental_income,net_social_a,31.9619723,0.2811173139,-721.7044404
edu_nativity x tenure,some_college|us_born & renter,net_social_a,11.79925501,0.208909584,-1183.031872
edu_nativity x tenure,under_25 & landlord,net_social_a,6.393736209,0.1501471918,-1103.465234
edu_nativity x tenure,under_25 & owner_no_rental_income,net_social_a,50.17459061,0.02072546373,-948.5643171
edu_nativity x tenure,under_25 & renter,net_social_a,29.75932637,0.02490894705,-1001.488738
edu_nativity x tenure,ba_plus|other_foreign_born & landlord,net_social_b,1.977277051,0.5601552709,783.5766922
edu_nativity x tenure,ba_plus|other_foreign_born & owner_no_rental_income,net_social_b,9.15248455,0.377437293,-783.1663231
edu_nativity x tenure,ba_plus|other_foreign_born & renter,net_social_b,5.749036361,0.2625293384,-1661.218478
edu_nativity x tenure,ba_plus|us_born & landlord,net_social_b,8.678895059,0.5912532529,1465.381213
edu_nativity x tenure,ba_plus|us_born & owner_no_rental_income,net_social_b,48.17217944,0.3982997198,-451.9580324
edu_nativity x tenure,ba_plus|us_born & renter,net_social_b,13.58025696,0.3062982506,-1499.526059
edu_nativity x tenure,below_high_school|other_foreign_born & owner_no_rental_income,net_social_b,1.719358759,0,-2402.806067
edu_nativity x tenure,below_high_school|other_foreign_born & renter,net_social_b,2.725380815,0,-2704.297547
edu_nativity x tenure,below_high_school|us_born & owner_no_rental_income,net_social_b,4.756005437,0,-1595.753606
edu_nativity x tenure,below_high_school|us_born & renter,net_social_b,3.426981926,0,-1972.938243
edu_nativity x tenure,high_school|other_foreign_born & owner_no_rental_income,net_social_b,3.908886581,0,-2744.061904
edu_nativity x tenure,high_school|other_foreign_born & renter,net_social_b,3.84974364,0,-3060.459314
edu_nativity x tenure,high_school|us_born & landlord,net_social_b,2.660374436,0.1634685976,-1003.513707
edu_nativity x tenure,high_school|us_born & owner_no_rental_income,net_social_b,31.63929171,0,-2235.651696
edu_nativity x tenure,high_school|us_born & renter,net_social_b,13.86674029,0,-2782.969086
edu_nativity x tenure,some_college|other_foreign_born & owner_no_rental_income,net_social_b,3.063675271,0.2708120891,-1040.538267
edu_nativity x tenure,some_college|other_foreign_born & renter,net_social_b,2.008334271,0.1890979196,-1693.006199
edu_nativity x tenure,some_college|us_born & landlord,net_social_b,3.572878165,0.4716121357,645.3411998
edu_nativity x tenure,some_college|us_born & owner_no_rental_income,net_social_b,31.9619723,0.2464566065,-810.5230085
edu_nativity x tenure,some_college|us_born & renter,net_social_b,11.79925501,0.1559683533,-1522.836115
edu_nativity x tenure,under_25 & landlord,net_social_b,6.393736209,0.1365726086,-583.2867919
edu_nativity x tenure,under_25 & owner_no_rental_income,net_social_b,50.17459061,0.0169398494,-1110.547714
edu_nativity x tenure,under_25 & renter,net_social_b,29.75932637,0.01666122509,-1577.365015
edu_nativity x tenure,ba_plus|other_foreign_born & landlord,net_with_proposed_a,1.977277051,0.5035957198,-441.4215738
edu_nativity x tenure,ba_plus|other_foreign_born & owner_no_rental_income,net_with_proposed_a,9.15248455,0.3714018171,-1243.888711
edu_nativity x tenure,ba_plus|other_foreign_born & renter,net_with_proposed_a,5.749036361,0.2788007208,-1743.371743
edu_nativity x tenure,ba_plus|us_born & landlord,net_with_proposed_a,8.678895059,0.5087335702,48.41252616
edu_nativity x tenure,ba_plus|us_born & owner_no_rental_income,net_with_proposed_a,48.17217944,0.3803961263,-798.0114605
edu_nativity x tenure,ba_plus|us_born & renter,net_with_proposed_a,13.58025696,0.2966593881,-1814.336567
edu_nativity x tenure,below_high_school|other_foreign_born & owner_no_rental_income,net_with_proposed_a,1.719358759,0,-1812.455509
edu_nativity x tenure,below_high_school|other_foreign_born & renter,net_with_proposed_a,2.725380815,0,-1963.496382
edu_nativity x tenure,below_high_school|us_born & owner_no_rental_income,net_with_proposed_a,4.756005437,0,-1241.604375
edu_nativity x tenure,below_high_school|us_born & renter,net_with_proposed_a,3.426981926,0,-1462.915671
edu_nativity x tenure,high_school|other_foreign_born & owner_no_rental_income,net_with_proposed_a,3.908886581,0,-2437.051132
edu_nativity x tenure,high_school|other_foreign_born & renter,net_with_proposed_a,3.84974364,4.456407922e-05,-2525.651121
edu_nativity x tenure,high_school|us_born & landlord,net_with_proposed_a,2.660374436,0.1769367769,-1403.574288
edu_nativity x tenure,high_school|us_born & owner_no_rental_income,net_with_proposed_a,31.63929171,5.607206698e-05,-2020.69503
edu_nativity x tenure,high_school|us_born & renter,net_with_proposed_a,13.86674029,0,-2415.402306
edu_nativity x tenure,some_college|other_foreign_born & owner_no_rental_income,net_with_proposed_a,3.063675271,0.3281125169,-875.7423049
edu_nativity x tenure,some_college|other_foreign_born & renter,net_with_proposed_a,2.008334271,0.2975459524,-1267.921813
edu_nativity x tenure,some_college|us_born & landlord,net_with_proposed_a,3.572878165,0.4662923802,284.6334603
edu_nativity x tenure,some_college|us_born & owner_no_rental_income,net_with_proposed_a,31.9619723,0.2922236854,-680.6221555
edu_nativity x tenure,some_college|us_born & renter,net_with_proposed_a,11.79925501,0.2180541181,-1145.972731
edu_nativity x tenure,under_25 & landlord,net_with_proposed_a,6.393736209,0.1562900222,-1070.165841
edu_nativity x tenure,under_25 & owner_no_rental_income,net_with_proposed_a,50.17459061,0.02191906984,-930.3499279
edu_nativity x tenure,under_25 & renter,net_with_proposed_a,29.75932637,0.02633649769,-989.1712139
edu_nativity x tenure,ba_plus|other_foreign_born & landlord,net_with_proposed_b,1.977277051,0.5785192558,866.5327242
edu_nativity x tenure,ba_plus|other_foreign_born & owner_no_rental_income,net_with_proposed_b,9.15248455,0.3867607857,-723.9163089
edu_nativity x tenure,ba_plus|other_foreign_born & renter,net_with_proposed_b,5.749036361,0.2644207274,-1605.579644
edu_nativity x tenure,ba_plus|us_born & landlord,net_with_proposed_b,8.678895059,0.6056898401,1546.971841
edu_nativity x tenure,ba_plus|us_born & owner_no_rental_income,net_with_proposed_b,48.17217944,0.4114503015,-393.0014551
edu_nativity x tenure,ba_plus|us_born & renter,net_with_proposed_b,13.58025696,0.3157767383,-1431.85804
edu_nativity x tenure,below_high_school|other_foreign_born & owner_no_rental_income,net_with_proposed_b,1.719358759,0,-2366.586624
edu_nativity x tenure,below_high_school|other_foreign_born & renter,net_with_proposed_b,2.725380815,0,-2669.482682
edu_nativity x tenure,below_high_school|us_born & owner_no_rental_income,net_with_proposed_b,4.756005437,0,-1568.319909
edu_nativity x tenure,below_high_school|us_born & renter,net_with_proposed_b,3.426981926,0,-1946.315154
edu_nativity x tenure,high_school|other_foreign_born & owner_no_rental_income,net_with_proposed_b,3.908886581,0,-2702.743966
edu_nativity x tenure,high_school|other_foreign_born & renter,net_with_proposed_b,3.84974364,0,-3021.433933
edu_nativity x tenure,high_school|us_born & landlord,net_with_proposed_b,2.660374436,0.1654790279,-963.3839939
edu_nativity x tenure,high_school|us_born & owner_no_rental_income,net_with_proposed_b,31.63929171,0,-2200.926386
edu_nativity x tenure,high_school|us_born & renter,net_with_proposed_b,13.86674029,0,-2744.71606
edu_nativity x tenure,some_college|other_foreign_born & owner_no_rental_income,net_with_proposed_b,3.063675271,0.2859833904,-979.775729
edu_nativity x tenure,some_college|other_foreign_born & renter,net_with_proposed_b,2.008334271,0.2067511181,-1641.498396
edu_nativity x tenure,some_college|us_born & landlord,net_with_proposed_b,3.572878165,0.4947725637,693.1373793
edu_nativity x tenure,some_college|us_born & owner_no_rental_income,net_with_proposed_b,31.9619723,0.2605028602,-766.4614411
edu_nativity x tenure,some_college|us_born & renter,net_with_proposed_b,11.79925501,0.16431194,-1477.732625
edu_nativity x tenure,under_25 & landlord,net_with_proposed_b,6.393736209,0.1458091145,-560.3942332
edu_nativity x tenure,under_25 & owner_no_rental_income,net_with_proposed_b,50.17459061,0.01842415448,-1088.137144
edu_nativity x tenure,under_25 & renter,net_with_proposed_b,29.75932637,0.01926038775,-1552.599031
edu_nativity x tenure,ba_plus|other_foreign_born & landlord,net_social_a_pooled_national_fiscal,1.977277051,0.3888879631,12.94214691
edu_nativity x tenure,ba_plus|other_foreign_born & owner_no_rental_income,net_social_a_pooled_national_fiscal,9.15248455,0.1945139621,-1072.052222
edu_nativity x tenure,ba_plus|other_foreign_born & renter,net_social_a_pooled_national_fiscal,5.749036361,0.09590408209,-1537.843858
edu_nativity x tenure,ba_plus|us_born & landlord,net_social_a_pooled_national_fiscal,8.678895059,0.3368032515,-300.3746267
edu_nativity x tenure,ba_plus|us_born & owner_no_rental_income,net_social_a_pooled_national_fiscal,48.17217944,0.1669888972,-1062.294711
edu_nativity x tenure,ba_plus|us_born & renter,net_social_a_pooled_national_fiscal,13.58025696,0.06061350283,-1767.228225
edu_nativity x tenure,below_high_school|other_foreign_born & owner_no_rental_income,net_social_a_pooled_national_fiscal,1.719358759,0,-1682.194469
edu_nativity x tenure,below_high_school|other_foreign_born & renter,net_social_a_pooled_national_fiscal,2.725380815,0,-1862.214824
edu_nativity x tenure,below_high_school|us_born & owner_no_rental_income,net_social_a_pooled_national_fiscal,4.756005437,0,-1282.581926
edu_nativity x tenure,below_high_school|us_born & renter,net_social_a_pooled_national_fiscal,3.426981926,0,-1466.018248
edu_nativity x tenure,high_school|other_foreign_born & owner_no_rental_income,net_social_a_pooled_national_fiscal,3.908886581,0,-2417.66617
edu_nativity x tenure,high_school|other_foreign_born & renter,net_social_a_pooled_national_fiscal,3.84974364,0,-2488.033747
edu_nativity x tenure,high_school|us_born & landlord,net_social_a_pooled_national_fiscal,2.660374436,0.1412038999,-1584.342723
edu_nativity x tenure,high_school|us_born & owner_no_rental_income,net_social_a_pooled_national_fiscal,31.63929171,0,-2143.709974
edu_nativity x tenure,high_school|us_born & renter,net_social_a_pooled_national_fiscal,13.86674029,0,-2387.825198
edu_nativity x tenure,some_college|other_foreign_born & owner_no_rental_income,net_social_a_pooled_national_fiscal,3.063675271,0.170807468,-751.3486101
edu_nativity x tenure,some_college|other_foreign_born & renter,net_social_a_pooled_national_fiscal,2.008334271,0.1345150974,-1040.022077
edu_nativity x tenure,some_college|us_born & landlord,net_social_a_pooled_national_fiscal,3.572878165,0.3033648107,253.0177511
edu_nativity x tenure,some_college|us_born & owner_no_rental_income,net_social_a_pooled_national_fiscal,31.9619723,0.1257864337,-682.2194707
edu_nativity x tenure,some_college|us_born & renter,net_social_a_pooled_national_fiscal,11.79925501,0.07959074683,-1051.237851
edu_nativity x tenure,under_25 & landlord,net_social_a_pooled_national_fiscal,6.393736209,0.1177090773,-1020.499129
edu_nativity x tenure,under_25 & owner_no_rental_income,net_social_a_pooled_national_fiscal,50.17459061,0.003031222524,-966.95437
edu_nativity x tenure,under_25 & renter,net_social_a_pooled_national_fiscal,29.75932637,0.003846890421,-915.3370403
edu_nativity x tenure,ba_plus|other_foreign_born & landlord,net_social_a_housing_national_uniform,1.977277051,0.4713583147,-861.7465669
edu_nativity x tenure,ba_plus|other_foreign_born & owner_no_rental_income,net_social_a_housing_national_uniform,9.15248455,0.3684237591,-1315.381836
edu_nativity x tenure,ba_plus|other_foreign_born & renter,net_social_a_housing_national_uniform,5.749036361,0.1590304861,-1702.413023
edu_nativity x tenure,ba_plus|us_born & landlord,net_social_a_housing_national_uniform,8.678895059,0.5025913079,-228.8827901
edu_nativity x tenure,ba_plus|us_born & owner_no_rental_income,net_social_a_housing_national_uniform,48.17217944,0.3705975255,-868.3742986
edu_nativity x tenure,ba_plus|us_born & renter,net_social_a_housing_national_uniform,13.58025696,0.1361806423,-1838.444015
edu_nativity x tenure,below_high_school|other_foreign_born & owner_no_rental_income,net_social_a_housing_national_uniform,1.719358759,0,-1838.987546
edu_nativity x tenure,below_high_school|other_foreign_born & renter,net_social_a_housing_national_uniform,2.725380815,0,-1980.949755
edu_nativity x tenure,below_high_school|us_born & owner_no_rental_income,net_social_a_housing_national_uniform,4.756005437,0,-1257.731702
edu_nativity x tenure,below_high_school|us_born & renter,net_social_a_housing_national_uniform,3.426981926,0,-1546.249931
edu_nativity x tenure,high_school|other_foreign_born & owner_no_rental_income,net_social_a_housing_national_uniform,3.908886581,0,-2473.717379
edu_nativity x tenure,high_school|other_foreign_born & renter,net_social_a_housing_national_uniform,3.84974364,0,-2566.089677
edu_nativity x tenure,high_school|us_born & landlord,net_social_a_housing_national_uniform,2.660374436,0.2562838741,-1376.841703
edu_nativity x tenure,high_school|us_born & owner_no_rental_income,net_social_a_housing_national_uniform,31.63929171,5.607206698e-05,-2049.778358
edu_nativity x tenure,high_school|us_born & renter,net_social_a_housing_national_uniform,13.86674029,0,-2499.616255
edu_nativity x tenure,some_college|other_foreign_born & owner_no_rental_income,net_social_a_housing_national_uniform,3.063675271,0.3208018295,-935.0768462
edu_nativity x tenure,some_college|other_foreign_born & renter,net_social_a_housing_national_uniform,2.008334271,0.1590410211,-1252.382462
edu_nativity x tenure,some_college|us_born & landlord,net_social_a_housing_national_uniform,3.572878165,0.4790443688,58.69685483
edu_nativity x tenure,some_college|us_born & owner_no_rental_income,net_social_a_housing_national_uniform,31.9619723,0.2811173139,-721.7044404
edu_nativity x tenure,some_college|us_born & renter,net_social_a_housing_national_uniform,11.79925501,0.1062678077,-1183.155505
edu_nativity x tenure,under_25 & landlord,net_social_a_housing_national_uniform,6.393736209,0.2480533119,-1199.883099
edu_nativity x tenure,under_25 & owner_no_rental_income,net_social_a_housing_national_uniform,50.17459061,0.02072546373,-948.5643171
edu_nativity x tenure,under_25 & renter,net_social_a_housing_national_uniform,29.75932637,0.00828983411,-1006.523657
edu_nativity x tenure,ba_plus|other_foreign_born & landlord,net_social_a_crime_custody_footing,1.977277051,0.4920452928,-555.2551441
edu_nativity x tenure,ba_plus|other_foreign_born & owner_no_rental_income,net_social_a_crime_custody_footing,9.15248455,0.3684237591,-1321.930162
edu_nativity x tenure,ba_plus|other_foreign_born & renter,net_social_a_crime_custody_footing,5.749036361,0.2746105305,-1810.384274
edu_nativity x tenure,ba_plus|us_born & landlord,net_social_a_crime_custody_footing,8.678895059,0.4949286041,-76.41230398
edu_nativity x tenure,ba_plus|us_born & owner_no_rental_income,net_social_a_crime_custody_footing,48.17217944,0.3699480879,-873.0493733
edu_nativity x tenure,ba_plus|us_born & renter,net_social_a_crime_custody_footing,13.58025696,0.2881402172,-1897.57282
edu_nativity x tenure,below_high_school|other_foreign_born & owner_no_rental_income,net_social_a_crime_custody_footing,1.719358759,0,-1846.534425
edu_nativity x tenure,below_high_school|other_foreign_born & renter,net_social_a_crime_custody_footing,2.725380815,0,-1992.618323
edu_nativity x tenure,below_high_school|us_born & owner_no_rental_income,net_social_a_crime_custody_footing,4.756005437,0,-1262.539947
edu_nativity x tenure,below_high_school|us_born & renter,net_social_a_crime_custody_footing,3.426981926,0,-1481.516847
edu_nativity x tenure,high_school|other_foreign_born & owner_no_rental_income,net_social_a_crime_custody_footing,3.908886581,0,-2479.898094
edu_nativity x tenure,high_school|other_foreign_born & renter,net_social_a_crime_custody_footing,3.84974364,4.456407922e-05,-2562.772939
edu_nativity x tenure,high_school|us_born & landlord,net_social_a_crime_custody_footing,2.660374436,0.1726681245,-1458.204384
edu_nativity x tenure,high_school|us_born & owner_no_rental_income,net_social_a_crime_custody_footing,31.63929171,5.607206698e-05,-2054.379872
edu_nativity x tenure,high_school|us_born & renter,net_social_a_crime_custody_footing,13.86674029,0,-2450.624315
edu_nativity x tenure,some_college|other_foreign_born & owner_no_rental_income,net_social_a_crime_custody_footing,3.063675271,0.3194647094,-941.6627259
edu_nativity x tenure,some_college|other_foreign_born & renter,net_social_a_crime_custody_footing,2.008334271,0.2824139804,-1318.118838
edu_nativity x tenure,some_college|us_born & landlord,net_social_a_crime_custody_footing,3.572878165,0.4553288784,221.8344393
edu_nativity x tenure,some_college|us_born & owner_no_rental_income,net_social_a_crime_custody_footing,31.9619723,0.2804777599,-727.0342682
edu_nativity x tenure,some_college|us_born & renter,net_social_a_crime_custody_footing,11.79925501,0.207890285,-1189.834117
edu_nativity x tenure,under_25 & landlord,net_social_a_crime_custody_footing,6.393736209,0.1489757929,-1105.974235
edu_nativity x tenure,under_25 & owner_no_rental_income,net_social_a_crime_custody_footing,50.17459061,0.02063269217,-950.934446
edu_nativity x tenure,under_25 & renter,net_social_a_crime_custody_footing,29.75932637,0.02479562284,-1005.125352
edu_nativity x tenure,ba_plus|other_foreign_born & landlord,net_social_b_pooled_national_fiscal,1.977277051,0.5025347825,1246.993047
edu_nativity x tenure,ba_plus|other_foreign_born & owner_no_rental_income,net_social_b_pooled_national_fiscal,9.15248455,0.2244890905,-442.590757
edu_nativity x tenure,ba_plus|other_foreign_born & renter,net_social_b_pooled_national_fiscal,5.749036361,0.08297757424,-1329.819861
edu_nativity x tenure,ba_plus|us_born & landlord,net_social_b_pooled_national_fiscal,8.678895059,0.4811885566,1645.659135
edu_nativity x tenure,ba_plus|us_born & owner_no_rental_income,net_social_b_pooled_national_fiscal,48.17217944,0.1921477271,-475.8586644
edu_nativity x tenure,ba_plus|us_born & renter,net_social_b_pooled_national_fiscal,13.58025696,0.08353108594,-1301.656957
edu_nativity x tenure,below_high_school|other_foreign_born & owner_no_rental_income,net_social_b_pooled_national_fiscal,1.719358759,0,-2180.258186
edu_nativity x tenure,below_high_school|other_foreign_born & renter,net_social_b_pooled_national_fiscal,2.725380815,0,-2591.572717
edu_nativity x tenure,below_high_school|us_born & owner_no_rental_income,net_social_b_pooled_national_fiscal,4.756005437,0,-1863.882203
edu_nativity x tenure,below_high_school|us_born & renter,net_social_b_pooled_national_fiscal,3.426981926,0,-2206.855293
edu_nativity x tenure,high_school|other_foreign_born & owner_no_rental_income,net_social_b_pooled_national_fiscal,3.908886581,0,-2656.825951
edu_nativity x tenure,high_school|other_foreign_born & renter,net_social_b_pooled_national_fiscal,3.84974364,0,-2963.472027
edu_nativity x tenure,high_school|us_born & landlord,net_social_b_pooled_national_fiscal,2.660374436,0.1329043967,-1079.780029
edu_nativity x tenure,high_school|us_born & owner_no_rental_income,net_social_b_pooled_national_fiscal,31.63929171,0,-2433.784117
edu_nativity x tenure,high_school|us_born & renter,net_social_b_pooled_national_fiscal,13.86674029,0,-2865.003408
edu_nativity x tenure,some_college|other_foreign_born & owner_no_rental_income,net_social_b_pooled_national_fiscal,3.063675271,0.05602140088,-824.7669618
edu_nativity x tenure,some_college|other_foreign_born & renter,net_social_b_pooled_national_fiscal,2.008334271,0.02192343572,-1492.149186
edu_nativity x tenure,some_college|us_born & landlord,net_social_b_pooled_national_fiscal,3.572878165,0.3026077881,744.182598
edu_nativity x tenure,some_college|us_born & owner_no_rental_income,net_social_b_pooled_national_fiscal,31.9619723,0.05359762913,-835.3948827
edu_nativity x tenure,some_college|us_born & renter,net_social_b_pooled_national_fiscal,11.79925501,0.01704541027,-1464.826167
edu_nativity x tenure,under_25 & landlord,net_social_b_pooled_national_fiscal,6.393736209,0.1284391062,-485.4471379
edu_nativity x tenure,under_25 & owner_no_rental_income,net_social_b_pooled_national_fiscal,50.17459061,0.001034953235,-1182.694838
edu_nativity x tenure,under_25 & renter,net_social_b_pooled_national_fiscal,29.75932637,0.001041325974,-1555.356269
edu_nativity x tenure,ba_plus|other_foreign_born & landlord,net_social_b_housing_national_uniform,1.977277051,0.5371806093,470.2101887
edu_nativity x tenure,ba_plus|other_foreign_born & owner_no_rental_income,net_social_b_housing_national_uniform,9.15248455,0.377437293,-783.1663231
edu_nativity x tenure,ba_plus|other_foreign_born & renter,net_social_b_housing_national_uniform,5.749036361,0.1547505571,-1560.574829
edu_nativity x tenure,ba_plus|us_born & landlord,net_social_b_housing_national_uniform,8.678895059,0.588039841,1307.527145
edu_nativity x tenure,ba_plus|us_born & owner_no_rental_income,net_social_b_housing_national_uniform,48.17217944,0.3982997198,-451.9580324
edu_nativity x tenure,ba_plus|us_born & renter,net_social_b_housing_national_uniform,13.58025696,0.1593436669,-1446.910064
edu_nativity x tenure,below_high_school|other_foreign_born & owner_no_rental_income,net_social_b_housing_national_uniform,1.719358759,0,-2402.806067
edu_nativity x tenure,below_high_school|other_foreign_born & renter,net_social_b_housing_national_uniform,2.725380815,0,-2701.122165
edu_nativity x tenure,below_high_school|us_born & owner_no_rental_income,net_social_b_housing_national_uniform,4.756005437,0,-1595.753606
edu_nativity x tenure,below_high_school|us_born & renter,net_social_b_housing_national_uniform,3.426981926,0,-2044.058795
edu_nativity x tenure,high_school|other_foreign_born & owner_no_rental_income,net_social_b_housing_national_uniform,3.908886581,0,-2744.061904
edu_nativity x tenure,high_school|other_foreign_born & renter,net_social_b_housing_national_uniform,3.84974364,0,-3071.119827
edu_nativity x tenure,high_school|us_born & landlord,net_social_b_housing_national_uniform,2.660374436,0.2426088645,-926.8375954
edu_nativity x tenure,high_school|us_born & owner_no_rental_income,net_social_b_housing_national_uniform,31.63929171,0,-2235.651696
edu_nativity x tenure,high_school|us_born & renter,net_social_b_housing_national_uniform,13.86674029,0,-2838.21119
edu_nativity x tenure,some_college|other_foreign_born & owner_no_rental_income,net_social_b_housing_national_uniform,3.063675271,0.2708120891,-1040.538267
edu_nativity x tenure,some_college|other_foreign_born & renter,net_social_b_housing_national_uniform,2.008334271,0.08677352869,-1634.752979
edu_nativity x tenure,some_college|us_born & landlord,net_social_b_housing_national_uniform,3.572878165,0.494336469,476.7539968
edu_nativity x tenure,some_college|us_born & owner_no_rental_income,net_social_b_housing_national_uniform,31.9619723,0.2464566065,-810.5230085
edu_nativity x tenure,some_college|us_born & renter,net_social_b_housing_national_uniform,11.79925501,0.06569627111,-1522.959748
edu_nativity x tenure,under_25 & landlord,net_social_b_housing_national_uniform,6.393736209,0.2317083653,-679.7046572
edu_nativity x tenure,under_25 & owner_no_rental_income,net_social_b_housing_national_uniform,50.17459061,0.0169398494,-1110.547714
edu_nativity x tenure,under_25 & renter,net_social_b_housing_national_uniform,29.75932637,0.006122596471,-1582.399935
edu_nativity x tenure,ba_plus|other_foreign_born & landlord,net_social_b_crime_custody_footing,1.977277051,0.5601552709,776.7016116
edu_nativity x tenure,ba_plus|other_foreign_born & owner_no_rental_income,net_social_b_crime_custody_footing,9.15248455,0.3773427743,-789.7146495
edu_nativity x tenure,ba_plus|other_foreign_born & renter,net_social_b_crime_custody_footing,5.749036361,0.2625293384,-1668.546079
edu_nativity x tenure,ba_plus|us_born & landlord,net_social_b_crime_custody_footing,8.678895059,0.5900803172,1459.997632
edu_nativity x tenure,ba_plus|us_born & owner_no_rental_income,net_social_b_crime_custody_footing,48.17217944,0.3980970841,-456.6331071
edu_nativity x tenure,ba_plus|us_born & renter,net_social_b_crime_custody_footing,13.58025696,0.306023479,-1506.03887
edu_nativity x tenure,below_high_school|other_foreign_born & owner_no_rental_income,net_social_b_crime_custody_footing,1.719358759,0,-2410.352946
edu_nativity x tenure,below_high_school|other_foreign_born & renter,net_social_b_crime_custody_footing,2.725380815,0,-2712.790733
edu_nativity x tenure,below_high_school|us_born & owner_no_rental_income,net_social_b_crime_custody_footing,4.756005437,0,-1600.561851
edu_nativity x tenure,below_high_school|us_born & renter,net_social_b_crime_custody_footing,3.426981926,0,-1979.325711
edu_nativity x tenure,high_school|other_foreign_born & owner_no_rental_income,net_social_b_crime_custody_footing,3.908886581,0,-2750.242618
edu_nativity x tenure,high_school|other_foreign_born & renter,net_social_b_crime_custody_footing,3.84974364,0,-3067.803089
edu_nativity x tenure,high_school|us_born & landlord,net_social_b_crime_custody_footing,2.660374436,0.1631984876,-1008.200277
edu_nativity x tenure,high_school|us_born & owner_no_rental_income,net_social_b_crime_custody_footing,31.63929171,0,-2240.253211
edu_nativity x tenure,high_school|us_born & renter,net_social_b_crime_custody_footing,13.86674029,0,-2789.21925
edu_nativity x tenure,some_college|other_foreign_born & owner_no_rental_income,net_social_b_crime_custody_footing,3.063675271,0.2704872866,-1047.124147
edu_nativity x tenure,some_college|other_foreign_born & renter,net_social_b_crime_custody_footing,2.008334271,0.1871792036,-1700.489355
edu_nativity x tenure,some_college|us_born & landlord,net_social_b_crime_custody_footing,3.572878165,0.4695638119,639.8915812
edu_nativity x tenure,some_college|us_born & owner_no_rental_income,net_social_b_crime_custody_footing,31.9619723,0.2461814836,-815.8528363
edu_nativity x tenure,some_college|us_born & renter,net_social_b_crime_custody_footing,11.79925501,0.1559683533,-1529.638359
edu_nativity x tenure,under_25 & landlord,net_social_b_crime_custody_footing,6.393736209,0.1365726086,-585.7957929
edu_nativity x tenure,under_25 & owner_no_rental_income,net_social_b_crime_custody_footing,50.17459061,0.01672694115,-1112.917843
edu_nativity x tenure,under_25 & renter,net_social_b_crime_custody_footing,29.75932637,0.01666122509,-1581.001629
