benchmark,rule,end,convention,year,fiscal_gap_real_bn,federal_real_bn,federal_nominal_bn,federal_share
main,programme,low,central,2005,75.043462,-22.946435,-14.920269,-0.305775
main,programme,low,central,2006,75.108259,-28.173626,-18.88402,-0.375107
main,programme,low,central,2007,80.596118,-32.242608,-22.196933,-0.400052
main,programme,low,central,2008,121.516798,-3.153335,-2.2127,-0.02595
main,programme,low,central,2009,169.091158,39.913042,28.179827,0.236045
main,programme,low,central,2010,190.518701,61.035692,43.616665,0.320366
main,programme,low,central,2011,178.57562,49.411157,36.038062,0.276696
main,programme,low,central,2012,158.609246,28.783462,21.384275,0.181474
main,programme,low,central,2013,137.653244,4.000606,3.022782,0.029063
main,programme,low,central,2014,137.580452,0.982127,0.754996,0.007139
main,programme,low,central,2015,139.190763,-0.365602,-0.283661,-0.002627
main,programme,low,central,2016,145.815055,3.583366,2.806658,0.024575
main,programme,low,central,2017,142.921604,-0.128136,-0.102159,-0.000897
main,programme,low,central,2018,146.49218,0.874995,0.713589,0.005973
main,programme,low,central,2019,150.921483,0.49358,0.409175,0.00327
main,programme,low,central,2020,316.856802,165.474473,139.021618,0.522237
main,programme,low,central,2021,337.013531,199.704542,175.436462,0.592571
main,programme,low,central,2022,179.460027,37.318331,35.115137,0.207948
main,programme,low,central,2023,186.519953,32.618433,31.82838,0.174879
main,programme,low,central,2024,200.682092,31.761732,31.761732,0.158269
main,programme_income,low,central,2005,107.738783,-0.066686,-0.043361,-0.000619
main,programme_income,low,central,2006,110.850557,-3.063945,-2.053679,-0.02764
main,programme_income,low,central,2007,118.012658,-5.76209,-3.966823,-0.048826
main,programme_income,low,central,2008,160.398025,24.422459,17.137273,0.152262
main,programme_income,low,central,2009,208.7165,67.596657,47.725305,0.323868
main,programme_income,low,central,2010,233.199492,90.886036,64.947995,0.389735
main,programme_income,low,central,2011,223.000941,80.186105,58.483792,0.359577
main,programme_income,low,central,2012,202.504979,59.143335,43.939723,0.292059
main,programme_income,low,central,2013,186.808331,38.76825,29.292549,0.20753
main,programme_income,low,central,2014,184.269959,34.19579,26.28753,0.185574
main,programme_income,low,central,2015,184.976683,32.354887,25.103232,0.174913
main,programme_income,low,central,2016,186.528252,32.633846,25.560335,0.174954
main,programme_income,low,central,2017,178.306076,25.037433,19.961598,0.140418
main,programme_income,low,central,2018,179.352916,24.140692,19.687594,0.134599
main,programme_income,low,central,2019,179.412129,20.640433,17.110785,0.115045
main,programme_income,low,central,2020,338.587867,180.882864,151.966815,0.534227
main,programme_income,low,central,2021,353.659229,211.502152,185.800428,0.598039
main,programme_income,low,central,2022,192.752614,46.855063,44.08884,0.243084
main,programme_income,low,central,2023,193.961717,37.932791,37.014019,0.195568
main,programme_income,low,central,2024,200.682092,31.761732,31.761732,0.158269
main,programme_ex_pandemic,low,central,2005,75.043462,-22.946435,-14.920269,-0.305775
main,programme_ex_pandemic,low,central,2006,75.108259,-28.173626,-18.88402,-0.375107
main,programme_ex_pandemic,low,central,2007,80.596118,-32.242608,-22.196933,-0.400052
main,programme_ex_pandemic,low,central,2008,121.516798,-3.153335,-2.2127,-0.02595
main,programme_ex_pandemic,low,central,2009,169.091158,39.913042,28.179827,0.236045
main,programme_ex_pandemic,low,central,2010,190.518701,61.035692,43.616665,0.320366
main,programme_ex_pandemic,low,central,2011,178.57562,49.411157,36.038062,0.276696
main,programme_ex_pandemic,low,central,2012,158.609246,28.783462,21.384275,0.181474
main,programme_ex_pandemic,low,central,2013,137.653244,4.000606,3.022782,0.029063
main,programme_ex_pandemic,low,central,2014,137.580452,0.982127,0.754996,0.007139
main,programme_ex_pandemic,low,central,2015,139.190763,-0.365602,-0.283661,-0.002627
main,programme_ex_pandemic,low,central,2016,145.815055,3.583366,2.806658,0.024575
main,programme_ex_pandemic,low,central,2017,142.921604,-0.128136,-0.102159,-0.000897
main,programme_ex_pandemic,low,central,2018,146.49218,0.874995,0.713589,0.005973
main,programme_ex_pandemic,low,central,2019,150.921483,0.49358,0.409175,0.00327
main,programme_ex_pandemic,low,central,2020,165.190755,18.905956,15.883638,0.114449
main,programme_ex_pandemic,low,central,2021,165.190755,18.905956,16.608506,0.114449
main,programme_ex_pandemic,low,central,2022,179.460027,37.318331,35.115137,0.207948
main,programme_ex_pandemic,low,central,2023,186.519953,32.618433,31.82838,0.174879
main,programme_ex_pandemic,low,central,2024,200.682092,31.761732,31.761732,0.158269
main,programme_income_ex_pandemic,low,central,2005,107.738783,-0.066686,-0.043361,-0.000619
main,programme_income_ex_pandemic,low,central,2006,110.850557,-3.063945,-2.053679,-0.02764
main,programme_income_ex_pandemic,low,central,2007,118.012658,-5.76209,-3.966823,-0.048826
main,programme_income_ex_pandemic,low,central,2008,160.398025,24.422459,17.137273,0.152262
main,programme_income_ex_pandemic,low,central,2009,208.7165,67.596657,47.725305,0.323868
main,programme_income_ex_pandemic,low,central,2010,233.199492,90.886036,64.947995,0.389735
main,programme_income_ex_pandemic,low,central,2011,223.000941,80.186105,58.483792,0.359577
main,programme_income_ex_pandemic,low,central,2012,202.504979,59.143335,43.939723,0.292059
main,programme_income_ex_pandemic,low,central,2013,186.808331,38.76825,29.292549,0.20753
main,programme_income_ex_pandemic,low,central,2014,184.269959,34.19579,26.28753,0.185574
main,programme_income_ex_pandemic,low,central,2015,184.976683,32.354887,25.103232,0.174913
main,programme_income_ex_pandemic,low,central,2016,186.528252,32.633846,25.560335,0.174954
main,programme_income_ex_pandemic,low,central,2017,178.306076,25.037433,19.961598,0.140418
main,programme_income_ex_pandemic,low,central,2018,179.352916,24.140692,19.687594,0.134599
main,programme_income_ex_pandemic,low,central,2019,179.412129,20.640433,17.110785,0.115045
main,programme_income_ex_pandemic,low,central,2020,186.082372,33.747748,28.352811,0.181359
main,programme_income_ex_pandemic,low,central,2021,186.082372,33.747748,29.646724,0.181359
main,programme_income_ex_pandemic,low,central,2022,192.752614,46.855063,44.08884,0.243084
main,programme_income_ex_pandemic,low,central,2023,193.961717,37.932791,37.014019,0.195568
main,programme_income_ex_pandemic,low,central,2024,200.682092,31.761732,31.761732,0.158269
main,programme_pandemic_per_head,low,central,2005,75.043462,-22.946435,-14.920269,-0.305775
main,programme_pandemic_per_head,low,central,2006,75.108259,-28.173626,-18.88402,-0.375107
main,programme_pandemic_per_head,low,central,2007,80.596118,-32.242608,-22.196933,-0.400052
main,programme_pandemic_per_head,low,central,2008,121.516798,-3.153335,-2.2127,-0.02595
main,programme_pandemic_per_head,low,central,2009,169.091158,39.913042,28.179827,0.236045
main,programme_pandemic_per_head,low,central,2010,190.518701,61.035692,43.616665,0.320366
main,programme_pandemic_per_head,low,central,2011,178.57562,49.411157,36.038062,0.276696
main,programme_pandemic_per_head,low,central,2012,158.609246,28.783462,21.384275,0.181474
main,programme_pandemic_per_head,low,central,2013,137.653244,4.000606,3.022782,0.029063
main,programme_pandemic_per_head,low,central,2014,137.580452,0.982127,0.754996,0.007139
main,programme_pandemic_per_head,low,central,2015,139.190763,-0.365602,-0.283661,-0.002627
main,programme_pandemic_per_head,low,central,2016,145.815055,3.583366,2.806658,0.024575
main,programme_pandemic_per_head,low,central,2017,142.921604,-0.128136,-0.102159,-0.000897
main,programme_pandemic_per_head,low,central,2018,146.49218,0.874995,0.713589,0.005973
main,programme_pandemic_per_head,low,central,2019,150.921483,0.49358,0.409175,0.00327
main,programme_pandemic_per_head,low,central,2020,304.80283,153.420501,128.894602,0.503343
main,programme_pandemic_per_head,low,central,2021,307.664788,170.355799,149.654176,0.553706
main,programme_pandemic_per_head,low,central,2022,173.189045,31.047349,29.21438,0.179269
main,programme_pandemic_per_head,low,central,2023,186.519953,32.618433,31.82838,0.174879
main,programme_pandemic_per_head,low,central,2024,200.682092,31.761732,31.761732,0.158269
main,programme_income_pandemic_per_head,low,central,2005,107.738783,-0.066686,-0.043361,-0.000619
main,programme_income_pandemic_per_head,low,central,2006,110.850557,-3.063945,-2.053679,-0.02764
main,programme_income_pandemic_per_head,low,central,2007,118.012658,-5.76209,-3.966823,-0.048826
main,programme_income_pandemic_per_head,low,central,2008,160.398025,24.422459,17.137273,0.152262
main,programme_income_pandemic_per_head,low,central,2009,208.7165,67.596657,47.725305,0.323868
main,programme_income_pandemic_per_head,low,central,2010,233.199492,90.886036,64.947995,0.389735
main,programme_income_pandemic_per_head,low,central,2011,223.000941,80.186105,58.483792,0.359577
main,programme_income_pandemic_per_head,low,central,2012,202.504979,59.143335,43.939723,0.292059
main,programme_income_pandemic_per_head,low,central,2013,186.808331,38.76825,29.292549,0.20753
main,programme_income_pandemic_per_head,low,central,2014,184.269959,34.19579,26.28753,0.185574
main,programme_income_pandemic_per_head,low,central,2015,184.976683,32.354887,25.103232,0.174913
main,programme_income_pandemic_per_head,low,central,2016,186.528252,32.633846,25.560335,0.174954
main,programme_income_pandemic_per_head,low,central,2017,178.306076,25.037433,19.961598,0.140418
main,programme_income_pandemic_per_head,low,central,2018,179.352916,24.140692,19.687594,0.134599
main,programme_income_pandemic_per_head,low,central,2019,179.412129,20.640433,17.110785,0.115045
main,programme_income_pandemic_per_head,low,central,2020,326.533895,168.828892,141.839798,0.517033
main,programme_income_pandemic_per_head,low,central,2021,324.310486,182.153409,160.018142,0.561664
main,programme_income_pandemic_per_head,low,central,2022,186.481632,40.58408,38.188083,0.21763
main,programme_income_pandemic_per_head,low,central,2023,193.961717,37.932791,37.014019,0.195568
main,programme_income_pandemic_per_head,low,central,2024,200.682092,31.761732,31.761732,0.158269
main,whole_flat,low,central,2005,137.844748,21.816535,14.185583,0.158269
main,whole_flat,low,central,2006,145.862822,23.085547,15.473618,0.158269
main,whole_flat,low,central,2007,150.122614,23.759739,16.357031,0.158269
main,whole_flat,low,central,2008,158.211605,25.039975,17.570585,0.158269
main,whole_flat,low,central,2009,163.108049,25.81493,18.226129,0.158269
main,whole_flat,low,central,2010,169.489246,26.824875,19.169302,0.158269
main,whole_flat,low,central,2011,172.722845,27.336653,19.938007,0.158269
main,whole_flat,low,central,2012,175.196837,27.728209,20.60029,0.158269
main,whole_flat,low,central,2013,178.014823,28.174209,21.287894,0.158269
main,whole_flat,low,central,2014,181.795279,28.772537,22.118481,0.158269
main,whole_flat,low,central,2015,184.247796,29.160694,22.624949,0.158269
main,whole_flat,low,central,2016,186.607722,29.534197,23.132547,0.158269
main,whole_flat,low,central,2017,188.730526,29.870171,23.814596,0.158269
main,whole_flat,low,central,2018,190.370598,30.129743,24.571878,0.158269
main,whole_flat,low,central,2019,191.39839,30.292411,25.112212,0.158269
main,whole_flat,low,central,2020,191.52584,30.312582,25.466793,0.158269
main,whole_flat,low,central,2021,191.65339,30.332769,26.646734,0.158269
main,whole_flat,low,central,2022,192.574107,30.47849,28.679106,0.158269
main,whole_flat,low,central,2023,195.542518,30.948297,30.198696,0.158269
main,whole_flat,low,central,2024,200.682076,31.761729,31.761729,0.158269
main,whole_ratio,low,central,2005,66.204448,10.478105,6.81309,0.158269
main,whole_ratio,low,central,2006,62.755422,9.932231,6.657306,0.158269
main,whole_ratio,low,central,2007,71.005414,11.237948,7.736595,0.158269
main,whole_ratio,low,central,2008,111.452405,17.639448,12.377625,0.158269
main,whole_ratio,low,central,2009,174.015249,27.5412,19.444929,0.158269
main,whole_ratio,low,central,2010,183.144646,28.9861,20.713733,0.158269
main,whole_ratio,low,central,2011,173.002045,27.380842,19.970236,0.158269
main,whole_ratio,low,central,2012,159.193037,25.195305,18.718504,0.158269
main,whole_ratio,low,central,2013,123.003323,19.467599,14.709346,0.158269
main,whole_ratio,low,central,2014,118.674079,18.782415,14.438716,0.158269
main,whole_ratio,low,central,2015,115.423396,18.267933,14.173567,0.158269
main,whole_ratio,low,central,2016,126.922322,20.087855,15.733735,0.158269
main,whole_ratio,low,central,2017,130.810426,20.703221,16.50606,0.158269
main,whole_ratio,low,central,2018,141.885898,22.456124,18.313768,0.158269
main,whole_ratio,low,central,2019,153.40599,24.279396,20.127462,0.158269
main,whole_ratio,low,central,2020,291.71054,46.168703,38.788145,0.158269
main,whole_ratio,low,central,2021,257.32439,40.726446,35.777371,0.158269
main,whole_ratio,low,central,2022,127.170907,20.127198,18.938932,0.158269
main,whole_ratio,low,central,2023,184.013118,29.123552,28.418148,0.158269
main,whole_ratio,low,central,2024,200.682076,31.761729,31.761729,0.158269
main,whole_income,low,central,2005,107.489748,17.012283,11.061755,0.158269
main,whole_income,low,central,2006,108.550922,17.180234,11.515447,0.158269
main,whole_income,low,central,2007,118.693714,18.785522,12.932607,0.158269
main,whole_income,low,central,2008,159.317205,25.214957,17.69337,0.158269
main,whole_income,low,central,2009,222.614349,35.232926,24.875522,0.158269
main,whole_income,low,central,2010,236.416746,37.417416,26.738829,0.158269
main,whole_income,low,central,2011,229.090845,36.257954,26.444764,0.158269
main,whole_income,low,central,2012,214.857337,34.005232,25.263717,0.158269
main,whole_income,low,central,2013,185.691123,29.389128,22.205864,0.158269
main,whole_income,low,central,2014,177.887979,28.154133,21.643091,0.158269
main,whole_income,low,central,2015,172.913196,27.36678,21.233102,0.158269
main,whole_income,low,central,2016,177.537422,28.098651,22.00816,0.158269
main,whole_income,low,central,2017,173.994026,27.537841,21.955099,0.158269
main,whole_income,low,central,2018,181.623498,28.745349,23.442856,0.158269
main,whole_income,low,central,2019,187.59409,29.690308,24.613073,0.158269
main,whole_income,low,central,2020,318.06984,50.34056,42.293086,0.158269
main,whole_income,low,central,2021,277.84049,43.973506,38.629849,0.158269
main,whole_income,low,central,2022,143.681507,22.740313,21.397773,0.158269
main,whole_income,low,central,2023,193.056018,30.554762,29.814693,0.158269
main,whole_income,low,central,2024,200.682076,31.761729,31.761729,0.158269
main,whole_ratio_federal_series,low,central,2005,66.204448,-15.477859,-10.064039,-0.233789
main,whole_ratio_federal_series,low,central,2006,62.755422,-23.577853,-15.803598,-0.37571
main,whole_ratio_federal_series,low,central,2007,71.005414,-22.985701,-15.824157,-0.323718
main,whole_ratio_federal_series,low,central,2008,111.452405,0.541712,0.38012,0.00486
main,whole_ratio_federal_series,low,central,2009,174.015249,44.889539,31.693386,0.257963
main,whole_ratio_federal_series,low,central,2010,183.144646,47.406416,33.87706,0.258847
main,whole_ratio_federal_series,low,central,2011,173.002045,39.63399,28.907078,0.229095
main,whole_ratio_federal_series,low,central,2012,159.193037,27.043991,20.091959,0.169882
main,whole_ratio_federal_series,low,central,2013,123.003323,-7.179693,-5.424839,-0.05837
main,whole_ratio_federal_series,low,central,2014,118.674079,-11.994558,-9.220646,-0.101071
main,whole_ratio_federal_series,low,central,2015,115.423396,-16.508786,-12.808695,-0.143028
main,whole_ratio_federal_series,low,central,2016,126.922322,-9.818237,-7.690097,-0.077356
main,whole_ratio_federal_series,low,central,2017,130.810426,-6.072232,-4.841209,-0.04642
main,whole_ratio_federal_series,low,central,2018,141.885898,3.065213,2.49979,0.021603
main,whole_ratio_federal_series,low,central,2019,153.40599,9.404719,7.796451,0.061306
main,whole_ratio_federal_series,low,central,2020,291.71054,118.710149,99.733069,0.406945
main,whole_ratio_federal_series,low,central,2021,257.32439,99.460283,87.373878,0.386517
main,whole_ratio_federal_series,low,central,2022,127.170907,-9.885766,-9.302131,-0.077736
main,whole_ratio_federal_series,low,central,2023,184.013118,28.397405,27.70959,0.154323
main,whole_ratio_federal_series,low,central,2024,200.682076,31.761732,31.761732,0.158269
main,whole_income_federal_series,low,central,2005,107.489748,10.438925,6.787615,0.097116
main,whole_income_federal_series,low,central,2006,108.550922,5.450959,3.653631,0.050216
main,whole_income_federal_series,low,central,2007,118.693714,7.295373,5.022389,0.061464
main,whole_income_federal_series,low,central,2008,159.317205,30.555442,21.440796,0.19179
main,whole_income_federal_series,low,central,2009,222.614349,74.411702,52.536935,0.334263
main,whole_income_federal_series,low,central,2010,236.416746,80.614304,57.607721,0.340984
main,whole_income_federal_series,low,central,2011,229.090845,74.676568,54.465407,0.325969
main,whole_income_federal_series,low,central,2012,214.857337,61.997634,46.060286,0.288553
main,whole_income_federal_series,low,central,2013,185.691123,33.626623,25.407634,0.181089
main,whole_income_federal_series,low,central,2014,177.887979,26.695049,20.521441,0.150067
main,whole_income_federal_series,low,central,2015,172.913196,21.061039,16.340658,0.121801
main,whole_income_federal_series,low,central,2016,177.537422,23.118123,18.107181,0.130215
main,whole_income_federal_series,low,central,2017,173.994026,21.716468,17.313892,0.124812
main,whole_income_federal_series,low,central,2018,181.623498,28.359156,23.127902,0.156143
main,whole_income_federal_series,low,central,2019,187.59409,30.978731,25.681168,0.165137
main,whole_income_federal_series,low,central,2020,318.06984,135.376818,113.735394,0.42562
main,whole_income_federal_series,low,central,2021,277.84049,112.666765,98.97551,0.405509
main,whole_income_federal_series,low,central,2022,143.681507,0.866825,0.81565,0.006033
main,whole_income_federal_series,low,central,2023,193.056018,34.224113,33.395169,0.177276
main,whole_income_federal_series,low,central,2024,200.682076,31.761732,31.761732,0.158269
main,programme,low,low,2005,75.043462,-36.373787,-23.651024,-0.484703
main,programme,low,low,2006,75.108259,-42.120193,-28.232027,-0.560793
main,programme,low,low,2007,80.596118,-45.85492,-31.568123,-0.568947
main,programme,low,low,2008,121.516798,-17.265917,-12.115518,-0.142087
main,programme,low,low,2009,169.091158,22.182173,15.661292,0.131185
main,programme,low,low,2010,190.518701,40.757228,29.125489,0.213928
main,programme,low,low,2011,178.57562,31.055923,22.65066,0.173909
main,programme,low,low,2012,158.609246,13.477943,10.013252,0.084976
main,programme,low,low,2013,137.653244,-10.700795,-8.085316,-0.077737
main,programme,low,low,2014,137.580452,-13.322805,-10.241718,-0.096836
main,programme,low,low,2015,139.190763,-14.267344,-11.069625,-0.102502
main,programme,low,low,2016,145.815055,-10.269284,-8.043378,-0.070427
main,programme,low,low,2017,142.921604,-13.992278,-11.155625,-0.097902
main,programme,low,low,2018,146.49218,-13.048207,-10.641277,-0.089071
main,programme,low,low,2019,150.921483,-13.4627,-11.160491,-0.089203
main,programme,low,low,2020,316.856802,148.052818,124.385,0.467255
main,programme,low,low,2021,337.013531,174.191039,153.023359,0.516867
main,programme,low,low,2022,179.460027,11.699922,11.009184,0.065195
main,programme,low,low,2023,186.519953,8.093464,7.897431,0.043392
main,programme,low,low,2024,200.682092,9.707125,9.707125,0.048371
main,programme_income,low,low,2005,107.738783,-13.494039,-8.774116,-0.125248
main,programme_income,low,low,2006,110.850557,-17.010512,-11.401686,-0.153454
main,programme_income,low,low,2007,118.012658,-19.374402,-13.338012,-0.164172
main,programme_income,low,low,2008,160.398025,10.309878,7.234455,0.064277
main,programme_income,low,low,2009,208.7165,49.865787,35.206769,0.238916
main,programme_income,low,low,2010,233.199492,70.607573,50.45682,0.302778
main,programme_income,low,low,2011,223.000941,61.830871,45.096389,0.277267
main,programme_income,low,low,2012,202.504979,43.837816,32.5687,0.216478
main,programme_income,low,low,2013,186.808331,24.066848,18.184451,0.128832
main,programme_income,low,low,2014,184.269959,19.890858,15.290815,0.107944
main,programme_income,low,low,2015,184.976683,18.453145,14.317268,0.099759
main,programme_income,low,low,2016,186.528252,18.781196,14.710299,0.100688
main,programme_income,low,low,2017,178.306076,11.173291,8.908132,0.062664
main,programme_income,low,low,2018,179.352916,10.21749,8.332727,0.056969
main,programme_income,low,low,2019,179.412129,6.684153,5.541119,0.037256
main,programme_income,low,low,2020,338.587867,163.461209,137.330196,0.482773
main,programme_income,low,low,2021,353.659229,185.988649,163.387324,0.525898
main,programme_income,low,low,2022,192.752614,21.236653,19.982887,0.110176
main,programme_income,low,low,2023,193.961717,13.407822,13.08307,0.069126
main,programme_income,low,low,2024,200.682092,9.707125,9.707125,0.048371
main,programme_ex_pandemic,low,low,2005,75.043462,-36.373787,-23.651024,-0.484703
main,programme_ex_pandemic,low,low,2006,75.108259,-42.120193,-28.232027,-0.560793
main,programme_ex_pandemic,low,low,2007,80.596118,-45.85492,-31.568123,-0.568947
main,programme_ex_pandemic,low,low,2008,121.516798,-17.265917,-12.115518,-0.142087
main,programme_ex_pandemic,low,low,2009,169.091158,22.182173,15.661292,0.131185
main,programme_ex_pandemic,low,low,2010,190.518701,40.757228,29.125489,0.213928
main,programme_ex_pandemic,low,low,2011,178.57562,31.055923,22.65066,0.173909
main,programme_ex_pandemic,low,low,2012,158.609246,13.477943,10.013252,0.084976
main,programme_ex_pandemic,low,low,2013,137.653244,-10.700795,-8.085316,-0.077737
main,programme_ex_pandemic,low,low,2014,137.580452,-13.322805,-10.241718,-0.096836
main,programme_ex_pandemic,low,low,2015,139.190763,-14.267344,-11.069625,-0.102502
main,programme_ex_pandemic,low,low,2016,145.815055,-10.269284,-8.043378,-0.070427
main,programme_ex_pandemic,low,low,2017,142.921604,-13.992278,-11.155625,-0.097902
main,programme_ex_pandemic,low,low,2018,146.49218,-13.048207,-10.641277,-0.089071
main,programme_ex_pandemic,low,low,2019,150.921483,-13.4627,-11.160491,-0.089203
main,programme_ex_pandemic,low,low,2020,165.190755,-0.881389,-0.74049,-0.005336
main,programme_ex_pandemic,low,low,2021,165.190755,-0.881389,-0.774283,-0.005336
main,programme_ex_pandemic,low,low,2022,179.460027,11.699922,11.009184,0.065195
main,programme_ex_pandemic,low,low,2023,186.519953,8.093464,7.897431,0.043392
main,programme_ex_pandemic,low,low,2024,200.682092,9.707125,9.707125,0.048371
main,programme_income_ex_pandemic,low,low,2005,107.738783,-13.494039,-8.774116,-0.125248
main,programme_income_ex_pandemic,low,low,2006,110.850557,-17.010512,-11.401686,-0.153454
main,programme_income_ex_pandemic,low,low,2007,118.012658,-19.374402,-13.338012,-0.164172
main,programme_income_ex_pandemic,low,low,2008,160.398025,10.309878,7.234455,0.064277
main,programme_income_ex_pandemic,low,low,2009,208.7165,49.865787,35.206769,0.238916
main,programme_income_ex_pandemic,low,low,2010,233.199492,70.607573,50.45682,0.302778
main,programme_income_ex_pandemic,low,low,2011,223.000941,61.830871,45.096389,0.277267
main,programme_income_ex_pandemic,low,low,2012,202.504979,43.837816,32.5687,0.216478
main,programme_income_ex_pandemic,low,low,2013,186.808331,24.066848,18.184451,0.128832
main,programme_income_ex_pandemic,low,low,2014,184.269959,19.890858,15.290815,0.107944
main,programme_income_ex_pandemic,low,low,2015,184.976683,18.453145,14.317268,0.099759
main,programme_income_ex_pandemic,low,low,2016,186.528252,18.781196,14.710299,0.100688
main,programme_income_ex_pandemic,low,low,2017,178.306076,11.173291,8.908132,0.062664
main,programme_income_ex_pandemic,low,low,2018,179.352916,10.21749,8.332727,0.056969
main,programme_income_ex_pandemic,low,low,2019,179.412129,6.684153,5.541119,0.037256
main,programme_income_ex_pandemic,low,low,2020,186.082372,13.960403,11.728684,0.075023
main,programme_income_ex_pandemic,low,low,2021,186.082372,13.960403,12.263936,0.075023
main,programme_income_ex_pandemic,low,low,2022,192.752614,21.236653,19.982887,0.110176
main,programme_income_ex_pandemic,low,low,2023,193.961717,13.407822,13.08307,0.069126
main,programme_income_ex_pandemic,low,low,2024,200.682092,9.707125,9.707125,0.048371
main,programme_pandemic_per_head,low,low,2005,75.043462,-36.373787,-23.651024,-0.484703
main,programme_pandemic_per_head,low,low,2006,75.108259,-42.120193,-28.232027,-0.560793
main,programme_pandemic_per_head,low,low,2007,80.596118,-45.85492,-31.568123,-0.568947
main,programme_pandemic_per_head,low,low,2008,121.516798,-17.265917,-12.115518,-0.142087
main,programme_pandemic_per_head,low,low,2009,169.091158,22.182173,15.661292,0.131185
main,programme_pandemic_per_head,low,low,2010,190.518701,40.757228,29.125489,0.213928
main,programme_pandemic_per_head,low,low,2011,178.57562,31.055923,22.65066,0.173909
main,programme_pandemic_per_head,low,low,2012,158.609246,13.477943,10.013252,0.084976
main,programme_pandemic_per_head,low,low,2013,137.653244,-10.700795,-8.085316,-0.077737
main,programme_pandemic_per_head,low,low,2014,137.580452,-13.322805,-10.241718,-0.096836
main,programme_pandemic_per_head,low,low,2015,139.190763,-14.267344,-11.069625,-0.102502
main,programme_pandemic_per_head,low,low,2016,145.815055,-10.269284,-8.043378,-0.070427
main,programme_pandemic_per_head,low,low,2017,142.921604,-13.992278,-11.155625,-0.097902
main,programme_pandemic_per_head,low,low,2018,146.49218,-13.048207,-10.641277,-0.089071
main,programme_pandemic_per_head,low,low,2019,150.921483,-13.4627,-11.160491,-0.089203
main,programme_pandemic_per_head,low,low,2020,304.80283,135.998846,114.257984,0.446186
main,programme_pandemic_per_head,low,low,2021,307.664788,144.842296,127.241072,0.47078
main,programme_pandemic_per_head,low,low,2022,173.189045,5.428939,5.108426,0.031347
main,programme_pandemic_per_head,low,low,2023,186.519953,8.093464,7.897431,0.043392
main,programme_pandemic_per_head,low,low,2024,200.682092,9.707125,9.707125,0.048371
main,programme_income_pandemic_per_head,low,low,2005,107.738783,-13.494039,-8.774116,-0.125248
main,programme_income_pandemic_per_head,low,low,2006,110.850557,-17.010512,-11.401686,-0.153454
main,programme_income_pandemic_per_head,low,low,2007,118.012658,-19.374402,-13.338012,-0.164172
main,programme_income_pandemic_per_head,low,low,2008,160.398025,10.309878,7.234455,0.064277
main,programme_income_pandemic_per_head,low,low,2009,208.7165,49.865787,35.206769,0.238916
main,programme_income_pandemic_per_head,low,low,2010,233.199492,70.607573,50.45682,0.302778
main,programme_income_pandemic_per_head,low,low,2011,223.000941,61.830871,45.096389,0.277267
main,programme_income_pandemic_per_head,low,low,2012,202.504979,43.837816,32.5687,0.216478
main,programme_income_pandemic_per_head,low,low,2013,186.808331,24.066848,18.184451,0.128832
main,programme_income_pandemic_per_head,low,low,2014,184.269959,19.890858,15.290815,0.107944
main,programme_income_pandemic_per_head,low,low,2015,184.976683,18.453145,14.317268,0.099759
main,programme_income_pandemic_per_head,low,low,2016,186.528252,18.781196,14.710299,0.100688
main,programme_income_pandemic_per_head,low,low,2017,178.306076,11.173291,8.908132,0.062664
main,programme_income_pandemic_per_head,low,low,2018,179.352916,10.21749,8.332727,0.056969
main,programme_income_pandemic_per_head,low,low,2019,179.412129,6.684153,5.541119,0.037256
main,programme_income_pandemic_per_head,low,low,2020,326.533895,151.407237,127.20318,0.46368
main,programme_income_pandemic_per_head,low,low,2021,324.310486,156.639906,137.605038,0.482994
main,programme_income_pandemic_per_head,low,low,2022,186.481632,14.965671,14.08213,0.080253
main,programme_income_pandemic_per_head,low,low,2023,193.961717,13.407822,13.08307,0.069126
main,programme_income_pandemic_per_head,low,low,2024,200.682092,9.707125,9.707125,0.048371
main,whole_flat,low,low,2005,137.844748,6.667641,4.335445,0.048371
main,whole_flat,low,low,2006,145.862822,7.055481,4.729098,0.048371
main,whole_flat,low,low,2007,150.122614,7.26153,4.99909,0.048371
main,whole_flat,low,low,2008,158.211605,7.652799,5.36998,0.048371
main,whole_flat,low,low,2009,163.108049,7.889644,5.570329,0.048371
main,whole_flat,low,low,2010,169.489246,8.198306,5.858585,0.048371
main,whole_flat,low,low,2011,172.722845,8.354718,6.093519,0.048371
main,whole_flat,low,low,2012,175.196837,8.474386,6.295928,0.048371
main,whole_flat,low,low,2013,178.014823,8.610694,6.506076,0.048371
main,whole_flat,low,low,2014,181.795279,8.793557,6.759923,0.048371
main,whole_flat,low,low,2015,184.247796,8.912187,6.914711,0.048371
main,whole_flat,low,low,2016,186.607722,9.026338,7.069845,0.048371
main,whole_flat,low,low,2017,188.730526,9.12902,7.278295,0.048371
main,whole_flat,low,low,2018,190.370598,9.208351,7.509738,0.048371
main,whole_flat,low,low,2019,191.39839,9.258066,7.674877,0.048371
main,whole_flat,low,low,2020,191.52584,9.264231,7.783245,0.048371
main,whole_flat,low,low,2021,191.65339,9.270401,8.143862,0.048371
main,whole_flat,low,low,2022,192.574107,9.314936,8.765002,0.048371
main,whole_flat,low,low,2023,195.542518,9.45852,9.229425,0.048371
main,whole_flat,low,low,2024,200.682076,9.707124,9.707124,0.048371
main,whole_ratio,low,low,2005,66.204448,3.202353,2.082239,0.048371
main,whole_ratio,low,low,2006,62.755422,3.035521,2.034628,0.048371
main,whole_ratio,low,low,2007,71.005414,3.434579,2.364483,0.048371
main,whole_ratio,low,low,2008,111.452405,5.391026,3.78289,0.048371
main,whole_ratio,low,low,2009,174.015249,8.417232,5.942823,0.048371
main,whole_ratio,low,low,2010,183.144646,8.858827,6.330599,0.048371
main,whole_ratio,low,low,2011,173.002045,8.368223,6.103369,0.048371
main,whole_ratio,low,low,2012,159.193037,7.700272,5.720811,0.048371
main,whole_ratio,low,low,2013,123.003323,5.949752,4.495519,0.048371
main,whole_ratio,low,low,2014,118.674079,5.740343,4.412808,0.048371
main,whole_ratio,low,low,2015,115.423396,5.583106,4.331772,0.048371
main,whole_ratio,low,low,2016,126.922322,6.139316,4.808596,0.048371
main,whole_ratio,low,low,2017,130.810426,6.327386,5.044636,0.048371
main,whole_ratio,low,low,2018,141.885898,6.863114,5.597114,0.048371
main,whole_ratio,low,low,2019,153.40599,7.420349,6.151421,0.048371
main,whole_ratio,low,low,2020,291.71054,14.110231,11.85456,0.048371
main,whole_ratio,low,low,2021,257.32439,12.44695,10.934398,0.048371
main,whole_ratio,low,low,2022,127.170907,6.15134,5.788179,0.048371
main,whole_ratio,low,low,2023,184.013118,8.900836,8.685248,0.048371
main,whole_ratio,low,low,2024,200.682076,9.707124,9.707124,0.048371
main,whole_income,low,low,2005,107.489748,5.19935,3.38073,0.048371
main,whole_income,low,low,2006,108.550922,5.25068,3.519389,0.048371
main,whole_income,low,low,2007,118.693714,5.741293,3.952506,0.048371
main,whole_income,low,low,2008,159.317205,7.706278,5.407506,0.048371
main,whole_income,low,low,2009,222.614349,10.768003,7.602539,0.048371
main,whole_income,low,low,2010,236.416746,11.435634,8.172009,0.048371
main,whole_income,low,low,2011,229.090845,11.081275,8.082136,0.048371
main,whole_income,low,low,2012,214.857337,10.392791,7.72118,0.048371
main,whole_income,low,low,2013,185.691123,8.982002,6.786629,0.048371
main,whole_income,low,low,2014,177.887979,8.604559,6.614633,0.048371
main,whole_income,low,low,2015,172.913196,8.363925,6.48933,0.048371
main,whole_income,low,low,2016,177.537422,8.587602,6.726206,0.048371
main,whole_income,low,low,2017,173.994026,8.416206,6.709989,0.048371
main,whole_income,low,low,2018,181.623498,8.785248,7.164683,0.048371
main,whole_income,low,low,2019,187.59409,9.07405,7.522328,0.048371
main,whole_income,low,low,2020,318.06984,15.385247,12.925752,0.048371
main,whole_income,low,low,2021,277.84049,13.439327,11.806181,0.048371
main,whole_income,low,low,2022,143.681507,6.949969,6.539658,0.048371
main,whole_income,low,low,2023,193.056018,9.338247,9.112064,0.048371
main,whole_income,low,low,2024,200.682076,9.707124,9.707124,0.048371
main,whole_ratio_federal_series,low,low,2005,66.204448,-25.339707,-16.476426,-0.382749
main,whole_ratio_federal_series,low,low,2006,62.755422,-34.231626,-22.944534,-0.545477
main,whole_ratio_federal_series,low,low,2007,71.005414,-34.200202,-23.544609,-0.481656
main,whole_ratio_federal_series,low,low,2008,111.452405,-12.039681,-8.448261,-0.108025
main,whole_ratio_federal_series,low,low,2009,174.015249,31.002793,21.888919,0.178161
main,whole_ratio_federal_series,low,low,2010,183.144646,32.135889,22.964601,0.175467
main,whole_ratio_federal_series,low,low,2011,173.002045,24.333309,17.747516,0.140653
main,whole_ratio_federal_series,low,low,2012,159.193037,12.061551,8.960963,0.075767
main,whole_ratio_federal_series,low,low,2013,123.003323,-22.023515,-16.640547,-0.179048
main,whole_ratio_federal_series,low,low,2014,118.674079,-27.240945,-20.941091,-0.229544
main,whole_ratio_federal_series,low,low,2015,115.423396,-32.157941,-24.950427,-0.278609
main,whole_ratio_federal_series,low,low,2016,126.922322,-25.872932,-20.264875,-0.203849
main,whole_ratio_federal_series,low,low,2017,130.810426,-22.346103,-17.81588,-0.170828
main,whole_ratio_federal_series,low,low,2018,141.885898,-13.824529,-11.274396,-0.097434
main,whole_ratio_federal_series,low,low,2019,153.40599,-8.171078,-6.77377,-0.053264
main,whole_ratio_federal_series,low,low,2020,291.71054,94.264843,79.195605,0.323145
main,whole_ratio_federal_series,low,low,2021,257.32439,74.134888,65.126022,0.288099
main,whole_ratio_federal_series,low,low,2022,127.170907,-29.816957,-28.056628,-0.234464
main,whole_ratio_federal_series,low,low,2023,184.013118,7.801164,7.612211,0.042395
main,whole_ratio_federal_series,low,low,2024,200.682076,9.707125,9.707125,0.048371
main,whole_income_federal_series,low,low,2005,107.489748,0.577077,0.375228,0.005369
main,whole_income_federal_series,low,low,2006,108.550922,-5.202813,-3.487305,-0.04793
main,whole_income_federal_series,low,low,2007,118.693714,-3.919128,-2.698064,-0.033019
main,whole_income_federal_series,low,low,2008,159.317205,17.974049,12.612415,0.112819
main,whole_income_federal_series,low,low,2009,222.614349,60.524956,42.732468,0.271883
main,whole_income_federal_series,low,low,2010,236.416746,65.343777,46.695263,0.276392
main,whole_income_federal_series,low,low,2011,229.090845,59.375887,43.305845,0.259181
main,whole_income_federal_series,low,low,2012,214.857337,47.015194,34.929289,0.218821
main,whole_income_federal_series,low,low,2013,185.691123,18.782801,14.191926,0.101151
main,whole_income_federal_series,low,low,2014,177.887979,11.448662,8.800997,0.064359
main,whole_income_federal_series,low,low,2015,172.913196,5.411885,4.198927,0.031298
main,whole_income_federal_series,low,low,2016,177.537422,7.063428,5.532403,0.039786
main,whole_income_federal_series,low,low,2017,173.994026,5.442598,4.339221,0.03128
main,whole_income_federal_series,low,low,2018,181.623498,11.469414,9.353716,0.063149
main,whole_income_federal_series,low,low,2019,187.59409,13.402935,11.110946,0.071446
main,whole_income_federal_series,low,low,2020,318.06984,110.931512,93.197929,0.348765
main,whole_income_federal_series,low,low,2021,277.84049,87.34137,76.727654,0.314358
main,whole_income_federal_series,low,low,2022,143.681507,-19.064366,-17.938846,-0.132685
main,whole_income_federal_series,low,low,2023,193.056018,13.627872,13.297791,0.07059
main,whole_income_federal_series,low,low,2024,200.682076,9.707125,9.707125,0.048371
main,programme,low,high,2005,75.043462,-18.335231,-11.921964,-0.244328
main,programme,low,high,2006,75.108259,-23.344074,-15.646902,-0.310806
main,programme,low,high,2007,80.596118,-27.506222,-18.93624,-0.341285
main,programme,low,high,2008,121.516798,1.444102,1.013328,0.011884
main,programme,low,high,2009,169.091158,47.087582,33.245272,0.278475
main,programme,low,high,2010,190.518701,69.243567,49.482088,0.363448
main,programme,low,high,2011,178.57562,56.62569,41.299987,0.317096
main,programme,low,high,2012,158.609246,34.81933,25.86854,0.219529
main,programme,low,high,2013,137.653244,9.678793,7.313111,0.070313
main,programme,low,high,2014,137.580452,6.728344,5.172319,0.048905
main,programme,low,high,2015,139.190763,5.671129,4.400067,0.040744
main,programme,low,high,2016,145.815055,9.855755,7.719482,0.067591
main,programme,low,high,2017,142.921604,5.993717,4.778612,0.041937
main,programme,low,high,2018,146.49218,7.79188,6.354556,0.05319
main,programme,low,high,2019,150.921483,7.656474,6.347167,0.050732
main,programme,low,high,2020,316.856802,175.575443,147.507841,0.554116
main,programme,low,high,2021,337.013531,211.608499,185.893852,0.627893
main,programme,low,high,2022,179.460027,49.223901,46.317828,0.274289
main,programme,low,high,2023,186.519953,43.628507,42.571778,0.233908
main,programme,low,high,2024,200.682092,42.59052,42.59052,0.212229
main,programme_income,low,high,2005,107.738783,4.544517,2.954944,0.042181
main,programme_income,low,high,2006,110.850557,1.765607,1.183439,0.015928
main,programme_income,low,high,2007,118.012658,-1.025703,-0.70613,-0.008691
main,programme_income,low,high,2008,160.398025,29.019897,20.363302,0.180924
main,programme_income,low,high,2009,208.7165,74.771197,52.790749,0.358243
main,programme_income,low,high,2010,233.199492,99.093911,70.813418,0.424932
main,programme_income,low,high,2011,223.000941,87.400638,63.745717,0.391929
main,programme_income,low,high,2012,202.504979,65.179203,48.423988,0.321865
main,programme_income,low,high,2013,186.808331,44.446436,33.582878,0.237925
main,programme_income,low,high,2014,184.269959,39.942007,30.704853,0.216758
main,programme_income,low,high,2015,184.976683,38.391618,29.786959,0.207548
main,programme_income,low,high,2016,186.528252,38.906235,30.473159,0.208581
main,programme_income,low,high,2017,178.306076,31.159286,24.842369,0.174752
main,programme_income,low,high,2018,179.352916,31.057577,25.32856,0.173165
main,programme_income,low,high,2019,179.412129,27.803327,23.048778,0.154969
main,programme_income,low,high,2020,338.587867,190.983835,160.453037,0.56406
main,programme_income,low,high,2021,353.659229,223.406109,196.257817,0.631699
main,programme_income,low,high,2022,192.752614,58.760633,55.291531,0.30485
main,programme_income,low,high,2023,193.961717,48.942865,47.757417,0.252333
main,programme_income,low,high,2024,200.682092,42.59052,42.59052,0.212229
main,programme_ex_pandemic,low,high,2005,75.043462,-18.335231,-11.921964,-0.244328
main,programme_ex_pandemic,low,high,2006,75.108259,-23.344074,-15.646902,-0.310806
main,programme_ex_pandemic,low,high,2007,80.596118,-27.506222,-18.93624,-0.341285
main,programme_ex_pandemic,low,high,2008,121.516798,1.444102,1.013328,0.011884
main,programme_ex_pandemic,low,high,2009,169.091158,47.087582,33.245272,0.278475
main,programme_ex_pandemic,low,high,2010,190.518701,69.243567,49.482088,0.363448
main,programme_ex_pandemic,low,high,2011,178.57562,56.62569,41.299987,0.317096
main,programme_ex_pandemic,low,high,2012,158.609246,34.81933,25.86854,0.219529
main,programme_ex_pandemic,low,high,2013,137.653244,9.678793,7.313111,0.070313
main,programme_ex_pandemic,low,high,2014,137.580452,6.728344,5.172319,0.048905
main,programme_ex_pandemic,low,high,2015,139.190763,5.671129,4.400067,0.040744
main,programme_ex_pandemic,low,high,2016,145.815055,9.855755,7.719482,0.067591
main,programme_ex_pandemic,low,high,2017,142.921604,5.993717,4.778612,0.041937
main,programme_ex_pandemic,low,high,2018,146.49218,7.79188,6.354556,0.05319
main,programme_ex_pandemic,low,high,2019,150.921483,7.656474,6.347167,0.050732
main,programme_ex_pandemic,low,high,2020,165.190755,28.440188,23.893721,0.172166
main,programme_ex_pandemic,low,high,2021,165.190755,28.440188,24.984138,0.172166
main,programme_ex_pandemic,low,high,2022,179.460027,49.223901,46.317828,0.274289
main,programme_ex_pandemic,low,high,2023,186.519953,43.628507,42.571778,0.233908
main,programme_ex_pandemic,low,high,2024,200.682092,42.59052,42.59052,0.212229
main,programme_income_ex_pandemic,low,high,2005,107.738783,4.544517,2.954944,0.042181
main,programme_income_ex_pandemic,low,high,2006,110.850557,1.765607,1.183439,0.015928
main,programme_income_ex_pandemic,low,high,2007,118.012658,-1.025703,-0.70613,-0.008691
main,programme_income_ex_pandemic,low,high,2008,160.398025,29.019897,20.363302,0.180924
main,programme_income_ex_pandemic,low,high,2009,208.7165,74.771197,52.790749,0.358243
main,programme_income_ex_pandemic,low,high,2010,233.199492,99.093911,70.813418,0.424932
main,programme_income_ex_pandemic,low,high,2011,223.000941,87.400638,63.745717,0.391929
main,programme_income_ex_pandemic,low,high,2012,202.504979,65.179203,48.423988,0.321865
main,programme_income_ex_pandemic,low,high,2013,186.808331,44.446436,33.582878,0.237925
main,programme_income_ex_pandemic,low,high,2014,184.269959,39.942007,30.704853,0.216758
main,programme_income_ex_pandemic,low,high,2015,184.976683,38.391618,29.786959,0.207548
main,programme_income_ex_pandemic,low,high,2016,186.528252,38.906235,30.473159,0.208581
main,programme_income_ex_pandemic,low,high,2017,178.306076,31.159286,24.842369,0.174752
main,programme_income_ex_pandemic,low,high,2018,179.352916,31.057577,25.32856,0.173165
main,programme_income_ex_pandemic,low,high,2019,179.412129,27.803327,23.048778,0.154969
main,programme_income_ex_pandemic,low,high,2020,186.082372,43.28198,36.362895,0.232596
main,programme_income_ex_pandemic,low,high,2021,186.082372,43.28198,38.022357,0.232596
main,programme_income_ex_pandemic,low,high,2022,192.752614,58.760633,55.291531,0.30485
main,programme_income_ex_pandemic,low,high,2023,193.961717,48.942865,47.757417,0.252333
main,programme_income_ex_pandemic,low,high,2024,200.682092,42.59052,42.59052,0.212229
main,programme_pandemic_per_head,low,high,2005,75.043462,-18.335231,-11.921964,-0.244328
main,programme_pandemic_per_head,low,high,2006,75.108259,-23.344074,-15.646902,-0.310806
main,programme_pandemic_per_head,low,high,2007,80.596118,-27.506222,-18.93624,-0.341285
main,programme_pandemic_per_head,low,high,2008,121.516798,1.444102,1.013328,0.011884
main,programme_pandemic_per_head,low,high,2009,169.091158,47.087582,33.245272,0.278475
main,programme_pandemic_per_head,low,high,2010,190.518701,69.243567,49.482088,0.363448
main,programme_pandemic_per_head,low,high,2011,178.57562,56.62569,41.299987,0.317096
main,programme_pandemic_per_head,low,high,2012,158.609246,34.81933,25.86854,0.219529
main,programme_pandemic_per_head,low,high,2013,137.653244,9.678793,7.313111,0.070313
main,programme_pandemic_per_head,low,high,2014,137.580452,6.728344,5.172319,0.048905
main,programme_pandemic_per_head,low,high,2015,139.190763,5.671129,4.400067,0.040744
main,programme_pandemic_per_head,low,high,2016,145.815055,9.855755,7.719482,0.067591
main,programme_pandemic_per_head,low,high,2017,142.921604,5.993717,4.778612,0.041937
main,programme_pandemic_per_head,low,high,2018,146.49218,7.79188,6.354556,0.05319
main,programme_pandemic_per_head,low,high,2019,150.921483,7.656474,6.347167,0.050732
main,programme_pandemic_per_head,low,high,2020,304.80283,163.521471,137.380825,0.536483
main,programme_pandemic_per_head,low,high,2021,307.664788,182.259756,160.111565,0.592397
main,programme_pandemic_per_head,low,high,2022,173.189045,42.952919,40.41707,0.248012
main,programme_pandemic_per_head,low,high,2023,186.519953,43.628507,42.571778,0.233908
main,programme_pandemic_per_head,low,high,2024,200.682092,42.59052,42.59052,0.212229
main,programme_income_pandemic_per_head,low,high,2005,107.738783,4.544517,2.954944,0.042181
main,programme_income_pandemic_per_head,low,high,2006,110.850557,1.765607,1.183439,0.015928
main,programme_income_pandemic_per_head,low,high,2007,118.012658,-1.025703,-0.70613,-0.008691
main,programme_income_pandemic_per_head,low,high,2008,160.398025,29.019897,20.363302,0.180924
main,programme_income_pandemic_per_head,low,high,2009,208.7165,74.771197,52.790749,0.358243
main,programme_income_pandemic_per_head,low,high,2010,233.199492,99.093911,70.813418,0.424932
main,programme_income_pandemic_per_head,low,high,2011,223.000941,87.400638,63.745717,0.391929
main,programme_income_pandemic_per_head,low,high,2012,202.504979,65.179203,48.423988,0.321865
main,programme_income_pandemic_per_head,low,high,2013,186.808331,44.446436,33.582878,0.237925
main,programme_income_pandemic_per_head,low,high,2014,184.269959,39.942007,30.704853,0.216758
main,programme_income_pandemic_per_head,low,high,2015,184.976683,38.391618,29.786959,0.207548
main,programme_income_pandemic_per_head,low,high,2016,186.528252,38.906235,30.473159,0.208581
main,programme_income_pandemic_per_head,low,high,2017,178.306076,31.159286,24.842369,0.174752
main,programme_income_pandemic_per_head,low,high,2018,179.352916,31.057577,25.32856,0.173165
main,programme_income_pandemic_per_head,low,high,2019,179.412129,27.803327,23.048778,0.154969
main,programme_income_pandemic_per_head,low,high,2020,326.533895,178.929862,150.326021,0.547967
main,programme_income_pandemic_per_head,low,high,2021,324.310486,194.057366,170.475531,0.598369
main,programme_income_pandemic_per_head,low,high,2022,186.481632,52.48965,49.390774,0.281474
main,programme_income_pandemic_per_head,low,high,2023,193.961717,48.942865,47.757417,0.252333
main,programme_income_pandemic_per_head,low,high,2024,200.682092,42.59052,42.59052,0.212229
main,whole_flat,low,high,2005,137.844748,29.254625,19.021991,0.212229
main,whole_flat,low,high,2006,145.862822,30.956292,20.749166,0.212229
main,whole_flat,low,high,2007,150.122614,31.860342,21.933768,0.212229
main,whole_flat,low,high,2008,158.211605,33.577059,23.561068,0.212229
main,whole_flat,low,high,2009,163.108049,34.616225,24.440113,0.212229
main,whole_flat,low,high,2010,169.489246,35.970499,25.704849,0.212229
main,whole_flat,low,high,2011,172.722845,36.656762,26.735635,0.212229
main,whole_flat,low,high,2012,175.196837,37.181814,27.623715,0.212229
main,whole_flat,low,high,2013,178.014823,37.779872,28.54575,0.212229
main,whole_flat,low,high,2014,181.795279,38.582194,29.659516,0.212229
main,whole_flat,low,high,2015,184.247796,39.102689,30.338658,0.212229
main,whole_flat,low,high,2016,186.607722,39.603533,31.019315,0.212229
main,whole_flat,low,high,2017,188.730526,40.054053,31.933901,0.212229
main,whole_flat,low,high,2018,190.370598,40.402124,32.94937,0.212229
main,whole_flat,low,high,2019,191.39839,40.62025,33.673925,0.212229
main,whole_flat,low,high,2020,191.52584,40.647299,34.149396,0.212229
main,whole_flat,low,high,2021,191.65339,40.674369,35.731623,0.212229
main,whole_flat,low,high,2022,192.574107,40.869772,38.456908,0.212229
main,whole_flat,low,high,2023,195.542518,41.499754,40.494585,0.212229
main,whole_flat,low,high,2024,200.682076,42.590516,42.590516,0.212229
main,whole_ratio,low,high,2005,66.204448,14.050491,9.135933,0.212229
main,whole_ratio,low,high,2006,62.755422,13.318508,8.927036,0.212229
main,whole_ratio,low,high,2007,71.005414,15.069394,10.374295,0.212229
main,whole_ratio,low,high,2008,111.452405,23.65341,16.59763,0.212229
main,whole_ratio,low,high,2009,174.015249,36.931047,26.074448,0.212229
main,whole_ratio,low,high,2010,183.144646,38.868568,27.775836,0.212229
main,whole_ratio,low,high,2011,173.002045,36.716016,26.778852,0.212229
main,whole_ratio,low,high,2012,159.193037,33.785347,25.100357,0.212229
main,whole_ratio,low,high,2013,123.003323,26.104848,19.724324,0.212229
main,whole_ratio,low,high,2014,118.674079,25.186057,19.361425,0.212229
main,whole_ratio,low,high,2015,115.423396,24.496169,19.005877,0.212229
main,whole_ratio,low,high,2016,126.922322,26.936572,21.097967,0.212229
main,whole_ratio,low,high,2017,130.810426,27.76174,22.133606,0.212229
main,whole_ratio,low,high,2018,141.885898,30.112274,24.557631,0.212229
main,whole_ratio,low,high,2019,153.40599,32.557169,26.989682,0.212229
main,whole_ratio,low,high,2020,291.71054,61.909378,52.012505,0.212229
main,whole_ratio,low,high,2021,257.32439,54.611646,47.975244,0.212229
main,whole_ratio,low,high,2022,127.170907,26.989329,25.395937,0.212229
main,whole_ratio,low,high,2023,184.013118,39.052883,38.106981,0.212229
main,whole_ratio,low,high,2024,200.682076,42.590516,42.590516,0.212229
main,whole_income,low,high,2005,107.489748,22.81242,14.833129,0.212229
main,whole_income,low,high,2006,108.550922,23.037632,15.441502,0.212229
main,whole_income,low,high,2007,118.693714,25.190224,17.341827,0.212229
main,whole_income,low,high,2008,159.317205,33.811699,23.725716,0.212229
main,whole_income,low,high,2009,222.614349,47.245176,33.356538,0.212229
main,whole_income,low,high,2010,236.416746,50.174442,35.855117,0.212229
main,whole_income,low,high,2011,229.090845,48.619675,35.460794,0.212229
main,whole_income,low,high,2012,214.857337,45.598915,33.877084,0.212229
main,whole_income,low,high,2013,185.691123,39.409004,29.776691,0.212229
main,whole_income,low,high,2014,177.887979,37.752952,29.022048,0.212229
main,whole_income,low,high,2015,172.913196,36.69716,28.472277,0.212229
main,whole_income,low,high,2016,177.537422,37.678554,29.511583,0.212229
main,whole_income,low,high,2017,173.994026,36.926543,29.440431,0.212229
main,whole_income,low,high,2018,181.623498,38.545737,31.435421,0.212229
main,whole_income,low,high,2019,187.59409,39.812868,33.00461,0.212229
main,whole_income,low,high,2020,318.06984,67.50358,56.712415,0.212229
main,whole_income,low,high,2021,277.84049,58.965754,51.80024,0.212229
main,whole_income,low,high,2022,143.681507,30.493354,28.693092,0.212229
main,whole_income,low,high,2023,193.056018,40.972047,39.97966,0.212229
main,whole_income,low,high,2024,200.682076,42.590516,42.590516,0.212229
main,whole_ratio_federal_series,low,high,2005,66.204448,-10.635702,-6.915564,-0.160649
main,whole_ratio_federal_series,low,high,2006,62.755422,-18.346863,-12.297407,-0.292355
main,whole_ratio_federal_series,low,high,2007,71.005414,-17.479394,-12.033423,-0.24617
main,whole_ratio_federal_series,low,high,2008,111.452405,6.719162,4.714845,0.060287
main,whole_ratio_federal_series,low,high,2009,174.015249,51.707916,36.507369,0.297146
main,whole_ratio_federal_series,low,high,2010,183.144646,54.904227,39.235065,0.299786
main,whole_ratio_federal_series,low,high,2011,173.002045,47.146606,34.386411,0.272521
main,whole_ratio_federal_series,low,high,2012,159.193037,34.400352,25.557266,0.216092
main,whole_ratio_federal_series,low,high,2013,123.003323,0.108607,0.082061,0.000883
main,whole_ratio_federal_series,low,high,2014,118.674079,-4.508598,-3.465921,-0.037991
main,whole_ratio_federal_series,low,high,2015,115.423396,-8.825069,-6.847119,-0.076458
main,whole_ratio_federal_series,low,high,2016,126.922322,-1.9354,-1.515895,-0.015249
main,whole_ratio_federal_series,low,high,2017,130.810426,1.91822,1.52934,0.014664
main,whole_ratio_federal_series,low,high,2018,141.885898,11.358057,9.2629,0.080051
main,whole_ratio_federal_series,low,high,2019,153.40599,18.034415,14.950414,0.11756
main,whole_ratio_federal_series,low,high,2020,291.71054,130.712768,109.816941,0.448091
main,whole_ratio_federal_series,low,high,2021,257.32439,111.895023,98.29755,0.43484
main,whole_ratio_federal_series,low,high,2022,127.170907,-0.099573,-0.093695,-0.000783
main,whole_ratio_federal_series,low,high,2023,184.013118,38.510136,37.57738,0.209279
main,whole_ratio_federal_series,low,high,2024,200.682076,42.59052,42.59052,0.212229
main,whole_income_federal_series,low,high,2005,107.489748,15.281081,9.93609,0.142163
main,whole_income_federal_series,low,high,2006,108.550922,10.681949,7.159822,0.098405
main,whole_income_federal_series,low,high,2007,118.693714,12.80168,8.813122,0.107855
main,whole_income_federal_series,low,high,2008,159.317205,36.732892,25.775521,0.230565
main,whole_income_federal_series,low,high,2009,222.614349,81.230079,57.350917,0.364891
main,whole_income_federal_series,low,high,2010,236.416746,88.112115,62.965726,0.372698
main,whole_income_federal_series,low,high,2011,229.090845,82.189184,59.944739,0.358762
main,whole_income_federal_series,low,high,2012,214.857337,69.353995,51.525593,0.322791
main,whole_income_federal_series,low,high,2013,185.691123,40.914923,30.914534,0.220339
main,whole_income_federal_series,low,high,2014,177.887979,34.181008,26.276166,0.192149
main,whole_income_federal_series,low,high,2015,172.913196,28.744757,22.302235,0.166238
main,whole_income_federal_series,low,high,2016,177.537422,31.000961,24.281384,0.174616
main,whole_income_federal_series,low,high,2017,173.994026,29.706921,23.684441,0.170735
main,whole_income_federal_series,low,high,2018,181.623498,36.652001,29.891012,0.201802
main,whole_income_federal_series,low,high,2019,187.59409,39.608428,32.83513,0.211139
main,whole_income_federal_series,low,high,2020,318.06984,147.379436,123.819266,0.463356
main,whole_income_federal_series,low,high,2021,277.84049,125.101506,109.899182,0.450264
main,whole_income_federal_series,low,high,2022,143.681507,10.653018,10.024086,0.074143
main,whole_income_federal_series,low,high,2023,193.056018,44.336845,43.262959,0.229658
main,whole_income_federal_series,low,high,2024,200.682076,42.59052,42.59052,0.212229
main,programme,high,central,2005,101.647744,-10.526643,-6.844651,-0.10356
main,programme,high,central,2006,104.150452,-14.648751,-9.818662,-0.14065
main,programme,high,central,2007,111.349203,-17.840803,-12.28223,-0.160224
main,programme,high,central,2008,151.988939,9.964939,6.992411,0.065564
main,programme,high,central,2009,199.225526,52.808386,37.284334,0.265068
main,programme,high,central,2010,220.636348,73.481997,52.51091,0.333046
main,programme,high,central,2011,209.248895,62.475174,45.566312,0.298569
main,programme,high,central,2012,190.858199,43.143499,32.052866,0.22605
main,programme,high,central,2013,172.332326,19.716644,14.89752,0.114411
main,programme,high,central,2014,173.306357,17.366629,13.35035,0.100208
main,programme,high,central,2015,176.278577,16.896374,13.109414,0.09585
main,programme,high,central,2016,183.311403,20.838624,16.321773,0.113679
main,programme,high,central,2017,181.212935,17.662435,14.081732,0.097468
main,programme,high,central,2018,185.062946,18.378148,14.988034,0.099308
main,programme,high,central,2019,190.479348,18.350783,15.212681,0.09634
main,programme,high,central,2020,347.211978,173.70267,145.934451,0.500278
main,programme,high,central,2021,365.22294,204.603229,179.739862,0.560215
main,programme,high,central,2022,222.123673,56.206824,52.888493,0.253043
main,programme,high,central,2023,230.347047,53.085212,51.799431,0.230458
main,programme,high,central,2024,245.539225,51.645661,51.645661,0.210336
main,programme_income,high,central,2005,132.635149,10.86603,7.065328,0.081924
main,programme_income,high,central,2006,138.000998,8.810884,5.905697,0.063847
main,programme_income,high,central,2007,146.749696,6.876992,4.73436,0.046862
main,programme_income,high,central,2008,188.76812,35.705254,25.054426,0.189149
main,programme_income,high,central,2009,236.807259,78.709828,55.571543,0.332379
main,programme_income,high,central,2010,261.116116,101.407402,72.46666,0.388361
main,programme_income,high,central,2011,251.352603,91.232134,66.540221,0.362965
main,programme_income,high,central,2012,232.463162,71.518194,53.133454,0.307654
main,programme_income,high,central,2013,218.871757,52.20365,39.44408,0.238513
main,programme_income,high,central,2014,217.502383,48.395471,37.203333,0.222505
main,programme_income,high,central,2015,219.592913,47.450972,36.815853,0.216086
main,programme_income,high,central,2016,221.828911,47.962238,37.566239,0.216213
main,programme_income,high,central,2017,214.681904,41.149541,32.807301,0.191677
main,programme_income,high,central,2018,216.171488,40.114096,32.714474,0.185566
main,programme_income,high,central,2019,217.446289,37.172124,30.81545,0.170949
main,programme_income,high,central,2020,367.763157,188.084333,158.017052,0.511428
main,programme_income,high,central,2021,380.958063,215.606424,189.405949,0.565958
main,programme_income,high,central,2022,234.673986,65.092774,61.249836,0.277375
main,programme_income,high,central,2023,237.384616,58.041276,56.635454,0.244503
main,programme_income,high,central,2024,245.539225,51.645661,51.645661,0.210336
main,programme_ex_pandemic,high,central,2005,101.647744,-10.526643,-6.844651,-0.10356
main,programme_ex_pandemic,high,central,2006,104.150452,-14.648751,-9.818662,-0.14065
main,programme_ex_pandemic,high,central,2007,111.349203,-17.840803,-12.28223,-0.160224
main,programme_ex_pandemic,high,central,2008,151.988939,9.964939,6.992411,0.065564
main,programme_ex_pandemic,high,central,2009,199.225526,52.808386,37.284334,0.265068
main,programme_ex_pandemic,high,central,2010,220.636348,73.481997,52.51091,0.333046
main,programme_ex_pandemic,high,central,2011,209.248895,62.475174,45.566312,0.298569
main,programme_ex_pandemic,high,central,2012,190.858199,43.143499,32.052866,0.22605
main,programme_ex_pandemic,high,central,2013,172.332326,19.716644,14.89752,0.114411
main,programme_ex_pandemic,high,central,2014,173.306357,17.366629,13.35035,0.100208
main,programme_ex_pandemic,high,central,2015,176.278577,16.896374,13.109414,0.09585
main,programme_ex_pandemic,high,central,2016,183.311403,20.838624,16.321773,0.113679
main,programme_ex_pandemic,high,central,2017,181.212935,17.662435,14.081732,0.097468
main,programme_ex_pandemic,high,central,2018,185.062946,18.378148,14.988034,0.099308
main,programme_ex_pandemic,high,central,2019,190.479348,18.350783,15.212681,0.09634
main,programme_ex_pandemic,high,central,2020,206.30151,37.278804,31.31939,0.180701
main,programme_ex_pandemic,high,central,2021,206.30151,37.278804,32.748686,0.180701
main,programme_ex_pandemic,high,central,2022,222.123673,56.206824,52.888493,0.253043
main,programme_ex_pandemic,high,central,2023,230.347047,53.085212,51.799431,0.230458
main,programme_ex_pandemic,high,central,2024,245.539225,51.645661,51.645661,0.210336
main,programme_income_ex_pandemic,high,central,2005,132.635149,10.86603,7.065328,0.081924
main,programme_income_ex_pandemic,high,central,2006,138.000998,8.810884,5.905697,0.063847
main,programme_income_ex_pandemic,high,central,2007,146.749696,6.876992,4.73436,0.046862
main,programme_income_ex_pandemic,high,central,2008,188.76812,35.705254,25.054426,0.189149
main,programme_income_ex_pandemic,high,central,2009,236.807259,78.709828,55.571543,0.332379
main,programme_income_ex_pandemic,high,central,2010,261.116116,101.407402,72.46666,0.388361
main,programme_income_ex_pandemic,high,central,2011,251.352603,91.232134,66.540221,0.362965
main,programme_income_ex_pandemic,high,central,2012,232.463162,71.518194,53.133454,0.307654
main,programme_income_ex_pandemic,high,central,2013,218.871757,52.20365,39.44408,0.238513
main,programme_income_ex_pandemic,high,central,2014,217.502383,48.395471,37.203333,0.222505
main,programme_income_ex_pandemic,high,central,2015,219.592913,47.450972,36.815853,0.216086
main,programme_income_ex_pandemic,high,central,2016,221.828911,47.962238,37.566239,0.216213
main,programme_income_ex_pandemic,high,central,2017,214.681904,41.149541,32.807301,0.191677
main,programme_income_ex_pandemic,high,central,2018,216.171488,40.114096,32.714474,0.185566
main,programme_income_ex_pandemic,high,central,2019,217.446289,37.172124,30.81545,0.170949
main,programme_income_ex_pandemic,high,central,2020,226.060137,51.132449,42.958383,0.22619
main,programme_income_ex_pandemic,high,central,2021,226.060137,51.132449,44.918838,0.22619
main,programme_income_ex_pandemic,high,central,2022,234.673986,65.092774,61.249836,0.277375
main,programme_income_ex_pandemic,high,central,2023,237.384616,58.041276,56.635454,0.244503
main,programme_income_ex_pandemic,high,central,2024,245.539225,51.645661,51.645661,0.210336
main,programme_pandemic_per_head,high,central,2005,101.647744,-10.526643,-6.844651,-0.10356
main,programme_pandemic_per_head,high,central,2006,104.150452,-14.648751,-9.818662,-0.14065
main,programme_pandemic_per_head,high,central,2007,111.349203,-17.840803,-12.28223,-0.160224
main,programme_pandemic_per_head,high,central,2008,151.988939,9.964939,6.992411,0.065564
main,programme_pandemic_per_head,high,central,2009,199.225526,52.808386,37.284334,0.265068
main,programme_pandemic_per_head,high,central,2010,220.636348,73.481997,52.51091,0.333046
main,programme_pandemic_per_head,high,central,2011,209.248895,62.475174,45.566312,0.298569
main,programme_pandemic_per_head,high,central,2012,190.858199,43.143499,32.052866,0.22605
main,programme_pandemic_per_head,high,central,2013,172.332326,19.716644,14.89752,0.114411
main,programme_pandemic_per_head,high,central,2014,173.306357,17.366629,13.35035,0.100208
main,programme_pandemic_per_head,high,central,2015,176.278577,16.896374,13.109414,0.09585
main,programme_pandemic_per_head,high,central,2016,183.311403,20.838624,16.321773,0.113679
main,programme_pandemic_per_head,high,central,2017,181.212935,17.662435,14.081732,0.097468
main,programme_pandemic_per_head,high,central,2018,185.062946,18.378148,14.988034,0.099308
main,programme_pandemic_per_head,high,central,2019,190.479348,18.350783,15.212681,0.09634
main,programme_pandemic_per_head,high,central,2020,340.220195,166.710887,140.060378,0.490009
main,programme_pandemic_per_head,high,central,2021,348.199502,187.579791,164.785111,0.538714
main,programme_pandemic_per_head,high,central,2022,218.486253,52.569404,49.46582,0.240607
main,programme_pandemic_per_head,high,central,2023,230.347047,53.085212,51.799431,0.230458
main,programme_pandemic_per_head,high,central,2024,245.539225,51.645661,51.645661,0.210336
main,programme_income_pandemic_per_head,high,central,2005,132.635149,10.86603,7.065328,0.081924
main,programme_income_pandemic_per_head,high,central,2006,138.000998,8.810884,5.905697,0.063847
main,programme_income_pandemic_per_head,high,central,2007,146.749696,6.876992,4.73436,0.046862
main,programme_income_pandemic_per_head,high,central,2008,188.76812,35.705254,25.054426,0.189149
main,programme_income_pandemic_per_head,high,central,2009,236.807259,78.709828,55.571543,0.332379
main,programme_income_pandemic_per_head,high,central,2010,261.116116,101.407402,72.46666,0.388361
main,programme_income_pandemic_per_head,high,central,2011,251.352603,91.232134,66.540221,0.362965
main,programme_income_pandemic_per_head,high,central,2012,232.463162,71.518194,53.133454,0.307654
main,programme_income_pandemic_per_head,high,central,2013,218.871757,52.20365,39.44408,0.238513
main,programme_income_pandemic_per_head,high,central,2014,217.502383,48.395471,37.203333,0.222505
main,programme_income_pandemic_per_head,high,central,2015,219.592913,47.450972,36.815853,0.216086
main,programme_income_pandemic_per_head,high,central,2016,221.828911,47.962238,37.566239,0.216213
main,programme_income_pandemic_per_head,high,central,2017,214.681904,41.149541,32.807301,0.191677
main,programme_income_pandemic_per_head,high,central,2018,216.171488,40.114096,32.714474,0.185566
main,programme_income_pandemic_per_head,high,central,2019,217.446289,37.172124,30.81545,0.170949
main,programme_income_pandemic_per_head,high,central,2020,360.771374,181.09255,152.14298,0.501959
main,programme_income_pandemic_per_head,high,central,2021,363.934625,198.582986,174.451198,0.545656
main,programme_income_pandemic_per_head,high,central,2022,231.036567,61.455355,57.827162,0.265998
main,programme_income_pandemic_per_head,high,central,2023,237.384616,58.041276,56.635454,0.244503
main,programme_income_pandemic_per_head,high,central,2024,245.539225,51.645661,51.645661,0.210336
main,whole_flat,high,central,2005,168.656374,35.474454,23.066257,0.210336
main,whole_flat,high,central,2006,178.466554,37.537885,25.16063,0.210336
main,whole_flat,high,central,2007,183.678549,38.634153,26.597096,0.210336
main,whole_flat,high,central,2008,193.575575,40.715851,28.570368,0.210336
main,whole_flat,high,central,2009,199.566477,41.975951,29.636304,0.210336
main,whole_flat,high,central,2010,207.374127,43.618179,31.169951,0.210336
main,whole_flat,high,central,2011,211.330419,44.450328,32.419878,0.210336
main,whole_flat,high,central,2012,214.357499,45.087031,33.496787,0.210336
main,whole_flat,high,central,2013,217.805313,45.812229,34.614845,0.210336
main,whole_flat,high,central,2014,222.430781,46.78513,35.965407,0.210336
main,whole_flat,high,central,2015,225.431479,47.416284,36.788939,0.210336
main,whole_flat,high,central,2016,228.318948,48.023622,37.614318,0.210336
main,whole_flat,high,central,2017,230.916201,48.569917,38.723345,0.210336
main,whole_flat,high,central,2018,232.922829,48.991982,39.954706,0.210336
main,whole_flat,high,central,2019,234.180432,49.256501,40.833321,0.210336
main,whole_flat,high,central,2020,234.336433,49.289314,41.409893,0.210336
main,whole_flat,high,central,2021,234.492334,49.322105,43.328487,0.210336
main,whole_flat,high,central,2022,235.61892,49.559066,46.633206,0.210336
main,whole_flat,high,central,2023,239.250817,50.322984,49.104108,0.210336
main,whole_flat,high,central,2024,245.53923,51.645662,51.645662,0.210336
main,whole_ratio,high,central,2005,88.272974,18.566956,12.072637,0.210336
main,whole_ratio,high,central,2006,86.541754,18.202819,12.200858,0.210336
main,whole_ratio,high,central,2007,96.139249,20.221515,13.921194,0.210336
main,whole_ratio,high,central,2008,139.277675,29.295065,20.556387,0.210336
main,whole_ratio,high,central,2009,204.045977,42.91815,30.301525,0.210336
main,whole_ratio,high,central,2010,215.311727,45.287739,32.363034,0.210336
main,whole_ratio,high,central,2011,205.324219,43.18701,31.498476,0.210336
main,whole_ratio,high,central,2012,191.288099,40.234713,29.891824,0.210336
main,whole_ratio,high,central,2013,155.180313,32.639957,24.662128,0.210336
main,whole_ratio,high,central,2014,151.592581,31.885329,24.511396,0.210336
main,whole_ratio,high,central,2015,149.189179,31.379808,24.346696,0.210336
main,whole_ratio,high,central,2016,161.530948,33.975722,26.611354,0.210336
main,whole_ratio,high,central,2017,165.944401,34.904029,27.82794,0.210336
main,whole_ratio,high,central,2018,178.104529,37.461738,30.551381,0.210336
main,whole_ratio,high,central,2019,191.064832,40.187752,33.315386,0.210336
main,whole_ratio,high,central,2020,338.245133,71.145021,59.771733,0.210336
main,whole_ratio,high,central,2021,304.484934,64.044047,56.26142,0.210336
main,whole_ratio,high,central,2022,167.83962,35.302661,33.218468,0.210336
main,whole_ratio,high,central,2023,226.053317,47.547079,46.395438,0.210336
main,whole_ratio,high,central,2024,245.53923,51.645662,51.645662,0.210336
main,whole_income,high,central,2005,129.558374,27.250749,17.719027,0.210336
main,whole_income,high,central,2006,132.337254,27.835247,18.657214,0.210336
main,whole_income,high,central,2007,143.827549,30.252066,20.826575,0.210336
main,whole_income,high,central,2008,187.142475,39.36274,27.620889,0.210336
main,whole_income,high,central,2009,252.644977,53.140254,37.518643,0.210336
main,whole_income,high,central,2010,268.583827,56.492763,40.370247,0.210336
main,whole_income,high,central,2011,261.413019,54.984486,40.102973,0.210336
main,whole_income,high,central,2012,246.952399,51.942902,38.590261,0.210336
main,whole_income,high,central,2013,217.868013,45.825417,34.62481,0.210336
main,whole_income,high,central,2014,210.806481,44.340125,34.085844,0.210336
main,whole_income,high,central,2015,206.678979,43.471964,33.728654,0.210336
main,whole_income,high,central,2016,212.146048,44.621884,34.949919,0.210336
main,whole_income,high,central,2017,209.128001,43.987081,35.069587,0.210336
main,whole_income,high,central,2018,217.842029,45.819952,37.367802,0.210336
main,whole_income,high,central,2019,225.252832,47.378708,39.276642,0.210336
main,whole_income,high,central,2020,364.604433,76.689322,64.429719,0.210336
main,whole_income,high,central,2021,325.001034,68.359315,60.052296,0.210336
main,whole_income,high,central,2022,184.35022,38.775429,36.486211,0.210336
main,whole_income,high,central,2023,235.096217,49.449123,48.251413,0.210336
main,whole_income,high,central,2024,245.53923,51.645662,51.645662,0.210336
main,whole_ratio_federal_series,high,central,2005,88.272974,-6.586642,-4.282777,-0.074617
main,whole_ratio_federal_series,high,central,2006,86.541754,-13.972656,-9.365494,-0.161456
main,whole_ratio_federal_series,high,central,2007,96.139249,-12.874964,-8.863573,-0.13392
main,whole_ratio_federal_series,high,central,2008,139.277675,11.884808,8.339586,0.085332
main,whole_ratio_federal_series,high,central,2009,204.045977,57.409512,40.532869,0.281356
main,whole_ratio_federal_series,high,central,2010,215.311727,61.173973,43.715482,0.284118
main,whole_ratio_federal_series,high,central,2011,205.324219,53.428732,38.968283,0.260216
main,whole_ratio_federal_series,high,central,2012,191.288099,40.551815,30.127411,0.211993
main,whole_ratio_federal_series,high,central,2013,155.180313,6.203157,4.686987,0.039974
main,whole_ratio_federal_series,high,central,2014,151.592581,1.751236,1.346238,0.011552
main,whole_ratio_federal_series,high,central,2015,149.189179,-2.399867,-1.861988,-0.016086
main,whole_ratio_federal_series,high,central,2016,161.530948,4.656308,3.647035,0.028826
main,whole_ratio_federal_series,high,central,2017,165.944401,8.599917,6.856457,0.051824
main,whole_ratio_federal_series,high,central,2018,178.104529,18.292617,14.918281,0.102707
main,whole_ratio_federal_series,high,central,2019,191.064832,25.250654,20.932629,0.132158
main,whole_ratio_federal_series,high,central,2020,338.245133,140.749478,118.249177,0.416117
main,whole_ratio_federal_series,high,central,2021,304.484934,122.293079,107.432034,0.401639
main,whole_ratio_federal_series,high,central,2022,167.83962,8.083739,7.606493,0.048163
main,whole_ratio_federal_series,high,central,2023,226.053317,46.966504,45.828925,0.207767
main,whole_ratio_federal_series,high,central,2024,245.53923,51.645661,51.645661,0.210336
main,whole_income_federal_series,high,central,2005,129.558374,19.330141,12.568876,0.1492
main,whole_income_federal_series,high,central,2006,132.337254,15.056156,10.091735,0.113771
main,whole_income_federal_series,high,central,2007,143.827549,17.40611,11.982972,0.121021
main,whole_income_federal_series,high,central,2008,187.142475,41.898538,29.400261,0.223886
main,whole_income_federal_series,high,central,2009,252.644977,86.931674,61.376418,0.344086
main,whole_income_federal_series,high,central,2010,268.583827,94.381861,67.446144,0.351406
main,whole_income_federal_series,high,central,2011,261.413019,88.47131,64.526612,0.338435
main,whole_income_federal_series,high,central,2012,246.952399,75.505458,56.095737,0.305749
main,whole_income_federal_series,high,central,2013,217.868013,47.009473,35.519459,0.21577
main,whole_income_federal_series,high,central,2014,210.806481,40.440843,31.088325,0.191839
main,whole_income_federal_series,high,central,2015,206.678979,35.169959,27.287366,0.170167
main,whole_income_federal_series,high,central,2016,212.146048,37.592669,29.444314,0.177202
main,whole_income_federal_series,high,central,2017,209.128001,36.388617,29.011558,0.174002
main,whole_income_federal_series,high,central,2018,217.842029,43.586561,35.546392,0.200083
main,whole_income_federal_series,high,central,2019,225.252832,46.824667,38.817346,0.207876
main,whole_income_federal_series,high,central,2020,364.604433,157.416146,132.251501,0.431745
main,whole_income_federal_series,high,central,2021,325.001034,135.499561,119.033666,0.41692
main,whole_income_federal_series,high,central,2022,184.35022,18.83633,17.724274,0.102177
main,whole_income_federal_series,high,central,2023,235.096217,52.793212,51.514504,0.22456
main,whole_income_federal_series,high,central,2024,245.53923,51.645661,51.645661,0.210336
main,programme,high,low,2005,101.647744,-24.031703,-15.625933,-0.236421
main,programme,high,low,2006,104.150452,-28.787166,-19.295259,-0.2764
main,programme,high,low,2007,111.349203,-31.576353,-21.738261,-0.28358
main,programme,high,low,2008,151.988939,-4.356646,-3.057064,-0.028664
main,programme,high,low,2009,199.225526,34.54596,24.390504,0.173401
main,programme,high,low,2010,220.636348,52.498663,37.516026,0.237942
main,programme,high,low,2011,209.248895,43.521193,31.742213,0.207988
main,programme,high,low,2012,190.858199,27.513412,20.440709,0.144156
main,programme,high,low,2013,172.332326,4.923673,3.720233,0.028571
main,programme,high,low,2014,173.306357,2.945511,2.26432,0.016996
main,programme,high,low,2015,176.278577,2.794769,2.168382,0.015854
main,programme,high,low,2016,183.311403,6.836257,5.354472,0.037293
main,programme,high,low,2017,181.212935,3.682332,2.935813,0.02032
main,programme,high,low,2018,185.062946,4.355884,3.552378,0.023537
main,programme,high,low,2019,190.479348,4.376258,3.62789,0.022975
main,programme,high,low,2020,347.211978,156.150347,131.188053,0.449726
main,programme,high,low,2021,365.22294,178.330998,156.66023,0.48828
main,programme,high,low,2022,222.123673,29.91602,28.149842,0.134682
main,programme,high,low,2023,230.347047,27.881721,27.206396,0.121042
main,programme,high,low,2024,245.539225,29.040848,29.040848,0.118274
main,programme_income,high,low,2005,132.635149,-2.63903,-1.715954,-0.019897
main,programme_income,high,low,2006,138.000998,-5.327531,-3.5709,-0.038605
main,programme_income,high,low,2007,146.749696,-6.858559,-4.721671,-0.046736
main,programme_income,high,low,2008,188.76812,21.383669,15.00495,0.11328
main,programme_income,high,low,2009,236.807259,60.447403,42.677713,0.25526
main,programme_income,high,low,2010,261.116116,80.424068,57.471777,0.308001
main,programme_income,high,low,2011,251.352603,72.278153,52.716122,0.287557
main,programme_income,high,low,2012,232.463162,55.888107,41.521297,0.240417
main,programme_income,high,low,2013,218.871757,37.410679,28.266794,0.170925
main,programme_income,high,low,2014,217.502383,33.974353,26.117303,0.156202
main,programme_income,high,low,2015,219.592913,33.349367,25.874821,0.151869
main,programme_income,high,low,2016,221.828911,33.95987,26.598938,0.15309
main,programme_income,high,low,2017,214.681904,27.169438,21.661382,0.126557
main,programme_income,high,low,2018,216.171488,26.091832,21.278818,0.1207
main,programme_income,high,low,2019,217.446289,23.197599,19.230659,0.106682
main,programme_income,high,low,2020,367.763157,170.53201,143.270654,0.463701
main,programme_income,high,low,2021,380.958063,189.334192,166.326317,0.496995
main,programme_income,high,low,2022,234.673986,38.80197,36.511185,0.165344
main,programme_income,high,low,2023,237.384616,32.837785,32.042419,0.138332
main,programme_income,high,low,2024,245.539225,29.040848,29.040848,0.118274
main,programme_ex_pandemic,high,low,2005,101.647744,-24.031703,-15.625933,-0.236421
main,programme_ex_pandemic,high,low,2006,104.150452,-28.787166,-19.295259,-0.2764
main,programme_ex_pandemic,high,low,2007,111.349203,-31.576353,-21.738261,-0.28358
main,programme_ex_pandemic,high,low,2008,151.988939,-4.356646,-3.057064,-0.028664
main,programme_ex_pandemic,high,low,2009,199.225526,34.54596,24.390504,0.173401
main,programme_ex_pandemic,high,low,2010,220.636348,52.498663,37.516026,0.237942
main,programme_ex_pandemic,high,low,2011,209.248895,43.521193,31.742213,0.207988
main,programme_ex_pandemic,high,low,2012,190.858199,27.513412,20.440709,0.144156
main,programme_ex_pandemic,high,low,2013,172.332326,4.923673,3.720233,0.028571
main,programme_ex_pandemic,high,low,2014,173.306357,2.945511,2.26432,0.016996
main,programme_ex_pandemic,high,low,2015,176.278577,2.794769,2.168382,0.015854
main,programme_ex_pandemic,high,low,2016,183.311403,6.836257,5.354472,0.037293
main,programme_ex_pandemic,high,low,2017,181.212935,3.682332,2.935813,0.02032
main,programme_ex_pandemic,high,low,2018,185.062946,4.355884,3.552378,0.023537
main,programme_ex_pandemic,high,low,2019,190.479348,4.376258,3.62789,0.022975
main,programme_ex_pandemic,high,low,2020,206.30151,17.146139,14.405146,0.083112
main,programme_ex_pandemic,high,low,2021,206.30151,17.146139,15.062542,0.083112
main,programme_ex_pandemic,high,low,2022,222.123673,29.91602,28.149842,0.134682
main,programme_ex_pandemic,high,low,2023,230.347047,27.881721,27.206396,0.121042
main,programme_ex_pandemic,high,low,2024,245.539225,29.040848,29.040848,0.118274
main,programme_income_ex_pandemic,high,low,2005,132.635149,-2.63903,-1.715954,-0.019897
main,programme_income_ex_pandemic,high,low,2006,138.000998,-5.327531,-3.5709,-0.038605
main,programme_income_ex_pandemic,high,low,2007,146.749696,-6.858559,-4.721671,-0.046736
main,programme_income_ex_pandemic,high,low,2008,188.76812,21.383669,15.00495,0.11328
main,programme_income_ex_pandemic,high,low,2009,236.807259,60.447403,42.677713,0.25526
main,programme_income_ex_pandemic,high,low,2010,261.116116,80.424068,57.471777,0.308001
main,programme_income_ex_pandemic,high,low,2011,251.352603,72.278153,52.716122,0.287557
main,programme_income_ex_pandemic,high,low,2012,232.463162,55.888107,41.521297,0.240417
main,programme_income_ex_pandemic,high,low,2013,218.871757,37.410679,28.266794,0.170925
main,programme_income_ex_pandemic,high,low,2014,217.502383,33.974353,26.117303,0.156202
main,programme_income_ex_pandemic,high,low,2015,219.592913,33.349367,25.874821,0.151869
main,programme_income_ex_pandemic,high,low,2016,221.828911,33.95987,26.598938,0.15309
main,programme_income_ex_pandemic,high,low,2017,214.681904,27.169438,21.661382,0.126557
main,programme_income_ex_pandemic,high,low,2018,216.171488,26.091832,21.278818,0.1207
main,programme_income_ex_pandemic,high,low,2019,217.446289,23.197599,19.230659,0.106682
main,programme_income_ex_pandemic,high,low,2020,226.060137,30.999785,26.044139,0.137131
main,programme_income_ex_pandemic,high,low,2021,226.060137,30.999785,27.232693,0.137131
main,programme_income_ex_pandemic,high,low,2022,234.673986,38.80197,36.511185,0.165344
main,programme_income_ex_pandemic,high,low,2023,237.384616,32.837785,32.042419,0.138332
main,programme_income_ex_pandemic,high,low,2024,245.539225,29.040848,29.040848,0.118274
main,programme_pandemic_per_head,high,low,2005,101.647744,-24.031703,-15.625933,-0.236421
main,programme_pandemic_per_head,high,low,2006,104.150452,-28.787166,-19.295259,-0.2764
main,programme_pandemic_per_head,high,low,2007,111.349203,-31.576353,-21.738261,-0.28358
main,programme_pandemic_per_head,high,low,2008,151.988939,-4.356646,-3.057064,-0.028664
main,programme_pandemic_per_head,high,low,2009,199.225526,34.54596,24.390504,0.173401
main,programme_pandemic_per_head,high,low,2010,220.636348,52.498663,37.516026,0.237942
main,programme_pandemic_per_head,high,low,2011,209.248895,43.521193,31.742213,0.207988
main,programme_pandemic_per_head,high,low,2012,190.858199,27.513412,20.440709,0.144156
main,programme_pandemic_per_head,high,low,2013,172.332326,4.923673,3.720233,0.028571
main,programme_pandemic_per_head,high,low,2014,173.306357,2.945511,2.26432,0.016996
main,programme_pandemic_per_head,high,low,2015,176.278577,2.794769,2.168382,0.015854
main,programme_pandemic_per_head,high,low,2016,183.311403,6.836257,5.354472,0.037293
main,programme_pandemic_per_head,high,low,2017,181.212935,3.682332,2.935813,0.02032
main,programme_pandemic_per_head,high,low,2018,185.062946,4.355884,3.552378,0.023537
main,programme_pandemic_per_head,high,low,2019,190.479348,4.376258,3.62789,0.022975
main,programme_pandemic_per_head,high,low,2020,340.220195,149.158563,125.31398,0.438418
main,programme_pandemic_per_head,high,low,2021,348.199502,161.30756,141.705479,0.463262
main,programme_pandemic_per_head,high,low,2022,218.486253,26.278601,24.727169,0.120276
main,programme_pandemic_per_head,high,low,2023,230.347047,27.881721,27.206396,0.121042
main,programme_pandemic_per_head,high,low,2024,245.539225,29.040848,29.040848,0.118274
main,programme_income_pandemic_per_head,high,low,2005,132.635149,-2.63903,-1.715954,-0.019897
main,programme_income_pandemic_per_head,high,low,2006,138.000998,-5.327531,-3.5709,-0.038605
main,programme_income_pandemic_per_head,high,low,2007,146.749696,-6.858559,-4.721671,-0.046736
main,programme_income_pandemic_per_head,high,low,2008,188.76812,21.383669,15.00495,0.11328
main,programme_income_pandemic_per_head,high,low,2009,236.807259,60.447403,42.677713,0.25526
main,programme_income_pandemic_per_head,high,low,2010,261.116116,80.424068,57.471777,0.308001
main,programme_income_pandemic_per_head,high,low,2011,251.352603,72.278153,52.716122,0.287557
main,programme_income_pandemic_per_head,high,low,2012,232.463162,55.888107,41.521297,0.240417
main,programme_income_pandemic_per_head,high,low,2013,218.871757,37.410679,28.266794,0.170925
main,programme_income_pandemic_per_head,high,low,2014,217.502383,33.974353,26.117303,0.156202
main,programme_income_pandemic_per_head,high,low,2015,219.592913,33.349367,25.874821,0.151869
main,programme_income_pandemic_per_head,high,low,2016,221.828911,33.95987,26.598938,0.15309
main,programme_income_pandemic_per_head,high,low,2017,214.681904,27.169438,21.661382,0.126557
main,programme_income_pandemic_per_head,high,low,2018,216.171488,26.091832,21.278818,0.1207
main,programme_income_pandemic_per_head,high,low,2019,217.446289,23.197599,19.230659,0.106682
main,programme_income_pandemic_per_head,high,low,2020,360.771374,163.540226,137.396582,0.453307
main,programme_income_pandemic_per_head,high,low,2021,363.934625,172.310754,151.371566,0.473466
main,programme_income_pandemic_per_head,high,low,2022,231.036567,35.164551,33.088511,0.152203
main,programme_income_pandemic_per_head,high,low,2023,237.384616,32.837785,32.042419,0.138332
main,programme_income_pandemic_per_head,high,low,2024,245.539225,29.040848,29.040848,0.118274
main,whole_flat,high,low,2005,168.656374,19.947624,12.970377,0.118274
main,whole_flat,high,low,2006,178.466554,21.107911,14.148062,0.118274
main,whole_flat,high,low,2007,183.678549,21.724353,14.955801,0.118274
main,whole_flat,high,low,2008,193.575575,22.894911,16.065391,0.118274
main,whole_flat,high,low,2009,199.566477,23.603478,16.664776,0.118274
main,whole_flat,high,low,2010,207.374127,24.526918,17.527161,0.118274
main,whole_flat,high,low,2011,211.330419,24.994843,18.230007,0.118274
main,whole_flat,high,low,2012,214.357499,25.352868,18.835563,0.118274
main,whole_flat,high,low,2013,217.805313,25.760654,19.464258,0.118274
main,whole_flat,high,low,2014,222.430781,26.307725,20.223691,0.118274
main,whole_flat,high,low,2015,225.431479,26.662629,20.686772,0.118274
main,whole_flat,high,low,2016,228.318948,27.004141,21.15089,0.118274
main,whole_flat,high,low,2017,230.916201,27.311328,21.774506,0.118274
main,whole_flat,high,low,2018,232.922829,27.548659,22.466912,0.118274
main,whole_flat,high,low,2019,234.180432,27.6974,22.960966,0.118274
main,whole_flat,high,low,2020,234.336433,27.715851,23.285178,0.118274
main,whole_flat,high,low,2021,234.492334,27.73429,24.364022,0.118274
main,whole_flat,high,low,2022,235.61892,27.867536,26.222296,0.118274
main,whole_flat,high,low,2023,239.250817,28.297094,27.611708,0.118274
main,whole_flat,high,low,2024,245.53923,29.040848,29.040848,0.118274
main,whole_ratio,high,low,2005,88.272974,10.440377,6.788559,0.118274
main,whole_ratio,high,low,2006,86.541754,10.235619,6.860659,0.118274
main,whole_ratio,high,low,2007,96.139249,11.370751,7.82802,0.118274
main,whole_ratio,high,low,2008,139.277675,16.472894,11.559053,0.118274
main,whole_ratio,high,low,2009,204.045977,24.133285,17.038837,0.118274
main,whole_ratio,high,low,2010,215.311727,25.465728,18.198043,0.118274
main,whole_ratio,high,low,2011,205.324219,24.284468,17.711894,0.118274
main,whole_ratio,high,low,2012,191.288099,22.624363,16.808458,0.118274
main,whole_ratio,high,low,2013,155.180313,18.353759,13.86775,0.118274
main,whole_ratio,high,low,2014,151.592581,17.929425,13.782992,0.118274
main,whole_ratio,high,low,2015,149.189179,17.645165,13.690379,0.118274
main,whole_ratio,high,low,2016,161.530948,19.104873,14.963818,0.118274
main,whole_ratio,high,low,2017,165.944401,19.626869,15.647916,0.118274
main,whole_ratio,high,low,2018,178.104529,21.065093,17.179333,0.118274
main,whole_ratio,high,low,2019,191.064832,22.597956,18.733559,0.118274
main,whole_ratio,high,low,2020,338.245133,40.005524,33.610216,0.118274
main,whole_ratio,high,low,2021,304.484934,36.012578,31.636333,0.118274
main,whole_ratio,high,low,2022,167.83962,19.851023,18.679061,0.118274
main,whole_ratio,high,low,2023,226.053317,26.736176,26.088597,0.118274
main,whole_ratio,high,low,2024,245.53923,29.040848,29.040848,0.118274
main,whole_income,high,low,2005,129.558374,15.323356,9.963578,0.118274
main,whole_income,high,low,2006,132.337254,15.652025,10.491129,0.118274
main,whole_income,high,low,2007,143.827549,17.011025,11.710982,0.118274
main,whole_income,high,low,2008,187.142475,22.134044,15.531489,0.118274
main,whole_income,high,low,2009,252.644977,29.881272,21.097091,0.118274
main,whole_income,high,low,2010,268.583827,31.766419,22.700575,0.118274
main,whole_income,high,low,2011,261.413019,30.918301,22.550285,0.118274
main,whole_income,high,low,2012,246.952399,29.207989,21.699672,0.118274
main,whole_income,high,low,2013,217.868013,25.768069,19.469861,0.118274
main,whole_income,high,low,2014,210.806481,24.932875,19.166795,0.118274
main,whole_income,high,low,2015,206.678979,24.4447,18.965944,0.118274
main,whole_income,high,low,2016,212.146048,25.091311,19.652673,0.118274
main,whole_income,high,low,2017,209.128001,24.734355,19.719963,0.118274
main,whole_income,high,low,2018,217.842029,25.764996,21.012272,0.118274
main,whole_income,high,low,2019,225.252832,26.6415,22.085631,0.118274
main,whole_income,high,low,2020,364.604433,43.123138,36.229445,0.118274
main,whole_income,high,low,2021,325.001034,38.439095,33.767979,0.118274
main,whole_income,high,low,2022,184.35022,21.803794,20.516545,0.118274
main,whole_income,high,low,2023,235.096217,27.805714,27.13223,0.118274
main,whole_income,high,low,2024,245.53923,29.040848,29.040848,0.118274
main,whole_ratio_federal_series,high,low,2005,88.272974,-16.694518,-10.855137,-0.189124
main,whole_ratio_federal_series,high,low,2006,86.541754,-24.892213,-16.684578,-0.287632
main,whole_ratio_federal_series,high,low,2007,96.139249,-24.369238,-16.776631,-0.253479
main,whole_ratio_federal_series,high,low,2008,139.277675,-1.010459,-0.70904,-0.007255
main,whole_ratio_federal_series,high,low,2009,204.045977,43.176327,30.483806,0.211601
main,whole_ratio_federal_series,high,low,2010,215.311727,45.522486,32.530786,0.211426
main,whole_ratio_federal_series,high,low,2011,205.324219,37.746339,27.530319,0.183838
main,whole_ratio_federal_series,high,low,2012,191.288099,25.195602,18.718725,0.131715
main,whole_ratio_federal_series,high,low,2013,155.180313,-9.01098,-6.808525,-0.058068
main,whole_ratio_federal_series,high,low,2014,151.592581,-13.87551,-10.666602,-0.091532
main,whole_ratio_federal_series,high,low,2015,149.189179,-18.439428,-14.306625,-0.123598
main,whole_ratio_federal_series,high,low,2016,161.530948,-11.798911,-9.241452,-0.073044
main,whole_ratio_federal_series,high,low,2017,165.944401,-8.079945,-6.441899,-0.048691
main,whole_ratio_federal_series,high,low,2018,178.104529,0.981519,0.800464,0.005511
main,whole_ratio_federal_series,high,low,2019,191.064832,7.236387,5.998918,0.037874
main,whole_ratio_federal_series,high,low,2020,338.245133,115.694324,97.199355,0.342043
main,whole_ratio_federal_series,high,low,2021,304.484934,96.33588,84.629152,0.31639
main,whole_ratio_federal_series,high,low,2022,167.83962,-12.344684,-11.61588,-0.07355
main,whole_ratio_federal_series,high,low,2023,226.053317,25.85644,25.230169,0.114382
main,whole_ratio_federal_series,high,low,2024,245.53923,29.040848,29.040848,0.118274
main,whole_income_federal_series,high,low,2005,129.558374,9.222265,5.996517,0.071182
main,whole_income_federal_series,high,low,2006,132.337254,4.1366,2.772651,0.031258
main,whole_income_federal_series,high,low,2007,143.827549,5.911836,4.069914,0.041104
main,whole_income_federal_series,high,low,2008,187.142475,29.003271,20.351635,0.15498
main,whole_income_federal_series,high,low,2009,252.644977,72.698489,51.327354,0.28775
main,whole_income_federal_series,high,low,2010,268.583827,78.730374,56.261448,0.293131
main,whole_income_federal_series,high,low,2011,261.413019,72.788917,53.088648,0.278444
main,whole_income_federal_series,high,low,2012,246.952399,60.149245,44.687051,0.243566
main,whole_income_federal_series,high,low,2013,217.868013,31.795336,24.023948,0.145939
main,whole_income_federal_series,high,low,2014,210.806481,24.814097,19.075486,0.11771
main,whole_income_federal_series,high,low,2015,206.678979,19.130398,14.842729,0.092561
main,whole_income_federal_series,high,low,2016,212.146048,21.13745,16.555827,0.099636
main,whole_income_federal_series,high,low,2017,209.128001,19.708756,15.713202,0.094243
main,whole_income_federal_series,high,low,2018,217.842029,26.275463,21.428576,0.120617
main,whole_income_federal_series,high,low,2019,225.252832,28.810399,23.883634,0.127902
main,whole_income_federal_series,high,low,2020,364.604433,132.360992,111.20168,0.363026
main,whole_income_federal_series,high,low,2021,325.001034,109.542363,96.230784,0.337052
main,whole_income_federal_series,high,low,2022,184.35022,-1.592093,-1.498099,-0.008636
main,whole_income_federal_series,high,low,2023,235.096217,31.683148,30.915748,0.134767
main,whole_income_federal_series,high,low,2024,245.53923,29.040848,29.040848,0.118274
main,programme,high,high,2005,101.647744,-4.25757,-2.768364,-0.041886
main,programme,high,high,2006,104.150452,-8.111449,-5.436885,-0.077882
main,programme,high,high,2007,111.349203,-10.897094,-7.501939,-0.097864
main,programme,high,high,2008,151.988939,17.037287,11.955088,0.112096
main,programme,high,high,2009,199.225526,62.824888,44.35629,0.315346
main,programme,high,high,2010,220.636348,84.409433,60.319756,0.382573
main,programme,high,high,2011,209.248895,72.626635,52.970287,0.347083
main,programme,high,high,2012,190.858199,52.24047,38.811336,0.273714
main,programme,high,high,2013,172.332326,28.345702,21.417471,0.164483
main,programme,high,high,2014,173.306357,25.923778,19.928538,0.149584
main,programme,high,high,2015,176.278577,25.552436,19.825405,0.144955
main,programme,high,high,2016,183.311403,29.967286,23.471762,0.163477
main,programme,high,high,2017,181.212935,26.33305,20.994554,0.145316
main,programme,high,high,2018,185.062946,28.015077,22.847293,0.151381
main,programme,high,high,2019,190.479348,28.212035,23.387594,0.148111
main,programme,high,high,2020,347.211978,186.43704,156.633096,0.536955
main,programme,high,high,2021,365.22294,219.366192,192.70883,0.600636
main,programme,high,high,2022,222.123673,72.544344,68.261481,0.326594
main,programme,high,high,2023,230.347047,68.135932,66.485607,0.295797
main,programme,high,high,2024,245.539225,66.444224,66.444224,0.270605
main,programme_income,high,high,2005,132.635149,17.135103,11.141615,0.12919
main,programme_income,high,high,2006,138.000998,15.348185,10.287474,0.111218
main,programme_income,high,high,2007,146.749696,13.820701,9.514651,0.094179
main,programme_income,high,high,2008,188.76812,42.777602,30.017102,0.226615
main,programme_income,high,high,2009,236.807259,88.72633,62.6435,0.374677
main,programme_income,high,high,2010,261.116116,112.334839,80.275507,0.43021
main,programme_income,high,high,2011,251.352603,101.383594,73.944196,0.403352
main,programme_income,high,high,2012,232.463162,80.615165,59.891923,0.346787
main,programme_income,high,high,2013,218.871757,60.832708,45.964032,0.277938
main,programme_income,high,high,2014,217.502383,56.95262,43.781521,0.261848
main,programme_income,high,high,2015,219.592913,56.107034,43.531844,0.255505
main,programme_income,high,high,2016,221.828911,57.090899,44.716228,0.257365
main,programme_income,high,high,2017,214.681904,49.820156,39.720123,0.232065
main,programme_income,high,high,2018,216.171488,49.751026,40.573733,0.230146
main,programme_income,high,high,2019,217.446289,47.033375,38.990364,0.216299
main,programme_income,high,high,2020,367.763157,200.818703,168.715697,0.546054
main,programme_income,high,high,2021,380.958063,230.369386,202.374918,0.604711
main,programme_income,high,high,2022,234.673986,81.430294,76.622824,0.346993
main,programme_income,high,high,2023,237.384616,73.091996,71.32163,0.307905
main,programme_income,high,high,2024,245.539225,66.444224,66.444224,0.270605
main,programme_ex_pandemic,high,high,2005,101.647744,-4.25757,-2.768364,-0.041886
main,programme_ex_pandemic,high,high,2006,104.150452,-8.111449,-5.436885,-0.077882
main,programme_ex_pandemic,high,high,2007,111.349203,-10.897094,-7.501939,-0.097864
main,programme_ex_pandemic,high,high,2008,151.988939,17.037287,11.955088,0.112096
main,programme_ex_pandemic,high,high,2009,199.225526,62.824888,44.35629,0.315346
main,programme_ex_pandemic,high,high,2010,220.636348,84.409433,60.319756,0.382573
main,programme_ex_pandemic,high,high,2011,209.248895,72.626635,52.970287,0.347083
main,programme_ex_pandemic,high,high,2012,190.858199,52.24047,38.811336,0.273714
main,programme_ex_pandemic,high,high,2013,172.332326,28.345702,21.417471,0.164483
main,programme_ex_pandemic,high,high,2014,173.306357,25.923778,19.928538,0.149584
main,programme_ex_pandemic,high,high,2015,176.278577,25.552436,19.825405,0.144955
main,programme_ex_pandemic,high,high,2016,183.311403,29.967286,23.471762,0.163477
main,programme_ex_pandemic,high,high,2017,181.212935,26.33305,20.994554,0.145316
main,programme_ex_pandemic,high,high,2018,185.062946,28.015077,22.847293,0.151381
main,programme_ex_pandemic,high,high,2019,190.479348,28.212035,23.387594,0.148111
main,programme_ex_pandemic,high,high,2020,206.30151,50.378189,42.3247,0.244197
main,programme_ex_pandemic,high,high,2021,206.30151,50.378189,44.256236,0.244197
main,programme_ex_pandemic,high,high,2022,222.123673,72.544344,68.261481,0.326594
main,programme_ex_pandemic,high,high,2023,230.347047,68.135932,66.485607,0.295797
main,programme_ex_pandemic,high,high,2024,245.539225,66.444224,66.444224,0.270605
main,programme_income_ex_pandemic,high,high,2005,132.635149,17.135103,11.141615,0.12919
main,programme_income_ex_pandemic,high,high,2006,138.000998,15.348185,10.287474,0.111218
main,programme_income_ex_pandemic,high,high,2007,146.749696,13.820701,9.514651,0.094179
main,programme_income_ex_pandemic,high,high,2008,188.76812,42.777602,30.017102,0.226615
main,programme_income_ex_pandemic,high,high,2009,236.807259,88.72633,62.6435,0.374677
main,programme_income_ex_pandemic,high,high,2010,261.116116,112.334839,80.275507,0.43021
main,programme_income_ex_pandemic,high,high,2011,251.352603,101.383594,73.944196,0.403352
main,programme_income_ex_pandemic,high,high,2012,232.463162,80.615165,59.891923,0.346787
main,programme_income_ex_pandemic,high,high,2013,218.871757,60.832708,45.964032,0.277938
main,programme_income_ex_pandemic,high,high,2014,217.502383,56.95262,43.781521,0.261848
main,programme_income_ex_pandemic,high,high,2015,219.592913,56.107034,43.531844,0.255505
main,programme_income_ex_pandemic,high,high,2016,221.828911,57.090899,44.716228,0.257365
main,programme_income_ex_pandemic,high,high,2017,214.681904,49.820156,39.720123,0.232065
main,programme_income_ex_pandemic,high,high,2018,216.171488,49.751026,40.573733,0.230146
main,programme_income_ex_pandemic,high,high,2019,217.446289,47.033375,38.990364,0.216299
main,programme_income_ex_pandemic,high,high,2020,226.060137,64.231835,53.963693,0.284136
main,programme_income_ex_pandemic,high,high,2021,226.060137,64.231835,56.426387,0.284136
main,programme_income_ex_pandemic,high,high,2022,234.673986,81.430294,76.622824,0.346993
main,programme_income_ex_pandemic,high,high,2023,237.384616,73.091996,71.32163,0.307905
main,programme_income_ex_pandemic,high,high,2024,245.539225,66.444224,66.444224,0.270605
main,programme_pandemic_per_head,high,high,2005,101.647744,-4.25757,-2.768364,-0.041886
main,programme_pandemic_per_head,high,high,2006,104.150452,-8.111449,-5.436885,-0.077882
main,programme_pandemic_per_head,high,high,2007,111.349203,-10.897094,-7.501939,-0.097864
main,programme_pandemic_per_head,high,high,2008,151.988939,17.037287,11.955088,0.112096
main,programme_pandemic_per_head,high,high,2009,199.225526,62.824888,44.35629,0.315346
main,programme_pandemic_per_head,high,high,2010,220.636348,84.409433,60.319756,0.382573
main,programme_pandemic_per_head,high,high,2011,209.248895,72.626635,52.970287,0.347083
main,programme_pandemic_per_head,high,high,2012,190.858199,52.24047,38.811336,0.273714
main,programme_pandemic_per_head,high,high,2013,172.332326,28.345702,21.417471,0.164483
main,programme_pandemic_per_head,high,high,2014,173.306357,25.923778,19.928538,0.149584
main,programme_pandemic_per_head,high,high,2015,176.278577,25.552436,19.825405,0.144955
main,programme_pandemic_per_head,high,high,2016,183.311403,29.967286,23.471762,0.163477
main,programme_pandemic_per_head,high,high,2017,181.212935,26.33305,20.994554,0.145316
main,programme_pandemic_per_head,high,high,2018,185.062946,28.015077,22.847293,0.151381
main,programme_pandemic_per_head,high,high,2019,190.479348,28.212035,23.387594,0.148111
main,programme_pandemic_per_head,high,high,2020,340.220195,179.445257,150.759024,0.527439
main,programme_pandemic_per_head,high,high,2021,348.199502,202.342754,177.754079,0.581112
main,programme_pandemic_per_head,high,high,2022,218.486253,68.906925,64.838808,0.315383
main,programme_pandemic_per_head,high,high,2023,230.347047,68.135932,66.485607,0.295797
main,programme_pandemic_per_head,high,high,2024,245.539225,66.444224,66.444224,0.270605
main,programme_income_pandemic_per_head,high,high,2005,132.635149,17.135103,11.141615,0.12919
main,programme_income_pandemic_per_head,high,high,2006,138.000998,15.348185,10.287474,0.111218
main,programme_income_pandemic_per_head,high,high,2007,146.749696,13.820701,9.514651,0.094179
main,programme_income_pandemic_per_head,high,high,2008,188.76812,42.777602,30.017102,0.226615
main,programme_income_pandemic_per_head,high,high,2009,236.807259,88.72633,62.6435,0.374677
main,programme_income_pandemic_per_head,high,high,2010,261.116116,112.334839,80.275507,0.43021
main,programme_income_pandemic_per_head,high,high,2011,251.352603,101.383594,73.944196,0.403352
main,programme_income_pandemic_per_head,high,high,2012,232.463162,80.615165,59.891923,0.346787
main,programme_income_pandemic_per_head,high,high,2013,218.871757,60.832708,45.964032,0.277938
main,programme_income_pandemic_per_head,high,high,2014,217.502383,56.95262,43.781521,0.261848
main,programme_income_pandemic_per_head,high,high,2015,219.592913,56.107034,43.531844,0.255505
main,programme_income_pandemic_per_head,high,high,2016,221.828911,57.090899,44.716228,0.257365
main,programme_income_pandemic_per_head,high,high,2017,214.681904,49.820156,39.720123,0.232065
main,programme_income_pandemic_per_head,high,high,2018,216.171488,49.751026,40.573733,0.230146
main,programme_income_pandemic_per_head,high,high,2019,217.446289,47.033375,38.990364,0.216299
main,programme_income_pandemic_per_head,high,high,2020,360.771374,193.82692,162.841625,0.537257
main,programme_income_pandemic_per_head,high,high,2021,363.934625,213.345948,187.420166,0.586221
main,programme_income_pandemic_per_head,high,high,2022,231.036567,77.792875,73.20015,0.336712
main,programme_income_pandemic_per_head,high,high,2023,237.384616,73.091996,71.32163,0.307905
main,programme_income_pandemic_per_head,high,high,2024,245.539225,66.444224,66.444224,0.270605
main,whole_flat,high,high,2005,168.656374,45.639315,29.67567,0.270605
main,whole_flat,high,high,2006,178.466554,48.294002,32.370165,0.270605
main,whole_flat,high,high,2007,183.678549,49.704395,34.218236,0.270605
main,whole_flat,high,high,2008,193.575575,52.382583,36.756931,0.270605
main,whole_flat,high,high,2009,199.566477,54.003753,38.1283,0.270605
main,whole_flat,high,high,2010,207.374127,56.116545,40.101398,0.270605
main,whole_flat,high,high,2011,211.330419,57.187139,41.70948,0.270605
main,whole_flat,high,high,2012,214.357499,58.006283,43.094967,0.270605
main,whole_flat,high,high,2013,217.805313,58.93928,44.533394,0.270605
main,whole_flat,high,high,2014,222.430781,60.190956,46.270946,0.270605
main,whole_flat,high,high,2015,225.431479,61.002961,47.330454,0.270605
main,whole_flat,high,high,2016,228.318948,61.784325,48.392336,0.270605
main,whole_flat,high,high,2017,230.916201,62.487156,49.819144,0.270605
main,whole_flat,high,high,2018,232.922829,63.03016,51.40334,0.270605
main,whole_flat,high,high,2019,234.180432,63.370474,52.533713,0.270605
main,whole_flat,high,high,2020,234.336433,63.412689,53.275496,0.270605
main,whole_flat,high,high,2021,234.492334,63.454877,55.743845,0.270605
main,whole_flat,high,high,2022,235.61892,63.759737,59.995499,0.270605
main,whole_flat,high,high,2023,239.250817,64.742548,63.174414,0.270605
main,whole_flat,high,high,2024,245.53923,66.444226,66.444226,0.270605
main,whole_ratio,high,high,2005,88.272974,23.887138,15.531934,0.270605
main,whole_ratio,high,high,2006,86.541754,23.41866,15.696895,0.270605
main,whole_ratio,high,high,2007,96.139249,26.015794,17.910178,0.270605
main,whole_ratio,high,high,2008,139.277675,37.689282,26.446621,0.270605
main,whole_ratio,high,high,2009,204.045977,55.21593,38.984134,0.270605
main,whole_ratio,high,high,2010,215.311727,58.264502,41.636348,0.270605
main,whole_ratio,high,high,2011,205.324219,55.561829,40.524059,0.270605
main,whole_ratio,high,high,2012,191.288099,51.76358,38.457037,0.270605
main,whole_ratio,high,high,2013,155.180313,41.992621,31.728822,0.270605
main,whole_ratio,high,high,2014,151.592581,41.021761,31.534898,0.270605
main,whole_ratio,high,high,2015,149.189179,40.371388,31.323006,0.270605
main,whole_ratio,high,high,2016,161.530948,43.711136,34.23658,0.270605
main,whole_ratio,high,high,2017,165.944401,44.90544,35.801767,0.270605
main,whole_ratio,high,high,2018,178.104529,48.196036,39.305583,0.270605
main,whole_ratio,high,high,2019,191.064832,51.703163,42.861587,0.270605
main,whole_ratio,high,high,2020,338.245133,91.530938,76.898744,0.270605
main,whole_ratio,high,high,2021,304.484934,82.395248,72.382584,0.270605
main,whole_ratio,high,high,2022,167.83962,45.418297,42.736898,0.270605
main,whole_ratio,high,high,2023,226.053317,61.171234,59.689601,0.270605
main,whole_ratio,high,high,2024,245.53923,66.444226,66.444226,0.270605
main,whole_income,high,high,2005,129.558374,35.059187,22.796242,0.270605
main,whole_income,high,high,2006,132.337254,35.811167,24.003258,0.270605
main,whole_income,high,high,2007,143.827549,38.920502,26.794228,0.270605
main,whole_income,high,high,2008,187.142475,50.641752,35.535387,0.270605
main,whole_income,high,high,2009,252.644977,68.367079,48.269246,0.270605
main,whole_income,high,high,2010,268.583827,72.680216,51.93795,0.270605
main,whole_income,high,high,2011,261.413019,70.739758,51.594092,0.270605
main,whole_income,high,high,2012,246.952399,66.826637,49.647927,0.270605
main,whole_income,high,high,2013,217.868013,58.956247,44.546214,0.270605
main,whole_income,high,high,2014,210.806481,57.045358,43.852812,0.270605
main,whole_income,high,high,2015,206.678979,55.928434,43.393274,0.270605
main,whole_income,high,high,2016,212.146048,57.407852,44.96448,0.270605
main,whole_income,high,high,2017,209.128001,56.591153,45.118437,0.270605
main,whole_income,high,high,2018,217.842029,58.949215,48.075184,0.270605
main,whole_income,high,high,2019,225.252832,60.954618,50.530984,0.270605
main,whole_income,high,high,2020,364.604433,98.663905,82.89143,0.270605
main,whole_income,high,high,2021,325.001034,87.947014,77.2597,0.270605
main,whole_income,high,high,2022,184.35022,49.886153,46.940982,0.270605
main,whole_income,high,high,2023,235.096217,63.618291,62.077388,0.270605
main,whole_income,high,high,2024,245.53923,66.444226,66.444226,0.270605
main,whole_ratio_federal_series,high,high,2005,88.272974,0.030623,0.019912,0.000347
main,whole_ratio_federal_series,high,high,2006,86.541754,-6.824012,-4.573951,-0.078852
main,whole_ratio_federal_series,high,high,2007,96.139249,-5.350074,-3.683177,-0.055649
main,whole_ratio_federal_series,high,high,2008,139.277675,20.326878,14.263398,0.145945
main,whole_ratio_federal_series,high,high,2009,204.045977,66.72747,47.111632,0.327022
main,whole_ratio_federal_series,high,high,2010,215.311727,71.420442,51.037704,0.331707
main,whole_ratio_federal_series,high,high,2011,205.324219,63.695435,46.45631,0.310219
main,whole_ratio_federal_series,high,high,2012,191.288099,50.60498,37.596271,0.264548
main,whole_ratio_federal_series,high,high,2013,155.180313,16.163309,12.212687,0.104158
main,whole_ratio_federal_series,high,high,2014,151.592581,11.981508,9.210615,0.079038
main,whole_ratio_federal_series,high,high,2015,149.189179,8.100661,6.285071,0.054298
main,whole_ratio_federal_series,high,high,2016,161.530948,15.428952,12.084667,0.095517
main,whole_ratio_federal_series,high,high,2017,165.944401,19.519627,15.562416,0.117628
main,whole_ratio_federal_series,high,high,2018,178.104529,29.625575,24.160711,0.166338
main,whole_ratio_federal_series,high,high,2019,191.064832,37.043952,30.709196,0.193882
main,whole_ratio_federal_series,high,high,2020,338.245133,157.152192,132.029743,0.46461
main,whole_ratio_federal_series,high,high,2021,304.484934,139.28633,122.360267,0.457449
main,whole_ratio_federal_series,high,high,2022,167.83962,21.457498,20.190694,0.127845
main,whole_ratio_federal_series,high,high,2023,226.053317,60.786509,59.314195,0.268903
main,whole_ratio_federal_series,high,high,2024,245.53923,66.444224,66.444224,0.270605
main,whole_income_federal_series,high,high,2005,129.558374,25.947407,16.871565,0.200276
main,whole_income_federal_series,high,high,2006,132.337254,22.2048,14.883278,0.167789
main,whole_income_federal_series,high,high,2007,143.827549,24.931001,17.163368,0.17334
main,whole_income_federal_series,high,high,2008,187.142475,50.340608,35.324074,0.268996
main,whole_income_federal_series,high,high,2009,252.644977,96.249632,67.955181,0.380968
main,whole_income_federal_series,high,high,2010,268.583827,104.62833,74.768365,0.389556
main,whole_income_federal_series,high,high,2011,261.413019,98.738013,72.014639,0.377709
main,whole_income_federal_series,high,high,2012,246.952399,85.558623,63.564597,0.346458
main,whole_income_federal_series,high,high,2013,217.868013,56.969625,43.04516,0.261487
main,whole_income_federal_series,high,high,2014,210.806481,50.671115,38.952702,0.240368
main,whole_income_federal_series,high,high,2015,206.678979,45.670486,35.434425,0.220973
main,whole_income_federal_series,high,high,2016,212.146048,48.365312,37.881945,0.227981
main,whole_income_federal_series,high,high,2017,209.128001,47.308327,37.717517,0.226217
main,whole_income_federal_series,high,high,2018,217.842029,54.919518,44.788823,0.252107
main,whole_income_federal_series,high,high,2019,225.252832,58.617964,48.593913,0.260232
main,whole_income_federal_series,high,high,2020,364.604433,173.818861,146.032067,0.476733
main,whole_income_federal_series,high,high,2021,325.001034,152.492812,133.961899,0.469207
main,whole_income_federal_series,high,high,2022,184.35022,32.210089,30.308475,0.174722
main,whole_income_federal_series,high,high,2023,235.096217,66.613217,64.999774,0.283344
main,whole_income_federal_series,high,high,2024,245.53923,66.444224,66.444224,0.270605
proportional,programme,low,central,2005,134.156354,-10.286337,-6.688399,-0.076674
proportional,programme,low,central,2006,138.782944,-14.790899,-9.91394,-0.106576
proportional,programme,low,central,2007,148.31874,-18.562326,-12.778951,-0.125152
proportional,programme,low,central,2008,194.616748,11.517651,8.081951,0.059181
proportional,programme,low,central,2009,245.064338,56.764804,40.077686,0.231632
proportional,programme,low,central,2010,270.118889,80.735661,57.694444,0.298889
proportional,programme,low,central,2011,256.623065,67.496687,49.228756,0.263019
proportional,programme,low,central,2012,236.576381,45.461064,33.774669,0.192162
proportional,programme,low,central,2013,217.134988,19.641572,14.840796,0.090458
proportional,programme,low,central,2014,218.423733,16.378148,12.590469,0.074983
proportional,programme,low,central,2015,221.797456,15.330415,11.894431,0.069119
proportional,programme,low,central,2016,229.827964,19.258485,15.084134,0.083795
proportional,programme,low,central,2017,228.035237,15.56113,12.406425,0.06824
proportional,programme,low,central,2018,233.800599,17.169448,14.002296,0.073436
proportional,programme,low,central,2019,239.976925,16.558845,13.727176,0.069002
proportional,programme,low,central,2020,409.048033,198.362538,166.652177,0.484937
proportional,programme,low,central,2021,431.674009,241.077806,211.782052,0.558472
proportional,programme,low,central,2022,271.532894,56.256842,52.935559,0.207182
proportional,programme,low,central,2023,281.43055,52.955655,51.673013,0.188166
proportional,programme,low,central,2024,301.049352,53.294255,53.294255,0.177028
proportional,programme_income,low,central,2005,166.851675,12.593412,8.188509,0.075477
proportional,programme_income,low,central,2006,174.525242,10.318782,6.916401,0.059125
proportional,programme_income,low,central,2007,185.73528,7.918193,5.451159,0.042632
proportional,programme_income,low,central,2008,233.497975,39.093445,27.431924,0.167425
proportional,programme_income,low,central,2009,284.68968,84.448418,59.623163,0.296633
proportional,programme_income,low,central,2010,312.79968,110.586005,79.025774,0.353536
proportional,programme_income,low,central,2011,301.048386,98.271635,71.674486,0.326431
proportional,programme_income,low,central,2012,280.472114,75.820937,56.330118,0.270333
proportional,programme_income,low,central,2013,266.290074,54.409215,41.110563,0.204323
proportional,programme_income,low,central,2014,265.11324,49.591811,38.123003,0.187059
proportional,programme_income,low,central,2015,267.583376,48.050905,37.281324,0.179574
proportional,programme_income,low,central,2016,270.54116,48.308965,37.837811,0.178564
proportional,programme_income,low,central,2017,263.419709,40.726699,32.470181,0.154608
proportional,programme_income,low,central,2018,266.661336,40.435145,32.976301,0.151635
proportional,programme_income,low,central,2019,268.467571,36.705698,30.428786,0.136723
proportional,programme_income,low,central,2020,430.779097,213.77093,179.597373,0.496243
proportional,programme_income,low,central,2021,448.319707,252.875417,222.146017,0.564052
proportional,programme_income,low,central,2022,284.825481,65.793574,61.909262,0.230996
proportional,programme_income,low,central,2023,288.872315,58.270013,56.858652,0.201715
proportional,programme_income,low,central,2024,301.049352,53.294255,53.294255,0.177028
proportional,programme_ex_pandemic,low,central,2005,134.156354,-10.286337,-6.688399,-0.076674
proportional,programme_ex_pandemic,low,central,2006,138.782944,-14.790899,-9.91394,-0.106576
proportional,programme_ex_pandemic,low,central,2007,148.31874,-18.562326,-12.778951,-0.125152
proportional,programme_ex_pandemic,low,central,2008,194.616748,11.517651,8.081951,0.059181
proportional,programme_ex_pandemic,low,central,2009,245.064338,56.764804,40.077686,0.231632
proportional,programme_ex_pandemic,low,central,2010,270.118889,80.735661,57.694444,0.298889
proportional,programme_ex_pandemic,low,central,2011,256.623065,67.496687,49.228756,0.263019
proportional,programme_ex_pandemic,low,central,2012,236.576381,45.461064,33.774669,0.192162
proportional,programme_ex_pandemic,low,central,2013,217.134988,19.641572,14.840796,0.090458
proportional,programme_ex_pandemic,low,central,2014,218.423733,16.378148,12.590469,0.074983
proportional,programme_ex_pandemic,low,central,2015,221.797456,15.330415,11.894431,0.069119
proportional,programme_ex_pandemic,low,central,2016,229.827964,19.258485,15.084134,0.083795
proportional,programme_ex_pandemic,low,central,2017,228.035237,15.56113,12.406425,0.06824
proportional,programme_ex_pandemic,low,central,2018,233.800599,17.169448,14.002296,0.073436
proportional,programme_ex_pandemic,low,central,2019,239.976925,16.558845,13.727176,0.069002
proportional,programme_ex_pandemic,low,central,2020,255.75491,36.407844,30.587663,0.142354
proportional,programme_ex_pandemic,low,central,2021,255.75491,36.407844,31.983566,0.142354
proportional,programme_ex_pandemic,low,central,2022,271.532894,56.256842,52.935559,0.207182
proportional,programme_ex_pandemic,low,central,2023,281.43055,52.955655,51.673013,0.188166
proportional,programme_ex_pandemic,low,central,2024,301.049352,53.294255,53.294255,0.177028
proportional,programme_income_ex_pandemic,low,central,2005,166.851675,12.593412,8.188509,0.075477
proportional,programme_income_ex_pandemic,low,central,2006,174.525242,10.318782,6.916401,0.059125
proportional,programme_income_ex_pandemic,low,central,2007,185.73528,7.918193,5.451159,0.042632
proportional,programme_income_ex_pandemic,low,central,2008,233.497975,39.093445,27.431924,0.167425
proportional,programme_income_ex_pandemic,low,central,2009,284.68968,84.448418,59.623163,0.296633
proportional,programme_income_ex_pandemic,low,central,2010,312.79968,110.586005,79.025774,0.353536
proportional,programme_income_ex_pandemic,low,central,2011,301.048386,98.271635,71.674486,0.326431
proportional,programme_income_ex_pandemic,low,central,2012,280.472114,75.820937,56.330118,0.270333
proportional,programme_income_ex_pandemic,low,central,2013,266.290074,54.409215,41.110563,0.204323
proportional,programme_income_ex_pandemic,low,central,2014,265.11324,49.591811,38.123003,0.187059
proportional,programme_income_ex_pandemic,low,central,2015,267.583376,48.050905,37.281324,0.179574
proportional,programme_income_ex_pandemic,low,central,2016,270.54116,48.308965,37.837811,0.178564
proportional,programme_income_ex_pandemic,low,central,2017,263.419709,40.726699,32.470181,0.154608
proportional,programme_income_ex_pandemic,low,central,2018,266.661336,40.435145,32.976301,0.151635
proportional,programme_income_ex_pandemic,low,central,2019,268.467571,36.705698,30.428786,0.136723
proportional,programme_income_ex_pandemic,low,central,2020,276.646526,51.249636,43.056836,0.185253
proportional,programme_income_ex_pandemic,low,central,2021,276.646526,51.249636,45.021785,0.185253
proportional,programme_income_ex_pandemic,low,central,2022,284.825481,65.793574,61.909262,0.230996
proportional,programme_income_ex_pandemic,low,central,2023,288.872315,58.270013,56.858652,0.201715
proportional,programme_income_ex_pandemic,low,central,2024,301.049352,53.294255,53.294255,0.177028
proportional,programme_pandemic_per_head,low,central,2005,134.156354,-10.286337,-6.688399,-0.076674
proportional,programme_pandemic_per_head,low,central,2006,138.782944,-14.790899,-9.91394,-0.106576
proportional,programme_pandemic_per_head,low,central,2007,148.31874,-18.562326,-12.778951,-0.125152
proportional,programme_pandemic_per_head,low,central,2008,194.616748,11.517651,8.081951,0.059181
proportional,programme_pandemic_per_head,low,central,2009,245.064338,56.764804,40.077686,0.231632
proportional,programme_pandemic_per_head,low,central,2010,270.118889,80.735661,57.694444,0.298889
proportional,programme_pandemic_per_head,low,central,2011,256.623065,67.496687,49.228756,0.263019
proportional,programme_pandemic_per_head,low,central,2012,236.576381,45.461064,33.774669,0.192162
proportional,programme_pandemic_per_head,low,central,2013,217.134988,19.641572,14.840796,0.090458
proportional,programme_pandemic_per_head,low,central,2014,218.423733,16.378148,12.590469,0.074983
proportional,programme_pandemic_per_head,low,central,2015,221.797456,15.330415,11.894431,0.069119
proportional,programme_pandemic_per_head,low,central,2016,229.827964,19.258485,15.084134,0.083795
proportional,programme_pandemic_per_head,low,central,2017,228.035237,15.56113,12.406425,0.06824
proportional,programme_pandemic_per_head,low,central,2018,233.800599,17.169448,14.002296,0.073436
proportional,programme_pandemic_per_head,low,central,2019,239.976925,16.558845,13.727176,0.069002
proportional,programme_pandemic_per_head,low,central,2020,396.994061,186.308566,156.52516,0.469298
proportional,programme_pandemic_per_head,low,central,2021,402.325266,211.729063,185.999765,0.526263
proportional,programme_pandemic_per_head,low,central,2022,265.261912,49.98586,47.034802,0.18844
proportional,programme_pandemic_per_head,low,central,2023,281.43055,52.955655,51.673013,0.188166
proportional,programme_pandemic_per_head,low,central,2024,301.049352,53.294255,53.294255,0.177028
proportional,programme_income_pandemic_per_head,low,central,2005,166.851675,12.593412,8.188509,0.075477
proportional,programme_income_pandemic_per_head,low,central,2006,174.525242,10.318782,6.916401,0.059125
proportional,programme_income_pandemic_per_head,low,central,2007,185.73528,7.918193,5.451159,0.042632
proportional,programme_income_pandemic_per_head,low,central,2008,233.497975,39.093445,27.431924,0.167425
proportional,programme_income_pandemic_per_head,low,central,2009,284.68968,84.448418,59.623163,0.296633
proportional,programme_income_pandemic_per_head,low,central,2010,312.79968,110.586005,79.025774,0.353536
proportional,programme_income_pandemic_per_head,low,central,2011,301.048386,98.271635,71.674486,0.326431
proportional,programme_income_pandemic_per_head,low,central,2012,280.472114,75.820937,56.330118,0.270333
proportional,programme_income_pandemic_per_head,low,central,2013,266.290074,54.409215,41.110563,0.204323
proportional,programme_income_pandemic_per_head,low,central,2014,265.11324,49.591811,38.123003,0.187059
proportional,programme_income_pandemic_per_head,low,central,2015,267.583376,48.050905,37.281324,0.179574
proportional,programme_income_pandemic_per_head,low,central,2016,270.54116,48.308965,37.837811,0.178564
proportional,programme_income_pandemic_per_head,low,central,2017,263.419709,40.726699,32.470181,0.154608
proportional,programme_income_pandemic_per_head,low,central,2018,266.661336,40.435145,32.976301,0.151635
proportional,programme_income_pandemic_per_head,low,central,2019,268.467571,36.705698,30.428786,0.136723
proportional,programme_income_pandemic_per_head,low,central,2020,418.725125,201.716957,169.470356,0.481741
proportional,programme_income_pandemic_per_head,low,central,2021,418.970964,223.526674,196.363731,0.533514
proportional,programme_income_pandemic_per_head,low,central,2022,278.554499,59.522591,56.008505,0.213684
proportional,programme_income_pandemic_per_head,low,central,2023,288.872315,58.270013,56.858652,0.201715
proportional,programme_income_pandemic_per_head,low,central,2024,301.049352,53.294255,53.294255,0.177028
proportional,whole_flat,low,central,2005,206.785248,36.606841,23.80256,0.177028
proportional,whole_flat,low,central,2006,218.813322,38.73615,25.963795,0.177028
proportional,whole_flat,low,central,2007,225.203614,39.867413,27.446114,0.177028
proportional,whole_flat,low,central,2008,237.338005,42.015544,29.482365,0.177028
proportional,whole_flat,low,central,2009,244.683349,43.315877,30.582333,0.177028
proportional,whole_flat,low,central,2010,254.256146,45.010533,32.16494,0.177028
proportional,whole_flat,low,central,2011,259.106845,45.869244,33.454766,0.177028
proportional,whole_flat,low,central,2012,262.818237,46.526266,34.566046,0.177028
proportional,whole_flat,low,central,2013,267.045523,47.274615,35.719796,0.177028
proportional,whole_flat,low,central,2014,272.716679,48.27857,37.113468,0.177028
proportional,whole_flat,low,central,2015,276.395796,48.929878,37.963294,0.177028
proportional,whole_flat,low,central,2016,279.936022,49.556598,38.815015,0.177028
proportional,whole_flat,low,central,2017,283.120526,50.120346,39.959455,0.177028
proportional,whole_flat,low,central,2018,285.580798,50.555883,41.230123,0.177028
proportional,whole_flat,low,central,2019,287.12269,50.828842,42.136781,0.177028
proportional,whole_flat,low,central,2020,287.31394,50.862698,42.731755,0.177028
proportional,whole_flat,low,central,2021,287.50509,50.896537,44.711595,0.177028
proportional,whole_flat,low,central,2022,288.886307,51.141052,48.121794,0.177028
proportional,whole_flat,low,central,2023,293.339318,51.929361,50.671576,0.177028
proportional,whole_flat,low,central,2024,301.049376,53.294259,53.294259,0.177028
proportional,whole_ratio,low,central,2005,115.547448,20.455168,13.300393,0.177028
proportional,whole_ratio,low,central,2006,115.941622,20.524948,13.757318,0.177028
proportional,whole_ratio,low,central,2007,127.208314,22.519472,15.503188,0.177028
proportional,whole_ratio,low,central,2008,173.680805,30.746418,21.574804,0.177028
proportional,whole_ratio,low,central,2009,241.182749,42.696172,30.144802,0.177028
proportional,whole_ratio,low,central,2010,255.095146,45.15906,32.271079,0.177028
proportional,whole_ratio,low,central,2011,245.297345,43.424572,31.671742,0.177028
proportional,whole_ratio,low,central,2012,230.977137,40.88949,30.378282,0.177028
proportional,whole_ratio,low,central,2013,194.968323,34.514911,26.078807,0.177028
proportional,whole_ratio,low,central,2014,192.297779,34.042149,26.16942,0.177028
proportional,whole_ratio,low,central,2015,190.944096,33.802509,26.2264,0.177028
proportional,whole_ratio,low,central,2016,204.330122,36.172214,28.331748,0.177028
proportional,whole_ratio,low,central,2017,209.394026,37.068669,29.553743,0.177028
proportional,whole_ratio,low,central,2018,222.899198,39.459466,32.1806,0.177028
proportional,whole_ratio,low,central,2019,237.64649,42.070154,34.875885,0.177028
proportional,whole_ratio,low,central,2020,395.84594,70.075934,58.87355,0.177028
proportional,whole_ratio,low,central,2021,362.86279,64.236983,56.43091,0.177028
proportional,whole_ratio,low,central,2022,218.157107,38.619982,36.339941,0.177028
proportional,whole_ratio,low,central,2023,278.070818,49.226404,48.034088,0.177028
proportional,whole_ratio,low,central,2024,301.049376,53.294259,53.294259,0.177028
proportional,whole_income,low,central,2005,156.832848,27.763853,18.052658,0.177028
proportional,whole_income,low,central,2006,161.737122,28.632048,19.191288,0.177028
proportional,whole_income,low,central,2007,174.896614,30.96165,21.315078,0.177028
proportional,whole_income,low,central,2008,221.545705,39.21986,27.520629,0.177028
proportional,whole_income,low,central,2009,289.781849,51.299588,36.219076,0.177028
proportional,whole_income,low,central,2010,308.367246,54.589729,39.010322,0.177028
proportional,whole_income,low,central,2011,301.386045,53.353859,38.913675,0.177028
proportional,whole_income,low,central,2012,286.641437,50.743646,37.699291,0.177028
proportional,whole_income,low,central,2013,257.656023,45.612408,34.463864,0.177028
proportional,whole_income,low,central,2014,251.511679,44.524685,34.227722,0.177028
proportional,whole_income,low,central,2015,248.433896,43.97983,34.122693,0.177028
proportional,whole_income,low,central,2016,254.945222,45.132519,35.349873,0.177028
proportional,whole_income,low,central,2017,252.577526,44.71337,35.648635,0.177028
proportional,whole_income,low,central,2018,262.636698,46.494128,37.917617,0.177028
proportional,whole_income,low,central,2019,271.83459,48.122415,39.893171,0.177028
proportional,whole_income,low,central,2020,422.20524,74.742276,62.793928,0.177028
proportional,whole_income,low,central,2021,383.37889,67.868913,59.621489,0.177028
proportional,whole_income,low,central,2022,234.667707,41.542825,39.090226,0.177028
proportional,whole_income,low,central,2023,287.113718,50.827254,49.596163,0.177028
proportional,whole_income,low,central,2024,301.049376,53.294259,53.294259,0.177028
proportional,whole_ratio_federal_series,low,central,2005,115.547448,-5.849464,-3.803448,-0.050624
proportional,whole_ratio_federal_series,low,central,2006,115.941622,-13.17628,-8.831705,-0.113646
proportional,whole_ratio_federal_series,low,central,2007,127.208314,-12.036674,-8.286465,-0.094622
proportional,whole_ratio_federal_series,low,central,2008,173.680805,12.825274,8.999512,0.073844
proportional,whole_ratio_federal_series,low,central,2009,241.182749,58.447554,41.265759,0.242337
proportional,whole_ratio_federal_series,low,central,2010,255.095146,62.315453,44.531195,0.244283
proportional,whole_ratio_federal_series,low,central,2011,245.297345,54.572467,39.802467,0.222475
proportional,whole_ratio_federal_series,low,central,2012,230.977137,41.671761,30.959459,0.180415
proportional,whole_ratio_federal_series,low,central,2013,194.968323,7.312741,5.525367,0.037507
proportional,whole_ratio_federal_series,low,central,2014,192.297779,2.890912,2.222348,0.015034
proportional,whole_ratio_federal_series,low,central,2015,190.944096,-1.230084,-0.954387,-0.006442
proportional,whole_ratio_federal_series,low,central,2016,204.330122,5.856405,4.587007,0.028661
proportional,whole_ratio_federal_series,low,central,2017,209.394026,9.816398,7.826321,0.04688
proportional,whole_ratio_federal_series,low,central,2018,222.899198,19.555135,15.947909,0.087731
proportional,whole_ratio_federal_series,low,central,2019,237.64649,26.564455,22.021761,0.111781
proportional,whole_ratio_federal_series,low,central,2020,395.84594,142.576778,119.784364,0.360182
proportional,whole_ratio_federal_series,low,central,2021,362.86279,124.186166,109.095074,0.34224
proportional,whole_ratio_federal_series,low,central,2022,218.157107,9.573607,9.008402,0.043884
proportional,whole_ratio_federal_series,low,central,2023,278.070818,48.506085,47.331216,0.174438
proportional,whole_ratio_federal_series,low,central,2024,301.049376,53.294255,53.294255,0.177028
proportional,whole_income_federal_series,low,central,2005,156.832848,20.06732,13.048206,0.127954
proportional,whole_income_federal_series,low,central,2006,161.737122,15.852532,10.625524,0.098014
proportional,whole_income_federal_series,low,central,2007,174.896614,18.2444,12.56008,0.104315
proportional,whole_income_federal_series,low,central,2008,221.545705,42.839004,30.060188,0.193364
proportional,whole_income_federal_series,low,central,2009,289.781849,87.969716,62.109307,0.303572
proportional,whole_income_federal_series,low,central,2010,308.367246,95.523341,68.261857,0.309771
proportional,whole_income_federal_series,low,central,2011,301.386045,89.615045,65.360796,0.297343
proportional,whole_income_federal_series,low,central,2012,286.641437,76.625404,56.927786,0.267321
proportional,whole_income_federal_series,low,central,2013,257.656023,48.119057,36.35784,0.186757
proportional,whole_income_federal_series,low,central,2014,251.511679,41.580519,31.964435,0.165322
proportional,whole_income_federal_series,low,central,2015,248.433896,36.339742,28.194967,0.146275
proportional,whole_income_federal_series,low,central,2016,254.945222,38.792766,30.384285,0.152161
proportional,whole_income_federal_series,low,central,2017,252.577526,37.605098,29.981422,0.148885
proportional,whole_income_federal_series,low,central,2018,262.636698,44.849079,36.576021,0.170765
proportional,whole_income_federal_series,low,central,2019,271.83459,48.138467,39.906478,0.177087
proportional,whole_income_federal_series,low,central,2020,422.20524,159.243447,133.786688,0.377171
proportional,whole_income_federal_series,low,central,2021,383.37889,137.392649,120.696706,0.358373
proportional,whole_income_federal_series,low,central,2022,234.667707,20.326198,19.126183,0.086617
proportional,whole_income_federal_series,low,central,2023,287.113718,54.332793,53.016795,0.189238
proportional,whole_income_federal_series,low,central,2024,301.049376,53.294255,53.294255,0.177028
proportional,programme,low,low,2005,134.156354,-26.869217,-17.470946,-0.200283
proportional,programme,low,low,2006,138.782944,-32.076511,-21.500019,-0.231127
proportional,programme,low,low,2007,148.31874,-35.275117,-24.284618,-0.237833
proportional,programme,low,low,2008,194.616748,-5.944448,-4.171227,-0.030544
proportional,programme,low,low,2009,245.064338,34.416212,24.298897,0.140437
proportional,programme,low,low,2010,270.118889,54.851363,39.197287,0.203064
proportional,programme,low,low,2011,256.623065,43.801642,31.946758,0.170685
proportional,programme,low,low,2012,236.576381,26.12522,19.409372,0.11043
proportional,programme,low,low,2013,217.134988,1.495971,1.130327,0.00689
proportional,programme,low,low,2014,218.423733,-1.197537,-0.920589,-0.005483
proportional,programme,low,low,2015,221.797456,-1.790438,-1.38915,-0.008072
proportional,programme,low,low,2016,229.827964,2.295322,1.797802,0.009987
proportional,programme,low,low,2017,228.035237,-1.364033,-1.087503,-0.005982
proportional,programme,low,low,2018,233.800599,0.026043,0.021239,0.000111
proportional,programme,low,low,2019,239.976925,-0.408022,-0.338248,-0.0017
proportional,programme,low,low,2020,409.048033,163.197046,137.108262,0.398968
proportional,programme,low,low,2021,431.674009,189.995702,166.90744,0.440137
proportional,programme,low,low,2022,271.532894,23.854011,22.445721,0.087849
proportional,programme,low,low,2023,281.43055,21.95866,21.426798,0.078025
proportional,programme,low,low,2024,301.049352,25.430428,25.430428,0.084473
proportional,programme_income,low,low,2005,166.851675,-3.989468,-2.594039,-0.02391
proportional,programme_income,low,low,2006,174.525242,-6.96683,-4.669678,-0.039919
proportional,programme_income,low,low,2007,185.73528,-8.794599,-6.054508,-0.04735
proportional,programme_income,low,low,2008,233.497975,21.631347,15.178746,0.09264
proportional,programme_income,low,low,2009,284.68968,62.099826,43.844375,0.218132
proportional,programme_income,low,low,2010,312.79968,84.701707,60.528617,0.270786
proportional,programme_income,low,low,2011,301.048386,74.576589,54.392488,0.247723
proportional,programme_income,low,low,2012,280.472114,56.485093,41.96482,0.201393
proportional,programme_income,low,low,2013,266.290074,36.263615,27.400094,0.136181
proportional,programme_income,low,low,2014,265.11324,32.016126,24.611944,0.120764
proportional,programme_income,low,low,2015,267.583376,30.930051,23.997742,0.11559
proportional,programme_income,low,low,2016,270.54116,31.345801,24.551479,0.115863
proportional,programme_income,low,low,2017,263.419709,23.801536,18.976254,0.090356
proportional,programme_income,low,low,2018,266.661336,23.29174,18.995243,0.087346
proportional,programme_income,low,low,2019,268.467571,19.73883,16.363362,0.073524
proportional,programme_income,low,low,2020,430.779097,178.605437,150.053458,0.41461
proportional,programme_income,low,low,2021,448.319707,201.793312,177.271406,0.45011
proportional,programme_income,low,low,2022,284.825481,33.390742,31.419425,0.117232
proportional,programme_income,low,low,2023,288.872315,27.273018,26.612437,0.094412
proportional,programme_income,low,low,2024,301.049352,25.430428,25.430428,0.084473
proportional,programme_ex_pandemic,low,low,2005,134.156354,-26.869217,-17.470946,-0.200283
proportional,programme_ex_pandemic,low,low,2006,138.782944,-32.076511,-21.500019,-0.231127
proportional,programme_ex_pandemic,low,low,2007,148.31874,-35.275117,-24.284618,-0.237833
proportional,programme_ex_pandemic,low,low,2008,194.616748,-5.944448,-4.171227,-0.030544
proportional,programme_ex_pandemic,low,low,2009,245.064338,34.416212,24.298897,0.140437
proportional,programme_ex_pandemic,low,low,2010,270.118889,54.851363,39.197287,0.203064
proportional,programme_ex_pandemic,low,low,2011,256.623065,43.801642,31.946758,0.170685
proportional,programme_ex_pandemic,low,low,2012,236.576381,26.12522,19.409372,0.11043
proportional,programme_ex_pandemic,low,low,2013,217.134988,1.495971,1.130327,0.00689
proportional,programme_ex_pandemic,low,low,2014,218.423733,-1.197537,-0.920589,-0.005483
proportional,programme_ex_pandemic,low,low,2015,221.797456,-1.790438,-1.38915,-0.008072
proportional,programme_ex_pandemic,low,low,2016,229.827964,2.295322,1.797802,0.009987
proportional,programme_ex_pandemic,low,low,2017,228.035237,-1.364033,-1.087503,-0.005982
proportional,programme_ex_pandemic,low,low,2018,233.800599,0.026043,0.021239,0.000111
proportional,programme_ex_pandemic,low,low,2019,239.976925,-0.408022,-0.338248,-0.0017
proportional,programme_ex_pandemic,low,low,2020,255.75491,11.722994,9.848949,0.045837
proportional,programme_ex_pandemic,low,low,2021,255.75491,11.722994,10.298417,0.045837
proportional,programme_ex_pandemic,low,low,2022,271.532894,23.854011,22.445721,0.087849
proportional,programme_ex_pandemic,low,low,2023,281.43055,21.95866,21.426798,0.078025
proportional,programme_ex_pandemic,low,low,2024,301.049352,25.430428,25.430428,0.084473
proportional,programme_income_ex_pandemic,low,low,2005,166.851675,-3.989468,-2.594039,-0.02391
proportional,programme_income_ex_pandemic,low,low,2006,174.525242,-6.96683,-4.669678,-0.039919
proportional,programme_income_ex_pandemic,low,low,2007,185.73528,-8.794599,-6.054508,-0.04735
proportional,programme_income_ex_pandemic,low,low,2008,233.497975,21.631347,15.178746,0.09264
proportional,programme_income_ex_pandemic,low,low,2009,284.68968,62.099826,43.844375,0.218132
proportional,programme_income_ex_pandemic,low,low,2010,312.79968,84.701707,60.528617,0.270786
proportional,programme_income_ex_pandemic,low,low,2011,301.048386,74.576589,54.392488,0.247723
proportional,programme_income_ex_pandemic,low,low,2012,280.472114,56.485093,41.96482,0.201393
proportional,programme_income_ex_pandemic,low,low,2013,266.290074,36.263615,27.400094,0.136181
proportional,programme_income_ex_pandemic,low,low,2014,265.11324,32.016126,24.611944,0.120764
proportional,programme_income_ex_pandemic,low,low,2015,267.583376,30.930051,23.997742,0.11559
proportional,programme_income_ex_pandemic,low,low,2016,270.54116,31.345801,24.551479,0.115863
proportional,programme_income_ex_pandemic,low,low,2017,263.419709,23.801536,18.976254,0.090356
proportional,programme_income_ex_pandemic,low,low,2018,266.661336,23.29174,18.995243,0.087346
proportional,programme_income_ex_pandemic,low,low,2019,268.467571,19.73883,16.363362,0.073524
proportional,programme_income_ex_pandemic,low,low,2020,276.646526,26.564786,22.318123,0.096024
proportional,programme_income_ex_pandemic,low,low,2021,276.646526,26.564786,23.336636,0.096024
proportional,programme_income_ex_pandemic,low,low,2022,284.825481,33.390742,31.419425,0.117232
proportional,programme_income_ex_pandemic,low,low,2023,288.872315,27.273018,26.612437,0.094412
proportional,programme_income_ex_pandemic,low,low,2024,301.049352,25.430428,25.430428,0.084473
proportional,programme_pandemic_per_head,low,low,2005,134.156354,-26.869217,-17.470946,-0.200283
proportional,programme_pandemic_per_head,low,low,2006,138.782944,-32.076511,-21.500019,-0.231127
proportional,programme_pandemic_per_head,low,low,2007,148.31874,-35.275117,-24.284618,-0.237833
proportional,programme_pandemic_per_head,low,low,2008,194.616748,-5.944448,-4.171227,-0.030544
proportional,programme_pandemic_per_head,low,low,2009,245.064338,34.416212,24.298897,0.140437
proportional,programme_pandemic_per_head,low,low,2010,270.118889,54.851363,39.197287,0.203064
proportional,programme_pandemic_per_head,low,low,2011,256.623065,43.801642,31.946758,0.170685
proportional,programme_pandemic_per_head,low,low,2012,236.576381,26.12522,19.409372,0.11043
proportional,programme_pandemic_per_head,low,low,2013,217.134988,1.495971,1.130327,0.00689
proportional,programme_pandemic_per_head,low,low,2014,218.423733,-1.197537,-0.920589,-0.005483
proportional,programme_pandemic_per_head,low,low,2015,221.797456,-1.790438,-1.38915,-0.008072
proportional,programme_pandemic_per_head,low,low,2016,229.827964,2.295322,1.797802,0.009987
proportional,programme_pandemic_per_head,low,low,2017,228.035237,-1.364033,-1.087503,-0.005982
proportional,programme_pandemic_per_head,low,low,2018,233.800599,0.026043,0.021239,0.000111
proportional,programme_pandemic_per_head,low,low,2019,239.976925,-0.408022,-0.338248,-0.0017
proportional,programme_pandemic_per_head,low,low,2020,396.994061,151.143074,126.981246,0.380719
proportional,programme_pandemic_per_head,low,low,2021,402.325266,160.646959,141.125154,0.399296
proportional,programme_pandemic_per_head,low,low,2022,265.261912,17.583028,16.544964,0.066286
proportional,programme_pandemic_per_head,low,low,2023,281.43055,21.95866,21.426798,0.078025
proportional,programme_pandemic_per_head,low,low,2024,301.049352,25.430428,25.430428,0.084473
proportional,programme_income_pandemic_per_head,low,low,2005,166.851675,-3.989468,-2.594039,-0.02391
proportional,programme_income_pandemic_per_head,low,low,2006,174.525242,-6.96683,-4.669678,-0.039919
proportional,programme_income_pandemic_per_head,low,low,2007,185.73528,-8.794599,-6.054508,-0.04735
proportional,programme_income_pandemic_per_head,low,low,2008,233.497975,21.631347,15.178746,0.09264
proportional,programme_income_pandemic_per_head,low,low,2009,284.68968,62.099826,43.844375,0.218132
proportional,programme_income_pandemic_per_head,low,low,2010,312.79968,84.701707,60.528617,0.270786
proportional,programme_income_pandemic_per_head,low,low,2011,301.048386,74.576589,54.392488,0.247723
proportional,programme_income_pandemic_per_head,low,low,2012,280.472114,56.485093,41.96482,0.201393
proportional,programme_income_pandemic_per_head,low,low,2013,266.290074,36.263615,27.400094,0.136181
proportional,programme_income_pandemic_per_head,low,low,2014,265.11324,32.016126,24.611944,0.120764
proportional,programme_income_pandemic_per_head,low,low,2015,267.583376,30.930051,23.997742,0.11559
proportional,programme_income_pandemic_per_head,low,low,2016,270.54116,31.345801,24.551479,0.115863
proportional,programme_income_pandemic_per_head,low,low,2017,263.419709,23.801536,18.976254,0.090356
proportional,programme_income_pandemic_per_head,low,low,2018,266.661336,23.29174,18.995243,0.087346
proportional,programme_income_pandemic_per_head,low,low,2019,268.467571,19.73883,16.363362,0.073524
proportional,programme_income_pandemic_per_head,low,low,2020,418.725125,166.551465,139.926442,0.397758
proportional,programme_income_pandemic_per_head,low,low,2021,418.970964,172.444569,151.48912,0.411591
proportional,programme_income_pandemic_per_head,low,low,2022,278.554499,27.11976,25.518668,0.097359
proportional,programme_income_pandemic_per_head,low,low,2023,288.872315,27.273018,26.612437,0.094412
proportional,programme_income_pandemic_per_head,low,low,2024,301.049352,25.430428,25.430428,0.084473
proportional,whole_flat,low,low,2005,206.785248,17.467692,11.357871,0.084473
proportional,whole_flat,low,low,2006,218.813322,18.483735,12.389148,0.084473
proportional,whole_flat,low,low,2007,225.203614,19.02354,13.096467,0.084473
proportional,whole_flat,low,low,2008,237.338005,20.048563,14.068104,0.084473
proportional,whole_flat,low,low,2009,244.683349,20.669044,14.592976,0.084473
proportional,whole_flat,low,low,2010,254.256146,21.477683,15.348149,0.084473
proportional,whole_flat,low,low,2011,259.106845,21.887434,15.963616,0.084473
proportional,whole_flat,low,low,2012,262.818237,22.200945,16.493886,0.084473
proportional,whole_flat,low,low,2013,267.045523,22.558035,17.04442,0.084473
proportional,whole_flat,low,low,2014,272.716679,23.037093,17.709439,0.084473
proportional,whole_flat,low,low,2015,276.395796,23.347877,18.114951,0.084473
proportional,whole_flat,low,low,2016,279.936022,23.646929,18.521367,0.084473
proportional,whole_flat,low,low,2017,283.120526,23.915933,19.067459,0.084473
proportional,whole_flat,low,low,2018,285.580798,24.123759,19.673784,0.084473
proportional,whole_flat,low,low,2019,287.12269,24.254006,20.106414,0.084473
proportional,whole_flat,low,low,2020,287.31394,24.270162,20.390318,0.084473
proportional,whole_flat,low,low,2021,287.50509,24.286309,21.335038,0.084473
proportional,whole_flat,low,low,2022,288.886307,24.402984,22.962284,0.084473
proportional,whole_flat,low,low,2023,293.339318,24.779141,24.178964,0.084473
proportional,whole_flat,low,low,2024,301.049376,25.43043,25.43043,0.084473
proportional,whole_ratio,low,low,2005,115.547448,9.760596,6.346551,0.084473
proportional,whole_ratio,low,low,2006,115.941622,9.793893,6.564582,0.084473
proportional,whole_ratio,low,low,2007,127.208314,10.74562,7.397659,0.084473
proportional,whole_ratio,low,low,2008,173.680805,14.671273,10.294852,0.084473
proportional,whole_ratio,low,low,2009,241.182749,20.373339,14.3842,0.084473
proportional,whole_ratio,low,low,2010,255.095146,21.548556,15.398796,0.084473
proportional,whole_ratio,low,low,2011,245.297345,20.72091,15.11281,0.084473
proportional,whole_ratio,low,low,2012,230.977137,19.511244,14.495609,0.084473
proportional,whole_ratio,low,low,2013,194.968323,16.469485,12.444028,0.084473
proportional,whole_ratio,low,low,2014,192.297779,16.243897,12.487266,0.084473
proportional,whole_ratio,low,low,2015,190.944096,16.129548,12.514455,0.084473
proportional,whole_ratio,low,low,2016,204.330122,17.260301,13.519065,0.084473
proportional,whole_ratio,low,low,2017,209.394026,17.688062,14.102164,0.084473
proportional,whole_ratio,low,low,2018,222.899198,18.828879,15.355622,0.084473
proportional,whole_ratio,low,low,2019,237.64649,20.074622,16.641732,0.084473
proportional,whole_ratio,low,low,2020,395.84594,33.438144,28.092701,0.084473
proportional,whole_ratio,low,low,2021,362.86279,30.651971,26.927146,0.084473
proportional,whole_ratio,low,low,2022,218.157107,18.428303,17.340335,0.084473
proportional,whole_ratio,low,low,2023,278.070818,23.489371,22.920433,0.084473
proportional,whole_ratio,low,low,2024,301.049376,25.43043,25.43043,0.084473
proportional,whole_income,low,low,2005,156.832848,13.248082,8.614189,0.084473
proportional,whole_income,low,low,2006,161.737122,13.662359,9.15751,0.084473
proportional,whole_income,low,low,2007,174.896614,14.773975,10.170919,0.084473
proportional,whole_income,low,low,2008,221.545705,18.714546,13.132023,0.084473
proportional,whole_income,low,low,2009,289.781849,24.478632,17.282662,0.084473
proportional,whole_income,low,low,2010,308.367246,26.04859,18.614561,0.084473
proportional,whole_income,low,low,2011,301.386045,25.458869,18.568444,0.084473
proportional,whole_income,low,low,2012,286.641437,24.213353,17.988976,0.084473
proportional,whole_income,low,low,2013,257.656023,21.76488,16.445127,0.084473
proportional,whole_income,low,low,2014,251.511679,21.245851,16.332447,0.084473
proportional,whole_income,low,low,2015,248.433896,20.985862,16.282331,0.084473
proportional,whole_income,low,low,2016,254.945222,21.535891,16.867904,0.084473
proportional,whole_income,low,low,2017,252.577526,21.335886,17.010465,0.084473
proportional,whole_income,low,low,2018,262.636698,22.18561,18.093155,0.084473
proportional,whole_income,low,low,2019,271.83459,22.96258,19.03583,0.084473
proportional,whole_income,low,low,2020,422.20524,35.664783,29.963388,0.084473
proportional,whole_income,low,low,2021,383.37889,32.38502,28.449595,0.084473
proportional,whole_income,low,low,2022,234.667707,19.822996,18.652689,0.084473
proportional,whole_income,low,low,2023,287.113718,24.253248,23.665809,0.084473
proportional,whole_income,low,low,2024,301.049376,25.43043,25.43043,0.084473
proportional,whole_ratio_federal_series,low,low,2005,115.547448,-18.308939,-11.904868,-0.158454
proportional,whole_ratio_federal_series,low,low,2006,115.941622,-26.636274,-17.853575,-0.229739
proportional,whole_ratio_federal_series,low,low,2007,127.208314,-26.205093,-18.040498,-0.206001
proportional,whole_ratio_federal_series,low,low,2008,173.680805,-3.070079,-2.154279,-0.017677
proportional,whole_ratio_federal_series,low,low,2009,241.182749,40.903016,28.878779,0.169593
proportional,whole_ratio_federal_series,low,low,2010,255.095146,43.022645,30.744377,0.168653
proportional,whole_ratio_federal_series,low,low,2011,245.297345,35.241562,25.703458,0.143669
proportional,whole_ratio_federal_series,low,low,2012,230.977137,22.742922,16.89654,0.098464
proportional,whole_ratio_federal_series,low,low,2013,194.968323,-11.440968,-8.644577,-0.058681
proportional,whole_ratio_federal_series,low,low,2014,192.297779,-16.371399,-12.585281,-0.085136
proportional,whole_ratio_federal_series,low,low,2015,190.944096,-21.001252,-16.294271,-0.109986
proportional,whole_ratio_federal_series,low,low,2016,204.330122,-14.427123,-11.299989,-0.070607
proportional,whole_ratio_federal_series,low,low,2017,209.394026,-10.744037,-8.5659,-0.05131
proportional,whole_ratio_federal_series,low,low,2018,222.899198,-1.783393,-1.454421,-0.008001
proportional,whole_ratio_federal_series,low,low,2019,237.64649,4.359165,3.613719,0.018343
proportional,whole_ratio_federal_series,low,low,2020,395.84594,111.692538,93.837297,0.282162
proportional,whole_ratio_federal_series,low,low,2021,362.86279,92.19002,80.987097,0.254063
proportional,whole_ratio_federal_series,low,low,2022,218.157107,-15.607493,-14.68606,-0.071542
proportional,whole_ratio_federal_series,low,low,2023,278.070818,22.48476,21.940155,0.08086
proportional,whole_ratio_federal_series,low,low,2024,301.049376,25.430428,25.430428,0.084473
proportional,whole_income_federal_series,low,low,2005,156.832848,7.607845,4.946785,0.048509
proportional,whole_income_federal_series,low,low,2006,161.737122,2.392538,1.603654,0.014793
proportional,whole_income_federal_series,low,low,2007,174.896614,4.075982,2.806048,0.023305
proportional,whole_income_federal_series,low,low,2008,221.545705,26.943651,18.906397,0.121617
proportional,whole_income_federal_series,low,low,2009,289.781849,70.425178,49.722327,0.243028
proportional,whole_income_federal_series,low,low,2010,308.367246,76.230533,54.475038,0.247207
proportional,whole_income_federal_series,low,low,2011,301.386045,70.28414,51.261787,0.233203
proportional,whole_income_federal_series,low,low,2012,286.641437,57.696565,42.864866,0.201285
proportional,whole_income_federal_series,low,low,2013,257.656023,29.365348,22.187896,0.113971
proportional,whole_income_federal_series,low,low,2014,251.511679,22.318208,17.156807,0.088736
proportional,whole_income_federal_series,low,low,2015,248.433896,16.568574,12.855083,0.066692
proportional,whole_income_federal_series,low,low,2016,254.945222,18.509238,14.49729,0.072601
proportional,whole_income_federal_series,low,low,2017,252.577526,17.044663,13.589201,0.067483
proportional,whole_income_federal_series,low,low,2018,262.636698,23.510551,19.173691,0.089517
proportional,whole_income_federal_series,low,low,2019,271.83459,25.933177,21.498436,0.095401
proportional,whole_income_federal_series,low,low,2020,422.20524,128.359206,107.839622,0.304021
proportional,whole_income_federal_series,low,low,2021,383.37889,105.396503,92.588729,0.274915
proportional,whole_income_federal_series,low,low,2022,234.667707,-4.854901,-4.568279,-0.020688
proportional,whole_income_federal_series,low,low,2023,287.113718,28.311468,27.625734,0.098607
proportional,whole_income_federal_series,low,low,2024,301.049376,25.430428,25.430428,0.084473
proportional,programme,low,high,2005,134.156354,-5.179255,-3.367664,-0.038606
proportional,programme,low,high,2006,138.782944,-9.408285,-6.306119,-0.067791
proportional,programme,low,high,2007,148.31874,-13.283422,-9.14477,-0.08956
proportional,programme,low,high,2008,194.616748,16.710733,11.725944,0.085865
proportional,programme,low,high,2009,245.064338,64.908712,45.827534,0.264864
proportional,programme,low,high,2010,270.118889,90.189308,64.450107,0.333887
proportional,programme,low,high,2011,256.623065,75.794703,55.28092,0.295354
proportional,programme,low,high,2012,236.576381,52.218404,38.794942,0.220725
proportional,programme,low,high,2013,217.134988,25.939204,19.599167,0.119461
proportional,programme,low,high,2014,218.423733,22.724378,17.469044,0.104038
proportional,programme,low,high,2015,221.797456,21.9459,17.027196,0.098946
proportional,programme,low,high,2016,229.827964,26.074728,20.42293,0.113453
proportional,programme,low,high,2017,228.035237,22.214116,17.710652,0.097415
proportional,programme,low,high,2018,233.800599,24.658975,20.110272,0.10547
proportional,programme,low,high,2019,239.976925,24.241766,20.096267,0.101017
proportional,programme,low,high,2020,409.048033,209.273424,175.818841,0.511611
proportional,programme,low,high,2021,431.674009,254.664528,223.717716,0.589946
proportional,programme,low,high,2022,271.532894,69.798935,65.678155,0.257055
proportional,programme,low,high,2023,281.43055,65.578825,63.990436,0.23302
proportional,programme,low,high,2024,301.049352,65.500326,65.500326,0.217573
proportional,programme_income,low,high,2005,166.851675,17.700494,11.509244,0.106085
proportional,programme_income,low,high,2006,174.525242,15.701396,10.524222,0.089966
proportional,programme_income,low,high,2007,185.73528,13.197097,9.085341,0.071053
proportional,programme_income,low,high,2008,233.497975,44.286527,31.075917,0.189666
proportional,programme_income,low,high,2009,284.68968,92.592326,65.373011,0.325239
proportional,programme_income,low,high,2010,312.79968,120.039652,85.781437,0.383759
proportional,programme_income,low,high,2011,301.048386,106.569651,77.72665,0.353995
proportional,programme_income,low,high,2012,280.472114,82.578277,61.35039,0.294426
proportional,programme_income,low,high,2013,266.290074,60.706847,45.868934,0.227973
proportional,programme_income,low,high,2014,265.11324,55.938041,43.001577,0.210997
proportional,programme_income,low,high,2015,267.583376,54.666389,42.414089,0.204297
proportional,programme_income,low,high,2016,270.54116,55.125208,43.176607,0.203759
proportional,programme_income,low,high,2017,263.419709,47.379685,37.774409,0.179864
proportional,programme_income,low,high,2018,266.661336,47.924672,39.084276,0.179721
proportional,programme_income,low,high,2019,268.467571,44.388619,36.797878,0.165341
proportional,programme_income,low,high,2020,430.779097,224.681815,188.764037,0.521571
proportional,programme_income,low,high,2021,448.319707,266.462138,234.081681,0.594357
proportional,programme_income,low,high,2022,284.825481,79.335666,74.651859,0.278541
proportional,programme_income,low,high,2023,288.872315,70.893183,69.176075,0.245414
proportional,programme_income,low,high,2024,301.049352,65.500326,65.500326,0.217573
proportional,programme_ex_pandemic,low,high,2005,134.156354,-5.179255,-3.367664,-0.038606
proportional,programme_ex_pandemic,low,high,2006,138.782944,-9.408285,-6.306119,-0.067791
proportional,programme_ex_pandemic,low,high,2007,148.31874,-13.283422,-9.14477,-0.08956
proportional,programme_ex_pandemic,low,high,2008,194.616748,16.710733,11.725944,0.085865
proportional,programme_ex_pandemic,low,high,2009,245.064338,64.908712,45.827534,0.264864
proportional,programme_ex_pandemic,low,high,2010,270.118889,90.189308,64.450107,0.333887
proportional,programme_ex_pandemic,low,high,2011,256.623065,75.794703,55.28092,0.295354
proportional,programme_ex_pandemic,low,high,2012,236.576381,52.218404,38.794942,0.220725
proportional,programme_ex_pandemic,low,high,2013,217.134988,25.939204,19.599167,0.119461
proportional,programme_ex_pandemic,low,high,2014,218.423733,22.724378,17.469044,0.104038
proportional,programme_ex_pandemic,low,high,2015,221.797456,21.9459,17.027196,0.098946
proportional,programme_ex_pandemic,low,high,2016,229.827964,26.074728,20.42293,0.113453
proportional,programme_ex_pandemic,low,high,2017,228.035237,22.214116,17.710652,0.097415
proportional,programme_ex_pandemic,low,high,2018,233.800599,24.658975,20.110272,0.10547
proportional,programme_ex_pandemic,low,high,2019,239.976925,24.241766,20.096267,0.101017
proportional,programme_ex_pandemic,low,high,2020,255.75491,47.020351,39.503647,0.183849
proportional,programme_ex_pandemic,low,high,2021,255.75491,47.020351,41.306441,0.183849
proportional,programme_ex_pandemic,low,high,2022,271.532894,69.798935,65.678155,0.257055
proportional,programme_ex_pandemic,low,high,2023,281.43055,65.578825,63.990436,0.23302
proportional,programme_ex_pandemic,low,high,2024,301.049352,65.500326,65.500326,0.217573
proportional,programme_income_ex_pandemic,low,high,2005,166.851675,17.700494,11.509244,0.106085
proportional,programme_income_ex_pandemic,low,high,2006,174.525242,15.701396,10.524222,0.089966
proportional,programme_income_ex_pandemic,low,high,2007,185.73528,13.197097,9.085341,0.071053
proportional,programme_income_ex_pandemic,low,high,2008,233.497975,44.286527,31.075917,0.189666
proportional,programme_income_ex_pandemic,low,high,2009,284.68968,92.592326,65.373011,0.325239
proportional,programme_income_ex_pandemic,low,high,2010,312.79968,120.039652,85.781437,0.383759
proportional,programme_income_ex_pandemic,low,high,2011,301.048386,106.569651,77.72665,0.353995
proportional,programme_income_ex_pandemic,low,high,2012,280.472114,82.578277,61.35039,0.294426
proportional,programme_income_ex_pandemic,low,high,2013,266.290074,60.706847,45.868934,0.227973
proportional,programme_income_ex_pandemic,low,high,2014,265.11324,55.938041,43.001577,0.210997
proportional,programme_income_ex_pandemic,low,high,2015,267.583376,54.666389,42.414089,0.204297
proportional,programme_income_ex_pandemic,low,high,2016,270.54116,55.125208,43.176607,0.203759
proportional,programme_income_ex_pandemic,low,high,2017,263.419709,47.379685,37.774409,0.179864
proportional,programme_income_ex_pandemic,low,high,2018,266.661336,47.924672,39.084276,0.179721
proportional,programme_income_ex_pandemic,low,high,2019,268.467571,44.388619,36.797878,0.165341
proportional,programme_income_ex_pandemic,low,high,2020,276.646526,61.862143,51.972821,0.223614
proportional,programme_income_ex_pandemic,low,high,2021,276.646526,61.862143,54.34466,0.223614
proportional,programme_income_ex_pandemic,low,high,2022,284.825481,79.335666,74.651859,0.278541
proportional,programme_income_ex_pandemic,low,high,2023,288.872315,70.893183,69.176075,0.245414
proportional,programme_income_ex_pandemic,low,high,2024,301.049352,65.500326,65.500326,0.217573
proportional,programme_pandemic_per_head,low,high,2005,134.156354,-5.179255,-3.367664,-0.038606
proportional,programme_pandemic_per_head,low,high,2006,138.782944,-9.408285,-6.306119,-0.067791
proportional,programme_pandemic_per_head,low,high,2007,148.31874,-13.283422,-9.14477,-0.08956
proportional,programme_pandemic_per_head,low,high,2008,194.616748,16.710733,11.725944,0.085865
proportional,programme_pandemic_per_head,low,high,2009,245.064338,64.908712,45.827534,0.264864
proportional,programme_pandemic_per_head,low,high,2010,270.118889,90.189308,64.450107,0.333887
proportional,programme_pandemic_per_head,low,high,2011,256.623065,75.794703,55.28092,0.295354
proportional,programme_pandemic_per_head,low,high,2012,236.576381,52.218404,38.794942,0.220725
proportional,programme_pandemic_per_head,low,high,2013,217.134988,25.939204,19.599167,0.119461
proportional,programme_pandemic_per_head,low,high,2014,218.423733,22.724378,17.469044,0.104038
proportional,programme_pandemic_per_head,low,high,2015,221.797456,21.9459,17.027196,0.098946
proportional,programme_pandemic_per_head,low,high,2016,229.827964,26.074728,20.42293,0.113453
proportional,programme_pandemic_per_head,low,high,2017,228.035237,22.214116,17.710652,0.097415
proportional,programme_pandemic_per_head,low,high,2018,233.800599,24.658975,20.110272,0.10547
proportional,programme_pandemic_per_head,low,high,2019,239.976925,24.241766,20.096267,0.101017
proportional,programme_pandemic_per_head,low,high,2020,396.994061,197.219452,165.691825,0.496782
proportional,programme_pandemic_per_head,low,high,2021,402.325266,225.315785,197.935429,0.560034
proportional,programme_pandemic_per_head,low,high,2022,265.261912,63.527952,59.777398,0.239491
proportional,programme_pandemic_per_head,low,high,2023,281.43055,65.578825,63.990436,0.23302
proportional,programme_pandemic_per_head,low,high,2024,301.049352,65.500326,65.500326,0.217573
proportional,programme_income_pandemic_per_head,low,high,2005,166.851675,17.700494,11.509244,0.106085
proportional,programme_income_pandemic_per_head,low,high,2006,174.525242,15.701396,10.524222,0.089966
proportional,programme_income_pandemic_per_head,low,high,2007,185.73528,13.197097,9.085341,0.071053
proportional,programme_income_pandemic_per_head,low,high,2008,233.497975,44.286527,31.075917,0.189666
proportional,programme_income_pandemic_per_head,low,high,2009,284.68968,92.592326,65.373011,0.325239
proportional,programme_income_pandemic_per_head,low,high,2010,312.79968,120.039652,85.781437,0.383759
proportional,programme_income_pandemic_per_head,low,high,2011,301.048386,106.569651,77.72665,0.353995
proportional,programme_income_pandemic_per_head,low,high,2012,280.472114,82.578277,61.35039,0.294426
proportional,programme_income_pandemic_per_head,low,high,2013,266.290074,60.706847,45.868934,0.227973
proportional,programme_income_pandemic_per_head,low,high,2014,265.11324,55.938041,43.001577,0.210997
proportional,programme_income_pandemic_per_head,low,high,2015,267.583376,54.666389,42.414089,0.204297
proportional,programme_income_pandemic_per_head,low,high,2016,270.54116,55.125208,43.176607,0.203759
proportional,programme_income_pandemic_per_head,low,high,2017,263.419709,47.379685,37.774409,0.179864
proportional,programme_income_pandemic_per_head,low,high,2018,266.661336,47.924672,39.084276,0.179721
proportional,programme_income_pandemic_per_head,low,high,2019,268.467571,44.388619,36.797878,0.165341
proportional,programme_income_pandemic_per_head,low,high,2020,418.725125,212.627843,178.637021,0.507798
proportional,programme_income_pandemic_per_head,low,high,2021,418.970964,237.113395,208.299395,0.565942
proportional,programme_income_pandemic_per_head,low,high,2022,278.554499,73.064684,68.751102,0.262299
proportional,programme_income_pandemic_per_head,low,high,2023,288.872315,70.893183,69.176075,0.245414
proportional,programme_income_pandemic_per_head,low,high,2024,301.049352,65.500326,65.500326,0.217573
proportional,whole_flat,low,high,2005,206.785248,44.990966,29.2541,0.217573
proportional,whole_flat,low,high,2006,218.813322,47.607955,31.910326,0.217573
proportional,whole_flat,low,high,2007,225.203614,48.998313,33.732143,0.217573
proportional,whole_flat,low,high,2008,237.338005,51.638433,36.234759,0.217573
proportional,whole_flat,low,high,2009,244.683349,53.236584,37.586655,0.217573
proportional,whole_flat,low,high,2010,254.256146,55.31937,39.53173,0.217573
proportional,whole_flat,low,high,2011,259.106845,56.374753,41.116966,0.217573
proportional,whole_flat,low,high,2012,262.818237,57.182253,42.482765,0.217573
proportional,whole_flat,low,high,2013,267.045523,58.101998,43.90076,0.217573
proportional,whole_flat,low,high,2014,272.716679,59.335891,45.613627,0.217573
proportional,whole_flat,low,high,2015,276.395796,60.136369,46.65809,0.217573
proportional,whole_flat,low,high,2016,279.936022,60.906628,47.704883,0.217573
proportional,whole_flat,low,high,2017,283.120526,61.599491,49.111435,0.217573
proportional,whole_flat,low,high,2018,285.580798,62.134781,50.673126,0.217573
proportional,whole_flat,low,high,2019,287.12269,62.470255,51.787437,0.217573
proportional,whole_flat,low,high,2020,287.31394,62.511866,52.51868,0.217573
proportional,whole_flat,low,high,2021,287.50509,62.553456,54.951965,0.217573
proportional,whole_flat,low,high,2022,288.886307,62.853972,59.143208,0.217573
proportional,whole_flat,low,high,2023,293.339318,63.822828,62.276971,0.217573
proportional,whole_flat,low,high,2024,301.049376,65.500332,65.500332,0.217573
proportional,whole_ratio,low,high,2005,115.547448,25.140049,16.346604,0.217573
proportional,whole_ratio,low,high,2006,115.941622,25.225811,16.90818,0.217573
proportional,whole_ratio,low,high,2007,127.208314,27.677143,19.053909,0.217573
proportional,whole_ratio,low,high,2008,173.680805,37.788321,26.516116,0.217573
proportional,whole_ratio,low,high,2009,241.182749,52.474947,37.048916,0.217573
proportional,whole_ratio,low,high,2010,255.095146,55.501914,39.662177,0.217573
proportional,whole_ratio,low,high,2011,245.297345,53.370174,38.925574,0.217573
proportional,whole_ratio,low,high,2012,230.977137,50.254477,37.33587,0.217573
proportional,whole_ratio,low,high,2013,194.968323,42.419918,32.05168,0.217573
proportional,whole_ratio,low,high,2014,192.297779,41.838879,32.163046,0.217573
proportional,whole_ratio,low,high,2015,190.944096,41.544353,32.233076,0.217573
proportional,whole_ratio,low,high,2016,204.330122,44.456796,34.820615,0.217573
proportional,whole_ratio,low,high,2017,209.394026,45.558567,36.322485,0.217573
proportional,whole_ratio,low,high,2018,222.899198,48.496933,39.550976,0.217573
proportional,whole_ratio,low,high,2019,237.64649,51.705551,42.863567,0.217573
proportional,whole_ratio,low,high,2020,395.84594,86.125541,72.357457,0.217573
proportional,whole_ratio,low,high,2021,362.86279,78.949286,69.355375,0.217573
proportional,whole_ratio,low,high,2022,218.157107,47.46518,44.662938,0.217573
proportional,whole_ratio,low,high,2023,278.070818,60.500809,59.035415,0.217573
proportional,whole_ratio,low,high,2024,301.049376,65.500332,65.500332,0.217573
proportional,whole_income,low,high,2005,156.832848,34.122654,22.187288,0.217573
proportional,whole_income,low,high,2006,161.737122,35.189693,23.586701,0.217573
proportional,whole_income,low,high,2007,174.896614,38.052848,26.196905,0.217573
proportional,whole_income,low,high,2008,221.545705,48.202449,33.823725,0.217573
proportional,whole_income,low,high,2009,289.781849,63.048818,44.514392,0.217573
proportional,whole_income,low,high,2010,308.367246,67.092506,47.94492,0.217573
proportional,whole_income,low,high,2011,301.386045,65.573582,47.826138,0.217573
proportional,whole_income,low,high,2012,286.641437,62.365548,46.333622,0.217573
proportional,whole_income,low,high,2013,257.656023,56.059093,42.35718,0.217573
proportional,whole_income,low,high,2014,251.511679,54.722247,42.066953,0.217573
proportional,whole_income,low,high,2015,248.433896,54.052604,41.93787,0.217573
proportional,whole_income,low,high,2016,254.945222,55.469295,43.446112,0.217573
proportional,whole_income,low,high,2017,252.577526,54.954147,43.813301,0.217573
proportional,whole_income,low,high,2018,262.636698,57.142755,46.601952,0.217573
proportional,whole_income,low,high,2019,271.83459,59.143972,49.02997,0.217573
proportional,whole_income,low,high,2020,422.20524,91.860623,77.175725,0.217573
proportional,whole_income,low,high,2021,383.37889,83.413043,73.276697,0.217573
proportional,whole_income,low,high,2022,234.667707,51.057447,48.043125,0.217573
proportional,whole_income,low,high,2023,287.113718,62.468303,60.955255,0.217573
proportional,whole_income,low,high,2024,301.049376,65.500332,65.500332,0.217573
proportional,whole_ratio_federal_series,low,high,2005,115.547448,-0.391447,-0.254527,-0.003388
proportional,whole_ratio_federal_series,low,high,2006,115.941622,-7.279975,-4.87957,-0.06279
proportional,whole_ratio_federal_series,low,high,2007,127.208314,-5.830034,-4.013598,-0.045831
proportional,whole_ratio_federal_series,low,high,2008,173.680805,19.788417,13.885559,0.113936
proportional,whole_ratio_federal_series,low,high,2009,241.182749,66.133142,46.692018,0.274203
proportional,whole_ratio_federal_series,low,high,2010,255.095146,70.766891,50.57067,0.277414
proportional,whole_ratio_federal_series,low,high,2011,245.297345,63.040593,45.978701,0.256997
proportional,whole_ratio_federal_series,low,high,2012,230.977137,49.963758,37.119884,0.216315
proportional,whole_ratio_federal_series,low,high,2013,194.968323,15.52802,11.732675,0.079644
proportional,whole_ratio_federal_series,low,high,2014,192.297779,11.32899,8.709,0.058914
proportional,whole_ratio_federal_series,low,high,2015,190.944096,7.430905,5.765427,0.038917
proportional,whole_ratio_federal_series,low,high,2016,204.330122,14.741839,11.546489,0.072147
proportional,whole_ratio_federal_series,low,high,2017,209.394026,18.823134,15.007123,0.089893
proportional,whole_ratio_federal_series,low,high,2018,222.899198,28.902724,23.5712,0.129667
proportional,whole_ratio_federal_series,low,high,2019,237.64649,36.291739,30.085617,0.152713
proportional,whole_ratio_federal_series,low,high,2020,395.84594,156.105977,131.150776,0.39436
proportional,whole_ratio_federal_series,low,high,2021,362.86279,138.202448,121.408098,0.380867
proportional,whole_ratio_federal_series,low,high,2022,218.157107,20.604479,19.388035,0.094448
proportional,whole_ratio_federal_series,low,high,2023,278.070818,59.905027,58.454063,0.215431
proportional,whole_ratio_federal_series,low,high,2024,301.049376,65.500326,65.500326,0.217573
proportional,whole_income_federal_series,low,high,2005,156.832848,25.525337,16.597127,0.162755
proportional,whole_income_federal_series,low,high,2006,161.737122,21.748838,14.577658,0.13447
proportional,whole_income_federal_series,low,high,2007,174.896614,24.45104,16.832947,0.139803
proportional,whole_income_federal_series,low,high,2008,221.545705,49.802147,34.946235,0.224794
proportional,whole_income_federal_series,low,high,2009,289.781849,95.655304,67.535567,0.330094
proportional,whole_income_federal_series,low,high,2010,308.367246,103.974779,74.301331,0.337178
proportional,whole_income_federal_series,low,high,2011,301.386045,98.083171,71.53703,0.32544
proportional,whole_income_federal_series,low,high,2012,286.641437,84.917401,63.08821,0.29625
proportional,whole_income_federal_series,low,high,2013,257.656023,56.334336,42.565148,0.218642
proportional,whole_income_federal_series,low,high,2014,251.511679,50.018597,38.451088,0.198872
proportional,whole_income_federal_series,low,high,2015,248.433896,45.00073,34.91478,0.181138
proportional,whole_income_federal_series,low,high,2016,254.945222,47.6782,37.343767,0.187014
proportional,whole_income_federal_series,low,high,2017,252.577526,46.611835,37.162224,0.184545
proportional,whole_income_federal_series,low,high,2018,262.636698,54.196667,44.199312,0.206356
proportional,whole_income_federal_series,low,high,2019,271.83459,57.865751,47.970333,0.212871
proportional,whole_income_federal_series,low,high,2020,422.20524,172.772645,145.1531,0.409215
proportional,whole_income_federal_series,low,high,2021,383.37889,151.408931,133.00973,0.394933
proportional,whole_income_federal_series,low,high,2022,234.667707,31.35707,29.505816,0.133623
proportional,whole_income_federal_series,low,high,2023,287.113718,65.731735,64.139642,0.22894
proportional,whole_income_federal_series,low,high,2024,301.049376,65.500326,65.500326,0.217573
proportional,programme,high,central,2005,154.183067,1.651337,1.073735,0.01071
proportional,programme,high,central,2006,160.749941,-1.773092,-1.188456,-0.01103
proportional,programme,high,central,2007,171.560674,-4.638557,-3.193344,-0.027037
proportional,programme,high,central,2008,216.991867,24.124047,16.927877,0.111175
proportional,programme,high,central,2009,266.807598,68.935576,48.670622,0.258372
proportional,programme,high,central,2010,291.533076,92.303253,65.960752,0.316613
proportional,programme,high,central,2011,278.638049,79.773942,58.18318,0.2863
proportional,programme,high,central,2012,260.190384,59.236325,44.008809,0.227665
proportional,programme,high,central,2013,242.872929,34.829139,26.316232,0.143405
proportional,programme,high,central,2014,245.007348,32.25227,24.793476,0.131638
proportional,programme,high,central,2015,249.529401,32.08063,24.890444,0.128565
proportional,programme,high,central,2016,257.77121,36.009812,28.204547,0.139697
proportional,programme,high,central,2017,256.638025,32.849778,26.190147,0.128
proportional,programme,high,central,2018,262.510364,34.163074,27.861204,0.13014
proportional,programme,high,central,2019,269.502729,33.934163,28.131202,0.125914
proportional,programme,high,central,2020,429.141181,205.969237,173.042864,0.479957
proportional,programme,high,central,2021,449.338137,244.907334,215.146215,0.54504
proportional,programme,high,central,2022,303.607742,74.095773,69.721317,0.244051
proportional,programme,high,central,2023,314.451206,72.377365,70.624308,0.23017
proportional,programme,high,central,2024,334.595884,72.251173,72.251173,0.215936
proportional,programme_income,high,central,2005,185.170473,23.04401,14.983714,0.124448
proportional,programme_income,high,central,2006,194.600487,21.686542,14.535903,0.111441
proportional,programme_income,high,central,2007,206.961167,20.079238,13.823246,0.097019
proportional,programme_income,high,central,2008,253.771048,49.864363,34.989892,0.196494
proportional,programme_income,high,central,2009,304.389332,94.837018,66.957832,0.311565
proportional,programme_income,high,central,2010,332.012844,120.228658,85.916503,0.362121
proportional,programme_income,high,central,2011,320.741757,108.530901,79.157089,0.338375
proportional,programme_income,high,central,2012,301.795346,87.61102,65.089397,0.290299
proportional,programme_income,high,central,2013,289.41236,67.316145,50.862793,0.232596
proportional,programme_income,high,central,2014,289.203373,63.281111,48.646459,0.218812
proportional,programme_income,high,central,2015,292.843737,62.635228,48.596883,0.213886
proportional,programme_income,high,central,2016,296.288718,63.133426,49.449013,0.213081
proportional,programme_income,high,central,2017,290.106994,56.336884,44.915716,0.194193
proportional,programme_income,high,central,2018,293.618906,55.899023,45.587643,0.19038
proportional,programme_income,high,central,2019,296.46967,52.755504,43.733971,0.177946
proportional,programme_income,high,central,2020,449.69236,220.350901,185.125465,0.490004
proportional,programme_income,high,central,2021,465.07326,255.910528,224.812302,0.550259
proportional,programme_income,high,central,2022,316.158056,82.981723,78.08266,0.262469
proportional,programme_income,high,central,2023,321.488775,77.333429,75.460331,0.240548
proportional,programme_income,high,central,2024,334.595884,72.251173,72.251173,0.215936
proportional,programme_ex_pandemic,high,central,2005,154.183067,1.651337,1.073735,0.01071
proportional,programme_ex_pandemic,high,central,2006,160.749941,-1.773092,-1.188456,-0.01103
proportional,programme_ex_pandemic,high,central,2007,171.560674,-4.638557,-3.193344,-0.027037
proportional,programme_ex_pandemic,high,central,2008,216.991867,24.124047,16.927877,0.111175
proportional,programme_ex_pandemic,high,central,2009,266.807598,68.935576,48.670622,0.258372
proportional,programme_ex_pandemic,high,central,2010,291.533076,92.303253,65.960752,0.316613
proportional,programme_ex_pandemic,high,central,2011,278.638049,79.773942,58.18318,0.2863
proportional,programme_ex_pandemic,high,central,2012,260.190384,59.236325,44.008809,0.227665
proportional,programme_ex_pandemic,high,central,2013,242.872929,34.829139,26.316232,0.143405
proportional,programme_ex_pandemic,high,central,2014,245.007348,32.25227,24.793476,0.131638
proportional,programme_ex_pandemic,high,central,2015,249.529401,32.08063,24.890444,0.128565
proportional,programme_ex_pandemic,high,central,2016,257.77121,36.009812,28.204547,0.139697
proportional,programme_ex_pandemic,high,central,2017,256.638025,32.849778,26.190147,0.128
proportional,programme_ex_pandemic,high,central,2018,262.510364,34.163074,27.861204,0.13014
proportional,programme_ex_pandemic,high,central,2019,269.502729,33.934163,28.131202,0.125914
proportional,programme_ex_pandemic,high,central,2020,286.555236,54.014968,45.380101,0.188498
proportional,programme_ex_pandemic,high,central,2021,286.555236,54.014968,47.451074,0.188498
proportional,programme_ex_pandemic,high,central,2022,303.607742,74.095773,69.721317,0.244051
proportional,programme_ex_pandemic,high,central,2023,314.451206,72.377365,70.624308,0.23017
proportional,programme_ex_pandemic,high,central,2024,334.595884,72.251173,72.251173,0.215936
proportional,programme_income_ex_pandemic,high,central,2005,185.170473,23.04401,14.983714,0.124448
proportional,programme_income_ex_pandemic,high,central,2006,194.600487,21.686542,14.535903,0.111441
proportional,programme_income_ex_pandemic,high,central,2007,206.961167,20.079238,13.823246,0.097019
proportional,programme_income_ex_pandemic,high,central,2008,253.771048,49.864363,34.989892,0.196494
proportional,programme_income_ex_pandemic,high,central,2009,304.389332,94.837018,66.957832,0.311565
proportional,programme_income_ex_pandemic,high,central,2010,332.012844,120.228658,85.916503,0.362121
proportional,programme_income_ex_pandemic,high,central,2011,320.741757,108.530901,79.157089,0.338375
proportional,programme_income_ex_pandemic,high,central,2012,301.795346,87.61102,65.089397,0.290299
proportional,programme_income_ex_pandemic,high,central,2013,289.41236,67.316145,50.862793,0.232596
proportional,programme_income_ex_pandemic,high,central,2014,289.203373,63.281111,48.646459,0.218812
proportional,programme_income_ex_pandemic,high,central,2015,292.843737,62.635228,48.596883,0.213886
proportional,programme_income_ex_pandemic,high,central,2016,296.288718,63.133426,49.449013,0.213081
proportional,programme_income_ex_pandemic,high,central,2017,290.106994,56.336884,44.915716,0.194193
proportional,programme_income_ex_pandemic,high,central,2018,293.618906,55.899023,45.587643,0.19038
proportional,programme_income_ex_pandemic,high,central,2019,296.46967,52.755504,43.733971,0.177946
proportional,programme_income_ex_pandemic,high,central,2020,306.313863,67.868614,57.019094,0.221566
proportional,programme_income_ex_pandemic,high,central,2021,306.313863,67.868614,59.621225,0.221566
proportional,programme_income_ex_pandemic,high,central,2022,316.158056,82.981723,78.08266,0.262469
proportional,programme_income_ex_pandemic,high,central,2023,321.488775,77.333429,75.460331,0.240548
proportional,programme_income_ex_pandemic,high,central,2024,334.595884,72.251173,72.251173,0.215936
proportional,programme_pandemic_per_head,high,central,2005,154.183067,1.651337,1.073735,0.01071
proportional,programme_pandemic_per_head,high,central,2006,160.749941,-1.773092,-1.188456,-0.01103
proportional,programme_pandemic_per_head,high,central,2007,171.560674,-4.638557,-3.193344,-0.027037
proportional,programme_pandemic_per_head,high,central,2008,216.991867,24.124047,16.927877,0.111175
proportional,programme_pandemic_per_head,high,central,2009,266.807598,68.935576,48.670622,0.258372
proportional,programme_pandemic_per_head,high,central,2010,291.533076,92.303253,65.960752,0.316613
proportional,programme_pandemic_per_head,high,central,2011,278.638049,79.773942,58.18318,0.2863
proportional,programme_pandemic_per_head,high,central,2012,260.190384,59.236325,44.008809,0.227665
proportional,programme_pandemic_per_head,high,central,2013,242.872929,34.829139,26.316232,0.143405
proportional,programme_pandemic_per_head,high,central,2014,245.007348,32.25227,24.793476,0.131638
proportional,programme_pandemic_per_head,high,central,2015,249.529401,32.08063,24.890444,0.128565
proportional,programme_pandemic_per_head,high,central,2016,257.77121,36.009812,28.204547,0.139697
proportional,programme_pandemic_per_head,high,central,2017,256.638025,32.849778,26.190147,0.128
proportional,programme_pandemic_per_head,high,central,2018,262.510364,34.163074,27.861204,0.13014
proportional,programme_pandemic_per_head,high,central,2019,269.502729,33.934163,28.131202,0.125914
proportional,programme_pandemic_per_head,high,central,2020,422.149398,198.977454,167.168792,0.471344
proportional,programme_pandemic_per_head,high,central,2021,432.314699,227.883896,200.191464,0.527125
proportional,programme_pandemic_per_head,high,central,2022,299.970323,70.458354,66.298644,0.234884
proportional,programme_pandemic_per_head,high,central,2023,314.451206,72.377365,70.624308,0.23017
proportional,programme_pandemic_per_head,high,central,2024,334.595884,72.251173,72.251173,0.215936
proportional,programme_income_pandemic_per_head,high,central,2005,185.170473,23.04401,14.983714,0.124448
proportional,programme_income_pandemic_per_head,high,central,2006,194.600487,21.686542,14.535903,0.111441
proportional,programme_income_pandemic_per_head,high,central,2007,206.961167,20.079238,13.823246,0.097019
proportional,programme_income_pandemic_per_head,high,central,2008,253.771048,49.864363,34.989892,0.196494
proportional,programme_income_pandemic_per_head,high,central,2009,304.389332,94.837018,66.957832,0.311565
proportional,programme_income_pandemic_per_head,high,central,2010,332.012844,120.228658,85.916503,0.362121
proportional,programme_income_pandemic_per_head,high,central,2011,320.741757,108.530901,79.157089,0.338375
proportional,programme_income_pandemic_per_head,high,central,2012,301.795346,87.61102,65.089397,0.290299
proportional,programme_income_pandemic_per_head,high,central,2013,289.41236,67.316145,50.862793,0.232596
proportional,programme_income_pandemic_per_head,high,central,2014,289.203373,63.281111,48.646459,0.218812
proportional,programme_income_pandemic_per_head,high,central,2015,292.843737,62.635228,48.596883,0.213886
proportional,programme_income_pandemic_per_head,high,central,2016,296.288718,63.133426,49.449013,0.213081
proportional,programme_income_pandemic_per_head,high,central,2017,290.106994,56.336884,44.915716,0.194193
proportional,programme_income_pandemic_per_head,high,central,2018,293.618906,55.899023,45.587643,0.19038
proportional,programme_income_pandemic_per_head,high,central,2019,296.46967,52.755504,43.733971,0.177946
proportional,programme_income_pandemic_per_head,high,central,2020,442.700577,213.359117,179.251393,0.481949
proportional,programme_income_pandemic_per_head,high,central,2021,448.049822,238.88709,209.857551,0.533171
proportional,programme_income_pandemic_per_head,high,central,2022,312.520637,79.344304,74.659986,0.253885
proportional,programme_income_pandemic_per_head,high,central,2023,321.488775,77.333429,75.460331,0.240548
proportional,programme_income_pandemic_per_head,high,central,2024,334.595884,72.251173,72.251173,0.215936
proportional,whole_flat,high,central,2005,229.827774,49.628005,32.269203,0.215936
proportional,whole_flat,high,central,2006,243.196154,52.514715,35.199195,0.215936
proportional,whole_flat,high,central,2007,250.298549,54.048375,37.208782,0.215936
proportional,whole_flat,high,central,2008,263.785075,56.960597,39.969329,0.215936
proportional,whole_flat,high,central,2009,271.948977,58.723474,41.460567,0.215936
proportional,whole_flat,high,central,2010,282.588427,61.02091,43.606102,0.215936
proportional,whole_flat,high,central,2011,287.979719,62.185082,45.354733,0.215936
proportional,whole_flat,high,central,2012,292.104599,63.075791,46.861288,0.215936
proportional,whole_flat,high,central,2013,296.802913,64.090324,48.425424,0.215936
proportional,whole_flat,high,central,2014,303.106081,65.451403,50.31484,0.215936
proportional,whole_flat,high,central,2015,307.195179,66.334385,51.466953,0.215936
proportional,whole_flat,high,central,2016,311.129848,67.18402,52.621626,0.215936
proportional,whole_flat,high,central,2017,314.669201,67.948292,54.173145,0.215936
proportional,whole_flat,high,central,2018,317.403629,68.538753,55.895793,0.215936
proportional,whole_flat,high,central,2019,319.117332,68.908802,57.124951,0.215936
proportional,whole_flat,high,central,2020,319.329833,68.954689,57.931548,0.215936
proportional,whole_flat,high,central,2021,319.542334,69.000575,60.615631,0.215936
proportional,whole_flat,high,central,2022,321.07752,69.332077,65.23886,0.215936
proportional,whole_flat,high,central,2023,326.026717,70.400785,68.695603,0.215936
proportional,whole_flat,high,central,2024,334.59593,72.251183,72.251183,0.215936
proportional,whole_ratio,high,central,2005,132.055474,28.515482,18.541383,0.215936
proportional,whole_ratio,high,central,2006,133.734254,28.87799,19.356137,0.215936
proportional,whole_ratio,high,central,2007,146.008549,31.528448,21.705281,0.215936
proportional,whole_ratio,high,central,2008,194.493475,41.998071,29.470104,0.215936
proportional,whole_ratio,high,central,2009,263.644177,56.930172,40.19444,0.215936
proportional,whole_ratio,high,central,2010,279.154027,60.279301,43.076142,0.215936
proportional,whole_ratio,high,central,2011,269.472419,58.188697,42.439967,0.215936
proportional,whole_ratio,high,central,2012,254.982699,55.05985,40.905955,0.215936
proportional,whole_ratio,high,central,2013,219.035313,47.297529,35.737109,0.215936
proportional,whole_ratio,high,central,2014,216.919481,46.840645,36.008083,0.215936
proportional,whole_ratio,high,central,2015,216.199279,46.685128,36.221656,0.215936
proportional,whole_ratio,high,central,2016,230.215548,49.71174,38.936529,0.215936
proportional,whole_ratio,high,central,2017,235.672201,50.890025,40.573098,0.215936
proportional,whole_ratio,high,central,2018,249.988229,53.981366,44.023726,0.215936
proportional,whole_ratio,high,central,2019,265.812032,57.398289,47.58281,0.215936
proportional,whole_ratio,high,central,2020,430.645233,92.99165,78.125946,0.215936
proportional,whole_ratio,high,central,2021,398.129934,85.970438,75.523318,0.215936
proportional,whole_ratio,high,central,2022,248.57242,53.675642,50.506747,0.215936
proportional,whole_ratio,high,central,2023,309.511517,66.834565,65.21576,0.215936
proportional,whole_ratio,high,central,2024,334.59593,72.251183,72.251183,0.215936
proportional,whole_income,high,central,2005,173.340874,37.430471,24.338102,0.215936
proportional,whole_income,high,central,2006,179.529754,38.766871,25.984386,0.215936
proportional,whole_income,high,central,2007,193.696849,41.826051,28.794509,0.215936
proportional,whole_income,high,central,2008,242.358275,52.333787,36.72269,0.215936
proportional,whole_income,high,central,2009,312.243277,67.424449,47.603721,0.215936
proportional,whole_income,high,central,2010,332.426127,71.782645,51.296537,0.215936
proportional,whole_income,high,central,2011,325.561219,70.300267,51.273549,0.215936
proportional,whole_income,high,central,2012,310.647099,67.079777,49.835994,0.215936
proportional,whole_income,high,central,2013,281.723113,60.834058,45.965052,0.215936
proportional,whole_income,high,central,2014,276.133381,59.627036,45.83744,0.215936
proportional,whole_income,high,central,2015,273.689079,59.099224,45.853398,0.215936
proportional,whole_income,high,central,2016,280.830548,60.641321,47.497083,0.215936
proportional,whole_income,high,central,2017,278.855801,60.214903,48.007545,0.215936
proportional,whole_income,high,central,2018,289.725729,62.562108,51.021627,0.215936
proportional,whole_income,high,central,2019,300.000132,64.780718,53.702796,0.215936
proportional,whole_income,high,central,2020,457.004533,98.683562,82.907945,0.215936
proportional,whole_income,high,central,2021,418.646034,90.400595,79.415123,0.215936
proportional,whole_income,high,central,2022,265.08302,57.240869,53.861491,0.215936
proportional,whole_income,high,central,2023,318.554417,68.787249,67.121148,0.215936
proportional,whole_income,high,central,2024,334.59593,72.251183,72.251183,0.215936
proportional,whole_ratio_federal_series,high,central,2005,132.055474,2.627235,1.708285,0.019895
proportional,whole_ratio_federal_series,high,central,2006,133.734254,-4.018888,-2.693752,-0.030051
proportional,whole_ratio_federal_series,high,central,2007,146.008549,-2.39731,-1.650392,-0.016419
proportional,whole_ratio_federal_series,high,central,2008,194.493475,23.639542,16.587899,0.121544
proportional,whole_ratio_federal_series,high,central,2009,263.644177,70.383832,49.693135,0.266965
proportional,whole_ratio_federal_series,high,central,2010,279.154027,75.441152,53.910939,0.270249
proportional,whole_ratio_federal_series,high,central,2011,269.472419,67.724084,49.394608,0.251321
proportional,whole_ratio_federal_series,high,central,2012,254.982699,54.549836,40.527047,0.213935
proportional,whole_ratio_federal_series,high,central,2013,219.035313,20.071667,15.165768,0.091637
proportional,whole_ratio_federal_series,high,central,2014,216.919481,15.995861,12.296592,0.073741
proportional,whole_ratio_federal_series,high,central,2015,216.199279,12.221063,9.481973,0.056527
proportional,whole_ratio_federal_series,high,central,2016,230.215548,19.656132,15.39559,0.085381
proportional,whole_ratio_federal_series,high,central,2017,235.672201,23.804515,18.978629,0.101007
proportional,whole_ratio_federal_series,high,central,2018,249.988229,34.072621,27.787436,0.136297
proportional,whole_ratio_federal_series,high,central,2019,265.812032,41.671636,34.545516,0.156771
proportional,whole_ratio_federal_series,high,central,2020,430.645233,163.588609,137.43723,0.379869
proportional,whole_ratio_federal_series,high,central,2021,398.129934,145.954473,128.218098,0.3666
proportional,whole_ratio_federal_series,high,central,2022,248.57242,26.705355,25.128728,0.107435
proportional,whole_ratio_federal_series,high,central,2023,309.511517,66.209472,64.605808,0.213916
proportional,whole_ratio_federal_series,high,central,2024,334.59593,72.251173,72.251173,0.215936
proportional,whole_income_federal_series,high,central,2005,173.340874,28.544018,18.559938,0.16467
proportional,whole_income_federal_series,high,central,2006,179.529754,25.009924,16.763477,0.139308
proportional,whole_income_federal_series,high,central,2007,193.696849,27.883764,19.196153,0.143956
proportional,whole_income_federal_series,high,central,2008,242.358275,53.653272,37.648575,0.22138
proportional,whole_income_federal_series,high,central,2009,312.243277,99.905994,70.536684,0.319962
proportional,whole_income_federal_series,high,central,2010,332.426127,108.64904,77.641601,0.326837
proportional,whole_income_federal_series,high,central,2011,325.561219,102.766662,74.952937,0.31566
proportional,whole_income_federal_series,high,central,2012,310.647099,89.503479,66.495374,0.288119
proportional,whole_income_federal_series,high,central,2013,281.723113,60.877983,45.998241,0.216092
proportional,whole_income_federal_series,high,central,2014,276.133381,54.685468,42.03868,0.19804
proportional,whole_income_federal_series,high,central,2015,273.689079,49.790888,38.631327,0.181925
proportional,whole_income_federal_series,high,central,2016,280.830548,52.592492,41.192868,0.187275
proportional,whole_income_federal_series,high,central,2017,278.855801,51.593216,41.133731,0.185018
proportional,whole_income_federal_series,high,central,2018,289.725729,59.366565,48.415548,0.204906
proportional,whole_income_federal_series,high,central,2019,300.000132,63.245648,52.430233,0.210819
proportional,whole_income_federal_series,high,central,2020,457.004533,180.255278,151.439554,0.394428
proportional,whole_income_federal_series,high,central,2021,418.646034,159.160955,139.81973,0.38018
proportional,whole_income_federal_series,high,central,2022,265.08302,37.457946,35.246509,0.141306
proportional,whole_income_federal_series,high,central,2023,318.554417,72.036181,70.291387,0.226135
proportional,whole_income_federal_series,high,central,2024,334.59593,72.251173,72.251173,0.215936
proportional,programme,high,low,2005,154.183067,-14.604878,-9.496408,-0.094724
proportional,programme,high,low,2006,160.749941,-18.817692,-12.61299,-0.117062
proportional,programme,high,low,2007,171.560674,-21.065882,-14.502486,-0.12279
proportional,programme,high,low,2008,216.991867,6.891263,4.835609,0.031758
proportional,programme,high,low,2009,266.807598,46.701802,32.972899,0.175039
proportional,programme,high,low,2010,291.533076,66.506572,47.526207,0.228127
proportional,programme,high,low,2011,278.638049,56.174616,40.970996,0.201604
proportional,programme,high,low,2012,260.190384,40.069587,29.769146,0.154001
proportional,programme,high,low,2013,242.872929,17.028923,12.866729,0.070115
proportional,programme,high,low,2014,245.007348,14.982008,11.517207,0.061149
proportional,programme,high,low,2015,249.529401,15.179018,11.776966,0.060831
proportional,programme,high,low,2016,257.77121,19.305358,15.120848,0.074893
proportional,programme,high,low,2017,256.638025,16.213384,12.926447,0.063176
proportional,programme,high,low,2018,262.510364,17.337907,14.13968,0.066047
proportional,programme,high,low,2019,269.502729,17.337043,14.372296,0.06433
proportional,programme,high,low,2020,429.141181,171.199609,143.83153,0.398935
proportional,programme,high,low,2021,449.338137,194.038623,170.459066,0.431832
proportional,programme,high,low,2022,303.607742,41.974165,39.4961,0.138251
proportional,programme,high,low,2023,314.451206,41.644179,40.635512,0.132434
proportional,programme,high,low,2024,334.595884,44.654993,44.654993,0.133459
proportional,programme_income,high,low,2005,185.170473,6.787794,4.413571,0.036657
proportional,programme_income,high,low,2006,194.600487,4.641943,3.111369,0.023854
proportional,programme_income,high,low,2007,206.961167,3.651913,2.514104,0.017645
proportional,programme_income,high,low,2008,253.771048,32.631578,22.897623,0.128587
proportional,programme_income,high,low,2009,304.389332,72.603245,51.260109,0.238521
proportional,programme_income,high,low,2010,332.012844,94.431977,67.481957,0.284423
proportional,programme_income,high,low,2011,320.741757,84.931576,61.944905,0.264797
proportional,programme_income,high,low,2012,301.795346,68.444282,50.849734,0.22679
proportional,programme_income,high,low,2013,289.41236,49.515929,37.41329,0.171091
proportional,programme_income,high,low,2014,289.203373,46.01085,35.37019,0.159095
proportional,programme_income,high,low,2015,292.843737,45.733615,35.483405,0.156171
proportional,programme_income,high,low,2016,296.288718,46.428971,36.365314,0.156702
proportional,programme_income,high,low,2017,290.106994,39.70049,31.652015,0.136848
proportional,programme_income,high,low,2018,293.618906,39.073855,31.86612,0.133077
proportional,programme_income,high,low,2019,296.46967,36.158383,29.975066,0.121963
proportional,programme_income,high,low,2020,449.69236,185.581272,155.914131,0.412685
proportional,programme_income,high,low,2021,465.07326,205.041817,180.125153,0.440881
proportional,programme_income,high,low,2022,316.158056,50.860115,47.857443,0.160869
proportional,programme_income,high,low,2023,321.488775,46.600243,45.471535,0.144951
proportional,programme_income,high,low,2024,334.595884,44.654993,44.654993,0.133459
proportional,programme_ex_pandemic,high,low,2005,154.183067,-14.604878,-9.496408,-0.094724
proportional,programme_ex_pandemic,high,low,2006,160.749941,-18.817692,-12.61299,-0.117062
proportional,programme_ex_pandemic,high,low,2007,171.560674,-21.065882,-14.502486,-0.12279
proportional,programme_ex_pandemic,high,low,2008,216.991867,6.891263,4.835609,0.031758
proportional,programme_ex_pandemic,high,low,2009,266.807598,46.701802,32.972899,0.175039
proportional,programme_ex_pandemic,high,low,2010,291.533076,66.506572,47.526207,0.228127
proportional,programme_ex_pandemic,high,low,2011,278.638049,56.174616,40.970996,0.201604
proportional,programme_ex_pandemic,high,low,2012,260.190384,40.069587,29.769146,0.154001
proportional,programme_ex_pandemic,high,low,2013,242.872929,17.028923,12.866729,0.070115
proportional,programme_ex_pandemic,high,low,2014,245.007348,14.982008,11.517207,0.061149
proportional,programme_ex_pandemic,high,low,2015,249.529401,15.179018,11.776966,0.060831
proportional,programme_ex_pandemic,high,low,2016,257.77121,19.305358,15.120848,0.074893
proportional,programme_ex_pandemic,high,low,2017,256.638025,16.213384,12.926447,0.063176
proportional,programme_ex_pandemic,high,low,2018,262.510364,17.337907,14.13968,0.066047
proportional,programme_ex_pandemic,high,low,2019,269.502729,17.337043,14.372296,0.06433
proportional,programme_ex_pandemic,high,low,2020,286.555236,29.655604,24.91484,0.10349
proportional,programme_ex_pandemic,high,low,2021,286.555236,29.655604,26.051857,0.10349
proportional,programme_ex_pandemic,high,low,2022,303.607742,41.974165,39.4961,0.138251
proportional,programme_ex_pandemic,high,low,2023,314.451206,41.644179,40.635512,0.132434
proportional,programme_ex_pandemic,high,low,2024,334.595884,44.654993,44.654993,0.133459
proportional,programme_income_ex_pandemic,high,low,2005,185.170473,6.787794,4.413571,0.036657
proportional,programme_income_ex_pandemic,high,low,2006,194.600487,4.641943,3.111369,0.023854
proportional,programme_income_ex_pandemic,high,low,2007,206.961167,3.651913,2.514104,0.017645
proportional,programme_income_ex_pandemic,high,low,2008,253.771048,32.631578,22.897623,0.128587
proportional,programme_income_ex_pandemic,high,low,2009,304.389332,72.603245,51.260109,0.238521
proportional,programme_income_ex_pandemic,high,low,2010,332.012844,94.431977,67.481957,0.284423
proportional,programme_income_ex_pandemic,high,low,2011,320.741757,84.931576,61.944905,0.264797
proportional,programme_income_ex_pandemic,high,low,2012,301.795346,68.444282,50.849734,0.22679
proportional,programme_income_ex_pandemic,high,low,2013,289.41236,49.515929,37.41329,0.171091
proportional,programme_income_ex_pandemic,high,low,2014,289.203373,46.01085,35.37019,0.159095
proportional,programme_income_ex_pandemic,high,low,2015,292.843737,45.733615,35.483405,0.156171
proportional,programme_income_ex_pandemic,high,low,2016,296.288718,46.428971,36.365314,0.156702
proportional,programme_income_ex_pandemic,high,low,2017,290.106994,39.70049,31.652015,0.136848
proportional,programme_income_ex_pandemic,high,low,2018,293.618906,39.073855,31.86612,0.133077
proportional,programme_income_ex_pandemic,high,low,2019,296.46967,36.158383,29.975066,0.121963
proportional,programme_income_ex_pandemic,high,low,2020,306.313863,43.509249,36.553833,0.142041
proportional,programme_income_ex_pandemic,high,low,2021,306.313863,43.509249,38.222009,0.142041
proportional,programme_income_ex_pandemic,high,low,2022,316.158056,50.860115,47.857443,0.160869
proportional,programme_income_ex_pandemic,high,low,2023,321.488775,46.600243,45.471535,0.144951
proportional,programme_income_ex_pandemic,high,low,2024,334.595884,44.654993,44.654993,0.133459
proportional,programme_pandemic_per_head,high,low,2005,154.183067,-14.604878,-9.496408,-0.094724
proportional,programme_pandemic_per_head,high,low,2006,160.749941,-18.817692,-12.61299,-0.117062
proportional,programme_pandemic_per_head,high,low,2007,171.560674,-21.065882,-14.502486,-0.12279
proportional,programme_pandemic_per_head,high,low,2008,216.991867,6.891263,4.835609,0.031758
proportional,programme_pandemic_per_head,high,low,2009,266.807598,46.701802,32.972899,0.175039
proportional,programme_pandemic_per_head,high,low,2010,291.533076,66.506572,47.526207,0.228127
proportional,programme_pandemic_per_head,high,low,2011,278.638049,56.174616,40.970996,0.201604
proportional,programme_pandemic_per_head,high,low,2012,260.190384,40.069587,29.769146,0.154001
proportional,programme_pandemic_per_head,high,low,2013,242.872929,17.028923,12.866729,0.070115
proportional,programme_pandemic_per_head,high,low,2014,245.007348,14.982008,11.517207,0.061149
proportional,programme_pandemic_per_head,high,low,2015,249.529401,15.179018,11.776966,0.060831
proportional,programme_pandemic_per_head,high,low,2016,257.77121,19.305358,15.120848,0.074893
proportional,programme_pandemic_per_head,high,low,2017,256.638025,16.213384,12.926447,0.063176
proportional,programme_pandemic_per_head,high,low,2018,262.510364,17.337907,14.13968,0.066047
proportional,programme_pandemic_per_head,high,low,2019,269.502729,17.337043,14.372296,0.06433
proportional,programme_pandemic_per_head,high,low,2020,422.149398,164.207825,137.957458,0.38898
proportional,programme_pandemic_per_head,high,low,2021,432.314699,177.015185,155.504314,0.409459
proportional,programme_pandemic_per_head,high,low,2022,299.970323,38.336746,36.073427,0.127802
proportional,programme_pandemic_per_head,high,low,2023,314.451206,41.644179,40.635512,0.132434
proportional,programme_pandemic_per_head,high,low,2024,334.595884,44.654993,44.654993,0.133459
proportional,programme_income_pandemic_per_head,high,low,2005,185.170473,6.787794,4.413571,0.036657
proportional,programme_income_pandemic_per_head,high,low,2006,194.600487,4.641943,3.111369,0.023854
proportional,programme_income_pandemic_per_head,high,low,2007,206.961167,3.651913,2.514104,0.017645
proportional,programme_income_pandemic_per_head,high,low,2008,253.771048,32.631578,22.897623,0.128587
proportional,programme_income_pandemic_per_head,high,low,2009,304.389332,72.603245,51.260109,0.238521
proportional,programme_income_pandemic_per_head,high,low,2010,332.012844,94.431977,67.481957,0.284423
proportional,programme_income_pandemic_per_head,high,low,2011,320.741757,84.931576,61.944905,0.264797
proportional,programme_income_pandemic_per_head,high,low,2012,301.795346,68.444282,50.849734,0.22679
proportional,programme_income_pandemic_per_head,high,low,2013,289.41236,49.515929,37.41329,0.171091
proportional,programme_income_pandemic_per_head,high,low,2014,289.203373,46.01085,35.37019,0.159095
proportional,programme_income_pandemic_per_head,high,low,2015,292.843737,45.733615,35.483405,0.156171
proportional,programme_income_pandemic_per_head,high,low,2016,296.288718,46.428971,36.365314,0.156702
proportional,programme_income_pandemic_per_head,high,low,2017,290.106994,39.70049,31.652015,0.136848
proportional,programme_income_pandemic_per_head,high,low,2018,293.618906,39.073855,31.86612,0.133077
proportional,programme_income_pandemic_per_head,high,low,2019,296.46967,36.158383,29.975066,0.121963
proportional,programme_income_pandemic_per_head,high,low,2020,442.700577,178.589489,150.040059,0.403409
proportional,programme_income_pandemic_per_head,high,low,2021,448.049822,188.018379,165.170402,0.419637
proportional,programme_income_pandemic_per_head,high,low,2022,312.520637,47.222696,44.434769,0.151103
proportional,programme_income_pandemic_per_head,high,low,2023,321.488775,46.600243,45.471535,0.144951
proportional,programme_income_pandemic_per_head,high,low,2024,334.595884,44.654993,44.654993,0.133459
proportional,whole_flat,high,low,2005,229.827774,30.672695,19.94405,0.133459
proportional,whole_flat,high,low,2006,243.196154,32.456832,21.754938,0.133459
proportional,whole_flat,high,low,2007,250.298549,33.404714,22.996968,0.133459
proportional,whole_flat,high,low,2008,263.785075,35.204619,24.70313,0.133459
proportional,whole_flat,high,low,2009,271.948977,36.294169,25.624792,0.133459
proportional,whole_flat,high,low,2010,282.588427,37.714105,26.950845,0.133459
proportional,whole_flat,high,low,2011,287.979719,38.433624,28.03159,0.133459
proportional,whole_flat,high,low,2012,292.104599,38.984128,28.962719,0.133459
proportional,whole_flat,high,low,2013,296.802913,39.611163,29.929438,0.133459
proportional,whole_flat,high,low,2014,303.106081,40.45238,31.097195,0.133459
proportional,whole_flat,high,low,2015,307.195179,40.998109,31.809261,0.133459
proportional,whole_flat,high,low,2016,311.129848,41.523228,32.522909,0.133459
proportional,whole_flat,high,low,2017,314.669201,41.995588,33.481829,0.133459
proportional,whole_flat,high,low,2018,317.403629,42.360523,34.546515,0.133459
proportional,whole_flat,high,low,2019,319.117332,42.589233,35.306199,0.133459
proportional,whole_flat,high,low,2020,319.329833,42.617594,35.804718,0.133459
proportional,whole_flat,high,low,2021,319.542334,42.645954,37.463621,0.133459
proportional,whole_flat,high,low,2022,321.07752,42.850839,40.321017,0.133459
proportional,whole_flat,high,low,2023,326.026717,43.511356,42.457465,0.133459
proportional,whole_flat,high,low,2024,334.59593,44.654999,44.654999,0.133459
proportional,whole_ratio,high,low,2005,132.055474,17.624055,11.459542,0.133459
proportional,whole_ratio,high,low,2006,133.734254,17.848104,11.963102,0.133459
proportional,whole_ratio,high,low,2007,146.008549,19.486225,13.414996,0.133459
proportional,whole_ratio,high,low,2008,194.493475,25.956998,18.214061,0.133459
proportional,whole_ratio,high,low,2009,263.644177,35.185815,24.84226,0.133459
proportional,whole_ratio,high,low,2010,279.154027,37.255751,26.623302,0.133459
proportional,whole_ratio,high,low,2011,269.472419,35.963649,26.230113,0.133459
proportional,whole_ratio,high,low,2012,254.982699,34.029859,25.282013,0.133459
proportional,whole_ratio,high,low,2013,219.035313,29.232339,22.087397,0.133459
proportional,whole_ratio,high,low,2014,216.919481,28.949961,22.254873,0.133459
proportional,whole_ratio,high,low,2015,216.199279,28.853843,22.386872,0.133459
proportional,whole_ratio,high,low,2016,230.215548,30.724447,24.064806,0.133459
proportional,whole_ratio,high,low,2017,235.672201,31.45269,25.07629,0.133459
proportional,whole_ratio,high,low,2018,249.988229,33.363299,27.208958,0.133459
proportional,whole_ratio,high,low,2019,265.812032,35.475136,29.408658,0.133459
proportional,whole_ratio,high,low,2020,430.645233,57.473689,48.285909,0.133459
proportional,whole_ratio,high,low,2021,398.129934,53.134214,46.677349,0.133459
proportional,whole_ratio,high,low,2022,248.57242,33.174346,31.215804,0.133459
proportional,whole_ratio,high,low,2023,309.511517,41.307246,40.306741,0.133459
proportional,whole_ratio,high,low,2024,334.59593,44.654999,44.654999,0.133459
proportional,whole_income,high,low,2005,173.340874,23.133983,15.042216,0.133459
proportional,whole_income,high,low,2006,179.529754,23.959948,16.059706,0.133459
proportional,whole_income,high,low,2007,193.696849,25.850681,17.796508,0.133459
proportional,whole_income,high,low,2008,242.358275,32.345009,22.696538,0.133459
proportional,whole_income,high,low,2009,312.243277,41.671826,29.421582,0.133459
proportional,whole_income,high,low,2010,332.426127,44.365418,31.703935,0.133459
proportional,whole_income,high,low,2011,325.561219,43.449231,31.689727,0.133459
proportional,whole_income,high,low,2012,310.647099,41.458801,30.801243,0.133459
proportional,whole_income,high,low,2013,281.723113,37.59862,28.408799,0.133459
proportional,whole_income,high,low,2014,276.133381,36.852618,28.329928,0.133459
proportional,whole_income,high,low,2015,273.689079,36.526402,28.339791,0.133459
proportional,whole_income,high,low,2016,280.830548,37.479499,29.355674,0.133459
proportional,whole_income,high,low,2017,278.855801,37.21595,29.671166,0.133459
proportional,whole_income,high,low,2018,289.725729,38.666645,31.534026,0.133459
proportional,whole_income,high,low,2019,300.000132,40.037862,33.191128,0.133459
proportional,whole_income,high,low,2020,457.004533,60.991588,51.241434,0.133459
proportional,whole_income,high,low,2021,418.646034,55.872282,49.082687,0.133459
proportional,whole_income,high,low,2022,265.08302,35.377842,33.28921,0.133459
proportional,whole_income,high,low,2023,318.554417,42.514107,41.48437,0.133459
proportional,whole_income,high,low,2024,334.59593,44.654999,44.654999,0.133459
proportional,whole_ratio_federal_series,high,low,2005,132.055474,-9.712561,-6.315317,-0.073549
proportional,whole_ratio_federal_series,high,low,2006,133.734254,-17.349591,-11.628962,-0.129732
proportional,whole_ratio_federal_series,high,low,2007,146.008549,-16.429634,-11.310732,-0.112525
proportional,whole_ratio_federal_series,high,low,2008,194.493475,7.896873,5.541246,0.040602
proportional,whole_ratio_federal_series,high,low,2009,263.644177,53.007818,37.425139,0.201058
proportional,whole_ratio_federal_series,high,low,2010,279.154027,56.333661,40.256551,0.201801
proportional,whole_ratio_federal_series,high,low,2011,269.472419,48.578863,35.431028,0.180274
proportional,whole_ratio_federal_series,high,low,2012,254.982699,35.802819,26.59921,0.140413
proportional,whole_ratio_federal_series,high,low,2013,219.035313,1.498098,1.131934,0.00684
proportional,whole_ratio_federal_series,high,low,2014,216.919481,-3.081425,-2.368802,-0.014205
proportional,whole_ratio_federal_series,high,low,2015,216.199279,-7.360193,-5.710563,-0.034044
proportional,whole_ratio_federal_series,high,low,2016,230.215548,-0.432563,-0.338803,-0.001879
proportional,whole_ratio_federal_series,high,low,2017,235.672201,3.441574,2.743864,0.014603
proportional,whole_ratio_federal_series,high,low,2018,249.988229,12.939061,10.552265,0.051759
proportional,whole_ratio_federal_series,high,low,2019,265.812032,19.679639,16.314293,0.074036
proportional,whole_ratio_federal_series,high,low,2020,430.645233,133.001028,111.739399,0.308841
proportional,whole_ratio_federal_series,high,low,2021,398.129934,114.265667,100.380112,0.287006
proportional,whole_ratio_federal_series,high,low,2022,248.57242,1.766133,1.661864,0.007105
proportional,whole_ratio_federal_series,high,low,2023,309.511517,40.438096,39.458642,0.130651
proportional,whole_ratio_federal_series,high,low,2024,334.59593,44.654993,44.654993,0.133459
proportional,whole_income_federal_series,high,low,2005,173.340874,16.204223,10.536336,0.093482
proportional,whole_income_federal_series,high,low,2006,179.529754,11.679221,7.828266,0.065055
proportional,whole_income_federal_series,high,low,2007,193.696849,13.85144,9.535813,0.071511
proportional,whole_income_federal_series,high,low,2008,242.358275,37.910603,26.601922,0.156424
proportional,whole_income_federal_series,high,low,2009,312.243277,82.52998,58.268688,0.264313
proportional,whole_income_federal_series,high,low,2010,332.426127,89.541549,63.987213,0.269358
proportional,whole_income_federal_series,high,low,2011,325.561219,83.621441,60.989356,0.256853
proportional,whole_income_federal_series,high,low,2012,310.647099,70.756462,52.567536,0.227771
proportional,whole_income_federal_series,high,low,2013,281.723113,42.304414,31.964407,0.150163
proportional,whole_income_federal_series,high,low,2014,276.133381,35.608182,27.373286,0.128953
proportional,whole_income_federal_series,high,low,2015,273.689079,30.209633,23.438791,0.110379
proportional,whole_income_federal_series,high,low,2016,280.830548,32.503798,25.458475,0.115742
proportional,whole_income_federal_series,high,low,2017,278.855801,31.230275,24.898966,0.111994
proportional,whole_income_federal_series,high,low,2018,289.725729,38.233005,31.180377,0.131963
proportional,whole_income_federal_series,high,low,2019,300.000132,41.253651,34.19901,0.137512
proportional,whole_income_federal_series,high,low,2020,457.004533,149.667697,125.741723,0.327497
proportional,whole_income_federal_series,high,low,2021,418.646034,127.472149,111.981744,0.304487
proportional,whole_income_federal_series,high,low,2022,265.08302,12.518724,11.779645,0.047226
proportional,whole_income_federal_series,high,low,2023,318.554417,46.264804,45.144221,0.145234
proportional,whole_income_federal_series,high,low,2024,334.59593,44.654993,44.654993,0.133459
proportional,programme,high,high,2005,154.183067,9.193326,5.977699,0.059626
proportional,programme,high,high,2006,160.749941,6.184014,4.144978,0.03847
proportional,programme,high,high,2007,171.560674,3.6978,2.545694,0.021554
proportional,programme,high,high,2008,216.991867,32.725503,22.963531,0.150814
proportional,programme,high,high,2009,266.807598,81.441774,57.500381,0.305245
proportional,programme,high,high,2010,291.533076,106.430796,76.056424,0.365073
proportional,programme,high,high,2011,278.638049,92.708305,67.616868,0.332719
proportional,programme,high,high,2012,260.190384,70.185628,52.143443,0.269747
proportional,programme,high,high,2013,242.872929,45.048236,34.037587,0.185481
proportional,programme,high,high,2014,245.007348,42.34946,32.555548,0.17285
proportional,programme,high,high,2015,249.529401,42.222053,32.758884,0.169207
proportional,programme,high,high,2016,257.77121,46.534099,36.447654,0.180525
proportional,programme,high,high,2017,256.638025,42.883291,34.189568,0.167096
proportional,programme,high,high,2018,262.510364,45.269577,36.918952,0.172449
proportional,programme,high,high,2019,269.502729,45.129733,37.412257,0.167456
proportional,programme,high,high,2020,429.141181,220.783076,185.488553,0.514477
proportional,programme,high,high,2021,449.338137,263.993405,231.912949,0.587516
proportional,programme,high,high,2022,303.607742,94.637528,89.050331,0.31171
proportional,programme,high,high,2023,314.451206,91.572065,89.354092,0.291212
proportional,programme,high,high,2024,334.595884,90.587502,90.587502,0.270737
proportional,programme_income,high,high,2005,185.170473,30.585998,19.887678,0.165178
proportional,programme_income,high,high,2006,194.600487,29.643649,19.869337,0.152331
proportional,programme_income,high,high,2007,206.961167,28.415595,19.562284,0.137299
proportional,programme_income,high,high,2008,253.771048,58.465819,41.025545,0.230388
proportional,programme_income,high,high,2009,304.389332,107.343217,75.787591,0.352651
proportional,programme_income,high,high,2010,332.012844,134.356201,96.012174,0.404672
proportional,programme_income,high,high,2011,320.741757,121.465265,88.590777,0.378701
proportional,programme_income,high,high,2012,301.795346,98.560323,73.224031,0.32658
proportional,programme_income,high,high,2013,289.41236,77.535242,58.584147,0.267906
proportional,programme_income,high,high,2014,289.203373,73.378301,56.408531,0.253726
proportional,programme_income,high,high,2015,292.843737,72.776651,56.465323,0.248517
proportional,programme_income,high,high,2016,296.288718,73.657712,57.692121,0.248601
proportional,programme_income,high,high,2017,290.106994,66.370397,52.915136,0.228779
proportional,programme_income,high,high,2018,293.618906,67.005526,54.645392,0.228206
proportional,programme_income,high,high,2019,296.46967,63.951074,53.015026,0.215709
proportional,programme_income,high,high,2020,449.69236,235.164739,197.571154,0.522946
proportional,programme_income,high,high,2021,465.07326,274.9966,241.579036,0.591297
proportional,programme_income,high,high,2022,316.158056,103.523478,97.411674,0.327442
proportional,programme_income,high,high,2023,321.488775,96.528129,94.190115,0.300253
proportional,programme_income,high,high,2024,334.595884,90.587502,90.587502,0.270737
proportional,programme_ex_pandemic,high,high,2005,154.183067,9.193326,5.977699,0.059626
proportional,programme_ex_pandemic,high,high,2006,160.749941,6.184014,4.144978,0.03847
proportional,programme_ex_pandemic,high,high,2007,171.560674,3.6978,2.545694,0.021554
proportional,programme_ex_pandemic,high,high,2008,216.991867,32.725503,22.963531,0.150814
proportional,programme_ex_pandemic,high,high,2009,266.807598,81.441774,57.500381,0.305245
proportional,programme_ex_pandemic,high,high,2010,291.533076,106.430796,76.056424,0.365073
proportional,programme_ex_pandemic,high,high,2011,278.638049,92.708305,67.616868,0.332719
proportional,programme_ex_pandemic,high,high,2012,260.190384,70.185628,52.143443,0.269747
proportional,programme_ex_pandemic,high,high,2013,242.872929,45.048236,34.037587,0.185481
proportional,programme_ex_pandemic,high,high,2014,245.007348,42.34946,32.555548,0.17285
proportional,programme_ex_pandemic,high,high,2015,249.529401,42.222053,32.758884,0.169207
proportional,programme_ex_pandemic,high,high,2016,257.77121,46.534099,36.447654,0.180525
proportional,programme_ex_pandemic,high,high,2017,256.638025,42.883291,34.189568,0.167096
proportional,programme_ex_pandemic,high,high,2018,262.510364,45.269577,36.918952,0.172449
proportional,programme_ex_pandemic,high,high,2019,269.502729,45.129733,37.412257,0.167456
proportional,programme_ex_pandemic,high,high,2020,286.555236,69.883631,58.711989,0.243875
proportional,programme_ex_pandemic,high,high,2021,286.555236,69.883631,61.391378,0.243875
proportional,programme_ex_pandemic,high,high,2022,303.607742,94.637528,89.050331,0.31171
proportional,programme_ex_pandemic,high,high,2023,314.451206,91.572065,89.354092,0.291212
proportional,programme_ex_pandemic,high,high,2024,334.595884,90.587502,90.587502,0.270737
proportional,programme_income_ex_pandemic,high,high,2005,185.170473,30.585998,19.887678,0.165178
proportional,programme_income_ex_pandemic,high,high,2006,194.600487,29.643649,19.869337,0.152331
proportional,programme_income_ex_pandemic,high,high,2007,206.961167,28.415595,19.562284,0.137299
proportional,programme_income_ex_pandemic,high,high,2008,253.771048,58.465819,41.025545,0.230388
proportional,programme_income_ex_pandemic,high,high,2009,304.389332,107.343217,75.787591,0.352651
proportional,programme_income_ex_pandemic,high,high,2010,332.012844,134.356201,96.012174,0.404672
proportional,programme_income_ex_pandemic,high,high,2011,320.741757,121.465265,88.590777,0.378701
proportional,programme_income_ex_pandemic,high,high,2012,301.795346,98.560323,73.224031,0.32658
proportional,programme_income_ex_pandemic,high,high,2013,289.41236,77.535242,58.584147,0.267906
proportional,programme_income_ex_pandemic,high,high,2014,289.203373,73.378301,56.408531,0.253726
proportional,programme_income_ex_pandemic,high,high,2015,292.843737,72.776651,56.465323,0.248517
proportional,programme_income_ex_pandemic,high,high,2016,296.288718,73.657712,57.692121,0.248601
proportional,programme_income_ex_pandemic,high,high,2017,290.106994,66.370397,52.915136,0.228779
proportional,programme_income_ex_pandemic,high,high,2018,293.618906,67.005526,54.645392,0.228206
proportional,programme_income_ex_pandemic,high,high,2019,296.46967,63.951074,53.015026,0.215709
proportional,programme_income_ex_pandemic,high,high,2020,306.313863,83.737276,70.350982,0.273371
proportional,programme_income_ex_pandemic,high,high,2021,306.313863,83.737276,73.561529,0.273371
proportional,programme_income_ex_pandemic,high,high,2022,316.158056,103.523478,97.411674,0.327442
proportional,programme_income_ex_pandemic,high,high,2023,321.488775,96.528129,94.190115,0.300253
proportional,programme_income_ex_pandemic,high,high,2024,334.595884,90.587502,90.587502,0.270737
proportional,programme_pandemic_per_head,high,high,2005,154.183067,9.193326,5.977699,0.059626
proportional,programme_pandemic_per_head,high,high,2006,160.749941,6.184014,4.144978,0.03847
proportional,programme_pandemic_per_head,high,high,2007,171.560674,3.6978,2.545694,0.021554
proportional,programme_pandemic_per_head,high,high,2008,216.991867,32.725503,22.963531,0.150814
proportional,programme_pandemic_per_head,high,high,2009,266.807598,81.441774,57.500381,0.305245
proportional,programme_pandemic_per_head,high,high,2010,291.533076,106.430796,76.056424,0.365073
proportional,programme_pandemic_per_head,high,high,2011,278.638049,92.708305,67.616868,0.332719
proportional,programme_pandemic_per_head,high,high,2012,260.190384,70.185628,52.143443,0.269747
proportional,programme_pandemic_per_head,high,high,2013,242.872929,45.048236,34.037587,0.185481
proportional,programme_pandemic_per_head,high,high,2014,245.007348,42.34946,32.555548,0.17285
proportional,programme_pandemic_per_head,high,high,2015,249.529401,42.222053,32.758884,0.169207
proportional,programme_pandemic_per_head,high,high,2016,257.77121,46.534099,36.447654,0.180525
proportional,programme_pandemic_per_head,high,high,2017,256.638025,42.883291,34.189568,0.167096
proportional,programme_pandemic_per_head,high,high,2018,262.510364,45.269577,36.918952,0.172449
proportional,programme_pandemic_per_head,high,high,2019,269.502729,45.129733,37.412257,0.167456
proportional,programme_pandemic_per_head,high,high,2020,422.149398,213.791293,179.614481,0.506435
proportional,programme_pandemic_per_head,high,high,2021,432.314699,246.969967,216.958198,0.571274
proportional,programme_pandemic_per_head,high,high,2022,299.970323,91.000109,85.627657,0.303364
proportional,programme_pandemic_per_head,high,high,2023,314.451206,91.572065,89.354092,0.291212
proportional,programme_pandemic_per_head,high,high,2024,334.595884,90.587502,90.587502,0.270737
proportional,programme_income_pandemic_per_head,high,high,2005,185.170473,30.585998,19.887678,0.165178
proportional,programme_income_pandemic_per_head,high,high,2006,194.600487,29.643649,19.869337,0.152331
proportional,programme_income_pandemic_per_head,high,high,2007,206.961167,28.415595,19.562284,0.137299
proportional,programme_income_pandemic_per_head,high,high,2008,253.771048,58.465819,41.025545,0.230388
proportional,programme_income_pandemic_per_head,high,high,2009,304.389332,107.343217,75.787591,0.352651
proportional,programme_income_pandemic_per_head,high,high,2010,332.012844,134.356201,96.012174,0.404672
proportional,programme_income_pandemic_per_head,high,high,2011,320.741757,121.465265,88.590777,0.378701
proportional,programme_income_pandemic_per_head,high,high,2012,301.795346,98.560323,73.224031,0.32658
proportional,programme_income_pandemic_per_head,high,high,2013,289.41236,77.535242,58.584147,0.267906
proportional,programme_income_pandemic_per_head,high,high,2014,289.203373,73.378301,56.408531,0.253726
proportional,programme_income_pandemic_per_head,high,high,2015,292.843737,72.776651,56.465323,0.248517
proportional,programme_income_pandemic_per_head,high,high,2016,296.288718,73.657712,57.692121,0.248601
proportional,programme_income_pandemic_per_head,high,high,2017,290.106994,66.370397,52.915136,0.228779
proportional,programme_income_pandemic_per_head,high,high,2018,293.618906,67.005526,54.645392,0.228206
proportional,programme_income_pandemic_per_head,high,high,2019,296.46967,63.951074,53.015026,0.215709
proportional,programme_income_pandemic_per_head,high,high,2020,442.700577,228.172956,191.697082,0.515411
proportional,programme_income_pandemic_per_head,high,high,2021,448.049822,257.973162,226.624285,0.575769
proportional,programme_income_pandemic_per_head,high,high,2022,312.520637,99.886059,93.989,0.319614
proportional,programme_income_pandemic_per_head,high,high,2023,321.488775,96.528129,94.190115,0.300253
proportional,programme_income_pandemic_per_head,high,high,2024,334.595884,90.587502,90.587502,0.270737
proportional,whole_flat,high,high,2005,229.827774,62.222893,40.458671,0.270737
proportional,whole_flat,high,high,2006,243.196154,65.842208,44.132254,0.270737
proportional,whole_flat,high,high,2007,250.298549,67.76509,46.651846,0.270737
proportional,whole_flat,high,high,2008,263.785075,71.416392,50.112981,0.270737
proportional,whole_flat,high,high,2009,271.948977,73.626663,51.982673,0.270737
proportional,whole_flat,high,high,2010,282.588427,76.507156,54.672716,0.270737
proportional,whole_flat,high,high,2011,287.979719,77.966779,56.865125,0.270737
proportional,whole_flat,high,high,2012,292.104599,79.083537,58.754021,0.270737
proportional,whole_flat,high,high,2013,296.802913,80.355544,60.715114,0.270737
proportional,whole_flat,high,high,2014,303.106081,82.062045,63.084036,0.270737
proportional,whole_flat,high,high,2015,307.195179,83.169115,64.528539,0.270737
proportional,whole_flat,high,high,2016,311.129848,84.234376,65.976252,0.270737
proportional,whole_flat,high,high,2017,314.669201,85.19261,67.921525,0.270737
proportional,whole_flat,high,high,2018,317.403629,85.932921,70.081357,0.270737
proportional,whole_flat,high,high,2019,319.117332,86.396884,71.622458,0.270737
proportional,whole_flat,high,high,2020,319.329833,86.454416,72.633758,0.270737
proportional,whole_flat,high,high,2021,319.542334,86.511948,75.999023,0.270737
proportional,whole_flat,high,high,2022,321.07752,86.92758,81.795562,0.270737
proportional,whole_flat,high,high,2023,326.026717,88.267511,86.129577,0.270737
proportional,whole_flat,high,high,2024,334.59593,90.587514,90.587514,0.270737
proportional,whole_ratio,high,high,2005,132.055474,35.752309,23.246925,0.270737
proportional,whole_ratio,high,high,2006,133.734254,36.206817,24.268451,0.270737
proportional,whole_ratio,high,high,2007,146.008549,39.529924,27.213775,0.270737
proportional,whole_ratio,high,high,2008,194.493475,52.656589,36.949201,0.270737
proportional,whole_ratio,high,high,2009,263.644177,71.378246,50.395222,0.270737
proportional,whole_ratio,high,high,2010,279.154027,75.577337,54.008259,0.270737
proportional,whole_ratio,high,high,2011,269.472419,72.956167,53.210632,0.270737
proportional,whole_ratio,high,high,2012,254.982699,69.033263,51.287309,0.270737
proportional,whole_ratio,high,high,2013,219.035313,59.300974,44.806683,0.270737
proportional,whole_ratio,high,high,2014,216.919481,58.72814,45.146426,0.270737
proportional,whole_ratio,high,high,2015,216.199279,58.533154,45.414201,0.270737
proportional,whole_ratio,high,high,2016,230.215548,62.327878,48.818071,0.270737
proportional,whole_ratio,high,high,2017,235.672201,63.805196,50.869978,0.270737
proportional,whole_ratio,high,high,2018,249.988229,67.681075,55.196326,0.270737
proportional,whole_ratio,high,high,2019,265.812032,71.965165,59.658655,0.270737
proportional,whole_ratio,high,high,2020,430.645233,116.591619,97.953208,0.270737
proportional,whole_ratio,high,high,2021,398.129934,107.788523,94.69007,0.270737
proportional,whole_ratio,high,high,2022,248.57242,67.297763,63.324647,0.270737
proportional,whole_ratio,high,high,2023,309.511517,83.796234,81.7666,0.270737
proportional,whole_ratio,high,high,2024,334.59593,90.587514,90.587514,0.270737
proportional,whole_income,high,high,2005,173.340874,46.929796,30.514769,0.270737
proportional,whole_income,high,high,2006,179.529754,48.605355,32.578857,0.270737
proportional,whole_income,high,high,2007,193.696849,52.440913,36.102149,0.270737
proportional,whole_income,high,high,2008,242.358275,65.615364,46.042391,0.270737
proportional,whole_income,high,high,2009,312.243277,84.535823,59.684874,0.270737
proportional,whole_income,high,high,2010,332.426127,90.000068,64.314875,0.270737
proportional,whole_income,high,high,2011,325.561219,88.141483,64.286053,0.270737
proportional,whole_income,high,high,2012,310.647099,84.103678,62.483666,0.270737
proportional,whole_income,high,high,2013,281.723113,76.272884,57.630333,0.270737
proportional,whole_income,high,high,2014,276.133381,74.759536,57.470335,0.270737
proportional,whole_income,high,high,2015,273.689079,74.097773,57.490344,0.270737
proportional,whole_income,high,high,2016,280.830548,76.031233,59.551172,0.270737
proportional,whole_income,high,high,2017,278.855801,75.496596,60.191182,0.270737
proportional,whole_income,high,high,2018,289.725729,78.439488,63.970196,0.270737
proportional,whole_income,high,high,2019,300.000132,81.22115,67.331807,0.270737
proportional,whole_income,high,high,2020,457.004533,123.728058,103.948811,0.270737
proportional,whole_income,high,high,2021,418.646034,113.342991,99.56956,0.270737
proportional,whole_income,high,high,2022,265.08302,71.767794,67.530777,0.270737
proportional,whole_income,high,high,2023,318.554417,86.244482,84.155549,0.270737
proportional,whole_income,high,high,2024,334.59593,90.587514,90.587514,0.270737
proportional,whole_ratio_federal_series,high,high,2005,132.055474,10.826432,7.039581,0.081984
proportional,whole_ratio_federal_series,high,high,2006,133.734254,4.83872,3.243263,0.036182
proportional,whole_ratio_federal_series,high,high,2007,146.008549,6.926491,4.768437,0.047439
proportional,whole_ratio_federal_series,high,high,2008,194.493475,34.099785,23.927866,0.175326
proportional,whole_ratio_federal_series,high,high,2009,263.644177,81.929353,57.844626,0.310757
proportional,whole_ratio_federal_series,high,high,2010,279.154027,88.137156,62.983621,0.315729
proportional,whole_ratio_federal_series,high,high,2011,269.472419,80.445158,58.672732,0.298528
proportional,whole_ratio_federal_series,high,high,2012,254.982699,67.006324,49.781423,0.262788
proportional,whole_ratio_federal_series,high,high,2013,219.035313,32.412907,24.490573,0.14798
proportional,whole_ratio_federal_series,high,high,2014,216.919481,28.671796,22.041038,0.132177
proportional,whole_ratio_federal_series,high,high,2015,216.199279,25.23186,19.576679,0.116706
proportional,whole_ratio_federal_series,high,high,2016,230.215548,33.004098,25.850333,0.143362
proportional,whole_ratio_federal_series,high,high,2017,235.672201,37.334706,29.765846,0.158418
proportional,whole_ratio_federal_series,high,high,2018,249.988229,48.114851,39.239374,0.192468
proportional,whole_ratio_federal_series,high,high,2019,265.812032,56.284255,46.659283,0.211745
proportional,whole_ratio_federal_series,high,high,2020,430.645233,183.912579,154.512197,0.427063
proportional,whole_ratio_federal_series,high,high,2021,398.129934,167.010153,146.715093,0.419487
proportional,whole_ratio_federal_series,high,high,2022,248.57242,43.276262,40.721325,0.174099
proportional,whole_ratio_federal_series,high,high,2023,309.511517,83.333307,81.314885,0.269241
proportional,whole_ratio_federal_series,high,high,2024,334.59593,90.587502,90.587502,0.270737
proportional,whole_income_federal_series,high,high,2005,173.340874,36.743216,23.891234,0.211971
proportional,whole_income_federal_series,high,high,2006,179.529754,33.867533,22.700492,0.188646
proportional,whole_income_federal_series,high,high,2007,193.696849,37.207565,25.614982,0.192092
proportional,whole_income_federal_series,high,high,2008,242.358275,64.113515,44.988542,0.26454
proportional,whole_income_federal_series,high,high,2009,312.243277,111.451516,78.688175,0.356938
proportional,whole_income_federal_series,high,high,2010,332.426127,121.345044,86.714282,0.365029
proportional,whole_income_federal_series,high,high,2011,325.561219,115.487736,84.231061,0.354734
proportional,whole_income_federal_series,high,high,2012,310.647099,101.959967,75.749749,0.328218
proportional,whole_income_federal_series,high,high,2013,281.723113,73.219223,55.323046,0.259898
proportional,whole_income_federal_series,high,high,2014,276.133381,67.361403,51.783125,0.243945
proportional,whole_income_federal_series,high,high,2015,273.689079,62.801686,48.726033,0.229464
proportional,whole_income_federal_series,high,high,2016,280.830548,65.940459,51.647612,0.234805
proportional,whole_income_federal_series,high,high,2017,278.855801,65.123406,51.920948,0.233538
proportional,whole_income_federal_series,high,high,2018,289.725729,73.408795,59.867486,0.253373
proportional,whole_income_federal_series,high,high,2019,300.000132,77.858267,64.544,0.259527
proportional,whole_income_federal_series,high,high,2020,457.004533,200.579247,168.514521,0.4389
proportional,whole_income_federal_series,high,high,2021,418.646034,180.216636,158.316725,0.430475
proportional,whole_income_federal_series,high,high,2022,265.08302,54.028853,50.839106,0.203819
proportional,whole_income_federal_series,high,high,2023,318.554417,89.160015,87.000464,0.279889
proportional,whole_income_federal_series,high,high,2024,334.59593,90.587502,90.587502,0.270737
