year,source,measure,population_definition,geography,state_postal,total,hispanic,hispanic_share_known,hispanic_share_all,unknown_share,imputed,dq_grade,acs_hispanic_share,source_table,source_page
2019,"CMS DQ Atlas state rows, summed here",enrollees,"TAF Annual DE file, non-dummy eligibility records (anyone with a Medicaid or CHIP eligibility record in the calendar year, all benefit scopes, all ages, Medicaid+CHIP); state-reported race/ethnicity only, no imputation; % Hispanic of ALL records incl. missing (DQ Atlas pre-2021 method)","United States (50+DC), sum of DQ Atlas states",US,94775885.0,19977908.0,26.172,21.079,19.458,no,51 states,27.955,TAF-DQ-Race-Ethnicity-2019-Release-1.csv,[CALCULATION] sum of state rows (hispanic = share x count; ACS weighted by '# Beneficiaries in ACS')
2019,"CMS DQ Atlas state rows, summed here",enrollees,"TAF Annual DE file, non-dummy eligibility records (anyone with a Medicaid or CHIP eligibility record in the calendar year, all benefit scopes, all ages, Medicaid+CHIP); state-reported race/ethnicity only, no imputation; % Hispanic of ALL records incl. missing (DQ Atlas pre-2021 method)","United States (50+DC), Low/Medium-concern states only",US,63814501.0,17436724.0,30.218,27.324,9.577,no,29 states,30.998,TAF-DQ-Race-Ethnicity-2019-Release-1.csv,[CALCULATION] sum of state rows (hispanic = share x count; ACS weighted by '# Beneficiaries in ACS')
2020,"CMS DQ Atlas state rows, summed here",enrollees,"TAF Annual DE file, non-dummy eligibility records (anyone with a Medicaid or CHIP eligibility record in the calendar year, all benefit scopes, all ages, Medicaid+CHIP); state-reported race/ethnicity only, no imputation; % Hispanic of ALL records incl. missing (DQ Atlas pre-2021 method)","United States (50+DC), sum of DQ Atlas states",US,94698164.0,19519611.0,25.613,20.612,19.523,no,51 states,27.795,TAF-DQ-Race-Ethnicity-2020-Release-1.csv,[CALCULATION] sum of state rows (hispanic = share x count; ACS weighted by '# Beneficiaries in ACS')
2020,"CMS DQ Atlas state rows, summed here",enrollees,"TAF Annual DE file, non-dummy eligibility records (anyone with a Medicaid or CHIP eligibility record in the calendar year, all benefit scopes, all ages, Medicaid+CHIP); state-reported race/ethnicity only, no imputation; % Hispanic of ALL records incl. missing (DQ Atlas pre-2021 method)","United States (50+DC), Low/Medium-concern states only",US,65122222.0,16999352.0,29.038,26.104,10.104,no,31 states,30.372,TAF-DQ-Race-Ethnicity-2020-Release-1.csv,[CALCULATION] sum of state rows (hispanic = share x count; ACS weighted by '# Beneficiaries in ACS')
2021,"CMS DQ Atlas state rows, summed here",enrollees,"TAF Annual DE file, non-dummy eligibility records (anyone with a Medicaid or CHIP eligibility record in the calendar year, all benefit scopes, all ages, Medicaid+CHIP); state-reported race/ethnicity only, no imputation; % Hispanic among records with non-missing race/ethnicity (DQ Atlas method from 2021 R1)","United States (50+DC), sum of DQ Atlas states",US,101868325.0,22164444.0,25.961,21.758,16.191,no,51 states,27.765,TAF-DQ-Race-Ethnicity-2021-Release-1.csv,[CALCULATION] sum of state rows (hispanic = share x count; ACS weighted by '# Beneficiaries in ACS')
2021,"CMS DQ Atlas state rows, summed here",enrollees,"TAF Annual DE file, non-dummy eligibility records (anyone with a Medicaid or CHIP eligibility record in the calendar year, all benefit scopes, all ages, Medicaid+CHIP); state-reported race/ethnicity only, no imputation; % Hispanic among records with non-missing race/ethnicity (DQ Atlas method from 2021 R1)","United States (50+DC), Low/Medium-concern states only",US,77020093.0,19201374.0,27.952,24.93,10.81,no,37 states,28.842,TAF-DQ-Race-Ethnicity-2021-Release-1.csv,[CALCULATION] sum of state rows (hispanic = share x count; ACS weighted by '# Beneficiaries in ACS')
2022,"CMS DQ Atlas state rows, summed here",enrollees,"TAF Annual DE file, non-dummy eligibility records (anyone with a Medicaid or CHIP eligibility record in the calendar year, all benefit scopes, all ages, Medicaid+CHIP); state-reported race/ethnicity only, no imputation; % Hispanic among records with non-missing race/ethnicity (DQ Atlas method from 2021 R1)","United States (50+DC), sum of DQ Atlas states",US,107262650.0,25665937.0,28.327,23.928,15.53,no,51 states,27.654,TAF-DQ-Race-Ethnicity-2022-Release-1.csv,[CALCULATION] sum of state rows (hispanic = share x count; ACS weighted by '# Beneficiaries in ACS')
2022,"CMS DQ Atlas state rows, summed here",enrollees,"TAF Annual DE file, non-dummy eligibility records (anyone with a Medicaid or CHIP eligibility record in the calendar year, all benefit scopes, all ages, Medicaid+CHIP); state-reported race/ethnicity only, no imputation; % Hispanic among records with non-missing race/ethnicity (DQ Atlas method from 2021 R1)","United States (50+DC), Low/Medium-concern states only",US,80407851.0,20847856.0,29.02,25.928,10.655,no,36 states,29.301,TAF-DQ-Race-Ethnicity-2022-Release-1.csv,[CALCULATION] sum of state rows (hispanic = share x count; ACS weighted by '# Beneficiaries in ACS')
2023,"CMS DQ Atlas state rows, summed here",enrollees,"TAF Annual DE file, non-dummy eligibility records (anyone with a Medicaid or CHIP eligibility record in the calendar year, all benefit scopes, all ages, Medicaid+CHIP); state-reported race/ethnicity only, no imputation; % Hispanic among records with non-missing race/ethnicity (DQ Atlas method from 2021 R1)","United States (50+DC), sum of DQ Atlas states",US,114224651.0,28465034.0,28.992,24.92,14.044,no,51 states,27.784,TAF-DQ-Race-Ethnicity-2023-Release-1.csv,[CALCULATION] sum of state rows (hispanic = share x count; ACS weighted by '# Beneficiaries in ACS')
2023,"CMS DQ Atlas state rows, summed here",enrollees,"TAF Annual DE file, non-dummy eligibility records (anyone with a Medicaid or CHIP eligibility record in the calendar year, all benefit scopes, all ages, Medicaid+CHIP); state-reported race/ethnicity only, no imputation; % Hispanic among records with non-missing race/ethnicity (DQ Atlas method from 2021 R1)","United States (50+DC), Low/Medium-concern states only",US,89342998.0,22764594.0,28.806,25.48,11.545,no,38 states,28.779,TAF-DQ-Race-Ethnicity-2023-Release-1.csv,[CALCULATION] sum of state rows (hispanic = share x count; ACS weighted by '# Beneficiaries in ACS')
2019,"CMS DQ Atlas, Race and Ethnicity topic (TAF R1 vs ACS 5-yr)",enrollees,"TAF Annual DE file, non-dummy eligibility records (anyone with a Medicaid or CHIP eligibility record in the calendar year, all benefit scopes, all ages, Medicaid+CHIP); state-reported race/ethnicity only, no imputation; % Hispanic of ALL records incl. missing (DQ Atlas pre-2021 method)",Alabama,AL,1349590.0,24293.0,4.826,1.8,62.7,no,Unusable,6.7,TAF-DQ-Race-Ethnicity-2019-Release-1.csv,row State=Alabama; cols '% Hispanic Beneficiaries in TAF/ACS'
2019,"CMS DQ Atlas, Race and Ethnicity topic (TAF R1 vs ACS 5-yr)",enrollees,"TAF Annual DE file, non-dummy eligibility records (anyone with a Medicaid or CHIP eligibility record in the calendar year, all benefit scopes, all ages, Medicaid+CHIP); state-reported race/ethnicity only, no imputation; % Hispanic of ALL records incl. missing (DQ Atlas pre-2021 method)",Alaska,AK,257218.0,7202.0,3.004,2.8,6.8,no,Low concern,6.9,TAF-DQ-Race-Ethnicity-2019-Release-1.csv,row State=Alaska; cols '% Hispanic Beneficiaries in TAF/ACS'
2019,"CMS DQ Atlas, Race and Ethnicity topic (TAF R1 vs ACS 5-yr)",enrollees,"TAF Annual DE file, non-dummy eligibility records (anyone with a Medicaid or CHIP eligibility record in the calendar year, all benefit scopes, all ages, Medicaid+CHIP); state-reported race/ethnicity only, no imputation; % Hispanic of ALL records incl. missing (DQ Atlas pre-2021 method)",Arizona,AZ,2278948.0,15953.0,1.051,0.7,33.4,no,High concern,46.3,TAF-DQ-Race-Ethnicity-2019-Release-1.csv,row State=Arizona; cols '% Hispanic Beneficiaries in TAF/ACS'
2019,"CMS DQ Atlas, Race and Ethnicity topic (TAF R1 vs ACS 5-yr)",enrollees,"TAF Annual DE file, non-dummy eligibility records (anyone with a Medicaid or CHIP eligibility record in the calendar year, all benefit scopes, all ages, Medicaid+CHIP); state-reported race/ethnicity only, no imputation; % Hispanic of ALL records incl. missing (DQ Atlas pre-2021 method)",Arkansas,AR,1114394.0,230680.0,28.473,20.7,27.3,no,High concern,9.0,TAF-DQ-Race-Ethnicity-2019-Release-1.csv,row State=Arkansas; cols '% Hispanic Beneficiaries in TAF/ACS'
2019,"CMS DQ Atlas, Race and Ethnicity topic (TAF R1 vs ACS 5-yr)",enrollees,"TAF Annual DE file, non-dummy eligibility records (anyone with a Medicaid or CHIP eligibility record in the calendar year, all benefit scopes, all ages, Medicaid+CHIP); state-reported race/ethnicity only, no imputation; % Hispanic of ALL records incl. missing (DQ Atlas pre-2021 method)",California,CA,16409556.0,8615017.0,57.947,52.5,9.4,no,Low concern,56.0,TAF-DQ-Race-Ethnicity-2019-Release-1.csv,row State=California; cols '% Hispanic Beneficiaries in TAF/ACS'
2019,"CMS DQ Atlas, Race and Ethnicity topic (TAF R1 vs ACS 5-yr)",enrollees,"TAF Annual DE file, non-dummy eligibility records (anyone with a Medicaid or CHIP eligibility record in the calendar year, all benefit scopes, all ages, Medicaid+CHIP); state-reported race/ethnicity only, no imputation; % Hispanic of ALL records incl. missing (DQ Atlas pre-2021 method)",Colorado,CO,1603587.0,149134.0,15.578,9.3,40.3,no,High concern,37.6,TAF-DQ-Race-Ethnicity-2019-Release-1.csv,row State=Colorado; cols '% Hispanic Beneficiaries in TAF/ACS'
2019,"CMS DQ Atlas, Race and Ethnicity topic (TAF R1 vs ACS 5-yr)",enrollees,"TAF Annual DE file, non-dummy eligibility records (anyone with a Medicaid or CHIP eligibility record in the calendar year, all benefit scopes, all ages, Medicaid+CHIP); state-reported race/ethnicity only, no imputation; % Hispanic of ALL records incl. missing (DQ Atlas pre-2021 method)",Connecticut,CT,1116974.0,0.0,0.0,0.0,37.5,no,High concern,32.4,TAF-DQ-Race-Ethnicity-2019-Release-1.csv,row State=Connecticut; cols '% Hispanic Beneficiaries in TAF/ACS'
2019,"CMS DQ Atlas, Race and Ethnicity topic (TAF R1 vs ACS 5-yr)",enrollees,"TAF Annual DE file, non-dummy eligibility records (anyone with a Medicaid or CHIP eligibility record in the calendar year, all benefit scopes, all ages, Medicaid+CHIP); state-reported race/ethnicity only, no imputation; % Hispanic of ALL records incl. missing (DQ Atlas pre-2021 method)",Delaware,DE,294661.0,51271.0,17.4,17.4,0.0,no,Low concern,16.2,TAF-DQ-Race-Ethnicity-2019-Release-1.csv,row State=Delaware; cols '% Hispanic Beneficiaries in TAF/ACS'
2019,"CMS DQ Atlas, Race and Ethnicity topic (TAF R1 vs ACS 5-yr)",enrollees,"TAF Annual DE file, non-dummy eligibility records (anyone with a Medicaid or CHIP eligibility record in the calendar year, all benefit scopes, all ages, Medicaid+CHIP); state-reported race/ethnicity only, no imputation; % Hispanic of ALL records incl. missing (DQ Atlas pre-2021 method)",District of Columbia,DC,288997.0,7225.0,3.453,2.5,27.6,no,High concern,11.7,TAF-DQ-Race-Ethnicity-2019-Release-1.csv,row State=District of Columbia; cols '% Hispanic Beneficiaries in TAF/ACS'
2019,"CMS DQ Atlas, Race and Ethnicity topic (TAF R1 vs ACS 5-yr)",enrollees,"TAF Annual DE file, non-dummy eligibility records (anyone with a Medicaid or CHIP eligibility record in the calendar year, all benefit scopes, all ages, Medicaid+CHIP); state-reported race/ethnicity only, no imputation; % Hispanic of ALL records incl. missing (DQ Atlas pre-2021 method)",Florida,FL,5030666.0,1569568.0,37.099,31.2,15.9,no,Medium concern,34.0,TAF-DQ-Race-Ethnicity-2019-Release-1.csv,row State=Florida; cols '% Hispanic Beneficiaries in TAF/ACS'
2019,"CMS DQ Atlas, Race and Ethnicity topic (TAF R1 vs ACS 5-yr)",enrollees,"TAF Annual DE file, non-dummy eligibility records (anyone with a Medicaid or CHIP eligibility record in the calendar year, all benefit scopes, all ages, Medicaid+CHIP); state-reported race/ethnicity only, no imputation; % Hispanic of ALL records incl. missing (DQ Atlas pre-2021 method)",Georgia,GA,2572964.0,46313.0,2.071,1.8,13.1,no,Medium concern,13.3,TAF-DQ-Race-Ethnicity-2019-Release-1.csv,row State=Georgia; cols '% Hispanic Beneficiaries in TAF/ACS'
2019,"CMS DQ Atlas, Race and Ethnicity topic (TAF R1 vs ACS 5-yr)",enrollees,"TAF Annual DE file, non-dummy eligibility records (anyone with a Medicaid or CHIP eligibility record in the calendar year, all benefit scopes, all ages, Medicaid+CHIP); state-reported race/ethnicity only, no imputation; % Hispanic of ALL records incl. missing (DQ Atlas pre-2021 method)",Hawaii,HI,402207.0,15686.0,5.214,3.9,25.2,no,High concern,15.9,TAF-DQ-Race-Ethnicity-2019-Release-1.csv,row State=Hawaii; cols '% Hispanic Beneficiaries in TAF/ACS'
2019,"CMS DQ Atlas, Race and Ethnicity topic (TAF R1 vs ACS 5-yr)",enrollees,"TAF Annual DE file, non-dummy eligibility records (anyone with a Medicaid or CHIP eligibility record in the calendar year, all benefit scopes, all ages, Medicaid+CHIP); state-reported race/ethnicity only, no imputation; % Hispanic of ALL records incl. missing (DQ Atlas pre-2021 method)",Idaho,ID,353106.0,0.0,0.0,0.0,0.5,no,Medium concern,20.7,TAF-DQ-Race-Ethnicity-2019-Release-1.csv,row State=Idaho; cols '% Hispanic Beneficiaries in TAF/ACS'
2019,"CMS DQ Atlas, Race and Ethnicity topic (TAF R1 vs ACS 5-yr)",enrollees,"TAF Annual DE file, non-dummy eligibility records (anyone with a Medicaid or CHIP eligibility record in the calendar year, all benefit scopes, all ages, Medicaid+CHIP); state-reported race/ethnicity only, no imputation; % Hispanic of ALL records incl. missing (DQ Atlas pre-2021 method)",Illinois,IL,3475234.0,524760.0,15.979,15.1,5.5,no,Medium concern,25.9,TAF-DQ-Race-Ethnicity-2019-Release-1.csv,row State=Illinois; cols '% Hispanic Beneficiaries in TAF/ACS'
2019,"CMS DQ Atlas, Race and Ethnicity topic (TAF R1 vs ACS 5-yr)",enrollees,"TAF Annual DE file, non-dummy eligibility records (anyone with a Medicaid or CHIP eligibility record in the calendar year, all benefit scopes, all ages, Medicaid+CHIP); state-reported race/ethnicity only, no imputation; % Hispanic of ALL records incl. missing (DQ Atlas pre-2021 method)",Indiana,IN,1814855.0,130670.0,8.081,7.2,10.9,no,Medium concern,10.8,TAF-DQ-Race-Ethnicity-2019-Release-1.csv,row State=Indiana; cols '% Hispanic Beneficiaries in TAF/ACS'
2019,"CMS DQ Atlas, Race and Ethnicity topic (TAF R1 vs ACS 5-yr)",enrollees,"TAF Annual DE file, non-dummy eligibility records (anyone with a Medicaid or CHIP eligibility record in the calendar year, all benefit scopes, all ages, Medicaid+CHIP); state-reported race/ethnicity only, no imputation; % Hispanic of ALL records incl. missing (DQ Atlas pre-2021 method)",Iowa,IA,822491.0,84717.0,14.207,10.3,27.5,no,High concern,11.0,TAF-DQ-Race-Ethnicity-2019-Release-1.csv,row State=Iowa; cols '% Hispanic Beneficiaries in TAF/ACS'
2019,"CMS DQ Atlas, Race and Ethnicity topic (TAF R1 vs ACS 5-yr)",enrollees,"TAF Annual DE file, non-dummy eligibility records (anyone with a Medicaid or CHIP eligibility record in the calendar year, all benefit scopes, all ages, Medicaid+CHIP); state-reported race/ethnicity only, no imputation; % Hispanic of ALL records incl. missing (DQ Atlas pre-2021 method)",Kansas,KS,504291.0,94807.0,100.0,18.8,81.2,no,Unusable,20.8,TAF-DQ-Race-Ethnicity-2019-Release-1.csv,row State=Kansas; cols '% Hispanic Beneficiaries in TAF/ACS'
2019,"CMS DQ Atlas, Race and Ethnicity topic (TAF R1 vs ACS 5-yr)",enrollees,"TAF Annual DE file, non-dummy eligibility records (anyone with a Medicaid or CHIP eligibility record in the calendar year, all benefit scopes, all ages, Medicaid+CHIP); state-reported race/ethnicity only, no imputation; % Hispanic of ALL records incl. missing (DQ Atlas pre-2021 method)",Kentucky,KY,1693360.0,55881.0,3.938,3.3,16.2,no,Medium concern,4.5,TAF-DQ-Race-Ethnicity-2019-Release-1.csv,row State=Kentucky; cols '% Hispanic Beneficiaries in TAF/ACS'
2019,"CMS DQ Atlas, Race and Ethnicity topic (TAF R1 vs ACS 5-yr)",enrollees,"TAF Annual DE file, non-dummy eligibility records (anyone with a Medicaid or CHIP eligibility record in the calendar year, all benefit scopes, all ages, Medicaid+CHIP); state-reported race/ethnicity only, no imputation; % Hispanic of ALL records incl. missing (DQ Atlas pre-2021 method)",Louisiana,LA,1892055.0,124876.0,10.394,6.6,36.5,no,High concern,5.2,TAF-DQ-Race-Ethnicity-2019-Release-1.csv,row State=Louisiana; cols '% Hispanic Beneficiaries in TAF/ACS'
2019,"CMS DQ Atlas, Race and Ethnicity topic (TAF R1 vs ACS 5-yr)",enrollees,"TAF Annual DE file, non-dummy eligibility records (anyone with a Medicaid or CHIP eligibility record in the calendar year, all benefit scopes, all ages, Medicaid+CHIP); state-reported race/ethnicity only, no imputation; % Hispanic of ALL records incl. missing (DQ Atlas pre-2021 method)",Maine,ME,354982.0,6745.0,2.118,1.9,10.3,no,Medium concern,2.3,TAF-DQ-Race-Ethnicity-2019-Release-1.csv,row State=Maine; cols '% Hispanic Beneficiaries in TAF/ACS'
2019,"CMS DQ Atlas, Race and Ethnicity topic (TAF R1 vs ACS 5-yr)",enrollees,"TAF Annual DE file, non-dummy eligibility records (anyone with a Medicaid or CHIP eligibility record in the calendar year, all benefit scopes, all ages, Medicaid+CHIP); state-reported race/ethnicity only, no imputation; % Hispanic of ALL records incl. missing (DQ Atlas pre-2021 method)",Maryland,MD,1608885.0,223635.0,17.506,13.9,20.6,no,High concern,14.6,TAF-DQ-Race-Ethnicity-2019-Release-1.csv,row State=Maryland; cols '% Hispanic Beneficiaries in TAF/ACS'
2019,"CMS DQ Atlas, Race and Ethnicity topic (TAF R1 vs ACS 5-yr)",enrollees,"TAF Annual DE file, non-dummy eligibility records (anyone with a Medicaid or CHIP eligibility record in the calendar year, all benefit scopes, all ages, Medicaid+CHIP); state-reported race/ethnicity only, no imputation; % Hispanic of ALL records incl. missing (DQ Atlas pre-2021 method)",Massachusetts,MA,2168237.0,110580.0,10.303,5.1,50.5,no,Unusable,26.8,TAF-DQ-Race-Ethnicity-2019-Release-1.csv,row State=Massachusetts; cols '% Hispanic Beneficiaries in TAF/ACS'
2019,"CMS DQ Atlas, Race and Ethnicity topic (TAF R1 vs ACS 5-yr)",enrollees,"TAF Annual DE file, non-dummy eligibility records (anyone with a Medicaid or CHIP eligibility record in the calendar year, all benefit scopes, all ages, Medicaid+CHIP); state-reported race/ethnicity only, no imputation; % Hispanic of ALL records incl. missing (DQ Atlas pre-2021 method)",Michigan,MI,2929714.0,196291.0,7.291,6.7,8.1,no,Low concern,7.8,TAF-DQ-Race-Ethnicity-2019-Release-1.csv,row State=Michigan; cols '% Hispanic Beneficiaries in TAF/ACS'
2019,"CMS DQ Atlas, Race and Ethnicity topic (TAF R1 vs ACS 5-yr)",enrollees,"TAF Annual DE file, non-dummy eligibility records (anyone with a Medicaid or CHIP eligibility record in the calendar year, all benefit scopes, all ages, Medicaid+CHIP); state-reported race/ethnicity only, no imputation; % Hispanic of ALL records incl. missing (DQ Atlas pre-2021 method)",Minnesota,MN,1323835.0,103259.0,8.676,7.8,10.1,no,Medium concern,10.5,TAF-DQ-Race-Ethnicity-2019-Release-1.csv,row State=Minnesota; cols '% Hispanic Beneficiaries in TAF/ACS'
2019,"CMS DQ Atlas, Race and Ethnicity topic (TAF R1 vs ACS 5-yr)",enrollees,"TAF Annual DE file, non-dummy eligibility records (anyone with a Medicaid or CHIP eligibility record in the calendar year, all benefit scopes, all ages, Medicaid+CHIP); state-reported race/ethnicity only, no imputation; % Hispanic of ALL records incl. missing (DQ Atlas pre-2021 method)",Mississippi,MS,854126.0,5125.0,0.684,0.6,12.3,no,Medium concern,3.3,TAF-DQ-Race-Ethnicity-2019-Release-1.csv,row State=Mississippi; cols '% Hispanic Beneficiaries in TAF/ACS'
2019,"CMS DQ Atlas, Race and Ethnicity topic (TAF R1 vs ACS 5-yr)",enrollees,"TAF Annual DE file, non-dummy eligibility records (anyone with a Medicaid or CHIP eligibility record in the calendar year, all benefit scopes, all ages, Medicaid+CHIP); state-reported race/ethnicity only, no imputation; % Hispanic of ALL records incl. missing (DQ Atlas pre-2021 method)",Missouri,MO,1191095.0,90523.0,10.312,7.6,26.3,no,High concern,6.0,TAF-DQ-Race-Ethnicity-2019-Release-1.csv,row State=Missouri; cols '% Hispanic Beneficiaries in TAF/ACS'
2019,"CMS DQ Atlas, Race and Ethnicity topic (TAF R1 vs ACS 5-yr)",enrollees,"TAF Annual DE file, non-dummy eligibility records (anyone with a Medicaid or CHIP eligibility record in the calendar year, all benefit scopes, all ages, Medicaid+CHIP); state-reported race/ethnicity only, no imputation; % Hispanic of ALL records incl. missing (DQ Atlas pre-2021 method)",Montana,MT,365042.0,12411.0,4.293,3.4,20.8,no,High concern,5.8,TAF-DQ-Race-Ethnicity-2019-Release-1.csv,row State=Montana; cols '% Hispanic Beneficiaries in TAF/ACS'
2019,"CMS DQ Atlas, Race and Ethnicity topic (TAF R1 vs ACS 5-yr)",enrollees,"TAF Annual DE file, non-dummy eligibility records (anyone with a Medicaid or CHIP eligibility record in the calendar year, all benefit scopes, all ages, Medicaid+CHIP); state-reported race/ethnicity only, no imputation; % Hispanic of ALL records incl. missing (DQ Atlas pre-2021 method)",Nebraska,NE,310019.0,66964.0,23.402,21.6,7.7,no,Low concern,20.8,TAF-DQ-Race-Ethnicity-2019-Release-1.csv,row State=Nebraska; cols '% Hispanic Beneficiaries in TAF/ACS'
2019,"CMS DQ Atlas, Race and Ethnicity topic (TAF R1 vs ACS 5-yr)",enrollees,"TAF Annual DE file, non-dummy eligibility records (anyone with a Medicaid or CHIP eligibility record in the calendar year, all benefit scopes, all ages, Medicaid+CHIP); state-reported race/ethnicity only, no imputation; % Hispanic of ALL records incl. missing (DQ Atlas pre-2021 method)",Nevada,NV,865720.0,295211.0,35.191,34.1,3.1,no,Low concern,36.3,TAF-DQ-Race-Ethnicity-2019-Release-1.csv,row State=Nevada; cols '% Hispanic Beneficiaries in TAF/ACS'
2019,"CMS DQ Atlas, Race and Ethnicity topic (TAF R1 vs ACS 5-yr)",enrollees,"TAF Annual DE file, non-dummy eligibility records (anyone with a Medicaid or CHIP eligibility record in the calendar year, all benefit scopes, all ages, Medicaid+CHIP); state-reported race/ethnicity only, no imputation; % Hispanic of ALL records incl. missing (DQ Atlas pre-2021 method)",New Hampshire,NH,248008.0,13888.0,6.313,5.6,11.3,no,Medium concern,7.5,TAF-DQ-Race-Ethnicity-2019-Release-1.csv,row State=New Hampshire; cols '% Hispanic Beneficiaries in TAF/ACS'
2019,"CMS DQ Atlas, Race and Ethnicity topic (TAF R1 vs ACS 5-yr)",enrollees,"TAF Annual DE file, non-dummy eligibility records (anyone with a Medicaid or CHIP eligibility record in the calendar year, all benefit scopes, all ages, Medicaid+CHIP); state-reported race/ethnicity only, no imputation; % Hispanic of ALL records incl. missing (DQ Atlas pre-2021 method)",New Jersey,NJ,2089164.0,534826.0,28.7,25.6,10.8,no,Medium concern,34.7,TAF-DQ-Race-Ethnicity-2019-Release-1.csv,row State=New Jersey; cols '% Hispanic Beneficiaries in TAF/ACS'
2019,"CMS DQ Atlas, Race and Ethnicity topic (TAF R1 vs ACS 5-yr)",enrollees,"TAF Annual DE file, non-dummy eligibility records (anyone with a Medicaid or CHIP eligibility record in the calendar year, all benefit scopes, all ages, Medicaid+CHIP); state-reported race/ethnicity only, no imputation; % Hispanic of ALL records incl. missing (DQ Atlas pre-2021 method)",New Mexico,NM,951881.0,512112.0,54.675,53.8,1.6,no,Low concern,59.0,TAF-DQ-Race-Ethnicity-2019-Release-1.csv,row State=New Mexico; cols '% Hispanic Beneficiaries in TAF/ACS'
2019,"CMS DQ Atlas, Race and Ethnicity topic (TAF R1 vs ACS 5-yr)",enrollees,"TAF Annual DE file, non-dummy eligibility records (anyone with a Medicaid or CHIP eligibility record in the calendar year, all benefit scopes, all ages, Medicaid+CHIP); state-reported race/ethnicity only, no imputation; % Hispanic of ALL records incl. missing (DQ Atlas pre-2021 method)",New York,NY,8276836.0,811130.0,14.759,9.8,33.6,no,High concern,30.4,TAF-DQ-Race-Ethnicity-2019-Release-1.csv,row State=New York; cols '% Hispanic Beneficiaries in TAF/ACS'
2019,"CMS DQ Atlas, Race and Ethnicity topic (TAF R1 vs ACS 5-yr)",enrollees,"TAF Annual DE file, non-dummy eligibility records (anyone with a Medicaid or CHIP eligibility record in the calendar year, all benefit scopes, all ages, Medicaid+CHIP); state-reported race/ethnicity only, no imputation; % Hispanic of ALL records incl. missing (DQ Atlas pre-2021 method)",North Carolina,NC,2608120.0,359921.0,13.911,13.8,0.8,no,Low concern,15.3,TAF-DQ-Race-Ethnicity-2019-Release-1.csv,row State=North Carolina; cols '% Hispanic Beneficiaries in TAF/ACS'
2019,"CMS DQ Atlas, Race and Ethnicity topic (TAF R1 vs ACS 5-yr)",enrollees,"TAF Annual DE file, non-dummy eligibility records (anyone with a Medicaid or CHIP eligibility record in the calendar year, all benefit scopes, all ages, Medicaid+CHIP); state-reported race/ethnicity only, no imputation; % Hispanic of ALL records incl. missing (DQ Atlas pre-2021 method)",North Dakota,ND,122557.0,6373.0,5.237,5.2,0.7,no,Low concern,6.0,TAF-DQ-Race-Ethnicity-2019-Release-1.csv,row State=North Dakota; cols '% Hispanic Beneficiaries in TAF/ACS'
2019,"CMS DQ Atlas, Race and Ethnicity topic (TAF R1 vs ACS 5-yr)",enrollees,"TAF Annual DE file, non-dummy eligibility records (anyone with a Medicaid or CHIP eligibility record in the calendar year, all benefit scopes, all ages, Medicaid+CHIP); state-reported race/ethnicity only, no imputation; % Hispanic of ALL records incl. missing (DQ Atlas pre-2021 method)",Ohio,OH,3299908.0,145196.0,4.783,4.4,8.0,no,Low concern,6.2,TAF-DQ-Race-Ethnicity-2019-Release-1.csv,row State=Ohio; cols '% Hispanic Beneficiaries in TAF/ACS'
2019,"CMS DQ Atlas, Race and Ethnicity topic (TAF R1 vs ACS 5-yr)",enrollees,"TAF Annual DE file, non-dummy eligibility records (anyone with a Medicaid or CHIP eligibility record in the calendar year, all benefit scopes, all ages, Medicaid+CHIP); state-reported race/ethnicity only, no imputation; % Hispanic of ALL records incl. missing (DQ Atlas pre-2021 method)",Oklahoma,OK,992390.0,173668.0,18.286,17.5,4.3,no,Low concern,17.2,TAF-DQ-Race-Ethnicity-2019-Release-1.csv,row State=Oklahoma; cols '% Hispanic Beneficiaries in TAF/ACS'
2019,"CMS DQ Atlas, Race and Ethnicity topic (TAF R1 vs ACS 5-yr)",enrollees,"TAF Annual DE file, non-dummy eligibility records (anyone with a Medicaid or CHIP eligibility record in the calendar year, all benefit scopes, all ages, Medicaid+CHIP); state-reported race/ethnicity only, no imputation; % Hispanic of ALL records incl. missing (DQ Atlas pre-2021 method)",Oregon,OR,1307612.0,426282.0,39.183,32.6,16.8,no,High concern,21.2,TAF-DQ-Race-Ethnicity-2019-Release-1.csv,row State=Oregon; cols '% Hispanic Beneficiaries in TAF/ACS'
2019,"CMS DQ Atlas, Race and Ethnicity topic (TAF R1 vs ACS 5-yr)",enrollees,"TAF Annual DE file, non-dummy eligibility records (anyone with a Medicaid or CHIP eligibility record in the calendar year, all benefit scopes, all ages, Medicaid+CHIP); state-reported race/ethnicity only, no imputation; % Hispanic of ALL records incl. missing (DQ Atlas pre-2021 method)",Pennsylvania,PA,3612616.0,494928.0,14.59,13.7,6.1,no,Low concern,15.2,TAF-DQ-Race-Ethnicity-2019-Release-1.csv,row State=Pennsylvania; cols '% Hispanic Beneficiaries in TAF/ACS'
2019,"CMS DQ Atlas, Race and Ethnicity topic (TAF R1 vs ACS 5-yr)",enrollees,"TAF Annual DE file, non-dummy eligibility records (anyone with a Medicaid or CHIP eligibility record in the calendar year, all benefit scopes, all ages, Medicaid+CHIP); state-reported race/ethnicity only, no imputation; % Hispanic of ALL records incl. missing (DQ Atlas pre-2021 method)",Puerto Rico,PR,1494481.0,1077521.0,99.311,72.1,27.4,no,Unclassified,,TAF-DQ-Race-Ethnicity-2019-Release-1.csv,row State=Puerto Rico; cols '% Hispanic Beneficiaries in TAF/ACS'
2019,"CMS DQ Atlas, Race and Ethnicity topic (TAF R1 vs ACS 5-yr)",enrollees,"TAF Annual DE file, non-dummy eligibility records (anyone with a Medicaid or CHIP eligibility record in the calendar year, all benefit scopes, all ages, Medicaid+CHIP); state-reported race/ethnicity only, no imputation; % Hispanic of ALL records incl. missing (DQ Atlas pre-2021 method)",Rhode Island,RI,288742.0,0.0,,0.0,100.0,no,Unusable,31.7,TAF-DQ-Race-Ethnicity-2019-Release-1.csv,row State=Rhode Island; cols '% Hispanic Beneficiaries in TAF/ACS'
2019,"CMS DQ Atlas, Race and Ethnicity topic (TAF R1 vs ACS 5-yr)",enrollees,"TAF Annual DE file, non-dummy eligibility records (anyone with a Medicaid or CHIP eligibility record in the calendar year, all benefit scopes, all ages, Medicaid+CHIP); state-reported race/ethnicity only, no imputation; % Hispanic of ALL records incl. missing (DQ Atlas pre-2021 method)",South Carolina,SC,1457354.0,48093.0,5.305,3.3,37.8,no,High concern,8.0,TAF-DQ-Race-Ethnicity-2019-Release-1.csv,row State=South Carolina; cols '% Hispanic Beneficiaries in TAF/ACS'
2019,"CMS DQ Atlas, Race and Ethnicity topic (TAF R1 vs ACS 5-yr)",enrollees,"TAF Annual DE file, non-dummy eligibility records (anyone with a Medicaid or CHIP eligibility record in the calendar year, all benefit scopes, all ages, Medicaid+CHIP); state-reported race/ethnicity only, no imputation; % Hispanic of ALL records incl. missing (DQ Atlas pre-2021 method)",South Dakota,SD,148122.0,7999.0,5.4,5.4,0.0,no,Low concern,7.5,TAF-DQ-Race-Ethnicity-2019-Release-1.csv,row State=South Dakota; cols '% Hispanic Beneficiaries in TAF/ACS'
2019,"CMS DQ Atlas, Race and Ethnicity topic (TAF R1 vs ACS 5-yr)",enrollees,"TAF Annual DE file, non-dummy eligibility records (anyone with a Medicaid or CHIP eligibility record in the calendar year, all benefit scopes, all ages, Medicaid+CHIP); state-reported race/ethnicity only, no imputation; % Hispanic of ALL records incl. missing (DQ Atlas pre-2021 method)",Tennessee,TN,1762449.0,0.0,,0.0,100.0,no,Unusable,8.0,TAF-DQ-Race-Ethnicity-2019-Release-1.csv,row State=Tennessee; cols '% Hispanic Beneficiaries in TAF/ACS'
2019,"CMS DQ Atlas, Race and Ethnicity topic (TAF R1 vs ACS 5-yr)",enrollees,"TAF Annual DE file, non-dummy eligibility records (anyone with a Medicaid or CHIP eligibility record in the calendar year, all benefit scopes, all ages, Medicaid+CHIP); state-reported race/ethnicity only, no imputation; % Hispanic of ALL records incl. missing (DQ Atlas pre-2021 method)",Texas,TX,5727848.0,2852468.0,58.519,49.8,14.9,no,Medium concern,56.0,TAF-DQ-Race-Ethnicity-2019-Release-1.csv,row State=Texas; cols '% Hispanic Beneficiaries in TAF/ACS'
2019,"CMS DQ Atlas, Race and Ethnicity topic (TAF R1 vs ACS 5-yr)",enrollees,"TAF Annual DE file, non-dummy eligibility records (anyone with a Medicaid or CHIP eligibility record in the calendar year, all benefit scopes, all ages, Medicaid+CHIP); state-reported race/ethnicity only, no imputation; % Hispanic of ALL records incl. missing (DQ Atlas pre-2021 method)",Utah,UT,423402.0,63087.0,26.372,14.9,43.5,no,High concern,22.7,TAF-DQ-Race-Ethnicity-2019-Release-1.csv,row State=Utah; cols '% Hispanic Beneficiaries in TAF/ACS'
2019,"CMS DQ Atlas, Race and Ethnicity topic (TAF R1 vs ACS 5-yr)",enrollees,"TAF Annual DE file, non-dummy eligibility records (anyone with a Medicaid or CHIP eligibility record in the calendar year, all benefit scopes, all ages, Medicaid+CHIP); state-reported race/ethnicity only, no imputation; % Hispanic of ALL records incl. missing (DQ Atlas pre-2021 method)",Vermont,VT,194577.0,973.0,0.608,0.5,17.7,no,Medium concern,1.8,TAF-DQ-Race-Ethnicity-2019-Release-1.csv,row State=Vermont; cols '% Hispanic Beneficiaries in TAF/ACS'
2019,"CMS DQ Atlas, Race and Ethnicity topic (TAF R1 vs ACS 5-yr)",enrollees,"TAF Annual DE file, non-dummy eligibility records (anyone with a Medicaid or CHIP eligibility record in the calendar year, all benefit scopes, all ages, Medicaid+CHIP); state-reported race/ethnicity only, no imputation; % Hispanic of ALL records incl. missing (DQ Atlas pre-2021 method)",Virgin Islands,VI,32553.0,0.0,0.0,0.0,21.2,no,Unclassified,,TAF-DQ-Race-Ethnicity-2019-Release-1.csv,row State=Virgin Islands; cols '% Hispanic Beneficiaries in TAF/ACS'
2019,"CMS DQ Atlas, Race and Ethnicity topic (TAF R1 vs ACS 5-yr)",enrollees,"TAF Annual DE file, non-dummy eligibility records (anyone with a Medicaid or CHIP eligibility record in the calendar year, all benefit scopes, all ages, Medicaid+CHIP); state-reported race/ethnicity only, no imputation; % Hispanic of ALL records incl. missing (DQ Atlas pre-2021 method)",Virginia,VA,1762877.0,54649.0,3.239,3.1,4.3,no,Low concern,12.7,TAF-DQ-Race-Ethnicity-2019-Release-1.csv,row State=Virginia; cols '% Hispanic Beneficiaries in TAF/ACS'
2019,"CMS DQ Atlas, Race and Ethnicity topic (TAF R1 vs ACS 5-yr)",enrollees,"TAF Annual DE file, non-dummy eligibility records (anyone with a Medicaid or CHIP eligibility record in the calendar year, all benefit scopes, all ages, Medicaid+CHIP); state-reported race/ethnicity only, no imputation; % Hispanic of ALL records incl. missing (DQ Atlas pre-2021 method)",Washington,WA,2145270.0,450507.0,22.926,21.0,8.4,no,Low concern,22.5,TAF-DQ-Race-Ethnicity-2019-Release-1.csv,row State=Washington; cols '% Hispanic Beneficiaries in TAF/ACS'
2019,"CMS DQ Atlas, Race and Ethnicity topic (TAF R1 vs ACS 5-yr)",enrollees,"TAF Annual DE file, non-dummy eligibility records (anyone with a Medicaid or CHIP eligibility record in the calendar year, all benefit scopes, all ages, Medicaid+CHIP); state-reported race/ethnicity only, no imputation; % Hispanic of ALL records incl. missing (DQ Atlas pre-2021 method)",West Virginia,WV,650417.0,0.0,0.0,0.0,34.4,no,High concern,1.9,TAF-DQ-Race-Ethnicity-2019-Release-1.csv,row State=West Virginia; cols '% Hispanic Beneficiaries in TAF/ACS'
2019,"CMS DQ Atlas, Race and Ethnicity topic (TAF R1 vs ACS 5-yr)",enrollees,"TAF Annual DE file, non-dummy eligibility records (anyone with a Medicaid or CHIP eligibility record in the calendar year, all benefit scopes, all ages, Medicaid+CHIP); state-reported race/ethnicity only, no imputation; % Hispanic of ALL records incl. missing (DQ Atlas pre-2021 method)",Wisconsin,WI,1371147.0,154940.0,13.517,11.3,16.4,no,Medium concern,12.9,TAF-DQ-Race-Ethnicity-2019-Release-1.csv,row State=Wisconsin; cols '% Hispanic Beneficiaries in TAF/ACS'
2019,"CMS DQ Atlas, Race and Ethnicity topic (TAF R1 vs ACS 5-yr)",enrollees,"TAF Annual DE file, non-dummy eligibility records (anyone with a Medicaid or CHIP eligibility record in the calendar year, all benefit scopes, all ages, Medicaid+CHIP); state-reported race/ethnicity only, no imputation; % Hispanic of ALL records incl. missing (DQ Atlas pre-2021 method)",Wyoming,WY,87779.0,8076.0,11.84,9.2,22.3,no,High concern,15.2,TAF-DQ-Race-Ethnicity-2019-Release-1.csv,row State=Wyoming; cols '% Hispanic Beneficiaries in TAF/ACS'
2020,"CMS DQ Atlas, Race and Ethnicity topic (TAF R1 vs ACS 5-yr)",enrollees,"TAF Annual DE file, non-dummy eligibility records (anyone with a Medicaid or CHIP eligibility record in the calendar year, all benefit scopes, all ages, Medicaid+CHIP); state-reported race/ethnicity only, no imputation; % Hispanic of ALL records incl. missing (DQ Atlas pre-2021 method)",Alabama,AL,1329830.0,25267.0,6.762,1.9,71.9,no,Unusable,6.8,TAF-DQ-Race-Ethnicity-2020-Release-1.csv,row State=Alabama; cols '% Hispanic Beneficiaries in TAF/ACS'
2020,"CMS DQ Atlas, Race and Ethnicity topic (TAF R1 vs ACS 5-yr)",enrollees,"TAF Annual DE file, non-dummy eligibility records (anyone with a Medicaid or CHIP eligibility record in the calendar year, all benefit scopes, all ages, Medicaid+CHIP); state-reported race/ethnicity only, no imputation; % Hispanic of ALL records incl. missing (DQ Atlas pre-2021 method)",Alaska,AK,264798.0,7414.0,3.011,2.8,7.0,no,Low concern,7.7,TAF-DQ-Race-Ethnicity-2020-Release-1.csv,row State=Alaska; cols '% Hispanic Beneficiaries in TAF/ACS'
2020,"CMS DQ Atlas, Race and Ethnicity topic (TAF R1 vs ACS 5-yr)",enrollees,"TAF Annual DE file, non-dummy eligibility records (anyone with a Medicaid or CHIP eligibility record in the calendar year, all benefit scopes, all ages, Medicaid+CHIP); state-reported race/ethnicity only, no imputation; % Hispanic of ALL records incl. missing (DQ Atlas pre-2021 method)",Arizona,AZ,2278986.0,13674.0,0.904,0.6,33.6,no,High concern,46.7,TAF-DQ-Race-Ethnicity-2020-Release-1.csv,row State=Arizona; cols '% Hispanic Beneficiaries in TAF/ACS'
2020,"CMS DQ Atlas, Race and Ethnicity topic (TAF R1 vs ACS 5-yr)",enrollees,"TAF Annual DE file, non-dummy eligibility records (anyone with a Medicaid or CHIP eligibility record in the calendar year, all benefit scopes, all ages, Medicaid+CHIP); state-reported race/ethnicity only, no imputation; % Hispanic of ALL records incl. missing (DQ Atlas pre-2021 method)",Arkansas,AR,1105224.0,236518.0,28.382,21.4,24.6,no,High concern,9.1,TAF-DQ-Race-Ethnicity-2020-Release-1.csv,row State=Arkansas; cols '% Hispanic Beneficiaries in TAF/ACS'
2020,"CMS DQ Atlas, Race and Ethnicity topic (TAF R1 vs ACS 5-yr)",enrollees,"TAF Annual DE file, non-dummy eligibility records (anyone with a Medicaid or CHIP eligibility record in the calendar year, all benefit scopes, all ages, Medicaid+CHIP); state-reported race/ethnicity only, no imputation; % Hispanic of ALL records incl. missing (DQ Atlas pre-2021 method)",California,CA,15771129.0,8200987.0,57.65,52.0,9.8,no,Low concern,55.8,TAF-DQ-Race-Ethnicity-2020-Release-1.csv,row State=California; cols '% Hispanic Beneficiaries in TAF/ACS'
2020,"CMS DQ Atlas, Race and Ethnicity topic (TAF R1 vs ACS 5-yr)",enrollees,"TAF Annual DE file, non-dummy eligibility records (anyone with a Medicaid or CHIP eligibility record in the calendar year, all benefit scopes, all ages, Medicaid+CHIP); state-reported race/ethnicity only, no imputation; % Hispanic of ALL records incl. missing (DQ Atlas pre-2021 method)",Colorado,CO,1590704.0,128847.0,13.523,8.1,40.1,no,High concern,37.6,TAF-DQ-Race-Ethnicity-2020-Release-1.csv,row State=Colorado; cols '% Hispanic Beneficiaries in TAF/ACS'
2020,"CMS DQ Atlas, Race and Ethnicity topic (TAF R1 vs ACS 5-yr)",enrollees,"TAF Annual DE file, non-dummy eligibility records (anyone with a Medicaid or CHIP eligibility record in the calendar year, all benefit scopes, all ages, Medicaid+CHIP); state-reported race/ethnicity only, no imputation; % Hispanic of ALL records incl. missing (DQ Atlas pre-2021 method)",Connecticut,CT,1146408.0,225842.0,26.949,19.7,26.9,no,High concern,32.5,TAF-DQ-Race-Ethnicity-2020-Release-1.csv,row State=Connecticut; cols '% Hispanic Beneficiaries in TAF/ACS'
2020,"CMS DQ Atlas, Race and Ethnicity topic (TAF R1 vs ACS 5-yr)",enrollees,"TAF Annual DE file, non-dummy eligibility records (anyone with a Medicaid or CHIP eligibility record in the calendar year, all benefit scopes, all ages, Medicaid+CHIP); state-reported race/ethnicity only, no imputation; % Hispanic of ALL records incl. missing (DQ Atlas pre-2021 method)",Delaware,DE,290361.0,51104.0,17.582,17.6,-0.1,no,Low concern,16.2,TAF-DQ-Race-Ethnicity-2020-Release-1.csv,row State=Delaware; cols '% Hispanic Beneficiaries in TAF/ACS'
2020,"CMS DQ Atlas, Race and Ethnicity topic (TAF R1 vs ACS 5-yr)",enrollees,"TAF Annual DE file, non-dummy eligibility records (anyone with a Medicaid or CHIP eligibility record in the calendar year, all benefit scopes, all ages, Medicaid+CHIP); state-reported race/ethnicity only, no imputation; % Hispanic of ALL records incl. missing (DQ Atlas pre-2021 method)",District of Columbia,DC,291838.0,8171.0,3.883,2.8,27.9,no,High concern,12.2,TAF-DQ-Race-Ethnicity-2020-Release-1.csv,row State=District of Columbia; cols '% Hispanic Beneficiaries in TAF/ACS'
2020,"CMS DQ Atlas, Race and Ethnicity topic (TAF R1 vs ACS 5-yr)",enrollees,"TAF Annual DE file, non-dummy eligibility records (anyone with a Medicaid or CHIP eligibility record in the calendar year, all benefit scopes, all ages, Medicaid+CHIP); state-reported race/ethnicity only, no imputation; % Hispanic of ALL records incl. missing (DQ Atlas pre-2021 method)",Florida,FL,5110778.0,1594563.0,37.5,31.2,16.8,no,Medium concern,33.6,TAF-DQ-Race-Ethnicity-2020-Release-1.csv,row State=Florida; cols '% Hispanic Beneficiaries in TAF/ACS'
2020,"CMS DQ Atlas, Race and Ethnicity topic (TAF R1 vs ACS 5-yr)",enrollees,"TAF Annual DE file, non-dummy eligibility records (anyone with a Medicaid or CHIP eligibility record in the calendar year, all benefit scopes, all ages, Medicaid+CHIP); state-reported race/ethnicity only, no imputation; % Hispanic of ALL records incl. missing (DQ Atlas pre-2021 method)",Georgia,GA,2596418.0,67507.0,2.87,2.6,9.4,no,Medium concern,13.1,TAF-DQ-Race-Ethnicity-2020-Release-1.csv,row State=Georgia; cols '% Hispanic Beneficiaries in TAF/ACS'
2020,"CMS DQ Atlas, Race and Ethnicity topic (TAF R1 vs ACS 5-yr)",enrollees,"TAF Annual DE file, non-dummy eligibility records (anyone with a Medicaid or CHIP eligibility record in the calendar year, all benefit scopes, all ages, Medicaid+CHIP); state-reported race/ethnicity only, no imputation; % Hispanic of ALL records incl. missing (DQ Atlas pre-2021 method)",Hawaii,HI,422265.0,20691.0,6.631,4.9,26.1,no,High concern,16.1,TAF-DQ-Race-Ethnicity-2020-Release-1.csv,row State=Hawaii; cols '% Hispanic Beneficiaries in TAF/ACS'
2020,"CMS DQ Atlas, Race and Ethnicity topic (TAF R1 vs ACS 5-yr)",enrollees,"TAF Annual DE file, non-dummy eligibility records (anyone with a Medicaid or CHIP eligibility record in the calendar year, all benefit scopes, all ages, Medicaid+CHIP); state-reported race/ethnicity only, no imputation; % Hispanic of ALL records incl. missing (DQ Atlas pre-2021 method)",Idaho,ID,434785.0,0.0,0.0,0.0,0.6,no,Medium concern,20.7,TAF-DQ-Race-Ethnicity-2020-Release-1.csv,row State=Idaho; cols '% Hispanic Beneficiaries in TAF/ACS'
2020,"CMS DQ Atlas, Race and Ethnicity topic (TAF R1 vs ACS 5-yr)",enrollees,"TAF Annual DE file, non-dummy eligibility records (anyone with a Medicaid or CHIP eligibility record in the calendar year, all benefit scopes, all ages, Medicaid+CHIP); state-reported race/ethnicity only, no imputation; % Hispanic of ALL records incl. missing (DQ Atlas pre-2021 method)",Illinois,IL,3547094.0,485952.0,14.795,13.7,7.4,no,Medium concern,25.4,TAF-DQ-Race-Ethnicity-2020-Release-1.csv,row State=Illinois; cols '% Hispanic Beneficiaries in TAF/ACS'
2020,"CMS DQ Atlas, Race and Ethnicity topic (TAF R1 vs ACS 5-yr)",enrollees,"TAF Annual DE file, non-dummy eligibility records (anyone with a Medicaid or CHIP eligibility record in the calendar year, all benefit scopes, all ages, Medicaid+CHIP); state-reported race/ethnicity only, no imputation; % Hispanic of ALL records incl. missing (DQ Atlas pre-2021 method)",Indiana,IN,1920670.0,111399.0,6.971,5.8,16.8,no,Medium concern,10.8,TAF-DQ-Race-Ethnicity-2020-Release-1.csv,row State=Indiana; cols '% Hispanic Beneficiaries in TAF/ACS'
2020,"CMS DQ Atlas, Race and Ethnicity topic (TAF R1 vs ACS 5-yr)",enrollees,"TAF Annual DE file, non-dummy eligibility records (anyone with a Medicaid or CHIP eligibility record in the calendar year, all benefit scopes, all ages, Medicaid+CHIP); state-reported race/ethnicity only, no imputation; % Hispanic of ALL records incl. missing (DQ Atlas pre-2021 method)",Iowa,IA,826072.0,68564.0,11.994,8.3,30.8,no,High concern,11.1,TAF-DQ-Race-Ethnicity-2020-Release-1.csv,row State=Iowa; cols '% Hispanic Beneficiaries in TAF/ACS'
2020,"CMS DQ Atlas, Race and Ethnicity topic (TAF R1 vs ACS 5-yr)",enrollees,"TAF Annual DE file, non-dummy eligibility records (anyone with a Medicaid or CHIP eligibility record in the calendar year, all benefit scopes, all ages, Medicaid+CHIP); state-reported race/ethnicity only, no imputation; % Hispanic of ALL records incl. missing (DQ Atlas pre-2021 method)",Kansas,KS,496650.0,82941.0,100.0,16.7,83.3,no,Unusable,20.8,TAF-DQ-Race-Ethnicity-2020-Release-1.csv,row State=Kansas; cols '% Hispanic Beneficiaries in TAF/ACS'
2020,"CMS DQ Atlas, Race and Ethnicity topic (TAF R1 vs ACS 5-yr)",enrollees,"TAF Annual DE file, non-dummy eligibility records (anyone with a Medicaid or CHIP eligibility record in the calendar year, all benefit scopes, all ages, Medicaid+CHIP); state-reported race/ethnicity only, no imputation; % Hispanic of ALL records incl. missing (DQ Atlas pre-2021 method)",Kentucky,KY,1822900.0,60156.0,4.059,3.3,18.7,no,Medium concern,4.6,TAF-DQ-Race-Ethnicity-2020-Release-1.csv,row State=Kentucky; cols '% Hispanic Beneficiaries in TAF/ACS'
2020,"CMS DQ Atlas, Race and Ethnicity topic (TAF R1 vs ACS 5-yr)",enrollees,"TAF Annual DE file, non-dummy eligibility records (anyone with a Medicaid or CHIP eligibility record in the calendar year, all benefit scopes, all ages, Medicaid+CHIP); state-reported race/ethnicity only, no imputation; % Hispanic of ALL records incl. missing (DQ Atlas pre-2021 method)",Louisiana,LA,1911305.0,313454.0,18.304,16.4,10.4,no,High concern,5.2,TAF-DQ-Race-Ethnicity-2020-Release-1.csv,row State=Louisiana; cols '% Hispanic Beneficiaries in TAF/ACS'
2020,"CMS DQ Atlas, Race and Ethnicity topic (TAF R1 vs ACS 5-yr)",enrollees,"TAF Annual DE file, non-dummy eligibility records (anyone with a Medicaid or CHIP eligibility record in the calendar year, all benefit scopes, all ages, Medicaid+CHIP); state-reported race/ethnicity only, no imputation; % Hispanic of ALL records incl. missing (DQ Atlas pre-2021 method)",Maine,ME,399244.0,7985.0,2.247,2.0,11.0,no,Medium concern,2.2,TAF-DQ-Race-Ethnicity-2020-Release-1.csv,row State=Maine; cols '% Hispanic Beneficiaries in TAF/ACS'
2020,"CMS DQ Atlas, Race and Ethnicity topic (TAF R1 vs ACS 5-yr)",enrollees,"TAF Annual DE file, non-dummy eligibility records (anyone with a Medicaid or CHIP eligibility record in the calendar year, all benefit scopes, all ages, Medicaid+CHIP); state-reported race/ethnicity only, no imputation; % Hispanic of ALL records incl. missing (DQ Atlas pre-2021 method)",Maryland,MD,1629824.0,231435.0,17.975,14.2,21.0,no,High concern,14.3,TAF-DQ-Race-Ethnicity-2020-Release-1.csv,row State=Maryland; cols '% Hispanic Beneficiaries in TAF/ACS'
2020,"CMS DQ Atlas, Race and Ethnicity topic (TAF R1 vs ACS 5-yr)",enrollees,"TAF Annual DE file, non-dummy eligibility records (anyone with a Medicaid or CHIP eligibility record in the calendar year, all benefit scopes, all ages, Medicaid+CHIP); state-reported race/ethnicity only, no imputation; % Hispanic of ALL records incl. missing (DQ Atlas pre-2021 method)",Massachusetts,MA,2126670.0,108460.0,10.408,5.1,51.0,no,High concern,27.1,TAF-DQ-Race-Ethnicity-2020-Release-1.csv,row State=Massachusetts; cols '% Hispanic Beneficiaries in TAF/ACS'
2020,"CMS DQ Atlas, Race and Ethnicity topic (TAF R1 vs ACS 5-yr)",enrollees,"TAF Annual DE file, non-dummy eligibility records (anyone with a Medicaid or CHIP eligibility record in the calendar year, all benefit scopes, all ages, Medicaid+CHIP); state-reported race/ethnicity only, no imputation; % Hispanic of ALL records incl. missing (DQ Atlas pre-2021 method)",Michigan,MI,2932554.0,2933.0,0.109,0.1,8.6,no,Low concern,7.8,TAF-DQ-Race-Ethnicity-2020-Release-1.csv,row State=Michigan; cols '% Hispanic Beneficiaries in TAF/ACS'
2020,"CMS DQ Atlas, Race and Ethnicity topic (TAF R1 vs ACS 5-yr)",enrollees,"TAF Annual DE file, non-dummy eligibility records (anyone with a Medicaid or CHIP eligibility record in the calendar year, all benefit scopes, all ages, Medicaid+CHIP); state-reported race/ethnicity only, no imputation; % Hispanic of ALL records incl. missing (DQ Atlas pre-2021 method)",Minnesota,MN,1292628.0,104703.0,9.071,8.1,10.7,no,Medium concern,10.3,TAF-DQ-Race-Ethnicity-2020-Release-1.csv,row State=Minnesota; cols '% Hispanic Beneficiaries in TAF/ACS'
2020,"CMS DQ Atlas, Race and Ethnicity topic (TAF R1 vs ACS 5-yr)",enrollees,"TAF Annual DE file, non-dummy eligibility records (anyone with a Medicaid or CHIP eligibility record in the calendar year, all benefit scopes, all ages, Medicaid+CHIP); state-reported race/ethnicity only, no imputation; % Hispanic of ALL records incl. missing (DQ Atlas pre-2021 method)",Mississippi,MS,840420.0,5883.0,0.791,0.7,11.5,no,Medium concern,3.5,TAF-DQ-Race-Ethnicity-2020-Release-1.csv,row State=Mississippi; cols '% Hispanic Beneficiaries in TAF/ACS'
2020,"CMS DQ Atlas, Race and Ethnicity topic (TAF R1 vs ACS 5-yr)",enrollees,"TAF Annual DE file, non-dummy eligibility records (anyone with a Medicaid or CHIP eligibility record in the calendar year, all benefit scopes, all ages, Medicaid+CHIP); state-reported race/ethnicity only, no imputation; % Hispanic of ALL records incl. missing (DQ Atlas pre-2021 method)",Missouri,MO,1154215.0,92337.0,10.05,8.0,20.4,no,High concern,6.0,TAF-DQ-Race-Ethnicity-2020-Release-1.csv,row State=Missouri; cols '% Hispanic Beneficiaries in TAF/ACS'
2020,"CMS DQ Atlas, Race and Ethnicity topic (TAF R1 vs ACS 5-yr)",enrollees,"TAF Annual DE file, non-dummy eligibility records (anyone with a Medicaid or CHIP eligibility record in the calendar year, all benefit scopes, all ages, Medicaid+CHIP); state-reported race/ethnicity only, no imputation; % Hispanic of ALL records incl. missing (DQ Atlas pre-2021 method)",Montana,MT,313800.0,12238.0,4.457,3.9,12.5,no,Medium concern,6.1,TAF-DQ-Race-Ethnicity-2020-Release-1.csv,row State=Montana; cols '% Hispanic Beneficiaries in TAF/ACS'
2020,"CMS DQ Atlas, Race and Ethnicity topic (TAF R1 vs ACS 5-yr)",enrollees,"TAF Annual DE file, non-dummy eligibility records (anyone with a Medicaid or CHIP eligibility record in the calendar year, all benefit scopes, all ages, Medicaid+CHIP); state-reported race/ethnicity only, no imputation; % Hispanic of ALL records incl. missing (DQ Atlas pre-2021 method)",Nebraska,NE,338575.0,72455.0,23.135,21.4,7.5,no,Low concern,20.3,TAF-DQ-Race-Ethnicity-2020-Release-1.csv,row State=Nebraska; cols '% Hispanic Beneficiaries in TAF/ACS'
2020,"CMS DQ Atlas, Race and Ethnicity topic (TAF R1 vs ACS 5-yr)",enrollees,"TAF Annual DE file, non-dummy eligibility records (anyone with a Medicaid or CHIP eligibility record in the calendar year, all benefit scopes, all ages, Medicaid+CHIP); state-reported race/ethnicity only, no imputation; % Hispanic of ALL records incl. missing (DQ Atlas pre-2021 method)",Nevada,NV,873760.0,303195.0,35.884,34.7,3.3,no,Low concern,36.4,TAF-DQ-Race-Ethnicity-2020-Release-1.csv,row State=Nevada; cols '% Hispanic Beneficiaries in TAF/ACS'
2020,"CMS DQ Atlas, Race and Ethnicity topic (TAF R1 vs ACS 5-yr)",enrollees,"TAF Annual DE file, non-dummy eligibility records (anyone with a Medicaid or CHIP eligibility record in the calendar year, all benefit scopes, all ages, Medicaid+CHIP); state-reported race/ethnicity only, no imputation; % Hispanic of ALL records incl. missing (DQ Atlas pre-2021 method)",New Hampshire,NH,255429.0,14559.0,6.544,5.7,12.9,no,Medium concern,7.3,TAF-DQ-Race-Ethnicity-2020-Release-1.csv,row State=New Hampshire; cols '% Hispanic Beneficiaries in TAF/ACS'
2020,"CMS DQ Atlas, Race and Ethnicity topic (TAF R1 vs ACS 5-yr)",enrollees,"TAF Annual DE file, non-dummy eligibility records (anyone with a Medicaid or CHIP eligibility record in the calendar year, all benefit scopes, all ages, Medicaid+CHIP); state-reported race/ethnicity only, no imputation; % Hispanic of ALL records incl. missing (DQ Atlas pre-2021 method)",New Jersey,NJ,2069466.0,538061.0,29.115,26.0,10.7,no,Medium concern,34.5,TAF-DQ-Race-Ethnicity-2020-Release-1.csv,row State=New Jersey; cols '% Hispanic Beneficiaries in TAF/ACS'
2020,"CMS DQ Atlas, Race and Ethnicity topic (TAF R1 vs ACS 5-yr)",enrollees,"TAF Annual DE file, non-dummy eligibility records (anyone with a Medicaid or CHIP eligibility record in the calendar year, all benefit scopes, all ages, Medicaid+CHIP); state-reported race/ethnicity only, no imputation; % Hispanic of ALL records incl. missing (DQ Atlas pre-2021 method)",New Mexico,NM,956189.0,519211.0,55.071,54.3,1.4,no,Low concern,59.6,TAF-DQ-Race-Ethnicity-2020-Release-1.csv,row State=New Mexico; cols '% Hispanic Beneficiaries in TAF/ACS'
2020,"CMS DQ Atlas, Race and Ethnicity topic (TAF R1 vs ACS 5-yr)",enrollees,"TAF Annual DE file, non-dummy eligibility records (anyone with a Medicaid or CHIP eligibility record in the calendar year, all benefit scopes, all ages, Medicaid+CHIP); state-reported race/ethnicity only, no imputation; % Hispanic of ALL records incl. missing (DQ Atlas pre-2021 method)",New York,NY,7776481.0,715436.0,13.939,9.2,34.0,no,High concern,30.1,TAF-DQ-Race-Ethnicity-2020-Release-1.csv,row State=New York; cols '% Hispanic Beneficiaries in TAF/ACS'
2020,"CMS DQ Atlas, Race and Ethnicity topic (TAF R1 vs ACS 5-yr)",enrollees,"TAF Annual DE file, non-dummy eligibility records (anyone with a Medicaid or CHIP eligibility record in the calendar year, all benefit scopes, all ages, Medicaid+CHIP); state-reported race/ethnicity only, no imputation; % Hispanic of ALL records incl. missing (DQ Atlas pre-2021 method)",North Carolina,NC,2646293.0,367835.0,13.998,13.9,0.7,no,Low concern,15.4,TAF-DQ-Race-Ethnicity-2020-Release-1.csv,row State=North Carolina; cols '% Hispanic Beneficiaries in TAF/ACS'
2020,"CMS DQ Atlas, Race and Ethnicity topic (TAF R1 vs ACS 5-yr)",enrollees,"TAF Annual DE file, non-dummy eligibility records (anyone with a Medicaid or CHIP eligibility record in the calendar year, all benefit scopes, all ages, Medicaid+CHIP); state-reported race/ethnicity only, no imputation; % Hispanic of ALL records incl. missing (DQ Atlas pre-2021 method)",North Dakota,ND,123102.0,6894.0,5.634,5.6,0.6,no,Low concern,6.5,TAF-DQ-Race-Ethnicity-2020-Release-1.csv,row State=North Dakota; cols '% Hispanic Beneficiaries in TAF/ACS'
2020,"CMS DQ Atlas, Race and Ethnicity topic (TAF R1 vs ACS 5-yr)",enrollees,"TAF Annual DE file, non-dummy eligibility records (anyone with a Medicaid or CHIP eligibility record in the calendar year, all benefit scopes, all ages, Medicaid+CHIP); state-reported race/ethnicity only, no imputation; % Hispanic of ALL records incl. missing (DQ Atlas pre-2021 method)",Ohio,OH,3285498.0,151133.0,4.968,4.6,7.4,no,Low concern,6.2,TAF-DQ-Race-Ethnicity-2020-Release-1.csv,row State=Ohio; cols '% Hispanic Beneficiaries in TAF/ACS'
2020,"CMS DQ Atlas, Race and Ethnicity topic (TAF R1 vs ACS 5-yr)",enrollees,"TAF Annual DE file, non-dummy eligibility records (anyone with a Medicaid or CHIP eligibility record in the calendar year, all benefit scopes, all ages, Medicaid+CHIP); state-reported race/ethnicity only, no imputation; % Hispanic of ALL records incl. missing (DQ Atlas pre-2021 method)",Oklahoma,OK,1013201.0,163125.0,17.019,16.1,5.4,no,Low concern,17.6,TAF-DQ-Race-Ethnicity-2020-Release-1.csv,row State=Oklahoma; cols '% Hispanic Beneficiaries in TAF/ACS'
2020,"CMS DQ Atlas, Race and Ethnicity topic (TAF R1 vs ACS 5-yr)",enrollees,"TAF Annual DE file, non-dummy eligibility records (anyone with a Medicaid or CHIP eligibility record in the calendar year, all benefit scopes, all ages, Medicaid+CHIP); state-reported race/ethnicity only, no imputation; % Hispanic of ALL records incl. missing (DQ Atlas pre-2021 method)",Oregon,OR,1348031.0,137499.0,18.445,10.2,44.7,no,High concern,21.3,TAF-DQ-Race-Ethnicity-2020-Release-1.csv,row State=Oregon; cols '% Hispanic Beneficiaries in TAF/ACS'
2020,"CMS DQ Atlas, Race and Ethnicity topic (TAF R1 vs ACS 5-yr)",enrollees,"TAF Annual DE file, non-dummy eligibility records (anyone with a Medicaid or CHIP eligibility record in the calendar year, all benefit scopes, all ages, Medicaid+CHIP); state-reported race/ethnicity only, no imputation; % Hispanic of ALL records incl. missing (DQ Atlas pre-2021 method)",Pennsylvania,PA,3624813.0,496599.0,14.668,13.7,6.6,no,Low concern,15.2,TAF-DQ-Race-Ethnicity-2020-Release-1.csv,row State=Pennsylvania; cols '% Hispanic Beneficiaries in TAF/ACS'
2020,"CMS DQ Atlas, Race and Ethnicity topic (TAF R1 vs ACS 5-yr)",enrollees,"TAF Annual DE file, non-dummy eligibility records (anyone with a Medicaid or CHIP eligibility record in the calendar year, all benefit scopes, all ages, Medicaid+CHIP); state-reported race/ethnicity only, no imputation; % Hispanic of ALL records incl. missing (DQ Atlas pre-2021 method)",Puerto Rico,PR,1495777.0,1195126.0,99.378,79.9,19.6,no,Medium concern,99.0,TAF-DQ-Race-Ethnicity-2020-Release-1.csv,row State=Puerto Rico; cols '% Hispanic Beneficiaries in TAF/ACS'
2020,"CMS DQ Atlas, Race and Ethnicity topic (TAF R1 vs ACS 5-yr)",enrollees,"TAF Annual DE file, non-dummy eligibility records (anyone with a Medicaid or CHIP eligibility record in the calendar year, all benefit scopes, all ages, Medicaid+CHIP); state-reported race/ethnicity only, no imputation; % Hispanic of ALL records incl. missing (DQ Atlas pre-2021 method)",Rhode Island,RI,374631.0,0.0,,0.0,100.0,no,Unusable,32.9,TAF-DQ-Race-Ethnicity-2020-Release-1.csv,row State=Rhode Island; cols '% Hispanic Beneficiaries in TAF/ACS'
2020,"CMS DQ Atlas, Race and Ethnicity topic (TAF R1 vs ACS 5-yr)",enrollees,"TAF Annual DE file, non-dummy eligibility records (anyone with a Medicaid or CHIP eligibility record in the calendar year, all benefit scopes, all ages, Medicaid+CHIP); state-reported race/ethnicity only, no imputation; % Hispanic of ALL records incl. missing (DQ Atlas pre-2021 method)",South Carolina,SC,1441494.0,43245.0,5.042,3.0,40.5,no,High concern,8.4,TAF-DQ-Race-Ethnicity-2020-Release-1.csv,row State=South Carolina; cols '% Hispanic Beneficiaries in TAF/ACS'
2020,"CMS DQ Atlas, Race and Ethnicity topic (TAF R1 vs ACS 5-yr)",enrollees,"TAF Annual DE file, non-dummy eligibility records (anyone with a Medicaid or CHIP eligibility record in the calendar year, all benefit scopes, all ages, Medicaid+CHIP); state-reported race/ethnicity only, no imputation; % Hispanic of ALL records incl. missing (DQ Atlas pre-2021 method)",South Dakota,SD,144447.0,8233.0,5.694,5.7,-0.1,no,Low concern,8.4,TAF-DQ-Race-Ethnicity-2020-Release-1.csv,row State=South Dakota; cols '% Hispanic Beneficiaries in TAF/ACS'
2020,"CMS DQ Atlas, Race and Ethnicity topic (TAF R1 vs ACS 5-yr)",enrollees,"TAF Annual DE file, non-dummy eligibility records (anyone with a Medicaid or CHIP eligibility record in the calendar year, all benefit scopes, all ages, Medicaid+CHIP); state-reported race/ethnicity only, no imputation; % Hispanic of ALL records incl. missing (DQ Atlas pre-2021 method)",Tennessee,TN,1802399.0,0.0,,0.0,100.0,no,Unusable,7.8,TAF-DQ-Race-Ethnicity-2020-Release-1.csv,row State=Tennessee; cols '% Hispanic Beneficiaries in TAF/ACS'
2020,"CMS DQ Atlas, Race and Ethnicity topic (TAF R1 vs ACS 5-yr)",enrollees,"TAF Annual DE file, non-dummy eligibility records (anyone with a Medicaid or CHIP eligibility record in the calendar year, all benefit scopes, all ages, Medicaid+CHIP); state-reported race/ethnicity only, no imputation; % Hispanic of ALL records incl. missing (DQ Atlas pre-2021 method)",Texas,TX,5995602.0,2967823.0,58.235,49.5,15.0,no,Medium concern,55.5,TAF-DQ-Race-Ethnicity-2020-Release-1.csv,row State=Texas; cols '% Hispanic Beneficiaries in TAF/ACS'
2020,"CMS DQ Atlas, Race and Ethnicity topic (TAF R1 vs ACS 5-yr)",enrollees,"TAF Annual DE file, non-dummy eligibility records (anyone with a Medicaid or CHIP eligibility record in the calendar year, all benefit scopes, all ages, Medicaid+CHIP); state-reported race/ethnicity only, no imputation; % Hispanic of ALL records incl. missing (DQ Atlas pre-2021 method)",Utah,UT,439300.0,60184.0,27.345,13.7,49.9,no,High concern,22.7,TAF-DQ-Race-Ethnicity-2020-Release-1.csv,row State=Utah; cols '% Hispanic Beneficiaries in TAF/ACS'
2020,"CMS DQ Atlas, Race and Ethnicity topic (TAF R1 vs ACS 5-yr)",enrollees,"TAF Annual DE file, non-dummy eligibility records (anyone with a Medicaid or CHIP eligibility record in the calendar year, all benefit scopes, all ages, Medicaid+CHIP); state-reported race/ethnicity only, no imputation; % Hispanic of ALL records incl. missing (DQ Atlas pre-2021 method)",Vermont,VT,193261.0,966.0,0.611,0.5,18.2,no,Medium concern,2.1,TAF-DQ-Race-Ethnicity-2020-Release-1.csv,row State=Vermont; cols '% Hispanic Beneficiaries in TAF/ACS'
2020,"CMS DQ Atlas, Race and Ethnicity topic (TAF R1 vs ACS 5-yr)",enrollees,"TAF Annual DE file, non-dummy eligibility records (anyone with a Medicaid or CHIP eligibility record in the calendar year, all benefit scopes, all ages, Medicaid+CHIP); state-reported race/ethnicity only, no imputation; % Hispanic of ALL records incl. missing (DQ Atlas pre-2021 method)",Virgin Islands,VI,33756.0,0.0,0.0,0.0,19.9,no,Unclassified,,TAF-DQ-Race-Ethnicity-2020-Release-1.csv,row State=Virgin Islands; cols '% Hispanic Beneficiaries in TAF/ACS'
2020,"CMS DQ Atlas, Race and Ethnicity topic (TAF R1 vs ACS 5-yr)",enrollees,"TAF Annual DE file, non-dummy eligibility records (anyone with a Medicaid or CHIP eligibility record in the calendar year, all benefit scopes, all ages, Medicaid+CHIP); state-reported race/ethnicity only, no imputation; % Hispanic of ALL records incl. missing (DQ Atlas pre-2021 method)",Virginia,VA,1868400.0,57920.0,3.256,3.1,4.8,no,Low concern,12.5,TAF-DQ-Race-Ethnicity-2020-Release-1.csv,row State=Virginia; cols '% Hispanic Beneficiaries in TAF/ACS'
2020,"CMS DQ Atlas, Race and Ethnicity topic (TAF R1 vs ACS 5-yr)",enrollees,"TAF Annual DE file, non-dummy eligibility records (anyone with a Medicaid or CHIP eligibility record in the calendar year, all benefit scopes, all ages, Medicaid+CHIP); state-reported race/ethnicity only, no imputation; % Hispanic of ALL records incl. missing (DQ Atlas pre-2021 method)",Washington,WA,2152771.0,458540.0,23.127,21.3,7.9,no,Low concern,22.9,TAF-DQ-Race-Ethnicity-2020-Release-1.csv,row State=Washington; cols '% Hispanic Beneficiaries in TAF/ACS'
2020,"CMS DQ Atlas, Race and Ethnicity topic (TAF R1 vs ACS 5-yr)",enrollees,"TAF Annual DE file, non-dummy eligibility records (anyone with a Medicaid or CHIP eligibility record in the calendar year, all benefit scopes, all ages, Medicaid+CHIP); state-reported race/ethnicity only, no imputation; % Hispanic of ALL records incl. missing (DQ Atlas pre-2021 method)",West Virginia,WV,640507.0,0.0,0.0,0.0,17.5,no,Medium concern,1.9,TAF-DQ-Race-Ethnicity-2020-Release-1.csv,row State=West Virginia; cols '% Hispanic Beneficiaries in TAF/ACS'
2020,"CMS DQ Atlas, Race and Ethnicity topic (TAF R1 vs ACS 5-yr)",enrollees,"TAF Annual DE file, non-dummy eligibility records (anyone with a Medicaid or CHIP eligibility record in the calendar year, all benefit scopes, all ages, Medicaid+CHIP); state-reported race/ethnicity only, no imputation; % Hispanic of ALL records incl. missing (DQ Atlas pre-2021 method)",Wisconsin,WI,1403329.0,159980.0,13.636,11.4,16.4,no,Medium concern,12.6,TAF-DQ-Race-Ethnicity-2020-Release-1.csv,row State=Wisconsin; cols '% Hispanic Beneficiaries in TAF/ACS'
2020,"CMS DQ Atlas, Race and Ethnicity topic (TAF R1 vs ACS 5-yr)",enrollees,"TAF Annual DE file, non-dummy eligibility records (anyone with a Medicaid or CHIP eligibility record in the calendar year, all benefit scopes, all ages, Medicaid+CHIP); state-reported race/ethnicity only, no imputation; % Hispanic of ALL records incl. missing (DQ Atlas pre-2021 method)",Wyoming,WY,83615.0,7693.0,12.105,9.2,24.0,no,High concern,14.8,TAF-DQ-Race-Ethnicity-2020-Release-1.csv,row State=Wyoming; cols '% Hispanic Beneficiaries in TAF/ACS'
2021,"CMS DQ Atlas, Race and Ethnicity topic (TAF R1 vs ACS 5-yr)",enrollees,"TAF Annual DE file, non-dummy eligibility records (anyone with a Medicaid or CHIP eligibility record in the calendar year, all benefit scopes, all ages, Medicaid+CHIP); state-reported race/ethnicity only, no imputation; % Hispanic among records with non-missing race/ethnicity (DQ Atlas method from 2021 R1)",Alabama,AL,1402878.0,53027.0,4.7,3.78,19.6,no,Medium concern,6.9,TAF-DQ-Race-Ethnicity-2021-Release-1.csv,row State=Alabama; cols '% Hispanic Beneficiaries in TAF/ACS'
2021,"CMS DQ Atlas, Race and Ethnicity topic (TAF R1 vs ACS 5-yr)",enrollees,"TAF Annual DE file, non-dummy eligibility records (anyone with a Medicaid or CHIP eligibility record in the calendar year, all benefit scopes, all ages, Medicaid+CHIP); state-reported race/ethnicity only, no imputation; % Hispanic among records with non-missing race/ethnicity (DQ Atlas method from 2021 R1)",Alaska,AK,272838.0,7349.0,2.9,2.694,7.1,no,Low concern,7.5,TAF-DQ-Race-Ethnicity-2021-Release-1.csv,row State=Alaska; cols '% Hispanic Beneficiaries in TAF/ACS'
2021,"CMS DQ Atlas, Race and Ethnicity topic (TAF R1 vs ACS 5-yr)",enrollees,"TAF Annual DE file, non-dummy eligibility records (anyone with a Medicaid or CHIP eligibility record in the calendar year, all benefit scopes, all ages, Medicaid+CHIP); state-reported race/ethnicity only, no imputation; % Hispanic among records with non-missing race/ethnicity (DQ Atlas method from 2021 R1)",Arizona,AZ,2437174.0,321381.0,16.4,13.187,19.6,no,High concern,47.0,TAF-DQ-Race-Ethnicity-2021-Release-1.csv,row State=Arizona; cols '% Hispanic Beneficiaries in TAF/ACS'
2021,"CMS DQ Atlas, Race and Ethnicity topic (TAF R1 vs ACS 5-yr)",enrollees,"TAF Annual DE file, non-dummy eligibility records (anyone with a Medicaid or CHIP eligibility record in the calendar year, all benefit scopes, all ages, Medicaid+CHIP); state-reported race/ethnicity only, no imputation; % Hispanic among records with non-missing race/ethnicity (DQ Atlas method from 2021 R1)",Arkansas,AR,1152267.0,65719.0,6.7,5.703,14.9,no,Medium concern,9.2,TAF-DQ-Race-Ethnicity-2021-Release-1.csv,row State=Arkansas; cols '% Hispanic Beneficiaries in TAF/ACS'
2021,"CMS DQ Atlas, Race and Ethnicity topic (TAF R1 vs ACS 5-yr)",enrollees,"TAF Annual DE file, non-dummy eligibility records (anyone with a Medicaid or CHIP eligibility record in the calendar year, all benefit scopes, all ages, Medicaid+CHIP); state-reported race/ethnicity only, no imputation; % Hispanic among records with non-missing race/ethnicity (DQ Atlas method from 2021 R1)",California,CA,16234603.0,8294021.0,57.6,51.089,11.3,no,Medium concern,55.9,TAF-DQ-Race-Ethnicity-2021-Release-1.csv,row State=California; cols '% Hispanic Beneficiaries in TAF/ACS'
2021,"CMS DQ Atlas, Race and Ethnicity topic (TAF R1 vs ACS 5-yr)",enrollees,"TAF Annual DE file, non-dummy eligibility records (anyone with a Medicaid or CHIP eligibility record in the calendar year, all benefit scopes, all ages, Medicaid+CHIP); state-reported race/ethnicity only, no imputation; % Hispanic among records with non-missing race/ethnicity (DQ Atlas method from 2021 R1)",Colorado,CO,1710550.0,563649.0,37.7,32.951,12.6,no,Medium concern,37.9,TAF-DQ-Race-Ethnicity-2021-Release-1.csv,row State=Colorado; cols '% Hispanic Beneficiaries in TAF/ACS'
2021,"CMS DQ Atlas, Race and Ethnicity topic (TAF R1 vs ACS 5-yr)",enrollees,"TAF Annual DE file, non-dummy eligibility records (anyone with a Medicaid or CHIP eligibility record in the calendar year, all benefit scopes, all ages, Medicaid+CHIP); state-reported race/ethnicity only, no imputation; % Hispanic among records with non-missing race/ethnicity (DQ Atlas method from 2021 R1)",Connecticut,CT,1223603.0,238542.0,26.8,19.495,27.3,no,High concern,32.9,TAF-DQ-Race-Ethnicity-2021-Release-1.csv,row State=Connecticut; cols '% Hispanic Beneficiaries in TAF/ACS'
2021,"CMS DQ Atlas, Race and Ethnicity topic (TAF R1 vs ACS 5-yr)",enrollees,"TAF Annual DE file, non-dummy eligibility records (anyone with a Medicaid or CHIP eligibility record in the calendar year, all benefit scopes, all ages, Medicaid+CHIP); state-reported race/ethnicity only, no imputation; % Hispanic among records with non-missing race/ethnicity (DQ Atlas method from 2021 R1)",Delaware,DE,311205.0,55391.0,17.8,17.799,0.0,no,Low concern,16.3,TAF-DQ-Race-Ethnicity-2021-Release-1.csv,row State=Delaware; cols '% Hispanic Beneficiaries in TAF/ACS'
2021,"CMS DQ Atlas, Race and Ethnicity topic (TAF R1 vs ACS 5-yr)",enrollees,"TAF Annual DE file, non-dummy eligibility records (anyone with a Medicaid or CHIP eligibility record in the calendar year, all benefit scopes, all ages, Medicaid+CHIP); state-reported race/ethnicity only, no imputation; % Hispanic among records with non-missing race/ethnicity (DQ Atlas method from 2021 R1)",District of Columbia,DC,297695.0,9047.0,4.5,3.039,32.5,no,High concern,11.9,TAF-DQ-Race-Ethnicity-2021-Release-1.csv,row State=District of Columbia; cols '% Hispanic Beneficiaries in TAF/ACS'
2021,"CMS DQ Atlas, Race and Ethnicity topic (TAF R1 vs ACS 5-yr)",enrollees,"TAF Annual DE file, non-dummy eligibility records (anyone with a Medicaid or CHIP eligibility record in the calendar year, all benefit scopes, all ages, Medicaid+CHIP); state-reported race/ethnicity only, no imputation; % Hispanic among records with non-missing race/ethnicity (DQ Atlas method from 2021 R1)",Florida,FL,5510766.0,1764190.0,38.3,32.014,16.4,no,Medium concern,33.9,TAF-DQ-Race-Ethnicity-2021-Release-1.csv,row State=Florida; cols '% Hispanic Beneficiaries in TAF/ACS'
2021,"CMS DQ Atlas, Race and Ethnicity topic (TAF R1 vs ACS 5-yr)",enrollees,"TAF Annual DE file, non-dummy eligibility records (anyone with a Medicaid or CHIP eligibility record in the calendar year, all benefit scopes, all ages, Medicaid+CHIP); state-reported race/ethnicity only, no imputation; % Hispanic among records with non-missing race/ethnicity (DQ Atlas method from 2021 R1)",Georgia,GA,2767785.0,99784.0,4.0,3.605,9.9,no,Low concern,13.3,TAF-DQ-Race-Ethnicity-2021-Release-1.csv,row State=Georgia; cols '% Hispanic Beneficiaries in TAF/ACS'
2021,"CMS DQ Atlas, Race and Ethnicity topic (TAF R1 vs ACS 5-yr)",enrollees,"TAF Annual DE file, non-dummy eligibility records (anyone with a Medicaid or CHIP eligibility record in the calendar year, all benefit scopes, all ages, Medicaid+CHIP); state-reported race/ethnicity only, no imputation; % Hispanic among records with non-missing race/ethnicity (DQ Atlas method from 2021 R1)",Hawaii,HI,465405.0,25379.0,7.5,5.453,27.3,no,High concern,16.2,TAF-DQ-Race-Ethnicity-2021-Release-1.csv,row State=Hawaii; cols '% Hispanic Beneficiaries in TAF/ACS'
2021,"CMS DQ Atlas, Race and Ethnicity topic (TAF R1 vs ACS 5-yr)",enrollees,"TAF Annual DE file, non-dummy eligibility records (anyone with a Medicaid or CHIP eligibility record in the calendar year, all benefit scopes, all ages, Medicaid+CHIP); state-reported race/ethnicity only, no imputation; % Hispanic among records with non-missing race/ethnicity (DQ Atlas method from 2021 R1)",Idaho,ID,477902.0,13772.0,2.9,2.882,0.6,no,Medium concern,19.8,TAF-DQ-Race-Ethnicity-2021-Release-1.csv,row State=Idaho; cols '% Hispanic Beneficiaries in TAF/ACS'
2021,"CMS DQ Atlas, Race and Ethnicity topic (TAF R1 vs ACS 5-yr)",enrollees,"TAF Annual DE file, non-dummy eligibility records (anyone with a Medicaid or CHIP eligibility record in the calendar year, all benefit scopes, all ages, Medicaid+CHIP); state-reported race/ethnicity only, no imputation; % Hispanic among records with non-missing race/ethnicity (DQ Atlas method from 2021 R1)",Illinois,IL,3781977.0,489806.0,14.2,12.951,8.8,no,Medium concern,25.4,TAF-DQ-Race-Ethnicity-2021-Release-1.csv,row State=Illinois; cols '% Hispanic Beneficiaries in TAF/ACS'
2021,"CMS DQ Atlas, Race and Ethnicity topic (TAF R1 vs ACS 5-yr)",enrollees,"TAF Annual DE file, non-dummy eligibility records (anyone with a Medicaid or CHIP eligibility record in the calendar year, all benefit scopes, all ages, Medicaid+CHIP); state-reported race/ethnicity only, no imputation; % Hispanic among records with non-missing race/ethnicity (DQ Atlas method from 2021 R1)",Indiana,IN,2114996.0,97101.0,5.6,4.591,18.0,no,Medium concern,11.0,TAF-DQ-Race-Ethnicity-2021-Release-1.csv,row State=Indiana; cols '% Hispanic Beneficiaries in TAF/ACS'
2021,"CMS DQ Atlas, Race and Ethnicity topic (TAF R1 vs ACS 5-yr)",enrollees,"TAF Annual DE file, non-dummy eligibility records (anyone with a Medicaid or CHIP eligibility record in the calendar year, all benefit scopes, all ages, Medicaid+CHIP); state-reported race/ethnicity only, no imputation; % Hispanic among records with non-missing race/ethnicity (DQ Atlas method from 2021 R1)",Iowa,IA,882759.0,77098.0,12.5,8.734,30.1,no,High concern,11.5,TAF-DQ-Race-Ethnicity-2021-Release-1.csv,row State=Iowa; cols '% Hispanic Beneficiaries in TAF/ACS'
2021,"CMS DQ Atlas, Race and Ethnicity topic (TAF R1 vs ACS 5-yr)",enrollees,"TAF Annual DE file, non-dummy eligibility records (anyone with a Medicaid or CHIP eligibility record in the calendar year, all benefit scopes, all ages, Medicaid+CHIP); state-reported race/ethnicity only, no imputation; % Hispanic among records with non-missing race/ethnicity (DQ Atlas method from 2021 R1)",Kansas,KS,532195.0,123785.0,25.6,23.259,9.1,no,Low concern,20.7,TAF-DQ-Race-Ethnicity-2021-Release-1.csv,row State=Kansas; cols '% Hispanic Beneficiaries in TAF/ACS'
2021,"CMS DQ Atlas, Race and Ethnicity topic (TAF R1 vs ACS 5-yr)",enrollees,"TAF Annual DE file, non-dummy eligibility records (anyone with a Medicaid or CHIP eligibility record in the calendar year, all benefit scopes, all ages, Medicaid+CHIP); state-reported race/ethnicity only, no imputation; % Hispanic among records with non-missing race/ethnicity (DQ Atlas method from 2021 R1)",Kentucky,KY,1873930.0,67041.0,4.3,3.578,16.8,no,Medium concern,4.9,TAF-DQ-Race-Ethnicity-2021-Release-1.csv,row State=Kentucky; cols '% Hispanic Beneficiaries in TAF/ACS'
2021,"CMS DQ Atlas, Race and Ethnicity topic (TAF R1 vs ACS 5-yr)",enrollees,"TAF Annual DE file, non-dummy eligibility records (anyone with a Medicaid or CHIP eligibility record in the calendar year, all benefit scopes, all ages, Medicaid+CHIP); state-reported race/ethnicity only, no imputation; % Hispanic among records with non-missing race/ethnicity (DQ Atlas method from 2021 R1)",Louisiana,LA,2017204.0,475211.0,26.5,23.558,11.1,no,High concern,5.3,TAF-DQ-Race-Ethnicity-2021-Release-1.csv,row State=Louisiana; cols '% Hispanic Beneficiaries in TAF/ACS'
2021,"CMS DQ Atlas, Race and Ethnicity topic (TAF R1 vs ACS 5-yr)",enrollees,"TAF Annual DE file, non-dummy eligibility records (anyone with a Medicaid or CHIP eligibility record in the calendar year, all benefit scopes, all ages, Medicaid+CHIP); state-reported race/ethnicity only, no imputation; % Hispanic among records with non-missing race/ethnicity (DQ Atlas method from 2021 R1)",Maine,ME,444027.0,9414.0,2.4,2.12,11.7,no,Medium concern,2.3,TAF-DQ-Race-Ethnicity-2021-Release-1.csv,row State=Maine; cols '% Hispanic Beneficiaries in TAF/ACS'
2021,"CMS DQ Atlas, Race and Ethnicity topic (TAF R1 vs ACS 5-yr)",enrollees,"TAF Annual DE file, non-dummy eligibility records (anyone with a Medicaid or CHIP eligibility record in the calendar year, all benefit scopes, all ages, Medicaid+CHIP); state-reported race/ethnicity only, no imputation; % Hispanic among records with non-missing race/ethnicity (DQ Atlas method from 2021 R1)",Maryland,MD,1733477.0,259001.0,18.5,14.941,19.2,no,Medium concern,14.7,TAF-DQ-Race-Ethnicity-2021-Release-1.csv,row State=Maryland; cols '% Hispanic Beneficiaries in TAF/ACS'
2021,"CMS DQ Atlas, Race and Ethnicity topic (TAF R1 vs ACS 5-yr)",enrollees,"TAF Annual DE file, non-dummy eligibility records (anyone with a Medicaid or CHIP eligibility record in the calendar year, all benefit scopes, all ages, Medicaid+CHIP); state-reported race/ethnicity only, no imputation; % Hispanic among records with non-missing race/ethnicity (DQ Atlas method from 2021 R1)",Massachusetts,MA,2266103.0,118857.0,10.6,5.245,50.5,no,Unusable,27.3,TAF-DQ-Race-Ethnicity-2021-Release-1.csv,row State=Massachusetts; cols '% Hispanic Beneficiaries in TAF/ACS'
2021,"CMS DQ Atlas, Race and Ethnicity topic (TAF R1 vs ACS 5-yr)",enrollees,"TAF Annual DE file, non-dummy eligibility records (anyone with a Medicaid or CHIP eligibility record in the calendar year, all benefit scopes, all ages, Medicaid+CHIP); state-reported race/ethnicity only, no imputation; % Hispanic among records with non-missing race/ethnicity (DQ Atlas method from 2021 R1)",Michigan,MI,3094494.0,188205.0,6.4,6.082,5.0,no,Low concern,7.7,TAF-DQ-Race-Ethnicity-2021-Release-1.csv,row State=Michigan; cols '% Hispanic Beneficiaries in TAF/ACS'
2021,"CMS DQ Atlas, Race and Ethnicity topic (TAF R1 vs ACS 5-yr)",enrollees,"TAF Annual DE file, non-dummy eligibility records (anyone with a Medicaid or CHIP eligibility record in the calendar year, all benefit scopes, all ages, Medicaid+CHIP); state-reported race/ethnicity only, no imputation; % Hispanic among records with non-missing race/ethnicity (DQ Atlas method from 2021 R1)",Minnesota,MN,1386771.0,115805.0,9.5,8.351,12.1,no,Medium concern,10.0,TAF-DQ-Race-Ethnicity-2021-Release-1.csv,row State=Minnesota; cols '% Hispanic Beneficiaries in TAF/ACS'
2021,"CMS DQ Atlas, Race and Ethnicity topic (TAF R1 vs ACS 5-yr)",enrollees,"TAF Annual DE file, non-dummy eligibility records (anyone with a Medicaid or CHIP eligibility record in the calendar year, all benefit scopes, all ages, Medicaid+CHIP); state-reported race/ethnicity only, no imputation; % Hispanic among records with non-missing race/ethnicity (DQ Atlas method from 2021 R1)",Mississippi,MS,886570.0,12804.0,1.7,1.444,15.0,no,Medium concern,3.6,TAF-DQ-Race-Ethnicity-2021-Release-1.csv,row State=Mississippi; cols '% Hispanic Beneficiaries in TAF/ACS'
2021,"CMS DQ Atlas, Race and Ethnicity topic (TAF R1 vs ACS 5-yr)",enrollees,"TAF Annual DE file, non-dummy eligibility records (anyone with a Medicaid or CHIP eligibility record in the calendar year, all benefit scopes, all ages, Medicaid+CHIP); state-reported race/ethnicity only, no imputation; % Hispanic among records with non-missing race/ethnicity (DQ Atlas method from 2021 R1)",Missouri,MO,1352301.0,121619.0,9.8,8.994,8.2,no,Low concern,6.1,TAF-DQ-Race-Ethnicity-2021-Release-1.csv,row State=Missouri; cols '% Hispanic Beneficiaries in TAF/ACS'
2021,"CMS DQ Atlas, Race and Ethnicity topic (TAF R1 vs ACS 5-yr)",enrollees,"TAF Annual DE file, non-dummy eligibility records (anyone with a Medicaid or CHIP eligibility record in the calendar year, all benefit scopes, all ages, Medicaid+CHIP); state-reported race/ethnicity only, no imputation; % Hispanic among records with non-missing race/ethnicity (DQ Atlas method from 2021 R1)",Montana,MT,326210.0,13152.0,4.6,4.032,12.4,no,Medium concern,6.6,TAF-DQ-Race-Ethnicity-2021-Release-1.csv,row State=Montana; cols '% Hispanic Beneficiaries in TAF/ACS'
2021,"CMS DQ Atlas, Race and Ethnicity topic (TAF R1 vs ACS 5-yr)",enrollees,"TAF Annual DE file, non-dummy eligibility records (anyone with a Medicaid or CHIP eligibility record in the calendar year, all benefit scopes, all ages, Medicaid+CHIP); state-reported race/ethnicity only, no imputation; % Hispanic among records with non-missing race/ethnicity (DQ Atlas method from 2021 R1)",Nebraska,NE,386142.0,83074.0,23.2,21.514,7.3,no,Low concern,20.1,TAF-DQ-Race-Ethnicity-2021-Release-1.csv,row State=Nebraska; cols '% Hispanic Beneficiaries in TAF/ACS'
2021,"CMS DQ Atlas, Race and Ethnicity topic (TAF R1 vs ACS 5-yr)",enrollees,"TAF Annual DE file, non-dummy eligibility records (anyone with a Medicaid or CHIP eligibility record in the calendar year, all benefit scopes, all ages, Medicaid+CHIP); state-reported race/ethnicity only, no imputation; % Hispanic among records with non-missing race/ethnicity (DQ Atlas method from 2021 R1)",Nevada,NV,952288.0,335548.0,36.5,35.236,3.5,no,Low concern,36.5,TAF-DQ-Race-Ethnicity-2021-Release-1.csv,row State=Nevada; cols '% Hispanic Beneficiaries in TAF/ACS'
2021,"CMS DQ Atlas, Race and Ethnicity topic (TAF R1 vs ACS 5-yr)",enrollees,"TAF Annual DE file, non-dummy eligibility records (anyone with a Medicaid or CHIP eligibility record in the calendar year, all benefit scopes, all ages, Medicaid+CHIP); state-reported race/ethnicity only, no imputation; % Hispanic among records with non-missing race/ethnicity (DQ Atlas method from 2021 R1)",New Hampshire,NH,276141.0,16541.0,6.7,5.99,10.6,no,Medium concern,7.3,TAF-DQ-Race-Ethnicity-2021-Release-1.csv,row State=New Hampshire; cols '% Hispanic Beneficiaries in TAF/ACS'
2021,"CMS DQ Atlas, Race and Ethnicity topic (TAF R1 vs ACS 5-yr)",enrollees,"TAF Annual DE file, non-dummy eligibility records (anyone with a Medicaid or CHIP eligibility record in the calendar year, all benefit scopes, all ages, Medicaid+CHIP); state-reported race/ethnicity only, no imputation; % Hispanic among records with non-missing race/ethnicity (DQ Atlas method from 2021 R1)",New Jersey,NJ,2204179.0,579174.0,29.5,26.276,10.9,no,Medium concern,34.5,TAF-DQ-Race-Ethnicity-2021-Release-1.csv,row State=New Jersey; cols '% Hispanic Beneficiaries in TAF/ACS'
2021,"CMS DQ Atlas, Race and Ethnicity topic (TAF R1 vs ACS 5-yr)",enrollees,"TAF Annual DE file, non-dummy eligibility records (anyone with a Medicaid or CHIP eligibility record in the calendar year, all benefit scopes, all ages, Medicaid+CHIP); state-reported race/ethnicity only, no imputation; % Hispanic among records with non-missing race/ethnicity (DQ Atlas method from 2021 R1)",New Mexico,NM,1001673.0,547742.0,55.5,54.683,1.5,no,Low concern,59.4,TAF-DQ-Race-Ethnicity-2021-Release-1.csv,row State=New Mexico; cols '% Hispanic Beneficiaries in TAF/ACS'
2021,"CMS DQ Atlas, Race and Ethnicity topic (TAF R1 vs ACS 5-yr)",enrollees,"TAF Annual DE file, non-dummy eligibility records (anyone with a Medicaid or CHIP eligibility record in the calendar year, all benefit scopes, all ages, Medicaid+CHIP); state-reported race/ethnicity only, no imputation; % Hispanic among records with non-missing race/ethnicity (DQ Atlas method from 2021 R1)",New York,NY,8147835.0,1280861.0,22.6,15.72,30.4,no,High concern,30.0,TAF-DQ-Race-Ethnicity-2021-Release-1.csv,row State=New York; cols '% Hispanic Beneficiaries in TAF/ACS'
2021,"CMS DQ Atlas, Race and Ethnicity topic (TAF R1 vs ACS 5-yr)",enrollees,"TAF Annual DE file, non-dummy eligibility records (anyone with a Medicaid or CHIP eligibility record in the calendar year, all benefit scopes, all ages, Medicaid+CHIP); state-reported race/ethnicity only, no imputation; % Hispanic among records with non-missing race/ethnicity (DQ Atlas method from 2021 R1)",North Carolina,NC,2859167.0,403044.0,14.2,14.097,0.7,no,Low concern,15.8,TAF-DQ-Race-Ethnicity-2021-Release-1.csv,row State=North Carolina; cols '% Hispanic Beneficiaries in TAF/ACS'
2021,"CMS DQ Atlas, Race and Ethnicity topic (TAF R1 vs ACS 5-yr)",enrollees,"TAF Annual DE file, non-dummy eligibility records (anyone with a Medicaid or CHIP eligibility record in the calendar year, all benefit scopes, all ages, Medicaid+CHIP); state-reported race/ethnicity only, no imputation; % Hispanic among records with non-missing race/ethnicity (DQ Atlas method from 2021 R1)",North Dakota,ND,135002.0,7919.0,5.9,5.866,0.6,no,Low concern,6.5,TAF-DQ-Race-Ethnicity-2021-Release-1.csv,row State=North Dakota; cols '% Hispanic Beneficiaries in TAF/ACS'
2021,"CMS DQ Atlas, Race and Ethnicity topic (TAF R1 vs ACS 5-yr)",enrollees,"TAF Annual DE file, non-dummy eligibility records (anyone with a Medicaid or CHIP eligibility record in the calendar year, all benefit scopes, all ages, Medicaid+CHIP); state-reported race/ethnicity only, no imputation; % Hispanic among records with non-missing race/ethnicity (DQ Atlas method from 2021 R1)",Ohio,OH,3463424.0,167251.0,5.2,4.829,7.1,no,Low concern,6.4,TAF-DQ-Race-Ethnicity-2021-Release-1.csv,row State=Ohio; cols '% Hispanic Beneficiaries in TAF/ACS'
2021,"CMS DQ Atlas, Race and Ethnicity topic (TAF R1 vs ACS 5-yr)",enrollees,"TAF Annual DE file, non-dummy eligibility records (anyone with a Medicaid or CHIP eligibility record in the calendar year, all benefit scopes, all ages, Medicaid+CHIP); state-reported race/ethnicity only, no imputation; % Hispanic among records with non-missing race/ethnicity (DQ Atlas method from 2021 R1)",Oklahoma,OK,1250460.0,193686.0,16.4,15.489,5.6,no,Low concern,18.2,TAF-DQ-Race-Ethnicity-2021-Release-1.csv,row State=Oklahoma; cols '% Hispanic Beneficiaries in TAF/ACS'
2021,"CMS DQ Atlas, Race and Ethnicity topic (TAF R1 vs ACS 5-yr)",enrollees,"TAF Annual DE file, non-dummy eligibility records (anyone with a Medicaid or CHIP eligibility record in the calendar year, all benefit scopes, all ages, Medicaid+CHIP); state-reported race/ethnicity only, no imputation; % Hispanic among records with non-missing race/ethnicity (DQ Atlas method from 2021 R1)",Oregon,OR,1466932.0,173592.0,15.7,11.834,24.6,no,High concern,21.1,TAF-DQ-Race-Ethnicity-2021-Release-1.csv,row State=Oregon; cols '% Hispanic Beneficiaries in TAF/ACS'
2021,"CMS DQ Atlas, Race and Ethnicity topic (TAF R1 vs ACS 5-yr)",enrollees,"TAF Annual DE file, non-dummy eligibility records (anyone with a Medicaid or CHIP eligibility record in the calendar year, all benefit scopes, all ages, Medicaid+CHIP); state-reported race/ethnicity only, no imputation; % Hispanic among records with non-missing race/ethnicity (DQ Atlas method from 2021 R1)",Pennsylvania,PA,3765733.0,525400.0,15.0,13.952,7.0,no,Low concern,15.5,TAF-DQ-Race-Ethnicity-2021-Release-1.csv,row State=Pennsylvania; cols '% Hispanic Beneficiaries in TAF/ACS'
2021,"CMS DQ Atlas, Race and Ethnicity topic (TAF R1 vs ACS 5-yr)",enrollees,"TAF Annual DE file, non-dummy eligibility records (anyone with a Medicaid or CHIP eligibility record in the calendar year, all benefit scopes, all ages, Medicaid+CHIP); state-reported race/ethnicity only, no imputation; % Hispanic among records with non-missing race/ethnicity (DQ Atlas method from 2021 R1)",Puerto Rico,PR,1561477.0,1289741.0,99.3,82.598,16.8,no,Medium concern,99.1,TAF-DQ-Race-Ethnicity-2021-Release-1.csv,row State=Puerto Rico; cols '% Hispanic Beneficiaries in TAF/ACS'
2021,"CMS DQ Atlas, Race and Ethnicity topic (TAF R1 vs ACS 5-yr)",enrollees,"TAF Annual DE file, non-dummy eligibility records (anyone with a Medicaid or CHIP eligibility record in the calendar year, all benefit scopes, all ages, Medicaid+CHIP); state-reported race/ethnicity only, no imputation; % Hispanic among records with non-missing race/ethnicity (DQ Atlas method from 2021 R1)",Rhode Island,RI,392600.0,65709.0,16.8,16.737,0.4,no,High concern,33.3,TAF-DQ-Race-Ethnicity-2021-Release-1.csv,row State=Rhode Island; cols '% Hispanic Beneficiaries in TAF/ACS'
2021,"CMS DQ Atlas, Race and Ethnicity topic (TAF R1 vs ACS 5-yr)",enrollees,"TAF Annual DE file, non-dummy eligibility records (anyone with a Medicaid or CHIP eligibility record in the calendar year, all benefit scopes, all ages, Medicaid+CHIP); state-reported race/ethnicity only, no imputation; % Hispanic among records with non-missing race/ethnicity (DQ Atlas method from 2021 R1)",South Carolina,SC,1527800.0,42882.0,4.9,2.807,42.7,no,High concern,8.6,TAF-DQ-Race-Ethnicity-2021-Release-1.csv,row State=South Carolina; cols '% Hispanic Beneficiaries in TAF/ACS'
2021,"CMS DQ Atlas, Race and Ethnicity topic (TAF R1 vs ACS 5-yr)",enrollees,"TAF Annual DE file, non-dummy eligibility records (anyone with a Medicaid or CHIP eligibility record in the calendar year, all benefit scopes, all ages, Medicaid+CHIP); state-reported race/ethnicity only, no imputation; % Hispanic among records with non-missing race/ethnicity (DQ Atlas method from 2021 R1)",South Dakota,SD,153659.0,9372.0,6.1,6.099,0.0,no,Low concern,8.1,TAF-DQ-Race-Ethnicity-2021-Release-1.csv,row State=South Dakota; cols '% Hispanic Beneficiaries in TAF/ACS'
2021,"CMS DQ Atlas, Race and Ethnicity topic (TAF R1 vs ACS 5-yr)",enrollees,"TAF Annual DE file, non-dummy eligibility records (anyone with a Medicaid or CHIP eligibility record in the calendar year, all benefit scopes, all ages, Medicaid+CHIP); state-reported race/ethnicity only, no imputation; % Hispanic among records with non-missing race/ethnicity (DQ Atlas method from 2021 R1)",Tennessee,TN,3132726.0,60808.0,4.3,1.941,54.9,no,Unusable,8.3,TAF-DQ-Race-Ethnicity-2021-Release-1.csv,row State=Tennessee; cols '% Hispanic Beneficiaries in TAF/ACS'
2021,"CMS DQ Atlas, Race and Ethnicity topic (TAF R1 vs ACS 5-yr)",enrollees,"TAF Annual DE file, non-dummy eligibility records (anyone with a Medicaid or CHIP eligibility record in the calendar year, all benefit scopes, all ages, Medicaid+CHIP); state-reported race/ethnicity only, no imputation; % Hispanic among records with non-missing race/ethnicity (DQ Atlas method from 2021 R1)",Texas,TX,6472127.0,3180652.0,58.1,49.144,15.4,no,Medium concern,55.4,TAF-DQ-Race-Ethnicity-2021-Release-1.csv,row State=Texas; cols '% Hispanic Beneficiaries in TAF/ACS'
2021,"CMS DQ Atlas, Race and Ethnicity topic (TAF R1 vs ACS 5-yr)",enrollees,"TAF Annual DE file, non-dummy eligibility records (anyone with a Medicaid or CHIP eligibility record in the calendar year, all benefit scopes, all ages, Medicaid+CHIP); state-reported race/ethnicity only, no imputation; % Hispanic among records with non-missing race/ethnicity (DQ Atlas method from 2021 R1)",Utah,UT,502530.0,66143.0,27.4,13.162,52.0,no,Unusable,22.2,TAF-DQ-Race-Ethnicity-2021-Release-1.csv,row State=Utah; cols '% Hispanic Beneficiaries in TAF/ACS'
2021,"CMS DQ Atlas, Race and Ethnicity topic (TAF R1 vs ACS 5-yr)",enrollees,"TAF Annual DE file, non-dummy eligibility records (anyone with a Medicaid or CHIP eligibility record in the calendar year, all benefit scopes, all ages, Medicaid+CHIP); state-reported race/ethnicity only, no imputation; % Hispanic among records with non-missing race/ethnicity (DQ Atlas method from 2021 R1)",Vermont,VT,204759.0,1173.0,0.7,0.573,18.1,no,Medium concern,2.2,TAF-DQ-Race-Ethnicity-2021-Release-1.csv,row State=Vermont; cols '% Hispanic Beneficiaries in TAF/ACS'
2021,"CMS DQ Atlas, Race and Ethnicity topic (TAF R1 vs ACS 5-yr)",enrollees,"TAF Annual DE file, non-dummy eligibility records (anyone with a Medicaid or CHIP eligibility record in the calendar year, all benefit scopes, all ages, Medicaid+CHIP); state-reported race/ethnicity only, no imputation; % Hispanic among records with non-missing race/ethnicity (DQ Atlas method from 2021 R1)",Virgin Islands,VI,37494.0,0.0,0.0,0.0,18.9,no,Unclassified,,TAF-DQ-Race-Ethnicity-2021-Release-1.csv,row State=Virgin Islands; cols '% Hispanic Beneficiaries in TAF/ACS'
2021,"CMS DQ Atlas, Race and Ethnicity topic (TAF R1 vs ACS 5-yr)",enrollees,"TAF Annual DE file, non-dummy eligibility records (anyone with a Medicaid or CHIP eligibility record in the calendar year, all benefit scopes, all ages, Medicaid+CHIP); state-reported race/ethnicity only, no imputation; % Hispanic among records with non-missing race/ethnicity (DQ Atlas method from 2021 R1)",Virginia,VA,2051907.0,65953.0,3.4,3.214,5.5,no,Medium concern,12.6,TAF-DQ-Race-Ethnicity-2021-Release-1.csv,row State=Virginia; cols '% Hispanic Beneficiaries in TAF/ACS'
2021,"CMS DQ Atlas, Race and Ethnicity topic (TAF R1 vs ACS 5-yr)",enrollees,"TAF Annual DE file, non-dummy eligibility records (anyone with a Medicaid or CHIP eligibility record in the calendar year, all benefit scopes, all ages, Medicaid+CHIP); state-reported race/ethnicity only, no imputation; % Hispanic among records with non-missing race/ethnicity (DQ Atlas method from 2021 R1)",Washington,WA,2278131.0,492649.0,23.4,21.625,7.6,no,Low concern,23.2,TAF-DQ-Race-Ethnicity-2021-Release-1.csv,row State=Washington; cols '% Hispanic Beneficiaries in TAF/ACS'
2021,"CMS DQ Atlas, Race and Ethnicity topic (TAF R1 vs ACS 5-yr)",enrollees,"TAF Annual DE file, non-dummy eligibility records (anyone with a Medicaid or CHIP eligibility record in the calendar year, all benefit scopes, all ages, Medicaid+CHIP); state-reported race/ethnicity only, no imputation; % Hispanic among records with non-missing race/ethnicity (DQ Atlas method from 2021 R1)",West Virginia,WV,677752.0,0.0,0.0,0.0,17.5,no,Medium concern,1.9,TAF-DQ-Race-Ethnicity-2021-Release-1.csv,row State=West Virginia; cols '% Hispanic Beneficiaries in TAF/ACS'
2021,"CMS DQ Atlas, Race and Ethnicity topic (TAF R1 vs ACS 5-yr)",enrollees,"TAF Annual DE file, non-dummy eligibility records (anyone with a Medicaid or CHIP eligibility record in the calendar year, all benefit scopes, all ages, Medicaid+CHIP); state-reported race/ethnicity only, no imputation; % Hispanic among records with non-missing race/ethnicity (DQ Atlas method from 2021 R1)",Wisconsin,WI,1519807.0,177557.0,13.2,11.683,11.5,no,Medium concern,12.9,TAF-DQ-Race-Ethnicity-2021-Release-1.csv,row State=Wisconsin; cols '% Hispanic Beneficiaries in TAF/ACS'
2021,"CMS DQ Atlas, Race and Ethnicity topic (TAF R1 vs ACS 5-yr)",enrollees,"TAF Annual DE file, non-dummy eligibility records (anyone with a Medicaid or CHIP eligibility record in the calendar year, all benefit scopes, all ages, Medicaid+CHIP); state-reported race/ethnicity only, no imputation; % Hispanic among records with non-missing race/ethnicity (DQ Atlas method from 2021 R1)",Wyoming,WY,87866.0,7561.0,11.6,8.606,25.8,no,High concern,15.1,TAF-DQ-Race-Ethnicity-2021-Release-1.csv,row State=Wyoming; cols '% Hispanic Beneficiaries in TAF/ACS'
2022,"CMS DQ Atlas, Race and Ethnicity topic (TAF R1 vs ACS 5-yr)",enrollees,"TAF Annual DE file, non-dummy eligibility records (anyone with a Medicaid or CHIP eligibility record in the calendar year, all benefit scopes, all ages, Medicaid+CHIP); state-reported race/ethnicity only, no imputation; % Hispanic among records with non-missing race/ethnicity (DQ Atlas method from 2021 R1)",Alabama,AL,1490202.0,61932.0,5.1,4.156,18.5,no,Medium concern,7.1,TAF-DQ-Race-Ethnicity-2022-Release-1.csv,row State=Alabama; cols '% Hispanic Beneficiaries in TAF/ACS'
2022,"CMS DQ Atlas, Race and Ethnicity topic (TAF R1 vs ACS 5-yr)",enrollees,"TAF Annual DE file, non-dummy eligibility records (anyone with a Medicaid or CHIP eligibility record in the calendar year, all benefit scopes, all ages, Medicaid+CHIP); state-reported race/ethnicity only, no imputation; % Hispanic among records with non-missing race/ethnicity (DQ Atlas method from 2021 R1)",Alaska,AK,282800.0,7355.0,2.8,2.601,7.1,no,Low concern,7.9,TAF-DQ-Race-Ethnicity-2022-Release-1.csv,row State=Alaska; cols '% Hispanic Beneficiaries in TAF/ACS'
2022,"CMS DQ Atlas, Race and Ethnicity topic (TAF R1 vs ACS 5-yr)",enrollees,"TAF Annual DE file, non-dummy eligibility records (anyone with a Medicaid or CHIP eligibility record in the calendar year, all benefit scopes, all ages, Medicaid+CHIP); state-reported race/ethnicity only, no imputation; % Hispanic among records with non-missing race/ethnicity (DQ Atlas method from 2021 R1)",Arizona,AZ,2608112.0,344267.0,16.1,13.2,18.0,no,High concern,46.9,TAF-DQ-Race-Ethnicity-2022-Release-1.csv,row State=Arizona; cols '% Hispanic Beneficiaries in TAF/ACS'
2022,"CMS DQ Atlas, Race and Ethnicity topic (TAF R1 vs ACS 5-yr)",enrollees,"TAF Annual DE file, non-dummy eligibility records (anyone with a Medicaid or CHIP eligibility record in the calendar year, all benefit scopes, all ages, Medicaid+CHIP); state-reported race/ethnicity only, no imputation; % Hispanic among records with non-missing race/ethnicity (DQ Atlas method from 2021 R1)",Arkansas,AR,1215081.0,72288.0,6.7,5.949,11.2,no,Medium concern,9.4,TAF-DQ-Race-Ethnicity-2022-Release-1.csv,row State=Arkansas; cols '% Hispanic Beneficiaries in TAF/ACS'
2022,"CMS DQ Atlas, Race and Ethnicity topic (TAF R1 vs ACS 5-yr)",enrollees,"TAF Annual DE file, non-dummy eligibility records (anyone with a Medicaid or CHIP eligibility record in the calendar year, all benefit scopes, all ages, Medicaid+CHIP); state-reported race/ethnicity only, no imputation; % Hispanic among records with non-missing race/ethnicity (DQ Atlas method from 2021 R1)",California,CA,17136904.0,8846586.0,58.8,51.623,12.2,no,Medium concern,55.8,TAF-DQ-Race-Ethnicity-2022-Release-1.csv,row State=California; cols '% Hispanic Beneficiaries in TAF/ACS'
2022,"CMS DQ Atlas, Race and Ethnicity topic (TAF R1 vs ACS 5-yr)",enrollees,"TAF Annual DE file, non-dummy eligibility records (anyone with a Medicaid or CHIP eligibility record in the calendar year, all benefit scopes, all ages, Medicaid+CHIP); state-reported race/ethnicity only, no imputation; % Hispanic among records with non-missing race/ethnicity (DQ Atlas method from 2021 R1)",Colorado,CO,1852881.0,631325.0,38.3,34.073,11.0,no,Medium concern,37.5,TAF-DQ-Race-Ethnicity-2022-Release-1.csv,row State=Colorado; cols '% Hispanic Beneficiaries in TAF/ACS'
2022,"CMS DQ Atlas, Race and Ethnicity topic (TAF R1 vs ACS 5-yr)",enrollees,"TAF Annual DE file, non-dummy eligibility records (anyone with a Medicaid or CHIP eligibility record in the calendar year, all benefit scopes, all ages, Medicaid+CHIP); state-reported race/ethnicity only, no imputation; % Hispanic among records with non-missing race/ethnicity (DQ Atlas method from 2021 R1)",Connecticut,CT,1316168.0,252036.0,26.6,19.149,28.0,no,High concern,32.7,TAF-DQ-Race-Ethnicity-2022-Release-1.csv,row State=Connecticut; cols '% Hispanic Beneficiaries in TAF/ACS'
2022,"CMS DQ Atlas, Race and Ethnicity topic (TAF R1 vs ACS 5-yr)",enrollees,"TAF Annual DE file, non-dummy eligibility records (anyone with a Medicaid or CHIP eligibility record in the calendar year, all benefit scopes, all ages, Medicaid+CHIP); state-reported race/ethnicity only, no imputation; % Hispanic among records with non-missing race/ethnicity (DQ Atlas method from 2021 R1)",Delaware,DE,333836.0,60422.0,18.1,18.099,0.0,no,Low concern,16.5,TAF-DQ-Race-Ethnicity-2022-Release-1.csv,row State=Delaware; cols '% Hispanic Beneficiaries in TAF/ACS'
2022,"CMS DQ Atlas, Race and Ethnicity topic (TAF R1 vs ACS 5-yr)",enrollees,"TAF Annual DE file, non-dummy eligibility records (anyone with a Medicaid or CHIP eligibility record in the calendar year, all benefit scopes, all ages, Medicaid+CHIP); state-reported race/ethnicity only, no imputation; % Hispanic among records with non-missing race/ethnicity (DQ Atlas method from 2021 R1)",District of Columbia,DC,311748.0,9952.0,4.7,3.192,32.1,no,High concern,11.5,TAF-DQ-Race-Ethnicity-2022-Release-1.csv,row State=District of Columbia; cols '% Hispanic Beneficiaries in TAF/ACS'
2022,"CMS DQ Atlas, Race and Ethnicity topic (TAF R1 vs ACS 5-yr)",enrollees,"TAF Annual DE file, non-dummy eligibility records (anyone with a Medicaid or CHIP eligibility record in the calendar year, all benefit scopes, all ages, Medicaid+CHIP); state-reported race/ethnicity only, no imputation; % Hispanic among records with non-missing race/ethnicity (DQ Atlas method from 2021 R1)",Florida,FL,5952930.0,2050444.0,41.0,34.444,16.0,no,Medium concern,34.0,TAF-DQ-Race-Ethnicity-2022-Release-1.csv,row State=Florida; cols '% Hispanic Beneficiaries in TAF/ACS'
2022,"CMS DQ Atlas, Race and Ethnicity topic (TAF R1 vs ACS 5-yr)",enrollees,"TAF Annual DE file, non-dummy eligibility records (anyone with a Medicaid or CHIP eligibility record in the calendar year, all benefit scopes, all ages, Medicaid+CHIP); state-reported race/ethnicity only, no imputation; % Hispanic among records with non-missing race/ethnicity (DQ Atlas method from 2021 R1)",Georgia,GA,2959303.0,132840.0,5.0,4.489,10.2,no,Medium concern,13.3,TAF-DQ-Race-Ethnicity-2022-Release-1.csv,row State=Georgia; cols '% Hispanic Beneficiaries in TAF/ACS'
2022,"CMS DQ Atlas, Race and Ethnicity topic (TAF R1 vs ACS 5-yr)",enrollees,"TAF Annual DE file, non-dummy eligibility records (anyone with a Medicaid or CHIP eligibility record in the calendar year, all benefit scopes, all ages, Medicaid+CHIP); state-reported race/ethnicity only, no imputation; % Hispanic among records with non-missing race/ethnicity (DQ Atlas method from 2021 R1)",Guam,GU,,,,,,no,Unclassified,,TAF-DQ-Race-Ethnicity-2022-Release-1.csv,row State=Guam; cols '% Hispanic Beneficiaries in TAF/ACS'
2022,"CMS DQ Atlas, Race and Ethnicity topic (TAF R1 vs ACS 5-yr)",enrollees,"TAF Annual DE file, non-dummy eligibility records (anyone with a Medicaid or CHIP eligibility record in the calendar year, all benefit scopes, all ages, Medicaid+CHIP); state-reported race/ethnicity only, no imputation; % Hispanic among records with non-missing race/ethnicity (DQ Atlas method from 2021 R1)",Hawaii,HI,490007.0,27717.0,7.9,5.656,28.4,no,High concern,15.8,TAF-DQ-Race-Ethnicity-2022-Release-1.csv,row State=Hawaii; cols '% Hispanic Beneficiaries in TAF/ACS'
2022,"CMS DQ Atlas, Race and Ethnicity topic (TAF R1 vs ACS 5-yr)",enrollees,"TAF Annual DE file, non-dummy eligibility records (anyone with a Medicaid or CHIP eligibility record in the calendar year, all benefit scopes, all ages, Medicaid+CHIP); state-reported race/ethnicity only, no imputation; % Hispanic among records with non-missing race/ethnicity (DQ Atlas method from 2021 R1)",Idaho,ID,509322.0,53833.0,10.9,10.57,3.0,no,Medium concern,19.9,TAF-DQ-Race-Ethnicity-2022-Release-1.csv,row State=Idaho; cols '% Hispanic Beneficiaries in TAF/ACS'
2022,"CMS DQ Atlas, Race and Ethnicity topic (TAF R1 vs ACS 5-yr)",enrollees,"TAF Annual DE file, non-dummy eligibility records (anyone with a Medicaid or CHIP eligibility record in the calendar year, all benefit scopes, all ages, Medicaid+CHIP); state-reported race/ethnicity only, no imputation; % Hispanic among records with non-missing race/ethnicity (DQ Atlas method from 2021 R1)",Illinois,IL,4048003.0,511712.0,14.1,12.641,10.3,no,Medium concern,25.2,TAF-DQ-Race-Ethnicity-2022-Release-1.csv,row State=Illinois; cols '% Hispanic Beneficiaries in TAF/ACS'
2022,"CMS DQ Atlas, Race and Ethnicity topic (TAF R1 vs ACS 5-yr)",enrollees,"TAF Annual DE file, non-dummy eligibility records (anyone with a Medicaid or CHIP eligibility record in the calendar year, all benefit scopes, all ages, Medicaid+CHIP); state-reported race/ethnicity only, no imputation; % Hispanic among records with non-missing race/ethnicity (DQ Atlas method from 2021 R1)",Indiana,IN,2294130.0,284995.0,13.9,12.423,10.6,no,Medium concern,11.0,TAF-DQ-Race-Ethnicity-2022-Release-1.csv,row State=Indiana; cols '% Hispanic Beneficiaries in TAF/ACS'
2022,"CMS DQ Atlas, Race and Ethnicity topic (TAF R1 vs ACS 5-yr)",enrollees,"TAF Annual DE file, non-dummy eligibility records (anyone with a Medicaid or CHIP eligibility record in the calendar year, all benefit scopes, all ages, Medicaid+CHIP); state-reported race/ethnicity only, no imputation; % Hispanic among records with non-missing race/ethnicity (DQ Atlas method from 2021 R1)",Iowa,IA,930534.0,84760.0,12.9,9.109,29.4,no,High concern,11.3,TAF-DQ-Race-Ethnicity-2022-Release-1.csv,row State=Iowa; cols '% Hispanic Beneficiaries in TAF/ACS'
2022,"CMS DQ Atlas, Race and Ethnicity topic (TAF R1 vs ACS 5-yr)",enrollees,"TAF Annual DE file, non-dummy eligibility records (anyone with a Medicaid or CHIP eligibility record in the calendar year, all benefit scopes, all ages, Medicaid+CHIP); state-reported race/ethnicity only, no imputation; % Hispanic among records with non-missing race/ethnicity (DQ Atlas method from 2021 R1)",Kansas,KS,567542.0,165923.0,31.9,29.235,8.4,no,Medium concern,20.9,TAF-DQ-Race-Ethnicity-2022-Release-1.csv,row State=Kansas; cols '% Hispanic Beneficiaries in TAF/ACS'
2022,"CMS DQ Atlas, Race and Ethnicity topic (TAF R1 vs ACS 5-yr)",enrollees,"TAF Annual DE file, non-dummy eligibility records (anyone with a Medicaid or CHIP eligibility record in the calendar year, all benefit scopes, all ages, Medicaid+CHIP); state-reported race/ethnicity only, no imputation; % Hispanic among records with non-missing race/ethnicity (DQ Atlas method from 2021 R1)",Kentucky,KY,1842362.0,1518740.0,93.9,82.434,12.2,no,High concern,5.0,TAF-DQ-Race-Ethnicity-2022-Release-1.csv,row State=Kentucky; cols '% Hispanic Beneficiaries in TAF/ACS'
2022,"CMS DQ Atlas, Race and Ethnicity topic (TAF R1 vs ACS 5-yr)",enrollees,"TAF Annual DE file, non-dummy eligibility records (anyone with a Medicaid or CHIP eligibility record in the calendar year, all benefit scopes, all ages, Medicaid+CHIP); state-reported race/ethnicity only, no imputation; % Hispanic among records with non-missing race/ethnicity (DQ Atlas method from 2021 R1)",Louisiana,LA,2099377.0,561547.0,30.2,26.748,11.4,no,High concern,5.4,TAF-DQ-Race-Ethnicity-2022-Release-1.csv,row State=Louisiana; cols '% Hispanic Beneficiaries in TAF/ACS'
2022,"CMS DQ Atlas, Race and Ethnicity topic (TAF R1 vs ACS 5-yr)",enrollees,"TAF Annual DE file, non-dummy eligibility records (anyone with a Medicaid or CHIP eligibility record in the calendar year, all benefit scopes, all ages, Medicaid+CHIP); state-reported race/ethnicity only, no imputation; % Hispanic among records with non-missing race/ethnicity (DQ Atlas method from 2021 R1)",Maine,ME,480291.0,10949.0,2.6,2.28,12.3,no,Medium concern,2.4,TAF-DQ-Race-Ethnicity-2022-Release-1.csv,row State=Maine; cols '% Hispanic Beneficiaries in TAF/ACS'
2022,"CMS DQ Atlas, Race and Ethnicity topic (TAF R1 vs ACS 5-yr)",enrollees,"TAF Annual DE file, non-dummy eligibility records (anyone with a Medicaid or CHIP eligibility record in the calendar year, all benefit scopes, all ages, Medicaid+CHIP); state-reported race/ethnicity only, no imputation; % Hispanic among records with non-missing race/ethnicity (DQ Atlas method from 2021 R1)",Maryland,MD,1838180.0,297595.0,19.2,16.19,15.7,no,Medium concern,15.1,TAF-DQ-Race-Ethnicity-2022-Release-1.csv,row State=Maryland; cols '% Hispanic Beneficiaries in TAF/ACS'
2022,"CMS DQ Atlas, Race and Ethnicity topic (TAF R1 vs ACS 5-yr)",enrollees,"TAF Annual DE file, non-dummy eligibility records (anyone with a Medicaid or CHIP eligibility record in the calendar year, all benefit scopes, all ages, Medicaid+CHIP); state-reported race/ethnicity only, no imputation; % Hispanic among records with non-missing race/ethnicity (DQ Atlas method from 2021 R1)",Massachusetts,MA,2457463.0,476287.0,29.8,19.381,35.0,no,High concern,27.3,TAF-DQ-Race-Ethnicity-2022-Release-1.csv,row State=Massachusetts; cols '% Hispanic Beneficiaries in TAF/ACS'
2022,"CMS DQ Atlas, Race and Ethnicity topic (TAF R1 vs ACS 5-yr)",enrollees,"TAF Annual DE file, non-dummy eligibility records (anyone with a Medicaid or CHIP eligibility record in the calendar year, all benefit scopes, all ages, Medicaid+CHIP); state-reported race/ethnicity only, no imputation; % Hispanic among records with non-missing race/ethnicity (DQ Atlas method from 2021 R1)",Michigan,MI,3275391.0,208320.0,6.7,6.36,5.1,no,Low concern,7.7,TAF-DQ-Race-Ethnicity-2022-Release-1.csv,row State=Michigan; cols '% Hispanic Beneficiaries in TAF/ACS'
2022,"CMS DQ Atlas, Race and Ethnicity topic (TAF R1 vs ACS 5-yr)",enrollees,"TAF Annual DE file, non-dummy eligibility records (anyone with a Medicaid or CHIP eligibility record in the calendar year, all benefit scopes, all ages, Medicaid+CHIP); state-reported race/ethnicity only, no imputation; % Hispanic among records with non-missing race/ethnicity (DQ Atlas method from 2021 R1)",Minnesota,MN,1489784.0,127404.0,9.9,8.552,13.6,no,Medium concern,9.5,TAF-DQ-Race-Ethnicity-2022-Release-1.csv,row State=Minnesota; cols '% Hispanic Beneficiaries in TAF/ACS'
2022,"CMS DQ Atlas, Race and Ethnicity topic (TAF R1 vs ACS 5-yr)",enrollees,"TAF Annual DE file, non-dummy eligibility records (anyone with a Medicaid or CHIP eligibility record in the calendar year, all benefit scopes, all ages, Medicaid+CHIP); state-reported race/ethnicity only, no imputation; % Hispanic among records with non-missing race/ethnicity (DQ Atlas method from 2021 R1)",Mississippi,MS,925728.0,11914.0,1.5,1.287,14.2,no,Medium concern,3.7,TAF-DQ-Race-Ethnicity-2022-Release-1.csv,row State=Mississippi; cols '% Hispanic Beneficiaries in TAF/ACS'
2022,"CMS DQ Atlas, Race and Ethnicity topic (TAF R1 vs ACS 5-yr)",enrollees,"TAF Annual DE file, non-dummy eligibility records (anyone with a Medicaid or CHIP eligibility record in the calendar year, all benefit scopes, all ages, Medicaid+CHIP); state-reported race/ethnicity only, no imputation; % Hispanic among records with non-missing race/ethnicity (DQ Atlas method from 2021 R1)",Missouri,MO,1559023.0,136846.0,9.6,8.778,8.6,no,Low concern,6.3,TAF-DQ-Race-Ethnicity-2022-Release-1.csv,row State=Missouri; cols '% Hispanic Beneficiaries in TAF/ACS'
2022,"CMS DQ Atlas, Race and Ethnicity topic (TAF R1 vs ACS 5-yr)",enrollees,"TAF Annual DE file, non-dummy eligibility records (anyone with a Medicaid or CHIP eligibility record in the calendar year, all benefit scopes, all ages, Medicaid+CHIP); state-reported race/ethnicity only, no imputation; % Hispanic among records with non-missing race/ethnicity (DQ Atlas method from 2021 R1)",Montana,MT,345375.0,14962.0,4.9,4.332,11.6,no,Medium concern,6.9,TAF-DQ-Race-Ethnicity-2022-Release-1.csv,row State=Montana; cols '% Hispanic Beneficiaries in TAF/ACS'
2022,"CMS DQ Atlas, Race and Ethnicity topic (TAF R1 vs ACS 5-yr)",enrollees,"TAF Annual DE file, non-dummy eligibility records (anyone with a Medicaid or CHIP eligibility record in the calendar year, all benefit scopes, all ages, Medicaid+CHIP); state-reported race/ethnicity only, no imputation; % Hispanic among records with non-missing race/ethnicity (DQ Atlas method from 2021 R1)",Nebraska,NE,424891.0,93403.0,23.2,21.983,5.2,no,Low concern,20.2,TAF-DQ-Race-Ethnicity-2022-Release-1.csv,row State=Nebraska; cols '% Hispanic Beneficiaries in TAF/ACS'
2022,"CMS DQ Atlas, Race and Ethnicity topic (TAF R1 vs ACS 5-yr)",enrollees,"TAF Annual DE file, non-dummy eligibility records (anyone with a Medicaid or CHIP eligibility record in the calendar year, all benefit scopes, all ages, Medicaid+CHIP); state-reported race/ethnicity only, no imputation; % Hispanic among records with non-missing race/ethnicity (DQ Atlas method from 2021 R1)",Nevada,NV,1034785.0,374321.0,37.5,36.174,3.5,no,Low concern,36.8,TAF-DQ-Race-Ethnicity-2022-Release-1.csv,row State=Nevada; cols '% Hispanic Beneficiaries in TAF/ACS'
2022,"CMS DQ Atlas, Race and Ethnicity topic (TAF R1 vs ACS 5-yr)",enrollees,"TAF Annual DE file, non-dummy eligibility records (anyone with a Medicaid or CHIP eligibility record in the calendar year, all benefit scopes, all ages, Medicaid+CHIP); state-reported race/ethnicity only, no imputation; % Hispanic among records with non-missing race/ethnicity (DQ Atlas method from 2021 R1)",New Hampshire,NH,292078.0,18735.0,7.1,6.414,9.7,no,Low concern,7.9,TAF-DQ-Race-Ethnicity-2022-Release-1.csv,row State=New Hampshire; cols '% Hispanic Beneficiaries in TAF/ACS'
2022,"CMS DQ Atlas, Race and Ethnicity topic (TAF R1 vs ACS 5-yr)",enrollees,"TAF Annual DE file, non-dummy eligibility records (anyone with a Medicaid or CHIP eligibility record in the calendar year, all benefit scopes, all ages, Medicaid+CHIP); state-reported race/ethnicity only, no imputation; % Hispanic among records with non-missing race/ethnicity (DQ Atlas method from 2021 R1)",New Jersey,NJ,2374348.0,623060.0,29.8,26.241,11.9,no,Medium concern,34.9,TAF-DQ-Race-Ethnicity-2022-Release-1.csv,row State=New Jersey; cols '% Hispanic Beneficiaries in TAF/ACS'
2022,"CMS DQ Atlas, Race and Ethnicity topic (TAF R1 vs ACS 5-yr)",enrollees,"TAF Annual DE file, non-dummy eligibility records (anyone with a Medicaid or CHIP eligibility record in the calendar year, all benefit scopes, all ages, Medicaid+CHIP); state-reported race/ethnicity only, no imputation; % Hispanic among records with non-missing race/ethnicity (DQ Atlas method from 2021 R1)",New Mexico,NM,1038466.0,573446.0,56.1,55.221,1.6,no,Low concern,59.7,TAF-DQ-Race-Ethnicity-2022-Release-1.csv,row State=New Mexico; cols '% Hispanic Beneficiaries in TAF/ACS'
2022,"CMS DQ Atlas, Race and Ethnicity topic (TAF R1 vs ACS 5-yr)",enrollees,"TAF Annual DE file, non-dummy eligibility records (anyone with a Medicaid or CHIP eligibility record in the calendar year, all benefit scopes, all ages, Medicaid+CHIP); state-reported race/ethnicity only, no imputation; % Hispanic among records with non-missing race/ethnicity (DQ Atlas method from 2021 R1)",New York,NY,8540127.0,1030184.0,20.7,12.063,41.7,no,High concern,29.7,TAF-DQ-Race-Ethnicity-2022-Release-1.csv,row State=New York; cols '% Hispanic Beneficiaries in TAF/ACS'
2022,"CMS DQ Atlas, Race and Ethnicity topic (TAF R1 vs ACS 5-yr)",enrollees,"TAF Annual DE file, non-dummy eligibility records (anyone with a Medicaid or CHIP eligibility record in the calendar year, all benefit scopes, all ages, Medicaid+CHIP); state-reported race/ethnicity only, no imputation; % Hispanic among records with non-missing race/ethnicity (DQ Atlas method from 2021 R1)",North Carolina,NC,3068903.0,441963.0,14.5,14.401,0.7,no,Low concern,15.8,TAF-DQ-Race-Ethnicity-2022-Release-1.csv,row State=North Carolina; cols '% Hispanic Beneficiaries in TAF/ACS'
2022,"CMS DQ Atlas, Race and Ethnicity topic (TAF R1 vs ACS 5-yr)",enrollees,"TAF Annual DE file, non-dummy eligibility records (anyone with a Medicaid or CHIP eligibility record in the calendar year, all benefit scopes, all ages, Medicaid+CHIP); state-reported race/ethnicity only, no imputation; % Hispanic among records with non-missing race/ethnicity (DQ Atlas method from 2021 R1)",North Dakota,ND,143697.0,8723.0,6.1,6.07,0.5,no,Low concern,6.4,TAF-DQ-Race-Ethnicity-2022-Release-1.csv,row State=North Dakota; cols '% Hispanic Beneficiaries in TAF/ACS'
2022,"CMS DQ Atlas, Race and Ethnicity topic (TAF R1 vs ACS 5-yr)",enrollees,"TAF Annual DE file, non-dummy eligibility records (anyone with a Medicaid or CHIP eligibility record in the calendar year, all benefit scopes, all ages, Medicaid+CHIP); state-reported race/ethnicity only, no imputation; % Hispanic among records with non-missing race/ethnicity (DQ Atlas method from 2021 R1)",Ohio,OH,3658929.0,13670.0,0.4,0.374,6.6,no,Low concern,6.4,TAF-DQ-Race-Ethnicity-2022-Release-1.csv,row State=Ohio; cols '% Hispanic Beneficiaries in TAF/ACS'
2022,"CMS DQ Atlas, Race and Ethnicity topic (TAF R1 vs ACS 5-yr)",enrollees,"TAF Annual DE file, non-dummy eligibility records (anyone with a Medicaid or CHIP eligibility record in the calendar year, all benefit scopes, all ages, Medicaid+CHIP); state-reported race/ethnicity only, no imputation; % Hispanic among records with non-missing race/ethnicity (DQ Atlas method from 2021 R1)",Oklahoma,OK,1416766.0,213852.0,16.0,15.094,5.7,no,Low concern,18.3,TAF-DQ-Race-Ethnicity-2022-Release-1.csv,row State=Oklahoma; cols '% Hispanic Beneficiaries in TAF/ACS'
2022,"CMS DQ Atlas, Race and Ethnicity topic (TAF R1 vs ACS 5-yr)",enrollees,"TAF Annual DE file, non-dummy eligibility records (anyone with a Medicaid or CHIP eligibility record in the calendar year, all benefit scopes, all ages, Medicaid+CHIP); state-reported race/ethnicity only, no imputation; % Hispanic among records with non-missing race/ethnicity (DQ Atlas method from 2021 R1)",Oregon,OR,1593232.0,212771.0,17.0,13.355,21.4,no,High concern,21.1,TAF-DQ-Race-Ethnicity-2022-Release-1.csv,row State=Oregon; cols '% Hispanic Beneficiaries in TAF/ACS'
2022,"CMS DQ Atlas, Race and Ethnicity topic (TAF R1 vs ACS 5-yr)",enrollees,"TAF Annual DE file, non-dummy eligibility records (anyone with a Medicaid or CHIP eligibility record in the calendar year, all benefit scopes, all ages, Medicaid+CHIP); state-reported race/ethnicity only, no imputation; % Hispanic among records with non-missing race/ethnicity (DQ Atlas method from 2021 R1)",Pennsylvania,PA,4098914.0,611558.0,16.1,14.92,7.3,no,Low concern,15.8,TAF-DQ-Race-Ethnicity-2022-Release-1.csv,row State=Pennsylvania; cols '% Hispanic Beneficiaries in TAF/ACS'
2022,"CMS DQ Atlas, Race and Ethnicity topic (TAF R1 vs ACS 5-yr)",enrollees,"TAF Annual DE file, non-dummy eligibility records (anyone with a Medicaid or CHIP eligibility record in the calendar year, all benefit scopes, all ages, Medicaid+CHIP); state-reported race/ethnicity only, no imputation; % Hispanic among records with non-missing race/ethnicity (DQ Atlas method from 2021 R1)",Puerto Rico,PR,1613838.0,1376416.0,99.2,85.288,14.0,no,Medium concern,99.1,TAF-DQ-Race-Ethnicity-2022-Release-1.csv,row State=Puerto Rico; cols '% Hispanic Beneficiaries in TAF/ACS'
2022,"CMS DQ Atlas, Race and Ethnicity topic (TAF R1 vs ACS 5-yr)",enrollees,"TAF Annual DE file, non-dummy eligibility records (anyone with a Medicaid or CHIP eligibility record in the calendar year, all benefit scopes, all ages, Medicaid+CHIP); state-reported race/ethnicity only, no imputation; % Hispanic among records with non-missing race/ethnicity (DQ Atlas method from 2021 R1)",Rhode Island,RI,409310.0,74518.0,20.7,18.206,12.1,no,High concern,33.9,TAF-DQ-Race-Ethnicity-2022-Release-1.csv,row State=Rhode Island; cols '% Hispanic Beneficiaries in TAF/ACS'
2022,"CMS DQ Atlas, Race and Ethnicity topic (TAF R1 vs ACS 5-yr)",enrollees,"TAF Annual DE file, non-dummy eligibility records (anyone with a Medicaid or CHIP eligibility record in the calendar year, all benefit scopes, all ages, Medicaid+CHIP); state-reported race/ethnicity only, no imputation; % Hispanic among records with non-missing race/ethnicity (DQ Atlas method from 2021 R1)",South Carolina,SC,1624936.0,43902.0,4.8,2.702,43.7,no,High concern,8.8,TAF-DQ-Race-Ethnicity-2022-Release-1.csv,row State=South Carolina; cols '% Hispanic Beneficiaries in TAF/ACS'
2022,"CMS DQ Atlas, Race and Ethnicity topic (TAF R1 vs ACS 5-yr)",enrollees,"TAF Annual DE file, non-dummy eligibility records (anyone with a Medicaid or CHIP eligibility record in the calendar year, all benefit scopes, all ages, Medicaid+CHIP); state-reported race/ethnicity only, no imputation; % Hispanic among records with non-missing race/ethnicity (DQ Atlas method from 2021 R1)",South Dakota,SD,163468.0,10625.0,6.5,6.5,0.0,no,Low concern,8.6,TAF-DQ-Race-Ethnicity-2022-Release-1.csv,row State=South Dakota; cols '% Hispanic Beneficiaries in TAF/ACS'
2022,"CMS DQ Atlas, Race and Ethnicity topic (TAF R1 vs ACS 5-yr)",enrollees,"TAF Annual DE file, non-dummy eligibility records (anyone with a Medicaid or CHIP eligibility record in the calendar year, all benefit scopes, all ages, Medicaid+CHIP); state-reported race/ethnicity only, no imputation; % Hispanic among records with non-missing race/ethnicity (DQ Atlas method from 2021 R1)",Tennessee,TN,1978395.0,102958.0,6.6,5.204,21.1,no,High concern,8.5,TAF-DQ-Race-Ethnicity-2022-Release-1.csv,row State=Tennessee; cols '% Hispanic Beneficiaries in TAF/ACS'
2022,"CMS DQ Atlas, Race and Ethnicity topic (TAF R1 vs ACS 5-yr)",enrollees,"TAF Annual DE file, non-dummy eligibility records (anyone with a Medicaid or CHIP eligibility record in the calendar year, all benefit scopes, all ages, Medicaid+CHIP); state-reported race/ethnicity only, no imputation; % Hispanic among records with non-missing race/ethnicity (DQ Atlas method from 2021 R1)",Texas,TX,6943371.0,3377304.0,58.0,48.641,16.1,no,Medium concern,54.9,TAF-DQ-Race-Ethnicity-2022-Release-1.csv,row State=Texas; cols '% Hispanic Beneficiaries in TAF/ACS'
2022,"CMS DQ Atlas, Race and Ethnicity topic (TAF R1 vs ACS 5-yr)",enrollees,"TAF Annual DE file, non-dummy eligibility records (anyone with a Medicaid or CHIP eligibility record in the calendar year, all benefit scopes, all ages, Medicaid+CHIP); state-reported race/ethnicity only, no imputation; % Hispanic among records with non-missing race/ethnicity (DQ Atlas method from 2021 R1)",Utah,UT,556025.0,70275.0,27.8,12.639,54.5,no,Unusable,22.1,TAF-DQ-Race-Ethnicity-2022-Release-1.csv,row State=Utah; cols '% Hispanic Beneficiaries in TAF/ACS'
2022,"CMS DQ Atlas, Race and Ethnicity topic (TAF R1 vs ACS 5-yr)",enrollees,"TAF Annual DE file, non-dummy eligibility records (anyone with a Medicaid or CHIP eligibility record in the calendar year, all benefit scopes, all ages, Medicaid+CHIP); state-reported race/ethnicity only, no imputation; % Hispanic among records with non-missing race/ethnicity (DQ Atlas method from 2021 R1)",Vermont,VT,213022.0,1233.0,0.7,0.579,17.3,no,Medium concern,2.3,TAF-DQ-Race-Ethnicity-2022-Release-1.csv,row State=Vermont; cols '% Hispanic Beneficiaries in TAF/ACS'
2022,"CMS DQ Atlas, Race and Ethnicity topic (TAF R1 vs ACS 5-yr)",enrollees,"TAF Annual DE file, non-dummy eligibility records (anyone with a Medicaid or CHIP eligibility record in the calendar year, all benefit scopes, all ages, Medicaid+CHIP); state-reported race/ethnicity only, no imputation; % Hispanic among records with non-missing race/ethnicity (DQ Atlas method from 2021 R1)",Virgin Islands,VI,39253.0,0.0,0.0,0.0,18.3,no,Unclassified,,TAF-DQ-Race-Ethnicity-2022-Release-1.csv,row State=Virgin Islands; cols '% Hispanic Beneficiaries in TAF/ACS'
2022,"CMS DQ Atlas, Race and Ethnicity topic (TAF R1 vs ACS 5-yr)",enrollees,"TAF Annual DE file, non-dummy eligibility records (anyone with a Medicaid or CHIP eligibility record in the calendar year, all benefit scopes, all ages, Medicaid+CHIP); state-reported race/ethnicity only, no imputation; % Hispanic among records with non-missing race/ethnicity (DQ Atlas method from 2021 R1)",Virginia,VA,2235496.0,79915.0,3.8,3.575,5.9,no,Medium concern,12.5,TAF-DQ-Race-Ethnicity-2022-Release-1.csv,row State=Virginia; cols '% Hispanic Beneficiaries in TAF/ACS'
2022,"CMS DQ Atlas, Race and Ethnicity topic (TAF R1 vs ACS 5-yr)",enrollees,"TAF Annual DE file, non-dummy eligibility records (anyone with a Medicaid or CHIP eligibility record in the calendar year, all benefit scopes, all ages, Medicaid+CHIP); state-reported race/ethnicity only, no imputation; % Hispanic among records with non-missing race/ethnicity (DQ Atlas method from 2021 R1)",Washington,WA,2414579.0,524135.0,23.7,21.707,8.4,no,Low concern,23.3,TAF-DQ-Race-Ethnicity-2022-Release-1.csv,row State=Washington; cols '% Hispanic Beneficiaries in TAF/ACS'
2022,"CMS DQ Atlas, Race and Ethnicity topic (TAF R1 vs ACS 5-yr)",enrollees,"TAF Annual DE file, non-dummy eligibility records (anyone with a Medicaid or CHIP eligibility record in the calendar year, all benefit scopes, all ages, Medicaid+CHIP); state-reported race/ethnicity only, no imputation; % Hispanic among records with non-missing race/ethnicity (DQ Atlas method from 2021 R1)",West Virginia,WV,711739.0,0.0,0.0,0.0,17.6,no,Medium concern,2.0,TAF-DQ-Race-Ethnicity-2022-Release-1.csv,row State=West Virginia; cols '% Hispanic Beneficiaries in TAF/ACS'
2022,"CMS DQ Atlas, Race and Ethnicity topic (TAF R1 vs ACS 5-yr)",enrollees,"TAF Annual DE file, non-dummy eligibility records (anyone with a Medicaid or CHIP eligibility record in the calendar year, all benefit scopes, all ages, Medicaid+CHIP); state-reported race/ethnicity only, no imputation; % Hispanic among records with non-missing race/ethnicity (DQ Atlas method from 2021 R1)",Wisconsin,WI,1617693.0,194266.0,13.6,12.009,11.7,no,Medium concern,12.6,TAF-DQ-Race-Ethnicity-2022-Release-1.csv,row State=Wisconsin; cols '% Hispanic Beneficiaries in TAF/ACS'
2022,"CMS DQ Atlas, Race and Ethnicity topic (TAF R1 vs ACS 5-yr)",enrollees,"TAF Annual DE file, non-dummy eligibility records (anyone with a Medicaid or CHIP eligibility record in the calendar year, all benefit scopes, all ages, Medicaid+CHIP); state-reported race/ethnicity only, no imputation; % Hispanic among records with non-missing race/ethnicity (DQ Atlas method from 2021 R1)",Wyoming,WY,97003.0,8167.0,12.0,8.419,29.8,no,High concern,16.3,TAF-DQ-Race-Ethnicity-2022-Release-1.csv,row State=Wyoming; cols '% Hispanic Beneficiaries in TAF/ACS'
2023,"CMS DQ Atlas, Race and Ethnicity topic (TAF R1 vs ACS 5-yr)",enrollees,"TAF Annual DE file, non-dummy eligibility records (anyone with a Medicaid or CHIP eligibility record in the calendar year, all benefit scopes, all ages, Medicaid+CHIP); state-reported race/ethnicity only, no imputation; % Hispanic among records with non-missing race/ethnicity (DQ Atlas method from 2021 R1)",Alabama,AL,1591078.0,71834.0,5.5,4.515,17.9,no,Medium concern,7.9,TAF-DQ-Race-Ethnicity-2023-Release-1.csv,row State=Alabama; cols '% Hispanic Beneficiaries in TAF/ACS'
2023,"CMS DQ Atlas, Race and Ethnicity topic (TAF R1 vs ACS 5-yr)",enrollees,"TAF Annual DE file, non-dummy eligibility records (anyone with a Medicaid or CHIP eligibility record in the calendar year, all benefit scopes, all ages, Medicaid+CHIP); state-reported race/ethnicity only, no imputation; % Hispanic among records with non-missing race/ethnicity (DQ Atlas method from 2021 R1)",Alaska,AK,293712.0,7631.0,2.8,2.598,7.2,no,Low concern,8.0,TAF-DQ-Race-Ethnicity-2023-Release-1.csv,row State=Alaska; cols '% Hispanic Beneficiaries in TAF/ACS'
2023,"CMS DQ Atlas, Race and Ethnicity topic (TAF R1 vs ACS 5-yr)",enrollees,"TAF Annual DE file, non-dummy eligibility records (anyone with a Medicaid or CHIP eligibility record in the calendar year, all benefit scopes, all ages, Medicaid+CHIP); state-reported race/ethnicity only, no imputation; % Hispanic among records with non-missing race/ethnicity (DQ Atlas method from 2021 R1)",Arizona,AZ,2764757.0,365576.0,16.0,13.223,17.4,no,High concern,45.5,TAF-DQ-Race-Ethnicity-2023-Release-1.csv,row State=Arizona; cols '% Hispanic Beneficiaries in TAF/ACS'
2023,"CMS DQ Atlas, Race and Ethnicity topic (TAF R1 vs ACS 5-yr)",enrollees,"TAF Annual DE file, non-dummy eligibility records (anyone with a Medicaid or CHIP eligibility record in the calendar year, all benefit scopes, all ages, Medicaid+CHIP); state-reported race/ethnicity only, no imputation; % Hispanic among records with non-missing race/ethnicity (DQ Atlas method from 2021 R1)",Arkansas,AR,1269318.0,79931.0,7.2,6.297,12.5,no,Medium concern,10.3,TAF-DQ-Race-Ethnicity-2023-Release-1.csv,row State=Arkansas; cols '% Hispanic Beneficiaries in TAF/ACS'
2023,"CMS DQ Atlas, Race and Ethnicity topic (TAF R1 vs ACS 5-yr)",enrollees,"TAF Annual DE file, non-dummy eligibility records (anyone with a Medicaid or CHIP eligibility record in the calendar year, all benefit scopes, all ages, Medicaid+CHIP); state-reported race/ethnicity only, no imputation; % Hispanic among records with non-missing race/ethnicity (DQ Atlas method from 2021 R1)",California,CA,18213378.0,9404631.0,59.3,51.636,12.9,no,Medium concern,55.7,TAF-DQ-Race-Ethnicity-2023-Release-1.csv,row State=California; cols '% Hispanic Beneficiaries in TAF/ACS'
2023,"CMS DQ Atlas, Race and Ethnicity topic (TAF R1 vs ACS 5-yr)",enrollees,"TAF Annual DE file, non-dummy eligibility records (anyone with a Medicaid or CHIP eligibility record in the calendar year, all benefit scopes, all ages, Medicaid+CHIP); state-reported race/ethnicity only, no imputation; % Hispanic among records with non-missing race/ethnicity (DQ Atlas method from 2021 R1)",Colorado,CO,1975010.0,697638.0,39.2,35.323,9.9,no,Low concern,37.4,TAF-DQ-Race-Ethnicity-2023-Release-1.csv,row State=Colorado; cols '% Hispanic Beneficiaries in TAF/ACS'
2023,"CMS DQ Atlas, Race and Ethnicity topic (TAF R1 vs ACS 5-yr)",enrollees,"TAF Annual DE file, non-dummy eligibility records (anyone with a Medicaid or CHIP eligibility record in the calendar year, all benefit scopes, all ages, Medicaid+CHIP); state-reported race/ethnicity only, no imputation; % Hispanic among records with non-missing race/ethnicity (DQ Atlas method from 2021 R1)",Connecticut,CT,1370958.0,262248.0,26.6,19.129,28.1,no,High concern,33.2,TAF-DQ-Race-Ethnicity-2023-Release-1.csv,row State=Connecticut; cols '% Hispanic Beneficiaries in TAF/ACS'
2023,"CMS DQ Atlas, Race and Ethnicity topic (TAF R1 vs ACS 5-yr)",enrollees,"TAF Annual DE file, non-dummy eligibility records (anyone with a Medicaid or CHIP eligibility record in the calendar year, all benefit scopes, all ages, Medicaid+CHIP); state-reported race/ethnicity only, no imputation; % Hispanic among records with non-missing race/ethnicity (DQ Atlas method from 2021 R1)",Delaware,DE,357746.0,66181.0,18.5,18.499,0.0,no,Low concern,17.8,TAF-DQ-Race-Ethnicity-2023-Release-1.csv,row State=Delaware; cols '% Hispanic Beneficiaries in TAF/ACS'
2023,"CMS DQ Atlas, Race and Ethnicity topic (TAF R1 vs ACS 5-yr)",enrollees,"TAF Annual DE file, non-dummy eligibility records (anyone with a Medicaid or CHIP eligibility record in the calendar year, all benefit scopes, all ages, Medicaid+CHIP); state-reported race/ethnicity only, no imputation; % Hispanic among records with non-missing race/ethnicity (DQ Atlas method from 2021 R1)",District of Columbia,DC,327930.0,11161.0,5.0,3.404,31.9,no,High concern,12.0,TAF-DQ-Race-Ethnicity-2023-Release-1.csv,row State=District of Columbia; cols '% Hispanic Beneficiaries in TAF/ACS'
2023,"CMS DQ Atlas, Race and Ethnicity topic (TAF R1 vs ACS 5-yr)",enrollees,"TAF Annual DE file, non-dummy eligibility records (anyone with a Medicaid or CHIP eligibility record in the calendar year, all benefit scopes, all ages, Medicaid+CHIP); state-reported race/ethnicity only, no imputation; % Hispanic among records with non-missing race/ethnicity (DQ Atlas method from 2021 R1)",Florida,FL,6525738.0,2261383.0,42.0,34.653,17.5,no,Medium concern,34.3,TAF-DQ-Race-Ethnicity-2023-Release-1.csv,row State=Florida; cols '% Hispanic Beneficiaries in TAF/ACS'
2023,"CMS DQ Atlas, Race and Ethnicity topic (TAF R1 vs ACS 5-yr)",enrollees,"TAF Annual DE file, non-dummy eligibility records (anyone with a Medicaid or CHIP eligibility record in the calendar year, all benefit scopes, all ages, Medicaid+CHIP); state-reported race/ethnicity only, no imputation; % Hispanic among records with non-missing race/ethnicity (DQ Atlas method from 2021 R1)",Georgia,GA,3129405.0,167950.0,6.0,5.367,10.6,no,Medium concern,14.1,TAF-DQ-Race-Ethnicity-2023-Release-1.csv,row State=Georgia; cols '% Hispanic Beneficiaries in TAF/ACS'
2023,"CMS DQ Atlas, Race and Ethnicity topic (TAF R1 vs ACS 5-yr)",enrollees,"TAF Annual DE file, non-dummy eligibility records (anyone with a Medicaid or CHIP eligibility record in the calendar year, all benefit scopes, all ages, Medicaid+CHIP); state-reported race/ethnicity only, no imputation; % Hispanic among records with non-missing race/ethnicity (DQ Atlas method from 2021 R1)",Guam,GU,51588.0,52.0,0.1,0.1,0.1,no,Unclassified,,TAF-DQ-Race-Ethnicity-2023-Release-1.csv,row State=Guam; cols '% Hispanic Beneficiaries in TAF/ACS'
2023,"CMS DQ Atlas, Race and Ethnicity topic (TAF R1 vs ACS 5-yr)",enrollees,"TAF Annual DE file, non-dummy eligibility records (anyone with a Medicaid or CHIP eligibility record in the calendar year, all benefit scopes, all ages, Medicaid+CHIP); state-reported race/ethnicity only, no imputation; % Hispanic among records with non-missing race/ethnicity (DQ Atlas method from 2021 R1)",Hawaii,HI,512436.0,29596.0,8.2,5.775,29.6,no,High concern,13.8,TAF-DQ-Race-Ethnicity-2023-Release-1.csv,row State=Hawaii; cols '% Hispanic Beneficiaries in TAF/ACS'
2023,"CMS DQ Atlas, Race and Ethnicity topic (TAF R1 vs ACS 5-yr)",enrollees,"TAF Annual DE file, non-dummy eligibility records (anyone with a Medicaid or CHIP eligibility record in the calendar year, all benefit scopes, all ages, Medicaid+CHIP); state-reported race/ethnicity only, no imputation; % Hispanic among records with non-missing race/ethnicity (DQ Atlas method from 2021 R1)",Idaho,ID,537533.0,63491.0,12.3,11.812,4.0,no,Low concern,19.5,TAF-DQ-Race-Ethnicity-2023-Release-1.csv,row State=Idaho; cols '% Hispanic Beneficiaries in TAF/ACS'
2023,"CMS DQ Atlas, Race and Ethnicity topic (TAF R1 vs ACS 5-yr)",enrollees,"TAF Annual DE file, non-dummy eligibility records (anyone with a Medicaid or CHIP eligibility record in the calendar year, all benefit scopes, all ages, Medicaid+CHIP); state-reported race/ethnicity only, no imputation; % Hispanic among records with non-missing race/ethnicity (DQ Atlas method from 2021 R1)",Illinois,IL,4263247.0,531995.0,14.1,12.479,11.5,no,Medium concern,25.7,TAF-DQ-Race-Ethnicity-2023-Release-1.csv,row State=Illinois; cols '% Hispanic Beneficiaries in TAF/ACS'
2023,"CMS DQ Atlas, Race and Ethnicity topic (TAF R1 vs ACS 5-yr)",enrollees,"TAF Annual DE file, non-dummy eligibility records (anyone with a Medicaid or CHIP eligibility record in the calendar year, all benefit scopes, all ages, Medicaid+CHIP); state-reported race/ethnicity only, no imputation; % Hispanic among records with non-missing race/ethnicity (DQ Atlas method from 2021 R1)",Indiana,IN,2469668.0,317799.0,14.3,12.868,10.0,no,Medium concern,12.1,TAF-DQ-Race-Ethnicity-2023-Release-1.csv,row State=Indiana; cols '% Hispanic Beneficiaries in TAF/ACS'
2023,"CMS DQ Atlas, Race and Ethnicity topic (TAF R1 vs ACS 5-yr)",enrollees,"TAF Annual DE file, non-dummy eligibility records (anyone with a Medicaid or CHIP eligibility record in the calendar year, all benefit scopes, all ages, Medicaid+CHIP); state-reported race/ethnicity only, no imputation; % Hispanic among records with non-missing race/ethnicity (DQ Atlas method from 2021 R1)",Iowa,IA,977250.0,90700.0,13.1,9.281,29.2,no,High concern,11.6,TAF-DQ-Race-Ethnicity-2023-Release-1.csv,row State=Iowa; cols '% Hispanic Beneficiaries in TAF/ACS'
2023,"CMS DQ Atlas, Race and Ethnicity topic (TAF R1 vs ACS 5-yr)",enrollees,"TAF Annual DE file, non-dummy eligibility records (anyone with a Medicaid or CHIP eligibility record in the calendar year, all benefit scopes, all ages, Medicaid+CHIP); state-reported race/ethnicity only, no imputation; % Hispanic among records with non-missing race/ethnicity (DQ Atlas method from 2021 R1)",Kansas,KS,596297.0,196782.0,35.7,33.001,7.6,no,Medium concern,21.7,TAF-DQ-Race-Ethnicity-2023-Release-1.csv,row State=Kansas; cols '% Hispanic Beneficiaries in TAF/ACS'
2023,"CMS DQ Atlas, Race and Ethnicity topic (TAF R1 vs ACS 5-yr)",enrollees,"TAF Annual DE file, non-dummy eligibility records (anyone with a Medicaid or CHIP eligibility record in the calendar year, all benefit scopes, all ages, Medicaid+CHIP); state-reported race/ethnicity only, no imputation; % Hispanic among records with non-missing race/ethnicity (DQ Atlas method from 2021 R1)",Kentucky,KY,1882894.0,1563300.0,93.5,83.026,11.2,no,High concern,6.0,TAF-DQ-Race-Ethnicity-2023-Release-1.csv,row State=Kentucky; cols '% Hispanic Beneficiaries in TAF/ACS'
2023,"CMS DQ Atlas, Race and Ethnicity topic (TAF R1 vs ACS 5-yr)",enrollees,"TAF Annual DE file, non-dummy eligibility records (anyone with a Medicaid or CHIP eligibility record in the calendar year, all benefit scopes, all ages, Medicaid+CHIP); state-reported race/ethnicity only, no imputation; % Hispanic among records with non-missing race/ethnicity (DQ Atlas method from 2021 R1)",Louisiana,LA,2184346.0,631919.0,32.7,28.929,11.5,no,High concern,6.7,TAF-DQ-Race-Ethnicity-2023-Release-1.csv,row State=Louisiana; cols '% Hispanic Beneficiaries in TAF/ACS'
2023,"CMS DQ Atlas, Race and Ethnicity topic (TAF R1 vs ACS 5-yr)",enrollees,"TAF Annual DE file, non-dummy eligibility records (anyone with a Medicaid or CHIP eligibility record in the calendar year, all benefit scopes, all ages, Medicaid+CHIP); state-reported race/ethnicity only, no imputation; % Hispanic among records with non-missing race/ethnicity (DQ Atlas method from 2021 R1)",Maine,ME,506633.0,12805.0,2.9,2.528,12.8,no,Medium concern,2.6,TAF-DQ-Race-Ethnicity-2023-Release-1.csv,row State=Maine; cols '% Hispanic Beneficiaries in TAF/ACS'
2023,"CMS DQ Atlas, Race and Ethnicity topic (TAF R1 vs ACS 5-yr)",enrollees,"TAF Annual DE file, non-dummy eligibility records (anyone with a Medicaid or CHIP eligibility record in the calendar year, all benefit scopes, all ages, Medicaid+CHIP); state-reported race/ethnicity only, no imputation; % Hispanic among records with non-missing race/ethnicity (DQ Atlas method from 2021 R1)",Maryland,MD,1941603.0,332843.0,19.8,17.143,13.4,no,Medium concern,16.7,TAF-DQ-Race-Ethnicity-2023-Release-1.csv,row State=Maryland; cols '% Hispanic Beneficiaries in TAF/ACS'
2023,"CMS DQ Atlas, Race and Ethnicity topic (TAF R1 vs ACS 5-yr)",enrollees,"TAF Annual DE file, non-dummy eligibility records (anyone with a Medicaid or CHIP eligibility record in the calendar year, all benefit scopes, all ages, Medicaid+CHIP); state-reported race/ethnicity only, no imputation; % Hispanic among records with non-missing race/ethnicity (DQ Atlas method from 2021 R1)",Massachusetts,MA,2685490.0,622183.0,33.7,23.168,31.3,no,High concern,27.6,TAF-DQ-Race-Ethnicity-2023-Release-1.csv,row State=Massachusetts; cols '% Hispanic Beneficiaries in TAF/ACS'
2023,"CMS DQ Atlas, Race and Ethnicity topic (TAF R1 vs ACS 5-yr)",enrollees,"TAF Annual DE file, non-dummy eligibility records (anyone with a Medicaid or CHIP eligibility record in the calendar year, all benefit scopes, all ages, Medicaid+CHIP); state-reported race/ethnicity only, no imputation; % Hispanic among records with non-missing race/ethnicity (DQ Atlas method from 2021 R1)",Michigan,MI,3484140.0,234548.0,7.1,6.732,5.2,no,Low concern,7.9,TAF-DQ-Race-Ethnicity-2023-Release-1.csv,row State=Michigan; cols '% Hispanic Beneficiaries in TAF/ACS'
2023,"CMS DQ Atlas, Race and Ethnicity topic (TAF R1 vs ACS 5-yr)",enrollees,"TAF Annual DE file, non-dummy eligibility records (anyone with a Medicaid or CHIP eligibility record in the calendar year, all benefit scopes, all ages, Medicaid+CHIP); state-reported race/ethnicity only, no imputation; % Hispanic among records with non-missing race/ethnicity (DQ Atlas method from 2021 R1)",Minnesota,MN,1590987.0,144934.0,10.9,9.11,16.4,no,Medium concern,10.1,TAF-DQ-Race-Ethnicity-2023-Release-1.csv,row State=Minnesota; cols '% Hispanic Beneficiaries in TAF/ACS'
2023,"CMS DQ Atlas, Race and Ethnicity topic (TAF R1 vs ACS 5-yr)",enrollees,"TAF Annual DE file, non-dummy eligibility records (anyone with a Medicaid or CHIP eligibility record in the calendar year, all benefit scopes, all ages, Medicaid+CHIP); state-reported race/ethnicity only, no imputation; % Hispanic among records with non-missing race/ethnicity (DQ Atlas method from 2021 R1)",Mississippi,MS,963689.0,36224.0,4.3,3.759,12.6,no,Medium concern,4.1,TAF-DQ-Race-Ethnicity-2023-Release-1.csv,row State=Mississippi; cols '% Hispanic Beneficiaries in TAF/ACS'
2023,"CMS DQ Atlas, Race and Ethnicity topic (TAF R1 vs ACS 5-yr)",enrollees,"TAF Annual DE file, non-dummy eligibility records (anyone with a Medicaid or CHIP eligibility record in the calendar year, all benefit scopes, all ages, Medicaid+CHIP); state-reported race/ethnicity only, no imputation; % Hispanic among records with non-missing race/ethnicity (DQ Atlas method from 2021 R1)",Missouri,MO,1731242.0,151257.0,9.6,8.737,9.0,no,Low concern,6.9,TAF-DQ-Race-Ethnicity-2023-Release-1.csv,row State=Missouri; cols '% Hispanic Beneficiaries in TAF/ACS'
2023,"CMS DQ Atlas, Race and Ethnicity topic (TAF R1 vs ACS 5-yr)",enrollees,"TAF Annual DE file, non-dummy eligibility records (anyone with a Medicaid or CHIP eligibility record in the calendar year, all benefit scopes, all ages, Medicaid+CHIP); state-reported race/ethnicity only, no imputation; % Hispanic among records with non-missing race/ethnicity (DQ Atlas method from 2021 R1)",Montana,MT,362948.0,16830.0,5.2,4.637,10.8,no,Medium concern,7.0,TAF-DQ-Race-Ethnicity-2023-Release-1.csv,row State=Montana; cols '% Hispanic Beneficiaries in TAF/ACS'
2023,"CMS DQ Atlas, Race and Ethnicity topic (TAF R1 vs ACS 5-yr)",enrollees,"TAF Annual DE file, non-dummy eligibility records (anyone with a Medicaid or CHIP eligibility record in the calendar year, all benefit scopes, all ages, Medicaid+CHIP); state-reported race/ethnicity only, no imputation; % Hispanic among records with non-missing race/ethnicity (DQ Atlas method from 2021 R1)",Nebraska,NE,456031.0,103074.0,23.8,22.603,5.0,no,Low concern,20.2,TAF-DQ-Race-Ethnicity-2023-Release-1.csv,row State=Nebraska; cols '% Hispanic Beneficiaries in TAF/ACS'
2023,"CMS DQ Atlas, Race and Ethnicity topic (TAF R1 vs ACS 5-yr)",enrollees,"TAF Annual DE file, non-dummy eligibility records (anyone with a Medicaid or CHIP eligibility record in the calendar year, all benefit scopes, all ages, Medicaid+CHIP); state-reported race/ethnicity only, no imputation; % Hispanic among records with non-missing race/ethnicity (DQ Atlas method from 2021 R1)",Nevada,NV,1069688.0,398153.0,38.6,37.221,3.6,no,Low concern,36.7,TAF-DQ-Race-Ethnicity-2023-Release-1.csv,row State=Nevada; cols '% Hispanic Beneficiaries in TAF/ACS'
2023,"CMS DQ Atlas, Race and Ethnicity topic (TAF R1 vs ACS 5-yr)",enrollees,"TAF Annual DE file, non-dummy eligibility records (anyone with a Medicaid or CHIP eligibility record in the calendar year, all benefit scopes, all ages, Medicaid+CHIP); state-reported race/ethnicity only, no imputation; % Hispanic among records with non-missing race/ethnicity (DQ Atlas method from 2021 R1)",New Hampshire,NH,295699.0,20336.0,7.5,6.877,8.3,no,Low concern,8.1,TAF-DQ-Race-Ethnicity-2023-Release-1.csv,row State=New Hampshire; cols '% Hispanic Beneficiaries in TAF/ACS'
2023,"CMS DQ Atlas, Race and Ethnicity topic (TAF R1 vs ACS 5-yr)",enrollees,"TAF Annual DE file, non-dummy eligibility records (anyone with a Medicaid or CHIP eligibility record in the calendar year, all benefit scopes, all ages, Medicaid+CHIP); state-reported race/ethnicity only, no imputation; % Hispanic among records with non-missing race/ethnicity (DQ Atlas method from 2021 R1)",New Jersey,NJ,2559783.0,631008.0,29.0,24.651,15.0,no,Medium concern,35.2,TAF-DQ-Race-Ethnicity-2023-Release-1.csv,row State=New Jersey; cols '% Hispanic Beneficiaries in TAF/ACS'
2023,"CMS DQ Atlas, Race and Ethnicity topic (TAF R1 vs ACS 5-yr)",enrollees,"TAF Annual DE file, non-dummy eligibility records (anyone with a Medicaid or CHIP eligibility record in the calendar year, all benefit scopes, all ages, Medicaid+CHIP); state-reported race/ethnicity only, no imputation; % Hispanic among records with non-missing race/ethnicity (DQ Atlas method from 2021 R1)",New Mexico,NM,1063683.0,593389.0,56.7,55.786,1.6,no,Low concern,58.4,TAF-DQ-Race-Ethnicity-2023-Release-1.csv,row State=New Mexico; cols '% Hispanic Beneficiaries in TAF/ACS'
2023,"CMS DQ Atlas, Race and Ethnicity topic (TAF R1 vs ACS 5-yr)",enrollees,"TAF Annual DE file, non-dummy eligibility records (anyone with a Medicaid or CHIP eligibility record in the calendar year, all benefit scopes, all ages, Medicaid+CHIP); state-reported race/ethnicity only, no imputation; % Hispanic among records with non-missing race/ethnicity (DQ Atlas method from 2021 R1)",New York,NY,9306944.0,1913670.0,26.6,20.562,22.7,no,High concern,29.4,TAF-DQ-Race-Ethnicity-2023-Release-1.csv,row State=New York; cols '% Hispanic Beneficiaries in TAF/ACS'
2023,"CMS DQ Atlas, Race and Ethnicity topic (TAF R1 vs ACS 5-yr)",enrollees,"TAF Annual DE file, non-dummy eligibility records (anyone with a Medicaid or CHIP eligibility record in the calendar year, all benefit scopes, all ages, Medicaid+CHIP); state-reported race/ethnicity only, no imputation; % Hispanic among records with non-missing race/ethnicity (DQ Atlas method from 2021 R1)",North Carolina,NC,3295530.0,480718.0,14.7,14.587,0.8,no,Low concern,16.8,TAF-DQ-Race-Ethnicity-2023-Release-1.csv,row State=North Carolina; cols '% Hispanic Beneficiaries in TAF/ACS'
2023,"CMS DQ Atlas, Race and Ethnicity topic (TAF R1 vs ACS 5-yr)",enrollees,"TAF Annual DE file, non-dummy eligibility records (anyone with a Medicaid or CHIP eligibility record in the calendar year, all benefit scopes, all ages, Medicaid+CHIP); state-reported race/ethnicity only, no imputation; % Hispanic among records with non-missing race/ethnicity (DQ Atlas method from 2021 R1)",North Dakota,ND,157004.0,9998.0,6.4,6.368,0.5,no,Low concern,7.7,TAF-DQ-Race-Ethnicity-2023-Release-1.csv,row State=North Dakota; cols '% Hispanic Beneficiaries in TAF/ACS'
2023,"CMS DQ Atlas, Race and Ethnicity topic (TAF R1 vs ACS 5-yr)",enrollees,"TAF Annual DE file, non-dummy eligibility records (anyone with a Medicaid or CHIP eligibility record in the calendar year, all benefit scopes, all ages, Medicaid+CHIP); state-reported race/ethnicity only, no imputation; % Hispanic among records with non-missing race/ethnicity (DQ Atlas method from 2021 R1)",Ohio,OH,3844102.0,17718.0,0.5,0.461,7.8,no,Low concern,6.8,TAF-DQ-Race-Ethnicity-2023-Release-1.csv,row State=Ohio; cols '% Hispanic Beneficiaries in TAF/ACS'
2023,"CMS DQ Atlas, Race and Ethnicity topic (TAF R1 vs ACS 5-yr)",enrollees,"TAF Annual DE file, non-dummy eligibility records (anyone with a Medicaid or CHIP eligibility record in the calendar year, all benefit scopes, all ages, Medicaid+CHIP); state-reported race/ethnicity only, no imputation; % Hispanic among records with non-missing race/ethnicity (DQ Atlas method from 2021 R1)",Oklahoma,OK,1550438.0,235316.0,16.1,15.177,5.7,no,Low concern,18.7,TAF-DQ-Race-Ethnicity-2023-Release-1.csv,row State=Oklahoma; cols '% Hispanic Beneficiaries in TAF/ACS'
2023,"CMS DQ Atlas, Race and Ethnicity topic (TAF R1 vs ACS 5-yr)",enrollees,"TAF Annual DE file, non-dummy eligibility records (anyone with a Medicaid or CHIP eligibility record in the calendar year, all benefit scopes, all ages, Medicaid+CHIP); state-reported race/ethnicity only, no imputation; % Hispanic among records with non-missing race/ethnicity (DQ Atlas method from 2021 R1)",Oregon,OR,1701166.0,252547.0,18.4,14.846,19.3,no,Medium concern,21.3,TAF-DQ-Race-Ethnicity-2023-Release-1.csv,row State=Oregon; cols '% Hispanic Beneficiaries in TAF/ACS'
2023,"CMS DQ Atlas, Race and Ethnicity topic (TAF R1 vs ACS 5-yr)",enrollees,"TAF Annual DE file, non-dummy eligibility records (anyone with a Medicaid or CHIP eligibility record in the calendar year, all benefit scopes, all ages, Medicaid+CHIP); state-reported race/ethnicity only, no imputation; % Hispanic among records with non-missing race/ethnicity (DQ Atlas method from 2021 R1)",Pennsylvania,PA,4257864.0,647747.0,16.5,15.213,7.8,no,Low concern,16.1,TAF-DQ-Race-Ethnicity-2023-Release-1.csv,row State=Pennsylvania; cols '% Hispanic Beneficiaries in TAF/ACS'
2023,"CMS DQ Atlas, Race and Ethnicity topic (TAF R1 vs ACS 5-yr)",enrollees,"TAF Annual DE file, non-dummy eligibility records (anyone with a Medicaid or CHIP eligibility record in the calendar year, all benefit scopes, all ages, Medicaid+CHIP); state-reported race/ethnicity only, no imputation; % Hispanic among records with non-missing race/ethnicity (DQ Atlas method from 2021 R1)",Puerto Rico,PR,1653523.0,1448026.0,99.0,87.572,11.5,no,Medium concern,99.2,TAF-DQ-Race-Ethnicity-2023-Release-1.csv,row State=Puerto Rico; cols '% Hispanic Beneficiaries in TAF/ACS'
2023,"CMS DQ Atlas, Race and Ethnicity topic (TAF R1 vs ACS 5-yr)",enrollees,"TAF Annual DE file, non-dummy eligibility records (anyone with a Medicaid or CHIP eligibility record in the calendar year, all benefit scopes, all ages, Medicaid+CHIP); state-reported race/ethnicity only, no imputation; % Hispanic among records with non-missing race/ethnicity (DQ Atlas method from 2021 R1)",Rhode Island,RI,429479.0,84866.0,22.9,19.76,13.7,no,High concern,33.7,TAF-DQ-Race-Ethnicity-2023-Release-1.csv,row State=Rhode Island; cols '% Hispanic Beneficiaries in TAF/ACS'
2023,"CMS DQ Atlas, Race and Ethnicity topic (TAF R1 vs ACS 5-yr)",enrollees,"TAF Annual DE file, non-dummy eligibility records (anyone with a Medicaid or CHIP eligibility record in the calendar year, all benefit scopes, all ages, Medicaid+CHIP); state-reported race/ethnicity only, no imputation; % Hispanic among records with non-missing race/ethnicity (DQ Atlas method from 2021 R1)",South Carolina,SC,1736461.0,42495.0,3.4,2.447,28.0,no,High concern,9.8,TAF-DQ-Race-Ethnicity-2023-Release-1.csv,row State=South Carolina; cols '% Hispanic Beneficiaries in TAF/ACS'
2023,"CMS DQ Atlas, Race and Ethnicity topic (TAF R1 vs ACS 5-yr)",enrollees,"TAF Annual DE file, non-dummy eligibility records (anyone with a Medicaid or CHIP eligibility record in the calendar year, all benefit scopes, all ages, Medicaid+CHIP); state-reported race/ethnicity only, no imputation; % Hispanic among records with non-missing race/ethnicity (DQ Atlas method from 2021 R1)",South Dakota,SD,184846.0,11781.0,6.4,6.373,0.4,no,Low concern,9.0,TAF-DQ-Race-Ethnicity-2023-Release-1.csv,row State=South Dakota; cols '% Hispanic Beneficiaries in TAF/ACS'
2023,"CMS DQ Atlas, Race and Ethnicity topic (TAF R1 vs ACS 5-yr)",enrollees,"TAF Annual DE file, non-dummy eligibility records (anyone with a Medicaid or CHIP eligibility record in the calendar year, all benefit scopes, all ages, Medicaid+CHIP); state-reported race/ethnicity only, no imputation; % Hispanic among records with non-missing race/ethnicity (DQ Atlas method from 2021 R1)",Tennessee,TN,2077166.0,138248.0,8.2,6.656,18.8,no,Medium concern,10.0,TAF-DQ-Race-Ethnicity-2023-Release-1.csv,row State=Tennessee; cols '% Hispanic Beneficiaries in TAF/ACS'
2023,"CMS DQ Atlas, Race and Ethnicity topic (TAF R1 vs ACS 5-yr)",enrollees,"TAF Annual DE file, non-dummy eligibility records (anyone with a Medicaid or CHIP eligibility record in the calendar year, all benefit scopes, all ages, Medicaid+CHIP); state-reported race/ethnicity only, no imputation; % Hispanic among records with non-missing race/ethnicity (DQ Atlas method from 2021 R1)",Texas,TX,7398389.0,3556245.0,57.9,48.068,17.0,no,Medium concern,54.2,TAF-DQ-Race-Ethnicity-2023-Release-1.csv,row State=Texas; cols '% Hispanic Beneficiaries in TAF/ACS'
2023,"CMS DQ Atlas, Race and Ethnicity topic (TAF R1 vs ACS 5-yr)",enrollees,"TAF Annual DE file, non-dummy eligibility records (anyone with a Medicaid or CHIP eligibility record in the calendar year, all benefit scopes, all ages, Medicaid+CHIP); state-reported race/ethnicity only, no imputation; % Hispanic among records with non-missing race/ethnicity (DQ Atlas method from 2021 R1)",Utah,UT,598226.0,73973.0,27.4,12.365,54.9,no,Unusable,22.9,TAF-DQ-Race-Ethnicity-2023-Release-1.csv,row State=Utah; cols '% Hispanic Beneficiaries in TAF/ACS'
2023,"CMS DQ Atlas, Race and Ethnicity topic (TAF R1 vs ACS 5-yr)",enrollees,"TAF Annual DE file, non-dummy eligibility records (anyone with a Medicaid or CHIP eligibility record in the calendar year, all benefit scopes, all ages, Medicaid+CHIP); state-reported race/ethnicity only, no imputation; % Hispanic among records with non-missing race/ethnicity (DQ Atlas method from 2021 R1)",Vermont,VT,219596.0,1282.0,0.7,0.584,16.6,no,Medium concern,3.0,TAF-DQ-Race-Ethnicity-2023-Release-1.csv,row State=Vermont; cols '% Hispanic Beneficiaries in TAF/ACS'
2023,"CMS DQ Atlas, Race and Ethnicity topic (TAF R1 vs ACS 5-yr)",enrollees,"TAF Annual DE file, non-dummy eligibility records (anyone with a Medicaid or CHIP eligibility record in the calendar year, all benefit scopes, all ages, Medicaid+CHIP); state-reported race/ethnicity only, no imputation; % Hispanic among records with non-missing race/ethnicity (DQ Atlas method from 2021 R1)",Virgin Islands,VI,40816.0,0.0,0.0,0.0,16.5,no,Unclassified,,TAF-DQ-Race-Ethnicity-2023-Release-1.csv,row State=Virgin Islands; cols '% Hispanic Beneficiaries in TAF/ACS'
2023,"CMS DQ Atlas, Race and Ethnicity topic (TAF R1 vs ACS 5-yr)",enrollees,"TAF Annual DE file, non-dummy eligibility records (anyone with a Medicaid or CHIP eligibility record in the calendar year, all benefit scopes, all ages, Medicaid+CHIP); state-reported race/ethnicity only, no imputation; % Hispanic among records with non-missing race/ethnicity (DQ Atlas method from 2021 R1)",Virginia,VA,2404584.0,92621.0,4.1,3.852,6.1,no,Medium concern,13.0,TAF-DQ-Race-Ethnicity-2023-Release-1.csv,row State=Virginia; cols '% Hispanic Beneficiaries in TAF/ACS'
2023,"CMS DQ Atlas, Race and Ethnicity topic (TAF R1 vs ACS 5-yr)",enrollees,"TAF Annual DE file, non-dummy eligibility records (anyone with a Medicaid or CHIP eligibility record in the calendar year, all benefit scopes, all ages, Medicaid+CHIP); state-reported race/ethnicity only, no imputation; % Hispanic among records with non-missing race/ethnicity (DQ Atlas method from 2021 R1)",Washington,WA,2547518.0,566096.0,24.2,22.221,8.2,no,Low concern,23.7,TAF-DQ-Race-Ethnicity-2023-Release-1.csv,row State=Washington; cols '% Hispanic Beneficiaries in TAF/ACS'
2023,"CMS DQ Atlas, Race and Ethnicity topic (TAF R1 vs ACS 5-yr)",enrollees,"TAF Annual DE file, non-dummy eligibility records (anyone with a Medicaid or CHIP eligibility record in the calendar year, all benefit scopes, all ages, Medicaid+CHIP); state-reported race/ethnicity only, no imputation; % Hispanic among records with non-missing race/ethnicity (DQ Atlas method from 2021 R1)",West Virginia,WV,740845.0,0.0,0.0,0.0,18.2,no,Medium concern,2.0,TAF-DQ-Race-Ethnicity-2023-Release-1.csv,row State=West Virginia; cols '% Hispanic Beneficiaries in TAF/ACS'
2023,"CMS DQ Atlas, Race and Ethnicity topic (TAF R1 vs ACS 5-yr)",enrollees,"TAF Annual DE file, non-dummy eligibility records (anyone with a Medicaid or CHIP eligibility record in the calendar year, all benefit scopes, all ages, Medicaid+CHIP); state-reported race/ethnicity only, no imputation; % Hispanic among records with non-missing race/ethnicity (DQ Atlas method from 2021 R1)",Wisconsin,WI,1715694.0,211628.0,14.0,12.335,11.9,no,Medium concern,13.0,TAF-DQ-Race-Ethnicity-2023-Release-1.csv,row State=Wisconsin; cols '% Hispanic Beneficiaries in TAF/ACS'
2023,"CMS DQ Atlas, Race and Ethnicity topic (TAF R1 vs ACS 5-yr)",enrollees,"TAF Annual DE file, non-dummy eligibility records (anyone with a Medicaid or CHIP eligibility record in the calendar year, all benefit scopes, all ages, Medicaid+CHIP); state-reported race/ethnicity only, no imputation; % Hispanic among records with non-missing race/ethnicity (DQ Atlas method from 2021 R1)",Wyoming,WY,104482.0,8753.0,12.2,8.378,31.3,no,High concern,16.8,TAF-DQ-Race-Ethnicity-2023-Release-1.csv,row State=Wyoming; cols '% Hispanic Beneficiaries in TAF/ACS'
2020,"CMS data.medicaid.gov, Race and ethnicity of the national Medicaid and CHIP population (TAF R1 + REI)",enrollees,"comprehensive-benefit enrollees aged 19+, enrolled >=1 day, incl. duals; 50 states + DC + Puerto Rico (VI, Guam, AS, MP excluded); TAF R1 + Race/Ethnicity Imputation companion file: state-reported race/ethnicity if present and good quality, else enhanced BISG (surname, geography, first name, AIAN certification; 26% of enrollees imputed in 2019-2020 briefs)",United States (50+DC+PR),US+PR,47168817.0,10955420.0,23.226,23.226,0.0,partial,,,race-and-ethnicity-2020-2022-01162025.csv,Subpopulation topic=Age group; Subpopulation=Adult; Category=Hispanic
2020,"CMS data.medicaid.gov, Race and ethnicity of the national Medicaid and CHIP population (TAF R1 + REI)",enrollees,"comprehensive-benefit enrollees aged 18 or younger, enrolled >=1 day; 50 states + DC + Puerto Rico (VI, Guam, AS, MP excluded); TAF R1 + Race/Ethnicity Imputation companion file: state-reported race/ethnicity if present and good quality, else enhanced BISG (surname, geography, first name, AIAN certification; 26% of enrollees imputed in 2019-2020 briefs)",United States (50+DC+PR),US+PR,40398252.0,12828651.0,31.755,31.755,0.0,partial,,,race-and-ethnicity-2020-2022-01162025.csv,Subpopulation topic=Age group; Subpopulation=Child; Category=Hispanic
2020,"CMS data.medicaid.gov, Race and ethnicity of the national Medicaid and CHIP population (TAF R1 + REI)",enrollees,"enrollees with comprehensive benefits, enrolled >=1 day, all ages, incl. duals; 50 states + DC + Puerto Rico (VI, Guam, AS, MP excluded); TAF R1 + Race/Ethnicity Imputation companion file: state-reported race/ethnicity if present and good quality, else enhanced BISG (surname, geography, first name, AIAN certification; 26% of enrollees imputed in 2019-2020 briefs)",United States (50+DC+PR),US+PR,87674197.0,23810469.0,27.158,27.158,0.0,partial,,,race-and-ethnicity-2020-2022-01162025.csv,Subpopulation topic=Comprehensive or limited benefits; Subpopulation=Comprehensive benefits; Category=Hispanic
2020,"CMS data.medicaid.gov, Race and ethnicity of the national Medicaid and CHIP population (TAF R1 + REI)",enrollees,"enrollees with limited benefits only (family planning, emergency services, Medicare premium/cost-sharing help), enrolled >=1 day; 50 states + DC + Puerto Rico (VI, Guam, AS, MP excluded); TAF R1 + Race/Ethnicity Imputation companion file: state-reported race/ethnicity if present and good quality, else enhanced BISG (surname, geography, first name, AIAN certification; 26% of enrollees imputed in 2019-2020 briefs)",United States (50+DC+PR),US+PR,8514817.0,3182357.0,37.374,37.374,0.0,partial,,,race-and-ethnicity-2020-2022-01162025.csv,Subpopulation topic=Comprehensive or limited benefits; Subpopulation=Limited benefits; Category=Hispanic
2020,"CMS data.medicaid.gov, Race and ethnicity of the national Medicaid and CHIP population (TAF R1 + REI)",enrollees,"comprehensive-benefit enrollees in eligibility category 'CHIP' (latest eligibility group), enrolled >=1 day; 50 states + DC + Puerto Rico (VI, Guam, AS, MP excluded); TAF R1 + Race/Ethnicity Imputation companion file: state-reported race/ethnicity if present and good quality, else enhanced BISG (surname, geography, first name, AIAN certification; 26% of enrollees imputed in 2019-2020 briefs)",United States (50+DC+PR),US+PR,7874900.0,2808204.0,35.66,35.66,0.0,partial,,,race-and-ethnicity-2020-2022-01162025.csv,Subpopulation topic=Eligibility category; Subpopulation=CHIP; Category=Hispanic
2020,"CMS data.medicaid.gov, Race and ethnicity of the national Medicaid and CHIP population (TAF R1 + REI)",enrollees,"comprehensive-benefit enrollees in eligibility category 'Disability' (latest eligibility group), enrolled >=1 day; 50 states + DC + Puerto Rico (VI, Guam, AS, MP excluded); TAF R1 + Race/Ethnicity Imputation companion file: state-reported race/ethnicity if present and good quality, else enhanced BISG (surname, geography, first name, AIAN certification; 26% of enrollees imputed in 2019-2020 briefs)",United States (50+DC+PR),US+PR,8671874.0,1364998.0,15.741,15.741,0.0,partial,,,race-and-ethnicity-2020-2022-01162025.csv,Subpopulation topic=Eligibility category; Subpopulation=Disability; Category=Hispanic
2020,"CMS data.medicaid.gov, Race and ethnicity of the national Medicaid and CHIP population (TAF R1 + REI)",enrollees,"comprehensive-benefit enrollees in eligibility category 'Expansion adult' (latest eligibility group), enrolled >=1 day; 50 states + DC + Puerto Rico (VI, Guam, AS, MP excluded); TAF R1 + Race/Ethnicity Imputation companion file: state-reported race/ethnicity if present and good quality, else enhanced BISG (surname, geography, first name, AIAN certification; 26% of enrollees imputed in 2019-2020 briefs)",United States (50+DC+PR),US+PR,20202718.0,4786403.0,23.692,23.692,0.0,partial,,,race-and-ethnicity-2020-2022-01162025.csv,Subpopulation topic=Eligibility category; Subpopulation=Expansion adult; Category=Hispanic
2020,"CMS data.medicaid.gov, Race and ethnicity of the national Medicaid and CHIP population (TAF R1 + REI)",enrollees,"comprehensive-benefit enrollees in eligibility category 'Medicaid children' (latest eligibility group), enrolled >=1 day; 50 states + DC + Puerto Rico (VI, Guam, AS, MP excluded); TAF R1 + Race/Ethnicity Imputation companion file: state-reported race/ethnicity if present and good quality, else enhanced BISG (surname, geography, first name, AIAN certification; 26% of enrollees imputed in 2019-2020 briefs)",United States (50+DC+PR),US+PR,32039399.0,10098889.0,31.52,31.52,0.0,partial,,,race-and-ethnicity-2020-2022-01162025.csv,Subpopulation topic=Eligibility category; Subpopulation=Medicaid children; Category=Hispanic
2020,"CMS data.medicaid.gov, Race and ethnicity of the national Medicaid and CHIP population (TAF R1 + REI)",enrollees,"comprehensive-benefit enrollees in eligibility category 'Non-expansion adult' (latest eligibility group), enrolled >=1 day; 50 states + DC + Puerto Rico (VI, Guam, AS, MP excluded); TAF R1 + Race/Ethnicity Imputation companion file: state-reported race/ethnicity if present and good quality, else enhanced BISG (surname, geography, first name, AIAN certification; 26% of enrollees imputed in 2019-2020 briefs)",United States (50+DC+PR),US+PR,10152217.0,2540188.0,25.021,25.021,0.0,partial,,,race-and-ethnicity-2020-2022-01162025.csv,Subpopulation topic=Eligibility category; Subpopulation=Non-expansion adult; Category=Hispanic
2020,"CMS data.medicaid.gov, Race and ethnicity of the national Medicaid and CHIP population (TAF R1 + REI)",enrollees,"comprehensive-benefit enrollees in eligibility category 'Older adult (65+)' (latest eligibility group), enrolled >=1 day; 50 states + DC + Puerto Rico (VI, Guam, AS, MP excluded); TAF R1 + Race/Ethnicity Imputation companion file: state-reported race/ethnicity if present and good quality, else enhanced BISG (surname, geography, first name, AIAN certification; 26% of enrollees imputed in 2019-2020 briefs)",United States (50+DC+PR),US+PR,6440065.0,1654573.0,25.692,25.692,0.0,partial,,,race-and-ethnicity-2020-2022-01162025.csv,Subpopulation topic=Eligibility category; Subpopulation=Older adult (65+); Category=Hispanic
2020,"CMS data.medicaid.gov, Race and ethnicity of the national Medicaid and CHIP population (TAF R1 + REI)",enrollees,"comprehensive-benefit enrollees in eligibility category 'Pregnancy' (latest eligibility group), enrolled >=1 day; 50 states + DC + Puerto Rico (VI, Guam, AS, MP excluded); TAF R1 + Race/Ethnicity Imputation companion file: state-reported race/ethnicity if present and good quality, else enhanced BISG (surname, geography, first name, AIAN certification; 26% of enrollees imputed in 2019-2020 briefs)",United States (50+DC+PR),US+PR,1434167.0,409966.0,28.586,28.586,0.0,partial,,,race-and-ethnicity-2020-2022-01162025.csv,Subpopulation topic=Eligibility category; Subpopulation=Pregnancy; Category=Hispanic
2020,"CMS data.medicaid.gov, Race and ethnicity of the national Medicaid and CHIP population (TAF R1 + REI)",enrollees,"all Medicaid+CHIP enrollees, any scope of benefits, enrolled >=1 day in the year, all ages, incl. duals; 50 states + DC + Puerto Rico (VI, Guam, AS, MP excluded); TAF R1 + Race/Ethnicity Imputation companion file: state-reported race/ethnicity if present and good quality, else enhanced BISG (surname, geography, first name, AIAN certification; 26% of enrollees imputed in 2019-2020 briefs)",United States (50+DC+PR),US+PR,96189014.0,26992826.0,28.062,28.062,0.0,partial,,,race-and-ethnicity-2020-2022-01162025.csv,Subpopulation topic=Total enrollees; Subpopulation=Medicaid and CHIP enrollees; Category=Hispanic
2021,"CMS data.medicaid.gov, Race and ethnicity of the national Medicaid and CHIP population (TAF R1 + REI)",enrollees,"comprehensive-benefit enrollees aged 19+, enrolled >=1 day, incl. duals; 50 states + DC + Puerto Rico (VI, Guam, AS, MP excluded); TAF R1 + Race/Ethnicity Imputation companion file: state-reported race/ethnicity if present and good quality, else enhanced BISG (surname, geography, first name, AIAN certification; 26% of enrollees imputed in 2019-2020 briefs)",United States (50+DC+PR),US+PR,52471620.0,12376073.0,23.586,23.586,0.0,partial,,,race-and-ethnicity-2020-2022-01162025.csv,Subpopulation topic=Age group; Subpopulation=Adult; Category=Hispanic
2021,"CMS data.medicaid.gov, Race and ethnicity of the national Medicaid and CHIP population (TAF R1 + REI)",enrollees,"comprehensive-benefit enrollees aged 18 or younger, enrolled >=1 day; 50 states + DC + Puerto Rico (VI, Guam, AS, MP excluded); TAF R1 + Race/Ethnicity Imputation companion file: state-reported race/ethnicity if present and good quality, else enhanced BISG (surname, geography, first name, AIAN certification; 26% of enrollees imputed in 2019-2020 briefs)",United States (50+DC+PR),US+PR,42280377.0,13318552.0,31.501,31.501,0.0,partial,,,race-and-ethnicity-2020-2022-01162025.csv,Subpopulation topic=Age group; Subpopulation=Child; Category=Hispanic
2021,"CMS data.medicaid.gov, Race and ethnicity of the national Medicaid and CHIP population (TAF R1 + REI)",enrollees,"enrollees with comprehensive benefits, enrolled >=1 day, all ages, incl. duals; 50 states + DC + Puerto Rico (VI, Guam, AS, MP excluded); TAF R1 + Race/Ethnicity Imputation companion file: state-reported race/ethnicity if present and good quality, else enhanced BISG (surname, geography, first name, AIAN certification; 26% of enrollees imputed in 2019-2020 briefs)",United States (50+DC+PR),US+PR,94859200.0,25722064.0,27.116,27.116,0.0,partial,,,race-and-ethnicity-2020-2022-01162025.csv,Subpopulation topic=Comprehensive or limited benefits; Subpopulation=Comprehensive benefits; Category=Hispanic
2021,"CMS data.medicaid.gov, Race and ethnicity of the national Medicaid and CHIP population (TAF R1 + REI)",enrollees,"enrollees with limited benefits only (family planning, emergency services, Medicare premium/cost-sharing help), enrolled >=1 day; 50 states + DC + Puerto Rico (VI, Guam, AS, MP excluded); TAF R1 + Race/Ethnicity Imputation companion file: state-reported race/ethnicity if present and good quality, else enhanced BISG (surname, geography, first name, AIAN certification; 26% of enrollees imputed in 2019-2020 briefs)",United States (50+DC+PR),US+PR,8536358.0,3163802.0,37.063,37.063,0.0,partial,,,race-and-ethnicity-2020-2022-01162025.csv,Subpopulation topic=Comprehensive or limited benefits; Subpopulation=Limited benefits; Category=Hispanic
2021,"CMS data.medicaid.gov, Race and ethnicity of the national Medicaid and CHIP population (TAF R1 + REI)",enrollees,"comprehensive-benefit enrollees in eligibility category 'CHIP' (latest eligibility group), enrolled >=1 day; 50 states + DC + Puerto Rico (VI, Guam, AS, MP excluded); TAF R1 + Race/Ethnicity Imputation companion file: state-reported race/ethnicity if present and good quality, else enhanced BISG (surname, geography, first name, AIAN certification; 26% of enrollees imputed in 2019-2020 briefs)",United States (50+DC+PR),US+PR,8291490.0,2772376.0,33.436,33.436,0.0,partial,,,race-and-ethnicity-2020-2022-01162025.csv,Subpopulation topic=Eligibility category; Subpopulation=CHIP; Category=Hispanic
2021,"CMS data.medicaid.gov, Race and ethnicity of the national Medicaid and CHIP population (TAF R1 + REI)",enrollees,"comprehensive-benefit enrollees in eligibility category 'Disability' (latest eligibility group), enrolled >=1 day; 50 states + DC + Puerto Rico (VI, Guam, AS, MP excluded); TAF R1 + Race/Ethnicity Imputation companion file: state-reported race/ethnicity if present and good quality, else enhanced BISG (surname, geography, first name, AIAN certification; 26% of enrollees imputed in 2019-2020 briefs)",United States (50+DC+PR),US+PR,8960555.0,1399742.0,15.621,15.621,0.0,partial,,,race-and-ethnicity-2020-2022-01162025.csv,Subpopulation topic=Eligibility category; Subpopulation=Disability; Category=Hispanic
2021,"CMS data.medicaid.gov, Race and ethnicity of the national Medicaid and CHIP population (TAF R1 + REI)",enrollees,"comprehensive-benefit enrollees in eligibility category 'Expansion adult' (latest eligibility group), enrolled >=1 day; 50 states + DC + Puerto Rico (VI, Guam, AS, MP excluded); TAF R1 + Race/Ethnicity Imputation companion file: state-reported race/ethnicity if present and good quality, else enhanced BISG (surname, geography, first name, AIAN certification; 26% of enrollees imputed in 2019-2020 briefs)",United States (50+DC+PR),US+PR,22453045.0,5432525.0,24.195,24.195,0.0,partial,,,race-and-ethnicity-2020-2022-01162025.csv,Subpopulation topic=Eligibility category; Subpopulation=Expansion adult; Category=Hispanic
2021,"CMS data.medicaid.gov, Race and ethnicity of the national Medicaid and CHIP population (TAF R1 + REI)",enrollees,"comprehensive-benefit enrollees in eligibility category 'Medicaid children' (latest eligibility group), enrolled >=1 day; 50 states + DC + Puerto Rico (VI, Guam, AS, MP excluded); TAF R1 + Race/Ethnicity Imputation companion file: state-reported race/ethnicity if present and good quality, else enhanced BISG (surname, geography, first name, AIAN certification; 26% of enrollees imputed in 2019-2020 briefs)",United States (50+DC+PR),US+PR,34142563.0,10850337.0,31.78,31.78,0.0,partial,,,race-and-ethnicity-2020-2022-01162025.csv,Subpopulation topic=Eligibility category; Subpopulation=Medicaid children; Category=Hispanic
2021,"CMS data.medicaid.gov, Race and ethnicity of the national Medicaid and CHIP population (TAF R1 + REI)",enrollees,"comprehensive-benefit enrollees in eligibility category 'Non-expansion adult' (latest eligibility group), enrolled >=1 day; 50 states + DC + Puerto Rico (VI, Guam, AS, MP excluded); TAF R1 + Race/Ethnicity Imputation companion file: state-reported race/ethnicity if present and good quality, else enhanced BISG (surname, geography, first name, AIAN certification; 26% of enrollees imputed in 2019-2020 briefs)",United States (50+DC+PR),US+PR,11625080.0,2903651.0,24.977,24.977,0.0,partial,,,race-and-ethnicity-2020-2022-01162025.csv,Subpopulation topic=Eligibility category; Subpopulation=Non-expansion adult; Category=Hispanic
2021,"CMS data.medicaid.gov, Race and ethnicity of the national Medicaid and CHIP population (TAF R1 + REI)",enrollees,"comprehensive-benefit enrollees in eligibility category 'Older adult (65+)' (latest eligibility group), enrolled >=1 day; 50 states + DC + Puerto Rico (VI, Guam, AS, MP excluded); TAF R1 + Race/Ethnicity Imputation companion file: state-reported race/ethnicity if present and good quality, else enhanced BISG (surname, geography, first name, AIAN certification; 26% of enrollees imputed in 2019-2020 briefs)",United States (50+DC+PR),US+PR,6796460.0,1721421.0,25.328,25.328,0.0,partial,,,race-and-ethnicity-2020-2022-01162025.csv,Subpopulation topic=Eligibility category; Subpopulation=Older adult (65+); Category=Hispanic
2021,"CMS data.medicaid.gov, Race and ethnicity of the national Medicaid and CHIP population (TAF R1 + REI)",enrollees,"comprehensive-benefit enrollees in eligibility category 'Pregnancy' (latest eligibility group), enrolled >=1 day; 50 states + DC + Puerto Rico (VI, Guam, AS, MP excluded); TAF R1 + Race/Ethnicity Imputation companion file: state-reported race/ethnicity if present and good quality, else enhanced BISG (surname, geography, first name, AIAN certification; 26% of enrollees imputed in 2019-2020 briefs)",United States (50+DC+PR),US+PR,1709894.0,490851.0,28.707,28.707,0.0,partial,,,race-and-ethnicity-2020-2022-01162025.csv,Subpopulation topic=Eligibility category; Subpopulation=Pregnancy; Category=Hispanic
2021,"CMS data.medicaid.gov, Race and ethnicity of the national Medicaid and CHIP population (TAF R1 + REI)",enrollees,"all Medicaid+CHIP enrollees, any scope of benefits, enrolled >=1 day in the year, all ages, incl. duals; 50 states + DC + Puerto Rico (VI, Guam, AS, MP excluded); TAF R1 + Race/Ethnicity Imputation companion file: state-reported race/ethnicity if present and good quality, else enhanced BISG (surname, geography, first name, AIAN certification; 26% of enrollees imputed in 2019-2020 briefs)",United States (50+DC+PR),US+PR,103395558.0,28885866.0,27.937,27.937,0.0,partial,,,race-and-ethnicity-2020-2022-01162025.csv,Subpopulation topic=Total enrollees; Subpopulation=Medicaid and CHIP enrollees; Category=Hispanic
2022,"CMS data.medicaid.gov, Race and ethnicity of the national Medicaid and CHIP population (TAF R1 + REI)",enrollees,"comprehensive-benefit enrollees aged 19+, enrolled >=1 day, incl. duals; 50 states + DC + Puerto Rico (VI, Guam, AS, MP excluded); TAF R1 + Race/Ethnicity Imputation companion file: state-reported race/ethnicity if present and good quality, else enhanced BISG (surname, geography, first name, AIAN certification; 26% of enrollees imputed in 2019-2020 briefs)",United States (50+DC+PR),US+PR,56961353.0,14147095.0,24.836,24.836,0.0,partial,,,race-and-ethnicity-2020-2022-01162025.csv,Subpopulation topic=Age group; Subpopulation=Adult; Category=Hispanic
2022,"CMS data.medicaid.gov, Race and ethnicity of the national Medicaid and CHIP population (TAF R1 + REI)",enrollees,"comprehensive-benefit enrollees aged 18 or younger, enrolled >=1 day; 50 states + DC + Puerto Rico (VI, Guam, AS, MP excluded); TAF R1 + Race/Ethnicity Imputation companion file: state-reported race/ethnicity if present and good quality, else enhanced BISG (surname, geography, first name, AIAN certification; 26% of enrollees imputed in 2019-2020 briefs)",United States (50+DC+PR),US+PR,43125015.0,13760050.0,31.907,31.907,0.0,partial,,,race-and-ethnicity-2020-2022-01162025.csv,Subpopulation topic=Age group; Subpopulation=Child; Category=Hispanic
2022,"CMS data.medicaid.gov, Race and ethnicity of the national Medicaid and CHIP population (TAF R1 + REI)",enrollees,"enrollees with comprehensive benefits, enrolled >=1 day, all ages, incl. duals; 50 states + DC + Puerto Rico (VI, Guam, AS, MP excluded); TAF R1 + Race/Ethnicity Imputation companion file: state-reported race/ethnicity if present and good quality, else enhanced BISG (surname, geography, first name, AIAN certification; 26% of enrollees imputed in 2019-2020 briefs)",United States (50+DC+PR),US+PR,100142327.0,27921107.0,27.881,27.881,0.0,partial,,,race-and-ethnicity-2020-2022-01162025.csv,Subpopulation topic=Comprehensive or limited benefits; Subpopulation=Comprehensive benefits; Category=Hispanic
2022,"CMS data.medicaid.gov, Race and ethnicity of the national Medicaid and CHIP population (TAF R1 + REI)",enrollees,"enrollees with limited benefits only (family planning, emergency services, Medicare premium/cost-sharing help), enrolled >=1 day; 50 states + DC + Puerto Rico (VI, Guam, AS, MP excluded); TAF R1 + Race/Ethnicity Imputation companion file: state-reported race/ethnicity if present and good quality, else enhanced BISG (surname, geography, first name, AIAN certification; 26% of enrollees imputed in 2019-2020 briefs)",United States (50+DC+PR),US+PR,8729175.0,3211026.0,36.785,36.785,0.0,partial,,,race-and-ethnicity-2020-2022-01162025.csv,Subpopulation topic=Comprehensive or limited benefits; Subpopulation=Limited benefits; Category=Hispanic
2022,"CMS data.medicaid.gov, Race and ethnicity of the national Medicaid and CHIP population (TAF R1 + REI)",enrollees,"comprehensive-benefit enrollees in eligibility category 'CHIP' (latest eligibility group), enrolled >=1 day; 50 states + DC + Puerto Rico (VI, Guam, AS, MP excluded); TAF R1 + Race/Ethnicity Imputation companion file: state-reported race/ethnicity if present and good quality, else enhanced BISG (surname, geography, first name, AIAN certification; 26% of enrollees imputed in 2019-2020 briefs)",United States (50+DC+PR),US+PR,8109607.0,2713447.0,33.46,33.46,0.0,partial,,,race-and-ethnicity-2020-2022-01162025.csv,Subpopulation topic=Eligibility category; Subpopulation=CHIP; Category=Hispanic
2022,"CMS data.medicaid.gov, Race and ethnicity of the national Medicaid and CHIP population (TAF R1 + REI)",enrollees,"comprehensive-benefit enrollees in eligibility category 'Disability' (latest eligibility group), enrolled >=1 day; 50 states + DC + Puerto Rico (VI, Guam, AS, MP excluded); TAF R1 + Race/Ethnicity Imputation companion file: state-reported race/ethnicity if present and good quality, else enhanced BISG (surname, geography, first name, AIAN certification; 26% of enrollees imputed in 2019-2020 briefs)",United States (50+DC+PR),US+PR,8681340.0,1358730.0,15.651,15.651,0.0,partial,,,race-and-ethnicity-2020-2022-01162025.csv,Subpopulation topic=Eligibility category; Subpopulation=Disability; Category=Hispanic
2022,"CMS data.medicaid.gov, Race and ethnicity of the national Medicaid and CHIP population (TAF R1 + REI)",enrollees,"comprehensive-benefit enrollees in eligibility category 'Expansion adult' (latest eligibility group), enrolled >=1 day; 50 states + DC + Puerto Rico (VI, Guam, AS, MP excluded); TAF R1 + Race/Ethnicity Imputation companion file: state-reported race/ethnicity if present and good quality, else enhanced BISG (surname, geography, first name, AIAN certification; 26% of enrollees imputed in 2019-2020 briefs)",United States (50+DC+PR),US+PR,25771550.0,6266709.0,24.316,24.316,0.0,partial,,,race-and-ethnicity-2020-2022-01162025.csv,Subpopulation topic=Eligibility category; Subpopulation=Expansion adult; Category=Hispanic
2022,"CMS data.medicaid.gov, Race and ethnicity of the national Medicaid and CHIP population (TAF R1 + REI)",enrollees,"comprehensive-benefit enrollees in eligibility category 'Medicaid children' (latest eligibility group), enrolled >=1 day; 50 states + DC + Puerto Rico (VI, Guam, AS, MP excluded); TAF R1 + Race/Ethnicity Imputation companion file: state-reported race/ethnicity if present and good quality, else enhanced BISG (surname, geography, first name, AIAN certification; 26% of enrollees imputed in 2019-2020 briefs)",United States (50+DC+PR),US+PR,35371731.0,11477331.0,32.448,32.448,0.0,partial,,,race-and-ethnicity-2020-2022-01162025.csv,Subpopulation topic=Eligibility category; Subpopulation=Medicaid children; Category=Hispanic
2022,"CMS data.medicaid.gov, Race and ethnicity of the national Medicaid and CHIP population (TAF R1 + REI)",enrollees,"comprehensive-benefit enrollees in eligibility category 'Non-expansion adult' (latest eligibility group), enrolled >=1 day; 50 states + DC + Puerto Rico (VI, Guam, AS, MP excluded); TAF R1 + Race/Ethnicity Imputation companion file: state-reported race/ethnicity if present and good quality, else enhanced BISG (surname, geography, first name, AIAN certification; 26% of enrollees imputed in 2019-2020 briefs)",United States (50+DC+PR),US+PR,11927239.0,3431148.0,28.767,28.767,0.0,partial,,,race-and-ethnicity-2020-2022-01162025.csv,Subpopulation topic=Eligibility category; Subpopulation=Non-expansion adult; Category=Hispanic
2022,"CMS data.medicaid.gov, Race and ethnicity of the national Medicaid and CHIP population (TAF R1 + REI)",enrollees,"comprehensive-benefit enrollees in eligibility category 'Older adult (65+)' (latest eligibility group), enrolled >=1 day; 50 states + DC + Puerto Rico (VI, Guam, AS, MP excluded); TAF R1 + Race/Ethnicity Imputation companion file: state-reported race/ethnicity if present and good quality, else enhanced BISG (surname, geography, first name, AIAN certification; 26% of enrollees imputed in 2019-2020 briefs)",United States (50+DC+PR),US+PR,7059400.0,1824302.0,25.842,25.842,0.0,partial,,,race-and-ethnicity-2020-2022-01162025.csv,Subpopulation topic=Eligibility category; Subpopulation=Older adult (65+); Category=Hispanic
2022,"CMS data.medicaid.gov, Race and ethnicity of the national Medicaid and CHIP population (TAF R1 + REI)",enrollees,"comprehensive-benefit enrollees in eligibility category 'Pregnancy' (latest eligibility group), enrolled >=1 day; 50 states + DC + Puerto Rico (VI, Guam, AS, MP excluded); TAF R1 + Race/Ethnicity Imputation companion file: state-reported race/ethnicity if present and good quality, else enhanced BISG (surname, geography, first name, AIAN certification; 26% of enrollees imputed in 2019-2020 briefs)",United States (50+DC+PR),US+PR,2006770.0,593938.0,29.597,29.597,0.0,partial,,,race-and-ethnicity-2020-2022-01162025.csv,Subpopulation topic=Eligibility category; Subpopulation=Pregnancy; Category=Hispanic
2022,"CMS data.medicaid.gov, Race and ethnicity of the national Medicaid and CHIP population (TAF R1 + REI)",enrollees,"all Medicaid+CHIP enrollees, any scope of benefits, enrolled >=1 day in the year, all ages, incl. duals; 50 states + DC + Puerto Rico (VI, Guam, AS, MP excluded); TAF R1 + Race/Ethnicity Imputation companion file: state-reported race/ethnicity if present and good quality, else enhanced BISG (surname, geography, first name, AIAN certification; 26% of enrollees imputed in 2019-2020 briefs)",United States (50+DC+PR),US+PR,108871502.0,31132133.0,28.595,28.595,0.0,partial,,,race-and-ethnicity-2020-2022-01162025.csv,Subpopulation topic=Total enrollees; Subpopulation=Medicaid and CHIP enrollees; Category=Hispanic
2020,"CMS data.medicaid.gov, Race and ethnicity of the national Medicaid and CHIP population (TAF R1 + REI)",enrollees,"all Medicaid+CHIP enrollees, any scope of benefits, enrolled >=1 day in the year, all ages, incl. duals; 50 states + DC + Puerto Rico (VI, Guam, AS, MP excluded); TAF R1 + Race/Ethnicity Imputation companion file: state-reported race/ethnicity if present and good quality, else enhanced BISG (surname, geography, first name, AIAN certification; 26% of enrollees imputed in 2019-2020 briefs)","United States (50+DC), REI national minus Puerto Rico",US,94693237.0,25497049.0,26.926,26.926,0.0,partial,,,race-and-ethnicity-2020-2022-01162025.csv,"[CALCULATION] REI all enrollees minus PR records from DQ Atlas 2020 (1,495,777) at 100% Hispanic; at PR's TAF share 99.4% the result is 26.94%"
2021,"CMS data.medicaid.gov, Race and ethnicity of the national Medicaid and CHIP population (TAF R1 + REI)",enrollees,"all Medicaid+CHIP enrollees, any scope of benefits, enrolled >=1 day in the year, all ages, incl. duals; 50 states + DC + Puerto Rico (VI, Guam, AS, MP excluded); TAF R1 + Race/Ethnicity Imputation companion file: state-reported race/ethnicity if present and good quality, else enhanced BISG (surname, geography, first name, AIAN certification; 26% of enrollees imputed in 2019-2020 briefs)","United States (50+DC), REI national minus Puerto Rico",US,101834081.0,27324389.0,26.832,26.832,0.0,partial,,,race-and-ethnicity-2020-2022-01162025.csv,"[CALCULATION] REI all enrollees minus PR records from DQ Atlas 2021 (1,561,477) at 100% Hispanic; at PR's TAF share 99.3% the result is 26.84%"
2022,"CMS data.medicaid.gov, Race and ethnicity of the national Medicaid and CHIP population (TAF R1 + REI)",enrollees,"all Medicaid+CHIP enrollees, any scope of benefits, enrolled >=1 day in the year, all ages, incl. duals; 50 states + DC + Puerto Rico (VI, Guam, AS, MP excluded); TAF R1 + Race/Ethnicity Imputation companion file: state-reported race/ethnicity if present and good quality, else enhanced BISG (surname, geography, first name, AIAN certification; 26% of enrollees imputed in 2019-2020 briefs)","United States (50+DC), REI national minus Puerto Rico",US,107257664.0,29518295.0,27.521,27.521,0.0,partial,,,race-and-ethnicity-2020-2022-01162025.csv,"[CALCULATION] REI all enrollees minus PR records from DQ Atlas 2022 (1,613,838) at 100% Hispanic; at PR's TAF share 99.2% the result is 27.53%"
2020,"CMS data.medicaid.gov, well-child visit data set (TAF R1 + REI)",enrollees,"children younger than 19 on Dec 31 with comprehensive Medicaid or CHIP for all 12 months; 50 states + DC + Puerto Rico (race rows exclude VI;, Guam, AS, MP excluded); TAF R1 + Race/Ethnicity Imputation companion file: state-reported race/ethnicity if present and good quality, else enhanced BISG (surname, geography, first name, AIAN certification; 26% of enrollees imputed in 2019-2020 briefs)",United States (50+DC+PR),US+PR,32674216.0,10455974.0,32.001,32.001,0.0,partial,,,well-child-visits-2020-2022-01162025.csv,Subpopulation topic=Race and ethnicity; Denominator count of enrollees
2021,"CMS data.medicaid.gov, well-child visit data set (TAF R1 + REI)",enrollees,"children younger than 19 on Dec 31 with comprehensive Medicaid or CHIP for all 12 months; 50 states + DC + Puerto Rico (race rows exclude VI;, Guam, AS, MP excluded); TAF R1 + Race/Ethnicity Imputation companion file: state-reported race/ethnicity if present and good quality, else enhanced BISG (surname, geography, first name, AIAN certification; 26% of enrollees imputed in 2019-2020 briefs)",United States (50+DC+PR),US+PR,35918661.0,11476854.0,31.952,31.952,0.0,partial,,,well-child-visits-2020-2022-01162025.csv,Subpopulation topic=Race and ethnicity; Denominator count of enrollees
2022,"CMS data.medicaid.gov, well-child visit data set (TAF R1 + REI)",enrollees,"children younger than 19 on Dec 31 with comprehensive Medicaid or CHIP for all 12 months; 50 states + DC + Puerto Rico (race rows exclude VI;, Guam, AS, MP excluded); TAF R1 + Race/Ethnicity Imputation companion file: state-reported race/ethnicity if present and good quality, else enhanced BISG (surname, geography, first name, AIAN certification; 26% of enrollees imputed in 2019-2020 briefs)",United States (50+DC+PR),US+PR,37569717.0,12023878.0,32.004,32.004,0.0,partial,,,well-child-visits-2020-2022-01162025.csv,Subpopulation topic=Race and ethnicity; Denominator count of enrollees
2020,"CMS data.medicaid.gov, MH/SUD services data set (TAF R1 + REI)",enrollees,"ages 12-64 on Dec 31, not dually eligible, continuously enrolled with comprehensive benefits 12 months (no more than one gap >45 days per data set text); select states with TAF quality issues excluded; 50 states + DC + Puerto Rico (race rows exclude VI;, Guam, AS, MP excluded); TAF R1 + Race/Ethnicity Imputation companion file: state-reported race/ethnicity if present and good quality, else enhanced BISG (surname, geography, first name, AIAN certification; 26% of enrollees imputed in 2019-2020 briefs)",United States (50+DC+PR),US+PR,37604764.0,9667670.0,25.709,25.709,0.0,partial,,,mh-and-sud-services-2020-2022-01162025.csv,Subpopulation topic=Race and ethnicity; Denominator count of enrollees
2021,"CMS data.medicaid.gov, MH/SUD services data set (TAF R1 + REI)",enrollees,"ages 12-64 on Dec 31, not dually eligible, continuously enrolled with comprehensive benefits 12 months (no more than one gap >45 days per data set text); select states with TAF quality issues excluded; 50 states + DC + Puerto Rico (race rows exclude VI;, Guam, AS, MP excluded); TAF R1 + Race/Ethnicity Imputation companion file: state-reported race/ethnicity if present and good quality, else enhanced BISG (surname, geography, first name, AIAN certification; 26% of enrollees imputed in 2019-2020 briefs)",United States (50+DC+PR),US+PR,46087852.0,12232262.0,26.541,26.541,0.0,partial,,,mh-and-sud-services-2020-2022-01162025.csv,Subpopulation topic=Race and ethnicity; Denominator count of enrollees
2022,"CMS data.medicaid.gov, MH/SUD services data set (TAF R1 + REI)",enrollees,"ages 12-64 on Dec 31, not dually eligible, continuously enrolled with comprehensive benefits 12 months (no more than one gap >45 days per data set text); select states with TAF quality issues excluded; 50 states + DC + Puerto Rico (race rows exclude VI;, Guam, AS, MP excluded); TAF R1 + Race/Ethnicity Imputation companion file: state-reported race/ethnicity if present and good quality, else enhanced BISG (surname, geography, first name, AIAN certification; 26% of enrollees imputed in 2019-2020 briefs)",United States (50+DC+PR),US+PR,51473321.0,13815913.0,26.841,26.841,0.0,partial,,,mh-and-sud-services-2020-2022-01162025.csv,Subpopulation topic=Race and ethnicity; Denominator count of enrollees
2019,"CMS brief, Race and ethnicity of the national Medicaid and CHIP population in 2019 (rounded millions)",enrollees,"all Medicaid+CHIP enrollees, any scope of benefits, enrolled >=1 day in the year, all ages, incl. duals; 50 states + DC + Puerto Rico (VI, Guam, AS, MP excluded); TAF R1 + Race/Ethnicity Imputation companion file: state-reported race/ethnicity if present and good quality, else enhanced BISG (surname, geography, first name, AIAN certification; 26% of enrollees imputed in 2019-2020 briefs)",United States (50+DC+PR),US+PR,96000000.0,27000000.0,28.125,28.125,0.0,partial,,,"2019-race-etncity-data-brf.pdf, Appendix table","p.7, column 'Medicaid and CHIP enrollees', row Hispanic (rounded to 0.1-1M)"
2019,"CMS brief, Race and ethnicity of the national Medicaid and CHIP population in 2019 (rounded millions)",enrollees,"enrollees with comprehensive benefits, enrolled >=1 day, all ages, incl. duals; 50 states + DC + Puerto Rico (VI, Guam, AS, MP excluded); TAF R1 + Race/Ethnicity Imputation companion file: state-reported race/ethnicity if present and good quality, else enhanced BISG (surname, geography, first name, AIAN certification; 26% of enrollees imputed in 2019-2020 briefs)",United States (50+DC+PR),US+PR,86000000.0,24000000.0,27.907,27.907,0.0,partial,,,"2019-race-etncity-data-brf.pdf, Appendix table","p.7, column 'Comprehensive benefits', row Hispanic (rounded to 0.1-1M)"
2019,"CMS brief, Race and ethnicity of the national Medicaid and CHIP population in 2019 (rounded millions)",enrollees,"enrollees with limited benefits only (family planning, emergency services, Medicare premium/cost-sharing help), enrolled >=1 day; 50 states + DC + Puerto Rico (VI, Guam, AS, MP excluded); TAF R1 + Race/Ethnicity Imputation companion file: state-reported race/ethnicity if present and good quality, else enhanced BISG (surname, geography, first name, AIAN certification; 26% of enrollees imputed in 2019-2020 briefs)",United States (50+DC+PR),US+PR,9800000.0,3800000.0,38.776,38.776,0.0,partial,,,"2019-race-etncity-data-brf.pdf, Appendix table","p.7, column 'Limited benefits', row Hispanic (rounded to 0.1-1M)"
2019,"CMS brief, Race and ethnicity of the national Medicaid and CHIP population in 2019 (rounded millions)",enrollees,"comprehensive-benefit enrollees aged 18 or younger, enrolled >=1 day; 50 states + DC + Puerto Rico (VI, Guam, AS, MP excluded); TAF R1 + Race/Ethnicity Imputation companion file: state-reported race/ethnicity if present and good quality, else enhanced BISG (surname, geography, first name, AIAN certification; 26% of enrollees imputed in 2019-2020 briefs)",United States (50+DC+PR),US+PR,39000000.0,13000000.0,33.333,33.333,0.0,partial,,,"2019-race-etncity-data-brf.pdf, Appendix table","p.7, column 'Child', row Hispanic (rounded to 0.1-1M)"
2019,"CMS brief, Race and ethnicity of the national Medicaid and CHIP population in 2019 (rounded millions)",enrollees,"comprehensive-benefit enrollees aged 19+, enrolled >=1 day, incl. duals; 50 states + DC + Puerto Rico (VI, Guam, AS, MP excluded); TAF R1 + Race/Ethnicity Imputation companion file: state-reported race/ethnicity if present and good quality, else enhanced BISG (surname, geography, first name, AIAN certification; 26% of enrollees imputed in 2019-2020 briefs)",United States (50+DC+PR),US+PR,47000000.0,11000000.0,23.404,23.404,0.0,partial,,,"2019-race-etncity-data-brf.pdf, Appendix table","p.7, column 'Adult', row Hispanic (rounded to 0.1-1M)"
