concept,rule,part,year,value_bn
net_cost_cbo_informed_sept27_low,flat,base,2005,177.550978
net_cost_cbo_informed_sept27_low,flat,base,2006,187.878618
net_cost_cbo_informed_sept27_low,flat,base,2007,193.365455
net_cost_cbo_informed_sept27_low,flat,base,2008,203.78439
net_cost_cbo_informed_sept27_low,flat,base,2009,210.091262
net_cost_cbo_informed_sept27_low,flat,base,2010,218.310669
net_cost_cbo_informed_sept27_low,flat,base,2011,222.475643
net_cost_cbo_informed_sept27_low,flat,base,2012,225.662339
net_cost_cbo_informed_sept27_low,flat,base,2013,229.291973
net_cost_cbo_informed_sept27_low,flat,base,2014,234.161356
net_cost_cbo_informed_sept27_low,flat,base,2015,237.320367
net_cost_cbo_informed_sept27_low,flat,base,2016,240.360099
net_cost_cbo_informed_sept27_low,flat,base,2017,243.094339
net_cost_cbo_informed_sept27_low,flat,base,2018,245.206815
net_cost_cbo_informed_sept27_low,flat,base,2019,246.530746
net_cost_cbo_informed_sept27_low,flat,base,2020,246.694912
net_cost_cbo_informed_sept27_low,flat,base,2021,246.859077
net_cost_cbo_informed_sept27_low,flat,base,2022,248.04502
net_cost_cbo_informed_sept27_low,flat,base,2023,251.868497
net_cost_cbo_informed_sept27_low,flat,base,2024,258.488538
net_cost_cbo_informed_sept27_low,flat,long_run_economic_affairs_services,2005,9.609383
net_cost_cbo_informed_sept27_low,flat,long_run_economic_affairs_services,2006,10.168334
net_cost_cbo_informed_sept27_low,flat,long_run_economic_affairs_services,2007,10.465292
net_cost_cbo_informed_sept27_low,flat,long_run_economic_affairs_services,2008,11.029184
net_cost_cbo_informed_sept27_low,flat,long_run_economic_affairs_services,2009,11.370523
net_cost_cbo_informed_sept27_low,flat,long_run_economic_affairs_services,2010,11.815372
net_cost_cbo_informed_sept27_low,flat,long_run_economic_affairs_services,2011,12.040788
net_cost_cbo_informed_sept27_low,flat,long_run_economic_affairs_services,2012,12.213258
net_cost_cbo_informed_sept27_low,flat,long_run_economic_affairs_services,2013,12.409701
net_cost_cbo_informed_sept27_low,flat,long_run_economic_affairs_services,2014,12.673241
net_cost_cbo_informed_sept27_low,flat,long_run_economic_affairs_services,2015,12.844212
net_cost_cbo_informed_sept27_low,flat,long_run_economic_affairs_services,2016,13.008728
net_cost_cbo_informed_sept27_low,flat,long_run_economic_affairs_services,2017,13.15671
net_cost_cbo_informed_sept27_low,flat,long_run_economic_affairs_services,2018,13.271041
net_cost_cbo_informed_sept27_low,flat,long_run_economic_affairs_services,2019,13.342695
net_cost_cbo_informed_sept27_low,flat,long_run_economic_affairs_services,2020,13.35158
net_cost_cbo_informed_sept27_low,flat,long_run_economic_affairs_services,2021,13.360464
net_cost_cbo_informed_sept27_low,flat,long_run_economic_affairs_services,2022,13.42465
net_cost_cbo_informed_sept27_low,flat,long_run_economic_affairs_services,2023,13.631583
net_cost_cbo_informed_sept27_low,flat,long_run_economic_affairs_services,2024,13.989872
net_cost_cbo_informed_sept27_low,flat,long_run_recreation_culture,2005,3.743934
net_cost_cbo_informed_sept27_low,flat,long_run_recreation_culture,2006,3.961708
net_cost_cbo_informed_sept27_low,flat,long_run_recreation_culture,2007,4.077406
net_cost_cbo_informed_sept27_low,flat,long_run_recreation_culture,2008,4.297106
net_cost_cbo_informed_sept27_low,flat,long_run_recreation_culture,2009,4.430096
net_cost_cbo_informed_sept27_low,flat,long_run_recreation_culture,2010,4.603414
net_cost_cbo_informed_sept27_low,flat,long_run_recreation_culture,2011,4.691239
net_cost_cbo_informed_sept27_low,flat,long_run_recreation_culture,2012,4.758436
net_cost_cbo_informed_sept27_low,flat,long_run_recreation_culture,2013,4.834972
net_cost_cbo_informed_sept27_low,flat,long_run_recreation_culture,2014,4.93765
net_cost_cbo_informed_sept27_low,flat,long_run_recreation_culture,2015,5.004263
net_cost_cbo_informed_sept27_low,flat,long_run_recreation_culture,2016,5.06836
net_cost_cbo_informed_sept27_low,flat,long_run_recreation_culture,2017,5.126016
net_cost_cbo_informed_sept27_low,flat,long_run_recreation_culture,2018,5.170561
net_cost_cbo_informed_sept27_low,flat,long_run_recreation_culture,2019,5.198478
net_cost_cbo_informed_sept27_low,flat,long_run_recreation_culture,2020,5.20194
net_cost_cbo_informed_sept27_low,flat,long_run_recreation_culture,2021,5.205401
net_cost_cbo_informed_sept27_low,flat,long_run_recreation_culture,2022,5.230409
net_cost_cbo_informed_sept27_low,flat,long_run_recreation_culture,2023,5.311033
net_cost_cbo_informed_sept27_low,flat,long_run_recreation_culture,2024,5.450626
net_cost_cbo_informed_sept27_low,flat,rental_assistance,2005,3.112992
net_cost_cbo_informed_sept27_low,flat,rental_assistance,2006,3.294066
net_cost_cbo_informed_sept27_low,flat,rental_assistance,2007,3.390266
net_cost_cbo_informed_sept27_low,flat,rental_assistance,2008,3.572941
net_cost_cbo_informed_sept27_low,flat,rental_assistance,2009,3.683519
net_cost_cbo_informed_sept27_low,flat,rental_assistance,2010,3.827629
net_cost_cbo_informed_sept27_low,flat,rental_assistance,2011,3.900654
net_cost_cbo_informed_sept27_low,flat,rental_assistance,2012,3.956526
net_cost_cbo_informed_sept27_low,flat,rental_assistance,2013,4.020164
net_cost_cbo_informed_sept27_low,flat,rental_assistance,2014,4.105539
net_cost_cbo_informed_sept27_low,flat,rental_assistance,2015,4.160925
net_cost_cbo_informed_sept27_low,flat,rental_assistance,2016,4.214221
net_cost_cbo_informed_sept27_low,flat,rental_assistance,2017,4.26216
net_cost_cbo_informed_sept27_low,flat,rental_assistance,2018,4.299198
net_cost_cbo_informed_sept27_low,flat,rental_assistance,2019,4.322411
net_cost_cbo_informed_sept27_low,flat,rental_assistance,2020,4.325289
net_cost_cbo_informed_sept27_low,flat,rental_assistance,2021,4.328167
net_cost_cbo_informed_sept27_low,flat,rental_assistance,2022,4.34896
net_cost_cbo_informed_sept27_low,flat,rental_assistance,2023,4.415997
net_cost_cbo_informed_sept27_low,flat,rental_assistance,2024,4.532066
net_cost_cbo_informed_sept27_low,flat,enterprise_surplus,2005,3.819846
net_cost_cbo_informed_sept27_low,flat,enterprise_surplus,2006,4.042036
net_cost_cbo_informed_sept27_low,flat,enterprise_surplus,2007,4.16008
net_cost_cbo_informed_sept27_low,flat,enterprise_surplus,2008,4.384234
net_cost_cbo_informed_sept27_low,flat,enterprise_surplus,2009,4.51992
net_cost_cbo_informed_sept27_low,flat,enterprise_surplus,2010,4.696753
net_cost_cbo_informed_sept27_low,flat,enterprise_surplus,2011,4.786359
net_cost_cbo_informed_sept27_low,flat,enterprise_surplus,2012,4.854918
net_cost_cbo_informed_sept27_low,flat,enterprise_surplus,2013,4.933006
net_cost_cbo_informed_sept27_low,flat,enterprise_surplus,2014,5.037766
net_cost_cbo_informed_sept27_low,flat,enterprise_surplus,2015,5.10573
net_cost_cbo_informed_sept27_low,flat,enterprise_surplus,2016,5.171127
net_cost_cbo_informed_sept27_low,flat,enterprise_surplus,2017,5.229951
net_cost_cbo_informed_sept27_low,flat,enterprise_surplus,2018,5.275399
net_cost_cbo_informed_sept27_low,flat,enterprise_surplus,2019,5.303882
net_cost_cbo_informed_sept27_low,flat,enterprise_surplus,2020,5.307414
net_cost_cbo_informed_sept27_low,flat,enterprise_surplus,2021,5.310946
net_cost_cbo_informed_sept27_low,flat,enterprise_surplus,2022,5.336461
net_cost_cbo_informed_sept27_low,flat,enterprise_surplus,2023,5.418719
net_cost_cbo_informed_sept27_low,flat,enterprise_surplus,2024,5.561143
net_cost_cbo_informed_sept27_low,flat,capital_core,2005,10.986154
net_cost_cbo_informed_sept27_low,flat,capital_core,2006,11.625188
net_cost_cbo_informed_sept27_low,flat,capital_core,2007,11.964691
net_cost_cbo_informed_sept27_low,flat,capital_core,2008,12.609374
net_cost_cbo_informed_sept27_low,flat,capital_core,2009,12.999618
net_cost_cbo_informed_sept27_low,flat,capital_core,2010,13.508203
net_cost_cbo_informed_sept27_low,flat,capital_core,2011,13.765915
net_cost_cbo_informed_sept27_low,flat,capital_core,2012,13.963095
net_cost_cbo_informed_sept27_low,flat,capital_core,2013,14.187683
net_cost_cbo_informed_sept27_low,flat,capital_core,2014,14.488981
net_cost_cbo_informed_sept27_low,flat,capital_core,2015,14.684448
net_cost_cbo_informed_sept27_low,flat,capital_core,2016,14.872535
net_cost_cbo_informed_sept27_low,flat,capital_core,2017,15.041719
net_cost_cbo_informed_sept27_low,flat,capital_core,2018,15.17243
net_cost_cbo_informed_sept27_low,flat,capital_core,2019,15.25435
net_cost_cbo_informed_sept27_low,flat,capital_core,2020,15.264508
net_cost_cbo_informed_sept27_low,flat,capital_core,2021,15.274666
net_cost_cbo_informed_sept27_low,flat,capital_core,2022,15.348047
net_cost_cbo_informed_sept27_low,flat,capital_core,2023,15.584629
net_cost_cbo_informed_sept27_low,flat,capital_core,2024,15.994251
net_cost_cbo_informed_sept27_low,flat,capital_block,2005,4.243686
net_cost_cbo_informed_sept27_low,flat,capital_block,2006,4.490529
net_cost_cbo_informed_sept27_low,flat,capital_block,2007,4.621672
net_cost_cbo_informed_sept27_low,flat,capital_block,2008,4.870697
net_cost_cbo_informed_sept27_low,flat,capital_block,2009,5.021439
net_cost_cbo_informed_sept27_low,flat,capital_block,2010,5.217893
net_cost_cbo_informed_sept27_low,flat,capital_block,2011,5.317441
net_cost_cbo_informed_sept27_low,flat,capital_block,2012,5.393607
net_cost_cbo_informed_sept27_low,flat,capital_block,2013,5.480359
net_cost_cbo_informed_sept27_low,flat,capital_block,2014,5.596744
net_cost_cbo_informed_sept27_low,flat,capital_block,2015,5.672248
net_cost_cbo_informed_sept27_low,flat,capital_block,2016,5.744901
net_cost_cbo_informed_sept27_low,flat,capital_block,2017,5.810253
net_cost_cbo_informed_sept27_low,flat,capital_block,2018,5.860744
net_cost_cbo_informed_sept27_low,flat,capital_block,2019,5.892387
net_cost_cbo_informed_sept27_low,flat,capital_block,2020,5.896311
net_cost_cbo_informed_sept27_low,flat,capital_block,2021,5.900235
net_cost_cbo_informed_sept27_low,flat,capital_block,2022,5.92858
net_cost_cbo_informed_sept27_low,flat,capital_block,2023,6.019966
net_cost_cbo_informed_sept27_low,flat,capital_block,2024,6.178193
net_cost_cbo_informed_sept27_low,flat,capital_enterprise,2005,7.984797
net_cost_cbo_informed_sept27_low,flat,capital_enterprise,2006,8.449251
net_cost_cbo_informed_sept27_low,flat,capital_enterprise,2007,8.696004
net_cost_cbo_informed_sept27_low,flat,capital_enterprise,2008,9.164563
net_cost_cbo_informed_sept27_low,flat,capital_enterprise,2009,9.448195
net_cost_cbo_informed_sept27_low,flat,capital_enterprise,2010,9.817836
net_cost_cbo_informed_sept27_low,flat,capital_enterprise,2011,10.005143
net_cost_cbo_informed_sept27_low,flat,capital_enterprise,2012,10.148455
net_cost_cbo_informed_sept27_low,flat,capital_enterprise,2013,10.311686
net_cost_cbo_informed_sept27_low,flat,capital_enterprise,2014,10.530671
net_cost_cbo_informed_sept27_low,flat,capital_enterprise,2015,10.672738
net_cost_cbo_informed_sept27_low,flat,capital_enterprise,2016,10.80944
net_cost_cbo_informed_sept27_low,flat,capital_enterprise,2017,10.932404
net_cost_cbo_informed_sept27_low,flat,capital_enterprise,2018,11.027406
net_cost_cbo_informed_sept27_low,flat,capital_enterprise,2019,11.086946
net_cost_cbo_informed_sept27_low,flat,capital_enterprise,2020,11.094329
net_cost_cbo_informed_sept27_low,flat,capital_enterprise,2021,11.101711
net_cost_cbo_informed_sept27_low,flat,capital_enterprise,2022,11.155046
net_cost_cbo_informed_sept27_low,flat,capital_enterprise,2023,11.326994
net_cost_cbo_informed_sept27_low,flat,capital_enterprise,2024,11.62471
net_cost_cbo_informed_sept27_low,ratio,base,2005,94.669578
net_cost_cbo_informed_sept27_low,ratio,base,2006,93.43442
net_cost_cbo_informed_sept27_low,ratio,base,2007,103.419795
net_cost_cbo_informed_sept27_low,ratio,base,2008,147.332534
net_cost_cbo_informed_sept27_low,ratio,base,2009,212.734174
net_cost_cbo_informed_sept27_low,ratio,base,2010,224.614578
net_cost_cbo_informed_sept27_low,ratio,base,2011,214.673564
net_cost_cbo_informed_sept27_low,ratio,base,2012,200.574217
net_cost_cbo_informed_sept27_low,ratio,base,2013,164.491617
net_cost_cbo_informed_sept27_low,ratio,base,2014,161.118279
net_cost_cbo_informed_sept27_low,ratio,base,2015,158.958582
net_cost_cbo_informed_sept27_low,ratio,base,2016,171.542722
net_cost_cbo_informed_sept27_low,ratio,base,2017,176.107726
net_cost_cbo_informed_sept27_low,ratio,base,2018,188.578806
net_cost_cbo_informed_sept27_low,ratio,base,2019,201.951256
net_cost_cbo_informed_sept27_low,ratio,base,2020,351.667634
net_cost_cbo_informed_sept27_low,ratio,base,2021,318.086362
net_cost_cbo_informed_sept27_low,ratio,base,2022,179.586884
net_cost_cbo_informed_sept27_low,ratio,base,2023,238.1944
net_cost_cbo_informed_sept27_low,ratio,base,2024,258.488538
net_cost_cbo_informed_sept27_low,ratio,long_run_economic_affairs_services,2005,8.362944
net_cost_cbo_informed_sept27_low,ratio,long_run_economic_affairs_services,2006,9.009217
net_cost_cbo_informed_sept27_low,ratio,long_run_economic_affairs_services,2007,9.629417
net_cost_cbo_informed_sept27_low,ratio,long_run_economic_affairs_services,2008,10.407227
net_cost_cbo_informed_sept27_low,ratio,long_run_economic_affairs_services,2009,10.881823
net_cost_cbo_informed_sept27_low,ratio,long_run_economic_affairs_services,2010,11.623316
net_cost_cbo_informed_sept27_low,ratio,long_run_economic_affairs_services,2011,11.19013
net_cost_cbo_informed_sept27_low,ratio,long_run_economic_affairs_services,2012,11.233433
net_cost_cbo_informed_sept27_low,ratio,long_run_economic_affairs_services,2013,11.163827
net_cost_cbo_informed_sept27_low,ratio,long_run_economic_affairs_services,2014,11.240788
net_cost_cbo_informed_sept27_low,ratio,long_run_economic_affairs_services,2015,11.444448
net_cost_cbo_informed_sept27_low,ratio,long_run_economic_affairs_services,2016,11.50246
net_cost_cbo_informed_sept27_low,ratio,long_run_economic_affairs_services,2017,11.618278
net_cost_cbo_informed_sept27_low,ratio,long_run_economic_affairs_services,2018,12.048008
net_cost_cbo_informed_sept27_low,ratio,long_run_economic_affairs_services,2019,12.280815
net_cost_cbo_informed_sept27_low,ratio,long_run_economic_affairs_services,2020,13.071685
net_cost_cbo_informed_sept27_low,ratio,long_run_economic_affairs_services,2021,13.522543
net_cost_cbo_informed_sept27_low,ratio,long_run_economic_affairs_services,2022,12.336948
net_cost_cbo_informed_sept27_low,ratio,long_run_economic_affairs_services,2023,12.972557
net_cost_cbo_informed_sept27_low,ratio,long_run_economic_affairs_services,2024,13.989872
net_cost_cbo_informed_sept27_low,ratio,long_run_recreation_culture,2005,3.301166
net_cost_cbo_informed_sept27_low,ratio,long_run_recreation_culture,2006,3.597348
net_cost_cbo_informed_sept27_low,ratio,long_run_recreation_culture,2007,3.78048
net_cost_cbo_informed_sept27_low,ratio,long_run_recreation_culture,2008,4.097119
net_cost_cbo_informed_sept27_low,ratio,long_run_recreation_culture,2009,4.217419
net_cost_cbo_informed_sept27_low,ratio,long_run_recreation_culture,2010,4.308325
net_cost_cbo_informed_sept27_low,ratio,long_run_recreation_culture,2011,4.141602
net_cost_cbo_informed_sept27_low,ratio,long_run_recreation_culture,2012,4.077996
net_cost_cbo_informed_sept27_low,ratio,long_run_recreation_culture,2013,4.195579
net_cost_cbo_informed_sept27_low,ratio,long_run_recreation_culture,2014,4.313122
net_cost_cbo_informed_sept27_low,ratio,long_run_recreation_culture,2015,4.43809
net_cost_cbo_informed_sept27_low,ratio,long_run_recreation_culture,2016,4.65322
net_cost_cbo_informed_sept27_low,ratio,long_run_recreation_culture,2017,4.747169
net_cost_cbo_informed_sept27_low,ratio,long_run_recreation_culture,2018,4.916656
net_cost_cbo_informed_sept27_low,ratio,long_run_recreation_culture,2019,5.147876
net_cost_cbo_informed_sept27_low,ratio,long_run_recreation_culture,2020,5.067192
net_cost_cbo_informed_sept27_low,ratio,long_run_recreation_culture,2021,4.941775
net_cost_cbo_informed_sept27_low,ratio,long_run_recreation_culture,2022,5.179955
net_cost_cbo_informed_sept27_low,ratio,long_run_recreation_culture,2023,5.244006
net_cost_cbo_informed_sept27_low,ratio,long_run_recreation_culture,2024,5.450626
net_cost_cbo_informed_sept27_low,ratio,rental_assistance,2005,2.524119
net_cost_cbo_informed_sept27_low,ratio,rental_assistance,2006,2.655
net_cost_cbo_informed_sept27_low,ratio,rental_assistance,2007,2.718717
net_cost_cbo_informed_sept27_low,ratio,rental_assistance,2008,2.819105
net_cost_cbo_informed_sept27_low,ratio,rental_assistance,2009,3.151353
net_cost_cbo_informed_sept27_low,ratio,rental_assistance,2010,3.187315
net_cost_cbo_informed_sept27_low,ratio,rental_assistance,2011,3.308314
net_cost_cbo_informed_sept27_low,ratio,rental_assistance,2012,3.178466
net_cost_cbo_informed_sept27_low,ratio,rental_assistance,2013,3.14514
net_cost_cbo_informed_sept27_low,ratio,rental_assistance,2014,3.188178
net_cost_cbo_informed_sept27_low,ratio,rental_assistance,2015,3.275448
net_cost_cbo_informed_sept27_low,ratio,rental_assistance,2016,3.512629
net_cost_cbo_informed_sept27_low,ratio,rental_assistance,2017,3.301851
net_cost_cbo_informed_sept27_low,ratio,rental_assistance,2018,3.516221
net_cost_cbo_informed_sept27_low,ratio,rental_assistance,2019,3.577785
net_cost_cbo_informed_sept27_low,ratio,rental_assistance,2020,3.865451
net_cost_cbo_informed_sept27_low,ratio,rental_assistance,2021,3.788167
net_cost_cbo_informed_sept27_low,ratio,rental_assistance,2022,3.746339
net_cost_cbo_informed_sept27_low,ratio,rental_assistance,2023,4.058563
net_cost_cbo_informed_sept27_low,ratio,rental_assistance,2024,4.532066
net_cost_cbo_informed_sept27_low,ratio,enterprise_surplus,2005,0.490534
net_cost_cbo_informed_sept27_low,ratio,enterprise_surplus,2006,0.853953
net_cost_cbo_informed_sept27_low,ratio,enterprise_surplus,2007,1.847371
net_cost_cbo_informed_sept27_low,ratio,enterprise_surplus,2008,2.459287
net_cost_cbo_informed_sept27_low,ratio,enterprise_surplus,2009,2.173422
net_cost_cbo_informed_sept27_low,ratio,enterprise_surplus,2010,2.819135
net_cost_cbo_informed_sept27_low,ratio,enterprise_surplus,2011,2.686704
net_cost_cbo_informed_sept27_low,ratio,enterprise_surplus,2012,2.030378
net_cost_cbo_informed_sept27_low,ratio,enterprise_surplus,2013,2.012881
net_cost_cbo_informed_sept27_low,ratio,enterprise_surplus,2014,1.245274
net_cost_cbo_informed_sept27_low,ratio,enterprise_surplus,2015,0.416792
net_cost_cbo_informed_sept27_low,ratio,enterprise_surplus,2016,0.313938
net_cost_cbo_informed_sept27_low,ratio,enterprise_surplus,2017,0.611643
net_cost_cbo_informed_sept27_low,ratio,enterprise_surplus,2018,0.647385
net_cost_cbo_informed_sept27_low,ratio,enterprise_surplus,2019,1.684152
net_cost_cbo_informed_sept27_low,ratio,enterprise_surplus,2020,0.417716
net_cost_cbo_informed_sept27_low,ratio,enterprise_surplus,2021,1.424219
net_cost_cbo_informed_sept27_low,ratio,enterprise_surplus,2022,1.946247
net_cost_cbo_informed_sept27_low,ratio,enterprise_surplus,2023,5.538794
net_cost_cbo_informed_sept27_low,ratio,enterprise_surplus,2024,5.561143
net_cost_cbo_informed_sept27_low,ratio,capital_core,2005,6.595808
net_cost_cbo_informed_sept27_low,ratio,capital_core,2006,7.471965
net_cost_cbo_informed_sept27_low,ratio,capital_core,2007,8.121127
net_cost_cbo_informed_sept27_low,ratio,capital_core,2008,9.079805
net_cost_cbo_informed_sept27_low,ratio,capital_core,2009,9.717331
net_cost_cbo_informed_sept27_low,ratio,capital_core,2010,10.03789
net_cost_cbo_informed_sept27_low,ratio,capital_core,2011,10.374833
net_cost_cbo_informed_sept27_low,ratio,capital_core,2012,10.679845
net_cost_cbo_informed_sept27_low,ratio,capital_core,2013,10.984067
net_cost_cbo_informed_sept27_low,ratio,capital_core,2014,11.380733
net_cost_cbo_informed_sept27_low,ratio,capital_core,2015,11.70022
net_cost_cbo_informed_sept27_low,ratio,capital_core,2016,11.9537
net_cost_cbo_informed_sept27_low,ratio,capital_core,2017,12.218906
net_cost_cbo_informed_sept27_low,ratio,capital_core,2018,12.683867
net_cost_cbo_informed_sept27_low,ratio,capital_core,2019,13.257913
net_cost_cbo_informed_sept27_low,ratio,capital_core,2020,13.596976
net_cost_cbo_informed_sept27_low,ratio,capital_core,2021,13.963867
net_cost_cbo_informed_sept27_low,ratio,capital_core,2022,14.959496
net_cost_cbo_informed_sept27_low,ratio,capital_core,2023,15.755942
net_cost_cbo_informed_sept27_low,ratio,capital_core,2024,15.994251
net_cost_cbo_informed_sept27_low,ratio,capital_block,2005,2.90339
net_cost_cbo_informed_sept27_low,ratio,capital_block,2006,3.33213
net_cost_cbo_informed_sept27_low,ratio,capital_block,2007,3.716828
net_cost_cbo_informed_sept27_low,ratio,capital_block,2008,4.130771
net_cost_cbo_informed_sept27_low,ratio,capital_block,2009,4.326606
net_cost_cbo_informed_sept27_low,ratio,capital_block,2010,4.488555
net_cost_cbo_informed_sept27_low,ratio,capital_block,2011,4.662114
net_cost_cbo_informed_sept27_low,ratio,capital_block,2012,4.847883
net_cost_cbo_informed_sept27_low,ratio,capital_block,2013,4.981225
net_cost_cbo_informed_sept27_low,ratio,capital_block,2014,5.068764
net_cost_cbo_informed_sept27_low,ratio,capital_block,2015,5.108448
net_cost_cbo_informed_sept27_low,ratio,capital_block,2016,5.203161
net_cost_cbo_informed_sept27_low,ratio,capital_block,2017,5.344023
net_cost_cbo_informed_sept27_low,ratio,capital_block,2018,5.487896
net_cost_cbo_informed_sept27_low,ratio,capital_block,2019,5.616319
net_cost_cbo_informed_sept27_low,ratio,capital_block,2020,5.693138
net_cost_cbo_informed_sept27_low,ratio,capital_block,2021,5.833596
net_cost_cbo_informed_sept27_low,ratio,capital_block,2022,5.902591
net_cost_cbo_informed_sept27_low,ratio,capital_block,2023,6.005268
net_cost_cbo_informed_sept27_low,ratio,capital_block,2024,6.178193
net_cost_cbo_informed_sept27_low,ratio,capital_enterprise,2005,5.251226
net_cost_cbo_informed_sept27_low,ratio,capital_enterprise,2006,5.849367
net_cost_cbo_informed_sept27_low,ratio,capital_enterprise,2007,6.312024
net_cost_cbo_informed_sept27_low,ratio,capital_enterprise,2008,6.869158
net_cost_cbo_informed_sept27_low,ratio,capital_enterprise,2009,7.17724
net_cost_cbo_informed_sept27_low,ratio,capital_enterprise,2010,7.531659
net_cost_cbo_informed_sept27_low,ratio,capital_enterprise,2011,7.877755
net_cost_cbo_informed_sept27_low,ratio,capital_enterprise,2012,8.16062
net_cost_cbo_informed_sept27_low,ratio,capital_enterprise,2013,8.400392
net_cost_cbo_informed_sept27_low,ratio,capital_enterprise,2014,8.674499
net_cost_cbo_informed_sept27_low,ratio,capital_enterprise,2015,8.894481
net_cost_cbo_informed_sept27_low,ratio,capital_enterprise,2016,9.133166
net_cost_cbo_informed_sept27_low,ratio,capital_enterprise,2017,9.392931
net_cost_cbo_informed_sept27_low,ratio,capital_enterprise,2018,9.670296
net_cost_cbo_informed_sept27_low,ratio,capital_enterprise,2019,9.938578
net_cost_cbo_informed_sept27_low,ratio,capital_enterprise,2020,10.151268
net_cost_cbo_informed_sept27_low,ratio,capital_enterprise,2021,10.560832
net_cost_cbo_informed_sept27_low,ratio,capital_enterprise,2022,10.973592
net_cost_cbo_informed_sept27_low,ratio,capital_enterprise,2023,11.349741
net_cost_cbo_informed_sept27_low,ratio,capital_enterprise,2024,11.62471
net_cost_cbo_informed_sept27_low,income,base,2005,135.954972
net_cost_cbo_informed_sept27_low,income,base,2006,139.229913
net_cost_cbo_informed_sept27_low,income,base,2007,151.10808
net_cost_cbo_informed_sept27_low,income,base,2008,195.197358
net_cost_cbo_informed_sept27_low,income,base,2009,261.333249
net_cost_cbo_informed_sept27_low,income,base,2010,277.886719
net_cost_cbo_informed_sept27_low,income,base,2011,270.762331
net_cost_cbo_informed_sept27_low,income,base,2012,256.238538
net_cost_cbo_informed_sept27_low,income,base,2013,227.179366
net_cost_cbo_informed_sept27_low,income,base,2014,220.332181
net_cost_cbo_informed_sept27_low,income,base,2015,216.448364
net_cost_cbo_informed_sept27_low,income,base,2016,222.157793
net_cost_cbo_informed_sept27_low,income,base,2017,219.29131
net_cost_cbo_informed_sept27_low,income,base,2018,228.31632
net_cost_cbo_informed_sept27_low,income,base,2019,236.13929
net_cost_cbo_informed_sept27_low,income,base,2020,378.026925
net_cost_cbo_informed_sept27_low,income,base,2021,338.602443
net_cost_cbo_informed_sept27_low,income,base,2022,196.097482
net_cost_cbo_informed_sept27_low,income,base,2023,247.237286
net_cost_cbo_informed_sept27_low,income,base,2024,258.488538
net_cost_cbo_informed_sept27_low,income,long_run_economic_affairs_services,2005,8.362944
net_cost_cbo_informed_sept27_low,income,long_run_economic_affairs_services,2006,9.009217
net_cost_cbo_informed_sept27_low,income,long_run_economic_affairs_services,2007,9.629417
net_cost_cbo_informed_sept27_low,income,long_run_economic_affairs_services,2008,10.407227
net_cost_cbo_informed_sept27_low,income,long_run_economic_affairs_services,2009,10.881823
net_cost_cbo_informed_sept27_low,income,long_run_economic_affairs_services,2010,11.623316
net_cost_cbo_informed_sept27_low,income,long_run_economic_affairs_services,2011,11.19013
net_cost_cbo_informed_sept27_low,income,long_run_economic_affairs_services,2012,11.233433
net_cost_cbo_informed_sept27_low,income,long_run_economic_affairs_services,2013,11.163827
net_cost_cbo_informed_sept27_low,income,long_run_economic_affairs_services,2014,11.240788
net_cost_cbo_informed_sept27_low,income,long_run_economic_affairs_services,2015,11.444448
net_cost_cbo_informed_sept27_low,income,long_run_economic_affairs_services,2016,11.50246
net_cost_cbo_informed_sept27_low,income,long_run_economic_affairs_services,2017,11.618278
net_cost_cbo_informed_sept27_low,income,long_run_economic_affairs_services,2018,12.048008
net_cost_cbo_informed_sept27_low,income,long_run_economic_affairs_services,2019,12.280815
net_cost_cbo_informed_sept27_low,income,long_run_economic_affairs_services,2020,13.071685
net_cost_cbo_informed_sept27_low,income,long_run_economic_affairs_services,2021,13.522543
net_cost_cbo_informed_sept27_low,income,long_run_economic_affairs_services,2022,12.336948
net_cost_cbo_informed_sept27_low,income,long_run_economic_affairs_services,2023,12.972557
net_cost_cbo_informed_sept27_low,income,long_run_economic_affairs_services,2024,13.989872
net_cost_cbo_informed_sept27_low,income,long_run_recreation_culture,2005,3.301166
net_cost_cbo_informed_sept27_low,income,long_run_recreation_culture,2006,3.597348
net_cost_cbo_informed_sept27_low,income,long_run_recreation_culture,2007,3.78048
net_cost_cbo_informed_sept27_low,income,long_run_recreation_culture,2008,4.097119
net_cost_cbo_informed_sept27_low,income,long_run_recreation_culture,2009,4.217419
net_cost_cbo_informed_sept27_low,income,long_run_recreation_culture,2010,4.308325
net_cost_cbo_informed_sept27_low,income,long_run_recreation_culture,2011,4.141602
net_cost_cbo_informed_sept27_low,income,long_run_recreation_culture,2012,4.077996
net_cost_cbo_informed_sept27_low,income,long_run_recreation_culture,2013,4.195579
net_cost_cbo_informed_sept27_low,income,long_run_recreation_culture,2014,4.313122
net_cost_cbo_informed_sept27_low,income,long_run_recreation_culture,2015,4.43809
net_cost_cbo_informed_sept27_low,income,long_run_recreation_culture,2016,4.65322
net_cost_cbo_informed_sept27_low,income,long_run_recreation_culture,2017,4.747169
net_cost_cbo_informed_sept27_low,income,long_run_recreation_culture,2018,4.916656
net_cost_cbo_informed_sept27_low,income,long_run_recreation_culture,2019,5.147876
net_cost_cbo_informed_sept27_low,income,long_run_recreation_culture,2020,5.067192
net_cost_cbo_informed_sept27_low,income,long_run_recreation_culture,2021,4.941775
net_cost_cbo_informed_sept27_low,income,long_run_recreation_culture,2022,5.179955
net_cost_cbo_informed_sept27_low,income,long_run_recreation_culture,2023,5.244006
net_cost_cbo_informed_sept27_low,income,long_run_recreation_culture,2024,5.450626
net_cost_cbo_informed_sept27_low,income,rental_assistance,2005,2.524119
net_cost_cbo_informed_sept27_low,income,rental_assistance,2006,2.655
net_cost_cbo_informed_sept27_low,income,rental_assistance,2007,2.718717
net_cost_cbo_informed_sept27_low,income,rental_assistance,2008,2.819105
net_cost_cbo_informed_sept27_low,income,rental_assistance,2009,3.151353
net_cost_cbo_informed_sept27_low,income,rental_assistance,2010,3.187315
net_cost_cbo_informed_sept27_low,income,rental_assistance,2011,3.308314
net_cost_cbo_informed_sept27_low,income,rental_assistance,2012,3.178466
net_cost_cbo_informed_sept27_low,income,rental_assistance,2013,3.14514
net_cost_cbo_informed_sept27_low,income,rental_assistance,2014,3.188178
net_cost_cbo_informed_sept27_low,income,rental_assistance,2015,3.275448
net_cost_cbo_informed_sept27_low,income,rental_assistance,2016,3.512629
net_cost_cbo_informed_sept27_low,income,rental_assistance,2017,3.301851
net_cost_cbo_informed_sept27_low,income,rental_assistance,2018,3.516221
net_cost_cbo_informed_sept27_low,income,rental_assistance,2019,3.577785
net_cost_cbo_informed_sept27_low,income,rental_assistance,2020,3.865451
net_cost_cbo_informed_sept27_low,income,rental_assistance,2021,3.788167
net_cost_cbo_informed_sept27_low,income,rental_assistance,2022,3.746339
net_cost_cbo_informed_sept27_low,income,rental_assistance,2023,4.058563
net_cost_cbo_informed_sept27_low,income,rental_assistance,2024,4.532066
net_cost_cbo_informed_sept27_low,income,enterprise_surplus,2005,0.490534
net_cost_cbo_informed_sept27_low,income,enterprise_surplus,2006,0.853953
net_cost_cbo_informed_sept27_low,income,enterprise_surplus,2007,1.847371
net_cost_cbo_informed_sept27_low,income,enterprise_surplus,2008,2.459287
net_cost_cbo_informed_sept27_low,income,enterprise_surplus,2009,2.173422
net_cost_cbo_informed_sept27_low,income,enterprise_surplus,2010,2.819135
net_cost_cbo_informed_sept27_low,income,enterprise_surplus,2011,2.686704
net_cost_cbo_informed_sept27_low,income,enterprise_surplus,2012,2.030378
net_cost_cbo_informed_sept27_low,income,enterprise_surplus,2013,2.012881
net_cost_cbo_informed_sept27_low,income,enterprise_surplus,2014,1.245274
net_cost_cbo_informed_sept27_low,income,enterprise_surplus,2015,0.416792
net_cost_cbo_informed_sept27_low,income,enterprise_surplus,2016,0.313938
net_cost_cbo_informed_sept27_low,income,enterprise_surplus,2017,0.611643
net_cost_cbo_informed_sept27_low,income,enterprise_surplus,2018,0.647385
net_cost_cbo_informed_sept27_low,income,enterprise_surplus,2019,1.684152
net_cost_cbo_informed_sept27_low,income,enterprise_surplus,2020,0.417716
net_cost_cbo_informed_sept27_low,income,enterprise_surplus,2021,1.424219
net_cost_cbo_informed_sept27_low,income,enterprise_surplus,2022,1.946247
net_cost_cbo_informed_sept27_low,income,enterprise_surplus,2023,5.538794
net_cost_cbo_informed_sept27_low,income,enterprise_surplus,2024,5.561143
net_cost_cbo_informed_sept27_low,income,capital_core,2005,6.595808
net_cost_cbo_informed_sept27_low,income,capital_core,2006,7.471965
net_cost_cbo_informed_sept27_low,income,capital_core,2007,8.121127
net_cost_cbo_informed_sept27_low,income,capital_core,2008,9.079805
net_cost_cbo_informed_sept27_low,income,capital_core,2009,9.717331
net_cost_cbo_informed_sept27_low,income,capital_core,2010,10.03789
net_cost_cbo_informed_sept27_low,income,capital_core,2011,10.374833
net_cost_cbo_informed_sept27_low,income,capital_core,2012,10.679845
net_cost_cbo_informed_sept27_low,income,capital_core,2013,10.984067
net_cost_cbo_informed_sept27_low,income,capital_core,2014,11.380733
net_cost_cbo_informed_sept27_low,income,capital_core,2015,11.70022
net_cost_cbo_informed_sept27_low,income,capital_core,2016,11.9537
net_cost_cbo_informed_sept27_low,income,capital_core,2017,12.218906
net_cost_cbo_informed_sept27_low,income,capital_core,2018,12.683867
net_cost_cbo_informed_sept27_low,income,capital_core,2019,13.257913
net_cost_cbo_informed_sept27_low,income,capital_core,2020,13.596976
net_cost_cbo_informed_sept27_low,income,capital_core,2021,13.963867
net_cost_cbo_informed_sept27_low,income,capital_core,2022,14.959496
net_cost_cbo_informed_sept27_low,income,capital_core,2023,15.755942
net_cost_cbo_informed_sept27_low,income,capital_core,2024,15.994251
net_cost_cbo_informed_sept27_low,income,capital_block,2005,2.90339
net_cost_cbo_informed_sept27_low,income,capital_block,2006,3.33213
net_cost_cbo_informed_sept27_low,income,capital_block,2007,3.716828
net_cost_cbo_informed_sept27_low,income,capital_block,2008,4.130771
net_cost_cbo_informed_sept27_low,income,capital_block,2009,4.326606
net_cost_cbo_informed_sept27_low,income,capital_block,2010,4.488555
net_cost_cbo_informed_sept27_low,income,capital_block,2011,4.662114
net_cost_cbo_informed_sept27_low,income,capital_block,2012,4.847883
net_cost_cbo_informed_sept27_low,income,capital_block,2013,4.981225
net_cost_cbo_informed_sept27_low,income,capital_block,2014,5.068764
net_cost_cbo_informed_sept27_low,income,capital_block,2015,5.108448
net_cost_cbo_informed_sept27_low,income,capital_block,2016,5.203161
net_cost_cbo_informed_sept27_low,income,capital_block,2017,5.344023
net_cost_cbo_informed_sept27_low,income,capital_block,2018,5.487896
net_cost_cbo_informed_sept27_low,income,capital_block,2019,5.616319
net_cost_cbo_informed_sept27_low,income,capital_block,2020,5.693138
net_cost_cbo_informed_sept27_low,income,capital_block,2021,5.833596
net_cost_cbo_informed_sept27_low,income,capital_block,2022,5.902591
net_cost_cbo_informed_sept27_low,income,capital_block,2023,6.005268
net_cost_cbo_informed_sept27_low,income,capital_block,2024,6.178193
net_cost_cbo_informed_sept27_low,income,capital_enterprise,2005,5.251226
net_cost_cbo_informed_sept27_low,income,capital_enterprise,2006,5.849367
net_cost_cbo_informed_sept27_low,income,capital_enterprise,2007,6.312024
net_cost_cbo_informed_sept27_low,income,capital_enterprise,2008,6.869158
net_cost_cbo_informed_sept27_low,income,capital_enterprise,2009,7.17724
net_cost_cbo_informed_sept27_low,income,capital_enterprise,2010,7.531659
net_cost_cbo_informed_sept27_low,income,capital_enterprise,2011,7.877755
net_cost_cbo_informed_sept27_low,income,capital_enterprise,2012,8.16062
net_cost_cbo_informed_sept27_low,income,capital_enterprise,2013,8.400392
net_cost_cbo_informed_sept27_low,income,capital_enterprise,2014,8.674499
net_cost_cbo_informed_sept27_low,income,capital_enterprise,2015,8.894481
net_cost_cbo_informed_sept27_low,income,capital_enterprise,2016,9.133166
net_cost_cbo_informed_sept27_low,income,capital_enterprise,2017,9.392931
net_cost_cbo_informed_sept27_low,income,capital_enterprise,2018,9.670296
net_cost_cbo_informed_sept27_low,income,capital_enterprise,2019,9.938578
net_cost_cbo_informed_sept27_low,income,capital_enterprise,2020,10.151268
net_cost_cbo_informed_sept27_low,income,capital_enterprise,2021,10.560832
net_cost_cbo_informed_sept27_low,income,capital_enterprise,2022,10.973592
net_cost_cbo_informed_sept27_low,income,capital_enterprise,2023,11.349741
net_cost_cbo_informed_sept27_low,income,capital_enterprise,2024,11.62471
net_cost_cbo_informed_sept27_high,flat,base,2005,200.538345
net_cost_cbo_informed_sept27_high,flat,base,2006,212.203094
net_cost_cbo_informed_sept27_high,flat,base,2007,218.400307
net_cost_cbo_informed_sept27_high,flat,base,2008,230.168173
net_cost_cbo_informed_sept27_high,flat,base,2009,237.29159
net_cost_cbo_informed_sept27_high,flat,base,2010,246.575156
net_cost_cbo_informed_sept27_high,flat,base,2011,251.279365
net_cost_cbo_informed_sept27_high,flat,base,2012,254.878641
net_cost_cbo_informed_sept27_high,flat,base,2013,258.9782
net_cost_cbo_informed_sept27_high,flat,base,2014,264.478017
net_cost_cbo_informed_sept27_high,flat,base,2015,268.046023
net_cost_cbo_informed_sept27_high,flat,base,2016,271.479306
net_cost_cbo_informed_sept27_high,flat,base,2017,274.567546
net_cost_cbo_informed_sept27_high,flat,base,2018,276.953522
net_cost_cbo_informed_sept27_high,flat,base,2019,278.448862
net_cost_cbo_informed_sept27_high,flat,base,2020,278.634282
net_cost_cbo_informed_sept27_high,flat,base,2021,278.819702
net_cost_cbo_informed_sept27_high,flat,base,2022,280.159187
net_cost_cbo_informed_sept27_high,flat,base,2023,284.477686
net_cost_cbo_informed_sept27_high,flat,base,2024,291.954818
net_cost_cbo_informed_sept27_high,flat,long_run_economic_affairs_services,2005,15.981117
net_cost_cbo_informed_sept27_high,flat,long_run_economic_affairs_services,2006,16.910693
net_cost_cbo_informed_sept27_high,flat,long_run_economic_affairs_services,2007,17.404556
net_cost_cbo_informed_sept27_high,flat,long_run_economic_affairs_services,2008,18.34235
net_cost_cbo_informed_sept27_high,flat,long_run_economic_affairs_services,2009,18.910022
net_cost_cbo_informed_sept27_high,flat,long_run_economic_affairs_services,2010,19.64984
net_cost_cbo_informed_sept27_high,flat,long_run_economic_affairs_services,2011,20.024723
net_cost_cbo_informed_sept27_high,flat,long_run_economic_affairs_services,2012,20.311554
net_cost_cbo_informed_sept27_high,flat,long_run_economic_affairs_services,2013,20.638252
net_cost_cbo_informed_sept27_high,flat,long_run_economic_affairs_services,2014,21.076538
net_cost_cbo_informed_sept27_high,flat,long_run_economic_affairs_services,2015,21.360876
net_cost_cbo_informed_sept27_high,flat,long_run_economic_affairs_services,2016,21.634478
net_cost_cbo_informed_sept27_high,flat,long_run_economic_affairs_services,2017,21.880584
net_cost_cbo_informed_sept27_high,flat,long_run_economic_affairs_services,2018,22.070725
net_cost_cbo_informed_sept27_high,flat,long_run_economic_affairs_services,2019,22.18989
net_cost_cbo_informed_sept27_high,flat,long_run_economic_affairs_services,2020,22.204666
net_cost_cbo_informed_sept27_high,flat,long_run_economic_affairs_services,2021,22.219442
net_cost_cbo_informed_sept27_high,flat,long_run_economic_affairs_services,2022,22.326187
net_cost_cbo_informed_sept27_high,flat,long_run_economic_affairs_services,2023,22.670333
net_cost_cbo_informed_sept27_high,flat,long_run_economic_affairs_services,2024,23.266194
net_cost_cbo_informed_sept27_high,flat,long_run_recreation_culture,2005,4.372863
net_cost_cbo_informed_sept27_high,flat,long_run_recreation_culture,2006,4.62722
net_cost_cbo_informed_sept27_high,flat,long_run_recreation_culture,2007,4.762354
net_cost_cbo_informed_sept27_high,flat,long_run_recreation_culture,2008,5.018959
net_cost_cbo_informed_sept27_high,flat,long_run_recreation_culture,2009,5.17429
net_cost_cbo_informed_sept27_high,flat,long_run_recreation_culture,2010,5.376724
net_cost_cbo_informed_sept27_high,flat,long_run_recreation_culture,2011,5.479302
net_cost_cbo_informed_sept27_high,flat,long_run_recreation_culture,2012,5.557786
net_cost_cbo_informed_sept27_high,flat,long_run_recreation_culture,2013,5.64718
net_cost_cbo_informed_sept27_high,flat,long_run_recreation_culture,2014,5.767107
net_cost_cbo_informed_sept27_high,flat,long_run_recreation_culture,2015,5.844909
net_cost_cbo_informed_sept27_high,flat,long_run_recreation_culture,2016,5.919774
net_cost_cbo_informed_sept27_high,flat,long_run_recreation_culture,2017,5.987115
net_cost_cbo_informed_sept27_high,flat,long_run_recreation_culture,2018,6.039143
net_cost_cbo_informed_sept27_high,flat,long_run_recreation_culture,2019,6.07175
net_cost_cbo_informed_sept27_high,flat,long_run_recreation_culture,2020,6.075793
net_cost_cbo_informed_sept27_high,flat,long_run_recreation_culture,2021,6.079836
net_cost_cbo_informed_sept27_high,flat,long_run_recreation_culture,2022,6.109044
net_cost_cbo_informed_sept27_high,flat,long_run_recreation_culture,2023,6.203212
net_cost_cbo_informed_sept27_high,flat,long_run_recreation_culture,2024,6.366255
net_cost_cbo_informed_sept27_high,flat,rental_assistance,2005,3.112992
net_cost_cbo_informed_sept27_high,flat,rental_assistance,2006,3.294066
net_cost_cbo_informed_sept27_high,flat,rental_assistance,2007,3.390266
net_cost_cbo_informed_sept27_high,flat,rental_assistance,2008,3.572941
net_cost_cbo_informed_sept27_high,flat,rental_assistance,2009,3.683519
net_cost_cbo_informed_sept27_high,flat,rental_assistance,2010,3.827629
net_cost_cbo_informed_sept27_high,flat,rental_assistance,2011,3.900654
net_cost_cbo_informed_sept27_high,flat,rental_assistance,2012,3.956526
net_cost_cbo_informed_sept27_high,flat,rental_assistance,2013,4.020164
net_cost_cbo_informed_sept27_high,flat,rental_assistance,2014,4.105539
net_cost_cbo_informed_sept27_high,flat,rental_assistance,2015,4.160925
net_cost_cbo_informed_sept27_high,flat,rental_assistance,2016,4.214221
net_cost_cbo_informed_sept27_high,flat,rental_assistance,2017,4.26216
net_cost_cbo_informed_sept27_high,flat,rental_assistance,2018,4.299198
net_cost_cbo_informed_sept27_high,flat,rental_assistance,2019,4.322411
net_cost_cbo_informed_sept27_high,flat,rental_assistance,2020,4.325289
net_cost_cbo_informed_sept27_high,flat,rental_assistance,2021,4.328167
net_cost_cbo_informed_sept27_high,flat,rental_assistance,2022,4.34896
net_cost_cbo_informed_sept27_high,flat,rental_assistance,2023,4.415997
net_cost_cbo_informed_sept27_high,flat,rental_assistance,2024,4.532066
net_cost_cbo_informed_sept27_high,flat,enterprise_surplus,2005,3.819846
net_cost_cbo_informed_sept27_high,flat,enterprise_surplus,2006,4.042036
net_cost_cbo_informed_sept27_high,flat,enterprise_surplus,2007,4.16008
net_cost_cbo_informed_sept27_high,flat,enterprise_surplus,2008,4.384234
net_cost_cbo_informed_sept27_high,flat,enterprise_surplus,2009,4.51992
net_cost_cbo_informed_sept27_high,flat,enterprise_surplus,2010,4.696753
net_cost_cbo_informed_sept27_high,flat,enterprise_surplus,2011,4.786359
net_cost_cbo_informed_sept27_high,flat,enterprise_surplus,2012,4.854918
net_cost_cbo_informed_sept27_high,flat,enterprise_surplus,2013,4.933006
net_cost_cbo_informed_sept27_high,flat,enterprise_surplus,2014,5.037766
net_cost_cbo_informed_sept27_high,flat,enterprise_surplus,2015,5.10573
net_cost_cbo_informed_sept27_high,flat,enterprise_surplus,2016,5.171127
net_cost_cbo_informed_sept27_high,flat,enterprise_surplus,2017,5.229951
net_cost_cbo_informed_sept27_high,flat,enterprise_surplus,2018,5.275399
net_cost_cbo_informed_sept27_high,flat,enterprise_surplus,2019,5.303882
net_cost_cbo_informed_sept27_high,flat,enterprise_surplus,2020,5.307414
net_cost_cbo_informed_sept27_high,flat,enterprise_surplus,2021,5.310946
net_cost_cbo_informed_sept27_high,flat,enterprise_surplus,2022,5.336461
net_cost_cbo_informed_sept27_high,flat,enterprise_surplus,2023,5.418719
net_cost_cbo_informed_sept27_high,flat,enterprise_surplus,2024,5.561143
net_cost_cbo_informed_sept27_high,flat,capital_core,2005,17.707609
net_cost_cbo_informed_sept27_high,flat,capital_core,2006,18.73761
net_cost_cbo_informed_sept27_high,flat,capital_core,2007,19.284827
net_cost_cbo_informed_sept27_high,flat,capital_core,2008,20.323933
net_cost_cbo_informed_sept27_high,flat,capital_core,2009,20.952934
net_cost_cbo_informed_sept27_high,flat,capital_core,2010,21.772676
net_cost_cbo_informed_sept27_high,flat,capital_core,2011,22.188059
net_cost_cbo_informed_sept27_high,flat,capital_core,2012,22.505877
net_cost_cbo_informed_sept27_high,flat,capital_core,2013,22.867869
net_cost_cbo_informed_sept27_high,flat,capital_core,2014,23.353505
net_cost_cbo_informed_sept27_high,flat,capital_core,2015,23.668561
net_cost_cbo_informed_sept27_high,flat,capital_core,2016,23.971721
net_cost_cbo_informed_sept27_high,flat,capital_core,2017,24.244414
net_cost_cbo_informed_sept27_high,flat,capital_core,2018,24.455097
net_cost_cbo_informed_sept27_high,flat,capital_core,2019,24.587136
net_cost_cbo_informed_sept27_high,flat,capital_core,2020,24.603508
net_cost_cbo_informed_sept27_high,flat,capital_core,2021,24.619881
net_cost_cbo_informed_sept27_high,flat,capital_core,2022,24.738158
net_cost_cbo_informed_sept27_high,flat,capital_core,2023,25.119483
net_cost_cbo_informed_sept27_high,flat,capital_core,2024,25.779717
net_cost_cbo_informed_sept27_high,flat,capital_block,2005,8.567363
net_cost_cbo_informed_sept27_high,flat,capital_block,2006,9.065703
net_cost_cbo_informed_sept27_high,flat,capital_block,2007,9.330459
net_cost_cbo_informed_sept27_high,flat,capital_block,2008,9.833204
net_cost_cbo_informed_sept27_high,flat,capital_block,2009,10.137529
net_cost_cbo_informed_sept27_high,flat,capital_block,2010,10.53414
net_cost_cbo_informed_sept27_high,flat,capital_block,2011,10.735112
net_cost_cbo_informed_sept27_high,flat,capital_block,2012,10.88888
net_cost_cbo_informed_sept27_high,flat,capital_block,2013,11.06402
net_cost_cbo_informed_sept27_high,flat,capital_block,2014,11.298983
net_cost_cbo_informed_sept27_high,flat,capital_block,2015,11.451414
net_cost_cbo_informed_sept27_high,flat,capital_block,2016,11.59809
net_cost_cbo_informed_sept27_high,flat,capital_block,2017,11.730026
net_cost_cbo_informed_sept27_high,flat,capital_block,2018,11.831959
net_cost_cbo_informed_sept27_high,flat,capital_block,2019,11.895843
net_cost_cbo_informed_sept27_high,flat,capital_block,2020,11.903764
net_cost_cbo_informed_sept27_high,flat,capital_block,2021,11.911685
net_cost_cbo_informed_sept27_high,flat,capital_block,2022,11.968911
net_cost_cbo_informed_sept27_high,flat,capital_block,2023,12.153405
net_cost_cbo_informed_sept27_high,flat,capital_block,2024,12.472842
net_cost_cbo_informed_sept27_high,flat,capital_enterprise,2005,11.977196
net_cost_cbo_informed_sept27_high,flat,capital_enterprise,2006,12.673876
net_cost_cbo_informed_sept27_high,flat,capital_enterprise,2007,13.044006
net_cost_cbo_informed_sept27_high,flat,capital_enterprise,2008,13.746844
net_cost_cbo_informed_sept27_high,flat,capital_enterprise,2009,14.172292
net_cost_cbo_informed_sept27_high,flat,capital_enterprise,2010,14.726755
net_cost_cbo_informed_sept27_high,flat,capital_enterprise,2011,15.007715
net_cost_cbo_informed_sept27_high,flat,capital_enterprise,2012,15.222682
net_cost_cbo_informed_sept27_high,flat,capital_enterprise,2013,15.467529
net_cost_cbo_informed_sept27_high,flat,capital_enterprise,2014,15.796007
net_cost_cbo_informed_sept27_high,flat,capital_enterprise,2015,16.009107
net_cost_cbo_informed_sept27_high,flat,capital_enterprise,2016,16.214161
net_cost_cbo_informed_sept27_high,flat,capital_enterprise,2017,16.398606
net_cost_cbo_informed_sept27_high,flat,capital_enterprise,2018,16.541109
net_cost_cbo_informed_sept27_high,flat,capital_enterprise,2019,16.630419
net_cost_cbo_informed_sept27_high,flat,capital_enterprise,2020,16.641493
net_cost_cbo_informed_sept27_high,flat,capital_enterprise,2021,16.652567
net_cost_cbo_informed_sept27_high,flat,capital_enterprise,2022,16.732568
net_cost_cbo_informed_sept27_high,flat,capital_enterprise,2023,16.990492
net_cost_cbo_informed_sept27_high,flat,capital_enterprise,2024,17.437065
net_cost_cbo_informed_sept27_high,ratio,base,2005,111.122443
net_cost_cbo_informed_sept27_high,ratio,base,2006,111.168732
net_cost_cbo_informed_sept27_high,ratio,base,2007,122.159971
net_cost_cbo_informed_sept27_high,ratio,base,2008,168.081866
net_cost_cbo_informed_sept27_high,ratio,base,2009,235.130379
net_cost_cbo_informed_sept27_high,ratio,base,2010,248.605627
net_cost_cbo_informed_sept27_high,ratio,base,2011,238.779566
net_cost_cbo_informed_sept27_high,ratio,base,2012,224.509773
net_cost_cbo_informed_sept27_high,ratio,base,2013,188.487467
net_cost_cbo_informed_sept27_high,ratio,base,2014,185.667224
net_cost_cbo_informed_sept27_high,ratio,base,2015,184.140055
net_cost_cbo_informed_sept27_high,ratio,base,2016,197.353442
net_cost_cbo_informed_sept27_high,ratio,base,2017,202.310467
net_cost_cbo_informed_sept27_high,ratio,base,2018,215.591696
net_cost_cbo_informed_sept27_high,ratio,base,2019,230.040239
net_cost_cbo_informed_sept27_high,ratio,base,2020,386.390331
net_cost_cbo_informed_sept27_high,ratio,base,2021,353.276887
net_cost_cbo_informed_sept27_high,ratio,base,2022,209.925139
net_cost_cbo_informed_sept27_high,ratio,base,2023,269.556815
net_cost_cbo_informed_sept27_high,ratio,base,2024,291.954818
net_cost_cbo_informed_sept27_high,ratio,long_run_economic_affairs_services,2005,13.908195
net_cost_cbo_informed_sept27_high,ratio,long_run_economic_affairs_services,2006,14.982995
net_cost_cbo_informed_sept27_high,ratio,long_run_economic_affairs_services,2007,16.014435
net_cost_cbo_informed_sept27_high,ratio,long_run_economic_affairs_services,2008,17.30799
net_cost_cbo_informed_sept27_high,ratio,long_run_economic_affairs_services,2009,18.097277
net_cost_cbo_informed_sept27_high,ratio,long_run_economic_affairs_services,2010,19.330437
net_cost_cbo_informed_sept27_high,ratio,long_run_economic_affairs_services,2011,18.610016
net_cost_cbo_informed_sept27_high,ratio,long_run_economic_affairs_services,2012,18.682031
net_cost_cbo_informed_sept27_high,ratio,long_run_economic_affairs_services,2013,18.566271
net_cost_cbo_informed_sept27_high,ratio,long_run_economic_affairs_services,2014,18.694263
net_cost_cbo_informed_sept27_high,ratio,long_run_economic_affairs_services,2015,19.032965
net_cost_cbo_informed_sept27_high,ratio,long_run_economic_affairs_services,2016,19.129443
net_cost_cbo_informed_sept27_high,ratio,long_run_economic_affairs_services,2017,19.322058
net_cost_cbo_informed_sept27_high,ratio,long_run_economic_affairs_services,2018,20.03673
net_cost_cbo_informed_sept27_high,ratio,long_run_economic_affairs_services,2019,20.423905
net_cost_cbo_informed_sept27_high,ratio,long_run_economic_affairs_services,2020,21.739182
net_cost_cbo_informed_sept27_high,ratio,long_run_economic_affairs_services,2021,22.488991
net_cost_cbo_informed_sept27_high,ratio,long_run_economic_affairs_services,2022,20.517258
net_cost_cbo_informed_sept27_high,ratio,long_run_economic_affairs_services,2023,21.574323
net_cost_cbo_informed_sept27_high,ratio,long_run_economic_affairs_services,2024,23.266194
net_cost_cbo_informed_sept27_high,ratio,long_run_recreation_culture,2005,3.855716
net_cost_cbo_informed_sept27_high,ratio,long_run_recreation_culture,2006,4.201652
net_cost_cbo_informed_sept27_high,ratio,long_run_recreation_culture,2007,4.415548
net_cost_cbo_informed_sept27_high,ratio,long_run_recreation_culture,2008,4.785378
net_cost_cbo_informed_sept27_high,ratio,long_run_recreation_culture,2009,4.925886
net_cost_cbo_informed_sept27_high,ratio,long_run_recreation_culture,2010,5.032063
net_cost_cbo_informed_sept27_high,ratio,long_run_recreation_culture,2011,4.837333
net_cost_cbo_informed_sept27_high,ratio,long_run_recreation_culture,2012,4.763042
net_cost_cbo_informed_sept27_high,ratio,long_run_recreation_culture,2013,4.900377
net_cost_cbo_informed_sept27_high,ratio,long_run_recreation_culture,2014,5.037667
net_cost_cbo_informed_sept27_high,ratio,long_run_recreation_culture,2015,5.183627
net_cost_cbo_informed_sept27_high,ratio,long_run_recreation_culture,2016,5.434896
net_cost_cbo_informed_sept27_high,ratio,long_run_recreation_culture,2017,5.544627
net_cost_cbo_informed_sept27_high,ratio,long_run_recreation_culture,2018,5.742585
net_cost_cbo_informed_sept27_high,ratio,long_run_recreation_culture,2019,6.012647
net_cost_cbo_informed_sept27_high,ratio,long_run_recreation_culture,2020,5.91841
net_cost_cbo_informed_sept27_high,ratio,long_run_recreation_culture,2021,5.771925
net_cost_cbo_informed_sept27_high,ratio,long_run_recreation_culture,2022,6.050115
net_cost_cbo_informed_sept27_high,ratio,long_run_recreation_culture,2023,6.124925
net_cost_cbo_informed_sept27_high,ratio,long_run_recreation_culture,2024,6.366255
net_cost_cbo_informed_sept27_high,ratio,rental_assistance,2005,2.524119
net_cost_cbo_informed_sept27_high,ratio,rental_assistance,2006,2.655
net_cost_cbo_informed_sept27_high,ratio,rental_assistance,2007,2.718717
net_cost_cbo_informed_sept27_high,ratio,rental_assistance,2008,2.819105
net_cost_cbo_informed_sept27_high,ratio,rental_assistance,2009,3.151353
net_cost_cbo_informed_sept27_high,ratio,rental_assistance,2010,3.187315
net_cost_cbo_informed_sept27_high,ratio,rental_assistance,2011,3.308314
net_cost_cbo_informed_sept27_high,ratio,rental_assistance,2012,3.178466
net_cost_cbo_informed_sept27_high,ratio,rental_assistance,2013,3.14514
net_cost_cbo_informed_sept27_high,ratio,rental_assistance,2014,3.188178
net_cost_cbo_informed_sept27_high,ratio,rental_assistance,2015,3.275448
net_cost_cbo_informed_sept27_high,ratio,rental_assistance,2016,3.512629
net_cost_cbo_informed_sept27_high,ratio,rental_assistance,2017,3.301851
net_cost_cbo_informed_sept27_high,ratio,rental_assistance,2018,3.516221
net_cost_cbo_informed_sept27_high,ratio,rental_assistance,2019,3.577785
net_cost_cbo_informed_sept27_high,ratio,rental_assistance,2020,3.865451
net_cost_cbo_informed_sept27_high,ratio,rental_assistance,2021,3.788167
net_cost_cbo_informed_sept27_high,ratio,rental_assistance,2022,3.746339
net_cost_cbo_informed_sept27_high,ratio,rental_assistance,2023,4.058563
net_cost_cbo_informed_sept27_high,ratio,rental_assistance,2024,4.532066
net_cost_cbo_informed_sept27_high,ratio,enterprise_surplus,2005,0.490534
net_cost_cbo_informed_sept27_high,ratio,enterprise_surplus,2006,0.853953
net_cost_cbo_informed_sept27_high,ratio,enterprise_surplus,2007,1.847371
net_cost_cbo_informed_sept27_high,ratio,enterprise_surplus,2008,2.459287
net_cost_cbo_informed_sept27_high,ratio,enterprise_surplus,2009,2.173422
net_cost_cbo_informed_sept27_high,ratio,enterprise_surplus,2010,2.819135
net_cost_cbo_informed_sept27_high,ratio,enterprise_surplus,2011,2.686704
net_cost_cbo_informed_sept27_high,ratio,enterprise_surplus,2012,2.030378
net_cost_cbo_informed_sept27_high,ratio,enterprise_surplus,2013,2.012881
net_cost_cbo_informed_sept27_high,ratio,enterprise_surplus,2014,1.245274
net_cost_cbo_informed_sept27_high,ratio,enterprise_surplus,2015,0.416792
net_cost_cbo_informed_sept27_high,ratio,enterprise_surplus,2016,0.313938
net_cost_cbo_informed_sept27_high,ratio,enterprise_surplus,2017,0.611643
net_cost_cbo_informed_sept27_high,ratio,enterprise_surplus,2018,0.647385
net_cost_cbo_informed_sept27_high,ratio,enterprise_surplus,2019,1.684152
net_cost_cbo_informed_sept27_high,ratio,enterprise_surplus,2020,0.417716
net_cost_cbo_informed_sept27_high,ratio,enterprise_surplus,2021,1.424219
net_cost_cbo_informed_sept27_high,ratio,enterprise_surplus,2022,1.946247
net_cost_cbo_informed_sept27_high,ratio,enterprise_surplus,2023,5.538794
net_cost_cbo_informed_sept27_high,ratio,enterprise_surplus,2024,5.561143
net_cost_cbo_informed_sept27_high,ratio,capital_core,2005,10.61658
net_cost_cbo_informed_sept27_high,ratio,capital_core,2006,12.032238
net_cost_cbo_informed_sept27_high,ratio,capital_core,2007,13.074962
net_cost_cbo_informed_sept27_high,ratio,capital_core,2008,14.612459
net_cost_cbo_informed_sept27_high,ratio,capital_core,2009,15.627468
net_cost_cbo_informed_sept27_high,ratio,capital_core,2010,16.135787
net_cost_cbo_informed_sept27_high,ratio,capital_core,2011,16.676839
net_cost_cbo_informed_sept27_high,ratio,capital_core,2012,17.167844
net_cost_cbo_informed_sept27_high,ratio,capital_core,2013,17.654994
net_cost_cbo_informed_sept27_high,ratio,capital_core,2014,18.292381
net_cost_cbo_informed_sept27_high,ratio,capital_core,2015,18.807745
net_cost_cbo_informed_sept27_high,ratio,capital_core,2016,19.21723
net_cost_cbo_informed_sept27_high,ratio,capital_core,2017,19.641272
net_cost_cbo_informed_sept27_high,ratio,capital_core,2018,20.384602
net_cost_cbo_informed_sept27_high,ratio,capital_core,2019,21.301701
net_cost_cbo_informed_sept27_high,ratio,capital_core,2020,21.846355
net_cost_cbo_informed_sept27_high,ratio,capital_core,2021,22.461853
net_cost_cbo_informed_sept27_high,ratio,capital_core,2022,24.096306
net_cost_cbo_informed_sept27_high,ratio,capital_core,2023,25.393157
net_cost_cbo_informed_sept27_high,ratio,capital_core,2024,25.779717
net_cost_cbo_informed_sept27_high,ratio,capital_block,2005,5.911348
net_cost_cbo_informed_sept27_high,ratio,capital_block,2006,6.781377
net_cost_cbo_informed_sept27_high,ratio,capital_block,2007,7.565147
net_cost_cbo_informed_sept27_high,ratio,capital_block,2008,8.407128
net_cost_cbo_informed_sept27_high,ratio,capital_block,2009,8.803914
net_cost_cbo_informed_sept27_high,ratio,capital_block,2010,9.133616
net_cost_cbo_informed_sept27_high,ratio,capital_block,2011,9.487448
net_cost_cbo_informed_sept27_high,ratio,capital_block,2012,9.863898
net_cost_cbo_informed_sept27_high,ratio,capital_block,2013,10.126313
net_cost_cbo_informed_sept27_high,ratio,capital_block,2014,10.290882
net_cost_cbo_informed_sept27_high,ratio,capital_block,2015,10.358483
net_cost_cbo_informed_sept27_high,ratio,capital_block,2016,10.538601
net_cost_cbo_informed_sept27_high,ratio,capital_block,2017,10.815241
net_cost_cbo_informed_sept27_high,ratio,capital_block,2018,11.098636
net_cost_cbo_informed_sept27_high,ratio,capital_block,2019,11.34764
net_cost_cbo_informed_sept27_high,ratio,capital_block,2020,11.496853
net_cost_cbo_informed_sept27_high,ratio,capital_block,2021,11.786498
net_cost_cbo_informed_sept27_high,ratio,capital_block,2022,11.929429
net_cost_cbo_informed_sept27_high,ratio,capital_block,2023,12.133436
net_cost_cbo_informed_sept27_high,ratio,capital_block,2024,12.472842
net_cost_cbo_informed_sept27_high,ratio,capital_enterprise,2005,7.876839
net_cost_cbo_informed_sept27_high,ratio,capital_enterprise,2006,8.774051
net_cost_cbo_informed_sept27_high,ratio,capital_enterprise,2007,9.468035
net_cost_cbo_informed_sept27_high,ratio,capital_enterprise,2008,10.303737
net_cost_cbo_informed_sept27_high,ratio,capital_enterprise,2009,10.76586
net_cost_cbo_informed_sept27_high,ratio,capital_enterprise,2010,11.297489
net_cost_cbo_informed_sept27_high,ratio,capital_enterprise,2011,11.816633
net_cost_cbo_informed_sept27_high,ratio,capital_enterprise,2012,12.24093
net_cost_cbo_informed_sept27_high,ratio,capital_enterprise,2013,12.600588
net_cost_cbo_informed_sept27_high,ratio,capital_enterprise,2014,13.011748
net_cost_cbo_informed_sept27_high,ratio,capital_enterprise,2015,13.341722
net_cost_cbo_informed_sept27_high,ratio,capital_enterprise,2016,13.699748
net_cost_cbo_informed_sept27_high,ratio,capital_enterprise,2017,14.089396
net_cost_cbo_informed_sept27_high,ratio,capital_enterprise,2018,14.505444
net_cost_cbo_informed_sept27_high,ratio,capital_enterprise,2019,14.907867
net_cost_cbo_informed_sept27_high,ratio,capital_enterprise,2020,15.226901
net_cost_cbo_informed_sept27_high,ratio,capital_enterprise,2021,15.841248
net_cost_cbo_informed_sept27_high,ratio,capital_enterprise,2022,16.460388
net_cost_cbo_informed_sept27_high,ratio,capital_enterprise,2023,17.024611
net_cost_cbo_informed_sept27_high,ratio,capital_enterprise,2024,17.437065
net_cost_cbo_informed_sept27_high,income,base,2005,152.407838
net_cost_cbo_informed_sept27_high,income,base,2006,156.964225
net_cost_cbo_informed_sept27_high,income,base,2007,169.848256
net_cost_cbo_informed_sept27_high,income,base,2008,215.94669
net_cost_cbo_informed_sept27_high,income,base,2009,283.729455
net_cost_cbo_informed_sept27_high,income,base,2010,301.877767
net_cost_cbo_informed_sept27_high,income,base,2011,294.868333
net_cost_cbo_informed_sept27_high,income,base,2012,280.174095
net_cost_cbo_informed_sept27_high,income,base,2013,251.175216
net_cost_cbo_informed_sept27_high,income,base,2014,244.881125
net_cost_cbo_informed_sept27_high,income,base,2015,241.629838
net_cost_cbo_informed_sept27_high,income,base,2016,247.968513
net_cost_cbo_informed_sept27_high,income,base,2017,245.494051
net_cost_cbo_informed_sept27_high,income,base,2018,255.32921
net_cost_cbo_informed_sept27_high,income,base,2019,264.228273
net_cost_cbo_informed_sept27_high,income,base,2020,412.749622
net_cost_cbo_informed_sept27_high,income,base,2021,373.792968
net_cost_cbo_informed_sept27_high,income,base,2022,226.435737
net_cost_cbo_informed_sept27_high,income,base,2023,278.5997
net_cost_cbo_informed_sept27_high,income,base,2024,291.954818
net_cost_cbo_informed_sept27_high,income,long_run_economic_affairs_services,2005,13.908195
net_cost_cbo_informed_sept27_high,income,long_run_economic_affairs_services,2006,14.982995
net_cost_cbo_informed_sept27_high,income,long_run_economic_affairs_services,2007,16.014435
net_cost_cbo_informed_sept27_high,income,long_run_economic_affairs_services,2008,17.30799
net_cost_cbo_informed_sept27_high,income,long_run_economic_affairs_services,2009,18.097277
net_cost_cbo_informed_sept27_high,income,long_run_economic_affairs_services,2010,19.330437
net_cost_cbo_informed_sept27_high,income,long_run_economic_affairs_services,2011,18.610016
net_cost_cbo_informed_sept27_high,income,long_run_economic_affairs_services,2012,18.682031
net_cost_cbo_informed_sept27_high,income,long_run_economic_affairs_services,2013,18.566271
net_cost_cbo_informed_sept27_high,income,long_run_economic_affairs_services,2014,18.694263
net_cost_cbo_informed_sept27_high,income,long_run_economic_affairs_services,2015,19.032965
net_cost_cbo_informed_sept27_high,income,long_run_economic_affairs_services,2016,19.129443
net_cost_cbo_informed_sept27_high,income,long_run_economic_affairs_services,2017,19.322058
net_cost_cbo_informed_sept27_high,income,long_run_economic_affairs_services,2018,20.03673
net_cost_cbo_informed_sept27_high,income,long_run_economic_affairs_services,2019,20.423905
net_cost_cbo_informed_sept27_high,income,long_run_economic_affairs_services,2020,21.739182
net_cost_cbo_informed_sept27_high,income,long_run_economic_affairs_services,2021,22.488991
net_cost_cbo_informed_sept27_high,income,long_run_economic_affairs_services,2022,20.517258
net_cost_cbo_informed_sept27_high,income,long_run_economic_affairs_services,2023,21.574323
net_cost_cbo_informed_sept27_high,income,long_run_economic_affairs_services,2024,23.266194
net_cost_cbo_informed_sept27_high,income,long_run_recreation_culture,2005,3.855716
net_cost_cbo_informed_sept27_high,income,long_run_recreation_culture,2006,4.201652
net_cost_cbo_informed_sept27_high,income,long_run_recreation_culture,2007,4.415548
net_cost_cbo_informed_sept27_high,income,long_run_recreation_culture,2008,4.785378
net_cost_cbo_informed_sept27_high,income,long_run_recreation_culture,2009,4.925886
net_cost_cbo_informed_sept27_high,income,long_run_recreation_culture,2010,5.032063
net_cost_cbo_informed_sept27_high,income,long_run_recreation_culture,2011,4.837333
net_cost_cbo_informed_sept27_high,income,long_run_recreation_culture,2012,4.763042
net_cost_cbo_informed_sept27_high,income,long_run_recreation_culture,2013,4.900377
net_cost_cbo_informed_sept27_high,income,long_run_recreation_culture,2014,5.037667
net_cost_cbo_informed_sept27_high,income,long_run_recreation_culture,2015,5.183627
net_cost_cbo_informed_sept27_high,income,long_run_recreation_culture,2016,5.434896
net_cost_cbo_informed_sept27_high,income,long_run_recreation_culture,2017,5.544627
net_cost_cbo_informed_sept27_high,income,long_run_recreation_culture,2018,5.742585
net_cost_cbo_informed_sept27_high,income,long_run_recreation_culture,2019,6.012647
net_cost_cbo_informed_sept27_high,income,long_run_recreation_culture,2020,5.91841
net_cost_cbo_informed_sept27_high,income,long_run_recreation_culture,2021,5.771925
net_cost_cbo_informed_sept27_high,income,long_run_recreation_culture,2022,6.050115
net_cost_cbo_informed_sept27_high,income,long_run_recreation_culture,2023,6.124925
net_cost_cbo_informed_sept27_high,income,long_run_recreation_culture,2024,6.366255
net_cost_cbo_informed_sept27_high,income,rental_assistance,2005,2.524119
net_cost_cbo_informed_sept27_high,income,rental_assistance,2006,2.655
net_cost_cbo_informed_sept27_high,income,rental_assistance,2007,2.718717
net_cost_cbo_informed_sept27_high,income,rental_assistance,2008,2.819105
net_cost_cbo_informed_sept27_high,income,rental_assistance,2009,3.151353
net_cost_cbo_informed_sept27_high,income,rental_assistance,2010,3.187315
net_cost_cbo_informed_sept27_high,income,rental_assistance,2011,3.308314
net_cost_cbo_informed_sept27_high,income,rental_assistance,2012,3.178466
net_cost_cbo_informed_sept27_high,income,rental_assistance,2013,3.14514
net_cost_cbo_informed_sept27_high,income,rental_assistance,2014,3.188178
net_cost_cbo_informed_sept27_high,income,rental_assistance,2015,3.275448
net_cost_cbo_informed_sept27_high,income,rental_assistance,2016,3.512629
net_cost_cbo_informed_sept27_high,income,rental_assistance,2017,3.301851
net_cost_cbo_informed_sept27_high,income,rental_assistance,2018,3.516221
net_cost_cbo_informed_sept27_high,income,rental_assistance,2019,3.577785
net_cost_cbo_informed_sept27_high,income,rental_assistance,2020,3.865451
net_cost_cbo_informed_sept27_high,income,rental_assistance,2021,3.788167
net_cost_cbo_informed_sept27_high,income,rental_assistance,2022,3.746339
net_cost_cbo_informed_sept27_high,income,rental_assistance,2023,4.058563
net_cost_cbo_informed_sept27_high,income,rental_assistance,2024,4.532066
net_cost_cbo_informed_sept27_high,income,enterprise_surplus,2005,0.490534
net_cost_cbo_informed_sept27_high,income,enterprise_surplus,2006,0.853953
net_cost_cbo_informed_sept27_high,income,enterprise_surplus,2007,1.847371
net_cost_cbo_informed_sept27_high,income,enterprise_surplus,2008,2.459287
net_cost_cbo_informed_sept27_high,income,enterprise_surplus,2009,2.173422
net_cost_cbo_informed_sept27_high,income,enterprise_surplus,2010,2.819135
net_cost_cbo_informed_sept27_high,income,enterprise_surplus,2011,2.686704
net_cost_cbo_informed_sept27_high,income,enterprise_surplus,2012,2.030378
net_cost_cbo_informed_sept27_high,income,enterprise_surplus,2013,2.012881
net_cost_cbo_informed_sept27_high,income,enterprise_surplus,2014,1.245274
net_cost_cbo_informed_sept27_high,income,enterprise_surplus,2015,0.416792
net_cost_cbo_informed_sept27_high,income,enterprise_surplus,2016,0.313938
net_cost_cbo_informed_sept27_high,income,enterprise_surplus,2017,0.611643
net_cost_cbo_informed_sept27_high,income,enterprise_surplus,2018,0.647385
net_cost_cbo_informed_sept27_high,income,enterprise_surplus,2019,1.684152
net_cost_cbo_informed_sept27_high,income,enterprise_surplus,2020,0.417716
net_cost_cbo_informed_sept27_high,income,enterprise_surplus,2021,1.424219
net_cost_cbo_informed_sept27_high,income,enterprise_surplus,2022,1.946247
net_cost_cbo_informed_sept27_high,income,enterprise_surplus,2023,5.538794
net_cost_cbo_informed_sept27_high,income,enterprise_surplus,2024,5.561143
net_cost_cbo_informed_sept27_high,income,capital_core,2005,10.61658
net_cost_cbo_informed_sept27_high,income,capital_core,2006,12.032238
net_cost_cbo_informed_sept27_high,income,capital_core,2007,13.074962
net_cost_cbo_informed_sept27_high,income,capital_core,2008,14.612459
net_cost_cbo_informed_sept27_high,income,capital_core,2009,15.627468
net_cost_cbo_informed_sept27_high,income,capital_core,2010,16.135787
net_cost_cbo_informed_sept27_high,income,capital_core,2011,16.676839
net_cost_cbo_informed_sept27_high,income,capital_core,2012,17.167844
net_cost_cbo_informed_sept27_high,income,capital_core,2013,17.654994
net_cost_cbo_informed_sept27_high,income,capital_core,2014,18.292381
net_cost_cbo_informed_sept27_high,income,capital_core,2015,18.807745
net_cost_cbo_informed_sept27_high,income,capital_core,2016,19.21723
net_cost_cbo_informed_sept27_high,income,capital_core,2017,19.641272
net_cost_cbo_informed_sept27_high,income,capital_core,2018,20.384602
net_cost_cbo_informed_sept27_high,income,capital_core,2019,21.301701
net_cost_cbo_informed_sept27_high,income,capital_core,2020,21.846355
net_cost_cbo_informed_sept27_high,income,capital_core,2021,22.461853
net_cost_cbo_informed_sept27_high,income,capital_core,2022,24.096306
net_cost_cbo_informed_sept27_high,income,capital_core,2023,25.393157
net_cost_cbo_informed_sept27_high,income,capital_core,2024,25.779717
net_cost_cbo_informed_sept27_high,income,capital_block,2005,5.911348
net_cost_cbo_informed_sept27_high,income,capital_block,2006,6.781377
net_cost_cbo_informed_sept27_high,income,capital_block,2007,7.565147
net_cost_cbo_informed_sept27_high,income,capital_block,2008,8.407128
net_cost_cbo_informed_sept27_high,income,capital_block,2009,8.803914
net_cost_cbo_informed_sept27_high,income,capital_block,2010,9.133616
net_cost_cbo_informed_sept27_high,income,capital_block,2011,9.487448
net_cost_cbo_informed_sept27_high,income,capital_block,2012,9.863898
net_cost_cbo_informed_sept27_high,income,capital_block,2013,10.126313
net_cost_cbo_informed_sept27_high,income,capital_block,2014,10.290882
net_cost_cbo_informed_sept27_high,income,capital_block,2015,10.358483
net_cost_cbo_informed_sept27_high,income,capital_block,2016,10.538601
net_cost_cbo_informed_sept27_high,income,capital_block,2017,10.815241
net_cost_cbo_informed_sept27_high,income,capital_block,2018,11.098636
net_cost_cbo_informed_sept27_high,income,capital_block,2019,11.34764
net_cost_cbo_informed_sept27_high,income,capital_block,2020,11.496853
net_cost_cbo_informed_sept27_high,income,capital_block,2021,11.786498
net_cost_cbo_informed_sept27_high,income,capital_block,2022,11.929429
net_cost_cbo_informed_sept27_high,income,capital_block,2023,12.133436
net_cost_cbo_informed_sept27_high,income,capital_block,2024,12.472842
net_cost_cbo_informed_sept27_high,income,capital_enterprise,2005,7.876839
net_cost_cbo_informed_sept27_high,income,capital_enterprise,2006,8.774051
net_cost_cbo_informed_sept27_high,income,capital_enterprise,2007,9.468035
net_cost_cbo_informed_sept27_high,income,capital_enterprise,2008,10.303737
net_cost_cbo_informed_sept27_high,income,capital_enterprise,2009,10.76586
net_cost_cbo_informed_sept27_high,income,capital_enterprise,2010,11.297489
net_cost_cbo_informed_sept27_high,income,capital_enterprise,2011,11.816633
net_cost_cbo_informed_sept27_high,income,capital_enterprise,2012,12.24093
net_cost_cbo_informed_sept27_high,income,capital_enterprise,2013,12.600588
net_cost_cbo_informed_sept27_high,income,capital_enterprise,2014,13.011748
net_cost_cbo_informed_sept27_high,income,capital_enterprise,2015,13.341722
net_cost_cbo_informed_sept27_high,income,capital_enterprise,2016,13.699748
net_cost_cbo_informed_sept27_high,income,capital_enterprise,2017,14.089396
net_cost_cbo_informed_sept27_high,income,capital_enterprise,2018,14.505444
net_cost_cbo_informed_sept27_high,income,capital_enterprise,2019,14.907867
net_cost_cbo_informed_sept27_high,income,capital_enterprise,2020,15.226901
net_cost_cbo_informed_sept27_high,income,capital_enterprise,2021,15.841248
net_cost_cbo_informed_sept27_high,income,capital_enterprise,2022,16.460388
net_cost_cbo_informed_sept27_high,income,capital_enterprise,2023,17.024611
net_cost_cbo_informed_sept27_high,income,capital_enterprise,2024,17.437065
net_cost_full_proportional_sept27_low,flat,base,2005,206.947281
net_cost_full_proportional_sept27_low,flat,base,2006,218.98482
net_cost_full_proportional_sept27_low,flat,base,2007,225.380088
net_cost_full_proportional_sept27_low,flat,base,2008,237.524039
net_cost_full_proportional_sept27_low,flat,base,2009,244.875111
net_cost_full_proportional_sept27_low,flat,base,2010,254.455366
net_cost_full_proportional_sept27_low,flat,base,2011,259.309916
net_cost_full_proportional_sept27_low,flat,base,2012,263.02422
net_cost_full_proportional_sept27_low,flat,base,2013,267.254795
net_cost_full_proportional_sept27_low,flat,base,2014,272.930379
net_cost_full_proportional_sept27_low,flat,base,2015,276.612414
net_cost_full_proportional_sept27_low,flat,base,2016,280.15542
net_cost_full_proportional_sept27_low,flat,base,2017,283.342356
net_cost_full_proportional_sept27_low,flat,base,2018,285.804585
net_cost_full_proportional_sept27_low,flat,base,2019,287.347713
net_cost_full_proportional_sept27_low,flat,base,2020,287.539059
net_cost_full_proportional_sept27_low,flat,base,2021,287.730405
net_cost_full_proportional_sept27_low,flat,base,2022,289.112699
net_cost_full_proportional_sept27_low,flat,base,2023,293.569211
net_cost_full_proportional_sept27_low,flat,base,2024,301.285302
net_cost_full_proportional_sept27_low,flat,long_run_economic_affairs_services,2005,0.0
net_cost_full_proportional_sept27_low,flat,long_run_economic_affairs_services,2006,0.0
net_cost_full_proportional_sept27_low,flat,long_run_economic_affairs_services,2007,0.0
net_cost_full_proportional_sept27_low,flat,long_run_economic_affairs_services,2008,0.0
net_cost_full_proportional_sept27_low,flat,long_run_economic_affairs_services,2009,0.0
net_cost_full_proportional_sept27_low,flat,long_run_economic_affairs_services,2010,0.0
net_cost_full_proportional_sept27_low,flat,long_run_economic_affairs_services,2011,0.0
net_cost_full_proportional_sept27_low,flat,long_run_economic_affairs_services,2012,0.0
net_cost_full_proportional_sept27_low,flat,long_run_economic_affairs_services,2013,0.0
net_cost_full_proportional_sept27_low,flat,long_run_economic_affairs_services,2014,0.0
net_cost_full_proportional_sept27_low,flat,long_run_economic_affairs_services,2015,0.0
net_cost_full_proportional_sept27_low,flat,long_run_economic_affairs_services,2016,0.0
net_cost_full_proportional_sept27_low,flat,long_run_economic_affairs_services,2017,0.0
net_cost_full_proportional_sept27_low,flat,long_run_economic_affairs_services,2018,0.0
net_cost_full_proportional_sept27_low,flat,long_run_economic_affairs_services,2019,0.0
net_cost_full_proportional_sept27_low,flat,long_run_economic_affairs_services,2020,0.0
net_cost_full_proportional_sept27_low,flat,long_run_economic_affairs_services,2021,0.0
net_cost_full_proportional_sept27_low,flat,long_run_economic_affairs_services,2022,0.0
net_cost_full_proportional_sept27_low,flat,long_run_economic_affairs_services,2023,0.0
net_cost_full_proportional_sept27_low,flat,long_run_economic_affairs_services,2024,0.0
net_cost_full_proportional_sept27_low,flat,long_run_recreation_culture,2005,0.0
net_cost_full_proportional_sept27_low,flat,long_run_recreation_culture,2006,0.0
net_cost_full_proportional_sept27_low,flat,long_run_recreation_culture,2007,0.0
net_cost_full_proportional_sept27_low,flat,long_run_recreation_culture,2008,0.0
net_cost_full_proportional_sept27_low,flat,long_run_recreation_culture,2009,0.0
net_cost_full_proportional_sept27_low,flat,long_run_recreation_culture,2010,0.0
net_cost_full_proportional_sept27_low,flat,long_run_recreation_culture,2011,0.0
net_cost_full_proportional_sept27_low,flat,long_run_recreation_culture,2012,0.0
net_cost_full_proportional_sept27_low,flat,long_run_recreation_culture,2013,0.0
net_cost_full_proportional_sept27_low,flat,long_run_recreation_culture,2014,0.0
net_cost_full_proportional_sept27_low,flat,long_run_recreation_culture,2015,0.0
net_cost_full_proportional_sept27_low,flat,long_run_recreation_culture,2016,0.0
net_cost_full_proportional_sept27_low,flat,long_run_recreation_culture,2017,0.0
net_cost_full_proportional_sept27_low,flat,long_run_recreation_culture,2018,0.0
net_cost_full_proportional_sept27_low,flat,long_run_recreation_culture,2019,0.0
net_cost_full_proportional_sept27_low,flat,long_run_recreation_culture,2020,0.0
net_cost_full_proportional_sept27_low,flat,long_run_recreation_culture,2021,0.0
net_cost_full_proportional_sept27_low,flat,long_run_recreation_culture,2022,0.0
net_cost_full_proportional_sept27_low,flat,long_run_recreation_culture,2023,0.0
net_cost_full_proportional_sept27_low,flat,long_run_recreation_culture,2024,0.0
net_cost_full_proportional_sept27_low,flat,rental_assistance,2005,3.112992
net_cost_full_proportional_sept27_low,flat,rental_assistance,2006,3.294066
net_cost_full_proportional_sept27_low,flat,rental_assistance,2007,3.390266
net_cost_full_proportional_sept27_low,flat,rental_assistance,2008,3.572941
net_cost_full_proportional_sept27_low,flat,rental_assistance,2009,3.683519
net_cost_full_proportional_sept27_low,flat,rental_assistance,2010,3.827629
net_cost_full_proportional_sept27_low,flat,rental_assistance,2011,3.900654
net_cost_full_proportional_sept27_low,flat,rental_assistance,2012,3.956526
net_cost_full_proportional_sept27_low,flat,rental_assistance,2013,4.020164
net_cost_full_proportional_sept27_low,flat,rental_assistance,2014,4.105539
net_cost_full_proportional_sept27_low,flat,rental_assistance,2015,4.160925
net_cost_full_proportional_sept27_low,flat,rental_assistance,2016,4.214221
net_cost_full_proportional_sept27_low,flat,rental_assistance,2017,4.26216
net_cost_full_proportional_sept27_low,flat,rental_assistance,2018,4.299198
net_cost_full_proportional_sept27_low,flat,rental_assistance,2019,4.322411
net_cost_full_proportional_sept27_low,flat,rental_assistance,2020,4.325289
net_cost_full_proportional_sept27_low,flat,rental_assistance,2021,4.328167
net_cost_full_proportional_sept27_low,flat,rental_assistance,2022,4.34896
net_cost_full_proportional_sept27_low,flat,rental_assistance,2023,4.415997
net_cost_full_proportional_sept27_low,flat,rental_assistance,2024,4.532066
net_cost_full_proportional_sept27_low,flat,enterprise_surplus,2005,3.819846
net_cost_full_proportional_sept27_low,flat,enterprise_surplus,2006,4.042036
net_cost_full_proportional_sept27_low,flat,enterprise_surplus,2007,4.16008
net_cost_full_proportional_sept27_low,flat,enterprise_surplus,2008,4.384234
net_cost_full_proportional_sept27_low,flat,enterprise_surplus,2009,4.51992
net_cost_full_proportional_sept27_low,flat,enterprise_surplus,2010,4.696753
net_cost_full_proportional_sept27_low,flat,enterprise_surplus,2011,4.786359
net_cost_full_proportional_sept27_low,flat,enterprise_surplus,2012,4.854918
net_cost_full_proportional_sept27_low,flat,enterprise_surplus,2013,4.933006
net_cost_full_proportional_sept27_low,flat,enterprise_surplus,2014,5.037766
net_cost_full_proportional_sept27_low,flat,enterprise_surplus,2015,5.10573
net_cost_full_proportional_sept27_low,flat,enterprise_surplus,2016,5.171127
net_cost_full_proportional_sept27_low,flat,enterprise_surplus,2017,5.229951
net_cost_full_proportional_sept27_low,flat,enterprise_surplus,2018,5.275399
net_cost_full_proportional_sept27_low,flat,enterprise_surplus,2019,5.303882
net_cost_full_proportional_sept27_low,flat,enterprise_surplus,2020,5.307414
net_cost_full_proportional_sept27_low,flat,enterprise_surplus,2021,5.310946
net_cost_full_proportional_sept27_low,flat,enterprise_surplus,2022,5.336461
net_cost_full_proportional_sept27_low,flat,enterprise_surplus,2023,5.418719
net_cost_full_proportional_sept27_low,flat,enterprise_surplus,2024,5.561143
net_cost_full_proportional_sept27_low,flat,capital_core,2005,10.986154
net_cost_full_proportional_sept27_low,flat,capital_core,2006,11.625188
net_cost_full_proportional_sept27_low,flat,capital_core,2007,11.964691
net_cost_full_proportional_sept27_low,flat,capital_core,2008,12.609374
net_cost_full_proportional_sept27_low,flat,capital_core,2009,12.999618
net_cost_full_proportional_sept27_low,flat,capital_core,2010,13.508203
net_cost_full_proportional_sept27_low,flat,capital_core,2011,13.765915
net_cost_full_proportional_sept27_low,flat,capital_core,2012,13.963095
net_cost_full_proportional_sept27_low,flat,capital_core,2013,14.187683
net_cost_full_proportional_sept27_low,flat,capital_core,2014,14.488981
net_cost_full_proportional_sept27_low,flat,capital_core,2015,14.684448
net_cost_full_proportional_sept27_low,flat,capital_core,2016,14.872535
net_cost_full_proportional_sept27_low,flat,capital_core,2017,15.041719
net_cost_full_proportional_sept27_low,flat,capital_core,2018,15.17243
net_cost_full_proportional_sept27_low,flat,capital_core,2019,15.25435
net_cost_full_proportional_sept27_low,flat,capital_core,2020,15.264508
net_cost_full_proportional_sept27_low,flat,capital_core,2021,15.274666
net_cost_full_proportional_sept27_low,flat,capital_core,2022,15.348047
net_cost_full_proportional_sept27_low,flat,capital_core,2023,15.584629
net_cost_full_proportional_sept27_low,flat,capital_core,2024,15.994251
net_cost_full_proportional_sept27_low,flat,capital_block,2005,5.711576
net_cost_full_proportional_sept27_low,flat,capital_block,2006,6.043802
net_cost_full_proportional_sept27_low,flat,capital_block,2007,6.220306
net_cost_full_proportional_sept27_low,flat,capital_block,2008,6.555469
net_cost_full_proportional_sept27_low,flat,capital_block,2009,6.758353
net_cost_full_proportional_sept27_low,flat,capital_block,2010,7.02276
net_cost_full_proportional_sept27_low,flat,capital_block,2011,7.156741
net_cost_full_proportional_sept27_low,flat,capital_block,2012,7.259253
net_cost_full_proportional_sept27_low,flat,capital_block,2013,7.376014
net_cost_full_proportional_sept27_low,flat,capital_block,2014,7.532655
net_cost_full_proportional_sept27_low,flat,capital_block,2015,7.634276
net_cost_full_proportional_sept27_low,flat,capital_block,2016,7.73206
net_cost_full_proportional_sept27_low,flat,capital_block,2017,7.820017
net_cost_full_proportional_sept27_low,flat,capital_block,2018,7.887973
net_cost_full_proportional_sept27_low,flat,capital_block,2019,7.930562
net_cost_full_proportional_sept27_low,flat,capital_block,2020,7.935843
net_cost_full_proportional_sept27_low,flat,capital_block,2021,7.941124
net_cost_full_proportional_sept27_low,flat,capital_block,2022,7.979274
net_cost_full_proportional_sept27_low,flat,capital_block,2023,8.10227
net_cost_full_proportional_sept27_low,flat,capital_block,2024,8.315228
net_cost_full_proportional_sept27_low,flat,capital_enterprise,2005,7.984797
net_cost_full_proportional_sept27_low,flat,capital_enterprise,2006,8.449251
net_cost_full_proportional_sept27_low,flat,capital_enterprise,2007,8.696004
net_cost_full_proportional_sept27_low,flat,capital_enterprise,2008,9.164563
net_cost_full_proportional_sept27_low,flat,capital_enterprise,2009,9.448195
net_cost_full_proportional_sept27_low,flat,capital_enterprise,2010,9.817836
net_cost_full_proportional_sept27_low,flat,capital_enterprise,2011,10.005143
net_cost_full_proportional_sept27_low,flat,capital_enterprise,2012,10.148455
net_cost_full_proportional_sept27_low,flat,capital_enterprise,2013,10.311686
net_cost_full_proportional_sept27_low,flat,capital_enterprise,2014,10.530671
net_cost_full_proportional_sept27_low,flat,capital_enterprise,2015,10.672738
net_cost_full_proportional_sept27_low,flat,capital_enterprise,2016,10.80944
net_cost_full_proportional_sept27_low,flat,capital_enterprise,2017,10.932404
net_cost_full_proportional_sept27_low,flat,capital_enterprise,2018,11.027406
net_cost_full_proportional_sept27_low,flat,capital_enterprise,2019,11.086946
net_cost_full_proportional_sept27_low,flat,capital_enterprise,2020,11.094329
net_cost_full_proportional_sept27_low,flat,capital_enterprise,2021,11.101711
net_cost_full_proportional_sept27_low,flat,capital_enterprise,2022,11.155046
net_cost_full_proportional_sept27_low,flat,capital_enterprise,2023,11.326994
net_cost_full_proportional_sept27_low,flat,capital_enterprise,2024,11.62471
net_cost_full_proportional_sept27_low,ratio,base,2005,115.709544
net_cost_full_proportional_sept27_low,ratio,base,2006,116.113103
net_cost_full_proportional_sept27_low,ratio,base,2007,127.38478
net_cost_full_proportional_sept27_low,ratio,base,2008,173.866832
net_cost_full_proportional_sept27_low,ratio,base,2009,241.374499
net_cost_full_proportional_sept27_low,ratio,base,2010,255.294392
net_cost_full_proportional_sept27_low,ratio,base,2011,245.500381
net_cost_full_proportional_sept27_low,ratio,base,2012,231.183067
net_cost_full_proportional_sept27_low,ratio,base,2013,195.17757
net_cost_full_proportional_sept27_low,ratio,base,2014,192.511532
net_cost_full_proportional_sept27_low,ratio,base,2015,191.160714
net_cost_full_proportional_sept27_low,ratio,base,2016,204.549537
net_cost_full_proportional_sept27_low,ratio,base,2017,209.615858
net_cost_full_proportional_sept27_low,ratio,base,2018,223.122959
net_cost_full_proportional_sept27_low,ratio,base,2019,237.871519
net_cost_full_proportional_sept27_low,ratio,base,2020,396.071107
net_cost_full_proportional_sept27_low,ratio,base,2021,363.088095
net_cost_full_proportional_sept27_low,ratio,base,2022,218.383521
net_cost_full_proportional_sept27_low,ratio,base,2023,278.300735
net_cost_full_proportional_sept27_low,ratio,base,2024,301.285302
net_cost_full_proportional_sept27_low,ratio,long_run_economic_affairs_services,2005,0.0
net_cost_full_proportional_sept27_low,ratio,long_run_economic_affairs_services,2006,0.0
net_cost_full_proportional_sept27_low,ratio,long_run_economic_affairs_services,2007,0.0
net_cost_full_proportional_sept27_low,ratio,long_run_economic_affairs_services,2008,0.0
net_cost_full_proportional_sept27_low,ratio,long_run_economic_affairs_services,2009,0.0
net_cost_full_proportional_sept27_low,ratio,long_run_economic_affairs_services,2010,0.0
net_cost_full_proportional_sept27_low,ratio,long_run_economic_affairs_services,2011,0.0
net_cost_full_proportional_sept27_low,ratio,long_run_economic_affairs_services,2012,0.0
net_cost_full_proportional_sept27_low,ratio,long_run_economic_affairs_services,2013,0.0
net_cost_full_proportional_sept27_low,ratio,long_run_economic_affairs_services,2014,0.0
net_cost_full_proportional_sept27_low,ratio,long_run_economic_affairs_services,2015,0.0
net_cost_full_proportional_sept27_low,ratio,long_run_economic_affairs_services,2016,0.0
net_cost_full_proportional_sept27_low,ratio,long_run_economic_affairs_services,2017,0.0
net_cost_full_proportional_sept27_low,ratio,long_run_economic_affairs_services,2018,0.0
net_cost_full_proportional_sept27_low,ratio,long_run_economic_affairs_services,2019,0.0
net_cost_full_proportional_sept27_low,ratio,long_run_economic_affairs_services,2020,0.0
net_cost_full_proportional_sept27_low,ratio,long_run_economic_affairs_services,2021,0.0
net_cost_full_proportional_sept27_low,ratio,long_run_economic_affairs_services,2022,0.0
net_cost_full_proportional_sept27_low,ratio,long_run_economic_affairs_services,2023,0.0
net_cost_full_proportional_sept27_low,ratio,long_run_economic_affairs_services,2024,0.0
net_cost_full_proportional_sept27_low,ratio,long_run_recreation_culture,2005,0.0
net_cost_full_proportional_sept27_low,ratio,long_run_recreation_culture,2006,0.0
net_cost_full_proportional_sept27_low,ratio,long_run_recreation_culture,2007,0.0
net_cost_full_proportional_sept27_low,ratio,long_run_recreation_culture,2008,0.0
net_cost_full_proportional_sept27_low,ratio,long_run_recreation_culture,2009,0.0
net_cost_full_proportional_sept27_low,ratio,long_run_recreation_culture,2010,0.0
net_cost_full_proportional_sept27_low,ratio,long_run_recreation_culture,2011,0.0
net_cost_full_proportional_sept27_low,ratio,long_run_recreation_culture,2012,0.0
net_cost_full_proportional_sept27_low,ratio,long_run_recreation_culture,2013,0.0
net_cost_full_proportional_sept27_low,ratio,long_run_recreation_culture,2014,0.0
net_cost_full_proportional_sept27_low,ratio,long_run_recreation_culture,2015,0.0
net_cost_full_proportional_sept27_low,ratio,long_run_recreation_culture,2016,0.0
net_cost_full_proportional_sept27_low,ratio,long_run_recreation_culture,2017,0.0
net_cost_full_proportional_sept27_low,ratio,long_run_recreation_culture,2018,0.0
net_cost_full_proportional_sept27_low,ratio,long_run_recreation_culture,2019,0.0
net_cost_full_proportional_sept27_low,ratio,long_run_recreation_culture,2020,0.0
net_cost_full_proportional_sept27_low,ratio,long_run_recreation_culture,2021,0.0
net_cost_full_proportional_sept27_low,ratio,long_run_recreation_culture,2022,0.0
net_cost_full_proportional_sept27_low,ratio,long_run_recreation_culture,2023,0.0
net_cost_full_proportional_sept27_low,ratio,long_run_recreation_culture,2024,0.0
net_cost_full_proportional_sept27_low,ratio,rental_assistance,2005,2.524119
net_cost_full_proportional_sept27_low,ratio,rental_assistance,2006,2.655
net_cost_full_proportional_sept27_low,ratio,rental_assistance,2007,2.718717
net_cost_full_proportional_sept27_low,ratio,rental_assistance,2008,2.819105
net_cost_full_proportional_sept27_low,ratio,rental_assistance,2009,3.151353
net_cost_full_proportional_sept27_low,ratio,rental_assistance,2010,3.187315
net_cost_full_proportional_sept27_low,ratio,rental_assistance,2011,3.308314
net_cost_full_proportional_sept27_low,ratio,rental_assistance,2012,3.178466
net_cost_full_proportional_sept27_low,ratio,rental_assistance,2013,3.14514
net_cost_full_proportional_sept27_low,ratio,rental_assistance,2014,3.188178
net_cost_full_proportional_sept27_low,ratio,rental_assistance,2015,3.275448
net_cost_full_proportional_sept27_low,ratio,rental_assistance,2016,3.512629
net_cost_full_proportional_sept27_low,ratio,rental_assistance,2017,3.301851
net_cost_full_proportional_sept27_low,ratio,rental_assistance,2018,3.516221
net_cost_full_proportional_sept27_low,ratio,rental_assistance,2019,3.577785
net_cost_full_proportional_sept27_low,ratio,rental_assistance,2020,3.865451
net_cost_full_proportional_sept27_low,ratio,rental_assistance,2021,3.788167
net_cost_full_proportional_sept27_low,ratio,rental_assistance,2022,3.746339
net_cost_full_proportional_sept27_low,ratio,rental_assistance,2023,4.058563
net_cost_full_proportional_sept27_low,ratio,rental_assistance,2024,4.532066
net_cost_full_proportional_sept27_low,ratio,enterprise_surplus,2005,0.490534
net_cost_full_proportional_sept27_low,ratio,enterprise_surplus,2006,0.853953
net_cost_full_proportional_sept27_low,ratio,enterprise_surplus,2007,1.847371
net_cost_full_proportional_sept27_low,ratio,enterprise_surplus,2008,2.459287
net_cost_full_proportional_sept27_low,ratio,enterprise_surplus,2009,2.173422
net_cost_full_proportional_sept27_low,ratio,enterprise_surplus,2010,2.819135
net_cost_full_proportional_sept27_low,ratio,enterprise_surplus,2011,2.686704
net_cost_full_proportional_sept27_low,ratio,enterprise_surplus,2012,2.030378
net_cost_full_proportional_sept27_low,ratio,enterprise_surplus,2013,2.012881
net_cost_full_proportional_sept27_low,ratio,enterprise_surplus,2014,1.245274
net_cost_full_proportional_sept27_low,ratio,enterprise_surplus,2015,0.416792
net_cost_full_proportional_sept27_low,ratio,enterprise_surplus,2016,0.313938
net_cost_full_proportional_sept27_low,ratio,enterprise_surplus,2017,0.611643
net_cost_full_proportional_sept27_low,ratio,enterprise_surplus,2018,0.647385
net_cost_full_proportional_sept27_low,ratio,enterprise_surplus,2019,1.684152
net_cost_full_proportional_sept27_low,ratio,enterprise_surplus,2020,0.417716
net_cost_full_proportional_sept27_low,ratio,enterprise_surplus,2021,1.424219
net_cost_full_proportional_sept27_low,ratio,enterprise_surplus,2022,1.946247
net_cost_full_proportional_sept27_low,ratio,enterprise_surplus,2023,5.538794
net_cost_full_proportional_sept27_low,ratio,enterprise_surplus,2024,5.561143
net_cost_full_proportional_sept27_low,ratio,capital_core,2005,6.595808
net_cost_full_proportional_sept27_low,ratio,capital_core,2006,7.471965
net_cost_full_proportional_sept27_low,ratio,capital_core,2007,8.121127
net_cost_full_proportional_sept27_low,ratio,capital_core,2008,9.079805
net_cost_full_proportional_sept27_low,ratio,capital_core,2009,9.717331
net_cost_full_proportional_sept27_low,ratio,capital_core,2010,10.03789
net_cost_full_proportional_sept27_low,ratio,capital_core,2011,10.374833
net_cost_full_proportional_sept27_low,ratio,capital_core,2012,10.679845
net_cost_full_proportional_sept27_low,ratio,capital_core,2013,10.984067
net_cost_full_proportional_sept27_low,ratio,capital_core,2014,11.380733
net_cost_full_proportional_sept27_low,ratio,capital_core,2015,11.70022
net_cost_full_proportional_sept27_low,ratio,capital_core,2016,11.9537
net_cost_full_proportional_sept27_low,ratio,capital_core,2017,12.218906
net_cost_full_proportional_sept27_low,ratio,capital_core,2018,12.683867
net_cost_full_proportional_sept27_low,ratio,capital_core,2019,13.257913
net_cost_full_proportional_sept27_low,ratio,capital_core,2020,13.596976
net_cost_full_proportional_sept27_low,ratio,capital_core,2021,13.963867
net_cost_full_proportional_sept27_low,ratio,capital_core,2022,14.959496
net_cost_full_proportional_sept27_low,ratio,capital_core,2023,15.755942
net_cost_full_proportional_sept27_low,ratio,capital_core,2024,15.994251
net_cost_full_proportional_sept27_low,ratio,capital_block,2005,3.940899
net_cost_full_proportional_sept27_low,ratio,capital_block,2006,4.520918
net_cost_full_proportional_sept27_low,ratio,capital_block,2007,5.043432
net_cost_full_proportional_sept27_low,ratio,capital_block,2008,5.604752
net_cost_full_proportional_sept27_low,ratio,capital_block,2009,5.869276
net_cost_full_proportional_sept27_low,ratio,capital_block,2010,6.089077
net_cost_full_proportional_sept27_low,ratio,capital_block,2011,6.324966
net_cost_full_proportional_sept27_low,ratio,capital_block,2012,6.575932
net_cost_full_proportional_sept27_low,ratio,capital_block,2013,6.750875
net_cost_full_proportional_sept27_low,ratio,capital_block,2014,6.860588
net_cost_full_proportional_sept27_low,ratio,capital_block,2015,6.905655
net_cost_full_proportional_sept27_low,ratio,capital_block,2016,7.025734
net_cost_full_proportional_sept27_low,ratio,capital_block,2017,7.210161
net_cost_full_proportional_sept27_low,ratio,capital_block,2018,7.39909
net_cost_full_proportional_sept27_low,ratio,capital_block,2019,7.565093
net_cost_full_proportional_sept27_low,ratio,capital_block,2020,7.664569
net_cost_full_proportional_sept27_low,ratio,capital_block,2021,7.857665
net_cost_full_proportional_sept27_low,ratio,capital_block,2022,7.952952
net_cost_full_proportional_sept27_low,ratio,capital_block,2023,8.088958
net_cost_full_proportional_sept27_low,ratio,capital_block,2024,8.315228
net_cost_full_proportional_sept27_low,ratio,capital_enterprise,2005,5.251226
net_cost_full_proportional_sept27_low,ratio,capital_enterprise,2006,5.849367
net_cost_full_proportional_sept27_low,ratio,capital_enterprise,2007,6.312024
net_cost_full_proportional_sept27_low,ratio,capital_enterprise,2008,6.869158
net_cost_full_proportional_sept27_low,ratio,capital_enterprise,2009,7.17724
net_cost_full_proportional_sept27_low,ratio,capital_enterprise,2010,7.531659
net_cost_full_proportional_sept27_low,ratio,capital_enterprise,2011,7.877755
net_cost_full_proportional_sept27_low,ratio,capital_enterprise,2012,8.16062
net_cost_full_proportional_sept27_low,ratio,capital_enterprise,2013,8.400392
net_cost_full_proportional_sept27_low,ratio,capital_enterprise,2014,8.674499
net_cost_full_proportional_sept27_low,ratio,capital_enterprise,2015,8.894481
net_cost_full_proportional_sept27_low,ratio,capital_enterprise,2016,9.133166
net_cost_full_proportional_sept27_low,ratio,capital_enterprise,2017,9.392931
net_cost_full_proportional_sept27_low,ratio,capital_enterprise,2018,9.670296
net_cost_full_proportional_sept27_low,ratio,capital_enterprise,2019,9.938578
net_cost_full_proportional_sept27_low,ratio,capital_enterprise,2020,10.151268
net_cost_full_proportional_sept27_low,ratio,capital_enterprise,2021,10.560832
net_cost_full_proportional_sept27_low,ratio,capital_enterprise,2022,10.973592
net_cost_full_proportional_sept27_low,ratio,capital_enterprise,2023,11.349741
net_cost_full_proportional_sept27_low,ratio,capital_enterprise,2024,11.62471
net_cost_full_proportional_sept27_low,income,base,2005,156.994938
net_cost_full_proportional_sept27_low,income,base,2006,161.908596
net_cost_full_proportional_sept27_low,income,base,2007,175.073065
net_cost_full_proportional_sept27_low,income,base,2008,221.731656
net_cost_full_proportional_sept27_low,income,base,2009,289.973574
net_cost_full_proportional_sept27_low,income,base,2010,308.566532
net_cost_full_proportional_sept27_low,income,base,2011,301.589148
net_cost_full_proportional_sept27_low,income,base,2012,286.847389
net_cost_full_proportional_sept27_low,income,base,2013,257.865319
net_cost_full_proportional_sept27_low,income,base,2014,251.725433
net_cost_full_proportional_sept27_low,income,base,2015,248.650496
net_cost_full_proportional_sept27_low,income,base,2016,255.164608
net_cost_full_proportional_sept27_low,income,base,2017,252.799441
net_cost_full_proportional_sept27_low,income,base,2018,262.860473
net_cost_full_proportional_sept27_low,income,base,2019,272.059553
net_cost_full_proportional_sept27_low,income,base,2020,422.430398
net_cost_full_proportional_sept27_low,income,base,2021,383.604176
net_cost_full_proportional_sept27_low,income,base,2022,234.894119
net_cost_full_proportional_sept27_low,income,base,2023,287.343621
net_cost_full_proportional_sept27_low,income,base,2024,301.285302
net_cost_full_proportional_sept27_low,income,long_run_economic_affairs_services,2005,0.0
net_cost_full_proportional_sept27_low,income,long_run_economic_affairs_services,2006,0.0
net_cost_full_proportional_sept27_low,income,long_run_economic_affairs_services,2007,0.0
net_cost_full_proportional_sept27_low,income,long_run_economic_affairs_services,2008,0.0
net_cost_full_proportional_sept27_low,income,long_run_economic_affairs_services,2009,0.0
net_cost_full_proportional_sept27_low,income,long_run_economic_affairs_services,2010,0.0
net_cost_full_proportional_sept27_low,income,long_run_economic_affairs_services,2011,0.0
net_cost_full_proportional_sept27_low,income,long_run_economic_affairs_services,2012,0.0
net_cost_full_proportional_sept27_low,income,long_run_economic_affairs_services,2013,0.0
net_cost_full_proportional_sept27_low,income,long_run_economic_affairs_services,2014,0.0
net_cost_full_proportional_sept27_low,income,long_run_economic_affairs_services,2015,0.0
net_cost_full_proportional_sept27_low,income,long_run_economic_affairs_services,2016,0.0
net_cost_full_proportional_sept27_low,income,long_run_economic_affairs_services,2017,0.0
net_cost_full_proportional_sept27_low,income,long_run_economic_affairs_services,2018,0.0
net_cost_full_proportional_sept27_low,income,long_run_economic_affairs_services,2019,0.0
net_cost_full_proportional_sept27_low,income,long_run_economic_affairs_services,2020,0.0
net_cost_full_proportional_sept27_low,income,long_run_economic_affairs_services,2021,0.0
net_cost_full_proportional_sept27_low,income,long_run_economic_affairs_services,2022,0.0
net_cost_full_proportional_sept27_low,income,long_run_economic_affairs_services,2023,0.0
net_cost_full_proportional_sept27_low,income,long_run_economic_affairs_services,2024,0.0
net_cost_full_proportional_sept27_low,income,long_run_recreation_culture,2005,0.0
net_cost_full_proportional_sept27_low,income,long_run_recreation_culture,2006,0.0
net_cost_full_proportional_sept27_low,income,long_run_recreation_culture,2007,0.0
net_cost_full_proportional_sept27_low,income,long_run_recreation_culture,2008,0.0
net_cost_full_proportional_sept27_low,income,long_run_recreation_culture,2009,0.0
net_cost_full_proportional_sept27_low,income,long_run_recreation_culture,2010,0.0
net_cost_full_proportional_sept27_low,income,long_run_recreation_culture,2011,0.0
net_cost_full_proportional_sept27_low,income,long_run_recreation_culture,2012,0.0
net_cost_full_proportional_sept27_low,income,long_run_recreation_culture,2013,0.0
net_cost_full_proportional_sept27_low,income,long_run_recreation_culture,2014,0.0
net_cost_full_proportional_sept27_low,income,long_run_recreation_culture,2015,0.0
net_cost_full_proportional_sept27_low,income,long_run_recreation_culture,2016,0.0
net_cost_full_proportional_sept27_low,income,long_run_recreation_culture,2017,0.0
net_cost_full_proportional_sept27_low,income,long_run_recreation_culture,2018,0.0
net_cost_full_proportional_sept27_low,income,long_run_recreation_culture,2019,0.0
net_cost_full_proportional_sept27_low,income,long_run_recreation_culture,2020,0.0
net_cost_full_proportional_sept27_low,income,long_run_recreation_culture,2021,0.0
net_cost_full_proportional_sept27_low,income,long_run_recreation_culture,2022,0.0
net_cost_full_proportional_sept27_low,income,long_run_recreation_culture,2023,0.0
net_cost_full_proportional_sept27_low,income,long_run_recreation_culture,2024,0.0
net_cost_full_proportional_sept27_low,income,rental_assistance,2005,2.524119
net_cost_full_proportional_sept27_low,income,rental_assistance,2006,2.655
net_cost_full_proportional_sept27_low,income,rental_assistance,2007,2.718717
net_cost_full_proportional_sept27_low,income,rental_assistance,2008,2.819105
net_cost_full_proportional_sept27_low,income,rental_assistance,2009,3.151353
net_cost_full_proportional_sept27_low,income,rental_assistance,2010,3.187315
net_cost_full_proportional_sept27_low,income,rental_assistance,2011,3.308314
net_cost_full_proportional_sept27_low,income,rental_assistance,2012,3.178466
net_cost_full_proportional_sept27_low,income,rental_assistance,2013,3.14514
net_cost_full_proportional_sept27_low,income,rental_assistance,2014,3.188178
net_cost_full_proportional_sept27_low,income,rental_assistance,2015,3.275448
net_cost_full_proportional_sept27_low,income,rental_assistance,2016,3.512629
net_cost_full_proportional_sept27_low,income,rental_assistance,2017,3.301851
net_cost_full_proportional_sept27_low,income,rental_assistance,2018,3.516221
net_cost_full_proportional_sept27_low,income,rental_assistance,2019,3.577785
net_cost_full_proportional_sept27_low,income,rental_assistance,2020,3.865451
net_cost_full_proportional_sept27_low,income,rental_assistance,2021,3.788167
net_cost_full_proportional_sept27_low,income,rental_assistance,2022,3.746339
net_cost_full_proportional_sept27_low,income,rental_assistance,2023,4.058563
net_cost_full_proportional_sept27_low,income,rental_assistance,2024,4.532066
net_cost_full_proportional_sept27_low,income,enterprise_surplus,2005,0.490534
net_cost_full_proportional_sept27_low,income,enterprise_surplus,2006,0.853953
net_cost_full_proportional_sept27_low,income,enterprise_surplus,2007,1.847371
net_cost_full_proportional_sept27_low,income,enterprise_surplus,2008,2.459287
net_cost_full_proportional_sept27_low,income,enterprise_surplus,2009,2.173422
net_cost_full_proportional_sept27_low,income,enterprise_surplus,2010,2.819135
net_cost_full_proportional_sept27_low,income,enterprise_surplus,2011,2.686704
net_cost_full_proportional_sept27_low,income,enterprise_surplus,2012,2.030378
net_cost_full_proportional_sept27_low,income,enterprise_surplus,2013,2.012881
net_cost_full_proportional_sept27_low,income,enterprise_surplus,2014,1.245274
net_cost_full_proportional_sept27_low,income,enterprise_surplus,2015,0.416792
net_cost_full_proportional_sept27_low,income,enterprise_surplus,2016,0.313938
net_cost_full_proportional_sept27_low,income,enterprise_surplus,2017,0.611643
net_cost_full_proportional_sept27_low,income,enterprise_surplus,2018,0.647385
net_cost_full_proportional_sept27_low,income,enterprise_surplus,2019,1.684152
net_cost_full_proportional_sept27_low,income,enterprise_surplus,2020,0.417716
net_cost_full_proportional_sept27_low,income,enterprise_surplus,2021,1.424219
net_cost_full_proportional_sept27_low,income,enterprise_surplus,2022,1.946247
net_cost_full_proportional_sept27_low,income,enterprise_surplus,2023,5.538794
net_cost_full_proportional_sept27_low,income,enterprise_surplus,2024,5.561143
net_cost_full_proportional_sept27_low,income,capital_core,2005,6.595808
net_cost_full_proportional_sept27_low,income,capital_core,2006,7.471965
net_cost_full_proportional_sept27_low,income,capital_core,2007,8.121127
net_cost_full_proportional_sept27_low,income,capital_core,2008,9.079805
net_cost_full_proportional_sept27_low,income,capital_core,2009,9.717331
net_cost_full_proportional_sept27_low,income,capital_core,2010,10.03789
net_cost_full_proportional_sept27_low,income,capital_core,2011,10.374833
net_cost_full_proportional_sept27_low,income,capital_core,2012,10.679845
net_cost_full_proportional_sept27_low,income,capital_core,2013,10.984067
net_cost_full_proportional_sept27_low,income,capital_core,2014,11.380733
net_cost_full_proportional_sept27_low,income,capital_core,2015,11.70022
net_cost_full_proportional_sept27_low,income,capital_core,2016,11.9537
net_cost_full_proportional_sept27_low,income,capital_core,2017,12.218906
net_cost_full_proportional_sept27_low,income,capital_core,2018,12.683867
net_cost_full_proportional_sept27_low,income,capital_core,2019,13.257913
net_cost_full_proportional_sept27_low,income,capital_core,2020,13.596976
net_cost_full_proportional_sept27_low,income,capital_core,2021,13.963867
net_cost_full_proportional_sept27_low,income,capital_core,2022,14.959496
net_cost_full_proportional_sept27_low,income,capital_core,2023,15.755942
net_cost_full_proportional_sept27_low,income,capital_core,2024,15.994251
net_cost_full_proportional_sept27_low,income,capital_block,2005,3.940899
net_cost_full_proportional_sept27_low,income,capital_block,2006,4.520918
net_cost_full_proportional_sept27_low,income,capital_block,2007,5.043432
net_cost_full_proportional_sept27_low,income,capital_block,2008,5.604752
net_cost_full_proportional_sept27_low,income,capital_block,2009,5.869276
net_cost_full_proportional_sept27_low,income,capital_block,2010,6.089077
net_cost_full_proportional_sept27_low,income,capital_block,2011,6.324966
net_cost_full_proportional_sept27_low,income,capital_block,2012,6.575932
net_cost_full_proportional_sept27_low,income,capital_block,2013,6.750875
net_cost_full_proportional_sept27_low,income,capital_block,2014,6.860588
net_cost_full_proportional_sept27_low,income,capital_block,2015,6.905655
net_cost_full_proportional_sept27_low,income,capital_block,2016,7.025734
net_cost_full_proportional_sept27_low,income,capital_block,2017,7.210161
net_cost_full_proportional_sept27_low,income,capital_block,2018,7.39909
net_cost_full_proportional_sept27_low,income,capital_block,2019,7.565093
net_cost_full_proportional_sept27_low,income,capital_block,2020,7.664569
net_cost_full_proportional_sept27_low,income,capital_block,2021,7.857665
net_cost_full_proportional_sept27_low,income,capital_block,2022,7.952952
net_cost_full_proportional_sept27_low,income,capital_block,2023,8.088958
net_cost_full_proportional_sept27_low,income,capital_block,2024,8.315228
net_cost_full_proportional_sept27_low,income,capital_enterprise,2005,5.251226
net_cost_full_proportional_sept27_low,income,capital_enterprise,2006,5.849367
net_cost_full_proportional_sept27_low,income,capital_enterprise,2007,6.312024
net_cost_full_proportional_sept27_low,income,capital_enterprise,2008,6.869158
net_cost_full_proportional_sept27_low,income,capital_enterprise,2009,7.17724
net_cost_full_proportional_sept27_low,income,capital_enterprise,2010,7.531659
net_cost_full_proportional_sept27_low,income,capital_enterprise,2011,7.877755
net_cost_full_proportional_sept27_low,income,capital_enterprise,2012,8.16062
net_cost_full_proportional_sept27_low,income,capital_enterprise,2013,8.400392
net_cost_full_proportional_sept27_low,income,capital_enterprise,2014,8.674499
net_cost_full_proportional_sept27_low,income,capital_enterprise,2015,8.894481
net_cost_full_proportional_sept27_low,income,capital_enterprise,2016,9.133166
net_cost_full_proportional_sept27_low,income,capital_enterprise,2017,9.392931
net_cost_full_proportional_sept27_low,income,capital_enterprise,2018,9.670296
net_cost_full_proportional_sept27_low,income,capital_enterprise,2019,9.938578
net_cost_full_proportional_sept27_low,income,capital_enterprise,2020,10.151268
net_cost_full_proportional_sept27_low,income,capital_enterprise,2021,10.560832
net_cost_full_proportional_sept27_low,income,capital_enterprise,2022,10.973592
net_cost_full_proportional_sept27_low,income,capital_enterprise,2023,11.349741
net_cost_full_proportional_sept27_low,income,capital_enterprise,2024,11.62471
net_cost_full_proportional_sept27_high,flat,base,2005,229.934637
net_cost_full_proportional_sept27_high,flat,base,2006,243.309286
net_cost_full_proportional_sept27_high,flat,base,2007,250.414929
net_cost_full_proportional_sept27_high,flat,base,2008,263.90781
net_cost_full_proportional_sept27_high,flat,base,2009,272.075427
net_cost_full_proportional_sept27_high,flat,base,2010,282.719841
net_cost_full_proportional_sept27_high,flat,base,2011,288.113626
net_cost_full_proportional_sept27_high,flat,base,2012,292.240509
net_cost_full_proportional_sept27_high,flat,base,2013,296.941009
net_cost_full_proportional_sept27_high,flat,base,2014,303.247028
net_cost_full_proportional_sept27_high,flat,base,2015,307.338057
net_cost_full_proportional_sept27_high,flat,base,2016,311.274614
net_cost_full_proportional_sept27_high,flat,base,2017,314.815549
net_cost_full_proportional_sept27_high,flat,base,2018,317.551278
net_cost_full_proportional_sept27_high,flat,base,2019,319.265815
net_cost_full_proportional_sept27_high,flat,base,2020,319.478415
net_cost_full_proportional_sept27_high,flat,base,2021,319.691015
net_cost_full_proportional_sept27_high,flat,base,2022,321.226852
net_cost_full_proportional_sept27_high,flat,base,2023,326.178386
net_cost_full_proportional_sept27_high,flat,base,2024,334.751568
net_cost_full_proportional_sept27_high,flat,long_run_economic_affairs_services,2005,0.0
net_cost_full_proportional_sept27_high,flat,long_run_economic_affairs_services,2006,0.0
net_cost_full_proportional_sept27_high,flat,long_run_economic_affairs_services,2007,0.0
net_cost_full_proportional_sept27_high,flat,long_run_economic_affairs_services,2008,0.0
net_cost_full_proportional_sept27_high,flat,long_run_economic_affairs_services,2009,0.0
net_cost_full_proportional_sept27_high,flat,long_run_economic_affairs_services,2010,0.0
net_cost_full_proportional_sept27_high,flat,long_run_economic_affairs_services,2011,0.0
net_cost_full_proportional_sept27_high,flat,long_run_economic_affairs_services,2012,0.0
net_cost_full_proportional_sept27_high,flat,long_run_economic_affairs_services,2013,0.0
net_cost_full_proportional_sept27_high,flat,long_run_economic_affairs_services,2014,0.0
net_cost_full_proportional_sept27_high,flat,long_run_economic_affairs_services,2015,0.0
net_cost_full_proportional_sept27_high,flat,long_run_economic_affairs_services,2016,0.0
net_cost_full_proportional_sept27_high,flat,long_run_economic_affairs_services,2017,0.0
net_cost_full_proportional_sept27_high,flat,long_run_economic_affairs_services,2018,0.0
net_cost_full_proportional_sept27_high,flat,long_run_economic_affairs_services,2019,0.0
net_cost_full_proportional_sept27_high,flat,long_run_economic_affairs_services,2020,0.0
net_cost_full_proportional_sept27_high,flat,long_run_economic_affairs_services,2021,0.0
net_cost_full_proportional_sept27_high,flat,long_run_economic_affairs_services,2022,0.0
net_cost_full_proportional_sept27_high,flat,long_run_economic_affairs_services,2023,0.0
net_cost_full_proportional_sept27_high,flat,long_run_economic_affairs_services,2024,0.0
net_cost_full_proportional_sept27_high,flat,long_run_recreation_culture,2005,0.0
net_cost_full_proportional_sept27_high,flat,long_run_recreation_culture,2006,0.0
net_cost_full_proportional_sept27_high,flat,long_run_recreation_culture,2007,0.0
net_cost_full_proportional_sept27_high,flat,long_run_recreation_culture,2008,0.0
net_cost_full_proportional_sept27_high,flat,long_run_recreation_culture,2009,0.0
net_cost_full_proportional_sept27_high,flat,long_run_recreation_culture,2010,0.0
net_cost_full_proportional_sept27_high,flat,long_run_recreation_culture,2011,0.0
net_cost_full_proportional_sept27_high,flat,long_run_recreation_culture,2012,0.0
net_cost_full_proportional_sept27_high,flat,long_run_recreation_culture,2013,0.0
net_cost_full_proportional_sept27_high,flat,long_run_recreation_culture,2014,0.0
net_cost_full_proportional_sept27_high,flat,long_run_recreation_culture,2015,0.0
net_cost_full_proportional_sept27_high,flat,long_run_recreation_culture,2016,0.0
net_cost_full_proportional_sept27_high,flat,long_run_recreation_culture,2017,0.0
net_cost_full_proportional_sept27_high,flat,long_run_recreation_culture,2018,0.0
net_cost_full_proportional_sept27_high,flat,long_run_recreation_culture,2019,0.0
net_cost_full_proportional_sept27_high,flat,long_run_recreation_culture,2020,0.0
net_cost_full_proportional_sept27_high,flat,long_run_recreation_culture,2021,0.0
net_cost_full_proportional_sept27_high,flat,long_run_recreation_culture,2022,0.0
net_cost_full_proportional_sept27_high,flat,long_run_recreation_culture,2023,0.0
net_cost_full_proportional_sept27_high,flat,long_run_recreation_culture,2024,0.0
net_cost_full_proportional_sept27_high,flat,rental_assistance,2005,3.112992
net_cost_full_proportional_sept27_high,flat,rental_assistance,2006,3.294066
net_cost_full_proportional_sept27_high,flat,rental_assistance,2007,3.390266
net_cost_full_proportional_sept27_high,flat,rental_assistance,2008,3.572941
net_cost_full_proportional_sept27_high,flat,rental_assistance,2009,3.683519
net_cost_full_proportional_sept27_high,flat,rental_assistance,2010,3.827629
net_cost_full_proportional_sept27_high,flat,rental_assistance,2011,3.900654
net_cost_full_proportional_sept27_high,flat,rental_assistance,2012,3.956526
net_cost_full_proportional_sept27_high,flat,rental_assistance,2013,4.020164
net_cost_full_proportional_sept27_high,flat,rental_assistance,2014,4.105539
net_cost_full_proportional_sept27_high,flat,rental_assistance,2015,4.160925
net_cost_full_proportional_sept27_high,flat,rental_assistance,2016,4.214221
net_cost_full_proportional_sept27_high,flat,rental_assistance,2017,4.26216
net_cost_full_proportional_sept27_high,flat,rental_assistance,2018,4.299198
net_cost_full_proportional_sept27_high,flat,rental_assistance,2019,4.322411
net_cost_full_proportional_sept27_high,flat,rental_assistance,2020,4.325289
net_cost_full_proportional_sept27_high,flat,rental_assistance,2021,4.328167
net_cost_full_proportional_sept27_high,flat,rental_assistance,2022,4.34896
net_cost_full_proportional_sept27_high,flat,rental_assistance,2023,4.415997
net_cost_full_proportional_sept27_high,flat,rental_assistance,2024,4.532066
net_cost_full_proportional_sept27_high,flat,enterprise_surplus,2005,3.819846
net_cost_full_proportional_sept27_high,flat,enterprise_surplus,2006,4.042036
net_cost_full_proportional_sept27_high,flat,enterprise_surplus,2007,4.16008
net_cost_full_proportional_sept27_high,flat,enterprise_surplus,2008,4.384234
net_cost_full_proportional_sept27_high,flat,enterprise_surplus,2009,4.51992
net_cost_full_proportional_sept27_high,flat,enterprise_surplus,2010,4.696753
net_cost_full_proportional_sept27_high,flat,enterprise_surplus,2011,4.786359
net_cost_full_proportional_sept27_high,flat,enterprise_surplus,2012,4.854918
net_cost_full_proportional_sept27_high,flat,enterprise_surplus,2013,4.933006
net_cost_full_proportional_sept27_high,flat,enterprise_surplus,2014,5.037766
net_cost_full_proportional_sept27_high,flat,enterprise_surplus,2015,5.10573
net_cost_full_proportional_sept27_high,flat,enterprise_surplus,2016,5.171127
net_cost_full_proportional_sept27_high,flat,enterprise_surplus,2017,5.229951
net_cost_full_proportional_sept27_high,flat,enterprise_surplus,2018,5.275399
net_cost_full_proportional_sept27_high,flat,enterprise_surplus,2019,5.303882
net_cost_full_proportional_sept27_high,flat,enterprise_surplus,2020,5.307414
net_cost_full_proportional_sept27_high,flat,enterprise_surplus,2021,5.310946
net_cost_full_proportional_sept27_high,flat,enterprise_surplus,2022,5.336461
net_cost_full_proportional_sept27_high,flat,enterprise_surplus,2023,5.418719
net_cost_full_proportional_sept27_high,flat,enterprise_surplus,2024,5.561143
net_cost_full_proportional_sept27_high,flat,capital_core,2005,17.707609
net_cost_full_proportional_sept27_high,flat,capital_core,2006,18.73761
net_cost_full_proportional_sept27_high,flat,capital_core,2007,19.284827
net_cost_full_proportional_sept27_high,flat,capital_core,2008,20.323933
net_cost_full_proportional_sept27_high,flat,capital_core,2009,20.952934
net_cost_full_proportional_sept27_high,flat,capital_core,2010,21.772676
net_cost_full_proportional_sept27_high,flat,capital_core,2011,22.188059
net_cost_full_proportional_sept27_high,flat,capital_core,2012,22.505877
net_cost_full_proportional_sept27_high,flat,capital_core,2013,22.867869
net_cost_full_proportional_sept27_high,flat,capital_core,2014,23.353505
net_cost_full_proportional_sept27_high,flat,capital_core,2015,23.668561
net_cost_full_proportional_sept27_high,flat,capital_core,2016,23.971721
net_cost_full_proportional_sept27_high,flat,capital_core,2017,24.244414
net_cost_full_proportional_sept27_high,flat,capital_core,2018,24.455097
net_cost_full_proportional_sept27_high,flat,capital_core,2019,24.587136
net_cost_full_proportional_sept27_high,flat,capital_core,2020,24.603508
net_cost_full_proportional_sept27_high,flat,capital_core,2021,24.619881
net_cost_full_proportional_sept27_high,flat,capital_core,2022,24.738158
net_cost_full_proportional_sept27_high,flat,capital_core,2023,25.119483
net_cost_full_proportional_sept27_high,flat,capital_core,2024,25.779717
net_cost_full_proportional_sept27_high,flat,capital_block,2005,8.567363
net_cost_full_proportional_sept27_high,flat,capital_block,2006,9.065703
net_cost_full_proportional_sept27_high,flat,capital_block,2007,9.330459
net_cost_full_proportional_sept27_high,flat,capital_block,2008,9.833204
net_cost_full_proportional_sept27_high,flat,capital_block,2009,10.137529
net_cost_full_proportional_sept27_high,flat,capital_block,2010,10.53414
net_cost_full_proportional_sept27_high,flat,capital_block,2011,10.735112
net_cost_full_proportional_sept27_high,flat,capital_block,2012,10.88888
net_cost_full_proportional_sept27_high,flat,capital_block,2013,11.06402
net_cost_full_proportional_sept27_high,flat,capital_block,2014,11.298983
net_cost_full_proportional_sept27_high,flat,capital_block,2015,11.451414
net_cost_full_proportional_sept27_high,flat,capital_block,2016,11.59809
net_cost_full_proportional_sept27_high,flat,capital_block,2017,11.730026
net_cost_full_proportional_sept27_high,flat,capital_block,2018,11.831959
net_cost_full_proportional_sept27_high,flat,capital_block,2019,11.895843
net_cost_full_proportional_sept27_high,flat,capital_block,2020,11.903764
net_cost_full_proportional_sept27_high,flat,capital_block,2021,11.911685
net_cost_full_proportional_sept27_high,flat,capital_block,2022,11.968911
net_cost_full_proportional_sept27_high,flat,capital_block,2023,12.153405
net_cost_full_proportional_sept27_high,flat,capital_block,2024,12.472842
net_cost_full_proportional_sept27_high,flat,capital_enterprise,2005,11.977196
net_cost_full_proportional_sept27_high,flat,capital_enterprise,2006,12.673876
net_cost_full_proportional_sept27_high,flat,capital_enterprise,2007,13.044006
net_cost_full_proportional_sept27_high,flat,capital_enterprise,2008,13.746844
net_cost_full_proportional_sept27_high,flat,capital_enterprise,2009,14.172292
net_cost_full_proportional_sept27_high,flat,capital_enterprise,2010,14.726755
net_cost_full_proportional_sept27_high,flat,capital_enterprise,2011,15.007715
net_cost_full_proportional_sept27_high,flat,capital_enterprise,2012,15.222682
net_cost_full_proportional_sept27_high,flat,capital_enterprise,2013,15.467529
net_cost_full_proportional_sept27_high,flat,capital_enterprise,2014,15.796007
net_cost_full_proportional_sept27_high,flat,capital_enterprise,2015,16.009107
net_cost_full_proportional_sept27_high,flat,capital_enterprise,2016,16.214161
net_cost_full_proportional_sept27_high,flat,capital_enterprise,2017,16.398606
net_cost_full_proportional_sept27_high,flat,capital_enterprise,2018,16.541109
net_cost_full_proportional_sept27_high,flat,capital_enterprise,2019,16.630419
net_cost_full_proportional_sept27_high,flat,capital_enterprise,2020,16.641493
net_cost_full_proportional_sept27_high,flat,capital_enterprise,2021,16.652567
net_cost_full_proportional_sept27_high,flat,capital_enterprise,2022,16.732568
net_cost_full_proportional_sept27_high,flat,capital_enterprise,2023,16.990492
net_cost_full_proportional_sept27_high,flat,capital_enterprise,2024,17.437065
net_cost_full_proportional_sept27_high,ratio,base,2005,132.162402
net_cost_full_proportional_sept27_high,ratio,base,2006,133.847407
net_cost_full_proportional_sept27_high,ratio,base,2007,146.124948
net_cost_full_proportional_sept27_high,ratio,base,2008,194.616155
net_cost_full_proportional_sept27_high,ratio,base,2009,263.770695
net_cost_full_proportional_sept27_high,ratio,base,2010,279.28543
net_cost_full_proportional_sept27_high,ratio,base,2011,269.606372
net_cost_full_proportional_sept27_high,ratio,base,2012,255.118613
net_cost_full_proportional_sept27_high,ratio,base,2013,219.173409
net_cost_full_proportional_sept27_high,ratio,base,2014,217.060466
net_cost_full_proportional_sept27_high,ratio,base,2015,216.342176
net_cost_full_proportional_sept27_high,ratio,base,2016,230.360246
net_cost_full_proportional_sept27_high,ratio,base,2017,235.818588
net_cost_full_proportional_sept27_high,ratio,base,2018,250.135837
net_cost_full_proportional_sept27_high,ratio,base,2019,265.96049
net_cost_full_proportional_sept27_high,ratio,base,2020,430.793789
net_cost_full_proportional_sept27_high,ratio,base,2021,398.278605
net_cost_full_proportional_sept27_high,ratio,base,2022,248.721763
net_cost_full_proportional_sept27_high,ratio,base,2023,309.663136
net_cost_full_proportional_sept27_high,ratio,base,2024,334.751568
net_cost_full_proportional_sept27_high,ratio,long_run_economic_affairs_services,2005,0.0
net_cost_full_proportional_sept27_high,ratio,long_run_economic_affairs_services,2006,0.0
net_cost_full_proportional_sept27_high,ratio,long_run_economic_affairs_services,2007,0.0
net_cost_full_proportional_sept27_high,ratio,long_run_economic_affairs_services,2008,0.0
net_cost_full_proportional_sept27_high,ratio,long_run_economic_affairs_services,2009,0.0
net_cost_full_proportional_sept27_high,ratio,long_run_economic_affairs_services,2010,0.0
net_cost_full_proportional_sept27_high,ratio,long_run_economic_affairs_services,2011,0.0
net_cost_full_proportional_sept27_high,ratio,long_run_economic_affairs_services,2012,0.0
net_cost_full_proportional_sept27_high,ratio,long_run_economic_affairs_services,2013,0.0
net_cost_full_proportional_sept27_high,ratio,long_run_economic_affairs_services,2014,0.0
net_cost_full_proportional_sept27_high,ratio,long_run_economic_affairs_services,2015,0.0
net_cost_full_proportional_sept27_high,ratio,long_run_economic_affairs_services,2016,0.0
net_cost_full_proportional_sept27_high,ratio,long_run_economic_affairs_services,2017,0.0
net_cost_full_proportional_sept27_high,ratio,long_run_economic_affairs_services,2018,0.0
net_cost_full_proportional_sept27_high,ratio,long_run_economic_affairs_services,2019,0.0
net_cost_full_proportional_sept27_high,ratio,long_run_economic_affairs_services,2020,0.0
net_cost_full_proportional_sept27_high,ratio,long_run_economic_affairs_services,2021,0.0
net_cost_full_proportional_sept27_high,ratio,long_run_economic_affairs_services,2022,0.0
net_cost_full_proportional_sept27_high,ratio,long_run_economic_affairs_services,2023,0.0
net_cost_full_proportional_sept27_high,ratio,long_run_economic_affairs_services,2024,0.0
net_cost_full_proportional_sept27_high,ratio,long_run_recreation_culture,2005,0.0
net_cost_full_proportional_sept27_high,ratio,long_run_recreation_culture,2006,0.0
net_cost_full_proportional_sept27_high,ratio,long_run_recreation_culture,2007,0.0
net_cost_full_proportional_sept27_high,ratio,long_run_recreation_culture,2008,0.0
net_cost_full_proportional_sept27_high,ratio,long_run_recreation_culture,2009,0.0
net_cost_full_proportional_sept27_high,ratio,long_run_recreation_culture,2010,0.0
net_cost_full_proportional_sept27_high,ratio,long_run_recreation_culture,2011,0.0
net_cost_full_proportional_sept27_high,ratio,long_run_recreation_culture,2012,0.0
net_cost_full_proportional_sept27_high,ratio,long_run_recreation_culture,2013,0.0
net_cost_full_proportional_sept27_high,ratio,long_run_recreation_culture,2014,0.0
net_cost_full_proportional_sept27_high,ratio,long_run_recreation_culture,2015,0.0
net_cost_full_proportional_sept27_high,ratio,long_run_recreation_culture,2016,0.0
net_cost_full_proportional_sept27_high,ratio,long_run_recreation_culture,2017,0.0
net_cost_full_proportional_sept27_high,ratio,long_run_recreation_culture,2018,0.0
net_cost_full_proportional_sept27_high,ratio,long_run_recreation_culture,2019,0.0
net_cost_full_proportional_sept27_high,ratio,long_run_recreation_culture,2020,0.0
net_cost_full_proportional_sept27_high,ratio,long_run_recreation_culture,2021,0.0
net_cost_full_proportional_sept27_high,ratio,long_run_recreation_culture,2022,0.0
net_cost_full_proportional_sept27_high,ratio,long_run_recreation_culture,2023,0.0
net_cost_full_proportional_sept27_high,ratio,long_run_recreation_culture,2024,0.0
net_cost_full_proportional_sept27_high,ratio,rental_assistance,2005,2.524119
net_cost_full_proportional_sept27_high,ratio,rental_assistance,2006,2.655
net_cost_full_proportional_sept27_high,ratio,rental_assistance,2007,2.718717
net_cost_full_proportional_sept27_high,ratio,rental_assistance,2008,2.819105
net_cost_full_proportional_sept27_high,ratio,rental_assistance,2009,3.151353
net_cost_full_proportional_sept27_high,ratio,rental_assistance,2010,3.187315
net_cost_full_proportional_sept27_high,ratio,rental_assistance,2011,3.308314
net_cost_full_proportional_sept27_high,ratio,rental_assistance,2012,3.178466
net_cost_full_proportional_sept27_high,ratio,rental_assistance,2013,3.14514
net_cost_full_proportional_sept27_high,ratio,rental_assistance,2014,3.188178
net_cost_full_proportional_sept27_high,ratio,rental_assistance,2015,3.275448
net_cost_full_proportional_sept27_high,ratio,rental_assistance,2016,3.512629
net_cost_full_proportional_sept27_high,ratio,rental_assistance,2017,3.301851
net_cost_full_proportional_sept27_high,ratio,rental_assistance,2018,3.516221
net_cost_full_proportional_sept27_high,ratio,rental_assistance,2019,3.577785
net_cost_full_proportional_sept27_high,ratio,rental_assistance,2020,3.865451
net_cost_full_proportional_sept27_high,ratio,rental_assistance,2021,3.788167
net_cost_full_proportional_sept27_high,ratio,rental_assistance,2022,3.746339
net_cost_full_proportional_sept27_high,ratio,rental_assistance,2023,4.058563
net_cost_full_proportional_sept27_high,ratio,rental_assistance,2024,4.532066
net_cost_full_proportional_sept27_high,ratio,enterprise_surplus,2005,0.490534
net_cost_full_proportional_sept27_high,ratio,enterprise_surplus,2006,0.853953
net_cost_full_proportional_sept27_high,ratio,enterprise_surplus,2007,1.847371
net_cost_full_proportional_sept27_high,ratio,enterprise_surplus,2008,2.459287
net_cost_full_proportional_sept27_high,ratio,enterprise_surplus,2009,2.173422
net_cost_full_proportional_sept27_high,ratio,enterprise_surplus,2010,2.819135
net_cost_full_proportional_sept27_high,ratio,enterprise_surplus,2011,2.686704
net_cost_full_proportional_sept27_high,ratio,enterprise_surplus,2012,2.030378
net_cost_full_proportional_sept27_high,ratio,enterprise_surplus,2013,2.012881
net_cost_full_proportional_sept27_high,ratio,enterprise_surplus,2014,1.245274
net_cost_full_proportional_sept27_high,ratio,enterprise_surplus,2015,0.416792
net_cost_full_proportional_sept27_high,ratio,enterprise_surplus,2016,0.313938
net_cost_full_proportional_sept27_high,ratio,enterprise_surplus,2017,0.611643
net_cost_full_proportional_sept27_high,ratio,enterprise_surplus,2018,0.647385
net_cost_full_proportional_sept27_high,ratio,enterprise_surplus,2019,1.684152
net_cost_full_proportional_sept27_high,ratio,enterprise_surplus,2020,0.417716
net_cost_full_proportional_sept27_high,ratio,enterprise_surplus,2021,1.424219
net_cost_full_proportional_sept27_high,ratio,enterprise_surplus,2022,1.946247
net_cost_full_proportional_sept27_high,ratio,enterprise_surplus,2023,5.538794
net_cost_full_proportional_sept27_high,ratio,enterprise_surplus,2024,5.561143
net_cost_full_proportional_sept27_high,ratio,capital_core,2005,10.61658
net_cost_full_proportional_sept27_high,ratio,capital_core,2006,12.032238
net_cost_full_proportional_sept27_high,ratio,capital_core,2007,13.074962
net_cost_full_proportional_sept27_high,ratio,capital_core,2008,14.612459
net_cost_full_proportional_sept27_high,ratio,capital_core,2009,15.627468
net_cost_full_proportional_sept27_high,ratio,capital_core,2010,16.135787
net_cost_full_proportional_sept27_high,ratio,capital_core,2011,16.676839
net_cost_full_proportional_sept27_high,ratio,capital_core,2012,17.167844
net_cost_full_proportional_sept27_high,ratio,capital_core,2013,17.654994
net_cost_full_proportional_sept27_high,ratio,capital_core,2014,18.292381
net_cost_full_proportional_sept27_high,ratio,capital_core,2015,18.807745
net_cost_full_proportional_sept27_high,ratio,capital_core,2016,19.21723
net_cost_full_proportional_sept27_high,ratio,capital_core,2017,19.641272
net_cost_full_proportional_sept27_high,ratio,capital_core,2018,20.384602
net_cost_full_proportional_sept27_high,ratio,capital_core,2019,21.301701
net_cost_full_proportional_sept27_high,ratio,capital_core,2020,21.846355
net_cost_full_proportional_sept27_high,ratio,capital_core,2021,22.461853
net_cost_full_proportional_sept27_high,ratio,capital_core,2022,24.096306
net_cost_full_proportional_sept27_high,ratio,capital_core,2023,25.393157
net_cost_full_proportional_sept27_high,ratio,capital_core,2024,25.779717
net_cost_full_proportional_sept27_high,ratio,capital_block,2005,5.911348
net_cost_full_proportional_sept27_high,ratio,capital_block,2006,6.781377
net_cost_full_proportional_sept27_high,ratio,capital_block,2007,7.565147
net_cost_full_proportional_sept27_high,ratio,capital_block,2008,8.407128
net_cost_full_proportional_sept27_high,ratio,capital_block,2009,8.803914
net_cost_full_proportional_sept27_high,ratio,capital_block,2010,9.133616
net_cost_full_proportional_sept27_high,ratio,capital_block,2011,9.487448
net_cost_full_proportional_sept27_high,ratio,capital_block,2012,9.863898
net_cost_full_proportional_sept27_high,ratio,capital_block,2013,10.126313
net_cost_full_proportional_sept27_high,ratio,capital_block,2014,10.290882
net_cost_full_proportional_sept27_high,ratio,capital_block,2015,10.358483
net_cost_full_proportional_sept27_high,ratio,capital_block,2016,10.538601
net_cost_full_proportional_sept27_high,ratio,capital_block,2017,10.815241
net_cost_full_proportional_sept27_high,ratio,capital_block,2018,11.098636
net_cost_full_proportional_sept27_high,ratio,capital_block,2019,11.34764
net_cost_full_proportional_sept27_high,ratio,capital_block,2020,11.496853
net_cost_full_proportional_sept27_high,ratio,capital_block,2021,11.786498
net_cost_full_proportional_sept27_high,ratio,capital_block,2022,11.929429
net_cost_full_proportional_sept27_high,ratio,capital_block,2023,12.133436
net_cost_full_proportional_sept27_high,ratio,capital_block,2024,12.472842
net_cost_full_proportional_sept27_high,ratio,capital_enterprise,2005,7.876839
net_cost_full_proportional_sept27_high,ratio,capital_enterprise,2006,8.774051
net_cost_full_proportional_sept27_high,ratio,capital_enterprise,2007,9.468035
net_cost_full_proportional_sept27_high,ratio,capital_enterprise,2008,10.303737
net_cost_full_proportional_sept27_high,ratio,capital_enterprise,2009,10.76586
net_cost_full_proportional_sept27_high,ratio,capital_enterprise,2010,11.297489
net_cost_full_proportional_sept27_high,ratio,capital_enterprise,2011,11.816633
net_cost_full_proportional_sept27_high,ratio,capital_enterprise,2012,12.24093
net_cost_full_proportional_sept27_high,ratio,capital_enterprise,2013,12.600588
net_cost_full_proportional_sept27_high,ratio,capital_enterprise,2014,13.011748
net_cost_full_proportional_sept27_high,ratio,capital_enterprise,2015,13.341722
net_cost_full_proportional_sept27_high,ratio,capital_enterprise,2016,13.699748
net_cost_full_proportional_sept27_high,ratio,capital_enterprise,2017,14.089396
net_cost_full_proportional_sept27_high,ratio,capital_enterprise,2018,14.505444
net_cost_full_proportional_sept27_high,ratio,capital_enterprise,2019,14.907867
net_cost_full_proportional_sept27_high,ratio,capital_enterprise,2020,15.226901
net_cost_full_proportional_sept27_high,ratio,capital_enterprise,2021,15.841248
net_cost_full_proportional_sept27_high,ratio,capital_enterprise,2022,16.460388
net_cost_full_proportional_sept27_high,ratio,capital_enterprise,2023,17.024611
net_cost_full_proportional_sept27_high,ratio,capital_enterprise,2024,17.437065
net_cost_full_proportional_sept27_high,income,base,2005,173.447796
net_cost_full_proportional_sept27_high,income,base,2006,179.6429
net_cost_full_proportional_sept27_high,income,base,2007,193.813233
net_cost_full_proportional_sept27_high,income,base,2008,242.480979
net_cost_full_proportional_sept27_high,income,base,2009,312.36977
net_cost_full_proportional_sept27_high,income,base,2010,332.557571
net_cost_full_proportional_sept27_high,income,base,2011,325.695139
net_cost_full_proportional_sept27_high,income,base,2012,310.782935
net_cost_full_proportional_sept27_high,income,base,2013,281.861158
net_cost_full_proportional_sept27_high,income,base,2014,276.274367
net_cost_full_proportional_sept27_high,income,base,2015,273.831959
net_cost_full_proportional_sept27_high,income,base,2016,280.975317
net_cost_full_proportional_sept27_high,income,base,2017,279.002171
net_cost_full_proportional_sept27_high,income,base,2018,289.873351
net_cost_full_proportional_sept27_high,income,base,2019,300.148524
net_cost_full_proportional_sept27_high,income,base,2020,457.15308
net_cost_full_proportional_sept27_high,income,base,2021,418.794686
net_cost_full_proportional_sept27_high,income,base,2022,265.232361
net_cost_full_proportional_sept27_high,income,base,2023,318.706021
net_cost_full_proportional_sept27_high,income,base,2024,334.751568
net_cost_full_proportional_sept27_high,income,long_run_economic_affairs_services,2005,0.0
net_cost_full_proportional_sept27_high,income,long_run_economic_affairs_services,2006,0.0
net_cost_full_proportional_sept27_high,income,long_run_economic_affairs_services,2007,0.0
net_cost_full_proportional_sept27_high,income,long_run_economic_affairs_services,2008,0.0
net_cost_full_proportional_sept27_high,income,long_run_economic_affairs_services,2009,0.0
net_cost_full_proportional_sept27_high,income,long_run_economic_affairs_services,2010,0.0
net_cost_full_proportional_sept27_high,income,long_run_economic_affairs_services,2011,0.0
net_cost_full_proportional_sept27_high,income,long_run_economic_affairs_services,2012,0.0
net_cost_full_proportional_sept27_high,income,long_run_economic_affairs_services,2013,0.0
net_cost_full_proportional_sept27_high,income,long_run_economic_affairs_services,2014,0.0
net_cost_full_proportional_sept27_high,income,long_run_economic_affairs_services,2015,0.0
net_cost_full_proportional_sept27_high,income,long_run_economic_affairs_services,2016,0.0
net_cost_full_proportional_sept27_high,income,long_run_economic_affairs_services,2017,0.0
net_cost_full_proportional_sept27_high,income,long_run_economic_affairs_services,2018,0.0
net_cost_full_proportional_sept27_high,income,long_run_economic_affairs_services,2019,0.0
net_cost_full_proportional_sept27_high,income,long_run_economic_affairs_services,2020,0.0
net_cost_full_proportional_sept27_high,income,long_run_economic_affairs_services,2021,0.0
net_cost_full_proportional_sept27_high,income,long_run_economic_affairs_services,2022,0.0
net_cost_full_proportional_sept27_high,income,long_run_economic_affairs_services,2023,0.0
net_cost_full_proportional_sept27_high,income,long_run_economic_affairs_services,2024,0.0
net_cost_full_proportional_sept27_high,income,long_run_recreation_culture,2005,0.0
net_cost_full_proportional_sept27_high,income,long_run_recreation_culture,2006,0.0
net_cost_full_proportional_sept27_high,income,long_run_recreation_culture,2007,0.0
net_cost_full_proportional_sept27_high,income,long_run_recreation_culture,2008,0.0
net_cost_full_proportional_sept27_high,income,long_run_recreation_culture,2009,0.0
net_cost_full_proportional_sept27_high,income,long_run_recreation_culture,2010,0.0
net_cost_full_proportional_sept27_high,income,long_run_recreation_culture,2011,0.0
net_cost_full_proportional_sept27_high,income,long_run_recreation_culture,2012,0.0
net_cost_full_proportional_sept27_high,income,long_run_recreation_culture,2013,0.0
net_cost_full_proportional_sept27_high,income,long_run_recreation_culture,2014,0.0
net_cost_full_proportional_sept27_high,income,long_run_recreation_culture,2015,0.0
net_cost_full_proportional_sept27_high,income,long_run_recreation_culture,2016,0.0
net_cost_full_proportional_sept27_high,income,long_run_recreation_culture,2017,0.0
net_cost_full_proportional_sept27_high,income,long_run_recreation_culture,2018,0.0
net_cost_full_proportional_sept27_high,income,long_run_recreation_culture,2019,0.0
net_cost_full_proportional_sept27_high,income,long_run_recreation_culture,2020,0.0
net_cost_full_proportional_sept27_high,income,long_run_recreation_culture,2021,0.0
net_cost_full_proportional_sept27_high,income,long_run_recreation_culture,2022,0.0
net_cost_full_proportional_sept27_high,income,long_run_recreation_culture,2023,0.0
net_cost_full_proportional_sept27_high,income,long_run_recreation_culture,2024,0.0
net_cost_full_proportional_sept27_high,income,rental_assistance,2005,2.524119
net_cost_full_proportional_sept27_high,income,rental_assistance,2006,2.655
net_cost_full_proportional_sept27_high,income,rental_assistance,2007,2.718717
net_cost_full_proportional_sept27_high,income,rental_assistance,2008,2.819105
net_cost_full_proportional_sept27_high,income,rental_assistance,2009,3.151353
net_cost_full_proportional_sept27_high,income,rental_assistance,2010,3.187315
net_cost_full_proportional_sept27_high,income,rental_assistance,2011,3.308314
net_cost_full_proportional_sept27_high,income,rental_assistance,2012,3.178466
net_cost_full_proportional_sept27_high,income,rental_assistance,2013,3.14514
net_cost_full_proportional_sept27_high,income,rental_assistance,2014,3.188178
net_cost_full_proportional_sept27_high,income,rental_assistance,2015,3.275448
net_cost_full_proportional_sept27_high,income,rental_assistance,2016,3.512629
net_cost_full_proportional_sept27_high,income,rental_assistance,2017,3.301851
net_cost_full_proportional_sept27_high,income,rental_assistance,2018,3.516221
net_cost_full_proportional_sept27_high,income,rental_assistance,2019,3.577785
net_cost_full_proportional_sept27_high,income,rental_assistance,2020,3.865451
net_cost_full_proportional_sept27_high,income,rental_assistance,2021,3.788167
net_cost_full_proportional_sept27_high,income,rental_assistance,2022,3.746339
net_cost_full_proportional_sept27_high,income,rental_assistance,2023,4.058563
net_cost_full_proportional_sept27_high,income,rental_assistance,2024,4.532066
net_cost_full_proportional_sept27_high,income,enterprise_surplus,2005,0.490534
net_cost_full_proportional_sept27_high,income,enterprise_surplus,2006,0.853953
net_cost_full_proportional_sept27_high,income,enterprise_surplus,2007,1.847371
net_cost_full_proportional_sept27_high,income,enterprise_surplus,2008,2.459287
net_cost_full_proportional_sept27_high,income,enterprise_surplus,2009,2.173422
net_cost_full_proportional_sept27_high,income,enterprise_surplus,2010,2.819135
net_cost_full_proportional_sept27_high,income,enterprise_surplus,2011,2.686704
net_cost_full_proportional_sept27_high,income,enterprise_surplus,2012,2.030378
net_cost_full_proportional_sept27_high,income,enterprise_surplus,2013,2.012881
net_cost_full_proportional_sept27_high,income,enterprise_surplus,2014,1.245274
net_cost_full_proportional_sept27_high,income,enterprise_surplus,2015,0.416792
net_cost_full_proportional_sept27_high,income,enterprise_surplus,2016,0.313938
net_cost_full_proportional_sept27_high,income,enterprise_surplus,2017,0.611643
net_cost_full_proportional_sept27_high,income,enterprise_surplus,2018,0.647385
net_cost_full_proportional_sept27_high,income,enterprise_surplus,2019,1.684152
net_cost_full_proportional_sept27_high,income,enterprise_surplus,2020,0.417716
net_cost_full_proportional_sept27_high,income,enterprise_surplus,2021,1.424219
net_cost_full_proportional_sept27_high,income,enterprise_surplus,2022,1.946247
net_cost_full_proportional_sept27_high,income,enterprise_surplus,2023,5.538794
net_cost_full_proportional_sept27_high,income,enterprise_surplus,2024,5.561143
net_cost_full_proportional_sept27_high,income,capital_core,2005,10.61658
net_cost_full_proportional_sept27_high,income,capital_core,2006,12.032238
net_cost_full_proportional_sept27_high,income,capital_core,2007,13.074962
net_cost_full_proportional_sept27_high,income,capital_core,2008,14.612459
net_cost_full_proportional_sept27_high,income,capital_core,2009,15.627468
net_cost_full_proportional_sept27_high,income,capital_core,2010,16.135787
net_cost_full_proportional_sept27_high,income,capital_core,2011,16.676839
net_cost_full_proportional_sept27_high,income,capital_core,2012,17.167844
net_cost_full_proportional_sept27_high,income,capital_core,2013,17.654994
net_cost_full_proportional_sept27_high,income,capital_core,2014,18.292381
net_cost_full_proportional_sept27_high,income,capital_core,2015,18.807745
net_cost_full_proportional_sept27_high,income,capital_core,2016,19.21723
net_cost_full_proportional_sept27_high,income,capital_core,2017,19.641272
net_cost_full_proportional_sept27_high,income,capital_core,2018,20.384602
net_cost_full_proportional_sept27_high,income,capital_core,2019,21.301701
net_cost_full_proportional_sept27_high,income,capital_core,2020,21.846355
net_cost_full_proportional_sept27_high,income,capital_core,2021,22.461853
net_cost_full_proportional_sept27_high,income,capital_core,2022,24.096306
net_cost_full_proportional_sept27_high,income,capital_core,2023,25.393157
net_cost_full_proportional_sept27_high,income,capital_core,2024,25.779717
net_cost_full_proportional_sept27_high,income,capital_block,2005,5.911348
net_cost_full_proportional_sept27_high,income,capital_block,2006,6.781377
net_cost_full_proportional_sept27_high,income,capital_block,2007,7.565147
net_cost_full_proportional_sept27_high,income,capital_block,2008,8.407128
net_cost_full_proportional_sept27_high,income,capital_block,2009,8.803914
net_cost_full_proportional_sept27_high,income,capital_block,2010,9.133616
net_cost_full_proportional_sept27_high,income,capital_block,2011,9.487448
net_cost_full_proportional_sept27_high,income,capital_block,2012,9.863898
net_cost_full_proportional_sept27_high,income,capital_block,2013,10.126313
net_cost_full_proportional_sept27_high,income,capital_block,2014,10.290882
net_cost_full_proportional_sept27_high,income,capital_block,2015,10.358483
net_cost_full_proportional_sept27_high,income,capital_block,2016,10.538601
net_cost_full_proportional_sept27_high,income,capital_block,2017,10.815241
net_cost_full_proportional_sept27_high,income,capital_block,2018,11.098636
net_cost_full_proportional_sept27_high,income,capital_block,2019,11.34764
net_cost_full_proportional_sept27_high,income,capital_block,2020,11.496853
net_cost_full_proportional_sept27_high,income,capital_block,2021,11.786498
net_cost_full_proportional_sept27_high,income,capital_block,2022,11.929429
net_cost_full_proportional_sept27_high,income,capital_block,2023,12.133436
net_cost_full_proportional_sept27_high,income,capital_block,2024,12.472842
net_cost_full_proportional_sept27_high,income,capital_enterprise,2005,7.876839
net_cost_full_proportional_sept27_high,income,capital_enterprise,2006,8.774051
net_cost_full_proportional_sept27_high,income,capital_enterprise,2007,9.468035
net_cost_full_proportional_sept27_high,income,capital_enterprise,2008,10.303737
net_cost_full_proportional_sept27_high,income,capital_enterprise,2009,10.76586
net_cost_full_proportional_sept27_high,income,capital_enterprise,2010,11.297489
net_cost_full_proportional_sept27_high,income,capital_enterprise,2011,11.816633
net_cost_full_proportional_sept27_high,income,capital_enterprise,2012,12.24093
net_cost_full_proportional_sept27_high,income,capital_enterprise,2013,12.600588
net_cost_full_proportional_sept27_high,income,capital_enterprise,2014,13.011748
net_cost_full_proportional_sept27_high,income,capital_enterprise,2015,13.341722
net_cost_full_proportional_sept27_high,income,capital_enterprise,2016,13.699748
net_cost_full_proportional_sept27_high,income,capital_enterprise,2017,14.089396
net_cost_full_proportional_sept27_high,income,capital_enterprise,2018,14.505444
net_cost_full_proportional_sept27_high,income,capital_enterprise,2019,14.907867
net_cost_full_proportional_sept27_high,income,capital_enterprise,2020,15.226901
net_cost_full_proportional_sept27_high,income,capital_enterprise,2021,15.841248
net_cost_full_proportional_sept27_high,income,capital_enterprise,2022,16.460388
net_cost_full_proportional_sept27_high,income,capital_enterprise,2023,17.024611
net_cost_full_proportional_sept27_high,income,capital_enterprise,2024,17.437065
net_cost_cbo_informed_sept29_low,flat,base,2005,177.550949
net_cost_cbo_informed_sept29_low,flat,base,2006,187.878586
net_cost_cbo_informed_sept29_low,flat,base,2007,193.365423
net_cost_cbo_informed_sept29_low,flat,base,2008,203.784356
net_cost_cbo_informed_sept29_low,flat,base,2009,210.091228
net_cost_cbo_informed_sept29_low,flat,base,2010,218.310632
net_cost_cbo_informed_sept29_low,flat,base,2011,222.475606
net_cost_cbo_informed_sept29_low,flat,base,2012,225.662302
net_cost_cbo_informed_sept29_low,flat,base,2013,229.291935
net_cost_cbo_informed_sept29_low,flat,base,2014,234.161317
net_cost_cbo_informed_sept29_low,flat,base,2015,237.320328
net_cost_cbo_informed_sept29_low,flat,base,2016,240.360059
net_cost_cbo_informed_sept29_low,flat,base,2017,243.094299
net_cost_cbo_informed_sept29_low,flat,base,2018,245.206774
net_cost_cbo_informed_sept29_low,flat,base,2019,246.530706
net_cost_cbo_informed_sept29_low,flat,base,2020,246.694871
net_cost_cbo_informed_sept29_low,flat,base,2021,246.859037
net_cost_cbo_informed_sept29_low,flat,base,2022,248.044979
net_cost_cbo_informed_sept29_low,flat,base,2023,251.868455
net_cost_cbo_informed_sept29_low,flat,base,2024,258.488496
net_cost_cbo_informed_sept29_low,flat,long_run_economic_affairs_services,2005,9.609383
net_cost_cbo_informed_sept29_low,flat,long_run_economic_affairs_services,2006,10.168334
net_cost_cbo_informed_sept29_low,flat,long_run_economic_affairs_services,2007,10.465292
net_cost_cbo_informed_sept29_low,flat,long_run_economic_affairs_services,2008,11.029184
net_cost_cbo_informed_sept29_low,flat,long_run_economic_affairs_services,2009,11.370523
net_cost_cbo_informed_sept29_low,flat,long_run_economic_affairs_services,2010,11.815372
net_cost_cbo_informed_sept29_low,flat,long_run_economic_affairs_services,2011,12.040788
net_cost_cbo_informed_sept29_low,flat,long_run_economic_affairs_services,2012,12.213258
net_cost_cbo_informed_sept29_low,flat,long_run_economic_affairs_services,2013,12.409701
net_cost_cbo_informed_sept29_low,flat,long_run_economic_affairs_services,2014,12.673241
net_cost_cbo_informed_sept29_low,flat,long_run_economic_affairs_services,2015,12.844212
net_cost_cbo_informed_sept29_low,flat,long_run_economic_affairs_services,2016,13.008728
net_cost_cbo_informed_sept29_low,flat,long_run_economic_affairs_services,2017,13.15671
net_cost_cbo_informed_sept29_low,flat,long_run_economic_affairs_services,2018,13.271041
net_cost_cbo_informed_sept29_low,flat,long_run_economic_affairs_services,2019,13.342695
net_cost_cbo_informed_sept29_low,flat,long_run_economic_affairs_services,2020,13.35158
net_cost_cbo_informed_sept29_low,flat,long_run_economic_affairs_services,2021,13.360464
net_cost_cbo_informed_sept29_low,flat,long_run_economic_affairs_services,2022,13.42465
net_cost_cbo_informed_sept29_low,flat,long_run_economic_affairs_services,2023,13.631583
net_cost_cbo_informed_sept29_low,flat,long_run_economic_affairs_services,2024,13.989872
net_cost_cbo_informed_sept29_low,flat,long_run_recreation_culture,2005,3.743934
net_cost_cbo_informed_sept29_low,flat,long_run_recreation_culture,2006,3.961708
net_cost_cbo_informed_sept29_low,flat,long_run_recreation_culture,2007,4.077406
net_cost_cbo_informed_sept29_low,flat,long_run_recreation_culture,2008,4.297106
net_cost_cbo_informed_sept29_low,flat,long_run_recreation_culture,2009,4.430096
net_cost_cbo_informed_sept29_low,flat,long_run_recreation_culture,2010,4.603414
net_cost_cbo_informed_sept29_low,flat,long_run_recreation_culture,2011,4.691239
net_cost_cbo_informed_sept29_low,flat,long_run_recreation_culture,2012,4.758436
net_cost_cbo_informed_sept29_low,flat,long_run_recreation_culture,2013,4.834972
net_cost_cbo_informed_sept29_low,flat,long_run_recreation_culture,2014,4.93765
net_cost_cbo_informed_sept29_low,flat,long_run_recreation_culture,2015,5.004263
net_cost_cbo_informed_sept29_low,flat,long_run_recreation_culture,2016,5.06836
net_cost_cbo_informed_sept29_low,flat,long_run_recreation_culture,2017,5.126016
net_cost_cbo_informed_sept29_low,flat,long_run_recreation_culture,2018,5.170561
net_cost_cbo_informed_sept29_low,flat,long_run_recreation_culture,2019,5.198478
net_cost_cbo_informed_sept29_low,flat,long_run_recreation_culture,2020,5.20194
net_cost_cbo_informed_sept29_low,flat,long_run_recreation_culture,2021,5.205401
net_cost_cbo_informed_sept29_low,flat,long_run_recreation_culture,2022,5.230409
net_cost_cbo_informed_sept29_low,flat,long_run_recreation_culture,2023,5.311033
net_cost_cbo_informed_sept29_low,flat,long_run_recreation_culture,2024,5.450626
net_cost_cbo_informed_sept29_low,flat,rental_assistance,2005,3.112992
net_cost_cbo_informed_sept29_low,flat,rental_assistance,2006,3.294066
net_cost_cbo_informed_sept29_low,flat,rental_assistance,2007,3.390266
net_cost_cbo_informed_sept29_low,flat,rental_assistance,2008,3.572941
net_cost_cbo_informed_sept29_low,flat,rental_assistance,2009,3.683519
net_cost_cbo_informed_sept29_low,flat,rental_assistance,2010,3.827629
net_cost_cbo_informed_sept29_low,flat,rental_assistance,2011,3.900654
net_cost_cbo_informed_sept29_low,flat,rental_assistance,2012,3.956526
net_cost_cbo_informed_sept29_low,flat,rental_assistance,2013,4.020164
net_cost_cbo_informed_sept29_low,flat,rental_assistance,2014,4.105539
net_cost_cbo_informed_sept29_low,flat,rental_assistance,2015,4.160925
net_cost_cbo_informed_sept29_low,flat,rental_assistance,2016,4.214221
net_cost_cbo_informed_sept29_low,flat,rental_assistance,2017,4.26216
net_cost_cbo_informed_sept29_low,flat,rental_assistance,2018,4.299198
net_cost_cbo_informed_sept29_low,flat,rental_assistance,2019,4.322411
net_cost_cbo_informed_sept29_low,flat,rental_assistance,2020,4.325289
net_cost_cbo_informed_sept29_low,flat,rental_assistance,2021,4.328167
net_cost_cbo_informed_sept29_low,flat,rental_assistance,2022,4.34896
net_cost_cbo_informed_sept29_low,flat,rental_assistance,2023,4.415997
net_cost_cbo_informed_sept29_low,flat,rental_assistance,2024,4.532066
net_cost_cbo_informed_sept29_low,flat,enterprise_surplus,2005,3.819846
net_cost_cbo_informed_sept29_low,flat,enterprise_surplus,2006,4.042036
net_cost_cbo_informed_sept29_low,flat,enterprise_surplus,2007,4.16008
net_cost_cbo_informed_sept29_low,flat,enterprise_surplus,2008,4.384234
net_cost_cbo_informed_sept29_low,flat,enterprise_surplus,2009,4.51992
net_cost_cbo_informed_sept29_low,flat,enterprise_surplus,2010,4.696753
net_cost_cbo_informed_sept29_low,flat,enterprise_surplus,2011,4.786359
net_cost_cbo_informed_sept29_low,flat,enterprise_surplus,2012,4.854918
net_cost_cbo_informed_sept29_low,flat,enterprise_surplus,2013,4.933006
net_cost_cbo_informed_sept29_low,flat,enterprise_surplus,2014,5.037766
net_cost_cbo_informed_sept29_low,flat,enterprise_surplus,2015,5.10573
net_cost_cbo_informed_sept29_low,flat,enterprise_surplus,2016,5.171127
net_cost_cbo_informed_sept29_low,flat,enterprise_surplus,2017,5.229951
net_cost_cbo_informed_sept29_low,flat,enterprise_surplus,2018,5.275399
net_cost_cbo_informed_sept29_low,flat,enterprise_surplus,2019,5.303882
net_cost_cbo_informed_sept29_low,flat,enterprise_surplus,2020,5.307414
net_cost_cbo_informed_sept29_low,flat,enterprise_surplus,2021,5.310946
net_cost_cbo_informed_sept29_low,flat,enterprise_surplus,2022,5.336461
net_cost_cbo_informed_sept29_low,flat,enterprise_surplus,2023,5.418719
net_cost_cbo_informed_sept29_low,flat,enterprise_surplus,2024,5.561143
net_cost_cbo_informed_sept29_low,flat,v4_federal_income_tax,2005,-0.5599
net_cost_cbo_informed_sept29_low,flat,v4_federal_income_tax,2006,-0.592468
net_cost_cbo_informed_sept29_low,flat,v4_federal_income_tax,2007,-0.60977
net_cost_cbo_informed_sept29_low,flat,v4_federal_income_tax,2008,-0.642626
net_cost_cbo_informed_sept29_low,flat,v4_federal_income_tax,2009,-0.662514
net_cost_cbo_informed_sept29_low,flat,v4_federal_income_tax,2010,-0.688434
net_cost_cbo_informed_sept29_low,flat,v4_federal_income_tax,2011,-0.701568
net_cost_cbo_informed_sept29_low,flat,v4_federal_income_tax,2012,-0.711617
net_cost_cbo_informed_sept29_low,flat,v4_federal_income_tax,2013,-0.723063
net_cost_cbo_informed_sept29_low,flat,v4_federal_income_tax,2014,-0.738418
net_cost_cbo_informed_sept29_low,flat,v4_federal_income_tax,2015,-0.74838
net_cost_cbo_informed_sept29_low,flat,v4_federal_income_tax,2016,-0.757966
net_cost_cbo_informed_sept29_low,flat,v4_federal_income_tax,2017,-0.766588
net_cost_cbo_informed_sept29_low,flat,v4_federal_income_tax,2018,-0.77325
net_cost_cbo_informed_sept29_low,flat,v4_federal_income_tax,2019,-0.777425
net_cost_cbo_informed_sept29_low,flat,v4_federal_income_tax,2020,-0.777942
net_cost_cbo_informed_sept29_low,flat,v4_federal_income_tax,2021,-0.77846
net_cost_cbo_informed_sept29_low,flat,v4_federal_income_tax,2022,-0.7822
net_cost_cbo_informed_sept29_low,flat,v4_federal_income_tax,2023,-0.794257
net_cost_cbo_informed_sept29_low,flat,v4_federal_income_tax,2024,-0.815133
net_cost_cbo_informed_sept29_low,flat,v4_state_local_income_tax,2005,-0.010737
net_cost_cbo_informed_sept29_low,flat,v4_state_local_income_tax,2006,-0.011361
net_cost_cbo_informed_sept29_low,flat,v4_state_local_income_tax,2007,-0.011693
net_cost_cbo_informed_sept29_low,flat,v4_state_local_income_tax,2008,-0.012323
net_cost_cbo_informed_sept29_low,flat,v4_state_local_income_tax,2009,-0.012704
net_cost_cbo_informed_sept29_low,flat,v4_state_local_income_tax,2010,-0.013201
net_cost_cbo_informed_sept29_low,flat,v4_state_local_income_tax,2011,-0.013453
net_cost_cbo_informed_sept29_low,flat,v4_state_local_income_tax,2012,-0.013646
net_cost_cbo_informed_sept29_low,flat,v4_state_local_income_tax,2013,-0.013866
net_cost_cbo_informed_sept29_low,flat,v4_state_local_income_tax,2014,-0.01416
net_cost_cbo_informed_sept29_low,flat,v4_state_local_income_tax,2015,-0.014351
net_cost_cbo_informed_sept29_low,flat,v4_state_local_income_tax,2016,-0.014535
net_cost_cbo_informed_sept29_low,flat,v4_state_local_income_tax,2017,-0.0147
net_cost_cbo_informed_sept29_low,flat,v4_state_local_income_tax,2018,-0.014828
net_cost_cbo_informed_sept29_low,flat,v4_state_local_income_tax,2019,-0.014908
net_cost_cbo_informed_sept29_low,flat,v4_state_local_income_tax,2020,-0.014918
net_cost_cbo_informed_sept29_low,flat,v4_state_local_income_tax,2021,-0.014928
net_cost_cbo_informed_sept29_low,flat,v4_state_local_income_tax,2022,-0.015
net_cost_cbo_informed_sept29_low,flat,v4_state_local_income_tax,2023,-0.015231
net_cost_cbo_informed_sept29_low,flat,v4_state_local_income_tax,2024,-0.015631
net_cost_cbo_informed_sept29_low,flat,v4_personal_motor_vehicle,2005,-0.337028
net_cost_cbo_informed_sept29_low,flat,v4_personal_motor_vehicle,2006,-0.356632
net_cost_cbo_informed_sept29_low,flat,v4_personal_motor_vehicle,2007,-0.367047
net_cost_cbo_informed_sept29_low,flat,v4_personal_motor_vehicle,2008,-0.386825
net_cost_cbo_informed_sept29_low,flat,v4_personal_motor_vehicle,2009,-0.398797
net_cost_cbo_informed_sept29_low,flat,v4_personal_motor_vehicle,2010,-0.414399
net_cost_cbo_informed_sept29_low,flat,v4_personal_motor_vehicle,2011,-0.422305
net_cost_cbo_informed_sept29_low,flat,v4_personal_motor_vehicle,2012,-0.428354
net_cost_cbo_informed_sept29_low,flat,v4_personal_motor_vehicle,2013,-0.435243
net_cost_cbo_informed_sept29_low,flat,v4_personal_motor_vehicle,2014,-0.444487
net_cost_cbo_informed_sept29_low,flat,v4_personal_motor_vehicle,2015,-0.450483
net_cost_cbo_informed_sept29_low,flat,v4_personal_motor_vehicle,2016,-0.456253
net_cost_cbo_informed_sept29_low,flat,v4_personal_motor_vehicle,2017,-0.461443
net_cost_cbo_informed_sept29_low,flat,v4_personal_motor_vehicle,2018,-0.465453
net_cost_cbo_informed_sept29_low,flat,v4_personal_motor_vehicle,2019,-0.467966
net_cost_cbo_informed_sept29_low,flat,v4_personal_motor_vehicle,2020,-0.468278
net_cost_cbo_informed_sept29_low,flat,v4_personal_motor_vehicle,2021,-0.468589
net_cost_cbo_informed_sept29_low,flat,v4_personal_motor_vehicle,2022,-0.470841
net_cost_cbo_informed_sept29_low,flat,v4_personal_motor_vehicle,2023,-0.478098
net_cost_cbo_informed_sept29_low,flat,v4_personal_motor_vehicle,2024,-0.490665
net_cost_cbo_informed_sept29_low,flat,v4_personal_property_tax,2005,-0.910696
net_cost_cbo_informed_sept29_low,flat,v4_personal_property_tax,2006,-0.963668
net_cost_cbo_informed_sept29_low,flat,v4_personal_property_tax,2007,-0.991811
net_cost_cbo_informed_sept29_low,flat,v4_personal_property_tax,2008,-1.045252
net_cost_cbo_informed_sept29_low,flat,v4_personal_property_tax,2009,-1.077601
net_cost_cbo_informed_sept29_low,flat,v4_personal_property_tax,2010,-1.11976
net_cost_cbo_informed_sept29_low,flat,v4_personal_property_tax,2011,-1.141123
net_cost_cbo_informed_sept29_low,flat,v4_personal_property_tax,2012,-1.157469
net_cost_cbo_informed_sept29_low,flat,v4_personal_property_tax,2013,-1.176086
net_cost_cbo_informed_sept29_low,flat,v4_personal_property_tax,2014,-1.201062
net_cost_cbo_informed_sept29_low,flat,v4_personal_property_tax,2015,-1.217265
net_cost_cbo_informed_sept29_low,flat,v4_personal_property_tax,2016,-1.232857
net_cost_cbo_informed_sept29_low,flat,v4_personal_property_tax,2017,-1.246881
net_cost_cbo_informed_sept29_low,flat,v4_personal_property_tax,2018,-1.257716
net_cost_cbo_informed_sept29_low,flat,v4_personal_property_tax,2019,-1.264507
net_cost_cbo_informed_sept29_low,flat,v4_personal_property_tax,2020,-1.265349
net_cost_cbo_informed_sept29_low,flat,v4_personal_property_tax,2021,-1.266191
net_cost_cbo_informed_sept29_low,flat,v4_personal_property_tax,2022,-1.272274
net_cost_cbo_informed_sept29_low,flat,v4_personal_property_tax,2023,-1.291885
net_cost_cbo_informed_sept29_low,flat,v4_personal_property_tax,2024,-1.325841
net_cost_cbo_informed_sept29_low,flat,v4_other_personal_tax,2005,-0.000195
net_cost_cbo_informed_sept29_low,flat,v4_other_personal_tax,2006,-0.000206
net_cost_cbo_informed_sept29_low,flat,v4_other_personal_tax,2007,-0.000212
net_cost_cbo_informed_sept29_low,flat,v4_other_personal_tax,2008,-0.000223
net_cost_cbo_informed_sept29_low,flat,v4_other_personal_tax,2009,-0.00023
net_cost_cbo_informed_sept29_low,flat,v4_other_personal_tax,2010,-0.000239
net_cost_cbo_informed_sept29_low,flat,v4_other_personal_tax,2011,-0.000244
net_cost_cbo_informed_sept29_low,flat,v4_other_personal_tax,2012,-0.000247
net_cost_cbo_informed_sept29_low,flat,v4_other_personal_tax,2013,-0.000251
net_cost_cbo_informed_sept29_low,flat,v4_other_personal_tax,2014,-0.000257
net_cost_cbo_informed_sept29_low,flat,v4_other_personal_tax,2015,-0.00026
net_cost_cbo_informed_sept29_low,flat,v4_other_personal_tax,2016,-0.000264
net_cost_cbo_informed_sept29_low,flat,v4_other_personal_tax,2017,-0.000267
net_cost_cbo_informed_sept29_low,flat,v4_other_personal_tax,2018,-0.000269
net_cost_cbo_informed_sept29_low,flat,v4_other_personal_tax,2019,-0.00027
net_cost_cbo_informed_sept29_low,flat,v4_other_personal_tax,2020,-0.00027
net_cost_cbo_informed_sept29_low,flat,v4_other_personal_tax,2021,-0.000271
net_cost_cbo_informed_sept29_low,flat,v4_other_personal_tax,2022,-0.000272
net_cost_cbo_informed_sept29_low,flat,v4_other_personal_tax,2023,-0.000276
net_cost_cbo_informed_sept29_low,flat,v4_other_personal_tax,2024,-0.000283
net_cost_cbo_informed_sept29_low,flat,v4_employee_oasdi,2005,-0.017445
net_cost_cbo_informed_sept29_low,flat,v4_employee_oasdi,2006,-0.018459
net_cost_cbo_informed_sept29_low,flat,v4_employee_oasdi,2007,-0.018998
net_cost_cbo_informed_sept29_low,flat,v4_employee_oasdi,2008,-0.020022
net_cost_cbo_informed_sept29_low,flat,v4_employee_oasdi,2009,-0.020642
net_cost_cbo_informed_sept29_low,flat,v4_employee_oasdi,2010,-0.021449
net_cost_cbo_informed_sept29_low,flat,v4_employee_oasdi,2011,-0.021858
net_cost_cbo_informed_sept29_low,flat,v4_employee_oasdi,2012,-0.022172
net_cost_cbo_informed_sept29_low,flat,v4_employee_oasdi,2013,-0.022528
net_cost_cbo_informed_sept29_low,flat,v4_employee_oasdi,2014,-0.023007
net_cost_cbo_informed_sept29_low,flat,v4_employee_oasdi,2015,-0.023317
net_cost_cbo_informed_sept29_low,flat,v4_employee_oasdi,2016,-0.023616
net_cost_cbo_informed_sept29_low,flat,v4_employee_oasdi,2017,-0.023884
net_cost_cbo_informed_sept29_low,flat,v4_employee_oasdi,2018,-0.024092
net_cost_cbo_informed_sept29_low,flat,v4_employee_oasdi,2019,-0.024222
net_cost_cbo_informed_sept29_low,flat,v4_employee_oasdi,2020,-0.024238
net_cost_cbo_informed_sept29_low,flat,v4_employee_oasdi,2021,-0.024254
net_cost_cbo_informed_sept29_low,flat,v4_employee_oasdi,2022,-0.024371
net_cost_cbo_informed_sept29_low,flat,v4_employee_oasdi,2023,-0.024746
net_cost_cbo_informed_sept29_low,flat,v4_employee_oasdi,2024,-0.025397
net_cost_cbo_informed_sept29_low,flat,v4_employee_hi,2005,-0.00927
net_cost_cbo_informed_sept29_low,flat,v4_employee_hi,2006,-0.00981
net_cost_cbo_informed_sept29_low,flat,v4_employee_hi,2007,-0.010096
net_cost_cbo_informed_sept29_low,flat,v4_employee_hi,2008,-0.01064
net_cost_cbo_informed_sept29_low,flat,v4_employee_hi,2009,-0.010969
net_cost_cbo_informed_sept29_low,flat,v4_employee_hi,2010,-0.011398
net_cost_cbo_informed_sept29_low,flat,v4_employee_hi,2011,-0.011616
net_cost_cbo_informed_sept29_low,flat,v4_employee_hi,2012,-0.011782
net_cost_cbo_informed_sept29_low,flat,v4_employee_hi,2013,-0.011972
net_cost_cbo_informed_sept29_low,flat,v4_employee_hi,2014,-0.012226
net_cost_cbo_informed_sept29_low,flat,v4_employee_hi,2015,-0.012391
net_cost_cbo_informed_sept29_low,flat,v4_employee_hi,2016,-0.01255
net_cost_cbo_informed_sept29_low,flat,v4_employee_hi,2017,-0.012692
net_cost_cbo_informed_sept29_low,flat,v4_employee_hi,2018,-0.012803
net_cost_cbo_informed_sept29_low,flat,v4_employee_hi,2019,-0.012872
net_cost_cbo_informed_sept29_low,flat,v4_employee_hi,2020,-0.01288
net_cost_cbo_informed_sept29_low,flat,v4_employee_hi,2021,-0.012889
net_cost_cbo_informed_sept29_low,flat,v4_employee_hi,2022,-0.012951
net_cost_cbo_informed_sept29_low,flat,v4_employee_hi,2023,-0.013151
net_cost_cbo_informed_sept29_low,flat,v4_employee_hi,2024,-0.013496
net_cost_cbo_informed_sept29_low,flat,v4_self_employment_oasdi_hi,2005,0.538086
net_cost_cbo_informed_sept29_low,flat,v4_self_employment_oasdi_hi,2006,0.569385
net_cost_cbo_informed_sept29_low,flat,v4_self_employment_oasdi_hi,2007,0.586013
net_cost_cbo_informed_sept29_low,flat,v4_self_employment_oasdi_hi,2008,0.617589
net_cost_cbo_informed_sept29_low,flat,v4_self_employment_oasdi_hi,2009,0.636703
net_cost_cbo_informed_sept29_low,flat,v4_self_employment_oasdi_hi,2010,0.661612
net_cost_cbo_informed_sept29_low,flat,v4_self_employment_oasdi_hi,2011,0.674235
net_cost_cbo_informed_sept29_low,flat,v4_self_employment_oasdi_hi,2012,0.683892
net_cost_cbo_informed_sept29_low,flat,v4_self_employment_oasdi_hi,2013,0.694892
net_cost_cbo_informed_sept29_low,flat,v4_self_employment_oasdi_hi,2014,0.709649
net_cost_cbo_informed_sept29_low,flat,v4_self_employment_oasdi_hi,2015,0.719223
net_cost_cbo_informed_sept29_low,flat,v4_self_employment_oasdi_hi,2016,0.728435
net_cost_cbo_informed_sept29_low,flat,v4_self_employment_oasdi_hi,2017,0.736722
net_cost_cbo_informed_sept29_low,flat,v4_self_employment_oasdi_hi,2018,0.743124
net_cost_cbo_informed_sept29_low,flat,v4_self_employment_oasdi_hi,2019,0.747136
net_cost_cbo_informed_sept29_low,flat,v4_self_employment_oasdi_hi,2020,0.747634
net_cost_cbo_informed_sept29_low,flat,v4_self_employment_oasdi_hi,2021,0.748131
net_cost_cbo_informed_sept29_low,flat,v4_self_employment_oasdi_hi,2022,0.751725
net_cost_cbo_informed_sept29_low,flat,v4_self_employment_oasdi_hi,2023,0.763313
net_cost_cbo_informed_sept29_low,flat,v4_self_employment_oasdi_hi,2024,0.783375
net_cost_cbo_informed_sept29_low,flat,v4_employer_oasdi,2005,-0.017595
net_cost_cbo_informed_sept29_low,flat,v4_employer_oasdi,2006,-0.018619
net_cost_cbo_informed_sept29_low,flat,v4_employer_oasdi,2007,-0.019162
net_cost_cbo_informed_sept29_low,flat,v4_employer_oasdi,2008,-0.020195
net_cost_cbo_informed_sept29_low,flat,v4_employer_oasdi,2009,-0.02082
net_cost_cbo_informed_sept29_low,flat,v4_employer_oasdi,2010,-0.021634
net_cost_cbo_informed_sept29_low,flat,v4_employer_oasdi,2011,-0.022047
net_cost_cbo_informed_sept29_low,flat,v4_employer_oasdi,2012,-0.022363
net_cost_cbo_informed_sept29_low,flat,v4_employer_oasdi,2013,-0.022723
net_cost_cbo_informed_sept29_low,flat,v4_employer_oasdi,2014,-0.023205
net_cost_cbo_informed_sept29_low,flat,v4_employer_oasdi,2015,-0.023518
net_cost_cbo_informed_sept29_low,flat,v4_employer_oasdi,2016,-0.02382
net_cost_cbo_informed_sept29_low,flat,v4_employer_oasdi,2017,-0.024091
net_cost_cbo_informed_sept29_low,flat,v4_employer_oasdi,2018,-0.0243
net_cost_cbo_informed_sept29_low,flat,v4_employer_oasdi,2019,-0.024431
net_cost_cbo_informed_sept29_low,flat,v4_employer_oasdi,2020,-0.024447
net_cost_cbo_informed_sept29_low,flat,v4_employer_oasdi,2021,-0.024464
net_cost_cbo_informed_sept29_low,flat,v4_employer_oasdi,2022,-0.024581
net_cost_cbo_informed_sept29_low,flat,v4_employer_oasdi,2023,-0.02496
net_cost_cbo_informed_sept29_low,flat,v4_employer_oasdi,2024,-0.025616
net_cost_cbo_informed_sept29_low,flat,v4_employer_hi,2005,-0.008246
net_cost_cbo_informed_sept29_low,flat,v4_employer_hi,2006,-0.008726
net_cost_cbo_informed_sept29_low,flat,v4_employer_hi,2007,-0.008981
net_cost_cbo_informed_sept29_low,flat,v4_employer_hi,2008,-0.009464
net_cost_cbo_informed_sept29_low,flat,v4_employer_hi,2009,-0.009757
net_cost_cbo_informed_sept29_low,flat,v4_employer_hi,2010,-0.010139
net_cost_cbo_informed_sept29_low,flat,v4_employer_hi,2011,-0.010332
net_cost_cbo_informed_sept29_low,flat,v4_employer_hi,2012,-0.01048
net_cost_cbo_informed_sept29_low,flat,v4_employer_hi,2013,-0.010649
net_cost_cbo_informed_sept29_low,flat,v4_employer_hi,2014,-0.010875
net_cost_cbo_informed_sept29_low,flat,v4_employer_hi,2015,-0.011022
net_cost_cbo_informed_sept29_low,flat,v4_employer_hi,2016,-0.011163
net_cost_cbo_informed_sept29_low,flat,v4_employer_hi,2017,-0.01129
net_cost_cbo_informed_sept29_low,flat,v4_employer_hi,2018,-0.011388
net_cost_cbo_informed_sept29_low,flat,v4_employer_hi,2019,-0.01145
net_cost_cbo_informed_sept29_low,flat,v4_employer_hi,2020,-0.011457
net_cost_cbo_informed_sept29_low,flat,v4_employer_hi,2021,-0.011465
net_cost_cbo_informed_sept29_low,flat,v4_employer_hi,2022,-0.01152
net_cost_cbo_informed_sept29_low,flat,v4_employer_hi,2023,-0.011698
net_cost_cbo_informed_sept29_low,flat,v4_employer_hi,2024,-0.012005
net_cost_cbo_informed_sept29_low,flat,v4_other_domestic_social_contributions,2005,-0.016248
net_cost_cbo_informed_sept29_low,flat,v4_other_domestic_social_contributions,2006,-0.017193
net_cost_cbo_informed_sept29_low,flat,v4_other_domestic_social_contributions,2007,-0.017695
net_cost_cbo_informed_sept29_low,flat,v4_other_domestic_social_contributions,2008,-0.018649
net_cost_cbo_informed_sept29_low,flat,v4_other_domestic_social_contributions,2009,-0.019226
net_cost_cbo_informed_sept29_low,flat,v4_other_domestic_social_contributions,2010,-0.019978
net_cost_cbo_informed_sept29_low,flat,v4_other_domestic_social_contributions,2011,-0.020359
net_cost_cbo_informed_sept29_low,flat,v4_other_domestic_social_contributions,2012,-0.020651
net_cost_cbo_informed_sept29_low,flat,v4_other_domestic_social_contributions,2013,-0.020983
net_cost_cbo_informed_sept29_low,flat,v4_other_domestic_social_contributions,2014,-0.021428
net_cost_cbo_informed_sept29_low,flat,v4_other_domestic_social_contributions,2015,-0.021717
net_cost_cbo_informed_sept29_low,flat,v4_other_domestic_social_contributions,2016,-0.021996
net_cost_cbo_informed_sept29_low,flat,v4_other_domestic_social_contributions,2017,-0.022246
net_cost_cbo_informed_sept29_low,flat,v4_other_domestic_social_contributions,2018,-0.022439
net_cost_cbo_informed_sept29_low,flat,v4_other_domestic_social_contributions,2019,-0.02256
net_cost_cbo_informed_sept29_low,flat,v4_other_domestic_social_contributions,2020,-0.022575
net_cost_cbo_informed_sept29_low,flat,v4_other_domestic_social_contributions,2021,-0.02259
net_cost_cbo_informed_sept29_low,flat,v4_other_domestic_social_contributions,2022,-0.022699
net_cost_cbo_informed_sept29_low,flat,v4_other_domestic_social_contributions,2023,-0.023049
net_cost_cbo_informed_sept29_low,flat,v4_other_domestic_social_contributions,2024,-0.023655
net_cost_cbo_informed_sept29_low,flat,v4_general_sales_tax,2005,-4.096869
net_cost_cbo_informed_sept29_low,flat,v4_general_sales_tax,2006,-4.335173
net_cost_cbo_informed_sept29_low,flat,v4_general_sales_tax,2007,-4.461778
net_cost_cbo_informed_sept29_low,flat,v4_general_sales_tax,2008,-4.702188
net_cost_cbo_informed_sept29_low,flat,v4_general_sales_tax,2009,-4.847715
net_cost_cbo_informed_sept29_low,flat,v4_general_sales_tax,2010,-5.037372
net_cost_cbo_informed_sept29_low,flat,v4_general_sales_tax,2011,-5.133476
net_cost_cbo_informed_sept29_low,flat,v4_general_sales_tax,2012,-5.207007
net_cost_cbo_informed_sept29_low,flat,v4_general_sales_tax,2013,-5.290758
net_cost_cbo_informed_sept29_low,flat,v4_general_sales_tax,2014,-5.403116
net_cost_cbo_informed_sept29_low,flat,v4_general_sales_tax,2015,-5.476008
net_cost_cbo_informed_sept29_low,flat,v4_general_sales_tax,2016,-5.546148
net_cost_cbo_informed_sept29_low,flat,v4_general_sales_tax,2017,-5.609238
net_cost_cbo_informed_sept29_low,flat,v4_general_sales_tax,2018,-5.657982
net_cost_cbo_informed_sept29_low,flat,v4_general_sales_tax,2019,-5.688531
net_cost_cbo_informed_sept29_low,flat,v4_general_sales_tax,2020,-5.692319
net_cost_cbo_informed_sept29_low,flat,v4_general_sales_tax,2021,-5.696107
net_cost_cbo_informed_sept29_low,flat,v4_general_sales_tax,2022,-5.723472
net_cost_cbo_informed_sept29_low,flat,v4_general_sales_tax,2023,-5.811696
net_cost_cbo_informed_sept29_low,flat,v4_general_sales_tax,2024,-5.964449
net_cost_cbo_informed_sept29_low,flat,v4_modeled_owner_property,2005,-13.0849
net_cost_cbo_informed_sept29_low,flat,v4_modeled_owner_property,2006,-13.846011
net_cost_cbo_informed_sept29_low,flat,v4_modeled_owner_property,2007,-14.250373
net_cost_cbo_informed_sept29_low,flat,v4_modeled_owner_property,2008,-15.018212
net_cost_cbo_informed_sept29_low,flat,v4_modeled_owner_property,2009,-15.483007
net_cost_cbo_informed_sept29_low,flat,v4_modeled_owner_property,2010,-16.088749
net_cost_cbo_informed_sept29_low,flat,v4_modeled_owner_property,2011,-16.395694
net_cost_cbo_informed_sept29_low,flat,v4_modeled_owner_property,2012,-16.630542
net_cost_cbo_informed_sept29_low,flat,v4_modeled_owner_property,2013,-16.898034
net_cost_cbo_informed_sept29_low,flat,v4_modeled_owner_property,2014,-17.256891
net_cost_cbo_informed_sept29_low,flat,v4_modeled_owner_property,2015,-17.489699
net_cost_cbo_informed_sept29_low,flat,v4_modeled_owner_property,2016,-17.713717
net_cost_cbo_informed_sept29_low,flat,v4_modeled_owner_property,2017,-17.915221
net_cost_cbo_informed_sept29_low,flat,v4_modeled_owner_property,2018,-18.070903
net_cost_cbo_informed_sept29_low,flat,v4_modeled_owner_property,2019,-18.168473
net_cost_cbo_informed_sept29_low,flat,v4_modeled_owner_property,2020,-18.180571
net_cost_cbo_informed_sept29_low,flat,v4_modeled_owner_property,2021,-18.19267
net_cost_cbo_informed_sept29_low,flat,v4_modeled_owner_property,2022,-18.280069
net_cost_cbo_informed_sept29_low,flat,v4_modeled_owner_property,2023,-18.561847
net_cost_cbo_informed_sept29_low,flat,v4_modeled_owner_property,2024,-19.049721
net_cost_cbo_informed_sept29_low,flat,v4_excise_selective_sales,2005,-1.084589
net_cost_cbo_informed_sept29_low,flat,v4_excise_selective_sales,2006,-1.147676
net_cost_cbo_informed_sept29_low,flat,v4_excise_selective_sales,2007,-1.181193
net_cost_cbo_informed_sept29_low,flat,v4_excise_selective_sales,2008,-1.244838
net_cost_cbo_informed_sept29_low,flat,v4_excise_selective_sales,2009,-1.283364
net_cost_cbo_informed_sept29_low,flat,v4_excise_selective_sales,2010,-1.333574
net_cost_cbo_informed_sept29_low,flat,v4_excise_selective_sales,2011,-1.359016
net_cost_cbo_informed_sept29_low,flat,v4_excise_selective_sales,2012,-1.378482
net_cost_cbo_informed_sept29_low,flat,v4_excise_selective_sales,2013,-1.400654
net_cost_cbo_informed_sept29_low,flat,v4_excise_selective_sales,2014,-1.430399
net_cost_cbo_informed_sept29_low,flat,v4_excise_selective_sales,2015,-1.449696
net_cost_cbo_informed_sept29_low,flat,v4_excise_selective_sales,2016,-1.468265
net_cost_cbo_informed_sept29_low,flat,v4_excise_selective_sales,2017,-1.484967
net_cost_cbo_informed_sept29_low,flat,v4_excise_selective_sales,2018,-1.497871
net_cost_cbo_informed_sept29_low,flat,v4_excise_selective_sales,2019,-1.505959
net_cost_cbo_informed_sept29_low,flat,v4_excise_selective_sales,2020,-1.506962
net_cost_cbo_informed_sept29_low,flat,v4_excise_selective_sales,2021,-1.507964
net_cost_cbo_informed_sept29_low,flat,v4_excise_selective_sales,2022,-1.515209
net_cost_cbo_informed_sept29_low,flat,v4_excise_selective_sales,2023,-1.538565
net_cost_cbo_informed_sept29_low,flat,v4_excise_selective_sales,2024,-1.579004
net_cost_cbo_informed_sept29_low,flat,v4_customs_duties,2005,-0.027176
net_cost_cbo_informed_sept29_low,flat,v4_customs_duties,2006,-0.028756
net_cost_cbo_informed_sept29_low,flat,v4_customs_duties,2007,-0.029596
net_cost_cbo_informed_sept29_low,flat,v4_customs_duties,2008,-0.031191
net_cost_cbo_informed_sept29_low,flat,v4_customs_duties,2009,-0.032156
net_cost_cbo_informed_sept29_low,flat,v4_customs_duties,2010,-0.033414
net_cost_cbo_informed_sept29_low,flat,v4_customs_duties,2011,-0.034052
net_cost_cbo_informed_sept29_low,flat,v4_customs_duties,2012,-0.03454
net_cost_cbo_informed_sept29_low,flat,v4_customs_duties,2013,-0.035095
net_cost_cbo_informed_sept29_low,flat,v4_customs_duties,2014,-0.03584
net_cost_cbo_informed_sept29_low,flat,v4_customs_duties,2015,-0.036324
net_cost_cbo_informed_sept29_low,flat,v4_customs_duties,2016,-0.036789
net_cost_cbo_informed_sept29_low,flat,v4_customs_duties,2017,-0.037208
net_cost_cbo_informed_sept29_low,flat,v4_customs_duties,2018,-0.037531
net_cost_cbo_informed_sept29_low,flat,v4_customs_duties,2019,-0.037734
net_cost_cbo_informed_sept29_low,flat,v4_customs_duties,2020,-0.037759
net_cost_cbo_informed_sept29_low,flat,v4_customs_duties,2021,-0.037784
net_cost_cbo_informed_sept29_low,flat,v4_customs_duties,2022,-0.037965
net_cost_cbo_informed_sept29_low,flat,v4_customs_duties,2023,-0.038551
net_cost_cbo_informed_sept29_low,flat,v4_customs_duties,2024,-0.039564
net_cost_cbo_informed_sept29_low,flat,v4_personal_current_transfers,2005,-0.045863
net_cost_cbo_informed_sept29_low,flat,v4_personal_current_transfers,2006,-0.048531
net_cost_cbo_informed_sept29_low,flat,v4_personal_current_transfers,2007,-0.049948
net_cost_cbo_informed_sept29_low,flat,v4_personal_current_transfers,2008,-0.052639
net_cost_cbo_informed_sept29_low,flat,v4_personal_current_transfers,2009,-0.054268
net_cost_cbo_informed_sept29_low,flat,v4_personal_current_transfers,2010,-0.056391
net_cost_cbo_informed_sept29_low,flat,v4_personal_current_transfers,2011,-0.057467
net_cost_cbo_informed_sept29_low,flat,v4_personal_current_transfers,2012,-0.05829
net_cost_cbo_informed_sept29_low,flat,v4_personal_current_transfers,2013,-0.059228
net_cost_cbo_informed_sept29_low,flat,v4_personal_current_transfers,2014,-0.060486
net_cost_cbo_informed_sept29_low,flat,v4_personal_current_transfers,2015,-0.061302
net_cost_cbo_informed_sept29_low,flat,v4_personal_current_transfers,2016,-0.062087
net_cost_cbo_informed_sept29_low,flat,v4_personal_current_transfers,2017,-0.062793
net_cost_cbo_informed_sept29_low,flat,v4_personal_current_transfers,2018,-0.063339
net_cost_cbo_informed_sept29_low,flat,v4_personal_current_transfers,2019,-0.063681
net_cost_cbo_informed_sept29_low,flat,v4_personal_current_transfers,2020,-0.063723
net_cost_cbo_informed_sept29_low,flat,v4_personal_current_transfers,2021,-0.063766
net_cost_cbo_informed_sept29_low,flat,v4_personal_current_transfers,2022,-0.064072
net_cost_cbo_informed_sept29_low,flat,v4_personal_current_transfers,2023,-0.06506
net_cost_cbo_informed_sept29_low,flat,v4_personal_current_transfers,2024,-0.06677
net_cost_cbo_informed_sept29_low,flat,v4_enterprise_surplus,2005,-3.243408
net_cost_cbo_informed_sept29_low,flat,v4_enterprise_surplus,2006,-3.432068
net_cost_cbo_informed_sept29_low,flat,v4_enterprise_surplus,2007,-3.532299
net_cost_cbo_informed_sept29_low,flat,v4_enterprise_surplus,2008,-3.722627
net_cost_cbo_informed_sept29_low,flat,v4_enterprise_surplus,2009,-3.837837
net_cost_cbo_informed_sept29_low,flat,v4_enterprise_surplus,2010,-3.987985
net_cost_cbo_informed_sept29_low,flat,v4_enterprise_surplus,2011,-4.064069
net_cost_cbo_informed_sept29_low,flat,v4_enterprise_surplus,2012,-4.122281
net_cost_cbo_informed_sept29_low,flat,v4_enterprise_surplus,2013,-4.188586
net_cost_cbo_informed_sept29_low,flat,v4_enterprise_surplus,2014,-4.277537
net_cost_cbo_informed_sept29_low,flat,v4_enterprise_surplus,2015,-4.335244
net_cost_cbo_informed_sept29_low,flat,v4_enterprise_surplus,2016,-4.390772
net_cost_cbo_informed_sept29_low,flat,v4_enterprise_surplus,2017,-4.44072
net_cost_cbo_informed_sept29_low,flat,v4_enterprise_surplus,2018,-4.47931
net_cost_cbo_informed_sept29_low,flat,v4_enterprise_surplus,2019,-4.503495
net_cost_cbo_informed_sept29_low,flat,v4_enterprise_surplus,2020,-4.506493
net_cost_cbo_informed_sept29_low,flat,v4_enterprise_surplus,2021,-4.509492
net_cost_cbo_informed_sept29_low,flat,v4_enterprise_surplus,2022,-4.531157
net_cost_cbo_informed_sept29_low,flat,v4_enterprise_surplus,2023,-4.601002
net_cost_cbo_informed_sept29_low,flat,v4_enterprise_surplus,2024,-4.721933
net_cost_cbo_informed_sept29_low,flat,v4_housing_enterprise_surplus,2005,2.353344
net_cost_cbo_informed_sept29_low,flat,v4_housing_enterprise_surplus,2006,2.490232
net_cost_cbo_informed_sept29_low,flat,v4_housing_enterprise_surplus,2007,2.562957
net_cost_cbo_informed_sept29_low,flat,v4_housing_enterprise_surplus,2008,2.701054
net_cost_cbo_informed_sept29_low,flat,v4_housing_enterprise_surplus,2009,2.784648
net_cost_cbo_informed_sept29_low,flat,v4_housing_enterprise_surplus,2010,2.893592
net_cost_cbo_informed_sept29_low,flat,v4_housing_enterprise_surplus,2011,2.948797
net_cost_cbo_informed_sept29_low,flat,v4_housing_enterprise_surplus,2012,2.991035
net_cost_cbo_informed_sept29_low,flat,v4_housing_enterprise_surplus,2013,3.039144
net_cost_cbo_informed_sept29_low,flat,v4_housing_enterprise_surplus,2014,3.103685
net_cost_cbo_informed_sept29_low,flat,v4_housing_enterprise_surplus,2015,3.145556
net_cost_cbo_informed_sept29_low,flat,v4_housing_enterprise_surplus,2016,3.185846
net_cost_cbo_informed_sept29_low,flat,v4_housing_enterprise_surplus,2017,3.222087
net_cost_cbo_informed_sept29_low,flat,v4_housing_enterprise_surplus,2018,3.250086
net_cost_cbo_informed_sept29_low,flat,v4_housing_enterprise_surplus,2019,3.267634
net_cost_cbo_informed_sept29_low,flat,v4_housing_enterprise_surplus,2020,3.26981
net_cost_cbo_informed_sept29_low,flat,v4_housing_enterprise_surplus,2021,3.271986
net_cost_cbo_informed_sept29_low,flat,v4_housing_enterprise_surplus,2022,3.287705
net_cost_cbo_informed_sept29_low,flat,v4_housing_enterprise_surplus,2023,3.338383
net_cost_cbo_informed_sept29_low,flat,v4_housing_enterprise_surplus,2024,3.426129
net_cost_cbo_informed_sept29_low,flat,v4_tenant_occupied_property,2005,-4.678187
net_cost_cbo_informed_sept29_low,flat,v4_tenant_occupied_property,2006,-4.950304
net_cost_cbo_informed_sept29_low,flat,v4_tenant_occupied_property,2007,-5.094873
net_cost_cbo_informed_sept29_low,flat,v4_tenant_occupied_property,2008,-5.369396
net_cost_cbo_informed_sept29_low,flat,v4_tenant_occupied_property,2009,-5.535572
net_cost_cbo_informed_sept29_low,flat,v4_tenant_occupied_property,2010,-5.75214
net_cost_cbo_informed_sept29_low,flat,v4_tenant_occupied_property,2011,-5.861881
net_cost_cbo_informed_sept29_low,flat,v4_tenant_occupied_property,2012,-5.945845
net_cost_cbo_informed_sept29_low,flat,v4_tenant_occupied_property,2013,-6.04148
net_cost_cbo_informed_sept29_low,flat,v4_tenant_occupied_property,2014,-6.169781
net_cost_cbo_informed_sept29_low,flat,v4_tenant_occupied_property,2015,-6.253016
net_cost_cbo_informed_sept29_low,flat,v4_tenant_occupied_property,2016,-6.333108
net_cost_cbo_informed_sept29_low,flat,v4_tenant_occupied_property,2017,-6.405151
net_cost_cbo_informed_sept29_low,flat,v4_tenant_occupied_property,2018,-6.460811
net_cost_cbo_informed_sept29_low,flat,v4_tenant_occupied_property,2019,-6.495695
net_cost_cbo_informed_sept29_low,flat,v4_tenant_occupied_property,2020,-6.50002
net_cost_cbo_informed_sept29_low,flat,v4_tenant_occupied_property,2021,-6.504346
net_cost_cbo_informed_sept29_low,flat,v4_tenant_occupied_property,2022,-6.535593
net_cost_cbo_informed_sept29_low,flat,v4_tenant_occupied_property,2023,-6.636336
net_cost_cbo_informed_sept29_low,flat,v4_tenant_occupied_property,2024,-6.810763
net_cost_cbo_informed_sept29_low,flat,v4_social_security_accrual,2005,75.149633
net_cost_cbo_informed_sept29_low,flat,v4_social_security_accrual,2006,79.520875
net_cost_cbo_informed_sept29_low,flat,v4_social_security_accrual,2007,81.843215
net_cost_cbo_informed_sept29_low,flat,v4_social_security_accrual,2008,86.253099
net_cost_cbo_informed_sept29_low,flat,v4_social_security_accrual,2009,88.922524
net_cost_cbo_informed_sept29_low,flat,v4_social_security_accrual,2010,92.401443
net_cost_cbo_informed_sept29_low,flat,v4_social_security_accrual,2011,94.164296
net_cost_cbo_informed_sept29_low,flat,v4_social_security_accrual,2012,95.513086
net_cost_cbo_informed_sept29_low,flat,v4_social_security_accrual,2013,97.049353
net_cost_cbo_informed_sept29_low,flat,v4_social_security_accrual,2014,99.110351
net_cost_cbo_informed_sept29_low,flat,v4_social_security_accrual,2015,100.447424
net_cost_cbo_informed_sept29_low,flat,v4_social_security_accrual,2016,101.734011
net_cost_cbo_informed_sept29_low,flat,v4_social_security_accrual,2017,102.891296
net_cost_cbo_informed_sept29_low,flat,v4_social_security_accrual,2018,103.785416
net_cost_cbo_informed_sept29_low,flat,v4_social_security_accrual,2019,104.345778
net_cost_cbo_informed_sept29_low,flat,v4_social_security_accrual,2020,104.415262
net_cost_cbo_informed_sept29_low,flat,v4_social_security_accrual,2021,104.484747
net_cost_cbo_informed_sept29_low,flat,v4_social_security_accrual,2022,104.986705
net_cost_cbo_informed_sept29_low,flat,v4_social_security_accrual,2023,106.605017
net_cost_cbo_informed_sept29_low,flat,v4_social_security_accrual,2024,109.406993
net_cost_cbo_informed_sept29_low,flat,v4_social_security_cash,2005,-38.643053
net_cost_cbo_informed_sept29_low,flat,v4_social_security_cash,2006,-40.89081
net_cost_cbo_informed_sept29_low,flat,v4_social_security_cash,2007,-42.084992
net_cost_cbo_informed_sept29_low,flat,v4_social_security_cash,2008,-44.352619
net_cost_cbo_informed_sept29_low,flat,v4_social_security_cash,2009,-45.725277
net_cost_cbo_informed_sept29_low,flat,v4_social_security_cash,2010,-47.514189
net_cost_cbo_informed_sept29_low,flat,v4_social_security_cash,2011,-48.420674
net_cost_cbo_informed_sept29_low,flat,v4_social_security_cash,2012,-49.114242
net_cost_cbo_informed_sept29_low,flat,v4_social_security_cash,2013,-49.904213
net_cost_cbo_informed_sept29_low,flat,v4_social_security_cash,2014,-50.964009
net_cost_cbo_informed_sept29_low,flat,v4_social_security_cash,2015,-51.651551
net_cost_cbo_informed_sept29_low,flat,v4_social_security_cash,2016,-52.313133
net_cost_cbo_informed_sept29_low,flat,v4_social_security_cash,2017,-52.908227
net_cost_cbo_informed_sept29_low,flat,v4_social_security_cash,2018,-53.367996
net_cost_cbo_informed_sept29_low,flat,v4_social_security_cash,2019,-53.656143
net_cost_cbo_informed_sept29_low,flat,v4_social_security_cash,2020,-53.691873
net_cost_cbo_informed_sept29_low,flat,v4_social_security_cash,2021,-53.727602
net_cost_cbo_informed_sept29_low,flat,v4_social_security_cash,2022,-53.985717
net_cost_cbo_informed_sept29_low,flat,v4_social_security_cash,2023,-54.817877
net_cost_cbo_informed_sept29_low,flat,v4_social_security_cash,2024,-56.258695
net_cost_cbo_informed_sept29_low,flat,v4_medicare_part_a_accrual,2005,28.256329
net_cost_cbo_informed_sept29_low,flat,v4_medicare_part_a_accrual,2006,29.89992
net_cost_cbo_informed_sept29_low,flat,v4_medicare_part_a_accrual,2007,30.773122
net_cost_cbo_informed_sept29_low,flat,v4_medicare_part_a_accrual,2008,32.431243
net_cost_cbo_informed_sept29_low,flat,v4_medicare_part_a_accrual,2009,33.434949
net_cost_cbo_informed_sept29_low,flat,v4_medicare_part_a_accrual,2010,34.743025
net_cost_cbo_informed_sept29_low,flat,v4_medicare_part_a_accrual,2011,35.40586
net_cost_cbo_informed_sept29_low,flat,v4_medicare_part_a_accrual,2012,35.913006
net_cost_cbo_informed_sept29_low,flat,v4_medicare_part_a_accrual,2013,36.490644
net_cost_cbo_informed_sept29_low,flat,v4_medicare_part_a_accrual,2014,37.265581
net_cost_cbo_informed_sept29_low,flat,v4_medicare_part_a_accrual,2015,37.768322
net_cost_cbo_informed_sept29_low,flat,v4_medicare_part_a_accrual,2016,38.25208
net_cost_cbo_informed_sept29_low,flat,v4_medicare_part_a_accrual,2017,38.68722
net_cost_cbo_informed_sept29_low,flat,v4_medicare_part_a_accrual,2018,39.02341
net_cost_cbo_informed_sept29_low,flat,v4_medicare_part_a_accrual,2019,39.234106
net_cost_cbo_informed_sept29_low,flat,v4_medicare_part_a_accrual,2020,39.260233
net_cost_cbo_informed_sept29_low,flat,v4_medicare_part_a_accrual,2021,39.286359
net_cost_cbo_informed_sept29_low,flat,v4_medicare_part_a_accrual,2022,39.475095
net_cost_cbo_informed_sept29_low,flat,v4_medicare_part_a_accrual,2023,40.083582
net_cost_cbo_informed_sept29_low,flat,v4_medicare_part_a_accrual,2024,41.137128
net_cost_cbo_informed_sept29_low,flat,v4_medicare_cash,2005,-13.506224
net_cost_cbo_informed_sept29_low,flat,v4_medicare_cash,2006,-14.291843
net_cost_cbo_informed_sept29_low,flat,v4_medicare_cash,2007,-14.709224
net_cost_cbo_informed_sept29_low,flat,v4_medicare_cash,2008,-15.501788
net_cost_cbo_informed_sept29_low,flat,v4_medicare_cash,2009,-15.981549
net_cost_cbo_informed_sept29_low,flat,v4_medicare_cash,2010,-16.606796
net_cost_cbo_informed_sept29_low,flat,v4_medicare_cash,2011,-16.923624
net_cost_cbo_informed_sept29_low,flat,v4_medicare_cash,2012,-17.166034
net_cost_cbo_informed_sept29_low,flat,v4_medicare_cash,2013,-17.442139
net_cost_cbo_informed_sept29_low,flat,v4_medicare_cash,2014,-17.812551
net_cost_cbo_informed_sept29_low,flat,v4_medicare_cash,2015,-18.052855
net_cost_cbo_informed_sept29_low,flat,v4_medicare_cash,2016,-18.284086
net_cost_cbo_informed_sept29_low,flat,v4_medicare_cash,2017,-18.492079
net_cost_cbo_informed_sept29_low,flat,v4_medicare_cash,2018,-18.652774
net_cost_cbo_informed_sept29_low,flat,v4_medicare_cash,2019,-18.753485
net_cost_cbo_informed_sept29_low,flat,v4_medicare_cash,2020,-18.765973
net_cost_cbo_informed_sept29_low,flat,v4_medicare_cash,2021,-18.778461
net_cost_cbo_informed_sept29_low,flat,v4_medicare_cash,2022,-18.868675
net_cost_cbo_informed_sept29_low,flat,v4_medicare_cash,2023,-19.159525
net_cost_cbo_informed_sept29_low,flat,v4_medicare_cash,2024,-19.663109
net_cost_cbo_informed_sept29_low,flat,v4_workers_compensation,2005,-0.651334
net_cost_cbo_informed_sept29_low,flat,v4_workers_compensation,2006,-0.68922
net_cost_cbo_informed_sept29_low,flat,v4_workers_compensation,2007,-0.709348
net_cost_cbo_informed_sept29_low,flat,v4_workers_compensation,2008,-0.747569
net_cost_cbo_informed_sept29_low,flat,v4_workers_compensation,2009,-0.770706
net_cost_cbo_informed_sept29_low,flat,v4_workers_compensation,2010,-0.800858
net_cost_cbo_informed_sept29_low,flat,v4_workers_compensation,2011,-0.816137
net_cost_cbo_informed_sept29_low,flat,v4_workers_compensation,2012,-0.827827
net_cost_cbo_informed_sept29_low,flat,v4_workers_compensation,2013,-0.841142
net_cost_cbo_informed_sept29_low,flat,v4_workers_compensation,2014,-0.859005
net_cost_cbo_informed_sept29_low,flat,v4_workers_compensation,2015,-0.870594
net_cost_cbo_informed_sept29_low,flat,v4_workers_compensation,2016,-0.881745
net_cost_cbo_informed_sept29_low,flat,v4_workers_compensation,2017,-0.891775
net_cost_cbo_informed_sept29_low,flat,v4_workers_compensation,2018,-0.899525
net_cost_cbo_informed_sept29_low,flat,v4_workers_compensation,2019,-0.904381
net_cost_cbo_informed_sept29_low,flat,v4_workers_compensation,2020,-0.904984
net_cost_cbo_informed_sept29_low,flat,v4_workers_compensation,2021,-0.905586
net_cost_cbo_informed_sept29_low,flat,v4_workers_compensation,2022,-0.909936
net_cost_cbo_informed_sept29_low,flat,v4_workers_compensation,2023,-0.923963
net_cost_cbo_informed_sept29_low,flat,v4_workers_compensation,2024,-0.948248
net_cost_cbo_informed_sept29_low,flat,v4_housing_subsidies,2005,-0.271611
net_cost_cbo_informed_sept29_low,flat,v4_housing_subsidies,2006,-0.287409
net_cost_cbo_informed_sept29_low,flat,v4_housing_subsidies,2007,-0.295803
net_cost_cbo_informed_sept29_low,flat,v4_housing_subsidies,2008,-0.311741
net_cost_cbo_informed_sept29_low,flat,v4_housing_subsidies,2009,-0.321389
net_cost_cbo_informed_sept29_low,flat,v4_housing_subsidies,2010,-0.333963
net_cost_cbo_informed_sept29_low,flat,v4_housing_subsidies,2011,-0.340335
net_cost_cbo_informed_sept29_low,flat,v4_housing_subsidies,2012,-0.345209
net_cost_cbo_informed_sept29_low,flat,v4_housing_subsidies,2013,-0.350762
net_cost_cbo_informed_sept29_low,flat,v4_housing_subsidies,2014,-0.358211
net_cost_cbo_informed_sept29_low,flat,v4_housing_subsidies,2015,-0.363043
net_cost_cbo_informed_sept29_low,flat,v4_housing_subsidies,2016,-0.367693
net_cost_cbo_informed_sept29_low,flat,v4_housing_subsidies,2017,-0.371876
net_cost_cbo_informed_sept29_low,flat,v4_housing_subsidies,2018,-0.375108
net_cost_cbo_informed_sept29_low,flat,v4_housing_subsidies,2019,-0.377133
net_cost_cbo_informed_sept29_low,flat,v4_housing_subsidies,2020,-0.377384
net_cost_cbo_informed_sept29_low,flat,v4_housing_subsidies,2021,-0.377635
net_cost_cbo_informed_sept29_low,flat,v4_housing_subsidies,2022,-0.37945
net_cost_cbo_informed_sept29_low,flat,v4_housing_subsidies,2023,-0.385299
net_cost_cbo_informed_sept29_low,flat,v4_housing_subsidies,2024,-0.395426
net_cost_cbo_informed_sept29_low,flat,v4_roads_vmt_sl,2005,1.538915
net_cost_cbo_informed_sept29_low,flat,v4_roads_vmt_sl,2006,1.628429
net_cost_cbo_informed_sept29_low,flat,v4_roads_vmt_sl,2007,1.675986
net_cost_cbo_informed_sept29_low,flat,v4_roads_vmt_sl,2008,1.766292
net_cost_cbo_informed_sept29_low,flat,v4_roads_vmt_sl,2009,1.820956
net_cost_cbo_informed_sept29_low,flat,v4_roads_vmt_sl,2010,1.892197
net_cost_cbo_informed_sept29_low,flat,v4_roads_vmt_sl,2011,1.928297
net_cost_cbo_informed_sept29_low,flat,v4_roads_vmt_sl,2012,1.955918
net_cost_cbo_informed_sept29_low,flat,v4_roads_vmt_sl,2013,1.987377
net_cost_cbo_informed_sept29_low,flat,v4_roads_vmt_sl,2014,2.029583
net_cost_cbo_informed_sept29_low,flat,v4_roads_vmt_sl,2015,2.056963
net_cost_cbo_informed_sept29_low,flat,v4_roads_vmt_sl,2016,2.08331
net_cost_cbo_informed_sept29_low,flat,v4_roads_vmt_sl,2017,2.107009
net_cost_cbo_informed_sept29_low,flat,v4_roads_vmt_sl,2018,2.125319
net_cost_cbo_informed_sept29_low,flat,v4_roads_vmt_sl,2019,2.136794
net_cost_cbo_informed_sept29_low,flat,v4_roads_vmt_sl,2020,2.138217
net_cost_cbo_informed_sept29_low,flat,v4_roads_vmt_sl,2021,2.139639
net_cost_cbo_informed_sept29_low,flat,v4_roads_vmt_sl,2022,2.149919
net_cost_cbo_informed_sept29_low,flat,v4_roads_vmt_sl,2023,2.183058
net_cost_cbo_informed_sept29_low,flat,v4_roads_vmt_sl,2024,2.240437
net_cost_cbo_informed_sept29_low,flat,v4_state_price_public_order_safety,2005,4.404508
net_cost_cbo_informed_sept29_low,flat,v4_state_price_public_order_safety,2006,4.660706
net_cost_cbo_informed_sept29_low,flat,v4_state_price_public_order_safety,2007,4.796818
net_cost_cbo_informed_sept29_low,flat,v4_state_price_public_order_safety,2008,5.055281
net_cost_cbo_informed_sept29_low,flat,v4_state_price_public_order_safety,2009,5.211735
net_cost_cbo_informed_sept29_low,flat,v4_state_price_public_order_safety,2010,5.415634
net_cost_cbo_informed_sept29_low,flat,v4_state_price_public_order_safety,2011,5.518955
net_cost_cbo_informed_sept29_low,flat,v4_state_price_public_order_safety,2012,5.598007
net_cost_cbo_informed_sept29_low,flat,v4_state_price_public_order_safety,2013,5.688048
net_cost_cbo_informed_sept29_low,flat,v4_state_price_public_order_safety,2014,5.808842
net_cost_cbo_informed_sept29_low,flat,v4_state_price_public_order_safety,2015,5.887208
net_cost_cbo_informed_sept29_low,flat,v4_state_price_public_order_safety,2016,5.962615
net_cost_cbo_informed_sept29_low,flat,v4_state_price_public_order_safety,2017,6.030443
net_cost_cbo_informed_sept29_low,flat,v4_state_price_public_order_safety,2018,6.082847
net_cost_cbo_informed_sept29_low,flat,v4_state_price_public_order_safety,2019,6.11569
net_cost_cbo_informed_sept29_low,flat,v4_state_price_public_order_safety,2020,6.119762
net_cost_cbo_informed_sept29_low,flat,v4_state_price_public_order_safety,2021,6.123835
net_cost_cbo_informed_sept29_low,flat,v4_state_price_public_order_safety,2022,6.153255
net_cost_cbo_informed_sept29_low,flat,v4_state_price_public_order_safety,2023,6.248104
net_cost_cbo_informed_sept29_low,flat,v4_state_price_public_order_safety,2024,6.412327
net_cost_cbo_informed_sept29_low,flat,v4_state_price_health_services,2005,1.236134
net_cost_cbo_informed_sept29_low,flat,v4_state_price_health_services,2006,1.308036
net_cost_cbo_informed_sept29_low,flat,v4_state_price_health_services,2007,1.346236
net_cost_cbo_informed_sept29_low,flat,v4_state_price_health_services,2008,1.418774
net_cost_cbo_informed_sept29_low,flat,v4_state_price_health_services,2009,1.462683
net_cost_cbo_informed_sept29_low,flat,v4_state_price_health_services,2010,1.519908
net_cost_cbo_informed_sept29_low,flat,v4_state_price_health_services,2011,1.548905
net_cost_cbo_informed_sept29_low,flat,v4_state_price_health_services,2012,1.571091
net_cost_cbo_informed_sept29_low,flat,v4_state_price_health_services,2013,1.596361
net_cost_cbo_informed_sept29_low,flat,v4_state_price_health_services,2014,1.630263
net_cost_cbo_informed_sept29_low,flat,v4_state_price_health_services,2015,1.652256
net_cost_cbo_informed_sept29_low,flat,v4_state_price_health_services,2016,1.673419
net_cost_cbo_informed_sept29_low,flat,v4_state_price_health_services,2017,1.692455
net_cost_cbo_informed_sept29_low,flat,v4_state_price_health_services,2018,1.707162
net_cost_cbo_informed_sept29_low,flat,v4_state_price_health_services,2019,1.71638
net_cost_cbo_informed_sept29_low,flat,v4_state_price_health_services,2020,1.717523
net_cost_cbo_informed_sept29_low,flat,v4_state_price_health_services,2021,1.718666
net_cost_cbo_informed_sept29_low,flat,v4_state_price_health_services,2022,1.726922
net_cost_cbo_informed_sept29_low,flat,v4_state_price_health_services,2023,1.753542
net_cost_cbo_informed_sept29_low,flat,v4_state_price_health_services,2024,1.799632
net_cost_cbo_informed_sept29_low,flat,v4_state_price_recreation_culture,2005,0.251649
net_cost_cbo_informed_sept29_low,flat,v4_state_price_recreation_culture,2006,0.266286
net_cost_cbo_informed_sept29_low,flat,v4_state_price_recreation_culture,2007,0.274063
net_cost_cbo_informed_sept29_low,flat,v4_state_price_recreation_culture,2008,0.28883
net_cost_cbo_informed_sept29_low,flat,v4_state_price_recreation_culture,2009,0.297769
net_cost_cbo_informed_sept29_low,flat,v4_state_price_recreation_culture,2010,0.309419
net_cost_cbo_informed_sept29_low,flat,v4_state_price_recreation_culture,2011,0.315322
net_cost_cbo_informed_sept29_low,flat,v4_state_price_recreation_culture,2012,0.319838
net_cost_cbo_informed_sept29_low,flat,v4_state_price_recreation_culture,2013,0.324983
net_cost_cbo_informed_sept29_low,flat,v4_state_price_recreation_culture,2014,0.331884
net_cost_cbo_informed_sept29_low,flat,v4_state_price_recreation_culture,2015,0.336362
net_cost_cbo_informed_sept29_low,flat,v4_state_price_recreation_culture,2016,0.34067
net_cost_cbo_informed_sept29_low,flat,v4_state_price_recreation_culture,2017,0.344545
net_cost_cbo_informed_sept29_low,flat,v4_state_price_recreation_culture,2018,0.347539
net_cost_cbo_informed_sept29_low,flat,v4_state_price_recreation_culture,2019,0.349416
net_cost_cbo_informed_sept29_low,flat,v4_state_price_recreation_culture,2020,0.349649
net_cost_cbo_informed_sept29_low,flat,v4_state_price_recreation_culture,2021,0.349881
net_cost_cbo_informed_sept29_low,flat,v4_state_price_recreation_culture,2022,0.351562
net_cost_cbo_informed_sept29_low,flat,v4_state_price_recreation_culture,2023,0.356981
net_cost_cbo_informed_sept29_low,flat,v4_state_price_recreation_culture,2024,0.366364
net_cost_cbo_informed_sept29_low,flat,v4_production_private,2005,0.315387
net_cost_cbo_informed_sept29_low,flat,v4_production_private,2006,0.333732
net_cost_cbo_informed_sept29_low,flat,v4_production_private,2007,0.343478
net_cost_cbo_informed_sept29_low,flat,v4_production_private,2008,0.361985
net_cost_cbo_informed_sept29_low,flat,v4_production_private,2009,0.373188
net_cost_cbo_informed_sept29_low,flat,v4_production_private,2010,0.387789
net_cost_cbo_informed_sept29_low,flat,v4_production_private,2011,0.395187
net_cost_cbo_informed_sept29_low,flat,v4_production_private,2012,0.400848
net_cost_cbo_informed_sept29_low,flat,v4_production_private,2013,0.407295
net_cost_cbo_informed_sept29_low,flat,v4_production_private,2014,0.415945
net_cost_cbo_informed_sept29_low,flat,v4_production_private,2015,0.421556
net_cost_cbo_informed_sept29_low,flat,v4_production_private,2016,0.426955
net_cost_cbo_informed_sept29_low,flat,v4_production_private,2017,0.431812
net_cost_cbo_informed_sept29_low,flat,v4_production_private,2018,0.435565
net_cost_cbo_informed_sept29_low,flat,v4_production_private,2019,0.437916
net_cost_cbo_informed_sept29_low,flat,v4_production_private,2020,0.438208
net_cost_cbo_informed_sept29_low,flat,v4_production_private,2021,0.4385
net_cost_cbo_informed_sept29_low,flat,v4_production_private,2022,0.440606
net_cost_cbo_informed_sept29_low,flat,v4_production_private,2023,0.447398
net_cost_cbo_informed_sept29_low,flat,v4_production_private,2024,0.459157
net_cost_cbo_informed_sept29_low,flat,v4_production_receipts,2005,0.812967
net_cost_cbo_informed_sept29_low,flat,v4_production_receipts,2006,0.860255
net_cost_cbo_informed_sept29_low,flat,v4_production_receipts,2007,0.885378
net_cost_cbo_informed_sept29_low,flat,v4_production_receipts,2008,0.933084
net_cost_cbo_informed_sept29_low,flat,v4_production_receipts,2009,0.961962
net_cost_cbo_informed_sept29_low,flat,v4_production_receipts,2010,0.999597
net_cost_cbo_informed_sept29_low,flat,v4_production_receipts,2011,1.018667
net_cost_cbo_informed_sept29_low,flat,v4_production_receipts,2012,1.033258
net_cost_cbo_informed_sept29_low,flat,v4_production_receipts,2013,1.049878
net_cost_cbo_informed_sept29_low,flat,v4_production_receipts,2014,1.072173
net_cost_cbo_informed_sept29_low,flat,v4_production_receipts,2015,1.086638
net_cost_cbo_informed_sept29_low,flat,v4_production_receipts,2016,1.100556
net_cost_cbo_informed_sept29_low,flat,v4_production_receipts,2017,1.113076
net_cost_cbo_informed_sept29_low,flat,v4_production_receipts,2018,1.122748
net_cost_cbo_informed_sept29_low,flat,v4_production_receipts,2019,1.12881
net_cost_cbo_informed_sept29_low,flat,v4_production_receipts,2020,1.129562
net_cost_cbo_informed_sept29_low,flat,v4_production_receipts,2021,1.130313
net_cost_cbo_informed_sept29_low,flat,v4_production_receipts,2022,1.135744
net_cost_cbo_informed_sept29_low,flat,v4_production_receipts,2023,1.15325
net_cost_cbo_informed_sept29_low,flat,v4_production_receipts,2024,1.183562
net_cost_cbo_informed_sept29_low,flat,v4_roads_vmt_fed,2005,0.0
net_cost_cbo_informed_sept29_low,flat,v4_roads_vmt_fed,2006,0.0
net_cost_cbo_informed_sept29_low,flat,v4_roads_vmt_fed,2007,0.0
net_cost_cbo_informed_sept29_low,flat,v4_roads_vmt_fed,2008,0.0
net_cost_cbo_informed_sept29_low,flat,v4_roads_vmt_fed,2009,0.0
net_cost_cbo_informed_sept29_low,flat,v4_roads_vmt_fed,2010,0.0
net_cost_cbo_informed_sept29_low,flat,v4_roads_vmt_fed,2011,0.0
net_cost_cbo_informed_sept29_low,flat,v4_roads_vmt_fed,2012,0.0
net_cost_cbo_informed_sept29_low,flat,v4_roads_vmt_fed,2013,0.0
net_cost_cbo_informed_sept29_low,flat,v4_roads_vmt_fed,2014,0.0
net_cost_cbo_informed_sept29_low,flat,v4_roads_vmt_fed,2015,0.0
net_cost_cbo_informed_sept29_low,flat,v4_roads_vmt_fed,2016,0.0
net_cost_cbo_informed_sept29_low,flat,v4_roads_vmt_fed,2017,0.0
net_cost_cbo_informed_sept29_low,flat,v4_roads_vmt_fed,2018,0.0
net_cost_cbo_informed_sept29_low,flat,v4_roads_vmt_fed,2019,0.0
net_cost_cbo_informed_sept29_low,flat,v4_roads_vmt_fed,2020,0.0
net_cost_cbo_informed_sept29_low,flat,v4_roads_vmt_fed,2021,0.0
net_cost_cbo_informed_sept29_low,flat,v4_roads_vmt_fed,2022,0.0
net_cost_cbo_informed_sept29_low,flat,v4_roads_vmt_fed,2023,0.0
net_cost_cbo_informed_sept29_low,flat,v4_roads_vmt_fed,2024,0.0
net_cost_cbo_informed_sept29_low,flat,capital_core,2005,10.986154
net_cost_cbo_informed_sept29_low,flat,capital_core,2006,11.625188
net_cost_cbo_informed_sept29_low,flat,capital_core,2007,11.964691
net_cost_cbo_informed_sept29_low,flat,capital_core,2008,12.609374
net_cost_cbo_informed_sept29_low,flat,capital_core,2009,12.999618
net_cost_cbo_informed_sept29_low,flat,capital_core,2010,13.508203
net_cost_cbo_informed_sept29_low,flat,capital_core,2011,13.765915
net_cost_cbo_informed_sept29_low,flat,capital_core,2012,13.963095
net_cost_cbo_informed_sept29_low,flat,capital_core,2013,14.187683
net_cost_cbo_informed_sept29_low,flat,capital_core,2014,14.488981
net_cost_cbo_informed_sept29_low,flat,capital_core,2015,14.684448
net_cost_cbo_informed_sept29_low,flat,capital_core,2016,14.872535
net_cost_cbo_informed_sept29_low,flat,capital_core,2017,15.041719
net_cost_cbo_informed_sept29_low,flat,capital_core,2018,15.17243
net_cost_cbo_informed_sept29_low,flat,capital_core,2019,15.25435
net_cost_cbo_informed_sept29_low,flat,capital_core,2020,15.264508
net_cost_cbo_informed_sept29_low,flat,capital_core,2021,15.274666
net_cost_cbo_informed_sept29_low,flat,capital_core,2022,15.348047
net_cost_cbo_informed_sept29_low,flat,capital_core,2023,15.584629
net_cost_cbo_informed_sept29_low,flat,capital_core,2024,15.994251
net_cost_cbo_informed_sept29_low,flat,capital_block,2005,4.915738
net_cost_cbo_informed_sept29_low,flat,capital_block,2006,5.201673
net_cost_cbo_informed_sept29_low,flat,capital_block,2007,5.353583
net_cost_cbo_informed_sept29_low,flat,capital_block,2008,5.642046
net_cost_cbo_informed_sept29_low,flat,capital_block,2009,5.81666
net_cost_cbo_informed_sept29_low,flat,capital_block,2010,6.044225
net_cost_cbo_informed_sept29_low,flat,capital_block,2011,6.159538
net_cost_cbo_informed_sept29_low,flat,capital_block,2012,6.247766
net_cost_cbo_informed_sept29_low,flat,capital_block,2013,6.348257
net_cost_cbo_informed_sept29_low,flat,capital_block,2014,6.483073
net_cost_cbo_informed_sept29_low,flat,capital_block,2015,6.570534
net_cost_cbo_informed_sept29_low,flat,capital_block,2016,6.654693
net_cost_cbo_informed_sept29_low,flat,capital_block,2017,6.730395
net_cost_cbo_informed_sept29_low,flat,capital_block,2018,6.788881
net_cost_cbo_informed_sept29_low,flat,capital_block,2019,6.825536
net_cost_cbo_informed_sept29_low,flat,capital_block,2020,6.830081
net_cost_cbo_informed_sept29_low,flat,capital_block,2021,6.834626
net_cost_cbo_informed_sept29_low,flat,capital_block,2022,6.867461
net_cost_cbo_informed_sept29_low,flat,capital_block,2023,6.973319
net_cost_cbo_informed_sept29_low,flat,capital_block,2024,7.156604
net_cost_cbo_informed_sept29_low,flat,capital_enterprise,2005,7.742418
net_cost_cbo_informed_sept29_low,flat,capital_enterprise,2006,8.192773
net_cost_cbo_informed_sept29_low,flat,capital_enterprise,2007,8.432036
net_cost_cbo_informed_sept29_low,flat,capital_enterprise,2008,8.886371
net_cost_cbo_informed_sept29_low,flat,capital_enterprise,2009,9.161393
net_cost_cbo_informed_sept29_low,flat,capital_enterprise,2010,9.519815
net_cost_cbo_informed_sept29_low,flat,capital_enterprise,2011,9.701436
net_cost_cbo_informed_sept29_low,flat,capital_enterprise,2012,9.840397
net_cost_cbo_informed_sept29_low,flat,capital_enterprise,2013,9.998674
net_cost_cbo_informed_sept29_low,flat,capital_enterprise,2014,10.211012
net_cost_cbo_informed_sept29_low,flat,capital_enterprise,2015,10.348766
net_cost_cbo_informed_sept29_low,flat,capital_enterprise,2016,10.481319
net_cost_cbo_informed_sept29_low,flat,capital_enterprise,2017,10.60055
net_cost_cbo_informed_sept29_low,flat,capital_enterprise,2018,10.692668
net_cost_cbo_informed_sept29_low,flat,capital_enterprise,2019,10.7504
net_cost_cbo_informed_sept29_low,flat,capital_enterprise,2020,10.757559
net_cost_cbo_informed_sept29_low,flat,capital_enterprise,2021,10.764718
net_cost_cbo_informed_sept29_low,flat,capital_enterprise,2022,10.816433
net_cost_cbo_informed_sept29_low,flat,capital_enterprise,2023,10.983162
net_cost_cbo_informed_sept29_low,flat,capital_enterprise,2024,11.271841
net_cost_cbo_informed_sept29_low,ratio,base,2005,94.669557
net_cost_cbo_informed_sept29_low,ratio,base,2006,93.434397
net_cost_cbo_informed_sept29_low,ratio,base,2007,103.419771
net_cost_cbo_informed_sept29_low,ratio,base,2008,147.332508
net_cost_cbo_informed_sept29_low,ratio,base,2009,212.734145
net_cost_cbo_informed_sept29_low,ratio,base,2010,224.614547
net_cost_cbo_informed_sept29_low,ratio,base,2011,214.673534
net_cost_cbo_informed_sept29_low,ratio,base,2012,200.574186
net_cost_cbo_informed_sept29_low,ratio,base,2013,164.491587
net_cost_cbo_informed_sept29_low,ratio,base,2014,161.118248
net_cost_cbo_informed_sept29_low,ratio,base,2015,158.958549
net_cost_cbo_informed_sept29_low,ratio,base,2016,171.542689
net_cost_cbo_informed_sept29_low,ratio,base,2017,176.107693
net_cost_cbo_informed_sept29_low,ratio,base,2018,188.578772
net_cost_cbo_informed_sept29_low,ratio,base,2019,201.95122
net_cost_cbo_informed_sept29_low,ratio,base,2020,351.66759
net_cost_cbo_informed_sept29_low,ratio,base,2021,318.086317
net_cost_cbo_informed_sept29_low,ratio,base,2022,179.586845
net_cost_cbo_informed_sept29_low,ratio,base,2023,238.19436
net_cost_cbo_informed_sept29_low,ratio,base,2024,258.488496
net_cost_cbo_informed_sept29_low,ratio,long_run_economic_affairs_services,2005,8.362944
net_cost_cbo_informed_sept29_low,ratio,long_run_economic_affairs_services,2006,9.009217
net_cost_cbo_informed_sept29_low,ratio,long_run_economic_affairs_services,2007,9.629417
net_cost_cbo_informed_sept29_low,ratio,long_run_economic_affairs_services,2008,10.407227
net_cost_cbo_informed_sept29_low,ratio,long_run_economic_affairs_services,2009,10.881823
net_cost_cbo_informed_sept29_low,ratio,long_run_economic_affairs_services,2010,11.623316
net_cost_cbo_informed_sept29_low,ratio,long_run_economic_affairs_services,2011,11.19013
net_cost_cbo_informed_sept29_low,ratio,long_run_economic_affairs_services,2012,11.233433
net_cost_cbo_informed_sept29_low,ratio,long_run_economic_affairs_services,2013,11.163827
net_cost_cbo_informed_sept29_low,ratio,long_run_economic_affairs_services,2014,11.240788
net_cost_cbo_informed_sept29_low,ratio,long_run_economic_affairs_services,2015,11.444448
net_cost_cbo_informed_sept29_low,ratio,long_run_economic_affairs_services,2016,11.50246
net_cost_cbo_informed_sept29_low,ratio,long_run_economic_affairs_services,2017,11.618278
net_cost_cbo_informed_sept29_low,ratio,long_run_economic_affairs_services,2018,12.048008
net_cost_cbo_informed_sept29_low,ratio,long_run_economic_affairs_services,2019,12.280815
net_cost_cbo_informed_sept29_low,ratio,long_run_economic_affairs_services,2020,13.071685
net_cost_cbo_informed_sept29_low,ratio,long_run_economic_affairs_services,2021,13.522543
net_cost_cbo_informed_sept29_low,ratio,long_run_economic_affairs_services,2022,12.336948
net_cost_cbo_informed_sept29_low,ratio,long_run_economic_affairs_services,2023,12.972557
net_cost_cbo_informed_sept29_low,ratio,long_run_economic_affairs_services,2024,13.989872
net_cost_cbo_informed_sept29_low,ratio,long_run_recreation_culture,2005,3.301166
net_cost_cbo_informed_sept29_low,ratio,long_run_recreation_culture,2006,3.597348
net_cost_cbo_informed_sept29_low,ratio,long_run_recreation_culture,2007,3.78048
net_cost_cbo_informed_sept29_low,ratio,long_run_recreation_culture,2008,4.097119
net_cost_cbo_informed_sept29_low,ratio,long_run_recreation_culture,2009,4.217419
net_cost_cbo_informed_sept29_low,ratio,long_run_recreation_culture,2010,4.308325
net_cost_cbo_informed_sept29_low,ratio,long_run_recreation_culture,2011,4.141602
net_cost_cbo_informed_sept29_low,ratio,long_run_recreation_culture,2012,4.077996
net_cost_cbo_informed_sept29_low,ratio,long_run_recreation_culture,2013,4.195579
net_cost_cbo_informed_sept29_low,ratio,long_run_recreation_culture,2014,4.313122
net_cost_cbo_informed_sept29_low,ratio,long_run_recreation_culture,2015,4.43809
net_cost_cbo_informed_sept29_low,ratio,long_run_recreation_culture,2016,4.65322
net_cost_cbo_informed_sept29_low,ratio,long_run_recreation_culture,2017,4.747169
net_cost_cbo_informed_sept29_low,ratio,long_run_recreation_culture,2018,4.916656
net_cost_cbo_informed_sept29_low,ratio,long_run_recreation_culture,2019,5.147876
net_cost_cbo_informed_sept29_low,ratio,long_run_recreation_culture,2020,5.067192
net_cost_cbo_informed_sept29_low,ratio,long_run_recreation_culture,2021,4.941775
net_cost_cbo_informed_sept29_low,ratio,long_run_recreation_culture,2022,5.179955
net_cost_cbo_informed_sept29_low,ratio,long_run_recreation_culture,2023,5.244006
net_cost_cbo_informed_sept29_low,ratio,long_run_recreation_culture,2024,5.450626
net_cost_cbo_informed_sept29_low,ratio,rental_assistance,2005,2.524119
net_cost_cbo_informed_sept29_low,ratio,rental_assistance,2006,2.655
net_cost_cbo_informed_sept29_low,ratio,rental_assistance,2007,2.718717
net_cost_cbo_informed_sept29_low,ratio,rental_assistance,2008,2.819105
net_cost_cbo_informed_sept29_low,ratio,rental_assistance,2009,3.151353
net_cost_cbo_informed_sept29_low,ratio,rental_assistance,2010,3.187315
net_cost_cbo_informed_sept29_low,ratio,rental_assistance,2011,3.308314
net_cost_cbo_informed_sept29_low,ratio,rental_assistance,2012,3.178466
net_cost_cbo_informed_sept29_low,ratio,rental_assistance,2013,3.14514
net_cost_cbo_informed_sept29_low,ratio,rental_assistance,2014,3.188178
net_cost_cbo_informed_sept29_low,ratio,rental_assistance,2015,3.275448
net_cost_cbo_informed_sept29_low,ratio,rental_assistance,2016,3.512629
net_cost_cbo_informed_sept29_low,ratio,rental_assistance,2017,3.301851
net_cost_cbo_informed_sept29_low,ratio,rental_assistance,2018,3.516221
net_cost_cbo_informed_sept29_low,ratio,rental_assistance,2019,3.577785
net_cost_cbo_informed_sept29_low,ratio,rental_assistance,2020,3.865451
net_cost_cbo_informed_sept29_low,ratio,rental_assistance,2021,3.788167
net_cost_cbo_informed_sept29_low,ratio,rental_assistance,2022,3.746339
net_cost_cbo_informed_sept29_low,ratio,rental_assistance,2023,4.058563
net_cost_cbo_informed_sept29_low,ratio,rental_assistance,2024,4.532066
net_cost_cbo_informed_sept29_low,ratio,enterprise_surplus,2005,0.490534
net_cost_cbo_informed_sept29_low,ratio,enterprise_surplus,2006,0.853953
net_cost_cbo_informed_sept29_low,ratio,enterprise_surplus,2007,1.847371
net_cost_cbo_informed_sept29_low,ratio,enterprise_surplus,2008,2.459287
net_cost_cbo_informed_sept29_low,ratio,enterprise_surplus,2009,2.173422
net_cost_cbo_informed_sept29_low,ratio,enterprise_surplus,2010,2.819135
net_cost_cbo_informed_sept29_low,ratio,enterprise_surplus,2011,2.686704
net_cost_cbo_informed_sept29_low,ratio,enterprise_surplus,2012,2.030378
net_cost_cbo_informed_sept29_low,ratio,enterprise_surplus,2013,2.012881
net_cost_cbo_informed_sept29_low,ratio,enterprise_surplus,2014,1.245274
net_cost_cbo_informed_sept29_low,ratio,enterprise_surplus,2015,0.416792
net_cost_cbo_informed_sept29_low,ratio,enterprise_surplus,2016,0.313938
net_cost_cbo_informed_sept29_low,ratio,enterprise_surplus,2017,0.611643
net_cost_cbo_informed_sept29_low,ratio,enterprise_surplus,2018,0.647385
net_cost_cbo_informed_sept29_low,ratio,enterprise_surplus,2019,1.684152
net_cost_cbo_informed_sept29_low,ratio,enterprise_surplus,2020,0.417716
net_cost_cbo_informed_sept29_low,ratio,enterprise_surplus,2021,1.424219
net_cost_cbo_informed_sept29_low,ratio,enterprise_surplus,2022,1.946247
net_cost_cbo_informed_sept29_low,ratio,enterprise_surplus,2023,5.538794
net_cost_cbo_informed_sept29_low,ratio,enterprise_surplus,2024,5.561143
net_cost_cbo_informed_sept29_low,ratio,v4_federal_income_tax,2005,-0.385843
net_cost_cbo_informed_sept29_low,ratio,v4_federal_income_tax,2006,-0.441987
net_cost_cbo_informed_sept29_low,ratio,v4_federal_income_tax,2007,-0.486471
net_cost_cbo_informed_sept29_low,ratio,v4_federal_income_tax,2008,-0.500726
net_cost_cbo_informed_sept29_low,ratio,v4_federal_income_tax,2009,-0.374534
net_cost_cbo_informed_sept29_low,ratio,v4_federal_income_tax,2010,-0.415178
net_cost_cbo_informed_sept29_low,ratio,v4_federal_income_tax,2011,-0.492881
net_cost_cbo_informed_sept29_low,ratio,v4_federal_income_tax,2012,-0.502352
net_cost_cbo_informed_sept29_low,ratio,v4_federal_income_tax,2013,-0.556413
net_cost_cbo_informed_sept29_low,ratio,v4_federal_income_tax,2014,-0.597039
net_cost_cbo_informed_sept29_low,ratio,v4_federal_income_tax,2015,-0.649456
net_cost_cbo_informed_sept29_low,ratio,v4_federal_income_tax,2016,-0.653054
net_cost_cbo_informed_sept29_low,ratio,v4_federal_income_tax,2017,-0.671519
net_cost_cbo_informed_sept29_low,ratio,v4_federal_income_tax,2018,-0.658776
net_cost_cbo_informed_sept29_low,ratio,v4_federal_income_tax,2019,-0.683057
net_cost_cbo_informed_sept29_low,ratio,v4_federal_income_tax,2020,-0.68747
net_cost_cbo_informed_sept29_low,ratio,v4_federal_income_tax,2021,-0.802428
net_cost_cbo_informed_sept29_low,ratio,v4_federal_income_tax,2022,-0.916666
net_cost_cbo_informed_sept29_low,ratio,v4_federal_income_tax,2023,-0.778633
net_cost_cbo_informed_sept29_low,ratio,v4_federal_income_tax,2024,-0.815133
net_cost_cbo_informed_sept29_low,ratio,v4_state_local_income_tax,2005,-0.008813
net_cost_cbo_informed_sept29_low,ratio,v4_state_local_income_tax,2006,-0.009866
net_cost_cbo_informed_sept29_low,ratio,v4_state_local_income_tax,2007,-0.010509
net_cost_cbo_informed_sept29_low,ratio,v4_state_local_income_tax,2008,-0.011122
net_cost_cbo_informed_sept29_low,ratio,v4_state_local_income_tax,2009,-0.009619
net_cost_cbo_informed_sept29_low,ratio,v4_state_local_income_tax,2010,-0.010052
net_cost_cbo_informed_sept29_low,ratio,v4_state_local_income_tax,2011,-0.011018
net_cost_cbo_informed_sept29_low,ratio,v4_state_local_income_tax,2012,-0.01159
net_cost_cbo_informed_sept29_low,ratio,v4_state_local_income_tax,2013,-0.012627
net_cost_cbo_informed_sept29_low,ratio,v4_state_local_income_tax,2014,-0.012804
net_cost_cbo_informed_sept29_low,ratio,v4_state_local_income_tax,2015,-0.013671
net_cost_cbo_informed_sept29_low,ratio,v4_state_local_income_tax,2016,-0.013661
net_cost_cbo_informed_sept29_low,ratio,v4_state_local_income_tax,2017,-0.014339
net_cost_cbo_informed_sept29_low,ratio,v4_state_local_income_tax,2018,-0.014818
net_cost_cbo_informed_sept29_low,ratio,v4_state_local_income_tax,2019,-0.015854
net_cost_cbo_informed_sept29_low,ratio,v4_state_local_income_tax,2020,-0.015872
net_cost_cbo_informed_sept29_low,ratio,v4_state_local_income_tax,2021,-0.017018
net_cost_cbo_informed_sept29_low,ratio,v4_state_local_income_tax,2022,-0.01797
net_cost_cbo_informed_sept29_low,ratio,v4_state_local_income_tax,2023,-0.015051
net_cost_cbo_informed_sept29_low,ratio,v4_state_local_income_tax,2024,-0.015631
net_cost_cbo_informed_sept29_low,ratio,v4_personal_motor_vehicle,2005,-0.321385
net_cost_cbo_informed_sept29_low,ratio,v4_personal_motor_vehicle,2006,-0.34074
net_cost_cbo_informed_sept29_low,ratio,v4_personal_motor_vehicle,2007,-0.345015
net_cost_cbo_informed_sept29_low,ratio,v4_personal_motor_vehicle,2008,-0.350309
net_cost_cbo_informed_sept29_low,ratio,v4_personal_motor_vehicle,2009,-0.368949
net_cost_cbo_informed_sept29_low,ratio,v4_personal_motor_vehicle,2010,-0.39702
net_cost_cbo_informed_sept29_low,ratio,v4_personal_motor_vehicle,2011,-0.409108
net_cost_cbo_informed_sept29_low,ratio,v4_personal_motor_vehicle,2012,-0.422622
net_cost_cbo_informed_sept29_low,ratio,v4_personal_motor_vehicle,2013,-0.420916
net_cost_cbo_informed_sept29_low,ratio,v4_personal_motor_vehicle,2014,-0.429531
net_cost_cbo_informed_sept29_low,ratio,v4_personal_motor_vehicle,2015,-0.441639
net_cost_cbo_informed_sept29_low,ratio,v4_personal_motor_vehicle,2016,-0.453413
net_cost_cbo_informed_sept29_low,ratio,v4_personal_motor_vehicle,2017,-0.459297
net_cost_cbo_informed_sept29_low,ratio,v4_personal_motor_vehicle,2018,-0.478381
net_cost_cbo_informed_sept29_low,ratio,v4_personal_motor_vehicle,2019,-0.476409
net_cost_cbo_informed_sept29_low,ratio,v4_personal_motor_vehicle,2020,-0.481465
net_cost_cbo_informed_sept29_low,ratio,v4_personal_motor_vehicle,2021,-0.507392
net_cost_cbo_informed_sept29_low,ratio,v4_personal_motor_vehicle,2022,-0.466255
net_cost_cbo_informed_sept29_low,ratio,v4_personal_motor_vehicle,2023,-0.466277
net_cost_cbo_informed_sept29_low,ratio,v4_personal_motor_vehicle,2024,-0.490665
net_cost_cbo_informed_sept29_low,ratio,v4_personal_property_tax,2005,-0.767467
net_cost_cbo_informed_sept29_low,ratio,v4_personal_property_tax,2006,-0.836178
net_cost_cbo_informed_sept29_low,ratio,v4_personal_property_tax,2007,-0.867039
net_cost_cbo_informed_sept29_low,ratio,v4_personal_property_tax,2008,-0.90142
net_cost_cbo_informed_sept29_low,ratio,v4_personal_property_tax,2009,-0.97587
net_cost_cbo_informed_sept29_low,ratio,v4_personal_property_tax,2010,-1.016382
net_cost_cbo_informed_sept29_low,ratio,v4_personal_property_tax,2011,-0.977471
net_cost_cbo_informed_sept29_low,ratio,v4_personal_property_tax,2012,-0.961808
net_cost_cbo_informed_sept29_low,ratio,v4_personal_property_tax,2013,-0.989719
net_cost_cbo_informed_sept29_low,ratio,v4_personal_property_tax,2014,-1.032259
net_cost_cbo_informed_sept29_low,ratio,v4_personal_property_tax,2015,-1.080006
net_cost_cbo_informed_sept29_low,ratio,v4_personal_property_tax,2016,-1.120791
net_cost_cbo_informed_sept29_low,ratio,v4_personal_property_tax,2017,-1.153543
net_cost_cbo_informed_sept29_low,ratio,v4_personal_property_tax,2018,-1.186945
net_cost_cbo_informed_sept29_low,ratio,v4_personal_property_tax,2019,-1.225157
net_cost_cbo_informed_sept29_low,ratio,v4_personal_property_tax,2020,-1.251459
net_cost_cbo_informed_sept29_low,ratio,v4_personal_property_tax,2021,-1.259608
net_cost_cbo_informed_sept29_low,ratio,v4_personal_property_tax,2022,-1.245613
net_cost_cbo_informed_sept29_low,ratio,v4_personal_property_tax,2023,-1.252359
net_cost_cbo_informed_sept29_low,ratio,v4_personal_property_tax,2024,-1.325841
net_cost_cbo_informed_sept29_low,ratio,v4_other_personal_tax,2005,-0.000208
net_cost_cbo_informed_sept29_low,ratio,v4_other_personal_tax,2006,-0.000201
net_cost_cbo_informed_sept29_low,ratio,v4_other_personal_tax,2007,-0.000192
net_cost_cbo_informed_sept29_low,ratio,v4_other_personal_tax,2008,-0.000179
net_cost_cbo_informed_sept29_low,ratio,v4_other_personal_tax,2009,-0.000148
net_cost_cbo_informed_sept29_low,ratio,v4_other_personal_tax,2010,-0.000162
net_cost_cbo_informed_sept29_low,ratio,v4_other_personal_tax,2011,-0.000166
net_cost_cbo_informed_sept29_low,ratio,v4_other_personal_tax,2012,-0.000182
net_cost_cbo_informed_sept29_low,ratio,v4_other_personal_tax,2013,-0.000191
net_cost_cbo_informed_sept29_low,ratio,v4_other_personal_tax,2014,-0.000197
net_cost_cbo_informed_sept29_low,ratio,v4_other_personal_tax,2015,-0.000208
net_cost_cbo_informed_sept29_low,ratio,v4_other_personal_tax,2016,-0.000211
net_cost_cbo_informed_sept29_low,ratio,v4_other_personal_tax,2017,-0.00021
net_cost_cbo_informed_sept29_low,ratio,v4_other_personal_tax,2018,-0.00023
net_cost_cbo_informed_sept29_low,ratio,v4_other_personal_tax,2019,-0.000228
net_cost_cbo_informed_sept29_low,ratio,v4_other_personal_tax,2020,-0.000241
net_cost_cbo_informed_sept29_low,ratio,v4_other_personal_tax,2021,-0.000324
net_cost_cbo_informed_sept29_low,ratio,v4_other_personal_tax,2022,-0.000243
net_cost_cbo_informed_sept29_low,ratio,v4_other_personal_tax,2023,-0.000233
net_cost_cbo_informed_sept29_low,ratio,v4_other_personal_tax,2024,-0.000283
net_cost_cbo_informed_sept29_low,ratio,v4_employee_oasdi,2005,-0.013871
net_cost_cbo_informed_sept29_low,ratio,v4_employee_oasdi,2006,-0.014938
net_cost_cbo_informed_sept29_low,ratio,v4_employee_oasdi,2007,-0.015527
net_cost_cbo_informed_sept29_low,ratio,v4_employee_oasdi,2008,-0.016431
net_cost_cbo_informed_sept29_low,ratio,v4_employee_oasdi,2009,-0.016172
net_cost_cbo_informed_sept29_low,ratio,v4_employee_oasdi,2010,-0.016631
net_cost_cbo_informed_sept29_low,ratio,v4_employee_oasdi,2011,-0.011457
net_cost_cbo_informed_sept29_low,ratio,v4_employee_oasdi,2012,-0.011764
net_cost_cbo_informed_sept29_low,ratio,v4_employee_oasdi,2013,-0.01791
net_cost_cbo_informed_sept29_low,ratio,v4_employee_oasdi,2014,-0.018659
net_cost_cbo_informed_sept29_low,ratio,v4_employee_oasdi,2015,-0.019497
net_cost_cbo_informed_sept29_low,ratio,v4_employee_oasdi,2016,-0.019986
net_cost_cbo_informed_sept29_low,ratio,v4_employee_oasdi,2017,-0.02076
net_cost_cbo_informed_sept29_low,ratio,v4_employee_oasdi,2018,-0.021329
net_cost_cbo_informed_sept29_low,ratio,v4_employee_oasdi,2019,-0.022023
net_cost_cbo_informed_sept29_low,ratio,v4_employee_oasdi,2020,-0.021831
net_cost_cbo_informed_sept29_low,ratio,v4_employee_oasdi,2021,-0.022501
net_cost_cbo_informed_sept29_low,ratio,v4_employee_oasdi,2022,-0.022994
net_cost_cbo_informed_sept29_low,ratio,v4_employee_oasdi,2023,-0.023877
net_cost_cbo_informed_sept29_low,ratio,v4_employee_oasdi,2024,-0.025397
net_cost_cbo_informed_sept29_low,ratio,v4_employee_hi,2005,-0.006771
net_cost_cbo_informed_sept29_low,ratio,v4_employee_hi,2006,-0.007328
net_cost_cbo_informed_sept29_low,ratio,v4_employee_hi,2007,-0.007687
net_cost_cbo_informed_sept29_low,ratio,v4_employee_hi,2008,-0.008037
net_cost_cbo_informed_sept29_low,ratio,v4_employee_hi,2009,-0.007794
net_cost_cbo_informed_sept29_low,ratio,v4_employee_hi,2010,-0.008132
net_cost_cbo_informed_sept29_low,ratio,v4_employee_hi,2011,-0.008374
net_cost_cbo_informed_sept29_low,ratio,v4_employee_hi,2012,-0.008643
net_cost_cbo_informed_sept29_low,ratio,v4_employee_hi,2013,-0.009312
net_cost_cbo_informed_sept29_low,ratio,v4_employee_hi,2014,-0.009758
net_cost_cbo_informed_sept29_low,ratio,v4_employee_hi,2015,-0.010236
net_cost_cbo_informed_sept29_low,ratio,v4_employee_hi,2016,-0.010453
net_cost_cbo_informed_sept29_low,ratio,v4_employee_hi,2017,-0.010868
net_cost_cbo_informed_sept29_low,ratio,v4_employee_hi,2018,-0.011204
net_cost_cbo_informed_sept29_low,ratio,v4_employee_hi,2019,-0.011574
net_cost_cbo_informed_sept29_low,ratio,v4_employee_hi,2020,-0.011652
net_cost_cbo_informed_sept29_low,ratio,v4_employee_hi,2021,-0.01229
net_cost_cbo_informed_sept29_low,ratio,v4_employee_hi,2022,-0.012309
net_cost_cbo_informed_sept29_low,ratio,v4_employee_hi,2023,-0.012644
net_cost_cbo_informed_sept29_low,ratio,v4_employee_hi,2024,-0.013496
net_cost_cbo_informed_sept29_low,ratio,v4_self_employment_oasdi_hi,2005,0.485696
net_cost_cbo_informed_sept29_low,ratio,v4_self_employment_oasdi_hi,2006,0.52633
net_cost_cbo_informed_sept29_low,ratio,v4_self_employment_oasdi_hi,2007,0.546806
net_cost_cbo_informed_sept29_low,ratio,v4_self_employment_oasdi_hi,2008,0.567105
net_cost_cbo_informed_sept29_low,ratio,v4_self_employment_oasdi_hi,2009,0.570108
net_cost_cbo_informed_sept29_low,ratio,v4_self_employment_oasdi_hi,2010,0.573172
net_cost_cbo_informed_sept29_low,ratio,v4_self_employment_oasdi_hi,2011,0.538186
net_cost_cbo_informed_sept29_low,ratio,v4_self_employment_oasdi_hi,2012,0.536528
net_cost_cbo_informed_sept29_low,ratio,v4_self_employment_oasdi_hi,2013,0.612267
net_cost_cbo_informed_sept29_low,ratio,v4_self_employment_oasdi_hi,2014,0.661117
net_cost_cbo_informed_sept29_low,ratio,v4_self_employment_oasdi_hi,2015,0.688074
net_cost_cbo_informed_sept29_low,ratio,v4_self_employment_oasdi_hi,2016,0.694632
net_cost_cbo_informed_sept29_low,ratio,v4_self_employment_oasdi_hi,2017,0.700755
net_cost_cbo_informed_sept29_low,ratio,v4_self_employment_oasdi_hi,2018,0.719818
net_cost_cbo_informed_sept29_low,ratio,v4_self_employment_oasdi_hi,2019,0.736004
net_cost_cbo_informed_sept29_low,ratio,v4_self_employment_oasdi_hi,2020,0.73668
net_cost_cbo_informed_sept29_low,ratio,v4_self_employment_oasdi_hi,2021,0.726859
net_cost_cbo_informed_sept29_low,ratio,v4_self_employment_oasdi_hi,2022,0.771385
net_cost_cbo_informed_sept29_low,ratio,v4_self_employment_oasdi_hi,2023,0.765896
net_cost_cbo_informed_sept29_low,ratio,v4_self_employment_oasdi_hi,2024,0.783375
net_cost_cbo_informed_sept29_low,ratio,v4_employer_oasdi,2005,-0.01398
net_cost_cbo_informed_sept29_low,ratio,v4_employer_oasdi,2006,-0.015051
net_cost_cbo_informed_sept29_low,ratio,v4_employer_oasdi,2007,-0.01564
net_cost_cbo_informed_sept29_low,ratio,v4_employer_oasdi,2008,-0.01656
net_cost_cbo_informed_sept29_low,ratio,v4_employer_oasdi,2009,-0.016305
net_cost_cbo_informed_sept29_low,ratio,v4_employer_oasdi,2010,-0.016596
net_cost_cbo_informed_sept29_low,ratio,v4_employer_oasdi,2011,-0.017078
net_cost_cbo_informed_sept29_low,ratio,v4_employer_oasdi,2012,-0.017545
net_cost_cbo_informed_sept29_low,ratio,v4_employer_oasdi,2013,-0.018038
net_cost_cbo_informed_sept29_low,ratio,v4_employer_oasdi,2014,-0.018791
net_cost_cbo_informed_sept29_low,ratio,v4_employer_oasdi,2015,-0.019643
net_cost_cbo_informed_sept29_low,ratio,v4_employer_oasdi,2016,-0.02015
net_cost_cbo_informed_sept29_low,ratio,v4_employer_oasdi,2017,-0.020928
net_cost_cbo_informed_sept29_low,ratio,v4_employer_oasdi,2018,-0.021491
net_cost_cbo_informed_sept29_low,ratio,v4_employer_oasdi,2019,-0.022201
net_cost_cbo_informed_sept29_low,ratio,v4_employer_oasdi,2020,-0.022018
net_cost_cbo_informed_sept29_low,ratio,v4_employer_oasdi,2021,-0.022673
net_cost_cbo_informed_sept29_low,ratio,v4_employer_oasdi,2022,-0.023218
net_cost_cbo_informed_sept29_low,ratio,v4_employer_oasdi,2023,-0.024142
net_cost_cbo_informed_sept29_low,ratio,v4_employer_oasdi,2024,-0.025616
net_cost_cbo_informed_sept29_low,ratio,v4_employer_hi,2005,-0.00657
net_cost_cbo_informed_sept29_low,ratio,v4_employer_hi,2006,-0.007104
net_cost_cbo_informed_sept29_low,ratio,v4_employer_hi,2007,-0.007448
net_cost_cbo_informed_sept29_low,ratio,v4_employer_hi,2008,-0.007785
net_cost_cbo_informed_sept29_low,ratio,v4_employer_hi,2009,-0.00754
net_cost_cbo_informed_sept29_low,ratio,v4_employer_hi,2010,-0.007838
net_cost_cbo_informed_sept29_low,ratio,v4_employer_hi,2011,-0.008086
net_cost_cbo_informed_sept29_low,ratio,v4_employer_hi,2012,-0.008343
net_cost_cbo_informed_sept29_low,ratio,v4_employer_hi,2013,-0.008481
net_cost_cbo_informed_sept29_low,ratio,v4_employer_hi,2014,-0.008877
net_cost_cbo_informed_sept29_low,ratio,v4_employer_hi,2015,-0.009301
net_cost_cbo_informed_sept29_low,ratio,v4_employer_hi,2016,-0.009521
net_cost_cbo_informed_sept29_low,ratio,v4_employer_hi,2017,-0.009841
net_cost_cbo_informed_sept29_low,ratio,v4_employer_hi,2018,-0.010132
net_cost_cbo_informed_sept29_low,ratio,v4_employer_hi,2019,-0.010444
net_cost_cbo_informed_sept29_low,ratio,v4_employer_hi,2020,-0.010459
net_cost_cbo_informed_sept29_low,ratio,v4_employer_hi,2021,-0.01094
net_cost_cbo_informed_sept29_low,ratio,v4_employer_hi,2022,-0.011002
net_cost_cbo_informed_sept29_low,ratio,v4_employer_hi,2023,-0.011303
net_cost_cbo_informed_sept29_low,ratio,v4_employer_hi,2024,-0.012005
net_cost_cbo_informed_sept29_low,ratio,v4_other_domestic_social_contributions,2005,-0.024666
net_cost_cbo_informed_sept29_low,ratio,v4_other_domestic_social_contributions,2006,-0.024147
net_cost_cbo_informed_sept29_low,ratio,v4_other_domestic_social_contributions,2007,-0.022449
net_cost_cbo_informed_sept29_low,ratio,v4_other_domestic_social_contributions,2008,-0.02252
net_cost_cbo_informed_sept29_low,ratio,v4_other_domestic_social_contributions,2009,-0.023413
net_cost_cbo_informed_sept29_low,ratio,v4_other_domestic_social_contributions,2010,-0.026964
net_cost_cbo_informed_sept29_low,ratio,v4_other_domestic_social_contributions,2011,-0.02936
net_cost_cbo_informed_sept29_low,ratio,v4_other_domestic_social_contributions,2012,-0.030081
net_cost_cbo_informed_sept29_low,ratio,v4_other_domestic_social_contributions,2013,-0.029521
net_cost_cbo_informed_sept29_low,ratio,v4_other_domestic_social_contributions,2014,-0.029302
net_cost_cbo_informed_sept29_low,ratio,v4_other_domestic_social_contributions,2015,-0.029096
net_cost_cbo_informed_sept29_low,ratio,v4_other_domestic_social_contributions,2016,-0.028088
net_cost_cbo_informed_sept29_low,ratio,v4_other_domestic_social_contributions,2017,-0.027188
net_cost_cbo_informed_sept29_low,ratio,v4_other_domestic_social_contributions,2018,-0.025439
net_cost_cbo_informed_sept29_low,ratio,v4_other_domestic_social_contributions,2019,-0.024758
net_cost_cbo_informed_sept29_low,ratio,v4_other_domestic_social_contributions,2020,-0.02481
net_cost_cbo_informed_sept29_low,ratio,v4_other_domestic_social_contributions,2021,-0.024436
net_cost_cbo_informed_sept29_low,ratio,v4_other_domestic_social_contributions,2022,-0.022874
net_cost_cbo_informed_sept29_low,ratio,v4_other_domestic_social_contributions,2023,-0.022489
net_cost_cbo_informed_sept29_low,ratio,v4_other_domestic_social_contributions,2024,-0.023655
net_cost_cbo_informed_sept29_low,ratio,v4_general_sales_tax,2005,-3.277797
net_cost_cbo_informed_sept29_low,ratio,v4_general_sales_tax,2006,-3.591555
net_cost_cbo_informed_sept29_low,ratio,v4_general_sales_tax,2007,-3.655248
net_cost_cbo_informed_sept29_low,ratio,v4_general_sales_tax,2008,-3.740647
net_cost_cbo_informed_sept29_low,ratio,v4_general_sales_tax,2009,-3.527219
net_cost_cbo_informed_sept29_low,ratio,v4_general_sales_tax,2010,-3.790496
net_cost_cbo_informed_sept29_low,ratio,v4_general_sales_tax,2011,-3.960723
net_cost_cbo_informed_sept29_low,ratio,v4_general_sales_tax,2012,-4.077892
net_cost_cbo_informed_sept29_low,ratio,v4_general_sales_tax,2013,-4.280423
net_cost_cbo_informed_sept29_low,ratio,v4_general_sales_tax,2014,-4.487004
net_cost_cbo_informed_sept29_low,ratio,v4_general_sales_tax,2015,-4.616984
net_cost_cbo_informed_sept29_low,ratio,v4_general_sales_tax,2016,-4.731162
net_cost_cbo_informed_sept29_low,ratio,v4_general_sales_tax,2017,-4.923051
net_cost_cbo_informed_sept29_low,ratio,v4_general_sales_tax,2018,-5.079845
net_cost_cbo_informed_sept29_low,ratio,v4_general_sales_tax,2019,-5.254397
net_cost_cbo_informed_sept29_low,ratio,v4_general_sales_tax,2020,-5.126532
net_cost_cbo_informed_sept29_low,ratio,v4_general_sales_tax,2021,-5.750493
net_cost_cbo_informed_sept29_low,ratio,v4_general_sales_tax,2022,-5.966895
net_cost_cbo_informed_sept29_low,ratio,v4_general_sales_tax,2023,-5.880359
net_cost_cbo_informed_sept29_low,ratio,v4_general_sales_tax,2024,-5.964449
net_cost_cbo_informed_sept29_low,ratio,v4_modeled_owner_property,2005,-10.797661
net_cost_cbo_informed_sept29_low,ratio,v4_modeled_owner_property,2006,-11.726867
net_cost_cbo_informed_sept29_low,ratio,v4_modeled_owner_property,2007,-12.523815
net_cost_cbo_informed_sept29_low,ratio,v4_modeled_owner_property,2008,-13.208914
net_cost_cbo_informed_sept29_low,ratio,v4_modeled_owner_property,2009,-14.187624
net_cost_cbo_informed_sept29_low,ratio,v4_modeled_owner_property,2010,-14.410243
net_cost_cbo_informed_sept29_low,ratio,v4_modeled_owner_property,2011,-14.296481
net_cost_cbo_informed_sept29_low,ratio,v4_modeled_owner_property,2012,-14.288774
net_cost_cbo_informed_sept29_low,ratio,v4_modeled_owner_property,2013,-14.516133
net_cost_cbo_informed_sept29_low,ratio,v4_modeled_owner_property,2014,-15.035348
net_cost_cbo_informed_sept29_low,ratio,v4_modeled_owner_property,2015,-15.484062
net_cost_cbo_informed_sept29_low,ratio,v4_modeled_owner_property,2016,-16.077656
net_cost_cbo_informed_sept29_low,ratio,v4_modeled_owner_property,2017,-16.637568
net_cost_cbo_informed_sept29_low,ratio,v4_modeled_owner_property,2018,-16.89927
net_cost_cbo_informed_sept29_low,ratio,v4_modeled_owner_property,2019,-17.649307
net_cost_cbo_informed_sept29_low,ratio,v4_modeled_owner_property,2020,-17.901037
net_cost_cbo_informed_sept29_low,ratio,v4_modeled_owner_property,2021,-18.0086
net_cost_cbo_informed_sept29_low,ratio,v4_modeled_owner_property,2022,-17.42665
net_cost_cbo_informed_sept29_low,ratio,v4_modeled_owner_property,2023,-17.79145
net_cost_cbo_informed_sept29_low,ratio,v4_modeled_owner_property,2024,-19.049721
net_cost_cbo_informed_sept29_low,ratio,v4_excise_selective_sales,2005,-1.032916
net_cost_cbo_informed_sept29_low,ratio,v4_excise_selective_sales,2006,-1.092201
net_cost_cbo_informed_sept29_low,ratio,v4_excise_selective_sales,2007,-1.088884
net_cost_cbo_informed_sept29_low,ratio,v4_excise_selective_sales,2008,-1.110105
net_cost_cbo_informed_sept29_low,ratio,v4_excise_selective_sales,2009,-1.145425
net_cost_cbo_informed_sept29_low,ratio,v4_excise_selective_sales,2010,-1.224801
net_cost_cbo_informed_sept29_low,ratio,v4_excise_selective_sales,2011,-1.292104
net_cost_cbo_informed_sept29_low,ratio,v4_excise_selective_sales,2012,-1.329648
net_cost_cbo_informed_sept29_low,ratio,v4_excise_selective_sales,2013,-1.389688
net_cost_cbo_informed_sept29_low,ratio,v4_excise_selective_sales,2014,-1.450489
net_cost_cbo_informed_sept29_low,ratio,v4_excise_selective_sales,2015,-1.500691
net_cost_cbo_informed_sept29_low,ratio,v4_excise_selective_sales,2016,-1.500928
net_cost_cbo_informed_sept29_low,ratio,v4_excise_selective_sales,2017,-1.494304
net_cost_cbo_informed_sept29_low,ratio,v4_excise_selective_sales,2018,-1.609623
net_cost_cbo_informed_sept29_low,ratio,v4_excise_selective_sales,2019,-1.555792
net_cost_cbo_informed_sept29_low,ratio,v4_excise_selective_sales,2020,-1.436704
net_cost_cbo_informed_sept29_low,ratio,v4_excise_selective_sales,2021,-1.494233
net_cost_cbo_informed_sept29_low,ratio,v4_excise_selective_sales,2022,-1.487043
net_cost_cbo_informed_sept29_low,ratio,v4_excise_selective_sales,2023,-1.50706
net_cost_cbo_informed_sept29_low,ratio,v4_excise_selective_sales,2024,-1.579004
net_cost_cbo_informed_sept29_low,ratio,v4_customs_duties,2005,-0.014555
net_cost_cbo_informed_sept29_low,ratio,v4_customs_duties,2006,-0.01559
net_cost_cbo_informed_sept29_low,ratio,v4_customs_duties,2007,-0.016694
net_cost_cbo_informed_sept29_low,ratio,v4_customs_duties,2008,-0.017366
net_cost_cbo_informed_sept29_low,ratio,v4_customs_duties,2009,-0.013921
net_cost_cbo_informed_sept29_low,ratio,v4_customs_duties,2010,-0.017563
net_cost_cbo_informed_sept29_low,ratio,v4_customs_duties,2011,-0.019398
net_cost_cbo_informed_sept29_low,ratio,v4_customs_duties,2012,-0.020136
net_cost_cbo_informed_sept29_low,ratio,v4_customs_duties,2013,-0.021138
net_cost_cbo_informed_sept29_low,ratio,v4_customs_duties,2014,-0.022176
net_cost_cbo_informed_sept29_low,ratio,v4_customs_duties,2015,-0.022545
net_cost_cbo_informed_sept29_low,ratio,v4_customs_duties,2016,-0.022098
net_cost_cbo_informed_sept29_low,ratio,v4_customs_duties,2017,-0.022373
net_cost_cbo_informed_sept29_low,ratio,v4_customs_duties,2018,-0.030345
net_cost_cbo_informed_sept29_low,ratio,v4_customs_duties,2019,-0.043567
net_cost_cbo_informed_sept29_low,ratio,v4_customs_duties,2020,-0.037818
net_cost_cbo_informed_sept29_low,ratio,v4_customs_duties,2021,-0.046895
net_cost_cbo_informed_sept29_low,ratio,v4_customs_duties,2022,-0.050245
net_cost_cbo_informed_sept29_low,ratio,v4_customs_duties,2023,-0.038928
net_cost_cbo_informed_sept29_low,ratio,v4_customs_duties,2024,-0.039564
net_cost_cbo_informed_sept29_low,ratio,v4_personal_current_transfers,2005,-0.041149
net_cost_cbo_informed_sept29_low,ratio,v4_personal_current_transfers,2006,-0.04398
net_cost_cbo_informed_sept29_low,ratio,v4_personal_current_transfers,2007,-0.045906
net_cost_cbo_informed_sept29_low,ratio,v4_personal_current_transfers,2008,-0.048086
net_cost_cbo_informed_sept29_low,ratio,v4_personal_current_transfers,2009,-0.048286
net_cost_cbo_informed_sept29_low,ratio,v4_personal_current_transfers,2010,-0.048756
net_cost_cbo_informed_sept29_low,ratio,v4_personal_current_transfers,2011,-0.049982
net_cost_cbo_informed_sept29_low,ratio,v4_personal_current_transfers,2012,-0.051869
net_cost_cbo_informed_sept29_low,ratio,v4_personal_current_transfers,2013,-0.051852
net_cost_cbo_informed_sept29_low,ratio,v4_personal_current_transfers,2014,-0.054575
net_cost_cbo_informed_sept29_low,ratio,v4_personal_current_transfers,2015,-0.058445
net_cost_cbo_informed_sept29_low,ratio,v4_personal_current_transfers,2016,-0.059843
net_cost_cbo_informed_sept29_low,ratio,v4_personal_current_transfers,2017,-0.060759
net_cost_cbo_informed_sept29_low,ratio,v4_personal_current_transfers,2018,-0.063366
net_cost_cbo_informed_sept29_low,ratio,v4_personal_current_transfers,2019,-0.064204
net_cost_cbo_informed_sept29_low,ratio,v4_personal_current_transfers,2020,-0.060241
net_cost_cbo_informed_sept29_low,ratio,v4_personal_current_transfers,2021,-0.063942
net_cost_cbo_informed_sept29_low,ratio,v4_personal_current_transfers,2022,-0.065387
net_cost_cbo_informed_sept29_low,ratio,v4_personal_current_transfers,2023,-0.064745
net_cost_cbo_informed_sept29_low,ratio,v4_personal_current_transfers,2024,-0.06677
net_cost_cbo_informed_sept29_low,ratio,v4_enterprise_surplus,2005,-2.503726
net_cost_cbo_informed_sept29_low,ratio,v4_enterprise_surplus,2006,-2.952321
net_cost_cbo_informed_sept29_low,ratio,v4_enterprise_surplus,2007,-3.447297
net_cost_cbo_informed_sept29_low,ratio,v4_enterprise_surplus,2008,-3.678934
net_cost_cbo_informed_sept29_low,ratio,v4_enterprise_surplus,2009,-3.664178
net_cost_cbo_informed_sept29_low,ratio,v4_enterprise_surplus,2010,-4.181428
net_cost_cbo_informed_sept29_low,ratio,v4_enterprise_surplus,2011,-4.084417
net_cost_cbo_informed_sept29_low,ratio,v4_enterprise_surplus,2012,-3.926847
net_cost_cbo_informed_sept29_low,ratio,v4_enterprise_surplus,2013,-3.846798
net_cost_cbo_informed_sept29_low,ratio,v4_enterprise_surplus,2014,-3.664412
net_cost_cbo_informed_sept29_low,ratio,v4_enterprise_surplus,2015,-3.51675
net_cost_cbo_informed_sept29_low,ratio,v4_enterprise_surplus,2016,-3.495736
net_cost_cbo_informed_sept29_low,ratio,v4_enterprise_surplus,2017,-3.823023
net_cost_cbo_informed_sept29_low,ratio,v4_enterprise_surplus,2018,-3.730925
net_cost_cbo_informed_sept29_low,ratio,v4_enterprise_surplus,2019,-3.819824
net_cost_cbo_informed_sept29_low,ratio,v4_enterprise_surplus,2020,-4.049058
net_cost_cbo_informed_sept29_low,ratio,v4_enterprise_surplus,2021,-4.820664
net_cost_cbo_informed_sept29_low,ratio,v4_enterprise_surplus,2022,-4.96395
net_cost_cbo_informed_sept29_low,ratio,v4_enterprise_surplus,2023,-4.810999
net_cost_cbo_informed_sept29_low,ratio,v4_enterprise_surplus,2024,-4.721933
net_cost_cbo_informed_sept29_low,ratio,v4_housing_enterprise_surplus,2005,1.827211
net_cost_cbo_informed_sept29_low,ratio,v4_housing_enterprise_surplus,2006,2.126554
net_cost_cbo_informed_sept29_low,ratio,v4_housing_enterprise_surplus,2007,2.449806
net_cost_cbo_informed_sept29_low,ratio,v4_housing_enterprise_surplus,2008,2.607238
net_cost_cbo_informed_sept29_low,ratio,v4_housing_enterprise_surplus,2009,2.626756
net_cost_cbo_informed_sept29_low,ratio,v4_housing_enterprise_surplus,2010,2.961883
net_cost_cbo_informed_sept29_low,ratio,v4_housing_enterprise_surplus,2011,2.910175
net_cost_cbo_informed_sept29_low,ratio,v4_housing_enterprise_surplus,2012,2.797712
net_cost_cbo_informed_sept29_low,ratio,v4_housing_enterprise_surplus,2013,2.743425
net_cost_cbo_informed_sept29_low,ratio,v4_housing_enterprise_surplus,2014,2.630119
net_cost_cbo_informed_sept29_low,ratio,v4_housing_enterprise_surplus,2015,2.542959
net_cost_cbo_informed_sept29_low,ratio,v4_housing_enterprise_surplus,2016,2.550165
net_cost_cbo_informed_sept29_low,ratio,v4_housing_enterprise_surplus,2017,2.741839
net_cost_cbo_informed_sept29_low,ratio,v4_housing_enterprise_surplus,2018,2.701432
net_cost_cbo_informed_sept29_low,ratio,v4_housing_enterprise_surplus,2019,2.763861
net_cost_cbo_informed_sept29_low,ratio,v4_housing_enterprise_surplus,2020,2.936091
net_cost_cbo_informed_sept29_low,ratio,v4_housing_enterprise_surplus,2021,3.424592
net_cost_cbo_informed_sept29_low,ratio,v4_housing_enterprise_surplus,2022,3.512909
net_cost_cbo_informed_sept29_low,ratio,v4_housing_enterprise_surplus,2023,3.441981
net_cost_cbo_informed_sept29_low,ratio,v4_housing_enterprise_surplus,2024,3.426129
net_cost_cbo_informed_sept29_low,ratio,v4_tenant_occupied_property,2005,-3.860441
net_cost_cbo_informed_sept29_low,ratio,v4_tenant_occupied_property,2006,-4.192655
net_cost_cbo_informed_sept29_low,ratio,v4_tenant_occupied_property,2007,-4.477585
net_cost_cbo_informed_sept29_low,ratio,v4_tenant_occupied_property,2008,-4.722525
net_cost_cbo_informed_sept29_low,ratio,v4_tenant_occupied_property,2009,-5.072439
net_cost_cbo_informed_sept29_low,ratio,v4_tenant_occupied_property,2010,-5.152031
net_cost_cbo_informed_sept29_low,ratio,v4_tenant_occupied_property,2011,-5.111359
net_cost_cbo_informed_sept29_low,ratio,v4_tenant_occupied_property,2012,-5.108603
net_cost_cbo_informed_sept29_low,ratio,v4_tenant_occupied_property,2013,-5.18989
net_cost_cbo_informed_sept29_low,ratio,v4_tenant_occupied_property,2014,-5.375522
net_cost_cbo_informed_sept29_low,ratio,v4_tenant_occupied_property,2015,-5.535949
net_cost_cbo_informed_sept29_low,ratio,v4_tenant_occupied_property,2016,-5.748174
net_cost_cbo_informed_sept29_low,ratio,v4_tenant_occupied_property,2017,-5.948357
net_cost_cbo_informed_sept29_low,ratio,v4_tenant_occupied_property,2018,-6.041922
net_cost_cbo_informed_sept29_low,ratio,v4_tenant_occupied_property,2019,-6.31008
net_cost_cbo_informed_sept29_low,ratio,v4_tenant_occupied_property,2020,-6.40008
net_cost_cbo_informed_sept29_low,ratio,v4_tenant_occupied_property,2021,-6.438536
net_cost_cbo_informed_sept29_low,ratio,v4_tenant_occupied_property,2022,-6.230474
net_cost_cbo_informed_sept29_low,ratio,v4_tenant_occupied_property,2023,-6.360899
net_cost_cbo_informed_sept29_low,ratio,v4_tenant_occupied_property,2024,-6.810763
net_cost_cbo_informed_sept29_low,ratio,v4_social_security_accrual,2005,60.167639
net_cost_cbo_informed_sept29_low,ratio,v4_social_security_accrual,2006,64.812211
net_cost_cbo_informed_sept29_low,ratio,v4_social_security_accrual,2007,67.355257
net_cost_cbo_informed_sept29_low,ratio,v4_social_security_accrual,2008,71.211275
net_cost_cbo_informed_sept29_low,ratio,v4_social_security_accrual,2009,70.188859
net_cost_cbo_informed_sept29_low,ratio,v4_social_security_accrual,2010,71.733842
net_cost_cbo_informed_sept29_low,ratio,v4_social_security_accrual,2011,61.950331
net_cost_cbo_informed_sept29_low,ratio,v4_social_security_accrual,2012,63.509828
net_cost_cbo_informed_sept29_low,ratio,v4_social_security_accrual,2013,77.549139
net_cost_cbo_informed_sept29_low,ratio,v4_social_security_accrual,2014,80.965546
net_cost_cbo_informed_sept29_low,ratio,v4_social_security_accrual,2015,84.59908
net_cost_cbo_informed_sept29_low,ratio,v4_social_security_accrual,2016,86.669142
net_cost_cbo_informed_sept29_low,ratio,v4_social_security_accrual,2017,89.862143
net_cost_cbo_informed_sept29_low,ratio,v4_social_security_accrual,2018,92.305047
net_cost_cbo_informed_sept29_low,ratio,v4_social_security_accrual,2019,95.27497
net_cost_cbo_informed_sept29_low,ratio,v4_social_security_accrual,2020,94.51838
net_cost_cbo_informed_sept29_low,ratio,v4_social_security_accrual,2021,97.133385
net_cost_cbo_informed_sept29_low,ratio,v4_social_security_accrual,2022,99.575085
net_cost_cbo_informed_sept29_low,ratio,v4_social_security_accrual,2023,103.200947
net_cost_cbo_informed_sept29_low,ratio,v4_social_security_accrual,2024,109.406993
net_cost_cbo_informed_sept29_low,ratio,v4_social_security_cash,2005,-24.180083
net_cost_cbo_informed_sept29_low,ratio,v4_social_security_cash,2006,-26.090654
net_cost_cbo_informed_sept29_low,ratio,v4_social_security_cash,2007,-27.396674
net_cost_cbo_informed_sept29_low,ratio,v4_social_security_cash,2008,-29.519213
net_cost_cbo_informed_sept29_low,ratio,v4_social_security_cash,2009,-32.89824
net_cost_cbo_informed_sept29_low,ratio,v4_social_security_cash,2010,-34.787196
net_cost_cbo_informed_sept29_low,ratio,v4_social_security_cash,2011,-35.613942
net_cost_cbo_informed_sept29_low,ratio,v4_social_security_cash,2012,-37.601144
net_cost_cbo_informed_sept29_low,ratio,v4_social_security_cash,2013,-39.090772
net_cost_cbo_informed_sept29_low,ratio,v4_social_security_cash,2014,-40.664899
net_cost_cbo_informed_sept29_low,ratio,v4_social_security_cash,2015,-42.319539
net_cost_cbo_informed_sept29_low,ratio,v4_social_security_cash,2016,-43.324226
net_cost_cbo_informed_sept29_low,ratio,v4_social_security_cash,2017,-44.161403
net_cost_cbo_informed_sept29_low,ratio,v4_social_security_cash,2018,-45.457608
net_cost_cbo_informed_sept29_low,ratio,v4_social_security_cash,2019,-47.41026
net_cost_cbo_informed_sept29_low,ratio,v4_social_security_cash,2020,-48.759632
net_cost_cbo_informed_sept29_low,ratio,v4_social_security_cash,2021,-48.15387
net_cost_cbo_informed_sept29_low,ratio,v4_social_security_cash,2022,-48.828393
net_cost_cbo_informed_sept29_low,ratio,v4_social_security_cash,2023,-53.118054
net_cost_cbo_informed_sept29_low,ratio,v4_social_security_cash,2024,-56.258695
net_cost_cbo_informed_sept29_low,ratio,v4_medicare_part_a_accrual,2005,21.694984
net_cost_cbo_informed_sept29_low,ratio,v4_medicare_part_a_accrual,2006,23.473104
net_cost_cbo_informed_sept29_low,ratio,v4_medicare_part_a_accrual,2007,24.60404
net_cost_cbo_informed_sept29_low,ratio,v4_medicare_part_a_accrual,2008,25.710079
net_cost_cbo_informed_sept29_low,ratio,v4_medicare_part_a_accrual,2009,24.965225
net_cost_cbo_informed_sept29_low,ratio,v4_medicare_part_a_accrual,2010,25.952815
net_cost_cbo_informed_sept29_low,ratio,v4_medicare_part_a_accrual,2011,26.628823
net_cost_cbo_informed_sept29_low,ratio,v4_medicare_part_a_accrual,2012,27.435178
net_cost_cbo_informed_sept29_low,ratio,v4_medicare_part_a_accrual,2013,28.853986
net_cost_cbo_informed_sept29_low,ratio,v4_medicare_part_a_accrual,2014,30.264806
net_cost_cbo_informed_sept29_low,ratio,v4_medicare_part_a_accrual,2015,31.720002
net_cost_cbo_informed_sept29_low,ratio,v4_medicare_part_a_accrual,2016,32.407806
net_cost_cbo_informed_sept29_low,ratio,v4_medicare_part_a_accrual,2017,33.55406
net_cost_cbo_informed_sept29_low,ratio,v4_medicare_part_a_accrual,2018,34.565883
net_cost_cbo_informed_sept29_low,ratio,v4_medicare_part_a_accrual,2019,35.655985
net_cost_cbo_informed_sept29_low,ratio,v4_medicare_part_a_accrual,2020,35.799914
net_cost_cbo_informed_sept29_low,ratio,v4_medicare_part_a_accrual,2021,37.504551
net_cost_cbo_informed_sept29_low,ratio,v4_medicare_part_a_accrual,2022,37.73154
net_cost_cbo_informed_sept29_low,ratio,v4_medicare_part_a_accrual,2023,38.699694
net_cost_cbo_informed_sept29_low,ratio,v4_medicare_part_a_accrual,2024,41.137128
net_cost_cbo_informed_sept29_low,ratio,v4_medicare_cash,2005,-7.190728
net_cost_cbo_informed_sept29_low,ratio,v4_medicare_cash,2006,-8.786111
net_cost_cbo_informed_sept29_low,ratio,v4_medicare_cash,2007,-9.355838
net_cost_cbo_informed_sept29_low,ratio,v4_medicare_cash,2008,-10.33086
net_cost_cbo_informed_sept29_low,ratio,v4_medicare_cash,2009,-11.204667
net_cost_cbo_informed_sept29_low,ratio,v4_medicare_cash,2010,-11.879719
net_cost_cbo_informed_sept29_low,ratio,v4_medicare_cash,2011,-12.27771
net_cost_cbo_informed_sept29_low,ratio,v4_medicare_cash,2012,-12.564899
net_cost_cbo_informed_sept29_low,ratio,v4_medicare_cash,2013,-12.865809
net_cost_cbo_informed_sept29_low,ratio,v4_medicare_cash,2014,-13.420687
net_cost_cbo_informed_sept29_low,ratio,v4_medicare_cash,2015,-14.150034
net_cost_cbo_informed_sept29_low,ratio,v4_medicare_cash,2016,-14.689968
net_cost_cbo_informed_sept29_low,ratio,v4_medicare_cash,2017,-15.14589
net_cost_cbo_informed_sept29_low,ratio,v4_medicare_cash,2018,-15.743278
net_cost_cbo_informed_sept29_low,ratio,v4_medicare_cash,2019,-16.692493
net_cost_cbo_informed_sept29_low,ratio,v4_medicare_cash,2020,-17.182349
net_cost_cbo_informed_sept29_low,ratio,v4_medicare_cash,2021,-17.57827
net_cost_cbo_informed_sept29_low,ratio,v4_medicare_cash,2022,-17.437917
net_cost_cbo_informed_sept29_low,ratio,v4_medicare_cash,2023,-18.417167
net_cost_cbo_informed_sept29_low,ratio,v4_medicare_cash,2024,-19.663109
net_cost_cbo_informed_sept29_low,ratio,v4_workers_compensation,2005,-1.460833
net_cost_cbo_informed_sept29_low,ratio,v4_workers_compensation,2006,-1.421977
net_cost_cbo_informed_sept29_low,ratio,v4_workers_compensation,2007,-1.404289
net_cost_cbo_informed_sept29_low,ratio,v4_workers_compensation,2008,-1.436006
net_cost_cbo_informed_sept29_low,ratio,v4_workers_compensation,2009,-1.466765
net_cost_cbo_informed_sept29_low,ratio,v4_workers_compensation,2010,-1.474444
net_cost_cbo_informed_sept29_low,ratio,v4_workers_compensation,2011,-1.40615
net_cost_cbo_informed_sept29_low,ratio,v4_workers_compensation,2012,-1.33133
net_cost_cbo_informed_sept29_low,ratio,v4_workers_compensation,2013,-1.312437
net_cost_cbo_informed_sept29_low,ratio,v4_workers_compensation,2014,-1.316334
net_cost_cbo_informed_sept29_low,ratio,v4_workers_compensation,2015,-1.262628
net_cost_cbo_informed_sept29_low,ratio,v4_workers_compensation,2016,-1.182431
net_cost_cbo_informed_sept29_low,ratio,v4_workers_compensation,2017,-1.095596
net_cost_cbo_informed_sept29_low,ratio,v4_workers_compensation,2018,-1.0343
net_cost_cbo_informed_sept29_low,ratio,v4_workers_compensation,2019,-1.028604
net_cost_cbo_informed_sept29_low,ratio,v4_workers_compensation,2020,-1.036942
net_cost_cbo_informed_sept29_low,ratio,v4_workers_compensation,2021,-1.007877
net_cost_cbo_informed_sept29_low,ratio,v4_workers_compensation,2022,-0.974899
net_cost_cbo_informed_sept29_low,ratio,v4_workers_compensation,2023,-0.951261
net_cost_cbo_informed_sept29_low,ratio,v4_workers_compensation,2024,-0.948248
net_cost_cbo_informed_sept29_low,ratio,v4_housing_subsidies,2005,-0.220231
net_cost_cbo_informed_sept29_low,ratio,v4_housing_subsidies,2006,-0.23165
net_cost_cbo_informed_sept29_low,ratio,v4_housing_subsidies,2007,-0.23721
net_cost_cbo_informed_sept29_low,ratio,v4_housing_subsidies,2008,-0.245969
net_cost_cbo_informed_sept29_low,ratio,v4_housing_subsidies,2009,-0.274958
net_cost_cbo_informed_sept29_low,ratio,v4_housing_subsidies,2010,-0.278095
net_cost_cbo_informed_sept29_low,ratio,v4_housing_subsidies,2011,-0.288653
net_cost_cbo_informed_sept29_low,ratio,v4_housing_subsidies,2012,-0.277323
net_cost_cbo_informed_sept29_low,ratio,v4_housing_subsidies,2013,-0.274415
net_cost_cbo_informed_sept29_low,ratio,v4_housing_subsidies,2014,-0.278171
net_cost_cbo_informed_sept29_low,ratio,v4_housing_subsidies,2015,-0.285785
net_cost_cbo_informed_sept29_low,ratio,v4_housing_subsidies,2016,-0.306479
net_cost_cbo_informed_sept29_low,ratio,v4_housing_subsidies,2017,-0.288089
net_cost_cbo_informed_sept29_low,ratio,v4_housing_subsidies,2018,-0.306793
net_cost_cbo_informed_sept29_low,ratio,v4_housing_subsidies,2019,-0.312164
net_cost_cbo_informed_sept29_low,ratio,v4_housing_subsidies,2020,-0.337263
net_cost_cbo_informed_sept29_low,ratio,v4_housing_subsidies,2021,-0.33052
net_cost_cbo_informed_sept29_low,ratio,v4_housing_subsidies,2022,-0.32687
net_cost_cbo_informed_sept29_low,ratio,v4_housing_subsidies,2023,-0.354112
net_cost_cbo_informed_sept29_low,ratio,v4_housing_subsidies,2024,-0.395426
net_cost_cbo_informed_sept29_low,ratio,v4_roads_vmt_sl,2005,1.339301
net_cost_cbo_informed_sept29_low,ratio,v4_roads_vmt_sl,2006,1.4428
net_cost_cbo_informed_sept29_low,ratio,v4_roads_vmt_sl,2007,1.542123
net_cost_cbo_informed_sept29_low,ratio,v4_roads_vmt_sl,2008,1.666687
net_cost_cbo_informed_sept29_low,ratio,v4_roads_vmt_sl,2009,1.742692
net_cost_cbo_informed_sept29_low,ratio,v4_roads_vmt_sl,2010,1.86144
net_cost_cbo_informed_sept29_low,ratio,v4_roads_vmt_sl,2011,1.792067
net_cost_cbo_informed_sept29_low,ratio,v4_roads_vmt_sl,2012,1.799002
net_cost_cbo_informed_sept29_low,ratio,v4_roads_vmt_sl,2013,1.787854
net_cost_cbo_informed_sept29_low,ratio,v4_roads_vmt_sl,2014,1.800179
net_cost_cbo_informed_sept29_low,ratio,v4_roads_vmt_sl,2015,1.832795
net_cost_cbo_informed_sept29_low,ratio,v4_roads_vmt_sl,2016,1.842085
net_cost_cbo_informed_sept29_low,ratio,v4_roads_vmt_sl,2017,1.860633
net_cost_cbo_informed_sept29_low,ratio,v4_roads_vmt_sl,2018,1.929453
net_cost_cbo_informed_sept29_low,ratio,v4_roads_vmt_sl,2019,1.966737
net_cost_cbo_informed_sept29_low,ratio,v4_roads_vmt_sl,2020,2.093392
net_cost_cbo_informed_sept29_low,ratio,v4_roads_vmt_sl,2021,2.165596
net_cost_cbo_informed_sept29_low,ratio,v4_roads_vmt_sl,2022,1.975726
net_cost_cbo_informed_sept29_low,ratio,v4_roads_vmt_sl,2023,2.077517
net_cost_cbo_informed_sept29_low,ratio,v4_roads_vmt_sl,2024,2.240437
net_cost_cbo_informed_sept29_low,ratio,v4_state_price_public_order_safety,2005,3.965503
net_cost_cbo_informed_sept29_low,ratio,v4_state_price_public_order_safety,2006,4.271391
net_cost_cbo_informed_sept29_low,ratio,v4_state_price_public_order_safety,2007,4.540088
net_cost_cbo_informed_sept29_low,ratio,v4_state_price_public_order_safety,2008,4.976384
net_cost_cbo_informed_sept29_low,ratio,v4_state_price_public_order_safety,2009,5.160955
net_cost_cbo_informed_sept29_low,ratio,v4_state_price_public_order_safety,2010,5.325699
net_cost_cbo_informed_sept29_low,ratio,v4_state_price_public_order_safety,2011,5.285089
net_cost_cbo_informed_sept29_low,ratio,v4_state_price_public_order_safety,2012,5.218946
net_cost_cbo_informed_sept29_low,ratio,v4_state_price_public_order_safety,2013,5.259246
net_cost_cbo_informed_sept29_low,ratio,v4_state_price_public_order_safety,2014,5.416172
net_cost_cbo_informed_sept29_low,ratio,v4_state_price_public_order_safety,2015,5.587511
net_cost_cbo_informed_sept29_low,ratio,v4_state_price_public_order_safety,2016,5.702635
net_cost_cbo_informed_sept29_low,ratio,v4_state_price_public_order_safety,2017,5.778418
net_cost_cbo_informed_sept29_low,ratio,v4_state_price_public_order_safety,2018,5.98692
net_cost_cbo_informed_sept29_low,ratio,v4_state_price_public_order_safety,2019,6.164208
net_cost_cbo_informed_sept29_low,ratio,v4_state_price_public_order_safety,2020,6.117848
net_cost_cbo_informed_sept29_low,ratio,v4_state_price_public_order_safety,2021,6.087745
net_cost_cbo_informed_sept29_low,ratio,v4_state_price_public_order_safety,2022,6.020063
net_cost_cbo_informed_sept29_low,ratio,v4_state_price_public_order_safety,2023,6.134277
net_cost_cbo_informed_sept29_low,ratio,v4_state_price_public_order_safety,2024,6.412327
net_cost_cbo_informed_sept29_low,ratio,v4_state_price_health_services,2005,0.753417
net_cost_cbo_informed_sept29_low,ratio,v4_state_price_health_services,2006,0.782122
net_cost_cbo_informed_sept29_low,ratio,v4_state_price_health_services,2007,0.873246
net_cost_cbo_informed_sept29_low,ratio,v4_state_price_health_services,2008,1.006597
net_cost_cbo_informed_sept29_low,ratio,v4_state_price_health_services,2009,1.070242
net_cost_cbo_informed_sept29_low,ratio,v4_state_price_health_services,2010,1.111723
net_cost_cbo_informed_sept29_low,ratio,v4_state_price_health_services,2011,1.135421
net_cost_cbo_informed_sept29_low,ratio,v4_state_price_health_services,2012,1.145527
net_cost_cbo_informed_sept29_low,ratio,v4_state_price_health_services,2013,1.18334
net_cost_cbo_informed_sept29_low,ratio,v4_state_price_health_services,2014,1.211267
net_cost_cbo_informed_sept29_low,ratio,v4_state_price_health_services,2015,1.249169
net_cost_cbo_informed_sept29_low,ratio,v4_state_price_health_services,2016,1.307727
net_cost_cbo_informed_sept29_low,ratio,v4_state_price_health_services,2017,1.262527
net_cost_cbo_informed_sept29_low,ratio,v4_state_price_health_services,2018,1.33092
net_cost_cbo_informed_sept29_low,ratio,v4_state_price_health_services,2019,1.462938
net_cost_cbo_informed_sept29_low,ratio,v4_state_price_health_services,2020,1.706024
net_cost_cbo_informed_sept29_low,ratio,v4_state_price_health_services,2021,1.774395
net_cost_cbo_informed_sept29_low,ratio,v4_state_price_health_services,2022,1.776037
net_cost_cbo_informed_sept29_low,ratio,v4_state_price_health_services,2023,1.738171
net_cost_cbo_informed_sept29_low,ratio,v4_state_price_health_services,2024,1.799632
net_cost_cbo_informed_sept29_low,ratio,v4_state_price_recreation_culture,2005,0.221888
net_cost_cbo_informed_sept29_low,ratio,v4_state_price_recreation_culture,2006,0.241796
net_cost_cbo_informed_sept29_low,ratio,v4_state_price_recreation_culture,2007,0.254105
net_cost_cbo_informed_sept29_low,ratio,v4_state_price_recreation_culture,2008,0.275388
net_cost_cbo_informed_sept29_low,ratio,v4_state_price_recreation_culture,2009,0.283474
net_cost_cbo_informed_sept29_low,ratio,v4_state_price_recreation_culture,2010,0.289584
net_cost_cbo_informed_sept29_low,ratio,v4_state_price_recreation_culture,2011,0.278378
net_cost_cbo_informed_sept29_low,ratio,v4_state_price_recreation_culture,2012,0.274103
net_cost_cbo_informed_sept29_low,ratio,v4_state_price_recreation_culture,2013,0.282006
net_cost_cbo_informed_sept29_low,ratio,v4_state_price_recreation_culture,2014,0.289907
net_cost_cbo_informed_sept29_low,ratio,v4_state_price_recreation_culture,2015,0.298306
net_cost_cbo_informed_sept29_low,ratio,v4_state_price_recreation_culture,2016,0.312766
net_cost_cbo_informed_sept29_low,ratio,v4_state_price_recreation_culture,2017,0.319081
net_cost_cbo_informed_sept29_low,ratio,v4_state_price_recreation_culture,2018,0.330473
net_cost_cbo_informed_sept29_low,ratio,v4_state_price_recreation_culture,2019,0.346015
net_cost_cbo_informed_sept29_low,ratio,v4_state_price_recreation_culture,2020,0.340592
net_cost_cbo_informed_sept29_low,ratio,v4_state_price_recreation_culture,2021,0.332162
net_cost_cbo_informed_sept29_low,ratio,v4_state_price_recreation_culture,2022,0.348171
net_cost_cbo_informed_sept29_low,ratio,v4_state_price_recreation_culture,2023,0.352476
net_cost_cbo_informed_sept29_low,ratio,v4_state_price_recreation_culture,2024,0.366364
net_cost_cbo_informed_sept29_low,ratio,v4_production_private,2005,0.248035
net_cost_cbo_informed_sept29_low,ratio,v4_production_private,2006,0.267221
net_cost_cbo_informed_sept29_low,ratio,v4_production_private,2007,0.277859
net_cost_cbo_informed_sept29_low,ratio,v4_production_private,2008,0.290421
net_cost_cbo_informed_sept29_low,ratio,v4_production_private,2009,0.289134
net_cost_cbo_informed_sept29_low,ratio,v4_production_private,2010,0.305956
net_cost_cbo_informed_sept29_low,ratio,v4_production_private,2011,0.314181
net_cost_cbo_informed_sept29_low,ratio,v4_production_private,2012,0.323458
net_cost_cbo_informed_sept29_low,ratio,v4_production_private,2013,0.333108
net_cost_cbo_informed_sept29_low,ratio,v4_production_private,2014,0.346039
net_cost_cbo_informed_sept29_low,ratio,v4_production_private,2015,0.358222
net_cost_cbo_informed_sept29_low,ratio,v4_production_private,2016,0.36657
net_cost_cbo_informed_sept29_low,ratio,v4_production_private,2017,0.377237
net_cost_cbo_informed_sept29_low,ratio,v4_production_private,2018,0.389498
net_cost_cbo_informed_sept29_low,ratio,v4_production_private,2019,0.399631
net_cost_cbo_informed_sept29_low,ratio,v4_production_private,2020,0.390009
net_cost_cbo_informed_sept29_low,ratio,v4_production_private,2021,0.413449
net_cost_cbo_informed_sept29_low,ratio,v4_production_private,2022,0.423569
net_cost_cbo_informed_sept29_low,ratio,v4_production_private,2023,0.439124
net_cost_cbo_informed_sept29_low,ratio,v4_production_private,2024,0.459157
net_cost_cbo_informed_sept29_low,ratio,v4_production_receipts,2005,0.639356
net_cost_cbo_informed_sept29_low,ratio,v4_production_receipts,2006,0.688811
net_cost_cbo_informed_sept29_low,ratio,v4_production_receipts,2007,0.716232
net_cost_cbo_informed_sept29_low,ratio,v4_production_receipts,2008,0.748615
net_cost_cbo_informed_sept29_low,ratio,v4_production_receipts,2009,0.745297
net_cost_cbo_informed_sept29_low,ratio,v4_production_receipts,2010,0.788658
net_cost_cbo_informed_sept29_low,ratio,v4_production_receipts,2011,0.80986
net_cost_cbo_informed_sept29_low,ratio,v4_production_receipts,2012,0.833773
net_cost_cbo_informed_sept29_low,ratio,v4_production_receipts,2013,0.858647
net_cost_cbo_informed_sept29_low,ratio,v4_production_receipts,2014,0.89198
net_cost_cbo_informed_sept29_low,ratio,v4_production_receipts,2015,0.923383
net_cost_cbo_informed_sept29_low,ratio,v4_production_receipts,2016,0.944902
net_cost_cbo_informed_sept29_low,ratio,v4_production_receipts,2017,0.972397
net_cost_cbo_informed_sept29_low,ratio,v4_production_receipts,2018,1.004002
net_cost_cbo_informed_sept29_low,ratio,v4_production_receipts,2019,1.030122
net_cost_cbo_informed_sept29_low,ratio,v4_production_receipts,2020,1.005319
net_cost_cbo_informed_sept29_low,ratio,v4_production_receipts,2021,1.065741
net_cost_cbo_informed_sept29_low,ratio,v4_production_receipts,2022,1.091826
net_cost_cbo_informed_sept29_low,ratio,v4_production_receipts,2023,1.131923
net_cost_cbo_informed_sept29_low,ratio,v4_production_receipts,2024,1.183562
net_cost_cbo_informed_sept29_low,ratio,v4_roads_vmt_fed,2005,0.0
net_cost_cbo_informed_sept29_low,ratio,v4_roads_vmt_fed,2006,0.0
net_cost_cbo_informed_sept29_low,ratio,v4_roads_vmt_fed,2007,0.0
net_cost_cbo_informed_sept29_low,ratio,v4_roads_vmt_fed,2008,0.0
net_cost_cbo_informed_sept29_low,ratio,v4_roads_vmt_fed,2009,0.0
net_cost_cbo_informed_sept29_low,ratio,v4_roads_vmt_fed,2010,0.0
net_cost_cbo_informed_sept29_low,ratio,v4_roads_vmt_fed,2011,0.0
net_cost_cbo_informed_sept29_low,ratio,v4_roads_vmt_fed,2012,0.0
net_cost_cbo_informed_sept29_low,ratio,v4_roads_vmt_fed,2013,0.0
net_cost_cbo_informed_sept29_low,ratio,v4_roads_vmt_fed,2014,0.0
net_cost_cbo_informed_sept29_low,ratio,v4_roads_vmt_fed,2015,0.0
net_cost_cbo_informed_sept29_low,ratio,v4_roads_vmt_fed,2016,0.0
net_cost_cbo_informed_sept29_low,ratio,v4_roads_vmt_fed,2017,0.0
net_cost_cbo_informed_sept29_low,ratio,v4_roads_vmt_fed,2018,0.0
net_cost_cbo_informed_sept29_low,ratio,v4_roads_vmt_fed,2019,0.0
net_cost_cbo_informed_sept29_low,ratio,v4_roads_vmt_fed,2020,0.0
net_cost_cbo_informed_sept29_low,ratio,v4_roads_vmt_fed,2021,0.0
net_cost_cbo_informed_sept29_low,ratio,v4_roads_vmt_fed,2022,0.0
net_cost_cbo_informed_sept29_low,ratio,v4_roads_vmt_fed,2023,0.0
net_cost_cbo_informed_sept29_low,ratio,v4_roads_vmt_fed,2024,0.0
net_cost_cbo_informed_sept29_low,ratio,capital_core,2005,6.595808
net_cost_cbo_informed_sept29_low,ratio,capital_core,2006,7.471965
net_cost_cbo_informed_sept29_low,ratio,capital_core,2007,8.121127
net_cost_cbo_informed_sept29_low,ratio,capital_core,2008,9.079805
net_cost_cbo_informed_sept29_low,ratio,capital_core,2009,9.717331
net_cost_cbo_informed_sept29_low,ratio,capital_core,2010,10.03789
net_cost_cbo_informed_sept29_low,ratio,capital_core,2011,10.374833
net_cost_cbo_informed_sept29_low,ratio,capital_core,2012,10.679845
net_cost_cbo_informed_sept29_low,ratio,capital_core,2013,10.984067
net_cost_cbo_informed_sept29_low,ratio,capital_core,2014,11.380733
net_cost_cbo_informed_sept29_low,ratio,capital_core,2015,11.70022
net_cost_cbo_informed_sept29_low,ratio,capital_core,2016,11.9537
net_cost_cbo_informed_sept29_low,ratio,capital_core,2017,12.218906
net_cost_cbo_informed_sept29_low,ratio,capital_core,2018,12.683867
net_cost_cbo_informed_sept29_low,ratio,capital_core,2019,13.257913
net_cost_cbo_informed_sept29_low,ratio,capital_core,2020,13.596976
net_cost_cbo_informed_sept29_low,ratio,capital_core,2021,13.963867
net_cost_cbo_informed_sept29_low,ratio,capital_core,2022,14.959496
net_cost_cbo_informed_sept29_low,ratio,capital_core,2023,15.755942
net_cost_cbo_informed_sept29_low,ratio,capital_core,2024,15.994251
net_cost_cbo_informed_sept29_low,ratio,capital_block,2005,3.361789
net_cost_cbo_informed_sept29_low,ratio,capital_block,2006,3.860234
net_cost_cbo_informed_sept29_low,ratio,capital_block,2007,4.310517
net_cost_cbo_informed_sept29_low,ratio,capital_block,2008,4.794487
net_cost_cbo_informed_sept29_low,ratio,capital_block,2009,5.025155
net_cost_cbo_informed_sept29_low,ratio,capital_block,2010,5.216665
net_cost_cbo_informed_sept29_low,ratio,capital_block,2011,5.421053
net_cost_cbo_informed_sept29_low,ratio,capital_block,2012,5.638844
net_cost_cbo_informed_sept29_low,ratio,capital_block,2013,5.791768
net_cost_cbo_informed_sept29_low,ratio,capital_block,2014,5.888814
net_cost_cbo_informed_sept29_low,ratio,capital_block,2015,5.930291
net_cost_cbo_informed_sept29_low,ratio,capital_block,2016,6.036025
net_cost_cbo_informed_sept29_low,ratio,capital_block,2017,6.196879
net_cost_cbo_informed_sept29_low,ratio,capital_block,2018,6.361902
net_cost_cbo_informed_sept29_low,ratio,capital_block,2019,6.507652
net_cost_cbo_informed_sept29_low,ratio,capital_block,2020,6.595121
net_cost_cbo_informed_sept29_low,ratio,capital_block,2021,6.761305
net_cost_cbo_informed_sept29_low,ratio,capital_block,2022,6.842226
net_cost_cbo_informed_sept29_low,ratio,capital_block,2023,6.958958
net_cost_cbo_informed_sept29_low,ratio,capital_block,2024,7.156604
net_cost_cbo_informed_sept29_low,ratio,capital_enterprise,2005,5.091825
net_cost_cbo_informed_sept29_low,ratio,capital_enterprise,2006,5.671809
net_cost_cbo_informed_sept29_low,ratio,capital_enterprise,2007,6.120421
net_cost_cbo_informed_sept29_low,ratio,capital_enterprise,2008,6.660644
net_cost_cbo_informed_sept29_low,ratio,capital_enterprise,2009,6.959374
net_cost_cbo_informed_sept29_low,ratio,capital_enterprise,2010,7.303035
net_cost_cbo_informed_sept29_low,ratio,capital_enterprise,2011,7.638625
net_cost_cbo_informed_sept29_low,ratio,capital_enterprise,2012,7.912904
net_cost_cbo_informed_sept29_low,ratio,capital_enterprise,2013,8.145397
net_cost_cbo_informed_sept29_low,ratio,capital_enterprise,2014,8.411184
net_cost_cbo_informed_sept29_low,ratio,capital_enterprise,2015,8.624488
net_cost_cbo_informed_sept29_low,ratio,capital_enterprise,2016,8.855927
net_cost_cbo_informed_sept29_low,ratio,capital_enterprise,2017,9.107807
net_cost_cbo_informed_sept29_low,ratio,capital_enterprise,2018,9.376753
net_cost_cbo_informed_sept29_low,ratio,capital_enterprise,2019,9.636891
net_cost_cbo_informed_sept29_low,ratio,capital_enterprise,2020,9.843125
net_cost_cbo_informed_sept29_low,ratio,capital_enterprise,2021,10.240256
net_cost_cbo_informed_sept29_low,ratio,capital_enterprise,2022,10.640487
net_cost_cbo_informed_sept29_low,ratio,capital_enterprise,2023,11.005218
net_cost_cbo_informed_sept29_low,ratio,capital_enterprise,2024,11.271841
net_cost_cbo_informed_sept29_low,income,base,2005,135.954951
net_cost_cbo_informed_sept29_low,income,base,2006,139.22989
net_cost_cbo_informed_sept29_low,income,base,2007,151.108056
net_cost_cbo_informed_sept29_low,income,base,2008,195.197331
net_cost_cbo_informed_sept29_low,income,base,2009,261.333221
net_cost_cbo_informed_sept29_low,income,base,2010,277.886688
net_cost_cbo_informed_sept29_low,income,base,2011,270.762301
net_cost_cbo_informed_sept29_low,income,base,2012,256.238508
net_cost_cbo_informed_sept29_low,income,base,2013,227.179336
net_cost_cbo_informed_sept29_low,income,base,2014,220.332149
net_cost_cbo_informed_sept29_low,income,base,2015,216.448332
net_cost_cbo_informed_sept29_low,income,base,2016,222.15776
net_cost_cbo_informed_sept29_low,income,base,2017,219.291276
net_cost_cbo_informed_sept29_low,income,base,2018,228.316286
net_cost_cbo_informed_sept29_low,income,base,2019,236.139254
net_cost_cbo_informed_sept29_low,income,base,2020,378.026881
net_cost_cbo_informed_sept29_low,income,base,2021,338.602398
net_cost_cbo_informed_sept29_low,income,base,2022,196.097443
net_cost_cbo_informed_sept29_low,income,base,2023,247.237246
net_cost_cbo_informed_sept29_low,income,base,2024,258.488496
net_cost_cbo_informed_sept29_low,income,long_run_economic_affairs_services,2005,8.362944
net_cost_cbo_informed_sept29_low,income,long_run_economic_affairs_services,2006,9.009217
net_cost_cbo_informed_sept29_low,income,long_run_economic_affairs_services,2007,9.629417
net_cost_cbo_informed_sept29_low,income,long_run_economic_affairs_services,2008,10.407227
net_cost_cbo_informed_sept29_low,income,long_run_economic_affairs_services,2009,10.881823
net_cost_cbo_informed_sept29_low,income,long_run_economic_affairs_services,2010,11.623316
net_cost_cbo_informed_sept29_low,income,long_run_economic_affairs_services,2011,11.19013
net_cost_cbo_informed_sept29_low,income,long_run_economic_affairs_services,2012,11.233433
net_cost_cbo_informed_sept29_low,income,long_run_economic_affairs_services,2013,11.163827
net_cost_cbo_informed_sept29_low,income,long_run_economic_affairs_services,2014,11.240788
net_cost_cbo_informed_sept29_low,income,long_run_economic_affairs_services,2015,11.444448
net_cost_cbo_informed_sept29_low,income,long_run_economic_affairs_services,2016,11.50246
net_cost_cbo_informed_sept29_low,income,long_run_economic_affairs_services,2017,11.618278
net_cost_cbo_informed_sept29_low,income,long_run_economic_affairs_services,2018,12.048008
net_cost_cbo_informed_sept29_low,income,long_run_economic_affairs_services,2019,12.280815
net_cost_cbo_informed_sept29_low,income,long_run_economic_affairs_services,2020,13.071685
net_cost_cbo_informed_sept29_low,income,long_run_economic_affairs_services,2021,13.522543
net_cost_cbo_informed_sept29_low,income,long_run_economic_affairs_services,2022,12.336948
net_cost_cbo_informed_sept29_low,income,long_run_economic_affairs_services,2023,12.972557
net_cost_cbo_informed_sept29_low,income,long_run_economic_affairs_services,2024,13.989872
net_cost_cbo_informed_sept29_low,income,long_run_recreation_culture,2005,3.301166
net_cost_cbo_informed_sept29_low,income,long_run_recreation_culture,2006,3.597348
net_cost_cbo_informed_sept29_low,income,long_run_recreation_culture,2007,3.78048
net_cost_cbo_informed_sept29_low,income,long_run_recreation_culture,2008,4.097119
net_cost_cbo_informed_sept29_low,income,long_run_recreation_culture,2009,4.217419
net_cost_cbo_informed_sept29_low,income,long_run_recreation_culture,2010,4.308325
net_cost_cbo_informed_sept29_low,income,long_run_recreation_culture,2011,4.141602
net_cost_cbo_informed_sept29_low,income,long_run_recreation_culture,2012,4.077996
net_cost_cbo_informed_sept29_low,income,long_run_recreation_culture,2013,4.195579
net_cost_cbo_informed_sept29_low,income,long_run_recreation_culture,2014,4.313122
net_cost_cbo_informed_sept29_low,income,long_run_recreation_culture,2015,4.43809
net_cost_cbo_informed_sept29_low,income,long_run_recreation_culture,2016,4.65322
net_cost_cbo_informed_sept29_low,income,long_run_recreation_culture,2017,4.747169
net_cost_cbo_informed_sept29_low,income,long_run_recreation_culture,2018,4.916656
net_cost_cbo_informed_sept29_low,income,long_run_recreation_culture,2019,5.147876
net_cost_cbo_informed_sept29_low,income,long_run_recreation_culture,2020,5.067192
net_cost_cbo_informed_sept29_low,income,long_run_recreation_culture,2021,4.941775
net_cost_cbo_informed_sept29_low,income,long_run_recreation_culture,2022,5.179955
net_cost_cbo_informed_sept29_low,income,long_run_recreation_culture,2023,5.244006
net_cost_cbo_informed_sept29_low,income,long_run_recreation_culture,2024,5.450626
net_cost_cbo_informed_sept29_low,income,rental_assistance,2005,2.524119
net_cost_cbo_informed_sept29_low,income,rental_assistance,2006,2.655
net_cost_cbo_informed_sept29_low,income,rental_assistance,2007,2.718717
net_cost_cbo_informed_sept29_low,income,rental_assistance,2008,2.819105
net_cost_cbo_informed_sept29_low,income,rental_assistance,2009,3.151353
net_cost_cbo_informed_sept29_low,income,rental_assistance,2010,3.187315
net_cost_cbo_informed_sept29_low,income,rental_assistance,2011,3.308314
net_cost_cbo_informed_sept29_low,income,rental_assistance,2012,3.178466
net_cost_cbo_informed_sept29_low,income,rental_assistance,2013,3.14514
net_cost_cbo_informed_sept29_low,income,rental_assistance,2014,3.188178
net_cost_cbo_informed_sept29_low,income,rental_assistance,2015,3.275448
net_cost_cbo_informed_sept29_low,income,rental_assistance,2016,3.512629
net_cost_cbo_informed_sept29_low,income,rental_assistance,2017,3.301851
net_cost_cbo_informed_sept29_low,income,rental_assistance,2018,3.516221
net_cost_cbo_informed_sept29_low,income,rental_assistance,2019,3.577785
net_cost_cbo_informed_sept29_low,income,rental_assistance,2020,3.865451
net_cost_cbo_informed_sept29_low,income,rental_assistance,2021,3.788167
net_cost_cbo_informed_sept29_low,income,rental_assistance,2022,3.746339
net_cost_cbo_informed_sept29_low,income,rental_assistance,2023,4.058563
net_cost_cbo_informed_sept29_low,income,rental_assistance,2024,4.532066
net_cost_cbo_informed_sept29_low,income,enterprise_surplus,2005,0.490534
net_cost_cbo_informed_sept29_low,income,enterprise_surplus,2006,0.853953
net_cost_cbo_informed_sept29_low,income,enterprise_surplus,2007,1.847371
net_cost_cbo_informed_sept29_low,income,enterprise_surplus,2008,2.459287
net_cost_cbo_informed_sept29_low,income,enterprise_surplus,2009,2.173422
net_cost_cbo_informed_sept29_low,income,enterprise_surplus,2010,2.819135
net_cost_cbo_informed_sept29_low,income,enterprise_surplus,2011,2.686704
net_cost_cbo_informed_sept29_low,income,enterprise_surplus,2012,2.030378
net_cost_cbo_informed_sept29_low,income,enterprise_surplus,2013,2.012881
net_cost_cbo_informed_sept29_low,income,enterprise_surplus,2014,1.245274
net_cost_cbo_informed_sept29_low,income,enterprise_surplus,2015,0.416792
net_cost_cbo_informed_sept29_low,income,enterprise_surplus,2016,0.313938
net_cost_cbo_informed_sept29_low,income,enterprise_surplus,2017,0.611643
net_cost_cbo_informed_sept29_low,income,enterprise_surplus,2018,0.647385
net_cost_cbo_informed_sept29_low,income,enterprise_surplus,2019,1.684152
net_cost_cbo_informed_sept29_low,income,enterprise_surplus,2020,0.417716
net_cost_cbo_informed_sept29_low,income,enterprise_surplus,2021,1.424219
net_cost_cbo_informed_sept29_low,income,enterprise_surplus,2022,1.946247
net_cost_cbo_informed_sept29_low,income,enterprise_surplus,2023,5.538794
net_cost_cbo_informed_sept29_low,income,enterprise_surplus,2024,5.561143
net_cost_cbo_informed_sept29_low,income,v4_federal_income_tax,2005,-0.385843
net_cost_cbo_informed_sept29_low,income,v4_federal_income_tax,2006,-0.441987
net_cost_cbo_informed_sept29_low,income,v4_federal_income_tax,2007,-0.486471
net_cost_cbo_informed_sept29_low,income,v4_federal_income_tax,2008,-0.500726
net_cost_cbo_informed_sept29_low,income,v4_federal_income_tax,2009,-0.374534
net_cost_cbo_informed_sept29_low,income,v4_federal_income_tax,2010,-0.415178
net_cost_cbo_informed_sept29_low,income,v4_federal_income_tax,2011,-0.492881
net_cost_cbo_informed_sept29_low,income,v4_federal_income_tax,2012,-0.502352
net_cost_cbo_informed_sept29_low,income,v4_federal_income_tax,2013,-0.556413
net_cost_cbo_informed_sept29_low,income,v4_federal_income_tax,2014,-0.597039
net_cost_cbo_informed_sept29_low,income,v4_federal_income_tax,2015,-0.649456
net_cost_cbo_informed_sept29_low,income,v4_federal_income_tax,2016,-0.653054
net_cost_cbo_informed_sept29_low,income,v4_federal_income_tax,2017,-0.671519
net_cost_cbo_informed_sept29_low,income,v4_federal_income_tax,2018,-0.658776
net_cost_cbo_informed_sept29_low,income,v4_federal_income_tax,2019,-0.683057
net_cost_cbo_informed_sept29_low,income,v4_federal_income_tax,2020,-0.68747
net_cost_cbo_informed_sept29_low,income,v4_federal_income_tax,2021,-0.802428
net_cost_cbo_informed_sept29_low,income,v4_federal_income_tax,2022,-0.916666
net_cost_cbo_informed_sept29_low,income,v4_federal_income_tax,2023,-0.778633
net_cost_cbo_informed_sept29_low,income,v4_federal_income_tax,2024,-0.815133
net_cost_cbo_informed_sept29_low,income,v4_state_local_income_tax,2005,-0.008813
net_cost_cbo_informed_sept29_low,income,v4_state_local_income_tax,2006,-0.009866
net_cost_cbo_informed_sept29_low,income,v4_state_local_income_tax,2007,-0.010509
net_cost_cbo_informed_sept29_low,income,v4_state_local_income_tax,2008,-0.011122
net_cost_cbo_informed_sept29_low,income,v4_state_local_income_tax,2009,-0.009619
net_cost_cbo_informed_sept29_low,income,v4_state_local_income_tax,2010,-0.010052
net_cost_cbo_informed_sept29_low,income,v4_state_local_income_tax,2011,-0.011018
net_cost_cbo_informed_sept29_low,income,v4_state_local_income_tax,2012,-0.01159
net_cost_cbo_informed_sept29_low,income,v4_state_local_income_tax,2013,-0.012627
net_cost_cbo_informed_sept29_low,income,v4_state_local_income_tax,2014,-0.012804
net_cost_cbo_informed_sept29_low,income,v4_state_local_income_tax,2015,-0.013671
net_cost_cbo_informed_sept29_low,income,v4_state_local_income_tax,2016,-0.013661
net_cost_cbo_informed_sept29_low,income,v4_state_local_income_tax,2017,-0.014339
net_cost_cbo_informed_sept29_low,income,v4_state_local_income_tax,2018,-0.014818
net_cost_cbo_informed_sept29_low,income,v4_state_local_income_tax,2019,-0.015854
net_cost_cbo_informed_sept29_low,income,v4_state_local_income_tax,2020,-0.015872
net_cost_cbo_informed_sept29_low,income,v4_state_local_income_tax,2021,-0.017018
net_cost_cbo_informed_sept29_low,income,v4_state_local_income_tax,2022,-0.01797
net_cost_cbo_informed_sept29_low,income,v4_state_local_income_tax,2023,-0.015051
net_cost_cbo_informed_sept29_low,income,v4_state_local_income_tax,2024,-0.015631
net_cost_cbo_informed_sept29_low,income,v4_personal_motor_vehicle,2005,-0.321385
net_cost_cbo_informed_sept29_low,income,v4_personal_motor_vehicle,2006,-0.34074
net_cost_cbo_informed_sept29_low,income,v4_personal_motor_vehicle,2007,-0.345015
net_cost_cbo_informed_sept29_low,income,v4_personal_motor_vehicle,2008,-0.350309
net_cost_cbo_informed_sept29_low,income,v4_personal_motor_vehicle,2009,-0.368949
net_cost_cbo_informed_sept29_low,income,v4_personal_motor_vehicle,2010,-0.39702
net_cost_cbo_informed_sept29_low,income,v4_personal_motor_vehicle,2011,-0.409108
net_cost_cbo_informed_sept29_low,income,v4_personal_motor_vehicle,2012,-0.422622
net_cost_cbo_informed_sept29_low,income,v4_personal_motor_vehicle,2013,-0.420916
net_cost_cbo_informed_sept29_low,income,v4_personal_motor_vehicle,2014,-0.429531
net_cost_cbo_informed_sept29_low,income,v4_personal_motor_vehicle,2015,-0.441639
net_cost_cbo_informed_sept29_low,income,v4_personal_motor_vehicle,2016,-0.453413
net_cost_cbo_informed_sept29_low,income,v4_personal_motor_vehicle,2017,-0.459297
net_cost_cbo_informed_sept29_low,income,v4_personal_motor_vehicle,2018,-0.478381
net_cost_cbo_informed_sept29_low,income,v4_personal_motor_vehicle,2019,-0.476409
net_cost_cbo_informed_sept29_low,income,v4_personal_motor_vehicle,2020,-0.481465
net_cost_cbo_informed_sept29_low,income,v4_personal_motor_vehicle,2021,-0.507392
net_cost_cbo_informed_sept29_low,income,v4_personal_motor_vehicle,2022,-0.466255
net_cost_cbo_informed_sept29_low,income,v4_personal_motor_vehicle,2023,-0.466277
net_cost_cbo_informed_sept29_low,income,v4_personal_motor_vehicle,2024,-0.490665
net_cost_cbo_informed_sept29_low,income,v4_personal_property_tax,2005,-0.767467
net_cost_cbo_informed_sept29_low,income,v4_personal_property_tax,2006,-0.836178
net_cost_cbo_informed_sept29_low,income,v4_personal_property_tax,2007,-0.867039
net_cost_cbo_informed_sept29_low,income,v4_personal_property_tax,2008,-0.90142
net_cost_cbo_informed_sept29_low,income,v4_personal_property_tax,2009,-0.97587
net_cost_cbo_informed_sept29_low,income,v4_personal_property_tax,2010,-1.016382
net_cost_cbo_informed_sept29_low,income,v4_personal_property_tax,2011,-0.977471
net_cost_cbo_informed_sept29_low,income,v4_personal_property_tax,2012,-0.961808
net_cost_cbo_informed_sept29_low,income,v4_personal_property_tax,2013,-0.989719
net_cost_cbo_informed_sept29_low,income,v4_personal_property_tax,2014,-1.032259
net_cost_cbo_informed_sept29_low,income,v4_personal_property_tax,2015,-1.080006
net_cost_cbo_informed_sept29_low,income,v4_personal_property_tax,2016,-1.120791
net_cost_cbo_informed_sept29_low,income,v4_personal_property_tax,2017,-1.153543
net_cost_cbo_informed_sept29_low,income,v4_personal_property_tax,2018,-1.186945
net_cost_cbo_informed_sept29_low,income,v4_personal_property_tax,2019,-1.225157
net_cost_cbo_informed_sept29_low,income,v4_personal_property_tax,2020,-1.251459
net_cost_cbo_informed_sept29_low,income,v4_personal_property_tax,2021,-1.259608
net_cost_cbo_informed_sept29_low,income,v4_personal_property_tax,2022,-1.245613
net_cost_cbo_informed_sept29_low,income,v4_personal_property_tax,2023,-1.252359
net_cost_cbo_informed_sept29_low,income,v4_personal_property_tax,2024,-1.325841
net_cost_cbo_informed_sept29_low,income,v4_other_personal_tax,2005,-0.000208
net_cost_cbo_informed_sept29_low,income,v4_other_personal_tax,2006,-0.000201
net_cost_cbo_informed_sept29_low,income,v4_other_personal_tax,2007,-0.000192
net_cost_cbo_informed_sept29_low,income,v4_other_personal_tax,2008,-0.000179
net_cost_cbo_informed_sept29_low,income,v4_other_personal_tax,2009,-0.000148
net_cost_cbo_informed_sept29_low,income,v4_other_personal_tax,2010,-0.000162
net_cost_cbo_informed_sept29_low,income,v4_other_personal_tax,2011,-0.000166
net_cost_cbo_informed_sept29_low,income,v4_other_personal_tax,2012,-0.000182
net_cost_cbo_informed_sept29_low,income,v4_other_personal_tax,2013,-0.000191
net_cost_cbo_informed_sept29_low,income,v4_other_personal_tax,2014,-0.000197
net_cost_cbo_informed_sept29_low,income,v4_other_personal_tax,2015,-0.000208
net_cost_cbo_informed_sept29_low,income,v4_other_personal_tax,2016,-0.000211
net_cost_cbo_informed_sept29_low,income,v4_other_personal_tax,2017,-0.00021
net_cost_cbo_informed_sept29_low,income,v4_other_personal_tax,2018,-0.00023
net_cost_cbo_informed_sept29_low,income,v4_other_personal_tax,2019,-0.000228
net_cost_cbo_informed_sept29_low,income,v4_other_personal_tax,2020,-0.000241
net_cost_cbo_informed_sept29_low,income,v4_other_personal_tax,2021,-0.000324
net_cost_cbo_informed_sept29_low,income,v4_other_personal_tax,2022,-0.000243
net_cost_cbo_informed_sept29_low,income,v4_other_personal_tax,2023,-0.000233
net_cost_cbo_informed_sept29_low,income,v4_other_personal_tax,2024,-0.000283
net_cost_cbo_informed_sept29_low,income,v4_employee_oasdi,2005,-0.013871
net_cost_cbo_informed_sept29_low,income,v4_employee_oasdi,2006,-0.014938
net_cost_cbo_informed_sept29_low,income,v4_employee_oasdi,2007,-0.015527
net_cost_cbo_informed_sept29_low,income,v4_employee_oasdi,2008,-0.016431
net_cost_cbo_informed_sept29_low,income,v4_employee_oasdi,2009,-0.016172
net_cost_cbo_informed_sept29_low,income,v4_employee_oasdi,2010,-0.016631
net_cost_cbo_informed_sept29_low,income,v4_employee_oasdi,2011,-0.011457
net_cost_cbo_informed_sept29_low,income,v4_employee_oasdi,2012,-0.011764
net_cost_cbo_informed_sept29_low,income,v4_employee_oasdi,2013,-0.01791
net_cost_cbo_informed_sept29_low,income,v4_employee_oasdi,2014,-0.018659
net_cost_cbo_informed_sept29_low,income,v4_employee_oasdi,2015,-0.019497
net_cost_cbo_informed_sept29_low,income,v4_employee_oasdi,2016,-0.019986
net_cost_cbo_informed_sept29_low,income,v4_employee_oasdi,2017,-0.02076
net_cost_cbo_informed_sept29_low,income,v4_employee_oasdi,2018,-0.021329
net_cost_cbo_informed_sept29_low,income,v4_employee_oasdi,2019,-0.022023
net_cost_cbo_informed_sept29_low,income,v4_employee_oasdi,2020,-0.021831
net_cost_cbo_informed_sept29_low,income,v4_employee_oasdi,2021,-0.022501
net_cost_cbo_informed_sept29_low,income,v4_employee_oasdi,2022,-0.022994
net_cost_cbo_informed_sept29_low,income,v4_employee_oasdi,2023,-0.023877
net_cost_cbo_informed_sept29_low,income,v4_employee_oasdi,2024,-0.025397
net_cost_cbo_informed_sept29_low,income,v4_employee_hi,2005,-0.006771
net_cost_cbo_informed_sept29_low,income,v4_employee_hi,2006,-0.007328
net_cost_cbo_informed_sept29_low,income,v4_employee_hi,2007,-0.007687
net_cost_cbo_informed_sept29_low,income,v4_employee_hi,2008,-0.008037
net_cost_cbo_informed_sept29_low,income,v4_employee_hi,2009,-0.007794
net_cost_cbo_informed_sept29_low,income,v4_employee_hi,2010,-0.008132
net_cost_cbo_informed_sept29_low,income,v4_employee_hi,2011,-0.008374
net_cost_cbo_informed_sept29_low,income,v4_employee_hi,2012,-0.008643
net_cost_cbo_informed_sept29_low,income,v4_employee_hi,2013,-0.009312
net_cost_cbo_informed_sept29_low,income,v4_employee_hi,2014,-0.009758
net_cost_cbo_informed_sept29_low,income,v4_employee_hi,2015,-0.010236
net_cost_cbo_informed_sept29_low,income,v4_employee_hi,2016,-0.010453
net_cost_cbo_informed_sept29_low,income,v4_employee_hi,2017,-0.010868
net_cost_cbo_informed_sept29_low,income,v4_employee_hi,2018,-0.011204
net_cost_cbo_informed_sept29_low,income,v4_employee_hi,2019,-0.011574
net_cost_cbo_informed_sept29_low,income,v4_employee_hi,2020,-0.011652
net_cost_cbo_informed_sept29_low,income,v4_employee_hi,2021,-0.01229
net_cost_cbo_informed_sept29_low,income,v4_employee_hi,2022,-0.012309
net_cost_cbo_informed_sept29_low,income,v4_employee_hi,2023,-0.012644
net_cost_cbo_informed_sept29_low,income,v4_employee_hi,2024,-0.013496
net_cost_cbo_informed_sept29_low,income,v4_self_employment_oasdi_hi,2005,0.485696
net_cost_cbo_informed_sept29_low,income,v4_self_employment_oasdi_hi,2006,0.52633
net_cost_cbo_informed_sept29_low,income,v4_self_employment_oasdi_hi,2007,0.546806
net_cost_cbo_informed_sept29_low,income,v4_self_employment_oasdi_hi,2008,0.567105
net_cost_cbo_informed_sept29_low,income,v4_self_employment_oasdi_hi,2009,0.570108
net_cost_cbo_informed_sept29_low,income,v4_self_employment_oasdi_hi,2010,0.573172
net_cost_cbo_informed_sept29_low,income,v4_self_employment_oasdi_hi,2011,0.538186
net_cost_cbo_informed_sept29_low,income,v4_self_employment_oasdi_hi,2012,0.536528
net_cost_cbo_informed_sept29_low,income,v4_self_employment_oasdi_hi,2013,0.612267
net_cost_cbo_informed_sept29_low,income,v4_self_employment_oasdi_hi,2014,0.661117
net_cost_cbo_informed_sept29_low,income,v4_self_employment_oasdi_hi,2015,0.688074
net_cost_cbo_informed_sept29_low,income,v4_self_employment_oasdi_hi,2016,0.694632
net_cost_cbo_informed_sept29_low,income,v4_self_employment_oasdi_hi,2017,0.700755
net_cost_cbo_informed_sept29_low,income,v4_self_employment_oasdi_hi,2018,0.719818
net_cost_cbo_informed_sept29_low,income,v4_self_employment_oasdi_hi,2019,0.736004
net_cost_cbo_informed_sept29_low,income,v4_self_employment_oasdi_hi,2020,0.73668
net_cost_cbo_informed_sept29_low,income,v4_self_employment_oasdi_hi,2021,0.726859
net_cost_cbo_informed_sept29_low,income,v4_self_employment_oasdi_hi,2022,0.771385
net_cost_cbo_informed_sept29_low,income,v4_self_employment_oasdi_hi,2023,0.765896
net_cost_cbo_informed_sept29_low,income,v4_self_employment_oasdi_hi,2024,0.783375
net_cost_cbo_informed_sept29_low,income,v4_employer_oasdi,2005,-0.01398
net_cost_cbo_informed_sept29_low,income,v4_employer_oasdi,2006,-0.015051
net_cost_cbo_informed_sept29_low,income,v4_employer_oasdi,2007,-0.01564
net_cost_cbo_informed_sept29_low,income,v4_employer_oasdi,2008,-0.01656
net_cost_cbo_informed_sept29_low,income,v4_employer_oasdi,2009,-0.016305
net_cost_cbo_informed_sept29_low,income,v4_employer_oasdi,2010,-0.016596
net_cost_cbo_informed_sept29_low,income,v4_employer_oasdi,2011,-0.017078
net_cost_cbo_informed_sept29_low,income,v4_employer_oasdi,2012,-0.017545
net_cost_cbo_informed_sept29_low,income,v4_employer_oasdi,2013,-0.018038
net_cost_cbo_informed_sept29_low,income,v4_employer_oasdi,2014,-0.018791
net_cost_cbo_informed_sept29_low,income,v4_employer_oasdi,2015,-0.019643
net_cost_cbo_informed_sept29_low,income,v4_employer_oasdi,2016,-0.02015
net_cost_cbo_informed_sept29_low,income,v4_employer_oasdi,2017,-0.020928
net_cost_cbo_informed_sept29_low,income,v4_employer_oasdi,2018,-0.021491
net_cost_cbo_informed_sept29_low,income,v4_employer_oasdi,2019,-0.022201
net_cost_cbo_informed_sept29_low,income,v4_employer_oasdi,2020,-0.022018
net_cost_cbo_informed_sept29_low,income,v4_employer_oasdi,2021,-0.022673
net_cost_cbo_informed_sept29_low,income,v4_employer_oasdi,2022,-0.023218
net_cost_cbo_informed_sept29_low,income,v4_employer_oasdi,2023,-0.024142
net_cost_cbo_informed_sept29_low,income,v4_employer_oasdi,2024,-0.025616
net_cost_cbo_informed_sept29_low,income,v4_employer_hi,2005,-0.00657
net_cost_cbo_informed_sept29_low,income,v4_employer_hi,2006,-0.007104
net_cost_cbo_informed_sept29_low,income,v4_employer_hi,2007,-0.007448
net_cost_cbo_informed_sept29_low,income,v4_employer_hi,2008,-0.007785
net_cost_cbo_informed_sept29_low,income,v4_employer_hi,2009,-0.00754
net_cost_cbo_informed_sept29_low,income,v4_employer_hi,2010,-0.007838
net_cost_cbo_informed_sept29_low,income,v4_employer_hi,2011,-0.008086
net_cost_cbo_informed_sept29_low,income,v4_employer_hi,2012,-0.008343
net_cost_cbo_informed_sept29_low,income,v4_employer_hi,2013,-0.008481
net_cost_cbo_informed_sept29_low,income,v4_employer_hi,2014,-0.008877
net_cost_cbo_informed_sept29_low,income,v4_employer_hi,2015,-0.009301
net_cost_cbo_informed_sept29_low,income,v4_employer_hi,2016,-0.009521
net_cost_cbo_informed_sept29_low,income,v4_employer_hi,2017,-0.009841
net_cost_cbo_informed_sept29_low,income,v4_employer_hi,2018,-0.010132
net_cost_cbo_informed_sept29_low,income,v4_employer_hi,2019,-0.010444
net_cost_cbo_informed_sept29_low,income,v4_employer_hi,2020,-0.010459
net_cost_cbo_informed_sept29_low,income,v4_employer_hi,2021,-0.01094
net_cost_cbo_informed_sept29_low,income,v4_employer_hi,2022,-0.011002
net_cost_cbo_informed_sept29_low,income,v4_employer_hi,2023,-0.011303
net_cost_cbo_informed_sept29_low,income,v4_employer_hi,2024,-0.012005
net_cost_cbo_informed_sept29_low,income,v4_other_domestic_social_contributions,2005,-0.024666
net_cost_cbo_informed_sept29_low,income,v4_other_domestic_social_contributions,2006,-0.024147
net_cost_cbo_informed_sept29_low,income,v4_other_domestic_social_contributions,2007,-0.022449
net_cost_cbo_informed_sept29_low,income,v4_other_domestic_social_contributions,2008,-0.02252
net_cost_cbo_informed_sept29_low,income,v4_other_domestic_social_contributions,2009,-0.023413
net_cost_cbo_informed_sept29_low,income,v4_other_domestic_social_contributions,2010,-0.026964
net_cost_cbo_informed_sept29_low,income,v4_other_domestic_social_contributions,2011,-0.02936
net_cost_cbo_informed_sept29_low,income,v4_other_domestic_social_contributions,2012,-0.030081
net_cost_cbo_informed_sept29_low,income,v4_other_domestic_social_contributions,2013,-0.029521
net_cost_cbo_informed_sept29_low,income,v4_other_domestic_social_contributions,2014,-0.029302
net_cost_cbo_informed_sept29_low,income,v4_other_domestic_social_contributions,2015,-0.029096
net_cost_cbo_informed_sept29_low,income,v4_other_domestic_social_contributions,2016,-0.028088
net_cost_cbo_informed_sept29_low,income,v4_other_domestic_social_contributions,2017,-0.027188
net_cost_cbo_informed_sept29_low,income,v4_other_domestic_social_contributions,2018,-0.025439
net_cost_cbo_informed_sept29_low,income,v4_other_domestic_social_contributions,2019,-0.024758
net_cost_cbo_informed_sept29_low,income,v4_other_domestic_social_contributions,2020,-0.02481
net_cost_cbo_informed_sept29_low,income,v4_other_domestic_social_contributions,2021,-0.024436
net_cost_cbo_informed_sept29_low,income,v4_other_domestic_social_contributions,2022,-0.022874
net_cost_cbo_informed_sept29_low,income,v4_other_domestic_social_contributions,2023,-0.022489
net_cost_cbo_informed_sept29_low,income,v4_other_domestic_social_contributions,2024,-0.023655
net_cost_cbo_informed_sept29_low,income,v4_general_sales_tax,2005,-3.277797
net_cost_cbo_informed_sept29_low,income,v4_general_sales_tax,2006,-3.591555
net_cost_cbo_informed_sept29_low,income,v4_general_sales_tax,2007,-3.655248
net_cost_cbo_informed_sept29_low,income,v4_general_sales_tax,2008,-3.740647
net_cost_cbo_informed_sept29_low,income,v4_general_sales_tax,2009,-3.527219
net_cost_cbo_informed_sept29_low,income,v4_general_sales_tax,2010,-3.790496
net_cost_cbo_informed_sept29_low,income,v4_general_sales_tax,2011,-3.960723
net_cost_cbo_informed_sept29_low,income,v4_general_sales_tax,2012,-4.077892
net_cost_cbo_informed_sept29_low,income,v4_general_sales_tax,2013,-4.280423
net_cost_cbo_informed_sept29_low,income,v4_general_sales_tax,2014,-4.487004
net_cost_cbo_informed_sept29_low,income,v4_general_sales_tax,2015,-4.616984
net_cost_cbo_informed_sept29_low,income,v4_general_sales_tax,2016,-4.731162
net_cost_cbo_informed_sept29_low,income,v4_general_sales_tax,2017,-4.923051
net_cost_cbo_informed_sept29_low,income,v4_general_sales_tax,2018,-5.079845
net_cost_cbo_informed_sept29_low,income,v4_general_sales_tax,2019,-5.254397
net_cost_cbo_informed_sept29_low,income,v4_general_sales_tax,2020,-5.126532
net_cost_cbo_informed_sept29_low,income,v4_general_sales_tax,2021,-5.750493
net_cost_cbo_informed_sept29_low,income,v4_general_sales_tax,2022,-5.966895
net_cost_cbo_informed_sept29_low,income,v4_general_sales_tax,2023,-5.880359
net_cost_cbo_informed_sept29_low,income,v4_general_sales_tax,2024,-5.964449
net_cost_cbo_informed_sept29_low,income,v4_modeled_owner_property,2005,-10.797661
net_cost_cbo_informed_sept29_low,income,v4_modeled_owner_property,2006,-11.726867
net_cost_cbo_informed_sept29_low,income,v4_modeled_owner_property,2007,-12.523815
net_cost_cbo_informed_sept29_low,income,v4_modeled_owner_property,2008,-13.208914
net_cost_cbo_informed_sept29_low,income,v4_modeled_owner_property,2009,-14.187624
net_cost_cbo_informed_sept29_low,income,v4_modeled_owner_property,2010,-14.410243
net_cost_cbo_informed_sept29_low,income,v4_modeled_owner_property,2011,-14.296481
net_cost_cbo_informed_sept29_low,income,v4_modeled_owner_property,2012,-14.288774
net_cost_cbo_informed_sept29_low,income,v4_modeled_owner_property,2013,-14.516133
net_cost_cbo_informed_sept29_low,income,v4_modeled_owner_property,2014,-15.035348
net_cost_cbo_informed_sept29_low,income,v4_modeled_owner_property,2015,-15.484062
net_cost_cbo_informed_sept29_low,income,v4_modeled_owner_property,2016,-16.077656
net_cost_cbo_informed_sept29_low,income,v4_modeled_owner_property,2017,-16.637568
net_cost_cbo_informed_sept29_low,income,v4_modeled_owner_property,2018,-16.89927
net_cost_cbo_informed_sept29_low,income,v4_modeled_owner_property,2019,-17.649307
net_cost_cbo_informed_sept29_low,income,v4_modeled_owner_property,2020,-17.901037
net_cost_cbo_informed_sept29_low,income,v4_modeled_owner_property,2021,-18.0086
net_cost_cbo_informed_sept29_low,income,v4_modeled_owner_property,2022,-17.42665
net_cost_cbo_informed_sept29_low,income,v4_modeled_owner_property,2023,-17.79145
net_cost_cbo_informed_sept29_low,income,v4_modeled_owner_property,2024,-19.049721
net_cost_cbo_informed_sept29_low,income,v4_excise_selective_sales,2005,-1.032916
net_cost_cbo_informed_sept29_low,income,v4_excise_selective_sales,2006,-1.092201
net_cost_cbo_informed_sept29_low,income,v4_excise_selective_sales,2007,-1.088884
net_cost_cbo_informed_sept29_low,income,v4_excise_selective_sales,2008,-1.110105
net_cost_cbo_informed_sept29_low,income,v4_excise_selective_sales,2009,-1.145425
net_cost_cbo_informed_sept29_low,income,v4_excise_selective_sales,2010,-1.224801
net_cost_cbo_informed_sept29_low,income,v4_excise_selective_sales,2011,-1.292104
net_cost_cbo_informed_sept29_low,income,v4_excise_selective_sales,2012,-1.329648
net_cost_cbo_informed_sept29_low,income,v4_excise_selective_sales,2013,-1.389688
net_cost_cbo_informed_sept29_low,income,v4_excise_selective_sales,2014,-1.450489
net_cost_cbo_informed_sept29_low,income,v4_excise_selective_sales,2015,-1.500691
net_cost_cbo_informed_sept29_low,income,v4_excise_selective_sales,2016,-1.500928
net_cost_cbo_informed_sept29_low,income,v4_excise_selective_sales,2017,-1.494304
net_cost_cbo_informed_sept29_low,income,v4_excise_selective_sales,2018,-1.609623
net_cost_cbo_informed_sept29_low,income,v4_excise_selective_sales,2019,-1.555792
net_cost_cbo_informed_sept29_low,income,v4_excise_selective_sales,2020,-1.436704
net_cost_cbo_informed_sept29_low,income,v4_excise_selective_sales,2021,-1.494233
net_cost_cbo_informed_sept29_low,income,v4_excise_selective_sales,2022,-1.487043
net_cost_cbo_informed_sept29_low,income,v4_excise_selective_sales,2023,-1.50706
net_cost_cbo_informed_sept29_low,income,v4_excise_selective_sales,2024,-1.579004
net_cost_cbo_informed_sept29_low,income,v4_customs_duties,2005,-0.014555
net_cost_cbo_informed_sept29_low,income,v4_customs_duties,2006,-0.01559
net_cost_cbo_informed_sept29_low,income,v4_customs_duties,2007,-0.016694
net_cost_cbo_informed_sept29_low,income,v4_customs_duties,2008,-0.017366
net_cost_cbo_informed_sept29_low,income,v4_customs_duties,2009,-0.013921
net_cost_cbo_informed_sept29_low,income,v4_customs_duties,2010,-0.017563
net_cost_cbo_informed_sept29_low,income,v4_customs_duties,2011,-0.019398
net_cost_cbo_informed_sept29_low,income,v4_customs_duties,2012,-0.020136
net_cost_cbo_informed_sept29_low,income,v4_customs_duties,2013,-0.021138
net_cost_cbo_informed_sept29_low,income,v4_customs_duties,2014,-0.022176
net_cost_cbo_informed_sept29_low,income,v4_customs_duties,2015,-0.022545
net_cost_cbo_informed_sept29_low,income,v4_customs_duties,2016,-0.022098
net_cost_cbo_informed_sept29_low,income,v4_customs_duties,2017,-0.022373
net_cost_cbo_informed_sept29_low,income,v4_customs_duties,2018,-0.030345
net_cost_cbo_informed_sept29_low,income,v4_customs_duties,2019,-0.043567
net_cost_cbo_informed_sept29_low,income,v4_customs_duties,2020,-0.037818
net_cost_cbo_informed_sept29_low,income,v4_customs_duties,2021,-0.046895
net_cost_cbo_informed_sept29_low,income,v4_customs_duties,2022,-0.050245
net_cost_cbo_informed_sept29_low,income,v4_customs_duties,2023,-0.038928
net_cost_cbo_informed_sept29_low,income,v4_customs_duties,2024,-0.039564
net_cost_cbo_informed_sept29_low,income,v4_personal_current_transfers,2005,-0.041149
net_cost_cbo_informed_sept29_low,income,v4_personal_current_transfers,2006,-0.04398
net_cost_cbo_informed_sept29_low,income,v4_personal_current_transfers,2007,-0.045906
net_cost_cbo_informed_sept29_low,income,v4_personal_current_transfers,2008,-0.048086
net_cost_cbo_informed_sept29_low,income,v4_personal_current_transfers,2009,-0.048286
net_cost_cbo_informed_sept29_low,income,v4_personal_current_transfers,2010,-0.048756
net_cost_cbo_informed_sept29_low,income,v4_personal_current_transfers,2011,-0.049982
net_cost_cbo_informed_sept29_low,income,v4_personal_current_transfers,2012,-0.051869
net_cost_cbo_informed_sept29_low,income,v4_personal_current_transfers,2013,-0.051852
net_cost_cbo_informed_sept29_low,income,v4_personal_current_transfers,2014,-0.054575
net_cost_cbo_informed_sept29_low,income,v4_personal_current_transfers,2015,-0.058445
net_cost_cbo_informed_sept29_low,income,v4_personal_current_transfers,2016,-0.059843
net_cost_cbo_informed_sept29_low,income,v4_personal_current_transfers,2017,-0.060759
net_cost_cbo_informed_sept29_low,income,v4_personal_current_transfers,2018,-0.063366
net_cost_cbo_informed_sept29_low,income,v4_personal_current_transfers,2019,-0.064204
net_cost_cbo_informed_sept29_low,income,v4_personal_current_transfers,2020,-0.060241
net_cost_cbo_informed_sept29_low,income,v4_personal_current_transfers,2021,-0.063942
net_cost_cbo_informed_sept29_low,income,v4_personal_current_transfers,2022,-0.065387
net_cost_cbo_informed_sept29_low,income,v4_personal_current_transfers,2023,-0.064745
net_cost_cbo_informed_sept29_low,income,v4_personal_current_transfers,2024,-0.06677
net_cost_cbo_informed_sept29_low,income,v4_enterprise_surplus,2005,-2.503726
net_cost_cbo_informed_sept29_low,income,v4_enterprise_surplus,2006,-2.952321
net_cost_cbo_informed_sept29_low,income,v4_enterprise_surplus,2007,-3.447297
net_cost_cbo_informed_sept29_low,income,v4_enterprise_surplus,2008,-3.678934
net_cost_cbo_informed_sept29_low,income,v4_enterprise_surplus,2009,-3.664178
net_cost_cbo_informed_sept29_low,income,v4_enterprise_surplus,2010,-4.181428
net_cost_cbo_informed_sept29_low,income,v4_enterprise_surplus,2011,-4.084417
net_cost_cbo_informed_sept29_low,income,v4_enterprise_surplus,2012,-3.926847
net_cost_cbo_informed_sept29_low,income,v4_enterprise_surplus,2013,-3.846798
net_cost_cbo_informed_sept29_low,income,v4_enterprise_surplus,2014,-3.664412
net_cost_cbo_informed_sept29_low,income,v4_enterprise_surplus,2015,-3.51675
net_cost_cbo_informed_sept29_low,income,v4_enterprise_surplus,2016,-3.495736
net_cost_cbo_informed_sept29_low,income,v4_enterprise_surplus,2017,-3.823023
net_cost_cbo_informed_sept29_low,income,v4_enterprise_surplus,2018,-3.730925
net_cost_cbo_informed_sept29_low,income,v4_enterprise_surplus,2019,-3.819824
net_cost_cbo_informed_sept29_low,income,v4_enterprise_surplus,2020,-4.049058
net_cost_cbo_informed_sept29_low,income,v4_enterprise_surplus,2021,-4.820664
net_cost_cbo_informed_sept29_low,income,v4_enterprise_surplus,2022,-4.96395
net_cost_cbo_informed_sept29_low,income,v4_enterprise_surplus,2023,-4.810999
net_cost_cbo_informed_sept29_low,income,v4_enterprise_surplus,2024,-4.721933
net_cost_cbo_informed_sept29_low,income,v4_housing_enterprise_surplus,2005,1.827211
net_cost_cbo_informed_sept29_low,income,v4_housing_enterprise_surplus,2006,2.126554
net_cost_cbo_informed_sept29_low,income,v4_housing_enterprise_surplus,2007,2.449806
net_cost_cbo_informed_sept29_low,income,v4_housing_enterprise_surplus,2008,2.607238
net_cost_cbo_informed_sept29_low,income,v4_housing_enterprise_surplus,2009,2.626756
net_cost_cbo_informed_sept29_low,income,v4_housing_enterprise_surplus,2010,2.961883
net_cost_cbo_informed_sept29_low,income,v4_housing_enterprise_surplus,2011,2.910175
net_cost_cbo_informed_sept29_low,income,v4_housing_enterprise_surplus,2012,2.797712
net_cost_cbo_informed_sept29_low,income,v4_housing_enterprise_surplus,2013,2.743425
net_cost_cbo_informed_sept29_low,income,v4_housing_enterprise_surplus,2014,2.630119
net_cost_cbo_informed_sept29_low,income,v4_housing_enterprise_surplus,2015,2.542959
net_cost_cbo_informed_sept29_low,income,v4_housing_enterprise_surplus,2016,2.550165
net_cost_cbo_informed_sept29_low,income,v4_housing_enterprise_surplus,2017,2.741839
net_cost_cbo_informed_sept29_low,income,v4_housing_enterprise_surplus,2018,2.701432
net_cost_cbo_informed_sept29_low,income,v4_housing_enterprise_surplus,2019,2.763861
net_cost_cbo_informed_sept29_low,income,v4_housing_enterprise_surplus,2020,2.936091
net_cost_cbo_informed_sept29_low,income,v4_housing_enterprise_surplus,2021,3.424592
net_cost_cbo_informed_sept29_low,income,v4_housing_enterprise_surplus,2022,3.512909
net_cost_cbo_informed_sept29_low,income,v4_housing_enterprise_surplus,2023,3.441981
net_cost_cbo_informed_sept29_low,income,v4_housing_enterprise_surplus,2024,3.426129
net_cost_cbo_informed_sept29_low,income,v4_tenant_occupied_property,2005,-3.860441
net_cost_cbo_informed_sept29_low,income,v4_tenant_occupied_property,2006,-4.192655
net_cost_cbo_informed_sept29_low,income,v4_tenant_occupied_property,2007,-4.477585
net_cost_cbo_informed_sept29_low,income,v4_tenant_occupied_property,2008,-4.722525
net_cost_cbo_informed_sept29_low,income,v4_tenant_occupied_property,2009,-5.072439
net_cost_cbo_informed_sept29_low,income,v4_tenant_occupied_property,2010,-5.152031
net_cost_cbo_informed_sept29_low,income,v4_tenant_occupied_property,2011,-5.111359
net_cost_cbo_informed_sept29_low,income,v4_tenant_occupied_property,2012,-5.108603
net_cost_cbo_informed_sept29_low,income,v4_tenant_occupied_property,2013,-5.18989
net_cost_cbo_informed_sept29_low,income,v4_tenant_occupied_property,2014,-5.375522
net_cost_cbo_informed_sept29_low,income,v4_tenant_occupied_property,2015,-5.535949
net_cost_cbo_informed_sept29_low,income,v4_tenant_occupied_property,2016,-5.748174
net_cost_cbo_informed_sept29_low,income,v4_tenant_occupied_property,2017,-5.948357
net_cost_cbo_informed_sept29_low,income,v4_tenant_occupied_property,2018,-6.041922
net_cost_cbo_informed_sept29_low,income,v4_tenant_occupied_property,2019,-6.31008
net_cost_cbo_informed_sept29_low,income,v4_tenant_occupied_property,2020,-6.40008
net_cost_cbo_informed_sept29_low,income,v4_tenant_occupied_property,2021,-6.438536
net_cost_cbo_informed_sept29_low,income,v4_tenant_occupied_property,2022,-6.230474
net_cost_cbo_informed_sept29_low,income,v4_tenant_occupied_property,2023,-6.360899
net_cost_cbo_informed_sept29_low,income,v4_tenant_occupied_property,2024,-6.810763
net_cost_cbo_informed_sept29_low,income,v4_social_security_accrual,2005,60.167639
net_cost_cbo_informed_sept29_low,income,v4_social_security_accrual,2006,64.812211
net_cost_cbo_informed_sept29_low,income,v4_social_security_accrual,2007,67.355257
net_cost_cbo_informed_sept29_low,income,v4_social_security_accrual,2008,71.211275
net_cost_cbo_informed_sept29_low,income,v4_social_security_accrual,2009,70.188859
net_cost_cbo_informed_sept29_low,income,v4_social_security_accrual,2010,71.733842
net_cost_cbo_informed_sept29_low,income,v4_social_security_accrual,2011,61.950331
net_cost_cbo_informed_sept29_low,income,v4_social_security_accrual,2012,63.509828
net_cost_cbo_informed_sept29_low,income,v4_social_security_accrual,2013,77.549139
net_cost_cbo_informed_sept29_low,income,v4_social_security_accrual,2014,80.965546
net_cost_cbo_informed_sept29_low,income,v4_social_security_accrual,2015,84.59908
net_cost_cbo_informed_sept29_low,income,v4_social_security_accrual,2016,86.669142
net_cost_cbo_informed_sept29_low,income,v4_social_security_accrual,2017,89.862143
net_cost_cbo_informed_sept29_low,income,v4_social_security_accrual,2018,92.305047
net_cost_cbo_informed_sept29_low,income,v4_social_security_accrual,2019,95.27497
net_cost_cbo_informed_sept29_low,income,v4_social_security_accrual,2020,94.51838
net_cost_cbo_informed_sept29_low,income,v4_social_security_accrual,2021,97.133385
net_cost_cbo_informed_sept29_low,income,v4_social_security_accrual,2022,99.575085
net_cost_cbo_informed_sept29_low,income,v4_social_security_accrual,2023,103.200947
net_cost_cbo_informed_sept29_low,income,v4_social_security_accrual,2024,109.406993
net_cost_cbo_informed_sept29_low,income,v4_social_security_cash,2005,-24.180083
net_cost_cbo_informed_sept29_low,income,v4_social_security_cash,2006,-26.090654
net_cost_cbo_informed_sept29_low,income,v4_social_security_cash,2007,-27.396674
net_cost_cbo_informed_sept29_low,income,v4_social_security_cash,2008,-29.519213
net_cost_cbo_informed_sept29_low,income,v4_social_security_cash,2009,-32.89824
net_cost_cbo_informed_sept29_low,income,v4_social_security_cash,2010,-34.787196
net_cost_cbo_informed_sept29_low,income,v4_social_security_cash,2011,-35.613942
net_cost_cbo_informed_sept29_low,income,v4_social_security_cash,2012,-37.601144
net_cost_cbo_informed_sept29_low,income,v4_social_security_cash,2013,-39.090772
net_cost_cbo_informed_sept29_low,income,v4_social_security_cash,2014,-40.664899
net_cost_cbo_informed_sept29_low,income,v4_social_security_cash,2015,-42.319539
net_cost_cbo_informed_sept29_low,income,v4_social_security_cash,2016,-43.324226
net_cost_cbo_informed_sept29_low,income,v4_social_security_cash,2017,-44.161403
net_cost_cbo_informed_sept29_low,income,v4_social_security_cash,2018,-45.457608
net_cost_cbo_informed_sept29_low,income,v4_social_security_cash,2019,-47.41026
net_cost_cbo_informed_sept29_low,income,v4_social_security_cash,2020,-48.759632
net_cost_cbo_informed_sept29_low,income,v4_social_security_cash,2021,-48.15387
net_cost_cbo_informed_sept29_low,income,v4_social_security_cash,2022,-48.828393
net_cost_cbo_informed_sept29_low,income,v4_social_security_cash,2023,-53.118054
net_cost_cbo_informed_sept29_low,income,v4_social_security_cash,2024,-56.258695
net_cost_cbo_informed_sept29_low,income,v4_medicare_part_a_accrual,2005,21.694984
net_cost_cbo_informed_sept29_low,income,v4_medicare_part_a_accrual,2006,23.473104
net_cost_cbo_informed_sept29_low,income,v4_medicare_part_a_accrual,2007,24.60404
net_cost_cbo_informed_sept29_low,income,v4_medicare_part_a_accrual,2008,25.710079
net_cost_cbo_informed_sept29_low,income,v4_medicare_part_a_accrual,2009,24.965225
net_cost_cbo_informed_sept29_low,income,v4_medicare_part_a_accrual,2010,25.952815
net_cost_cbo_informed_sept29_low,income,v4_medicare_part_a_accrual,2011,26.628823
net_cost_cbo_informed_sept29_low,income,v4_medicare_part_a_accrual,2012,27.435178
net_cost_cbo_informed_sept29_low,income,v4_medicare_part_a_accrual,2013,28.853986
net_cost_cbo_informed_sept29_low,income,v4_medicare_part_a_accrual,2014,30.264806
net_cost_cbo_informed_sept29_low,income,v4_medicare_part_a_accrual,2015,31.720002
net_cost_cbo_informed_sept29_low,income,v4_medicare_part_a_accrual,2016,32.407806
net_cost_cbo_informed_sept29_low,income,v4_medicare_part_a_accrual,2017,33.55406
net_cost_cbo_informed_sept29_low,income,v4_medicare_part_a_accrual,2018,34.565883
net_cost_cbo_informed_sept29_low,income,v4_medicare_part_a_accrual,2019,35.655985
net_cost_cbo_informed_sept29_low,income,v4_medicare_part_a_accrual,2020,35.799914
net_cost_cbo_informed_sept29_low,income,v4_medicare_part_a_accrual,2021,37.504551
net_cost_cbo_informed_sept29_low,income,v4_medicare_part_a_accrual,2022,37.73154
net_cost_cbo_informed_sept29_low,income,v4_medicare_part_a_accrual,2023,38.699694
net_cost_cbo_informed_sept29_low,income,v4_medicare_part_a_accrual,2024,41.137128
net_cost_cbo_informed_sept29_low,income,v4_medicare_cash,2005,-7.190728
net_cost_cbo_informed_sept29_low,income,v4_medicare_cash,2006,-8.786111
net_cost_cbo_informed_sept29_low,income,v4_medicare_cash,2007,-9.355838
net_cost_cbo_informed_sept29_low,income,v4_medicare_cash,2008,-10.33086
net_cost_cbo_informed_sept29_low,income,v4_medicare_cash,2009,-11.204667
net_cost_cbo_informed_sept29_low,income,v4_medicare_cash,2010,-11.879719
net_cost_cbo_informed_sept29_low,income,v4_medicare_cash,2011,-12.27771
net_cost_cbo_informed_sept29_low,income,v4_medicare_cash,2012,-12.564899
net_cost_cbo_informed_sept29_low,income,v4_medicare_cash,2013,-12.865809
net_cost_cbo_informed_sept29_low,income,v4_medicare_cash,2014,-13.420687
net_cost_cbo_informed_sept29_low,income,v4_medicare_cash,2015,-14.150034
net_cost_cbo_informed_sept29_low,income,v4_medicare_cash,2016,-14.689968
net_cost_cbo_informed_sept29_low,income,v4_medicare_cash,2017,-15.14589
net_cost_cbo_informed_sept29_low,income,v4_medicare_cash,2018,-15.743278
net_cost_cbo_informed_sept29_low,income,v4_medicare_cash,2019,-16.692493
net_cost_cbo_informed_sept29_low,income,v4_medicare_cash,2020,-17.182349
net_cost_cbo_informed_sept29_low,income,v4_medicare_cash,2021,-17.57827
net_cost_cbo_informed_sept29_low,income,v4_medicare_cash,2022,-17.437917
net_cost_cbo_informed_sept29_low,income,v4_medicare_cash,2023,-18.417167
net_cost_cbo_informed_sept29_low,income,v4_medicare_cash,2024,-19.663109
net_cost_cbo_informed_sept29_low,income,v4_workers_compensation,2005,-1.460833
net_cost_cbo_informed_sept29_low,income,v4_workers_compensation,2006,-1.421977
net_cost_cbo_informed_sept29_low,income,v4_workers_compensation,2007,-1.404289
net_cost_cbo_informed_sept29_low,income,v4_workers_compensation,2008,-1.436006
net_cost_cbo_informed_sept29_low,income,v4_workers_compensation,2009,-1.466765
net_cost_cbo_informed_sept29_low,income,v4_workers_compensation,2010,-1.474444
net_cost_cbo_informed_sept29_low,income,v4_workers_compensation,2011,-1.40615
net_cost_cbo_informed_sept29_low,income,v4_workers_compensation,2012,-1.33133
net_cost_cbo_informed_sept29_low,income,v4_workers_compensation,2013,-1.312437
net_cost_cbo_informed_sept29_low,income,v4_workers_compensation,2014,-1.316334
net_cost_cbo_informed_sept29_low,income,v4_workers_compensation,2015,-1.262628
net_cost_cbo_informed_sept29_low,income,v4_workers_compensation,2016,-1.182431
net_cost_cbo_informed_sept29_low,income,v4_workers_compensation,2017,-1.095596
net_cost_cbo_informed_sept29_low,income,v4_workers_compensation,2018,-1.0343
net_cost_cbo_informed_sept29_low,income,v4_workers_compensation,2019,-1.028604
net_cost_cbo_informed_sept29_low,income,v4_workers_compensation,2020,-1.036942
net_cost_cbo_informed_sept29_low,income,v4_workers_compensation,2021,-1.007877
net_cost_cbo_informed_sept29_low,income,v4_workers_compensation,2022,-0.974899
net_cost_cbo_informed_sept29_low,income,v4_workers_compensation,2023,-0.951261
net_cost_cbo_informed_sept29_low,income,v4_workers_compensation,2024,-0.948248
net_cost_cbo_informed_sept29_low,income,v4_housing_subsidies,2005,-0.220231
net_cost_cbo_informed_sept29_low,income,v4_housing_subsidies,2006,-0.23165
net_cost_cbo_informed_sept29_low,income,v4_housing_subsidies,2007,-0.23721
net_cost_cbo_informed_sept29_low,income,v4_housing_subsidies,2008,-0.245969
net_cost_cbo_informed_sept29_low,income,v4_housing_subsidies,2009,-0.274958
net_cost_cbo_informed_sept29_low,income,v4_housing_subsidies,2010,-0.278095
net_cost_cbo_informed_sept29_low,income,v4_housing_subsidies,2011,-0.288653
net_cost_cbo_informed_sept29_low,income,v4_housing_subsidies,2012,-0.277323
net_cost_cbo_informed_sept29_low,income,v4_housing_subsidies,2013,-0.274415
net_cost_cbo_informed_sept29_low,income,v4_housing_subsidies,2014,-0.278171
net_cost_cbo_informed_sept29_low,income,v4_housing_subsidies,2015,-0.285785
net_cost_cbo_informed_sept29_low,income,v4_housing_subsidies,2016,-0.306479
net_cost_cbo_informed_sept29_low,income,v4_housing_subsidies,2017,-0.288089
net_cost_cbo_informed_sept29_low,income,v4_housing_subsidies,2018,-0.306793
net_cost_cbo_informed_sept29_low,income,v4_housing_subsidies,2019,-0.312164
net_cost_cbo_informed_sept29_low,income,v4_housing_subsidies,2020,-0.337263
net_cost_cbo_informed_sept29_low,income,v4_housing_subsidies,2021,-0.33052
net_cost_cbo_informed_sept29_low,income,v4_housing_subsidies,2022,-0.32687
net_cost_cbo_informed_sept29_low,income,v4_housing_subsidies,2023,-0.354112
net_cost_cbo_informed_sept29_low,income,v4_housing_subsidies,2024,-0.395426
net_cost_cbo_informed_sept29_low,income,v4_roads_vmt_sl,2005,1.339301
net_cost_cbo_informed_sept29_low,income,v4_roads_vmt_sl,2006,1.4428
net_cost_cbo_informed_sept29_low,income,v4_roads_vmt_sl,2007,1.542123
net_cost_cbo_informed_sept29_low,income,v4_roads_vmt_sl,2008,1.666687
net_cost_cbo_informed_sept29_low,income,v4_roads_vmt_sl,2009,1.742692
net_cost_cbo_informed_sept29_low,income,v4_roads_vmt_sl,2010,1.86144
net_cost_cbo_informed_sept29_low,income,v4_roads_vmt_sl,2011,1.792067
net_cost_cbo_informed_sept29_low,income,v4_roads_vmt_sl,2012,1.799002
net_cost_cbo_informed_sept29_low,income,v4_roads_vmt_sl,2013,1.787854
net_cost_cbo_informed_sept29_low,income,v4_roads_vmt_sl,2014,1.800179
net_cost_cbo_informed_sept29_low,income,v4_roads_vmt_sl,2015,1.832795
net_cost_cbo_informed_sept29_low,income,v4_roads_vmt_sl,2016,1.842085
net_cost_cbo_informed_sept29_low,income,v4_roads_vmt_sl,2017,1.860633
net_cost_cbo_informed_sept29_low,income,v4_roads_vmt_sl,2018,1.929453
net_cost_cbo_informed_sept29_low,income,v4_roads_vmt_sl,2019,1.966737
net_cost_cbo_informed_sept29_low,income,v4_roads_vmt_sl,2020,2.093392
net_cost_cbo_informed_sept29_low,income,v4_roads_vmt_sl,2021,2.165596
net_cost_cbo_informed_sept29_low,income,v4_roads_vmt_sl,2022,1.975726
net_cost_cbo_informed_sept29_low,income,v4_roads_vmt_sl,2023,2.077517
net_cost_cbo_informed_sept29_low,income,v4_roads_vmt_sl,2024,2.240437
net_cost_cbo_informed_sept29_low,income,v4_state_price_public_order_safety,2005,3.965503
net_cost_cbo_informed_sept29_low,income,v4_state_price_public_order_safety,2006,4.271391
net_cost_cbo_informed_sept29_low,income,v4_state_price_public_order_safety,2007,4.540088
net_cost_cbo_informed_sept29_low,income,v4_state_price_public_order_safety,2008,4.976384
net_cost_cbo_informed_sept29_low,income,v4_state_price_public_order_safety,2009,5.160955
net_cost_cbo_informed_sept29_low,income,v4_state_price_public_order_safety,2010,5.325699
net_cost_cbo_informed_sept29_low,income,v4_state_price_public_order_safety,2011,5.285089
net_cost_cbo_informed_sept29_low,income,v4_state_price_public_order_safety,2012,5.218946
net_cost_cbo_informed_sept29_low,income,v4_state_price_public_order_safety,2013,5.259246
net_cost_cbo_informed_sept29_low,income,v4_state_price_public_order_safety,2014,5.416172
net_cost_cbo_informed_sept29_low,income,v4_state_price_public_order_safety,2015,5.587511
net_cost_cbo_informed_sept29_low,income,v4_state_price_public_order_safety,2016,5.702635
net_cost_cbo_informed_sept29_low,income,v4_state_price_public_order_safety,2017,5.778418
net_cost_cbo_informed_sept29_low,income,v4_state_price_public_order_safety,2018,5.98692
net_cost_cbo_informed_sept29_low,income,v4_state_price_public_order_safety,2019,6.164208
net_cost_cbo_informed_sept29_low,income,v4_state_price_public_order_safety,2020,6.117848
net_cost_cbo_informed_sept29_low,income,v4_state_price_public_order_safety,2021,6.087745
net_cost_cbo_informed_sept29_low,income,v4_state_price_public_order_safety,2022,6.020063
net_cost_cbo_informed_sept29_low,income,v4_state_price_public_order_safety,2023,6.134277
net_cost_cbo_informed_sept29_low,income,v4_state_price_public_order_safety,2024,6.412327
net_cost_cbo_informed_sept29_low,income,v4_state_price_health_services,2005,0.753417
net_cost_cbo_informed_sept29_low,income,v4_state_price_health_services,2006,0.782122
net_cost_cbo_informed_sept29_low,income,v4_state_price_health_services,2007,0.873246
net_cost_cbo_informed_sept29_low,income,v4_state_price_health_services,2008,1.006597
net_cost_cbo_informed_sept29_low,income,v4_state_price_health_services,2009,1.070242
net_cost_cbo_informed_sept29_low,income,v4_state_price_health_services,2010,1.111723
net_cost_cbo_informed_sept29_low,income,v4_state_price_health_services,2011,1.135421
net_cost_cbo_informed_sept29_low,income,v4_state_price_health_services,2012,1.145527
net_cost_cbo_informed_sept29_low,income,v4_state_price_health_services,2013,1.18334
net_cost_cbo_informed_sept29_low,income,v4_state_price_health_services,2014,1.211267
net_cost_cbo_informed_sept29_low,income,v4_state_price_health_services,2015,1.249169
net_cost_cbo_informed_sept29_low,income,v4_state_price_health_services,2016,1.307727
net_cost_cbo_informed_sept29_low,income,v4_state_price_health_services,2017,1.262527
net_cost_cbo_informed_sept29_low,income,v4_state_price_health_services,2018,1.33092
net_cost_cbo_informed_sept29_low,income,v4_state_price_health_services,2019,1.462938
net_cost_cbo_informed_sept29_low,income,v4_state_price_health_services,2020,1.706024
net_cost_cbo_informed_sept29_low,income,v4_state_price_health_services,2021,1.774395
net_cost_cbo_informed_sept29_low,income,v4_state_price_health_services,2022,1.776037
net_cost_cbo_informed_sept29_low,income,v4_state_price_health_services,2023,1.738171
net_cost_cbo_informed_sept29_low,income,v4_state_price_health_services,2024,1.799632
net_cost_cbo_informed_sept29_low,income,v4_state_price_recreation_culture,2005,0.221888
net_cost_cbo_informed_sept29_low,income,v4_state_price_recreation_culture,2006,0.241796
net_cost_cbo_informed_sept29_low,income,v4_state_price_recreation_culture,2007,0.254105
net_cost_cbo_informed_sept29_low,income,v4_state_price_recreation_culture,2008,0.275388
net_cost_cbo_informed_sept29_low,income,v4_state_price_recreation_culture,2009,0.283474
net_cost_cbo_informed_sept29_low,income,v4_state_price_recreation_culture,2010,0.289584
net_cost_cbo_informed_sept29_low,income,v4_state_price_recreation_culture,2011,0.278378
net_cost_cbo_informed_sept29_low,income,v4_state_price_recreation_culture,2012,0.274103
net_cost_cbo_informed_sept29_low,income,v4_state_price_recreation_culture,2013,0.282006
net_cost_cbo_informed_sept29_low,income,v4_state_price_recreation_culture,2014,0.289907
net_cost_cbo_informed_sept29_low,income,v4_state_price_recreation_culture,2015,0.298306
net_cost_cbo_informed_sept29_low,income,v4_state_price_recreation_culture,2016,0.312766
net_cost_cbo_informed_sept29_low,income,v4_state_price_recreation_culture,2017,0.319081
net_cost_cbo_informed_sept29_low,income,v4_state_price_recreation_culture,2018,0.330473
net_cost_cbo_informed_sept29_low,income,v4_state_price_recreation_culture,2019,0.346015
net_cost_cbo_informed_sept29_low,income,v4_state_price_recreation_culture,2020,0.340592
net_cost_cbo_informed_sept29_low,income,v4_state_price_recreation_culture,2021,0.332162
net_cost_cbo_informed_sept29_low,income,v4_state_price_recreation_culture,2022,0.348171
net_cost_cbo_informed_sept29_low,income,v4_state_price_recreation_culture,2023,0.352476
net_cost_cbo_informed_sept29_low,income,v4_state_price_recreation_culture,2024,0.366364
net_cost_cbo_informed_sept29_low,income,v4_production_private,2005,0.248035
net_cost_cbo_informed_sept29_low,income,v4_production_private,2006,0.267221
net_cost_cbo_informed_sept29_low,income,v4_production_private,2007,0.277859
net_cost_cbo_informed_sept29_low,income,v4_production_private,2008,0.290421
net_cost_cbo_informed_sept29_low,income,v4_production_private,2009,0.289134
net_cost_cbo_informed_sept29_low,income,v4_production_private,2010,0.305956
net_cost_cbo_informed_sept29_low,income,v4_production_private,2011,0.314181
net_cost_cbo_informed_sept29_low,income,v4_production_private,2012,0.323458
net_cost_cbo_informed_sept29_low,income,v4_production_private,2013,0.333108
net_cost_cbo_informed_sept29_low,income,v4_production_private,2014,0.346039
net_cost_cbo_informed_sept29_low,income,v4_production_private,2015,0.358222
net_cost_cbo_informed_sept29_low,income,v4_production_private,2016,0.36657
net_cost_cbo_informed_sept29_low,income,v4_production_private,2017,0.377237
net_cost_cbo_informed_sept29_low,income,v4_production_private,2018,0.389498
net_cost_cbo_informed_sept29_low,income,v4_production_private,2019,0.399631
net_cost_cbo_informed_sept29_low,income,v4_production_private,2020,0.390009
net_cost_cbo_informed_sept29_low,income,v4_production_private,2021,0.413449
net_cost_cbo_informed_sept29_low,income,v4_production_private,2022,0.423569
net_cost_cbo_informed_sept29_low,income,v4_production_private,2023,0.439124
net_cost_cbo_informed_sept29_low,income,v4_production_private,2024,0.459157
net_cost_cbo_informed_sept29_low,income,v4_production_receipts,2005,0.639356
net_cost_cbo_informed_sept29_low,income,v4_production_receipts,2006,0.688811
net_cost_cbo_informed_sept29_low,income,v4_production_receipts,2007,0.716232
net_cost_cbo_informed_sept29_low,income,v4_production_receipts,2008,0.748615
net_cost_cbo_informed_sept29_low,income,v4_production_receipts,2009,0.745297
net_cost_cbo_informed_sept29_low,income,v4_production_receipts,2010,0.788658
net_cost_cbo_informed_sept29_low,income,v4_production_receipts,2011,0.80986
net_cost_cbo_informed_sept29_low,income,v4_production_receipts,2012,0.833773
net_cost_cbo_informed_sept29_low,income,v4_production_receipts,2013,0.858647
net_cost_cbo_informed_sept29_low,income,v4_production_receipts,2014,0.89198
net_cost_cbo_informed_sept29_low,income,v4_production_receipts,2015,0.923383
net_cost_cbo_informed_sept29_low,income,v4_production_receipts,2016,0.944902
net_cost_cbo_informed_sept29_low,income,v4_production_receipts,2017,0.972397
net_cost_cbo_informed_sept29_low,income,v4_production_receipts,2018,1.004002
net_cost_cbo_informed_sept29_low,income,v4_production_receipts,2019,1.030122
net_cost_cbo_informed_sept29_low,income,v4_production_receipts,2020,1.005319
net_cost_cbo_informed_sept29_low,income,v4_production_receipts,2021,1.065741
net_cost_cbo_informed_sept29_low,income,v4_production_receipts,2022,1.091826
net_cost_cbo_informed_sept29_low,income,v4_production_receipts,2023,1.131923
net_cost_cbo_informed_sept29_low,income,v4_production_receipts,2024,1.183562
net_cost_cbo_informed_sept29_low,income,v4_roads_vmt_fed,2005,0.0
net_cost_cbo_informed_sept29_low,income,v4_roads_vmt_fed,2006,0.0
net_cost_cbo_informed_sept29_low,income,v4_roads_vmt_fed,2007,0.0
net_cost_cbo_informed_sept29_low,income,v4_roads_vmt_fed,2008,0.0
net_cost_cbo_informed_sept29_low,income,v4_roads_vmt_fed,2009,0.0
net_cost_cbo_informed_sept29_low,income,v4_roads_vmt_fed,2010,0.0
net_cost_cbo_informed_sept29_low,income,v4_roads_vmt_fed,2011,0.0
net_cost_cbo_informed_sept29_low,income,v4_roads_vmt_fed,2012,0.0
net_cost_cbo_informed_sept29_low,income,v4_roads_vmt_fed,2013,0.0
net_cost_cbo_informed_sept29_low,income,v4_roads_vmt_fed,2014,0.0
net_cost_cbo_informed_sept29_low,income,v4_roads_vmt_fed,2015,0.0
net_cost_cbo_informed_sept29_low,income,v4_roads_vmt_fed,2016,0.0
net_cost_cbo_informed_sept29_low,income,v4_roads_vmt_fed,2017,0.0
net_cost_cbo_informed_sept29_low,income,v4_roads_vmt_fed,2018,0.0
net_cost_cbo_informed_sept29_low,income,v4_roads_vmt_fed,2019,0.0
net_cost_cbo_informed_sept29_low,income,v4_roads_vmt_fed,2020,0.0
net_cost_cbo_informed_sept29_low,income,v4_roads_vmt_fed,2021,0.0
net_cost_cbo_informed_sept29_low,income,v4_roads_vmt_fed,2022,0.0
net_cost_cbo_informed_sept29_low,income,v4_roads_vmt_fed,2023,0.0
net_cost_cbo_informed_sept29_low,income,v4_roads_vmt_fed,2024,0.0
net_cost_cbo_informed_sept29_low,income,capital_core,2005,6.595808
net_cost_cbo_informed_sept29_low,income,capital_core,2006,7.471965
net_cost_cbo_informed_sept29_low,income,capital_core,2007,8.121127
net_cost_cbo_informed_sept29_low,income,capital_core,2008,9.079805
net_cost_cbo_informed_sept29_low,income,capital_core,2009,9.717331
net_cost_cbo_informed_sept29_low,income,capital_core,2010,10.03789
net_cost_cbo_informed_sept29_low,income,capital_core,2011,10.374833
net_cost_cbo_informed_sept29_low,income,capital_core,2012,10.679845
net_cost_cbo_informed_sept29_low,income,capital_core,2013,10.984067
net_cost_cbo_informed_sept29_low,income,capital_core,2014,11.380733
net_cost_cbo_informed_sept29_low,income,capital_core,2015,11.70022
net_cost_cbo_informed_sept29_low,income,capital_core,2016,11.9537
net_cost_cbo_informed_sept29_low,income,capital_core,2017,12.218906
net_cost_cbo_informed_sept29_low,income,capital_core,2018,12.683867
net_cost_cbo_informed_sept29_low,income,capital_core,2019,13.257913
net_cost_cbo_informed_sept29_low,income,capital_core,2020,13.596976
net_cost_cbo_informed_sept29_low,income,capital_core,2021,13.963867
net_cost_cbo_informed_sept29_low,income,capital_core,2022,14.959496
net_cost_cbo_informed_sept29_low,income,capital_core,2023,15.755942
net_cost_cbo_informed_sept29_low,income,capital_core,2024,15.994251
net_cost_cbo_informed_sept29_low,income,capital_block,2005,3.361789
net_cost_cbo_informed_sept29_low,income,capital_block,2006,3.860234
net_cost_cbo_informed_sept29_low,income,capital_block,2007,4.310517
net_cost_cbo_informed_sept29_low,income,capital_block,2008,4.794487
net_cost_cbo_informed_sept29_low,income,capital_block,2009,5.025155
net_cost_cbo_informed_sept29_low,income,capital_block,2010,5.216665
net_cost_cbo_informed_sept29_low,income,capital_block,2011,5.421053
net_cost_cbo_informed_sept29_low,income,capital_block,2012,5.638844
net_cost_cbo_informed_sept29_low,income,capital_block,2013,5.791768
net_cost_cbo_informed_sept29_low,income,capital_block,2014,5.888814
net_cost_cbo_informed_sept29_low,income,capital_block,2015,5.930291
net_cost_cbo_informed_sept29_low,income,capital_block,2016,6.036025
net_cost_cbo_informed_sept29_low,income,capital_block,2017,6.196879
net_cost_cbo_informed_sept29_low,income,capital_block,2018,6.361902
net_cost_cbo_informed_sept29_low,income,capital_block,2019,6.507652
net_cost_cbo_informed_sept29_low,income,capital_block,2020,6.595121
net_cost_cbo_informed_sept29_low,income,capital_block,2021,6.761305
net_cost_cbo_informed_sept29_low,income,capital_block,2022,6.842226
net_cost_cbo_informed_sept29_low,income,capital_block,2023,6.958958
net_cost_cbo_informed_sept29_low,income,capital_block,2024,7.156604
net_cost_cbo_informed_sept29_low,income,capital_enterprise,2005,5.091825
net_cost_cbo_informed_sept29_low,income,capital_enterprise,2006,5.671809
net_cost_cbo_informed_sept29_low,income,capital_enterprise,2007,6.120421
net_cost_cbo_informed_sept29_low,income,capital_enterprise,2008,6.660644
net_cost_cbo_informed_sept29_low,income,capital_enterprise,2009,6.959374
net_cost_cbo_informed_sept29_low,income,capital_enterprise,2010,7.303035
net_cost_cbo_informed_sept29_low,income,capital_enterprise,2011,7.638625
net_cost_cbo_informed_sept29_low,income,capital_enterprise,2012,7.912904
net_cost_cbo_informed_sept29_low,income,capital_enterprise,2013,8.145397
net_cost_cbo_informed_sept29_low,income,capital_enterprise,2014,8.411184
net_cost_cbo_informed_sept29_low,income,capital_enterprise,2015,8.624488
net_cost_cbo_informed_sept29_low,income,capital_enterprise,2016,8.855927
net_cost_cbo_informed_sept29_low,income,capital_enterprise,2017,9.107807
net_cost_cbo_informed_sept29_low,income,capital_enterprise,2018,9.376753
net_cost_cbo_informed_sept29_low,income,capital_enterprise,2019,9.636891
net_cost_cbo_informed_sept29_low,income,capital_enterprise,2020,9.843125
net_cost_cbo_informed_sept29_low,income,capital_enterprise,2021,10.240256
net_cost_cbo_informed_sept29_low,income,capital_enterprise,2022,10.640487
net_cost_cbo_informed_sept29_low,income,capital_enterprise,2023,11.005218
net_cost_cbo_informed_sept29_low,income,capital_enterprise,2024,11.271841
net_cost_cbo_informed_sept29_high,flat,base,2005,200.538342
net_cost_cbo_informed_sept29_high,flat,base,2006,212.203092
net_cost_cbo_informed_sept29_high,flat,base,2007,218.400304
net_cost_cbo_informed_sept29_high,flat,base,2008,230.16817
net_cost_cbo_informed_sept29_high,flat,base,2009,237.291587
net_cost_cbo_informed_sept29_high,flat,base,2010,246.575153
net_cost_cbo_informed_sept29_high,flat,base,2011,251.279362
net_cost_cbo_informed_sept29_high,flat,base,2012,254.878638
net_cost_cbo_informed_sept29_high,flat,base,2013,258.978197
net_cost_cbo_informed_sept29_high,flat,base,2014,264.478014
net_cost_cbo_informed_sept29_high,flat,base,2015,268.04602
net_cost_cbo_informed_sept29_high,flat,base,2016,271.479303
net_cost_cbo_informed_sept29_high,flat,base,2017,274.567542
net_cost_cbo_informed_sept29_high,flat,base,2018,276.953519
net_cost_cbo_informed_sept29_high,flat,base,2019,278.448858
net_cost_cbo_informed_sept29_high,flat,base,2020,278.634278
net_cost_cbo_informed_sept29_high,flat,base,2021,278.819698
net_cost_cbo_informed_sept29_high,flat,base,2022,280.159184
net_cost_cbo_informed_sept29_high,flat,base,2023,284.477683
net_cost_cbo_informed_sept29_high,flat,base,2024,291.954815
net_cost_cbo_informed_sept29_high,flat,long_run_economic_affairs_services,2005,15.981117
net_cost_cbo_informed_sept29_high,flat,long_run_economic_affairs_services,2006,16.910693
net_cost_cbo_informed_sept29_high,flat,long_run_economic_affairs_services,2007,17.404556
net_cost_cbo_informed_sept29_high,flat,long_run_economic_affairs_services,2008,18.34235
net_cost_cbo_informed_sept29_high,flat,long_run_economic_affairs_services,2009,18.910022
net_cost_cbo_informed_sept29_high,flat,long_run_economic_affairs_services,2010,19.64984
net_cost_cbo_informed_sept29_high,flat,long_run_economic_affairs_services,2011,20.024723
net_cost_cbo_informed_sept29_high,flat,long_run_economic_affairs_services,2012,20.311554
net_cost_cbo_informed_sept29_high,flat,long_run_economic_affairs_services,2013,20.638252
net_cost_cbo_informed_sept29_high,flat,long_run_economic_affairs_services,2014,21.076538
net_cost_cbo_informed_sept29_high,flat,long_run_economic_affairs_services,2015,21.360876
net_cost_cbo_informed_sept29_high,flat,long_run_economic_affairs_services,2016,21.634478
net_cost_cbo_informed_sept29_high,flat,long_run_economic_affairs_services,2017,21.880584
net_cost_cbo_informed_sept29_high,flat,long_run_economic_affairs_services,2018,22.070725
net_cost_cbo_informed_sept29_high,flat,long_run_economic_affairs_services,2019,22.18989
net_cost_cbo_informed_sept29_high,flat,long_run_economic_affairs_services,2020,22.204666
net_cost_cbo_informed_sept29_high,flat,long_run_economic_affairs_services,2021,22.219442
net_cost_cbo_informed_sept29_high,flat,long_run_economic_affairs_services,2022,22.326187
net_cost_cbo_informed_sept29_high,flat,long_run_economic_affairs_services,2023,22.670333
net_cost_cbo_informed_sept29_high,flat,long_run_economic_affairs_services,2024,23.266194
net_cost_cbo_informed_sept29_high,flat,long_run_recreation_culture,2005,4.372863
net_cost_cbo_informed_sept29_high,flat,long_run_recreation_culture,2006,4.62722
net_cost_cbo_informed_sept29_high,flat,long_run_recreation_culture,2007,4.762354
net_cost_cbo_informed_sept29_high,flat,long_run_recreation_culture,2008,5.018959
net_cost_cbo_informed_sept29_high,flat,long_run_recreation_culture,2009,5.17429
net_cost_cbo_informed_sept29_high,flat,long_run_recreation_culture,2010,5.376724
net_cost_cbo_informed_sept29_high,flat,long_run_recreation_culture,2011,5.479302
net_cost_cbo_informed_sept29_high,flat,long_run_recreation_culture,2012,5.557786
net_cost_cbo_informed_sept29_high,flat,long_run_recreation_culture,2013,5.64718
net_cost_cbo_informed_sept29_high,flat,long_run_recreation_culture,2014,5.767107
net_cost_cbo_informed_sept29_high,flat,long_run_recreation_culture,2015,5.844909
net_cost_cbo_informed_sept29_high,flat,long_run_recreation_culture,2016,5.919774
net_cost_cbo_informed_sept29_high,flat,long_run_recreation_culture,2017,5.987115
net_cost_cbo_informed_sept29_high,flat,long_run_recreation_culture,2018,6.039143
net_cost_cbo_informed_sept29_high,flat,long_run_recreation_culture,2019,6.07175
net_cost_cbo_informed_sept29_high,flat,long_run_recreation_culture,2020,6.075793
net_cost_cbo_informed_sept29_high,flat,long_run_recreation_culture,2021,6.079836
net_cost_cbo_informed_sept29_high,flat,long_run_recreation_culture,2022,6.109044
net_cost_cbo_informed_sept29_high,flat,long_run_recreation_culture,2023,6.203212
net_cost_cbo_informed_sept29_high,flat,long_run_recreation_culture,2024,6.366255
net_cost_cbo_informed_sept29_high,flat,rental_assistance,2005,3.112992
net_cost_cbo_informed_sept29_high,flat,rental_assistance,2006,3.294066
net_cost_cbo_informed_sept29_high,flat,rental_assistance,2007,3.390266
net_cost_cbo_informed_sept29_high,flat,rental_assistance,2008,3.572941
net_cost_cbo_informed_sept29_high,flat,rental_assistance,2009,3.683519
net_cost_cbo_informed_sept29_high,flat,rental_assistance,2010,3.827629
net_cost_cbo_informed_sept29_high,flat,rental_assistance,2011,3.900654
net_cost_cbo_informed_sept29_high,flat,rental_assistance,2012,3.956526
net_cost_cbo_informed_sept29_high,flat,rental_assistance,2013,4.020164
net_cost_cbo_informed_sept29_high,flat,rental_assistance,2014,4.105539
net_cost_cbo_informed_sept29_high,flat,rental_assistance,2015,4.160925
net_cost_cbo_informed_sept29_high,flat,rental_assistance,2016,4.214221
net_cost_cbo_informed_sept29_high,flat,rental_assistance,2017,4.26216
net_cost_cbo_informed_sept29_high,flat,rental_assistance,2018,4.299198
net_cost_cbo_informed_sept29_high,flat,rental_assistance,2019,4.322411
net_cost_cbo_informed_sept29_high,flat,rental_assistance,2020,4.325289
net_cost_cbo_informed_sept29_high,flat,rental_assistance,2021,4.328167
net_cost_cbo_informed_sept29_high,flat,rental_assistance,2022,4.34896
net_cost_cbo_informed_sept29_high,flat,rental_assistance,2023,4.415997
net_cost_cbo_informed_sept29_high,flat,rental_assistance,2024,4.532066
net_cost_cbo_informed_sept29_high,flat,enterprise_surplus,2005,3.819846
net_cost_cbo_informed_sept29_high,flat,enterprise_surplus,2006,4.042036
net_cost_cbo_informed_sept29_high,flat,enterprise_surplus,2007,4.16008
net_cost_cbo_informed_sept29_high,flat,enterprise_surplus,2008,4.384234
net_cost_cbo_informed_sept29_high,flat,enterprise_surplus,2009,4.51992
net_cost_cbo_informed_sept29_high,flat,enterprise_surplus,2010,4.696753
net_cost_cbo_informed_sept29_high,flat,enterprise_surplus,2011,4.786359
net_cost_cbo_informed_sept29_high,flat,enterprise_surplus,2012,4.854918
net_cost_cbo_informed_sept29_high,flat,enterprise_surplus,2013,4.933006
net_cost_cbo_informed_sept29_high,flat,enterprise_surplus,2014,5.037766
net_cost_cbo_informed_sept29_high,flat,enterprise_surplus,2015,5.10573
net_cost_cbo_informed_sept29_high,flat,enterprise_surplus,2016,5.171127
net_cost_cbo_informed_sept29_high,flat,enterprise_surplus,2017,5.229951
net_cost_cbo_informed_sept29_high,flat,enterprise_surplus,2018,5.275399
net_cost_cbo_informed_sept29_high,flat,enterprise_surplus,2019,5.303882
net_cost_cbo_informed_sept29_high,flat,enterprise_surplus,2020,5.307414
net_cost_cbo_informed_sept29_high,flat,enterprise_surplus,2021,5.310946
net_cost_cbo_informed_sept29_high,flat,enterprise_surplus,2022,5.336461
net_cost_cbo_informed_sept29_high,flat,enterprise_surplus,2023,5.418719
net_cost_cbo_informed_sept29_high,flat,enterprise_surplus,2024,5.561143
net_cost_cbo_informed_sept29_high,flat,v4_federal_income_tax,2005,-0.612191
net_cost_cbo_informed_sept29_high,flat,v4_federal_income_tax,2006,-0.6478
net_cost_cbo_informed_sept29_high,flat,v4_federal_income_tax,2007,-0.666719
net_cost_cbo_informed_sept29_high,flat,v4_federal_income_tax,2008,-0.702643
net_cost_cbo_informed_sept29_high,flat,v4_federal_income_tax,2009,-0.724389
net_cost_cbo_informed_sept29_high,flat,v4_federal_income_tax,2010,-0.752729
net_cost_cbo_informed_sept29_high,flat,v4_federal_income_tax,2011,-0.76709
net_cost_cbo_informed_sept29_high,flat,v4_federal_income_tax,2012,-0.778077
net_cost_cbo_informed_sept29_high,flat,v4_federal_income_tax,2013,-0.790592
net_cost_cbo_informed_sept29_high,flat,v4_federal_income_tax,2014,-0.807382
net_cost_cbo_informed_sept29_high,flat,v4_federal_income_tax,2015,-0.818274
net_cost_cbo_informed_sept29_high,flat,v4_federal_income_tax,2016,-0.828755
net_cost_cbo_informed_sept29_high,flat,v4_federal_income_tax,2017,-0.838183
net_cost_cbo_informed_sept29_high,flat,v4_federal_income_tax,2018,-0.845466
net_cost_cbo_informed_sept29_high,flat,v4_federal_income_tax,2019,-0.850031
net_cost_cbo_informed_sept29_high,flat,v4_federal_income_tax,2020,-0.850597
net_cost_cbo_informed_sept29_high,flat,v4_federal_income_tax,2021,-0.851163
net_cost_cbo_informed_sept29_high,flat,v4_federal_income_tax,2022,-0.855252
net_cost_cbo_informed_sept29_high,flat,v4_federal_income_tax,2023,-0.868436
net_cost_cbo_informed_sept29_high,flat,v4_federal_income_tax,2024,-0.891261
net_cost_cbo_informed_sept29_high,flat,v4_state_local_income_tax,2005,-0.004158
net_cost_cbo_informed_sept29_high,flat,v4_state_local_income_tax,2006,-0.0044
net_cost_cbo_informed_sept29_high,flat,v4_state_local_income_tax,2007,-0.004528
net_cost_cbo_informed_sept29_high,flat,v4_state_local_income_tax,2008,-0.004772
net_cost_cbo_informed_sept29_high,flat,v4_state_local_income_tax,2009,-0.00492
net_cost_cbo_informed_sept29_high,flat,v4_state_local_income_tax,2010,-0.005112
net_cost_cbo_informed_sept29_high,flat,v4_state_local_income_tax,2011,-0.00521
net_cost_cbo_informed_sept29_high,flat,v4_state_local_income_tax,2012,-0.005285
net_cost_cbo_informed_sept29_high,flat,v4_state_local_income_tax,2013,-0.00537
net_cost_cbo_informed_sept29_high,flat,v4_state_local_income_tax,2014,-0.005484
net_cost_cbo_informed_sept29_high,flat,v4_state_local_income_tax,2015,-0.005558
net_cost_cbo_informed_sept29_high,flat,v4_state_local_income_tax,2016,-0.005629
net_cost_cbo_informed_sept29_high,flat,v4_state_local_income_tax,2017,-0.005693
net_cost_cbo_informed_sept29_high,flat,v4_state_local_income_tax,2018,-0.005742
net_cost_cbo_informed_sept29_high,flat,v4_state_local_income_tax,2019,-0.005773
net_cost_cbo_informed_sept29_high,flat,v4_state_local_income_tax,2020,-0.005777
net_cost_cbo_informed_sept29_high,flat,v4_state_local_income_tax,2021,-0.005781
net_cost_cbo_informed_sept29_high,flat,v4_state_local_income_tax,2022,-0.005809
net_cost_cbo_informed_sept29_high,flat,v4_state_local_income_tax,2023,-0.005898
net_cost_cbo_informed_sept29_high,flat,v4_state_local_income_tax,2024,-0.006053
net_cost_cbo_informed_sept29_high,flat,v4_personal_motor_vehicle,2005,-0.403078
net_cost_cbo_informed_sept29_high,flat,v4_personal_motor_vehicle,2006,-0.426524
net_cost_cbo_informed_sept29_high,flat,v4_personal_motor_vehicle,2007,-0.43898
net_cost_cbo_informed_sept29_high,flat,v4_personal_motor_vehicle,2008,-0.462633
net_cost_cbo_informed_sept29_high,flat,v4_personal_motor_vehicle,2009,-0.476951
net_cost_cbo_informed_sept29_high,flat,v4_personal_motor_vehicle,2010,-0.495611
net_cost_cbo_informed_sept29_high,flat,v4_personal_motor_vehicle,2011,-0.505066
net_cost_cbo_informed_sept29_high,flat,v4_personal_motor_vehicle,2012,-0.512301
net_cost_cbo_informed_sept29_high,flat,v4_personal_motor_vehicle,2013,-0.520541
net_cost_cbo_informed_sept29_high,flat,v4_personal_motor_vehicle,2014,-0.531595
net_cost_cbo_informed_sept29_high,flat,v4_personal_motor_vehicle,2015,-0.538767
net_cost_cbo_informed_sept29_high,flat,v4_personal_motor_vehicle,2016,-0.545668
net_cost_cbo_informed_sept29_high,flat,v4_personal_motor_vehicle,2017,-0.551875
net_cost_cbo_informed_sept29_high,flat,v4_personal_motor_vehicle,2018,-0.556671
net_cost_cbo_informed_sept29_high,flat,v4_personal_motor_vehicle,2019,-0.559676
net_cost_cbo_informed_sept29_high,flat,v4_personal_motor_vehicle,2020,-0.560049
net_cost_cbo_informed_sept29_high,flat,v4_personal_motor_vehicle,2021,-0.560422
net_cost_cbo_informed_sept29_high,flat,v4_personal_motor_vehicle,2022,-0.563114
net_cost_cbo_informed_sept29_high,flat,v4_personal_motor_vehicle,2023,-0.571794
net_cost_cbo_informed_sept29_high,flat,v4_personal_motor_vehicle,2024,-0.586823
net_cost_cbo_informed_sept29_high,flat,v4_personal_property_tax,2005,-0.910696
net_cost_cbo_informed_sept29_high,flat,v4_personal_property_tax,2006,-0.963668
net_cost_cbo_informed_sept29_high,flat,v4_personal_property_tax,2007,-0.991811
net_cost_cbo_informed_sept29_high,flat,v4_personal_property_tax,2008,-1.045252
net_cost_cbo_informed_sept29_high,flat,v4_personal_property_tax,2009,-1.077601
net_cost_cbo_informed_sept29_high,flat,v4_personal_property_tax,2010,-1.11976
net_cost_cbo_informed_sept29_high,flat,v4_personal_property_tax,2011,-1.141123
net_cost_cbo_informed_sept29_high,flat,v4_personal_property_tax,2012,-1.157469
net_cost_cbo_informed_sept29_high,flat,v4_personal_property_tax,2013,-1.176086
net_cost_cbo_informed_sept29_high,flat,v4_personal_property_tax,2014,-1.201062
net_cost_cbo_informed_sept29_high,flat,v4_personal_property_tax,2015,-1.217265
net_cost_cbo_informed_sept29_high,flat,v4_personal_property_tax,2016,-1.232857
net_cost_cbo_informed_sept29_high,flat,v4_personal_property_tax,2017,-1.246881
net_cost_cbo_informed_sept29_high,flat,v4_personal_property_tax,2018,-1.257716
net_cost_cbo_informed_sept29_high,flat,v4_personal_property_tax,2019,-1.264507
net_cost_cbo_informed_sept29_high,flat,v4_personal_property_tax,2020,-1.265349
net_cost_cbo_informed_sept29_high,flat,v4_personal_property_tax,2021,-1.266191
net_cost_cbo_informed_sept29_high,flat,v4_personal_property_tax,2022,-1.272274
net_cost_cbo_informed_sept29_high,flat,v4_personal_property_tax,2023,-1.291885
net_cost_cbo_informed_sept29_high,flat,v4_personal_property_tax,2024,-1.325841
net_cost_cbo_informed_sept29_high,flat,v4_other_personal_tax,2005,-7.5e-05
net_cost_cbo_informed_sept29_high,flat,v4_other_personal_tax,2006,-8e-05
net_cost_cbo_informed_sept29_high,flat,v4_other_personal_tax,2007,-8.2e-05
net_cost_cbo_informed_sept29_high,flat,v4_other_personal_tax,2008,-8.7e-05
net_cost_cbo_informed_sept29_high,flat,v4_other_personal_tax,2009,-8.9e-05
net_cost_cbo_informed_sept29_high,flat,v4_other_personal_tax,2010,-9.3e-05
net_cost_cbo_informed_sept29_high,flat,v4_other_personal_tax,2011,-9.4e-05
net_cost_cbo_informed_sept29_high,flat,v4_other_personal_tax,2012,-9.6e-05
net_cost_cbo_informed_sept29_high,flat,v4_other_personal_tax,2013,-9.7e-05
net_cost_cbo_informed_sept29_high,flat,v4_other_personal_tax,2014,-9.9e-05
net_cost_cbo_informed_sept29_high,flat,v4_other_personal_tax,2015,-0.000101
net_cost_cbo_informed_sept29_high,flat,v4_other_personal_tax,2016,-0.000102
net_cost_cbo_informed_sept29_high,flat,v4_other_personal_tax,2017,-0.000103
net_cost_cbo_informed_sept29_high,flat,v4_other_personal_tax,2018,-0.000104
net_cost_cbo_informed_sept29_high,flat,v4_other_personal_tax,2019,-0.000105
net_cost_cbo_informed_sept29_high,flat,v4_other_personal_tax,2020,-0.000105
net_cost_cbo_informed_sept29_high,flat,v4_other_personal_tax,2021,-0.000105
net_cost_cbo_informed_sept29_high,flat,v4_other_personal_tax,2022,-0.000105
net_cost_cbo_informed_sept29_high,flat,v4_other_personal_tax,2023,-0.000107
net_cost_cbo_informed_sept29_high,flat,v4_other_personal_tax,2024,-0.00011
net_cost_cbo_informed_sept29_high,flat,v4_employee_oasdi,2005,-0.018752
net_cost_cbo_informed_sept29_high,flat,v4_employee_oasdi,2006,-0.019843
net_cost_cbo_informed_sept29_high,flat,v4_employee_oasdi,2007,-0.020422
net_cost_cbo_informed_sept29_high,flat,v4_employee_oasdi,2008,-0.021523
net_cost_cbo_informed_sept29_high,flat,v4_employee_oasdi,2009,-0.022189
net_cost_cbo_informed_sept29_high,flat,v4_employee_oasdi,2010,-0.023057
net_cost_cbo_informed_sept29_high,flat,v4_employee_oasdi,2011,-0.023497
net_cost_cbo_informed_sept29_high,flat,v4_employee_oasdi,2012,-0.023833
net_cost_cbo_informed_sept29_high,flat,v4_employee_oasdi,2013,-0.024216
net_cost_cbo_informed_sept29_high,flat,v4_employee_oasdi,2014,-0.024731
net_cost_cbo_informed_sept29_high,flat,v4_employee_oasdi,2015,-0.025064
net_cost_cbo_informed_sept29_high,flat,v4_employee_oasdi,2016,-0.025385
net_cost_cbo_informed_sept29_high,flat,v4_employee_oasdi,2017,-0.025674
net_cost_cbo_informed_sept29_high,flat,v4_employee_oasdi,2018,-0.025897
net_cost_cbo_informed_sept29_high,flat,v4_employee_oasdi,2019,-0.026037
net_cost_cbo_informed_sept29_high,flat,v4_employee_oasdi,2020,-0.026054
net_cost_cbo_informed_sept29_high,flat,v4_employee_oasdi,2021,-0.026072
net_cost_cbo_informed_sept29_high,flat,v4_employee_oasdi,2022,-0.026197
net_cost_cbo_informed_sept29_high,flat,v4_employee_oasdi,2023,-0.026601
net_cost_cbo_informed_sept29_high,flat,v4_employee_oasdi,2024,-0.0273
net_cost_cbo_informed_sept29_high,flat,v4_employee_hi,2005,-0.009579
net_cost_cbo_informed_sept29_high,flat,v4_employee_hi,2006,-0.010136
net_cost_cbo_informed_sept29_high,flat,v4_employee_hi,2007,-0.010432
net_cost_cbo_informed_sept29_high,flat,v4_employee_hi,2008,-0.010994
net_cost_cbo_informed_sept29_high,flat,v4_employee_hi,2009,-0.011334
net_cost_cbo_informed_sept29_high,flat,v4_employee_hi,2010,-0.011778
net_cost_cbo_informed_sept29_high,flat,v4_employee_hi,2011,-0.012002
net_cost_cbo_informed_sept29_high,flat,v4_employee_hi,2012,-0.012174
net_cost_cbo_informed_sept29_high,flat,v4_employee_hi,2013,-0.01237
net_cost_cbo_informed_sept29_high,flat,v4_employee_hi,2014,-0.012633
net_cost_cbo_informed_sept29_high,flat,v4_employee_hi,2015,-0.012803
net_cost_cbo_informed_sept29_high,flat,v4_employee_hi,2016,-0.012967
net_cost_cbo_informed_sept29_high,flat,v4_employee_hi,2017,-0.013115
net_cost_cbo_informed_sept29_high,flat,v4_employee_hi,2018,-0.013229
net_cost_cbo_informed_sept29_high,flat,v4_employee_hi,2019,-0.0133
net_cost_cbo_informed_sept29_high,flat,v4_employee_hi,2020,-0.013309
net_cost_cbo_informed_sept29_high,flat,v4_employee_hi,2021,-0.013318
net_cost_cbo_informed_sept29_high,flat,v4_employee_hi,2022,-0.013382
net_cost_cbo_informed_sept29_high,flat,v4_employee_hi,2023,-0.013588
net_cost_cbo_informed_sept29_high,flat,v4_employee_hi,2024,-0.013945
net_cost_cbo_informed_sept29_high,flat,v4_self_employment_oasdi_hi,2005,0.55868
net_cost_cbo_informed_sept29_high,flat,v4_self_employment_oasdi_hi,2006,0.591176
net_cost_cbo_informed_sept29_high,flat,v4_self_employment_oasdi_hi,2007,0.608441
net_cost_cbo_informed_sept29_high,flat,v4_self_employment_oasdi_hi,2008,0.641225
net_cost_cbo_informed_sept29_high,flat,v4_self_employment_oasdi_hi,2009,0.66107
net_cost_cbo_informed_sept29_high,flat,v4_self_employment_oasdi_hi,2010,0.686933
net_cost_cbo_informed_sept29_high,flat,v4_self_employment_oasdi_hi,2011,0.700039
net_cost_cbo_informed_sept29_high,flat,v4_self_employment_oasdi_hi,2012,0.710066
net_cost_cbo_informed_sept29_high,flat,v4_self_employment_oasdi_hi,2013,0.721487
net_cost_cbo_informed_sept29_high,flat,v4_self_employment_oasdi_hi,2014,0.736809
net_cost_cbo_informed_sept29_high,flat,v4_self_employment_oasdi_hi,2015,0.746749
net_cost_cbo_informed_sept29_high,flat,v4_self_employment_oasdi_hi,2016,0.756314
net_cost_cbo_informed_sept29_high,flat,v4_self_employment_oasdi_hi,2017,0.764917
net_cost_cbo_informed_sept29_high,flat,v4_self_employment_oasdi_hi,2018,0.771564
net_cost_cbo_informed_sept29_high,flat,v4_self_employment_oasdi_hi,2019,0.77573
net_cost_cbo_informed_sept29_high,flat,v4_self_employment_oasdi_hi,2020,0.776247
net_cost_cbo_informed_sept29_high,flat,v4_self_employment_oasdi_hi,2021,0.776763
net_cost_cbo_informed_sept29_high,flat,v4_self_employment_oasdi_hi,2022,0.780495
net_cost_cbo_informed_sept29_high,flat,v4_self_employment_oasdi_hi,2023,0.792526
net_cost_cbo_informed_sept29_high,flat,v4_self_employment_oasdi_hi,2024,0.813357
net_cost_cbo_informed_sept29_high,flat,v4_employer_oasdi,2005,-0.018914
net_cost_cbo_informed_sept29_high,flat,v4_employer_oasdi,2006,-0.020014
net_cost_cbo_informed_sept29_high,flat,v4_employer_oasdi,2007,-0.020598
net_cost_cbo_informed_sept29_high,flat,v4_employer_oasdi,2008,-0.021708
net_cost_cbo_informed_sept29_high,flat,v4_employer_oasdi,2009,-0.02238
net_cost_cbo_informed_sept29_high,flat,v4_employer_oasdi,2010,-0.023256
net_cost_cbo_informed_sept29_high,flat,v4_employer_oasdi,2011,-0.023699
net_cost_cbo_informed_sept29_high,flat,v4_employer_oasdi,2012,-0.024039
net_cost_cbo_informed_sept29_high,flat,v4_employer_oasdi,2013,-0.024426
net_cost_cbo_informed_sept29_high,flat,v4_employer_oasdi,2014,-0.024944
net_cost_cbo_informed_sept29_high,flat,v4_employer_oasdi,2015,-0.025281
net_cost_cbo_informed_sept29_high,flat,v4_employer_oasdi,2016,-0.025605
net_cost_cbo_informed_sept29_high,flat,v4_employer_oasdi,2017,-0.025896
net_cost_cbo_informed_sept29_high,flat,v4_employer_oasdi,2018,-0.026121
net_cost_cbo_informed_sept29_high,flat,v4_employer_oasdi,2019,-0.026262
net_cost_cbo_informed_sept29_high,flat,v4_employer_oasdi,2020,-0.026279
net_cost_cbo_informed_sept29_high,flat,v4_employer_oasdi,2021,-0.026297
net_cost_cbo_informed_sept29_high,flat,v4_employer_oasdi,2022,-0.026423
net_cost_cbo_informed_sept29_high,flat,v4_employer_oasdi,2023,-0.026831
net_cost_cbo_informed_sept29_high,flat,v4_employer_oasdi,2024,-0.027536
net_cost_cbo_informed_sept29_high,flat,v4_employer_hi,2005,-0.00852
net_cost_cbo_informed_sept29_high,flat,v4_employer_hi,2006,-0.009016
net_cost_cbo_informed_sept29_high,flat,v4_employer_hi,2007,-0.009279
net_cost_cbo_informed_sept29_high,flat,v4_employer_hi,2008,-0.009779
net_cost_cbo_informed_sept29_high,flat,v4_employer_hi,2009,-0.010082
net_cost_cbo_informed_sept29_high,flat,v4_employer_hi,2010,-0.010476
net_cost_cbo_informed_sept29_high,flat,v4_employer_hi,2011,-0.010676
net_cost_cbo_informed_sept29_high,flat,v4_employer_hi,2012,-0.010829
net_cost_cbo_informed_sept29_high,flat,v4_employer_hi,2013,-0.011003
net_cost_cbo_informed_sept29_high,flat,v4_employer_hi,2014,-0.011237
net_cost_cbo_informed_sept29_high,flat,v4_employer_hi,2015,-0.011389
net_cost_cbo_informed_sept29_high,flat,v4_employer_hi,2016,-0.011534
net_cost_cbo_informed_sept29_high,flat,v4_employer_hi,2017,-0.011666
net_cost_cbo_informed_sept29_high,flat,v4_employer_hi,2018,-0.011767
net_cost_cbo_informed_sept29_high,flat,v4_employer_hi,2019,-0.011831
net_cost_cbo_informed_sept29_high,flat,v4_employer_hi,2020,-0.011838
net_cost_cbo_informed_sept29_high,flat,v4_employer_hi,2021,-0.011846
net_cost_cbo_informed_sept29_high,flat,v4_employer_hi,2022,-0.011903
net_cost_cbo_informed_sept29_high,flat,v4_employer_hi,2023,-0.012087
net_cost_cbo_informed_sept29_high,flat,v4_employer_hi,2024,-0.012404
net_cost_cbo_informed_sept29_high,flat,v4_other_domestic_social_contributions,2005,-0.017024
net_cost_cbo_informed_sept29_high,flat,v4_other_domestic_social_contributions,2006,-0.018014
net_cost_cbo_informed_sept29_high,flat,v4_other_domestic_social_contributions,2007,-0.01854
net_cost_cbo_informed_sept29_high,flat,v4_other_domestic_social_contributions,2008,-0.019539
net_cost_cbo_informed_sept29_high,flat,v4_other_domestic_social_contributions,2009,-0.020144
net_cost_cbo_informed_sept29_high,flat,v4_other_domestic_social_contributions,2010,-0.020932
net_cost_cbo_informed_sept29_high,flat,v4_other_domestic_social_contributions,2011,-0.021331
net_cost_cbo_informed_sept29_high,flat,v4_other_domestic_social_contributions,2012,-0.021636
net_cost_cbo_informed_sept29_high,flat,v4_other_domestic_social_contributions,2013,-0.021984
net_cost_cbo_informed_sept29_high,flat,v4_other_domestic_social_contributions,2014,-0.022451
net_cost_cbo_informed_sept29_high,flat,v4_other_domestic_social_contributions,2015,-0.022754
net_cost_cbo_informed_sept29_high,flat,v4_other_domestic_social_contributions,2016,-0.023046
net_cost_cbo_informed_sept29_high,flat,v4_other_domestic_social_contributions,2017,-0.023308
net_cost_cbo_informed_sept29_high,flat,v4_other_domestic_social_contributions,2018,-0.02351
net_cost_cbo_informed_sept29_high,flat,v4_other_domestic_social_contributions,2019,-0.023637
net_cost_cbo_informed_sept29_high,flat,v4_other_domestic_social_contributions,2020,-0.023653
net_cost_cbo_informed_sept29_high,flat,v4_other_domestic_social_contributions,2021,-0.023669
net_cost_cbo_informed_sept29_high,flat,v4_other_domestic_social_contributions,2022,-0.023783
net_cost_cbo_informed_sept29_high,flat,v4_other_domestic_social_contributions,2023,-0.024149
net_cost_cbo_informed_sept29_high,flat,v4_other_domestic_social_contributions,2024,-0.024784
net_cost_cbo_informed_sept29_high,flat,v4_general_sales_tax,2005,-4.090795
net_cost_cbo_informed_sept29_high,flat,v4_general_sales_tax,2006,-4.328745
net_cost_cbo_informed_sept29_high,flat,v4_general_sales_tax,2007,-4.455162
net_cost_cbo_informed_sept29_high,flat,v4_general_sales_tax,2008,-4.695216
net_cost_cbo_informed_sept29_high,flat,v4_general_sales_tax,2009,-4.840527
net_cost_cbo_informed_sept29_high,flat,v4_general_sales_tax,2010,-5.029903
net_cost_cbo_informed_sept29_high,flat,v4_general_sales_tax,2011,-5.125864
net_cost_cbo_informed_sept29_high,flat,v4_general_sales_tax,2012,-5.199286
net_cost_cbo_informed_sept29_high,flat,v4_general_sales_tax,2013,-5.282914
net_cost_cbo_informed_sept29_high,flat,v4_general_sales_tax,2014,-5.395105
net_cost_cbo_informed_sept29_high,flat,v4_general_sales_tax,2015,-5.467889
net_cost_cbo_informed_sept29_high,flat,v4_general_sales_tax,2016,-5.537924
net_cost_cbo_informed_sept29_high,flat,v4_general_sales_tax,2017,-5.600922
net_cost_cbo_informed_sept29_high,flat,v4_general_sales_tax,2018,-5.649593
net_cost_cbo_informed_sept29_high,flat,v4_general_sales_tax,2019,-5.680097
net_cost_cbo_informed_sept29_high,flat,v4_general_sales_tax,2020,-5.683879
net_cost_cbo_informed_sept29_high,flat,v4_general_sales_tax,2021,-5.687662
net_cost_cbo_informed_sept29_high,flat,v4_general_sales_tax,2022,-5.714986
net_cost_cbo_informed_sept29_high,flat,v4_general_sales_tax,2023,-5.803079
net_cost_cbo_informed_sept29_high,flat,v4_general_sales_tax,2024,-5.955606
net_cost_cbo_informed_sept29_high,flat,v4_modeled_owner_property,2005,-13.0849
net_cost_cbo_informed_sept29_high,flat,v4_modeled_owner_property,2006,-13.846011
net_cost_cbo_informed_sept29_high,flat,v4_modeled_owner_property,2007,-14.250373
net_cost_cbo_informed_sept29_high,flat,v4_modeled_owner_property,2008,-15.018212
net_cost_cbo_informed_sept29_high,flat,v4_modeled_owner_property,2009,-15.483007
net_cost_cbo_informed_sept29_high,flat,v4_modeled_owner_property,2010,-16.088749
net_cost_cbo_informed_sept29_high,flat,v4_modeled_owner_property,2011,-16.395694
net_cost_cbo_informed_sept29_high,flat,v4_modeled_owner_property,2012,-16.630542
net_cost_cbo_informed_sept29_high,flat,v4_modeled_owner_property,2013,-16.898034
net_cost_cbo_informed_sept29_high,flat,v4_modeled_owner_property,2014,-17.256891
net_cost_cbo_informed_sept29_high,flat,v4_modeled_owner_property,2015,-17.489699
net_cost_cbo_informed_sept29_high,flat,v4_modeled_owner_property,2016,-17.713717
net_cost_cbo_informed_sept29_high,flat,v4_modeled_owner_property,2017,-17.915221
net_cost_cbo_informed_sept29_high,flat,v4_modeled_owner_property,2018,-18.070903
net_cost_cbo_informed_sept29_high,flat,v4_modeled_owner_property,2019,-18.168473
net_cost_cbo_informed_sept29_high,flat,v4_modeled_owner_property,2020,-18.180571
net_cost_cbo_informed_sept29_high,flat,v4_modeled_owner_property,2021,-18.19267
net_cost_cbo_informed_sept29_high,flat,v4_modeled_owner_property,2022,-18.280069
net_cost_cbo_informed_sept29_high,flat,v4_modeled_owner_property,2023,-18.561847
net_cost_cbo_informed_sept29_high,flat,v4_modeled_owner_property,2024,-19.049721
net_cost_cbo_informed_sept29_high,flat,v4_excise_selective_sales,2005,-1.081888
net_cost_cbo_informed_sept29_high,flat,v4_excise_selective_sales,2006,-1.144818
net_cost_cbo_informed_sept29_high,flat,v4_excise_selective_sales,2007,-1.178252
net_cost_cbo_informed_sept29_high,flat,v4_excise_selective_sales,2008,-1.241738
net_cost_cbo_informed_sept29_high,flat,v4_excise_selective_sales,2009,-1.280169
net_cost_cbo_informed_sept29_high,flat,v4_excise_selective_sales,2010,-1.330253
net_cost_cbo_informed_sept29_high,flat,v4_excise_selective_sales,2011,-1.355632
net_cost_cbo_informed_sept29_high,flat,v4_excise_selective_sales,2012,-1.375049
net_cost_cbo_informed_sept29_high,flat,v4_excise_selective_sales,2013,-1.397166
net_cost_cbo_informed_sept29_high,flat,v4_excise_selective_sales,2014,-1.426837
net_cost_cbo_informed_sept29_high,flat,v4_excise_selective_sales,2015,-1.446086
net_cost_cbo_informed_sept29_high,flat,v4_excise_selective_sales,2016,-1.464609
net_cost_cbo_informed_sept29_high,flat,v4_excise_selective_sales,2017,-1.481269
net_cost_cbo_informed_sept29_high,flat,v4_excise_selective_sales,2018,-1.494142
net_cost_cbo_informed_sept29_high,flat,v4_excise_selective_sales,2019,-1.502209
net_cost_cbo_informed_sept29_high,flat,v4_excise_selective_sales,2020,-1.503209
net_cost_cbo_informed_sept29_high,flat,v4_excise_selective_sales,2021,-1.504209
net_cost_cbo_informed_sept29_high,flat,v4_excise_selective_sales,2022,-1.511436
net_cost_cbo_informed_sept29_high,flat,v4_excise_selective_sales,2023,-1.534734
net_cost_cbo_informed_sept29_high,flat,v4_excise_selective_sales,2024,-1.575072
net_cost_cbo_informed_sept29_high,flat,v4_customs_duties,2005,-0.02642
net_cost_cbo_informed_sept29_high,flat,v4_customs_duties,2006,-0.027957
net_cost_cbo_informed_sept29_high,flat,v4_customs_duties,2007,-0.028773
net_cost_cbo_informed_sept29_high,flat,v4_customs_duties,2008,-0.030323
net_cost_cbo_informed_sept29_high,flat,v4_customs_duties,2009,-0.031262
net_cost_cbo_informed_sept29_high,flat,v4_customs_duties,2010,-0.032485
net_cost_cbo_informed_sept29_high,flat,v4_customs_duties,2011,-0.033105
net_cost_cbo_informed_sept29_high,flat,v4_customs_duties,2012,-0.033579
net_cost_cbo_informed_sept29_high,flat,v4_customs_duties,2013,-0.034119
net_cost_cbo_informed_sept29_high,flat,v4_customs_duties,2014,-0.034844
net_cost_cbo_informed_sept29_high,flat,v4_customs_duties,2015,-0.035314
net_cost_cbo_informed_sept29_high,flat,v4_customs_duties,2016,-0.035766
net_cost_cbo_informed_sept29_high,flat,v4_customs_duties,2017,-0.036173
net_cost_cbo_informed_sept29_high,flat,v4_customs_duties,2018,-0.036487
net_cost_cbo_informed_sept29_high,flat,v4_customs_duties,2019,-0.036684
net_cost_cbo_informed_sept29_high,flat,v4_customs_duties,2020,-0.036709
net_cost_cbo_informed_sept29_high,flat,v4_customs_duties,2021,-0.036733
net_cost_cbo_informed_sept29_high,flat,v4_customs_duties,2022,-0.036909
net_cost_cbo_informed_sept29_high,flat,v4_customs_duties,2023,-0.037478
net_cost_cbo_informed_sept29_high,flat,v4_customs_duties,2024,-0.038463
net_cost_cbo_informed_sept29_high,flat,v4_personal_current_transfers,2005,-0.044587
net_cost_cbo_informed_sept29_high,flat,v4_personal_current_transfers,2006,-0.047181
net_cost_cbo_informed_sept29_high,flat,v4_personal_current_transfers,2007,-0.048559
net_cost_cbo_informed_sept29_high,flat,v4_personal_current_transfers,2008,-0.051175
net_cost_cbo_informed_sept29_high,flat,v4_personal_current_transfers,2009,-0.052759
net_cost_cbo_informed_sept29_high,flat,v4_personal_current_transfers,2010,-0.054823
net_cost_cbo_informed_sept29_high,flat,v4_personal_current_transfers,2011,-0.055869
net_cost_cbo_informed_sept29_high,flat,v4_personal_current_transfers,2012,-0.056669
net_cost_cbo_informed_sept29_high,flat,v4_personal_current_transfers,2013,-0.057581
net_cost_cbo_informed_sept29_high,flat,v4_personal_current_transfers,2014,-0.058804
net_cost_cbo_informed_sept29_high,flat,v4_personal_current_transfers,2015,-0.059597
net_cost_cbo_informed_sept29_high,flat,v4_personal_current_transfers,2016,-0.06036
net_cost_cbo_informed_sept29_high,flat,v4_personal_current_transfers,2017,-0.061047
net_cost_cbo_informed_sept29_high,flat,v4_personal_current_transfers,2018,-0.061577
net_cost_cbo_informed_sept29_high,flat,v4_personal_current_transfers,2019,-0.06191
net_cost_cbo_informed_sept29_high,flat,v4_personal_current_transfers,2020,-0.061951
net_cost_cbo_informed_sept29_high,flat,v4_personal_current_transfers,2021,-0.061992
net_cost_cbo_informed_sept29_high,flat,v4_personal_current_transfers,2022,-0.06229
net_cost_cbo_informed_sept29_high,flat,v4_personal_current_transfers,2023,-0.06325
net_cost_cbo_informed_sept29_high,flat,v4_personal_current_transfers,2024,-0.064913
net_cost_cbo_informed_sept29_high,flat,v4_enterprise_surplus,2005,-3.243408
net_cost_cbo_informed_sept29_high,flat,v4_enterprise_surplus,2006,-3.432068
net_cost_cbo_informed_sept29_high,flat,v4_enterprise_surplus,2007,-3.532299
net_cost_cbo_informed_sept29_high,flat,v4_enterprise_surplus,2008,-3.722627
net_cost_cbo_informed_sept29_high,flat,v4_enterprise_surplus,2009,-3.837837
net_cost_cbo_informed_sept29_high,flat,v4_enterprise_surplus,2010,-3.987985
net_cost_cbo_informed_sept29_high,flat,v4_enterprise_surplus,2011,-4.064069
net_cost_cbo_informed_sept29_high,flat,v4_enterprise_surplus,2012,-4.122281
net_cost_cbo_informed_sept29_high,flat,v4_enterprise_surplus,2013,-4.188586
net_cost_cbo_informed_sept29_high,flat,v4_enterprise_surplus,2014,-4.277537
net_cost_cbo_informed_sept29_high,flat,v4_enterprise_surplus,2015,-4.335244
net_cost_cbo_informed_sept29_high,flat,v4_enterprise_surplus,2016,-4.390772
net_cost_cbo_informed_sept29_high,flat,v4_enterprise_surplus,2017,-4.44072
net_cost_cbo_informed_sept29_high,flat,v4_enterprise_surplus,2018,-4.47931
net_cost_cbo_informed_sept29_high,flat,v4_enterprise_surplus,2019,-4.503495
net_cost_cbo_informed_sept29_high,flat,v4_enterprise_surplus,2020,-4.506493
net_cost_cbo_informed_sept29_high,flat,v4_enterprise_surplus,2021,-4.509492
net_cost_cbo_informed_sept29_high,flat,v4_enterprise_surplus,2022,-4.531157
net_cost_cbo_informed_sept29_high,flat,v4_enterprise_surplus,2023,-4.601002
net_cost_cbo_informed_sept29_high,flat,v4_enterprise_surplus,2024,-4.721933
net_cost_cbo_informed_sept29_high,flat,v4_housing_enterprise_surplus,2005,2.353344
net_cost_cbo_informed_sept29_high,flat,v4_housing_enterprise_surplus,2006,2.490232
net_cost_cbo_informed_sept29_high,flat,v4_housing_enterprise_surplus,2007,2.562957
net_cost_cbo_informed_sept29_high,flat,v4_housing_enterprise_surplus,2008,2.701054
net_cost_cbo_informed_sept29_high,flat,v4_housing_enterprise_surplus,2009,2.784648
net_cost_cbo_informed_sept29_high,flat,v4_housing_enterprise_surplus,2010,2.893592
net_cost_cbo_informed_sept29_high,flat,v4_housing_enterprise_surplus,2011,2.948797
net_cost_cbo_informed_sept29_high,flat,v4_housing_enterprise_surplus,2012,2.991035
net_cost_cbo_informed_sept29_high,flat,v4_housing_enterprise_surplus,2013,3.039144
net_cost_cbo_informed_sept29_high,flat,v4_housing_enterprise_surplus,2014,3.103685
net_cost_cbo_informed_sept29_high,flat,v4_housing_enterprise_surplus,2015,3.145556
net_cost_cbo_informed_sept29_high,flat,v4_housing_enterprise_surplus,2016,3.185846
net_cost_cbo_informed_sept29_high,flat,v4_housing_enterprise_surplus,2017,3.222087
net_cost_cbo_informed_sept29_high,flat,v4_housing_enterprise_surplus,2018,3.250086
net_cost_cbo_informed_sept29_high,flat,v4_housing_enterprise_surplus,2019,3.267634
net_cost_cbo_informed_sept29_high,flat,v4_housing_enterprise_surplus,2020,3.26981
net_cost_cbo_informed_sept29_high,flat,v4_housing_enterprise_surplus,2021,3.271986
net_cost_cbo_informed_sept29_high,flat,v4_housing_enterprise_surplus,2022,3.287705
net_cost_cbo_informed_sept29_high,flat,v4_housing_enterprise_surplus,2023,3.338383
net_cost_cbo_informed_sept29_high,flat,v4_housing_enterprise_surplus,2024,3.426129
net_cost_cbo_informed_sept29_high,flat,v4_tenant_occupied_property,2005,-4.678187
net_cost_cbo_informed_sept29_high,flat,v4_tenant_occupied_property,2006,-4.950304
net_cost_cbo_informed_sept29_high,flat,v4_tenant_occupied_property,2007,-5.094873
net_cost_cbo_informed_sept29_high,flat,v4_tenant_occupied_property,2008,-5.369396
net_cost_cbo_informed_sept29_high,flat,v4_tenant_occupied_property,2009,-5.535572
net_cost_cbo_informed_sept29_high,flat,v4_tenant_occupied_property,2010,-5.75214
net_cost_cbo_informed_sept29_high,flat,v4_tenant_occupied_property,2011,-5.861881
net_cost_cbo_informed_sept29_high,flat,v4_tenant_occupied_property,2012,-5.945845
net_cost_cbo_informed_sept29_high,flat,v4_tenant_occupied_property,2013,-6.04148
net_cost_cbo_informed_sept29_high,flat,v4_tenant_occupied_property,2014,-6.169781
net_cost_cbo_informed_sept29_high,flat,v4_tenant_occupied_property,2015,-6.253016
net_cost_cbo_informed_sept29_high,flat,v4_tenant_occupied_property,2016,-6.333108
net_cost_cbo_informed_sept29_high,flat,v4_tenant_occupied_property,2017,-6.405151
net_cost_cbo_informed_sept29_high,flat,v4_tenant_occupied_property,2018,-6.460811
net_cost_cbo_informed_sept29_high,flat,v4_tenant_occupied_property,2019,-6.495695
net_cost_cbo_informed_sept29_high,flat,v4_tenant_occupied_property,2020,-6.50002
net_cost_cbo_informed_sept29_high,flat,v4_tenant_occupied_property,2021,-6.504346
net_cost_cbo_informed_sept29_high,flat,v4_tenant_occupied_property,2022,-6.535593
net_cost_cbo_informed_sept29_high,flat,v4_tenant_occupied_property,2023,-6.636336
net_cost_cbo_informed_sept29_high,flat,v4_tenant_occupied_property,2024,-6.810763
net_cost_cbo_informed_sept29_high,flat,v4_social_security_accrual,2005,70.58047
net_cost_cbo_informed_sept29_high,flat,v4_social_security_accrual,2006,74.685937
net_cost_cbo_informed_sept29_high,flat,v4_social_security_accrual,2007,76.867076
net_cost_cbo_informed_sept29_high,flat,v4_social_security_accrual,2008,81.008836
net_cost_cbo_informed_sept29_high,flat,v4_social_security_accrual,2009,83.515958
net_cost_cbo_informed_sept29_high,flat,v4_social_security_accrual,2010,86.783355
net_cost_cbo_informed_sept29_high,flat,v4_social_security_accrual,2011,88.439025
net_cost_cbo_informed_sept29_high,flat,v4_social_security_accrual,2012,89.705808
net_cost_cbo_informed_sept29_high,flat,v4_social_security_accrual,2013,91.148668
net_cost_cbo_informed_sept29_high,flat,v4_social_security_accrual,2014,93.084356
net_cost_cbo_informed_sept29_high,flat,v4_social_security_accrual,2015,94.340134
net_cost_cbo_informed_sept29_high,flat,v4_social_security_accrual,2016,95.548495
net_cost_cbo_informed_sept29_high,flat,v4_social_security_accrual,2017,96.635416
net_cost_cbo_informed_sept29_high,flat,v4_social_security_accrual,2018,97.475172
net_cost_cbo_informed_sept29_high,flat,v4_social_security_accrual,2019,98.001465
net_cost_cbo_informed_sept29_high,flat,v4_social_security_accrual,2020,98.066724
net_cost_cbo_informed_sept29_high,flat,v4_social_security_accrual,2021,98.131983
net_cost_cbo_informed_sept29_high,flat,v4_social_security_accrual,2022,98.603422
net_cost_cbo_informed_sept29_high,flat,v4_social_security_accrual,2023,100.123339
net_cost_cbo_informed_sept29_high,flat,v4_social_security_accrual,2024,102.754953
net_cost_cbo_informed_sept29_high,flat,v4_social_security_cash,2005,-36.420099
net_cost_cbo_informed_sept29_high,flat,v4_social_security_cash,2006,-38.538554
net_cost_cbo_informed_sept29_high,flat,v4_social_security_cash,2007,-39.66404
net_cost_cbo_informed_sept29_high,flat,v4_social_security_cash,2008,-41.801221
net_cost_cbo_informed_sept29_high,flat,v4_social_security_cash,2009,-43.094917
net_cost_cbo_informed_sept29_high,flat,v4_social_security_cash,2010,-44.78092
net_cost_cbo_informed_sept29_high,flat,v4_social_security_cash,2011,-45.63526
net_cost_cbo_informed_sept29_high,flat,v4_social_security_cash,2012,-46.28893
net_cost_cbo_informed_sept29_high,flat,v4_social_security_cash,2013,-47.033458
net_cost_cbo_informed_sept29_high,flat,v4_social_security_cash,2014,-48.032289
net_cost_cbo_informed_sept29_high,flat,v4_social_security_cash,2015,-48.68028
net_cost_cbo_informed_sept29_high,flat,v4_social_security_cash,2016,-49.303804
net_cost_cbo_informed_sept29_high,flat,v4_social_security_cash,2017,-49.864665
net_cost_cbo_informed_sept29_high,flat,v4_social_security_cash,2018,-50.297986
net_cost_cbo_informed_sept29_high,flat,v4_social_security_cash,2019,-50.569557
net_cost_cbo_informed_sept29_high,flat,v4_social_security_cash,2020,-50.603231
net_cost_cbo_informed_sept29_high,flat,v4_social_security_cash,2021,-50.636906
net_cost_cbo_informed_sept29_high,flat,v4_social_security_cash,2022,-50.880172
net_cost_cbo_informed_sept29_high,flat,v4_social_security_cash,2023,-51.664461
net_cost_cbo_informed_sept29_high,flat,v4_social_security_cash,2024,-53.022396
net_cost_cbo_informed_sept29_high,flat,v4_medicare_part_a_accrual,2005,28.256329
net_cost_cbo_informed_sept29_high,flat,v4_medicare_part_a_accrual,2006,29.89992
net_cost_cbo_informed_sept29_high,flat,v4_medicare_part_a_accrual,2007,30.773122
net_cost_cbo_informed_sept29_high,flat,v4_medicare_part_a_accrual,2008,32.431243
net_cost_cbo_informed_sept29_high,flat,v4_medicare_part_a_accrual,2009,33.434949
net_cost_cbo_informed_sept29_high,flat,v4_medicare_part_a_accrual,2010,34.743025
net_cost_cbo_informed_sept29_high,flat,v4_medicare_part_a_accrual,2011,35.40586
net_cost_cbo_informed_sept29_high,flat,v4_medicare_part_a_accrual,2012,35.913006
net_cost_cbo_informed_sept29_high,flat,v4_medicare_part_a_accrual,2013,36.490644
net_cost_cbo_informed_sept29_high,flat,v4_medicare_part_a_accrual,2014,37.265581
net_cost_cbo_informed_sept29_high,flat,v4_medicare_part_a_accrual,2015,37.768322
net_cost_cbo_informed_sept29_high,flat,v4_medicare_part_a_accrual,2016,38.25208
net_cost_cbo_informed_sept29_high,flat,v4_medicare_part_a_accrual,2017,38.68722
net_cost_cbo_informed_sept29_high,flat,v4_medicare_part_a_accrual,2018,39.02341
net_cost_cbo_informed_sept29_high,flat,v4_medicare_part_a_accrual,2019,39.234106
net_cost_cbo_informed_sept29_high,flat,v4_medicare_part_a_accrual,2020,39.260233
net_cost_cbo_informed_sept29_high,flat,v4_medicare_part_a_accrual,2021,39.286359
net_cost_cbo_informed_sept29_high,flat,v4_medicare_part_a_accrual,2022,39.475095
net_cost_cbo_informed_sept29_high,flat,v4_medicare_part_a_accrual,2023,40.083582
net_cost_cbo_informed_sept29_high,flat,v4_medicare_part_a_accrual,2024,41.137128
net_cost_cbo_informed_sept29_high,flat,v4_medicare_cash,2005,-13.506224
net_cost_cbo_informed_sept29_high,flat,v4_medicare_cash,2006,-14.291843
net_cost_cbo_informed_sept29_high,flat,v4_medicare_cash,2007,-14.709224
net_cost_cbo_informed_sept29_high,flat,v4_medicare_cash,2008,-15.501788
net_cost_cbo_informed_sept29_high,flat,v4_medicare_cash,2009,-15.981549
net_cost_cbo_informed_sept29_high,flat,v4_medicare_cash,2010,-16.606796
net_cost_cbo_informed_sept29_high,flat,v4_medicare_cash,2011,-16.923624
net_cost_cbo_informed_sept29_high,flat,v4_medicare_cash,2012,-17.166034
net_cost_cbo_informed_sept29_high,flat,v4_medicare_cash,2013,-17.442139
net_cost_cbo_informed_sept29_high,flat,v4_medicare_cash,2014,-17.812551
net_cost_cbo_informed_sept29_high,flat,v4_medicare_cash,2015,-18.052855
net_cost_cbo_informed_sept29_high,flat,v4_medicare_cash,2016,-18.284086
net_cost_cbo_informed_sept29_high,flat,v4_medicare_cash,2017,-18.492079
net_cost_cbo_informed_sept29_high,flat,v4_medicare_cash,2018,-18.652774
net_cost_cbo_informed_sept29_high,flat,v4_medicare_cash,2019,-18.753485
net_cost_cbo_informed_sept29_high,flat,v4_medicare_cash,2020,-18.765973
net_cost_cbo_informed_sept29_high,flat,v4_medicare_cash,2021,-18.778461
net_cost_cbo_informed_sept29_high,flat,v4_medicare_cash,2022,-18.868675
net_cost_cbo_informed_sept29_high,flat,v4_medicare_cash,2023,-19.159525
net_cost_cbo_informed_sept29_high,flat,v4_medicare_cash,2024,-19.663109
net_cost_cbo_informed_sept29_high,flat,v4_workers_compensation,2005,-0.503079
net_cost_cbo_informed_sept29_high,flat,v4_workers_compensation,2006,-0.532342
net_cost_cbo_informed_sept29_high,flat,v4_workers_compensation,2007,-0.547888
net_cost_cbo_informed_sept29_high,flat,v4_workers_compensation,2008,-0.57741
net_cost_cbo_informed_sept29_high,flat,v4_workers_compensation,2009,-0.59528
net_cost_cbo_informed_sept29_high,flat,v4_workers_compensation,2010,-0.618569
net_cost_cbo_informed_sept29_high,flat,v4_workers_compensation,2011,-0.63037
net_cost_cbo_informed_sept29_high,flat,v4_workers_compensation,2012,-0.6394
net_cost_cbo_informed_sept29_high,flat,v4_workers_compensation,2013,-0.649684
net_cost_cbo_informed_sept29_high,flat,v4_workers_compensation,2014,-0.663481
net_cost_cbo_informed_sept29_high,flat,v4_workers_compensation,2015,-0.672432
net_cost_cbo_informed_sept29_high,flat,v4_workers_compensation,2016,-0.681045
net_cost_cbo_informed_sept29_high,flat,v4_workers_compensation,2017,-0.688792
net_cost_cbo_informed_sept29_high,flat,v4_workers_compensation,2018,-0.694778
net_cost_cbo_informed_sept29_high,flat,v4_workers_compensation,2019,-0.698529
net_cost_cbo_informed_sept29_high,flat,v4_workers_compensation,2020,-0.698994
net_cost_cbo_informed_sept29_high,flat,v4_workers_compensation,2021,-0.699459
net_cost_cbo_informed_sept29_high,flat,v4_workers_compensation,2022,-0.702819
net_cost_cbo_informed_sept29_high,flat,v4_workers_compensation,2023,-0.713653
net_cost_cbo_informed_sept29_high,flat,v4_workers_compensation,2024,-0.73241
net_cost_cbo_informed_sept29_high,flat,v4_housing_subsidies,2005,-0.271611
net_cost_cbo_informed_sept29_high,flat,v4_housing_subsidies,2006,-0.287409
net_cost_cbo_informed_sept29_high,flat,v4_housing_subsidies,2007,-0.295803
net_cost_cbo_informed_sept29_high,flat,v4_housing_subsidies,2008,-0.311741
net_cost_cbo_informed_sept29_high,flat,v4_housing_subsidies,2009,-0.321389
net_cost_cbo_informed_sept29_high,flat,v4_housing_subsidies,2010,-0.333963
net_cost_cbo_informed_sept29_high,flat,v4_housing_subsidies,2011,-0.340335
net_cost_cbo_informed_sept29_high,flat,v4_housing_subsidies,2012,-0.345209
net_cost_cbo_informed_sept29_high,flat,v4_housing_subsidies,2013,-0.350762
net_cost_cbo_informed_sept29_high,flat,v4_housing_subsidies,2014,-0.358211
net_cost_cbo_informed_sept29_high,flat,v4_housing_subsidies,2015,-0.363043
net_cost_cbo_informed_sept29_high,flat,v4_housing_subsidies,2016,-0.367693
net_cost_cbo_informed_sept29_high,flat,v4_housing_subsidies,2017,-0.371876
net_cost_cbo_informed_sept29_high,flat,v4_housing_subsidies,2018,-0.375108
net_cost_cbo_informed_sept29_high,flat,v4_housing_subsidies,2019,-0.377133
net_cost_cbo_informed_sept29_high,flat,v4_housing_subsidies,2020,-0.377384
net_cost_cbo_informed_sept29_high,flat,v4_housing_subsidies,2021,-0.377635
net_cost_cbo_informed_sept29_high,flat,v4_housing_subsidies,2022,-0.37945
net_cost_cbo_informed_sept29_high,flat,v4_housing_subsidies,2023,-0.385299
net_cost_cbo_informed_sept29_high,flat,v4_housing_subsidies,2024,-0.395426
net_cost_cbo_informed_sept29_high,flat,v4_roads_vmt_sl,2005,2.081337
net_cost_cbo_informed_sept29_high,flat,v4_roads_vmt_sl,2006,2.202403
net_cost_cbo_informed_sept29_high,flat,v4_roads_vmt_sl,2007,2.266722
net_cost_cbo_informed_sept29_high,flat,v4_roads_vmt_sl,2008,2.388858
net_cost_cbo_informed_sept29_high,flat,v4_roads_vmt_sl,2009,2.46279
net_cost_cbo_informed_sept29_high,flat,v4_roads_vmt_sl,2010,2.559142
net_cost_cbo_informed_sept29_high,flat,v4_roads_vmt_sl,2011,2.607966
net_cost_cbo_informed_sept29_high,flat,v4_roads_vmt_sl,2012,2.645322
net_cost_cbo_informed_sept29_high,flat,v4_roads_vmt_sl,2013,2.68787
net_cost_cbo_informed_sept29_high,flat,v4_roads_vmt_sl,2014,2.744951
net_cost_cbo_informed_sept29_high,flat,v4_roads_vmt_sl,2015,2.781982
net_cost_cbo_informed_sept29_high,flat,v4_roads_vmt_sl,2016,2.817616
net_cost_cbo_informed_sept29_high,flat,v4_roads_vmt_sl,2017,2.849668
net_cost_cbo_informed_sept29_high,flat,v4_roads_vmt_sl,2018,2.874431
net_cost_cbo_informed_sept29_high,flat,v4_roads_vmt_sl,2019,2.889951
net_cost_cbo_informed_sept29_high,flat,v4_roads_vmt_sl,2020,2.891875
net_cost_cbo_informed_sept29_high,flat,v4_roads_vmt_sl,2021,2.8938
net_cost_cbo_informed_sept29_high,flat,v4_roads_vmt_sl,2022,2.907702
net_cost_cbo_informed_sept29_high,flat,v4_roads_vmt_sl,2023,2.952523
net_cost_cbo_informed_sept29_high,flat,v4_roads_vmt_sl,2024,3.030126
net_cost_cbo_informed_sept29_high,flat,v4_state_price_public_order_safety,2005,4.404508
net_cost_cbo_informed_sept29_high,flat,v4_state_price_public_order_safety,2006,4.660706
net_cost_cbo_informed_sept29_high,flat,v4_state_price_public_order_safety,2007,4.796818
net_cost_cbo_informed_sept29_high,flat,v4_state_price_public_order_safety,2008,5.055281
net_cost_cbo_informed_sept29_high,flat,v4_state_price_public_order_safety,2009,5.211735
net_cost_cbo_informed_sept29_high,flat,v4_state_price_public_order_safety,2010,5.415634
net_cost_cbo_informed_sept29_high,flat,v4_state_price_public_order_safety,2011,5.518955
net_cost_cbo_informed_sept29_high,flat,v4_state_price_public_order_safety,2012,5.598007
net_cost_cbo_informed_sept29_high,flat,v4_state_price_public_order_safety,2013,5.688048
net_cost_cbo_informed_sept29_high,flat,v4_state_price_public_order_safety,2014,5.808842
net_cost_cbo_informed_sept29_high,flat,v4_state_price_public_order_safety,2015,5.887208
net_cost_cbo_informed_sept29_high,flat,v4_state_price_public_order_safety,2016,5.962615
net_cost_cbo_informed_sept29_high,flat,v4_state_price_public_order_safety,2017,6.030443
net_cost_cbo_informed_sept29_high,flat,v4_state_price_public_order_safety,2018,6.082847
net_cost_cbo_informed_sept29_high,flat,v4_state_price_public_order_safety,2019,6.11569
net_cost_cbo_informed_sept29_high,flat,v4_state_price_public_order_safety,2020,6.119762
net_cost_cbo_informed_sept29_high,flat,v4_state_price_public_order_safety,2021,6.123835
net_cost_cbo_informed_sept29_high,flat,v4_state_price_public_order_safety,2022,6.153255
net_cost_cbo_informed_sept29_high,flat,v4_state_price_public_order_safety,2023,6.248104
net_cost_cbo_informed_sept29_high,flat,v4_state_price_public_order_safety,2024,6.412327
net_cost_cbo_informed_sept29_high,flat,v4_state_price_health_services,2005,1.236134
net_cost_cbo_informed_sept29_high,flat,v4_state_price_health_services,2006,1.308036
net_cost_cbo_informed_sept29_high,flat,v4_state_price_health_services,2007,1.346236
net_cost_cbo_informed_sept29_high,flat,v4_state_price_health_services,2008,1.418774
net_cost_cbo_informed_sept29_high,flat,v4_state_price_health_services,2009,1.462683
net_cost_cbo_informed_sept29_high,flat,v4_state_price_health_services,2010,1.519908
net_cost_cbo_informed_sept29_high,flat,v4_state_price_health_services,2011,1.548905
net_cost_cbo_informed_sept29_high,flat,v4_state_price_health_services,2012,1.571091
net_cost_cbo_informed_sept29_high,flat,v4_state_price_health_services,2013,1.596361
net_cost_cbo_informed_sept29_high,flat,v4_state_price_health_services,2014,1.630263
net_cost_cbo_informed_sept29_high,flat,v4_state_price_health_services,2015,1.652256
net_cost_cbo_informed_sept29_high,flat,v4_state_price_health_services,2016,1.673419
net_cost_cbo_informed_sept29_high,flat,v4_state_price_health_services,2017,1.692455
net_cost_cbo_informed_sept29_high,flat,v4_state_price_health_services,2018,1.707162
net_cost_cbo_informed_sept29_high,flat,v4_state_price_health_services,2019,1.71638
net_cost_cbo_informed_sept29_high,flat,v4_state_price_health_services,2020,1.717523
net_cost_cbo_informed_sept29_high,flat,v4_state_price_health_services,2021,1.718666
net_cost_cbo_informed_sept29_high,flat,v4_state_price_health_services,2022,1.726922
net_cost_cbo_informed_sept29_high,flat,v4_state_price_health_services,2023,1.753542
net_cost_cbo_informed_sept29_high,flat,v4_state_price_health_services,2024,1.799632
net_cost_cbo_informed_sept29_high,flat,v4_state_price_recreation_culture,2005,0.293922
net_cost_cbo_informed_sept29_high,flat,v4_state_price_recreation_culture,2006,0.311019
net_cost_cbo_informed_sept29_high,flat,v4_state_price_recreation_culture,2007,0.320102
net_cost_cbo_informed_sept29_high,flat,v4_state_price_recreation_culture,2008,0.33735
net_cost_cbo_informed_sept29_high,flat,v4_state_price_recreation_culture,2009,0.34779
net_cost_cbo_informed_sept29_high,flat,v4_state_price_recreation_culture,2010,0.361397
net_cost_cbo_informed_sept29_high,flat,v4_state_price_recreation_culture,2011,0.368292
net_cost_cbo_informed_sept29_high,flat,v4_state_price_recreation_culture,2012,0.373567
net_cost_cbo_informed_sept29_high,flat,v4_state_price_recreation_culture,2013,0.379575
net_cost_cbo_informed_sept29_high,flat,v4_state_price_recreation_culture,2014,0.387636
net_cost_cbo_informed_sept29_high,flat,v4_state_price_recreation_culture,2015,0.392866
net_cost_cbo_informed_sept29_high,flat,v4_state_price_recreation_culture,2016,0.397898
net_cost_cbo_informed_sept29_high,flat,v4_state_price_recreation_culture,2017,0.402424
net_cost_cbo_informed_sept29_high,flat,v4_state_price_recreation_culture,2018,0.405921
net_cost_cbo_informed_sept29_high,flat,v4_state_price_recreation_culture,2019,0.408113
net_cost_cbo_informed_sept29_high,flat,v4_state_price_recreation_culture,2020,0.408385
net_cost_cbo_informed_sept29_high,flat,v4_state_price_recreation_culture,2021,0.408656
net_cost_cbo_informed_sept29_high,flat,v4_state_price_recreation_culture,2022,0.41062
net_cost_cbo_informed_sept29_high,flat,v4_state_price_recreation_culture,2023,0.416949
net_cost_cbo_informed_sept29_high,flat,v4_state_price_recreation_culture,2024,0.427908
net_cost_cbo_informed_sept29_high,flat,v4_production_private,2005,0.207141
net_cost_cbo_informed_sept29_high,flat,v4_production_private,2006,0.21919
net_cost_cbo_informed_sept29_high,flat,v4_production_private,2007,0.225591
net_cost_cbo_informed_sept29_high,flat,v4_production_private,2008,0.237747
net_cost_cbo_informed_sept29_high,flat,v4_production_private,2009,0.245105
net_cost_cbo_informed_sept29_high,flat,v4_production_private,2010,0.254694
net_cost_cbo_informed_sept29_high,flat,v4_production_private,2011,0.259553
net_cost_cbo_informed_sept29_high,flat,v4_production_private,2012,0.263271
net_cost_cbo_informed_sept29_high,flat,v4_production_private,2013,0.267505
net_cost_cbo_informed_sept29_high,flat,v4_production_private,2014,0.273186
net_cost_cbo_informed_sept29_high,flat,v4_production_private,2015,0.276872
net_cost_cbo_informed_sept29_high,flat,v4_production_private,2016,0.280418
net_cost_cbo_informed_sept29_high,flat,v4_production_private,2017,0.283608
net_cost_cbo_informed_sept29_high,flat,v4_production_private,2018,0.286073
net_cost_cbo_informed_sept29_high,flat,v4_production_private,2019,0.287617
net_cost_cbo_informed_sept29_high,flat,v4_production_private,2020,0.287809
net_cost_cbo_informed_sept29_high,flat,v4_production_private,2021,0.288
net_cost_cbo_informed_sept29_high,flat,v4_production_private,2022,0.289384
net_cost_cbo_informed_sept29_high,flat,v4_production_private,2023,0.293845
net_cost_cbo_informed_sept29_high,flat,v4_production_private,2024,0.301568
net_cost_cbo_informed_sept29_high,flat,v4_production_receipts,2005,0.553504
net_cost_cbo_informed_sept29_high,flat,v4_production_receipts,2006,0.585699
net_cost_cbo_informed_sept29_high,flat,v4_production_receipts,2007,0.602804
net_cost_cbo_informed_sept29_high,flat,v4_production_receipts,2008,0.635285
net_cost_cbo_informed_sept29_high,flat,v4_production_receipts,2009,0.654946
net_cost_cbo_informed_sept29_high,flat,v4_production_receipts,2010,0.680569
net_cost_cbo_informed_sept29_high,flat,v4_production_receipts,2011,0.693553
net_cost_cbo_informed_sept29_high,flat,v4_production_receipts,2012,0.703488
net_cost_cbo_informed_sept29_high,flat,v4_production_receipts,2013,0.714803
net_cost_cbo_informed_sept29_high,flat,v4_production_receipts,2014,0.729983
net_cost_cbo_informed_sept29_high,flat,v4_production_receipts,2015,0.739831
net_cost_cbo_informed_sept29_high,flat,v4_production_receipts,2016,0.749307
net_cost_cbo_informed_sept29_high,flat,v4_production_receipts,2017,0.757831
net_cost_cbo_informed_sept29_high,flat,v4_production_receipts,2018,0.764416
net_cost_cbo_informed_sept29_high,flat,v4_production_receipts,2019,0.768543
net_cost_cbo_informed_sept29_high,flat,v4_production_receipts,2020,0.769055
net_cost_cbo_informed_sept29_high,flat,v4_production_receipts,2021,0.769567
net_cost_cbo_informed_sept29_high,flat,v4_production_receipts,2022,0.773264
net_cost_cbo_informed_sept29_high,flat,v4_production_receipts,2023,0.785184
net_cost_cbo_informed_sept29_high,flat,v4_production_receipts,2024,0.805821
net_cost_cbo_informed_sept29_high,flat,v4_roads_vmt_fed,2005,0.018918
net_cost_cbo_informed_sept29_high,flat,v4_roads_vmt_fed,2006,0.020018
net_cost_cbo_informed_sept29_high,flat,v4_roads_vmt_fed,2007,0.020603
net_cost_cbo_informed_sept29_high,flat,v4_roads_vmt_fed,2008,0.021713
net_cost_cbo_informed_sept29_high,flat,v4_roads_vmt_fed,2009,0.022385
net_cost_cbo_informed_sept29_high,flat,v4_roads_vmt_fed,2010,0.023261
net_cost_cbo_informed_sept29_high,flat,v4_roads_vmt_fed,2011,0.023705
net_cost_cbo_informed_sept29_high,flat,v4_roads_vmt_fed,2012,0.024044
net_cost_cbo_informed_sept29_high,flat,v4_roads_vmt_fed,2013,0.024431
net_cost_cbo_informed_sept29_high,flat,v4_roads_vmt_fed,2014,0.02495
net_cost_cbo_informed_sept29_high,flat,v4_roads_vmt_fed,2015,0.025286
net_cost_cbo_informed_sept29_high,flat,v4_roads_vmt_fed,2016,0.02561
net_cost_cbo_informed_sept29_high,flat,v4_roads_vmt_fed,2017,0.025902
net_cost_cbo_informed_sept29_high,flat,v4_roads_vmt_fed,2018,0.026127
net_cost_cbo_informed_sept29_high,flat,v4_roads_vmt_fed,2019,0.026268
net_cost_cbo_informed_sept29_high,flat,v4_roads_vmt_fed,2020,0.026285
net_cost_cbo_informed_sept29_high,flat,v4_roads_vmt_fed,2021,0.026303
net_cost_cbo_informed_sept29_high,flat,v4_roads_vmt_fed,2022,0.026429
net_cost_cbo_informed_sept29_high,flat,v4_roads_vmt_fed,2023,0.026836
net_cost_cbo_informed_sept29_high,flat,v4_roads_vmt_fed,2024,0.027542
net_cost_cbo_informed_sept29_high,flat,capital_core,2005,17.707609
net_cost_cbo_informed_sept29_high,flat,capital_core,2006,18.73761
net_cost_cbo_informed_sept29_high,flat,capital_core,2007,19.284827
net_cost_cbo_informed_sept29_high,flat,capital_core,2008,20.323933
net_cost_cbo_informed_sept29_high,flat,capital_core,2009,20.952934
net_cost_cbo_informed_sept29_high,flat,capital_core,2010,21.772676
net_cost_cbo_informed_sept29_high,flat,capital_core,2011,22.188059
net_cost_cbo_informed_sept29_high,flat,capital_core,2012,22.505877
net_cost_cbo_informed_sept29_high,flat,capital_core,2013,22.867869
net_cost_cbo_informed_sept29_high,flat,capital_core,2014,23.353505
net_cost_cbo_informed_sept29_high,flat,capital_core,2015,23.668561
net_cost_cbo_informed_sept29_high,flat,capital_core,2016,23.971721
net_cost_cbo_informed_sept29_high,flat,capital_core,2017,24.244414
net_cost_cbo_informed_sept29_high,flat,capital_core,2018,24.455097
net_cost_cbo_informed_sept29_high,flat,capital_core,2019,24.587136
net_cost_cbo_informed_sept29_high,flat,capital_core,2020,24.603508
net_cost_cbo_informed_sept29_high,flat,capital_core,2021,24.619881
net_cost_cbo_informed_sept29_high,flat,capital_core,2022,24.738158
net_cost_cbo_informed_sept29_high,flat,capital_core,2023,25.119483
net_cost_cbo_informed_sept29_high,flat,capital_core,2024,25.779717
net_cost_cbo_informed_sept29_high,flat,capital_block,2005,9.947712
net_cost_cbo_informed_sept29_high,flat,capital_block,2006,10.526343
net_cost_cbo_informed_sept29_high,flat,capital_block,2007,10.833755
net_cost_cbo_informed_sept29_high,flat,capital_block,2008,11.417501
net_cost_cbo_informed_sept29_high,flat,capital_block,2009,11.770858
net_cost_cbo_informed_sept29_high,flat,capital_block,2010,12.23137
net_cost_cbo_informed_sept29_high,flat,capital_block,2011,12.464722
net_cost_cbo_informed_sept29_high,flat,capital_block,2012,12.643265
net_cost_cbo_informed_sept29_high,flat,capital_block,2013,12.846623
net_cost_cbo_informed_sept29_high,flat,capital_block,2014,13.119442
net_cost_cbo_informed_sept29_high,flat,capital_block,2015,13.296433
net_cost_cbo_informed_sept29_high,flat,capital_block,2016,13.466741
net_cost_cbo_informed_sept29_high,flat,capital_block,2017,13.619933
net_cost_cbo_informed_sept29_high,flat,capital_block,2018,13.73829
net_cost_cbo_informed_sept29_high,flat,capital_block,2019,13.812466
net_cost_cbo_informed_sept29_high,flat,capital_block,2020,13.821664
net_cost_cbo_informed_sept29_high,flat,capital_block,2021,13.830862
net_cost_cbo_informed_sept29_high,flat,capital_block,2022,13.897307
net_cost_cbo_informed_sept29_high,flat,capital_block,2023,14.111526
net_cost_cbo_informed_sept29_high,flat,capital_block,2024,14.48243
net_cost_cbo_informed_sept29_high,flat,capital_enterprise,2005,11.613627
net_cost_cbo_informed_sept29_high,flat,capital_enterprise,2006,12.289159
net_cost_cbo_informed_sept29_high,flat,capital_enterprise,2007,12.648053
net_cost_cbo_informed_sept29_high,flat,capital_enterprise,2008,13.329557
net_cost_cbo_informed_sept29_high,flat,capital_enterprise,2009,13.74209
net_cost_cbo_informed_sept29_high,flat,capital_enterprise,2010,14.279722
net_cost_cbo_informed_sept29_high,flat,capital_enterprise,2011,14.552154
net_cost_cbo_informed_sept29_high,flat,capital_enterprise,2012,14.760596
net_cost_cbo_informed_sept29_high,flat,capital_enterprise,2013,14.998011
net_cost_cbo_informed_sept29_high,flat,capital_enterprise,2014,15.316517
net_cost_cbo_informed_sept29_high,flat,capital_enterprise,2015,15.523149
net_cost_cbo_informed_sept29_high,flat,capital_enterprise,2016,15.721978
net_cost_cbo_informed_sept29_high,flat,capital_enterprise,2017,15.900825
net_cost_cbo_informed_sept29_high,flat,capital_enterprise,2018,16.039002
net_cost_cbo_informed_sept29_high,flat,capital_enterprise,2019,16.1256
net_cost_cbo_informed_sept29_high,flat,capital_enterprise,2020,16.136339
net_cost_cbo_informed_sept29_high,flat,capital_enterprise,2021,16.147077
net_cost_cbo_informed_sept29_high,flat,capital_enterprise,2022,16.224649
net_cost_cbo_informed_sept29_high,flat,capital_enterprise,2023,16.474743
net_cost_cbo_informed_sept29_high,flat,capital_enterprise,2024,16.907761
net_cost_cbo_informed_sept29_high,ratio,base,2005,111.122442
net_cost_cbo_informed_sept29_high,ratio,base,2006,111.16873
net_cost_cbo_informed_sept29_high,ratio,base,2007,122.159969
net_cost_cbo_informed_sept29_high,ratio,base,2008,168.081864
net_cost_cbo_informed_sept29_high,ratio,base,2009,235.130377
net_cost_cbo_informed_sept29_high,ratio,base,2010,248.605624
net_cost_cbo_informed_sept29_high,ratio,base,2011,238.779564
net_cost_cbo_informed_sept29_high,ratio,base,2012,224.509771
net_cost_cbo_informed_sept29_high,ratio,base,2013,188.487464
net_cost_cbo_informed_sept29_high,ratio,base,2014,185.667221
net_cost_cbo_informed_sept29_high,ratio,base,2015,184.140052
net_cost_cbo_informed_sept29_high,ratio,base,2016,197.353439
net_cost_cbo_informed_sept29_high,ratio,base,2017,202.310465
net_cost_cbo_informed_sept29_high,ratio,base,2018,215.591693
net_cost_cbo_informed_sept29_high,ratio,base,2019,230.040236
net_cost_cbo_informed_sept29_high,ratio,base,2020,386.390327
net_cost_cbo_informed_sept29_high,ratio,base,2021,353.276884
net_cost_cbo_informed_sept29_high,ratio,base,2022,209.925136
net_cost_cbo_informed_sept29_high,ratio,base,2023,269.556811
net_cost_cbo_informed_sept29_high,ratio,base,2024,291.954815
net_cost_cbo_informed_sept29_high,ratio,long_run_economic_affairs_services,2005,13.908195
net_cost_cbo_informed_sept29_high,ratio,long_run_economic_affairs_services,2006,14.982995
net_cost_cbo_informed_sept29_high,ratio,long_run_economic_affairs_services,2007,16.014435
net_cost_cbo_informed_sept29_high,ratio,long_run_economic_affairs_services,2008,17.30799
net_cost_cbo_informed_sept29_high,ratio,long_run_economic_affairs_services,2009,18.097277
net_cost_cbo_informed_sept29_high,ratio,long_run_economic_affairs_services,2010,19.330437
net_cost_cbo_informed_sept29_high,ratio,long_run_economic_affairs_services,2011,18.610016
net_cost_cbo_informed_sept29_high,ratio,long_run_economic_affairs_services,2012,18.682031
net_cost_cbo_informed_sept29_high,ratio,long_run_economic_affairs_services,2013,18.566271
net_cost_cbo_informed_sept29_high,ratio,long_run_economic_affairs_services,2014,18.694263
net_cost_cbo_informed_sept29_high,ratio,long_run_economic_affairs_services,2015,19.032965
net_cost_cbo_informed_sept29_high,ratio,long_run_economic_affairs_services,2016,19.129443
net_cost_cbo_informed_sept29_high,ratio,long_run_economic_affairs_services,2017,19.322058
net_cost_cbo_informed_sept29_high,ratio,long_run_economic_affairs_services,2018,20.03673
net_cost_cbo_informed_sept29_high,ratio,long_run_economic_affairs_services,2019,20.423905
net_cost_cbo_informed_sept29_high,ratio,long_run_economic_affairs_services,2020,21.739182
net_cost_cbo_informed_sept29_high,ratio,long_run_economic_affairs_services,2021,22.488991
net_cost_cbo_informed_sept29_high,ratio,long_run_economic_affairs_services,2022,20.517258
net_cost_cbo_informed_sept29_high,ratio,long_run_economic_affairs_services,2023,21.574323
net_cost_cbo_informed_sept29_high,ratio,long_run_economic_affairs_services,2024,23.266194
net_cost_cbo_informed_sept29_high,ratio,long_run_recreation_culture,2005,3.855716
net_cost_cbo_informed_sept29_high,ratio,long_run_recreation_culture,2006,4.201652
net_cost_cbo_informed_sept29_high,ratio,long_run_recreation_culture,2007,4.415548
net_cost_cbo_informed_sept29_high,ratio,long_run_recreation_culture,2008,4.785378
net_cost_cbo_informed_sept29_high,ratio,long_run_recreation_culture,2009,4.925886
net_cost_cbo_informed_sept29_high,ratio,long_run_recreation_culture,2010,5.032063
net_cost_cbo_informed_sept29_high,ratio,long_run_recreation_culture,2011,4.837333
net_cost_cbo_informed_sept29_high,ratio,long_run_recreation_culture,2012,4.763042
net_cost_cbo_informed_sept29_high,ratio,long_run_recreation_culture,2013,4.900377
net_cost_cbo_informed_sept29_high,ratio,long_run_recreation_culture,2014,5.037667
net_cost_cbo_informed_sept29_high,ratio,long_run_recreation_culture,2015,5.183627
net_cost_cbo_informed_sept29_high,ratio,long_run_recreation_culture,2016,5.434896
net_cost_cbo_informed_sept29_high,ratio,long_run_recreation_culture,2017,5.544627
net_cost_cbo_informed_sept29_high,ratio,long_run_recreation_culture,2018,5.742585
net_cost_cbo_informed_sept29_high,ratio,long_run_recreation_culture,2019,6.012647
net_cost_cbo_informed_sept29_high,ratio,long_run_recreation_culture,2020,5.91841
net_cost_cbo_informed_sept29_high,ratio,long_run_recreation_culture,2021,5.771925
net_cost_cbo_informed_sept29_high,ratio,long_run_recreation_culture,2022,6.050115
net_cost_cbo_informed_sept29_high,ratio,long_run_recreation_culture,2023,6.124925
net_cost_cbo_informed_sept29_high,ratio,long_run_recreation_culture,2024,6.366255
net_cost_cbo_informed_sept29_high,ratio,rental_assistance,2005,2.524119
net_cost_cbo_informed_sept29_high,ratio,rental_assistance,2006,2.655
net_cost_cbo_informed_sept29_high,ratio,rental_assistance,2007,2.718717
net_cost_cbo_informed_sept29_high,ratio,rental_assistance,2008,2.819105
net_cost_cbo_informed_sept29_high,ratio,rental_assistance,2009,3.151353
net_cost_cbo_informed_sept29_high,ratio,rental_assistance,2010,3.187315
net_cost_cbo_informed_sept29_high,ratio,rental_assistance,2011,3.308314
net_cost_cbo_informed_sept29_high,ratio,rental_assistance,2012,3.178466
net_cost_cbo_informed_sept29_high,ratio,rental_assistance,2013,3.14514
net_cost_cbo_informed_sept29_high,ratio,rental_assistance,2014,3.188178
net_cost_cbo_informed_sept29_high,ratio,rental_assistance,2015,3.275448
net_cost_cbo_informed_sept29_high,ratio,rental_assistance,2016,3.512629
net_cost_cbo_informed_sept29_high,ratio,rental_assistance,2017,3.301851
net_cost_cbo_informed_sept29_high,ratio,rental_assistance,2018,3.516221
net_cost_cbo_informed_sept29_high,ratio,rental_assistance,2019,3.577785
net_cost_cbo_informed_sept29_high,ratio,rental_assistance,2020,3.865451
net_cost_cbo_informed_sept29_high,ratio,rental_assistance,2021,3.788167
net_cost_cbo_informed_sept29_high,ratio,rental_assistance,2022,3.746339
net_cost_cbo_informed_sept29_high,ratio,rental_assistance,2023,4.058563
net_cost_cbo_informed_sept29_high,ratio,rental_assistance,2024,4.532066
net_cost_cbo_informed_sept29_high,ratio,enterprise_surplus,2005,0.490534
net_cost_cbo_informed_sept29_high,ratio,enterprise_surplus,2006,0.853953
net_cost_cbo_informed_sept29_high,ratio,enterprise_surplus,2007,1.847371
net_cost_cbo_informed_sept29_high,ratio,enterprise_surplus,2008,2.459287
net_cost_cbo_informed_sept29_high,ratio,enterprise_surplus,2009,2.173422
net_cost_cbo_informed_sept29_high,ratio,enterprise_surplus,2010,2.819135
net_cost_cbo_informed_sept29_high,ratio,enterprise_surplus,2011,2.686704
net_cost_cbo_informed_sept29_high,ratio,enterprise_surplus,2012,2.030378
net_cost_cbo_informed_sept29_high,ratio,enterprise_surplus,2013,2.012881
net_cost_cbo_informed_sept29_high,ratio,enterprise_surplus,2014,1.245274
net_cost_cbo_informed_sept29_high,ratio,enterprise_surplus,2015,0.416792
net_cost_cbo_informed_sept29_high,ratio,enterprise_surplus,2016,0.313938
net_cost_cbo_informed_sept29_high,ratio,enterprise_surplus,2017,0.611643
net_cost_cbo_informed_sept29_high,ratio,enterprise_surplus,2018,0.647385
net_cost_cbo_informed_sept29_high,ratio,enterprise_surplus,2019,1.684152
net_cost_cbo_informed_sept29_high,ratio,enterprise_surplus,2020,0.417716
net_cost_cbo_informed_sept29_high,ratio,enterprise_surplus,2021,1.424219
net_cost_cbo_informed_sept29_high,ratio,enterprise_surplus,2022,1.946247
net_cost_cbo_informed_sept29_high,ratio,enterprise_surplus,2023,5.538794
net_cost_cbo_informed_sept29_high,ratio,enterprise_surplus,2024,5.561143
net_cost_cbo_informed_sept29_high,ratio,v4_federal_income_tax,2005,-0.421878
net_cost_cbo_informed_sept29_high,ratio,v4_federal_income_tax,2006,-0.483266
net_cost_cbo_informed_sept29_high,ratio,v4_federal_income_tax,2007,-0.531904
net_cost_cbo_informed_sept29_high,ratio,v4_federal_income_tax,2008,-0.547491
net_cost_cbo_informed_sept29_high,ratio,v4_federal_income_tax,2009,-0.409513
net_cost_cbo_informed_sept29_high,ratio,v4_federal_income_tax,2010,-0.453953
net_cost_cbo_informed_sept29_high,ratio,v4_federal_income_tax,2011,-0.538913
net_cost_cbo_informed_sept29_high,ratio,v4_federal_income_tax,2012,-0.549269
net_cost_cbo_informed_sept29_high,ratio,v4_federal_income_tax,2013,-0.608379
net_cost_cbo_informed_sept29_high,ratio,v4_federal_income_tax,2014,-0.652798
net_cost_cbo_informed_sept29_high,ratio,v4_federal_income_tax,2015,-0.710111
net_cost_cbo_informed_sept29_high,ratio,v4_federal_income_tax,2016,-0.714045
net_cost_cbo_informed_sept29_high,ratio,v4_federal_income_tax,2017,-0.734235
net_cost_cbo_informed_sept29_high,ratio,v4_federal_income_tax,2018,-0.720301
net_cost_cbo_informed_sept29_high,ratio,v4_federal_income_tax,2019,-0.74685
net_cost_cbo_informed_sept29_high,ratio,v4_federal_income_tax,2020,-0.751676
net_cost_cbo_informed_sept29_high,ratio,v4_federal_income_tax,2021,-0.87737
net_cost_cbo_informed_sept29_high,ratio,v4_federal_income_tax,2022,-1.002277
net_cost_cbo_informed_sept29_high,ratio,v4_federal_income_tax,2023,-0.851352
net_cost_cbo_informed_sept29_high,ratio,v4_federal_income_tax,2024,-0.891261
net_cost_cbo_informed_sept29_high,ratio,v4_state_local_income_tax,2005,-0.003413
net_cost_cbo_informed_sept29_high,ratio,v4_state_local_income_tax,2006,-0.003821
net_cost_cbo_informed_sept29_high,ratio,v4_state_local_income_tax,2007,-0.00407
net_cost_cbo_informed_sept29_high,ratio,v4_state_local_income_tax,2008,-0.004307
net_cost_cbo_informed_sept29_high,ratio,v4_state_local_income_tax,2009,-0.003725
net_cost_cbo_informed_sept29_high,ratio,v4_state_local_income_tax,2010,-0.003893
net_cost_cbo_informed_sept29_high,ratio,v4_state_local_income_tax,2011,-0.004267
net_cost_cbo_informed_sept29_high,ratio,v4_state_local_income_tax,2012,-0.004488
net_cost_cbo_informed_sept29_high,ratio,v4_state_local_income_tax,2013,-0.00489
net_cost_cbo_informed_sept29_high,ratio,v4_state_local_income_tax,2014,-0.004959
net_cost_cbo_informed_sept29_high,ratio,v4_state_local_income_tax,2015,-0.005294
net_cost_cbo_informed_sept29_high,ratio,v4_state_local_income_tax,2016,-0.00529
net_cost_cbo_informed_sept29_high,ratio,v4_state_local_income_tax,2017,-0.005553
net_cost_cbo_informed_sept29_high,ratio,v4_state_local_income_tax,2018,-0.005739
net_cost_cbo_informed_sept29_high,ratio,v4_state_local_income_tax,2019,-0.00614
net_cost_cbo_informed_sept29_high,ratio,v4_state_local_income_tax,2020,-0.006147
net_cost_cbo_informed_sept29_high,ratio,v4_state_local_income_tax,2021,-0.00659
net_cost_cbo_informed_sept29_high,ratio,v4_state_local_income_tax,2022,-0.006959
net_cost_cbo_informed_sept29_high,ratio,v4_state_local_income_tax,2023,-0.005828
net_cost_cbo_informed_sept29_high,ratio,v4_state_local_income_tax,2024,-0.006053
net_cost_cbo_informed_sept29_high,ratio,v4_personal_motor_vehicle,2005,-0.384368
net_cost_cbo_informed_sept29_high,ratio,v4_personal_motor_vehicle,2006,-0.407517
net_cost_cbo_informed_sept29_high,ratio,v4_personal_motor_vehicle,2007,-0.41263
net_cost_cbo_informed_sept29_high,ratio,v4_personal_motor_vehicle,2008,-0.418961
net_cost_cbo_informed_sept29_high,ratio,v4_personal_motor_vehicle,2009,-0.441254
net_cost_cbo_informed_sept29_high,ratio,v4_personal_motor_vehicle,2010,-0.474826
net_cost_cbo_informed_sept29_high,ratio,v4_personal_motor_vehicle,2011,-0.489284
net_cost_cbo_informed_sept29_high,ratio,v4_personal_motor_vehicle,2012,-0.505446
net_cost_cbo_informed_sept29_high,ratio,v4_personal_motor_vehicle,2013,-0.503406
net_cost_cbo_informed_sept29_high,ratio,v4_personal_motor_vehicle,2014,-0.513709
net_cost_cbo_informed_sept29_high,ratio,v4_personal_motor_vehicle,2015,-0.528189
net_cost_cbo_informed_sept29_high,ratio,v4_personal_motor_vehicle,2016,-0.542271
net_cost_cbo_informed_sept29_high,ratio,v4_personal_motor_vehicle,2017,-0.549308
net_cost_cbo_informed_sept29_high,ratio,v4_personal_motor_vehicle,2018,-0.572132
net_cost_cbo_informed_sept29_high,ratio,v4_personal_motor_vehicle,2019,-0.569774
net_cost_cbo_informed_sept29_high,ratio,v4_personal_motor_vehicle,2020,-0.575821
net_cost_cbo_informed_sept29_high,ratio,v4_personal_motor_vehicle,2021,-0.606829
net_cost_cbo_informed_sept29_high,ratio,v4_personal_motor_vehicle,2022,-0.55763
net_cost_cbo_informed_sept29_high,ratio,v4_personal_motor_vehicle,2023,-0.557656
net_cost_cbo_informed_sept29_high,ratio,v4_personal_motor_vehicle,2024,-0.586823
net_cost_cbo_informed_sept29_high,ratio,v4_personal_property_tax,2005,-0.767467
net_cost_cbo_informed_sept29_high,ratio,v4_personal_property_tax,2006,-0.836178
net_cost_cbo_informed_sept29_high,ratio,v4_personal_property_tax,2007,-0.867039
net_cost_cbo_informed_sept29_high,ratio,v4_personal_property_tax,2008,-0.90142
net_cost_cbo_informed_sept29_high,ratio,v4_personal_property_tax,2009,-0.97587
net_cost_cbo_informed_sept29_high,ratio,v4_personal_property_tax,2010,-1.016382
net_cost_cbo_informed_sept29_high,ratio,v4_personal_property_tax,2011,-0.977471
net_cost_cbo_informed_sept29_high,ratio,v4_personal_property_tax,2012,-0.961808
net_cost_cbo_informed_sept29_high,ratio,v4_personal_property_tax,2013,-0.989719
net_cost_cbo_informed_sept29_high,ratio,v4_personal_property_tax,2014,-1.032259
net_cost_cbo_informed_sept29_high,ratio,v4_personal_property_tax,2015,-1.080006
net_cost_cbo_informed_sept29_high,ratio,v4_personal_property_tax,2016,-1.120791
net_cost_cbo_informed_sept29_high,ratio,v4_personal_property_tax,2017,-1.153543
net_cost_cbo_informed_sept29_high,ratio,v4_personal_property_tax,2018,-1.186945
net_cost_cbo_informed_sept29_high,ratio,v4_personal_property_tax,2019,-1.225157
net_cost_cbo_informed_sept29_high,ratio,v4_personal_property_tax,2020,-1.251459
net_cost_cbo_informed_sept29_high,ratio,v4_personal_property_tax,2021,-1.259608
net_cost_cbo_informed_sept29_high,ratio,v4_personal_property_tax,2022,-1.245613
net_cost_cbo_informed_sept29_high,ratio,v4_personal_property_tax,2023,-1.252359
net_cost_cbo_informed_sept29_high,ratio,v4_personal_property_tax,2024,-1.325841
net_cost_cbo_informed_sept29_high,ratio,v4_other_personal_tax,2005,-8.1e-05
net_cost_cbo_informed_sept29_high,ratio,v4_other_personal_tax,2006,-7.8e-05
net_cost_cbo_informed_sept29_high,ratio,v4_other_personal_tax,2007,-7.4e-05
net_cost_cbo_informed_sept29_high,ratio,v4_other_personal_tax,2008,-6.9e-05
net_cost_cbo_informed_sept29_high,ratio,v4_other_personal_tax,2009,-5.7e-05
net_cost_cbo_informed_sept29_high,ratio,v4_other_personal_tax,2010,-6.3e-05
net_cost_cbo_informed_sept29_high,ratio,v4_other_personal_tax,2011,-6.4e-05
net_cost_cbo_informed_sept29_high,ratio,v4_other_personal_tax,2012,-7e-05
net_cost_cbo_informed_sept29_high,ratio,v4_other_personal_tax,2013,-7.4e-05
net_cost_cbo_informed_sept29_high,ratio,v4_other_personal_tax,2014,-7.6e-05
net_cost_cbo_informed_sept29_high,ratio,v4_other_personal_tax,2015,-8e-05
net_cost_cbo_informed_sept29_high,ratio,v4_other_personal_tax,2016,-8.2e-05
net_cost_cbo_informed_sept29_high,ratio,v4_other_personal_tax,2017,-8.1e-05
net_cost_cbo_informed_sept29_high,ratio,v4_other_personal_tax,2018,-8.9e-05
net_cost_cbo_informed_sept29_high,ratio,v4_other_personal_tax,2019,-8.8e-05
net_cost_cbo_informed_sept29_high,ratio,v4_other_personal_tax,2020,-9.3e-05
net_cost_cbo_informed_sept29_high,ratio,v4_other_personal_tax,2021,-0.000126
net_cost_cbo_informed_sept29_high,ratio,v4_other_personal_tax,2022,-9.4e-05
net_cost_cbo_informed_sept29_high,ratio,v4_other_personal_tax,2023,-9e-05
net_cost_cbo_informed_sept29_high,ratio,v4_other_personal_tax,2024,-0.00011
net_cost_cbo_informed_sept29_high,ratio,v4_employee_oasdi,2005,-0.01491
net_cost_cbo_informed_sept29_high,ratio,v4_employee_oasdi,2006,-0.016057
net_cost_cbo_informed_sept29_high,ratio,v4_employee_oasdi,2007,-0.01669
net_cost_cbo_informed_sept29_high,ratio,v4_employee_oasdi,2008,-0.017663
net_cost_cbo_informed_sept29_high,ratio,v4_employee_oasdi,2009,-0.017384
net_cost_cbo_informed_sept29_high,ratio,v4_employee_oasdi,2010,-0.017877
net_cost_cbo_informed_sept29_high,ratio,v4_employee_oasdi,2011,-0.012316
net_cost_cbo_informed_sept29_high,ratio,v4_employee_oasdi,2012,-0.012646
net_cost_cbo_informed_sept29_high,ratio,v4_employee_oasdi,2013,-0.019252
net_cost_cbo_informed_sept29_high,ratio,v4_employee_oasdi,2014,-0.020057
net_cost_cbo_informed_sept29_high,ratio,v4_employee_oasdi,2015,-0.020959
net_cost_cbo_informed_sept29_high,ratio,v4_employee_oasdi,2016,-0.021484
net_cost_cbo_informed_sept29_high,ratio,v4_employee_oasdi,2017,-0.022315
net_cost_cbo_informed_sept29_high,ratio,v4_employee_oasdi,2018,-0.022928
net_cost_cbo_informed_sept29_high,ratio,v4_employee_oasdi,2019,-0.023673
net_cost_cbo_informed_sept29_high,ratio,v4_employee_oasdi,2020,-0.023467
net_cost_cbo_informed_sept29_high,ratio,v4_employee_oasdi,2021,-0.024187
net_cost_cbo_informed_sept29_high,ratio,v4_employee_oasdi,2022,-0.024717
net_cost_cbo_informed_sept29_high,ratio,v4_employee_oasdi,2023,-0.025667
net_cost_cbo_informed_sept29_high,ratio,v4_employee_oasdi,2024,-0.0273
net_cost_cbo_informed_sept29_high,ratio,v4_employee_hi,2005,-0.006996
net_cost_cbo_informed_sept29_high,ratio,v4_employee_hi,2006,-0.007572
net_cost_cbo_informed_sept29_high,ratio,v4_employee_hi,2007,-0.007943
net_cost_cbo_informed_sept29_high,ratio,v4_employee_hi,2008,-0.008305
net_cost_cbo_informed_sept29_high,ratio,v4_employee_hi,2009,-0.008054
net_cost_cbo_informed_sept29_high,ratio,v4_employee_hi,2010,-0.008403
net_cost_cbo_informed_sept29_high,ratio,v4_employee_hi,2011,-0.008653
net_cost_cbo_informed_sept29_high,ratio,v4_employee_hi,2012,-0.00893
net_cost_cbo_informed_sept29_high,ratio,v4_employee_hi,2013,-0.009622
net_cost_cbo_informed_sept29_high,ratio,v4_employee_hi,2014,-0.010083
net_cost_cbo_informed_sept29_high,ratio,v4_employee_hi,2015,-0.010577
net_cost_cbo_informed_sept29_high,ratio,v4_employee_hi,2016,-0.010801
net_cost_cbo_informed_sept29_high,ratio,v4_employee_hi,2017,-0.011229
net_cost_cbo_informed_sept29_high,ratio,v4_employee_hi,2018,-0.011576
net_cost_cbo_informed_sept29_high,ratio,v4_employee_hi,2019,-0.011959
net_cost_cbo_informed_sept29_high,ratio,v4_employee_hi,2020,-0.012039
net_cost_cbo_informed_sept29_high,ratio,v4_employee_hi,2021,-0.012699
net_cost_cbo_informed_sept29_high,ratio,v4_employee_hi,2022,-0.012718
net_cost_cbo_informed_sept29_high,ratio,v4_employee_hi,2023,-0.013064
net_cost_cbo_informed_sept29_high,ratio,v4_employee_hi,2024,-0.013945
net_cost_cbo_informed_sept29_high,ratio,v4_self_employment_oasdi_hi,2005,0.504284
net_cost_cbo_informed_sept29_high,ratio,v4_self_employment_oasdi_hi,2006,0.546473
net_cost_cbo_informed_sept29_high,ratio,v4_self_employment_oasdi_hi,2007,0.567733
net_cost_cbo_informed_sept29_high,ratio,v4_self_employment_oasdi_hi,2008,0.588809
net_cost_cbo_informed_sept29_high,ratio,v4_self_employment_oasdi_hi,2009,0.591928
net_cost_cbo_informed_sept29_high,ratio,v4_self_employment_oasdi_hi,2010,0.595109
net_cost_cbo_informed_sept29_high,ratio,v4_self_employment_oasdi_hi,2011,0.558783
net_cost_cbo_informed_sept29_high,ratio,v4_self_employment_oasdi_hi,2012,0.557062
net_cost_cbo_informed_sept29_high,ratio,v4_self_employment_oasdi_hi,2013,0.635699
net_cost_cbo_informed_sept29_high,ratio,v4_self_employment_oasdi_hi,2014,0.686419
net_cost_cbo_informed_sept29_high,ratio,v4_self_employment_oasdi_hi,2015,0.714408
net_cost_cbo_informed_sept29_high,ratio,v4_self_employment_oasdi_hi,2016,0.721216
net_cost_cbo_informed_sept29_high,ratio,v4_self_employment_oasdi_hi,2017,0.727574
net_cost_cbo_informed_sept29_high,ratio,v4_self_employment_oasdi_hi,2018,0.747367
net_cost_cbo_informed_sept29_high,ratio,v4_self_employment_oasdi_hi,2019,0.764172
net_cost_cbo_informed_sept29_high,ratio,v4_self_employment_oasdi_hi,2020,0.764874
net_cost_cbo_informed_sept29_high,ratio,v4_self_employment_oasdi_hi,2021,0.754677
net_cost_cbo_informed_sept29_high,ratio,v4_self_employment_oasdi_hi,2022,0.800907
net_cost_cbo_informed_sept29_high,ratio,v4_self_employment_oasdi_hi,2023,0.795208
net_cost_cbo_informed_sept29_high,ratio,v4_self_employment_oasdi_hi,2024,0.813357
net_cost_cbo_informed_sept29_high,ratio,v4_employer_oasdi,2005,-0.015028
net_cost_cbo_informed_sept29_high,ratio,v4_employer_oasdi,2006,-0.016179
net_cost_cbo_informed_sept29_high,ratio,v4_employer_oasdi,2007,-0.016812
net_cost_cbo_informed_sept29_high,ratio,v4_employer_oasdi,2008,-0.017801
net_cost_cbo_informed_sept29_high,ratio,v4_employer_oasdi,2009,-0.017527
net_cost_cbo_informed_sept29_high,ratio,v4_employer_oasdi,2010,-0.017839
net_cost_cbo_informed_sept29_high,ratio,v4_employer_oasdi,2011,-0.018358
net_cost_cbo_informed_sept29_high,ratio,v4_employer_oasdi,2012,-0.01886
net_cost_cbo_informed_sept29_high,ratio,v4_employer_oasdi,2013,-0.019389
net_cost_cbo_informed_sept29_high,ratio,v4_employer_oasdi,2014,-0.020199
net_cost_cbo_informed_sept29_high,ratio,v4_employer_oasdi,2015,-0.021115
net_cost_cbo_informed_sept29_high,ratio,v4_employer_oasdi,2016,-0.02166
net_cost_cbo_informed_sept29_high,ratio,v4_employer_oasdi,2017,-0.022496
net_cost_cbo_informed_sept29_high,ratio,v4_employer_oasdi,2018,-0.023102
net_cost_cbo_informed_sept29_high,ratio,v4_employer_oasdi,2019,-0.023865
net_cost_cbo_informed_sept29_high,ratio,v4_employer_oasdi,2020,-0.023668
net_cost_cbo_informed_sept29_high,ratio,v4_employer_oasdi,2021,-0.024372
net_cost_cbo_informed_sept29_high,ratio,v4_employer_oasdi,2022,-0.024958
net_cost_cbo_informed_sept29_high,ratio,v4_employer_oasdi,2023,-0.025951
net_cost_cbo_informed_sept29_high,ratio,v4_employer_oasdi,2024,-0.027536
net_cost_cbo_informed_sept29_high,ratio,v4_employer_hi,2005,-0.006788
net_cost_cbo_informed_sept29_high,ratio,v4_employer_hi,2006,-0.007341
net_cost_cbo_informed_sept29_high,ratio,v4_employer_hi,2007,-0.007696
net_cost_cbo_informed_sept29_high,ratio,v4_employer_hi,2008,-0.008044
net_cost_cbo_informed_sept29_high,ratio,v4_employer_hi,2009,-0.007791
net_cost_cbo_informed_sept29_high,ratio,v4_employer_hi,2010,-0.008099
net_cost_cbo_informed_sept29_high,ratio,v4_employer_hi,2011,-0.008355
net_cost_cbo_informed_sept29_high,ratio,v4_employer_hi,2012,-0.008621
net_cost_cbo_informed_sept29_high,ratio,v4_employer_hi,2013,-0.008763
net_cost_cbo_informed_sept29_high,ratio,v4_employer_hi,2014,-0.009172
net_cost_cbo_informed_sept29_high,ratio,v4_employer_hi,2015,-0.009611
net_cost_cbo_informed_sept29_high,ratio,v4_employer_hi,2016,-0.009838
net_cost_cbo_informed_sept29_high,ratio,v4_employer_hi,2017,-0.010168
net_cost_cbo_informed_sept29_high,ratio,v4_employer_hi,2018,-0.010469
net_cost_cbo_informed_sept29_high,ratio,v4_employer_hi,2019,-0.010791
net_cost_cbo_informed_sept29_high,ratio,v4_employer_hi,2020,-0.010807
net_cost_cbo_informed_sept29_high,ratio,v4_employer_hi,2021,-0.011304
net_cost_cbo_informed_sept29_high,ratio,v4_employer_hi,2022,-0.011368
net_cost_cbo_informed_sept29_high,ratio,v4_employer_hi,2023,-0.011679
net_cost_cbo_informed_sept29_high,ratio,v4_employer_hi,2024,-0.012404
net_cost_cbo_informed_sept29_high,ratio,v4_other_domestic_social_contributions,2005,-0.025843
net_cost_cbo_informed_sept29_high,ratio,v4_other_domestic_social_contributions,2006,-0.025299
net_cost_cbo_informed_sept29_high,ratio,v4_other_domestic_social_contributions,2007,-0.023521
net_cost_cbo_informed_sept29_high,ratio,v4_other_domestic_social_contributions,2008,-0.023596
net_cost_cbo_informed_sept29_high,ratio,v4_other_domestic_social_contributions,2009,-0.024531
net_cost_cbo_informed_sept29_high,ratio,v4_other_domestic_social_contributions,2010,-0.028251
net_cost_cbo_informed_sept29_high,ratio,v4_other_domestic_social_contributions,2011,-0.030762
net_cost_cbo_informed_sept29_high,ratio,v4_other_domestic_social_contributions,2012,-0.031517
net_cost_cbo_informed_sept29_high,ratio,v4_other_domestic_social_contributions,2013,-0.03093
net_cost_cbo_informed_sept29_high,ratio,v4_other_domestic_social_contributions,2014,-0.030701
net_cost_cbo_informed_sept29_high,ratio,v4_other_domestic_social_contributions,2015,-0.030486
net_cost_cbo_informed_sept29_high,ratio,v4_other_domestic_social_contributions,2016,-0.029429
net_cost_cbo_informed_sept29_high,ratio,v4_other_domestic_social_contributions,2017,-0.028486
net_cost_cbo_informed_sept29_high,ratio,v4_other_domestic_social_contributions,2018,-0.026653
net_cost_cbo_informed_sept29_high,ratio,v4_other_domestic_social_contributions,2019,-0.02594
net_cost_cbo_informed_sept29_high,ratio,v4_other_domestic_social_contributions,2020,-0.025994
net_cost_cbo_informed_sept29_high,ratio,v4_other_domestic_social_contributions,2021,-0.025602
net_cost_cbo_informed_sept29_high,ratio,v4_other_domestic_social_contributions,2022,-0.023966
net_cost_cbo_informed_sept29_high,ratio,v4_other_domestic_social_contributions,2023,-0.023562
net_cost_cbo_informed_sept29_high,ratio,v4_other_domestic_social_contributions,2024,-0.024784
net_cost_cbo_informed_sept29_high,ratio,v4_general_sales_tax,2005,-3.272937
net_cost_cbo_informed_sept29_high,ratio,v4_general_sales_tax,2006,-3.58623
net_cost_cbo_informed_sept29_high,ratio,v4_general_sales_tax,2007,-3.649828
net_cost_cbo_informed_sept29_high,ratio,v4_general_sales_tax,2008,-3.735101
net_cost_cbo_informed_sept29_high,ratio,v4_general_sales_tax,2009,-3.521989
net_cost_cbo_informed_sept29_high,ratio,v4_general_sales_tax,2010,-3.784876
net_cost_cbo_informed_sept29_high,ratio,v4_general_sales_tax,2011,-3.954851
net_cost_cbo_informed_sept29_high,ratio,v4_general_sales_tax,2012,-4.071846
net_cost_cbo_informed_sept29_high,ratio,v4_general_sales_tax,2013,-4.274076
net_cost_cbo_informed_sept29_high,ratio,v4_general_sales_tax,2014,-4.480351
net_cost_cbo_informed_sept29_high,ratio,v4_general_sales_tax,2015,-4.610138
net_cost_cbo_informed_sept29_high,ratio,v4_general_sales_tax,2016,-4.724147
net_cost_cbo_informed_sept29_high,ratio,v4_general_sales_tax,2017,-4.915752
net_cost_cbo_informed_sept29_high,ratio,v4_general_sales_tax,2018,-5.072313
net_cost_cbo_informed_sept29_high,ratio,v4_general_sales_tax,2019,-5.246606
net_cost_cbo_informed_sept29_high,ratio,v4_general_sales_tax,2020,-5.118931
net_cost_cbo_informed_sept29_high,ratio,v4_general_sales_tax,2021,-5.741967
net_cost_cbo_informed_sept29_high,ratio,v4_general_sales_tax,2022,-5.958048
net_cost_cbo_informed_sept29_high,ratio,v4_general_sales_tax,2023,-5.871641
net_cost_cbo_informed_sept29_high,ratio,v4_general_sales_tax,2024,-5.955606
net_cost_cbo_informed_sept29_high,ratio,v4_modeled_owner_property,2005,-10.797661
net_cost_cbo_informed_sept29_high,ratio,v4_modeled_owner_property,2006,-11.726867
net_cost_cbo_informed_sept29_high,ratio,v4_modeled_owner_property,2007,-12.523815
net_cost_cbo_informed_sept29_high,ratio,v4_modeled_owner_property,2008,-13.208914
net_cost_cbo_informed_sept29_high,ratio,v4_modeled_owner_property,2009,-14.187624
net_cost_cbo_informed_sept29_high,ratio,v4_modeled_owner_property,2010,-14.410243
net_cost_cbo_informed_sept29_high,ratio,v4_modeled_owner_property,2011,-14.296481
net_cost_cbo_informed_sept29_high,ratio,v4_modeled_owner_property,2012,-14.288774
net_cost_cbo_informed_sept29_high,ratio,v4_modeled_owner_property,2013,-14.516133
net_cost_cbo_informed_sept29_high,ratio,v4_modeled_owner_property,2014,-15.035348
net_cost_cbo_informed_sept29_high,ratio,v4_modeled_owner_property,2015,-15.484062
net_cost_cbo_informed_sept29_high,ratio,v4_modeled_owner_property,2016,-16.077656
net_cost_cbo_informed_sept29_high,ratio,v4_modeled_owner_property,2017,-16.637568
net_cost_cbo_informed_sept29_high,ratio,v4_modeled_owner_property,2018,-16.89927
net_cost_cbo_informed_sept29_high,ratio,v4_modeled_owner_property,2019,-17.649307
net_cost_cbo_informed_sept29_high,ratio,v4_modeled_owner_property,2020,-17.901037
net_cost_cbo_informed_sept29_high,ratio,v4_modeled_owner_property,2021,-18.0086
net_cost_cbo_informed_sept29_high,ratio,v4_modeled_owner_property,2022,-17.42665
net_cost_cbo_informed_sept29_high,ratio,v4_modeled_owner_property,2023,-17.79145
net_cost_cbo_informed_sept29_high,ratio,v4_modeled_owner_property,2024,-19.049721
net_cost_cbo_informed_sept29_high,ratio,v4_excise_selective_sales,2005,-1.030344
net_cost_cbo_informed_sept29_high,ratio,v4_excise_selective_sales,2006,-1.089481
net_cost_cbo_informed_sept29_high,ratio,v4_excise_selective_sales,2007,-1.086172
net_cost_cbo_informed_sept29_high,ratio,v4_excise_selective_sales,2008,-1.10734
net_cost_cbo_informed_sept29_high,ratio,v4_excise_selective_sales,2009,-1.142573
net_cost_cbo_informed_sept29_high,ratio,v4_excise_selective_sales,2010,-1.221751
net_cost_cbo_informed_sept29_high,ratio,v4_excise_selective_sales,2011,-1.288887
net_cost_cbo_informed_sept29_high,ratio,v4_excise_selective_sales,2012,-1.326337
net_cost_cbo_informed_sept29_high,ratio,v4_excise_selective_sales,2013,-1.386227
net_cost_cbo_informed_sept29_high,ratio,v4_excise_selective_sales,2014,-1.446877
net_cost_cbo_informed_sept29_high,ratio,v4_excise_selective_sales,2015,-1.496954
net_cost_cbo_informed_sept29_high,ratio,v4_excise_selective_sales,2016,-1.49719
net_cost_cbo_informed_sept29_high,ratio,v4_excise_selective_sales,2017,-1.490583
net_cost_cbo_informed_sept29_high,ratio,v4_excise_selective_sales,2018,-1.605614
net_cost_cbo_informed_sept29_high,ratio,v4_excise_selective_sales,2019,-1.551918
net_cost_cbo_informed_sept29_high,ratio,v4_excise_selective_sales,2020,-1.433127
net_cost_cbo_informed_sept29_high,ratio,v4_excise_selective_sales,2021,-1.490512
net_cost_cbo_informed_sept29_high,ratio,v4_excise_selective_sales,2022,-1.48334
net_cost_cbo_informed_sept29_high,ratio,v4_excise_selective_sales,2023,-1.503307
net_cost_cbo_informed_sept29_high,ratio,v4_excise_selective_sales,2024,-1.575072
net_cost_cbo_informed_sept29_high,ratio,v4_customs_duties,2005,-0.01415
net_cost_cbo_informed_sept29_high,ratio,v4_customs_duties,2006,-0.015156
net_cost_cbo_informed_sept29_high,ratio,v4_customs_duties,2007,-0.016229
net_cost_cbo_informed_sept29_high,ratio,v4_customs_duties,2008,-0.016883
net_cost_cbo_informed_sept29_high,ratio,v4_customs_duties,2009,-0.013534
net_cost_cbo_informed_sept29_high,ratio,v4_customs_duties,2010,-0.017075
net_cost_cbo_informed_sept29_high,ratio,v4_customs_duties,2011,-0.018859
net_cost_cbo_informed_sept29_high,ratio,v4_customs_duties,2012,-0.019576
net_cost_cbo_informed_sept29_high,ratio,v4_customs_duties,2013,-0.02055
net_cost_cbo_informed_sept29_high,ratio,v4_customs_duties,2014,-0.02156
net_cost_cbo_informed_sept29_high,ratio,v4_customs_duties,2015,-0.021918
net_cost_cbo_informed_sept29_high,ratio,v4_customs_duties,2016,-0.021483
net_cost_cbo_informed_sept29_high,ratio,v4_customs_duties,2017,-0.021751
net_cost_cbo_informed_sept29_high,ratio,v4_customs_duties,2018,-0.029501
net_cost_cbo_informed_sept29_high,ratio,v4_customs_duties,2019,-0.042356
net_cost_cbo_informed_sept29_high,ratio,v4_customs_duties,2020,-0.036766
net_cost_cbo_informed_sept29_high,ratio,v4_customs_duties,2021,-0.04559
net_cost_cbo_informed_sept29_high,ratio,v4_customs_duties,2022,-0.048847
net_cost_cbo_informed_sept29_high,ratio,v4_customs_duties,2023,-0.037846
net_cost_cbo_informed_sept29_high,ratio,v4_customs_duties,2024,-0.038463
net_cost_cbo_informed_sept29_high,ratio,v4_personal_current_transfers,2005,-0.040005
net_cost_cbo_informed_sept29_high,ratio,v4_personal_current_transfers,2006,-0.042756
net_cost_cbo_informed_sept29_high,ratio,v4_personal_current_transfers,2007,-0.044629
net_cost_cbo_informed_sept29_high,ratio,v4_personal_current_transfers,2008,-0.046749
net_cost_cbo_informed_sept29_high,ratio,v4_personal_current_transfers,2009,-0.046943
net_cost_cbo_informed_sept29_high,ratio,v4_personal_current_transfers,2010,-0.0474
net_cost_cbo_informed_sept29_high,ratio,v4_personal_current_transfers,2011,-0.048592
net_cost_cbo_informed_sept29_high,ratio,v4_personal_current_transfers,2012,-0.050426
net_cost_cbo_informed_sept29_high,ratio,v4_personal_current_transfers,2013,-0.05041
net_cost_cbo_informed_sept29_high,ratio,v4_personal_current_transfers,2014,-0.053057
net_cost_cbo_informed_sept29_high,ratio,v4_personal_current_transfers,2015,-0.056819
net_cost_cbo_informed_sept29_high,ratio,v4_personal_current_transfers,2016,-0.058179
net_cost_cbo_informed_sept29_high,ratio,v4_personal_current_transfers,2017,-0.059069
net_cost_cbo_informed_sept29_high,ratio,v4_personal_current_transfers,2018,-0.061604
net_cost_cbo_informed_sept29_high,ratio,v4_personal_current_transfers,2019,-0.062418
net_cost_cbo_informed_sept29_high,ratio,v4_personal_current_transfers,2020,-0.058565
net_cost_cbo_informed_sept29_high,ratio,v4_personal_current_transfers,2021,-0.062163
net_cost_cbo_informed_sept29_high,ratio,v4_personal_current_transfers,2022,-0.063569
net_cost_cbo_informed_sept29_high,ratio,v4_personal_current_transfers,2023,-0.062944
net_cost_cbo_informed_sept29_high,ratio,v4_personal_current_transfers,2024,-0.064913
net_cost_cbo_informed_sept29_high,ratio,v4_enterprise_surplus,2005,-2.503726
net_cost_cbo_informed_sept29_high,ratio,v4_enterprise_surplus,2006,-2.952321
net_cost_cbo_informed_sept29_high,ratio,v4_enterprise_surplus,2007,-3.447297
net_cost_cbo_informed_sept29_high,ratio,v4_enterprise_surplus,2008,-3.678934
net_cost_cbo_informed_sept29_high,ratio,v4_enterprise_surplus,2009,-3.664178
net_cost_cbo_informed_sept29_high,ratio,v4_enterprise_surplus,2010,-4.181428
net_cost_cbo_informed_sept29_high,ratio,v4_enterprise_surplus,2011,-4.084417
net_cost_cbo_informed_sept29_high,ratio,v4_enterprise_surplus,2012,-3.926847
net_cost_cbo_informed_sept29_high,ratio,v4_enterprise_surplus,2013,-3.846798
net_cost_cbo_informed_sept29_high,ratio,v4_enterprise_surplus,2014,-3.664412
net_cost_cbo_informed_sept29_high,ratio,v4_enterprise_surplus,2015,-3.51675
net_cost_cbo_informed_sept29_high,ratio,v4_enterprise_surplus,2016,-3.495736
net_cost_cbo_informed_sept29_high,ratio,v4_enterprise_surplus,2017,-3.823023
net_cost_cbo_informed_sept29_high,ratio,v4_enterprise_surplus,2018,-3.730925
net_cost_cbo_informed_sept29_high,ratio,v4_enterprise_surplus,2019,-3.819824
net_cost_cbo_informed_sept29_high,ratio,v4_enterprise_surplus,2020,-4.049058
net_cost_cbo_informed_sept29_high,ratio,v4_enterprise_surplus,2021,-4.820664
net_cost_cbo_informed_sept29_high,ratio,v4_enterprise_surplus,2022,-4.96395
net_cost_cbo_informed_sept29_high,ratio,v4_enterprise_surplus,2023,-4.810999
net_cost_cbo_informed_sept29_high,ratio,v4_enterprise_surplus,2024,-4.721933
net_cost_cbo_informed_sept29_high,ratio,v4_housing_enterprise_surplus,2005,1.827211
net_cost_cbo_informed_sept29_high,ratio,v4_housing_enterprise_surplus,2006,2.126554
net_cost_cbo_informed_sept29_high,ratio,v4_housing_enterprise_surplus,2007,2.449806
net_cost_cbo_informed_sept29_high,ratio,v4_housing_enterprise_surplus,2008,2.607238
net_cost_cbo_informed_sept29_high,ratio,v4_housing_enterprise_surplus,2009,2.626756
net_cost_cbo_informed_sept29_high,ratio,v4_housing_enterprise_surplus,2010,2.961883
net_cost_cbo_informed_sept29_high,ratio,v4_housing_enterprise_surplus,2011,2.910175
net_cost_cbo_informed_sept29_high,ratio,v4_housing_enterprise_surplus,2012,2.797712
net_cost_cbo_informed_sept29_high,ratio,v4_housing_enterprise_surplus,2013,2.743425
net_cost_cbo_informed_sept29_high,ratio,v4_housing_enterprise_surplus,2014,2.630119
net_cost_cbo_informed_sept29_high,ratio,v4_housing_enterprise_surplus,2015,2.542959
net_cost_cbo_informed_sept29_high,ratio,v4_housing_enterprise_surplus,2016,2.550165
net_cost_cbo_informed_sept29_high,ratio,v4_housing_enterprise_surplus,2017,2.741839
net_cost_cbo_informed_sept29_high,ratio,v4_housing_enterprise_surplus,2018,2.701432
net_cost_cbo_informed_sept29_high,ratio,v4_housing_enterprise_surplus,2019,2.763861
net_cost_cbo_informed_sept29_high,ratio,v4_housing_enterprise_surplus,2020,2.936091
net_cost_cbo_informed_sept29_high,ratio,v4_housing_enterprise_surplus,2021,3.424592
net_cost_cbo_informed_sept29_high,ratio,v4_housing_enterprise_surplus,2022,3.512909
net_cost_cbo_informed_sept29_high,ratio,v4_housing_enterprise_surplus,2023,3.441981
net_cost_cbo_informed_sept29_high,ratio,v4_housing_enterprise_surplus,2024,3.426129
net_cost_cbo_informed_sept29_high,ratio,v4_tenant_occupied_property,2005,-3.860441
net_cost_cbo_informed_sept29_high,ratio,v4_tenant_occupied_property,2006,-4.192655
net_cost_cbo_informed_sept29_high,ratio,v4_tenant_occupied_property,2007,-4.477585
net_cost_cbo_informed_sept29_high,ratio,v4_tenant_occupied_property,2008,-4.722525
net_cost_cbo_informed_sept29_high,ratio,v4_tenant_occupied_property,2009,-5.072439
net_cost_cbo_informed_sept29_high,ratio,v4_tenant_occupied_property,2010,-5.152031
net_cost_cbo_informed_sept29_high,ratio,v4_tenant_occupied_property,2011,-5.111359
net_cost_cbo_informed_sept29_high,ratio,v4_tenant_occupied_property,2012,-5.108603
net_cost_cbo_informed_sept29_high,ratio,v4_tenant_occupied_property,2013,-5.18989
net_cost_cbo_informed_sept29_high,ratio,v4_tenant_occupied_property,2014,-5.375522
net_cost_cbo_informed_sept29_high,ratio,v4_tenant_occupied_property,2015,-5.535949
net_cost_cbo_informed_sept29_high,ratio,v4_tenant_occupied_property,2016,-5.748174
net_cost_cbo_informed_sept29_high,ratio,v4_tenant_occupied_property,2017,-5.948357
net_cost_cbo_informed_sept29_high,ratio,v4_tenant_occupied_property,2018,-6.041922
net_cost_cbo_informed_sept29_high,ratio,v4_tenant_occupied_property,2019,-6.31008
net_cost_cbo_informed_sept29_high,ratio,v4_tenant_occupied_property,2020,-6.40008
net_cost_cbo_informed_sept29_high,ratio,v4_tenant_occupied_property,2021,-6.438536
net_cost_cbo_informed_sept29_high,ratio,v4_tenant_occupied_property,2022,-6.230474
net_cost_cbo_informed_sept29_high,ratio,v4_tenant_occupied_property,2023,-6.360899
net_cost_cbo_informed_sept29_high,ratio,v4_tenant_occupied_property,2024,-6.810763
net_cost_cbo_informed_sept29_high,ratio,v4_social_security_accrual,2005,56.509394
net_cost_cbo_informed_sept29_high,ratio,v4_social_security_accrual,2006,60.871573
net_cost_cbo_informed_sept29_high,ratio,v4_social_security_accrual,2007,63.259999
net_cost_cbo_informed_sept29_high,ratio,v4_social_security_accrual,2008,66.881567
net_cost_cbo_informed_sept29_high,ratio,v4_social_security_accrual,2009,65.921315
net_cost_cbo_informed_sept29_high,ratio,v4_social_security_accrual,2010,67.372362
net_cost_cbo_informed_sept29_high,ratio,v4_social_security_accrual,2011,58.183697
net_cost_cbo_informed_sept29_high,ratio,v4_social_security_accrual,2012,59.648375
net_cost_cbo_informed_sept29_high,ratio,v4_social_security_accrual,2013,72.834085
net_cost_cbo_informed_sept29_high,ratio,v4_social_security_accrual,2014,76.04277
net_cost_cbo_informed_sept29_high,ratio,v4_social_security_accrual,2015,79.455383
net_cost_cbo_informed_sept29_high,ratio,v4_social_security_accrual,2016,81.399583
net_cost_cbo_informed_sept29_high,ratio,v4_social_security_accrual,2017,84.398447
net_cost_cbo_informed_sept29_high,ratio,v4_social_security_accrual,2018,86.69282
net_cost_cbo_informed_sept29_high,ratio,v4_social_security_accrual,2019,89.482169
net_cost_cbo_informed_sept29_high,ratio,v4_social_security_accrual,2020,88.77158
net_cost_cbo_informed_sept29_high,ratio,v4_social_security_accrual,2021,91.227591
net_cost_cbo_informed_sept29_high,ratio,v4_social_security_accrual,2022,93.520834
net_cost_cbo_informed_sept29_high,ratio,v4_social_security_accrual,2023,96.92624
net_cost_cbo_informed_sept29_high,ratio,v4_social_security_accrual,2024,102.754953
net_cost_cbo_informed_sept29_high,ratio,v4_social_security_cash,2005,-22.789116
net_cost_cbo_informed_sept29_high,ratio,v4_social_security_cash,2006,-24.589781
net_cost_cbo_informed_sept29_high,ratio,v4_social_security_cash,2007,-25.820672
net_cost_cbo_informed_sept29_high,ratio,v4_social_security_cash,2008,-27.821111
net_cost_cbo_informed_sept29_high,ratio,v4_social_security_cash,2009,-31.005758
net_cost_cbo_informed_sept29_high,ratio,v4_social_security_cash,2010,-32.786052
net_cost_cbo_informed_sept29_high,ratio,v4_social_security_cash,2011,-33.565239
net_cost_cbo_informed_sept29_high,ratio,v4_social_security_cash,2012,-35.438127
net_cost_cbo_informed_sept29_high,ratio,v4_social_security_cash,2013,-36.842064
net_cost_cbo_informed_sept29_high,ratio,v4_social_security_cash,2014,-38.325638
net_cost_cbo_informed_sept29_high,ratio,v4_social_security_cash,2015,-39.885094
net_cost_cbo_informed_sept29_high,ratio,v4_social_security_cash,2016,-40.831987
net_cost_cbo_informed_sept29_high,ratio,v4_social_security_cash,2017,-41.621005
net_cost_cbo_informed_sept29_high,ratio,v4_social_security_cash,2018,-42.842645
net_cost_cbo_informed_sept29_high,ratio,v4_social_security_cash,2019,-44.682971
net_cost_cbo_informed_sept29_high,ratio,v4_social_security_cash,2020,-45.954719
net_cost_cbo_informed_sept29_high,ratio,v4_social_security_cash,2021,-45.383804
net_cost_cbo_informed_sept29_high,ratio,v4_social_security_cash,2022,-46.019524
net_cost_cbo_informed_sept29_high,ratio,v4_social_security_cash,2023,-50.062422
net_cost_cbo_informed_sept29_high,ratio,v4_social_security_cash,2024,-53.022396
net_cost_cbo_informed_sept29_high,ratio,v4_medicare_part_a_accrual,2005,21.694984
net_cost_cbo_informed_sept29_high,ratio,v4_medicare_part_a_accrual,2006,23.473104
net_cost_cbo_informed_sept29_high,ratio,v4_medicare_part_a_accrual,2007,24.60404
net_cost_cbo_informed_sept29_high,ratio,v4_medicare_part_a_accrual,2008,25.710079
net_cost_cbo_informed_sept29_high,ratio,v4_medicare_part_a_accrual,2009,24.965225
net_cost_cbo_informed_sept29_high,ratio,v4_medicare_part_a_accrual,2010,25.952815
net_cost_cbo_informed_sept29_high,ratio,v4_medicare_part_a_accrual,2011,26.628823
net_cost_cbo_informed_sept29_high,ratio,v4_medicare_part_a_accrual,2012,27.435178
net_cost_cbo_informed_sept29_high,ratio,v4_medicare_part_a_accrual,2013,28.853986
net_cost_cbo_informed_sept29_high,ratio,v4_medicare_part_a_accrual,2014,30.264806
net_cost_cbo_informed_sept29_high,ratio,v4_medicare_part_a_accrual,2015,31.720002
net_cost_cbo_informed_sept29_high,ratio,v4_medicare_part_a_accrual,2016,32.407806
net_cost_cbo_informed_sept29_high,ratio,v4_medicare_part_a_accrual,2017,33.55406
net_cost_cbo_informed_sept29_high,ratio,v4_medicare_part_a_accrual,2018,34.565883
net_cost_cbo_informed_sept29_high,ratio,v4_medicare_part_a_accrual,2019,35.655985
net_cost_cbo_informed_sept29_high,ratio,v4_medicare_part_a_accrual,2020,35.799914
net_cost_cbo_informed_sept29_high,ratio,v4_medicare_part_a_accrual,2021,37.504551
net_cost_cbo_informed_sept29_high,ratio,v4_medicare_part_a_accrual,2022,37.73154
net_cost_cbo_informed_sept29_high,ratio,v4_medicare_part_a_accrual,2023,38.699694
net_cost_cbo_informed_sept29_high,ratio,v4_medicare_part_a_accrual,2024,41.137128
net_cost_cbo_informed_sept29_high,ratio,v4_medicare_cash,2005,-7.190728
net_cost_cbo_informed_sept29_high,ratio,v4_medicare_cash,2006,-8.786111
net_cost_cbo_informed_sept29_high,ratio,v4_medicare_cash,2007,-9.355838
net_cost_cbo_informed_sept29_high,ratio,v4_medicare_cash,2008,-10.33086
net_cost_cbo_informed_sept29_high,ratio,v4_medicare_cash,2009,-11.204667
net_cost_cbo_informed_sept29_high,ratio,v4_medicare_cash,2010,-11.879719
net_cost_cbo_informed_sept29_high,ratio,v4_medicare_cash,2011,-12.27771
net_cost_cbo_informed_sept29_high,ratio,v4_medicare_cash,2012,-12.564899
net_cost_cbo_informed_sept29_high,ratio,v4_medicare_cash,2013,-12.865809
net_cost_cbo_informed_sept29_high,ratio,v4_medicare_cash,2014,-13.420687
net_cost_cbo_informed_sept29_high,ratio,v4_medicare_cash,2015,-14.150034
net_cost_cbo_informed_sept29_high,ratio,v4_medicare_cash,2016,-14.689968
net_cost_cbo_informed_sept29_high,ratio,v4_medicare_cash,2017,-15.14589
net_cost_cbo_informed_sept29_high,ratio,v4_medicare_cash,2018,-15.743278
net_cost_cbo_informed_sept29_high,ratio,v4_medicare_cash,2019,-16.692493
net_cost_cbo_informed_sept29_high,ratio,v4_medicare_cash,2020,-17.182349
net_cost_cbo_informed_sept29_high,ratio,v4_medicare_cash,2021,-17.57827
net_cost_cbo_informed_sept29_high,ratio,v4_medicare_cash,2022,-17.437917
net_cost_cbo_informed_sept29_high,ratio,v4_medicare_cash,2023,-18.417167
net_cost_cbo_informed_sept29_high,ratio,v4_medicare_cash,2024,-19.663109
net_cost_cbo_informed_sept29_high,ratio,v4_workers_compensation,2005,-1.128322
net_cost_cbo_informed_sept29_high,ratio,v4_workers_compensation,2006,-1.098311
net_cost_cbo_informed_sept29_high,ratio,v4_workers_compensation,2007,-1.084649
net_cost_cbo_informed_sept29_high,ratio,v4_workers_compensation,2008,-1.109146
net_cost_cbo_informed_sept29_high,ratio,v4_workers_compensation,2009,-1.132904
net_cost_cbo_informed_sept29_high,ratio,v4_workers_compensation,2010,-1.138835
net_cost_cbo_informed_sept29_high,ratio,v4_workers_compensation,2011,-1.086086
net_cost_cbo_informed_sept29_high,ratio,v4_workers_compensation,2012,-1.028297
net_cost_cbo_informed_sept29_high,ratio,v4_workers_compensation,2013,-1.013704
net_cost_cbo_informed_sept29_high,ratio,v4_workers_compensation,2014,-1.016714
net_cost_cbo_informed_sept29_high,ratio,v4_workers_compensation,2015,-0.975232
net_cost_cbo_informed_sept29_high,ratio,v4_workers_compensation,2016,-0.913289
net_cost_cbo_informed_sept29_high,ratio,v4_workers_compensation,2017,-0.84622
net_cost_cbo_informed_sept29_high,ratio,v4_workers_compensation,2018,-0.798876
net_cost_cbo_informed_sept29_high,ratio,v4_workers_compensation,2019,-0.794476
net_cost_cbo_informed_sept29_high,ratio,v4_workers_compensation,2020,-0.800917
net_cost_cbo_informed_sept29_high,ratio,v4_workers_compensation,2021,-0.778467
net_cost_cbo_informed_sept29_high,ratio,v4_workers_compensation,2022,-0.752995
net_cost_cbo_informed_sept29_high,ratio,v4_workers_compensation,2023,-0.734738
net_cost_cbo_informed_sept29_high,ratio,v4_workers_compensation,2024,-0.73241
net_cost_cbo_informed_sept29_high,ratio,v4_housing_subsidies,2005,-0.220231
net_cost_cbo_informed_sept29_high,ratio,v4_housing_subsidies,2006,-0.23165
net_cost_cbo_informed_sept29_high,ratio,v4_housing_subsidies,2007,-0.23721
net_cost_cbo_informed_sept29_high,ratio,v4_housing_subsidies,2008,-0.245969
net_cost_cbo_informed_sept29_high,ratio,v4_housing_subsidies,2009,-0.274958
net_cost_cbo_informed_sept29_high,ratio,v4_housing_subsidies,2010,-0.278095
net_cost_cbo_informed_sept29_high,ratio,v4_housing_subsidies,2011,-0.288653
net_cost_cbo_informed_sept29_high,ratio,v4_housing_subsidies,2012,-0.277323
net_cost_cbo_informed_sept29_high,ratio,v4_housing_subsidies,2013,-0.274415
net_cost_cbo_informed_sept29_high,ratio,v4_housing_subsidies,2014,-0.278171
net_cost_cbo_informed_sept29_high,ratio,v4_housing_subsidies,2015,-0.285785
net_cost_cbo_informed_sept29_high,ratio,v4_housing_subsidies,2016,-0.306479
net_cost_cbo_informed_sept29_high,ratio,v4_housing_subsidies,2017,-0.288089
net_cost_cbo_informed_sept29_high,ratio,v4_housing_subsidies,2018,-0.306793
net_cost_cbo_informed_sept29_high,ratio,v4_housing_subsidies,2019,-0.312164
net_cost_cbo_informed_sept29_high,ratio,v4_housing_subsidies,2020,-0.337263
net_cost_cbo_informed_sept29_high,ratio,v4_housing_subsidies,2021,-0.33052
net_cost_cbo_informed_sept29_high,ratio,v4_housing_subsidies,2022,-0.32687
net_cost_cbo_informed_sept29_high,ratio,v4_housing_subsidies,2023,-0.354112
net_cost_cbo_informed_sept29_high,ratio,v4_housing_subsidies,2024,-0.395426
net_cost_cbo_informed_sept29_high,ratio,v4_roads_vmt_sl,2005,1.811366
net_cost_cbo_informed_sept29_high,ratio,v4_roads_vmt_sl,2006,1.951345
net_cost_cbo_informed_sept29_high,ratio,v4_roads_vmt_sl,2007,2.085676
net_cost_cbo_informed_sept29_high,ratio,v4_roads_vmt_sl,2008,2.254146
net_cost_cbo_informed_sept29_high,ratio,v4_roads_vmt_sl,2009,2.35694
net_cost_cbo_informed_sept29_high,ratio,v4_roads_vmt_sl,2010,2.517544
net_cost_cbo_informed_sept29_high,ratio,v4_roads_vmt_sl,2011,2.423718
net_cost_cbo_informed_sept29_high,ratio,v4_roads_vmt_sl,2012,2.433097
net_cost_cbo_informed_sept29_high,ratio,v4_roads_vmt_sl,2013,2.418021
net_cost_cbo_informed_sept29_high,ratio,v4_roads_vmt_sl,2014,2.43469
net_cost_cbo_informed_sept29_high,ratio,v4_roads_vmt_sl,2015,2.478802
net_cost_cbo_informed_sept29_high,ratio,v4_roads_vmt_sl,2016,2.491367
net_cost_cbo_informed_sept29_high,ratio,v4_roads_vmt_sl,2017,2.516452
net_cost_cbo_informed_sept29_high,ratio,v4_roads_vmt_sl,2018,2.609529
net_cost_cbo_informed_sept29_high,ratio,v4_roads_vmt_sl,2019,2.659954
net_cost_cbo_informed_sept29_high,ratio,v4_roads_vmt_sl,2020,2.831252
net_cost_cbo_informed_sept29_high,ratio,v4_roads_vmt_sl,2021,2.928905
net_cost_cbo_informed_sept29_high,ratio,v4_roads_vmt_sl,2022,2.672112
net_cost_cbo_informed_sept29_high,ratio,v4_roads_vmt_sl,2023,2.809781
net_cost_cbo_informed_sept29_high,ratio,v4_roads_vmt_sl,2024,3.030126
net_cost_cbo_informed_sept29_high,ratio,v4_state_price_public_order_safety,2005,3.965503
net_cost_cbo_informed_sept29_high,ratio,v4_state_price_public_order_safety,2006,4.271391
net_cost_cbo_informed_sept29_high,ratio,v4_state_price_public_order_safety,2007,4.540088
net_cost_cbo_informed_sept29_high,ratio,v4_state_price_public_order_safety,2008,4.976384
net_cost_cbo_informed_sept29_high,ratio,v4_state_price_public_order_safety,2009,5.160955
net_cost_cbo_informed_sept29_high,ratio,v4_state_price_public_order_safety,2010,5.325699
net_cost_cbo_informed_sept29_high,ratio,v4_state_price_public_order_safety,2011,5.285089
net_cost_cbo_informed_sept29_high,ratio,v4_state_price_public_order_safety,2012,5.218946
net_cost_cbo_informed_sept29_high,ratio,v4_state_price_public_order_safety,2013,5.259246
net_cost_cbo_informed_sept29_high,ratio,v4_state_price_public_order_safety,2014,5.416172
net_cost_cbo_informed_sept29_high,ratio,v4_state_price_public_order_safety,2015,5.587511
net_cost_cbo_informed_sept29_high,ratio,v4_state_price_public_order_safety,2016,5.702635
net_cost_cbo_informed_sept29_high,ratio,v4_state_price_public_order_safety,2017,5.778418
net_cost_cbo_informed_sept29_high,ratio,v4_state_price_public_order_safety,2018,5.98692
net_cost_cbo_informed_sept29_high,ratio,v4_state_price_public_order_safety,2019,6.164208
net_cost_cbo_informed_sept29_high,ratio,v4_state_price_public_order_safety,2020,6.117848
net_cost_cbo_informed_sept29_high,ratio,v4_state_price_public_order_safety,2021,6.087745
net_cost_cbo_informed_sept29_high,ratio,v4_state_price_public_order_safety,2022,6.020063
net_cost_cbo_informed_sept29_high,ratio,v4_state_price_public_order_safety,2023,6.134277
net_cost_cbo_informed_sept29_high,ratio,v4_state_price_public_order_safety,2024,6.412327
net_cost_cbo_informed_sept29_high,ratio,v4_state_price_health_services,2005,0.753417
net_cost_cbo_informed_sept29_high,ratio,v4_state_price_health_services,2006,0.782122
net_cost_cbo_informed_sept29_high,ratio,v4_state_price_health_services,2007,0.873246
net_cost_cbo_informed_sept29_high,ratio,v4_state_price_health_services,2008,1.006597
net_cost_cbo_informed_sept29_high,ratio,v4_state_price_health_services,2009,1.070242
net_cost_cbo_informed_sept29_high,ratio,v4_state_price_health_services,2010,1.111723
net_cost_cbo_informed_sept29_high,ratio,v4_state_price_health_services,2011,1.135421
net_cost_cbo_informed_sept29_high,ratio,v4_state_price_health_services,2012,1.145527
net_cost_cbo_informed_sept29_high,ratio,v4_state_price_health_services,2013,1.18334
net_cost_cbo_informed_sept29_high,ratio,v4_state_price_health_services,2014,1.211267
net_cost_cbo_informed_sept29_high,ratio,v4_state_price_health_services,2015,1.249169
net_cost_cbo_informed_sept29_high,ratio,v4_state_price_health_services,2016,1.307727
net_cost_cbo_informed_sept29_high,ratio,v4_state_price_health_services,2017,1.262527
net_cost_cbo_informed_sept29_high,ratio,v4_state_price_health_services,2018,1.33092
net_cost_cbo_informed_sept29_high,ratio,v4_state_price_health_services,2019,1.462938
net_cost_cbo_informed_sept29_high,ratio,v4_state_price_health_services,2020,1.706024
net_cost_cbo_informed_sept29_high,ratio,v4_state_price_health_services,2021,1.774395
net_cost_cbo_informed_sept29_high,ratio,v4_state_price_health_services,2022,1.776037
net_cost_cbo_informed_sept29_high,ratio,v4_state_price_health_services,2023,1.738171
net_cost_cbo_informed_sept29_high,ratio,v4_state_price_health_services,2024,1.799632
net_cost_cbo_informed_sept29_high,ratio,v4_state_price_recreation_culture,2005,0.259162
net_cost_cbo_informed_sept29_high,ratio,v4_state_price_recreation_culture,2006,0.282414
net_cost_cbo_informed_sept29_high,ratio,v4_state_price_recreation_culture,2007,0.296791
net_cost_cbo_informed_sept29_high,ratio,v4_state_price_recreation_culture,2008,0.321649
net_cost_cbo_informed_sept29_high,ratio,v4_state_price_recreation_culture,2009,0.331094
net_cost_cbo_informed_sept29_high,ratio,v4_state_price_recreation_culture,2010,0.33823
net_cost_cbo_informed_sept29_high,ratio,v4_state_price_recreation_culture,2011,0.325142
net_cost_cbo_informed_sept29_high,ratio,v4_state_price_recreation_culture,2012,0.320148
net_cost_cbo_informed_sept29_high,ratio,v4_state_price_recreation_culture,2013,0.329379
net_cost_cbo_informed_sept29_high,ratio,v4_state_price_recreation_culture,2014,0.338607
net_cost_cbo_informed_sept29_high,ratio,v4_state_price_recreation_culture,2015,0.348418
net_cost_cbo_informed_sept29_high,ratio,v4_state_price_recreation_culture,2016,0.365307
net_cost_cbo_informed_sept29_high,ratio,v4_state_price_recreation_culture,2017,0.372682
net_cost_cbo_informed_sept29_high,ratio,v4_state_price_recreation_culture,2018,0.385988
net_cost_cbo_informed_sept29_high,ratio,v4_state_price_recreation_culture,2019,0.40414
net_cost_cbo_informed_sept29_high,ratio,v4_state_price_recreation_culture,2020,0.397806
net_cost_cbo_informed_sept29_high,ratio,v4_state_price_recreation_culture,2021,0.38796
net_cost_cbo_informed_sept29_high,ratio,v4_state_price_recreation_culture,2022,0.406659
net_cost_cbo_informed_sept29_high,ratio,v4_state_price_recreation_culture,2023,0.411687
net_cost_cbo_informed_sept29_high,ratio,v4_state_price_recreation_culture,2024,0.427908
net_cost_cbo_informed_sept29_high,ratio,v4_production_private,2005,0.162906
net_cost_cbo_informed_sept29_high,ratio,v4_production_private,2006,0.175507
net_cost_cbo_informed_sept29_high,ratio,v4_production_private,2007,0.182494
net_cost_cbo_informed_sept29_high,ratio,v4_production_private,2008,0.190745
net_cost_cbo_informed_sept29_high,ratio,v4_production_private,2009,0.189899
net_cost_cbo_informed_sept29_high,ratio,v4_production_private,2010,0.200948
net_cost_cbo_informed_sept29_high,ratio,v4_production_private,2011,0.20635
net_cost_cbo_informed_sept29_high,ratio,v4_production_private,2012,0.212443
net_cost_cbo_informed_sept29_high,ratio,v4_production_private,2013,0.218781
net_cost_cbo_informed_sept29_high,ratio,v4_production_private,2014,0.227274
net_cost_cbo_informed_sept29_high,ratio,v4_production_private,2015,0.235275
net_cost_cbo_informed_sept29_high,ratio,v4_production_private,2016,0.240758
net_cost_cbo_informed_sept29_high,ratio,v4_production_private,2017,0.247764
net_cost_cbo_informed_sept29_high,ratio,v4_production_private,2018,0.255817
net_cost_cbo_informed_sept29_high,ratio,v4_production_private,2019,0.262472
net_cost_cbo_informed_sept29_high,ratio,v4_production_private,2020,0.256152
net_cost_cbo_informed_sept29_high,ratio,v4_production_private,2021,0.271547
net_cost_cbo_informed_sept29_high,ratio,v4_production_private,2022,0.278194
net_cost_cbo_informed_sept29_high,ratio,v4_production_private,2023,0.28841
net_cost_cbo_informed_sept29_high,ratio,v4_production_private,2024,0.301568
net_cost_cbo_informed_sept29_high,ratio,v4_production_receipts,2005,0.435302
net_cost_cbo_informed_sept29_high,ratio,v4_production_receipts,2006,0.468973
net_cost_cbo_informed_sept29_high,ratio,v4_production_receipts,2007,0.487642
net_cost_cbo_informed_sept29_high,ratio,v4_production_receipts,2008,0.50969
net_cost_cbo_informed_sept29_high,ratio,v4_production_receipts,2009,0.507431
net_cost_cbo_informed_sept29_high,ratio,v4_production_receipts,2010,0.536953
net_cost_cbo_informed_sept29_high,ratio,v4_production_receipts,2011,0.551388
net_cost_cbo_informed_sept29_high,ratio,v4_production_receipts,2012,0.567669
net_cost_cbo_informed_sept29_high,ratio,v4_production_receipts,2013,0.584605
net_cost_cbo_informed_sept29_high,ratio,v4_production_receipts,2014,0.607299
net_cost_cbo_informed_sept29_high,ratio,v4_production_receipts,2015,0.62868
net_cost_cbo_informed_sept29_high,ratio,v4_production_receipts,2016,0.643331
net_cost_cbo_informed_sept29_high,ratio,v4_production_receipts,2017,0.662051
net_cost_cbo_informed_sept29_high,ratio,v4_production_receipts,2018,0.683569
net_cost_cbo_informed_sept29_high,ratio,v4_production_receipts,2019,0.701352
net_cost_cbo_informed_sept29_high,ratio,v4_production_receipts,2020,0.684465
net_cost_cbo_informed_sept29_high,ratio,v4_production_receipts,2021,0.725603
net_cost_cbo_informed_sept29_high,ratio,v4_production_receipts,2022,0.743363
net_cost_cbo_informed_sept29_high,ratio,v4_production_receipts,2023,0.770663
net_cost_cbo_informed_sept29_high,ratio,v4_production_receipts,2024,0.805821
net_cost_cbo_informed_sept29_high,ratio,v4_roads_vmt_fed,2005,0.016464
net_cost_cbo_informed_sept29_high,ratio,v4_roads_vmt_fed,2006,0.017736
net_cost_cbo_informed_sept29_high,ratio,v4_roads_vmt_fed,2007,0.018957
net_cost_cbo_informed_sept29_high,ratio,v4_roads_vmt_fed,2008,0.020489
net_cost_cbo_informed_sept29_high,ratio,v4_roads_vmt_fed,2009,0.021423
net_cost_cbo_informed_sept29_high,ratio,v4_roads_vmt_fed,2010,0.022883
net_cost_cbo_informed_sept29_high,ratio,v4_roads_vmt_fed,2011,0.02203
net_cost_cbo_informed_sept29_high,ratio,v4_roads_vmt_fed,2012,0.022115
net_cost_cbo_informed_sept29_high,ratio,v4_roads_vmt_fed,2013,0.021978
net_cost_cbo_informed_sept29_high,ratio,v4_roads_vmt_fed,2014,0.02213
net_cost_cbo_informed_sept29_high,ratio,v4_roads_vmt_fed,2015,0.022531
net_cost_cbo_informed_sept29_high,ratio,v4_roads_vmt_fed,2016,0.022645
net_cost_cbo_informed_sept29_high,ratio,v4_roads_vmt_fed,2017,0.022873
net_cost_cbo_informed_sept29_high,ratio,v4_roads_vmt_fed,2018,0.023719
net_cost_cbo_informed_sept29_high,ratio,v4_roads_vmt_fed,2019,0.024177
net_cost_cbo_informed_sept29_high,ratio,v4_roads_vmt_fed,2020,0.025734
net_cost_cbo_informed_sept29_high,ratio,v4_roads_vmt_fed,2021,0.026622
net_cost_cbo_informed_sept29_high,ratio,v4_roads_vmt_fed,2022,0.024288
net_cost_cbo_informed_sept29_high,ratio,v4_roads_vmt_fed,2023,0.025539
net_cost_cbo_informed_sept29_high,ratio,v4_roads_vmt_fed,2024,0.027542
net_cost_cbo_informed_sept29_high,ratio,capital_core,2005,10.61658
net_cost_cbo_informed_sept29_high,ratio,capital_core,2006,12.032238
net_cost_cbo_informed_sept29_high,ratio,capital_core,2007,13.074962
net_cost_cbo_informed_sept29_high,ratio,capital_core,2008,14.612459
net_cost_cbo_informed_sept29_high,ratio,capital_core,2009,15.627468
net_cost_cbo_informed_sept29_high,ratio,capital_core,2010,16.135787
net_cost_cbo_informed_sept29_high,ratio,capital_core,2011,16.676839
net_cost_cbo_informed_sept29_high,ratio,capital_core,2012,17.167844
net_cost_cbo_informed_sept29_high,ratio,capital_core,2013,17.654994
net_cost_cbo_informed_sept29_high,ratio,capital_core,2014,18.292381
net_cost_cbo_informed_sept29_high,ratio,capital_core,2015,18.807745
net_cost_cbo_informed_sept29_high,ratio,capital_core,2016,19.21723
net_cost_cbo_informed_sept29_high,ratio,capital_core,2017,19.641272
net_cost_cbo_informed_sept29_high,ratio,capital_core,2018,20.384602
net_cost_cbo_informed_sept29_high,ratio,capital_core,2019,21.301701
net_cost_cbo_informed_sept29_high,ratio,capital_core,2020,21.846355
net_cost_cbo_informed_sept29_high,ratio,capital_core,2021,22.461853
net_cost_cbo_informed_sept29_high,ratio,capital_core,2022,24.096306
net_cost_cbo_informed_sept29_high,ratio,capital_core,2023,25.393157
net_cost_cbo_informed_sept29_high,ratio,capital_core,2024,25.779717
net_cost_cbo_informed_sept29_high,ratio,capital_block,2005,6.854937
net_cost_cbo_informed_sept29_high,ratio,capital_block,2006,7.868255
net_cost_cbo_informed_sept29_high,ratio,capital_block,2007,8.786827
net_cost_cbo_informed_sept29_high,ratio,capital_block,2008,9.772747
net_cost_cbo_informed_sept29_high,ratio,capital_block,2009,10.240978
net_cost_cbo_informed_sept29_high,ratio,capital_block,2010,10.63132
net_cost_cbo_informed_sept29_high,ratio,capital_block,2011,11.048408
net_cost_cbo_informed_sept29_high,ratio,capital_block,2012,11.490455
net_cost_cbo_informed_sept29_high,ratio,capital_block,2013,11.792852
net_cost_cbo_informed_sept29_high,ratio,capital_block,2014,11.976649
net_cost_cbo_informed_sept29_high,ratio,capital_block,2015,12.047588
net_cost_cbo_informed_sept29_high,ratio,capital_block,2016,12.250041
net_cost_cbo_informed_sept29_high,ratio,capital_block,2017,12.567546
net_cost_cbo_informed_sept29_high,ratio,capital_block,2018,12.894185
net_cost_cbo_informed_sept29_high,ratio,capital_block,2019,13.17859
net_cost_cbo_informed_sept29_high,ratio,capital_block,2020,13.349562
net_cost_cbo_informed_sept29_high,ratio,capital_block,2021,13.691975
net_cost_cbo_informed_sept29_high,ratio,capital_block,2022,13.859483
net_cost_cbo_informed_sept29_high,ratio,capital_block,2023,14.092461
net_cost_cbo_informed_sept29_high,ratio,capital_block,2024,14.48243
net_cost_cbo_informed_sept29_high,ratio,capital_enterprise,2005,7.637737
net_cost_cbo_informed_sept29_high,ratio,capital_enterprise,2006,8.507713
net_cost_cbo_informed_sept29_high,ratio,capital_enterprise,2007,9.180632
net_cost_cbo_informed_sept29_high,ratio,capital_enterprise,2008,9.990966
net_cost_cbo_informed_sept29_high,ratio,capital_enterprise,2009,10.439061
net_cost_cbo_informed_sept29_high,ratio,capital_enterprise,2010,10.954552
net_cost_cbo_informed_sept29_high,ratio,capital_enterprise,2011,11.457938
net_cost_cbo_informed_sept29_high,ratio,capital_enterprise,2012,11.869356
net_cost_cbo_informed_sept29_high,ratio,capital_enterprise,2013,12.218095
net_cost_cbo_informed_sept29_high,ratio,capital_enterprise,2014,12.616775
net_cost_cbo_informed_sept29_high,ratio,capital_enterprise,2015,12.936733
net_cost_cbo_informed_sept29_high,ratio,capital_enterprise,2016,13.283891
net_cost_cbo_informed_sept29_high,ratio,capital_enterprise,2017,13.661711
net_cost_cbo_informed_sept29_high,ratio,capital_enterprise,2018,14.065129
net_cost_cbo_informed_sept29_high,ratio,capital_enterprise,2019,14.455337
net_cost_cbo_informed_sept29_high,ratio,capital_enterprise,2020,14.764687
net_cost_cbo_informed_sept29_high,ratio,capital_enterprise,2021,15.360385
net_cost_cbo_informed_sept29_high,ratio,capital_enterprise,2022,15.960731
net_cost_cbo_informed_sept29_high,ratio,capital_enterprise,2023,16.507827
net_cost_cbo_informed_sept29_high,ratio,capital_enterprise,2024,16.907761
net_cost_cbo_informed_sept29_high,income,base,2005,152.407836
net_cost_cbo_informed_sept29_high,income,base,2006,156.964223
net_cost_cbo_informed_sept29_high,income,base,2007,169.848254
net_cost_cbo_informed_sept29_high,income,base,2008,215.946688
net_cost_cbo_informed_sept29_high,income,base,2009,283.729453
net_cost_cbo_informed_sept29_high,income,base,2010,301.877765
net_cost_cbo_informed_sept29_high,income,base,2011,294.868331
net_cost_cbo_informed_sept29_high,income,base,2012,280.174092
net_cost_cbo_informed_sept29_high,income,base,2013,251.175213
net_cost_cbo_informed_sept29_high,income,base,2014,244.881122
net_cost_cbo_informed_sept29_high,income,base,2015,241.629835
net_cost_cbo_informed_sept29_high,income,base,2016,247.96851
net_cost_cbo_informed_sept29_high,income,base,2017,245.494048
net_cost_cbo_informed_sept29_high,income,base,2018,255.329207
net_cost_cbo_informed_sept29_high,income,base,2019,264.22827
net_cost_cbo_informed_sept29_high,income,base,2020,412.749618
net_cost_cbo_informed_sept29_high,income,base,2021,373.792964
net_cost_cbo_informed_sept29_high,income,base,2022,226.435734
net_cost_cbo_informed_sept29_high,income,base,2023,278.599697
net_cost_cbo_informed_sept29_high,income,base,2024,291.954815
net_cost_cbo_informed_sept29_high,income,long_run_economic_affairs_services,2005,13.908195
net_cost_cbo_informed_sept29_high,income,long_run_economic_affairs_services,2006,14.982995
net_cost_cbo_informed_sept29_high,income,long_run_economic_affairs_services,2007,16.014435
net_cost_cbo_informed_sept29_high,income,long_run_economic_affairs_services,2008,17.30799
net_cost_cbo_informed_sept29_high,income,long_run_economic_affairs_services,2009,18.097277
net_cost_cbo_informed_sept29_high,income,long_run_economic_affairs_services,2010,19.330437
net_cost_cbo_informed_sept29_high,income,long_run_economic_affairs_services,2011,18.610016
net_cost_cbo_informed_sept29_high,income,long_run_economic_affairs_services,2012,18.682031
net_cost_cbo_informed_sept29_high,income,long_run_economic_affairs_services,2013,18.566271
net_cost_cbo_informed_sept29_high,income,long_run_economic_affairs_services,2014,18.694263
net_cost_cbo_informed_sept29_high,income,long_run_economic_affairs_services,2015,19.032965
net_cost_cbo_informed_sept29_high,income,long_run_economic_affairs_services,2016,19.129443
net_cost_cbo_informed_sept29_high,income,long_run_economic_affairs_services,2017,19.322058
net_cost_cbo_informed_sept29_high,income,long_run_economic_affairs_services,2018,20.03673
net_cost_cbo_informed_sept29_high,income,long_run_economic_affairs_services,2019,20.423905
net_cost_cbo_informed_sept29_high,income,long_run_economic_affairs_services,2020,21.739182
net_cost_cbo_informed_sept29_high,income,long_run_economic_affairs_services,2021,22.488991
net_cost_cbo_informed_sept29_high,income,long_run_economic_affairs_services,2022,20.517258
net_cost_cbo_informed_sept29_high,income,long_run_economic_affairs_services,2023,21.574323
net_cost_cbo_informed_sept29_high,income,long_run_economic_affairs_services,2024,23.266194
net_cost_cbo_informed_sept29_high,income,long_run_recreation_culture,2005,3.855716
net_cost_cbo_informed_sept29_high,income,long_run_recreation_culture,2006,4.201652
net_cost_cbo_informed_sept29_high,income,long_run_recreation_culture,2007,4.415548
net_cost_cbo_informed_sept29_high,income,long_run_recreation_culture,2008,4.785378
net_cost_cbo_informed_sept29_high,income,long_run_recreation_culture,2009,4.925886
net_cost_cbo_informed_sept29_high,income,long_run_recreation_culture,2010,5.032063
net_cost_cbo_informed_sept29_high,income,long_run_recreation_culture,2011,4.837333
net_cost_cbo_informed_sept29_high,income,long_run_recreation_culture,2012,4.763042
net_cost_cbo_informed_sept29_high,income,long_run_recreation_culture,2013,4.900377
net_cost_cbo_informed_sept29_high,income,long_run_recreation_culture,2014,5.037667
net_cost_cbo_informed_sept29_high,income,long_run_recreation_culture,2015,5.183627
net_cost_cbo_informed_sept29_high,income,long_run_recreation_culture,2016,5.434896
net_cost_cbo_informed_sept29_high,income,long_run_recreation_culture,2017,5.544627
net_cost_cbo_informed_sept29_high,income,long_run_recreation_culture,2018,5.742585
net_cost_cbo_informed_sept29_high,income,long_run_recreation_culture,2019,6.012647
net_cost_cbo_informed_sept29_high,income,long_run_recreation_culture,2020,5.91841
net_cost_cbo_informed_sept29_high,income,long_run_recreation_culture,2021,5.771925
net_cost_cbo_informed_sept29_high,income,long_run_recreation_culture,2022,6.050115
net_cost_cbo_informed_sept29_high,income,long_run_recreation_culture,2023,6.124925
net_cost_cbo_informed_sept29_high,income,long_run_recreation_culture,2024,6.366255
net_cost_cbo_informed_sept29_high,income,rental_assistance,2005,2.524119
net_cost_cbo_informed_sept29_high,income,rental_assistance,2006,2.655
net_cost_cbo_informed_sept29_high,income,rental_assistance,2007,2.718717
net_cost_cbo_informed_sept29_high,income,rental_assistance,2008,2.819105
net_cost_cbo_informed_sept29_high,income,rental_assistance,2009,3.151353
net_cost_cbo_informed_sept29_high,income,rental_assistance,2010,3.187315
net_cost_cbo_informed_sept29_high,income,rental_assistance,2011,3.308314
net_cost_cbo_informed_sept29_high,income,rental_assistance,2012,3.178466
net_cost_cbo_informed_sept29_high,income,rental_assistance,2013,3.14514
net_cost_cbo_informed_sept29_high,income,rental_assistance,2014,3.188178
net_cost_cbo_informed_sept29_high,income,rental_assistance,2015,3.275448
net_cost_cbo_informed_sept29_high,income,rental_assistance,2016,3.512629
net_cost_cbo_informed_sept29_high,income,rental_assistance,2017,3.301851
net_cost_cbo_informed_sept29_high,income,rental_assistance,2018,3.516221
net_cost_cbo_informed_sept29_high,income,rental_assistance,2019,3.577785
net_cost_cbo_informed_sept29_high,income,rental_assistance,2020,3.865451
net_cost_cbo_informed_sept29_high,income,rental_assistance,2021,3.788167
net_cost_cbo_informed_sept29_high,income,rental_assistance,2022,3.746339
net_cost_cbo_informed_sept29_high,income,rental_assistance,2023,4.058563
net_cost_cbo_informed_sept29_high,income,rental_assistance,2024,4.532066
net_cost_cbo_informed_sept29_high,income,enterprise_surplus,2005,0.490534
net_cost_cbo_informed_sept29_high,income,enterprise_surplus,2006,0.853953
net_cost_cbo_informed_sept29_high,income,enterprise_surplus,2007,1.847371
net_cost_cbo_informed_sept29_high,income,enterprise_surplus,2008,2.459287
net_cost_cbo_informed_sept29_high,income,enterprise_surplus,2009,2.173422
net_cost_cbo_informed_sept29_high,income,enterprise_surplus,2010,2.819135
net_cost_cbo_informed_sept29_high,income,enterprise_surplus,2011,2.686704
net_cost_cbo_informed_sept29_high,income,enterprise_surplus,2012,2.030378
net_cost_cbo_informed_sept29_high,income,enterprise_surplus,2013,2.012881
net_cost_cbo_informed_sept29_high,income,enterprise_surplus,2014,1.245274
net_cost_cbo_informed_sept29_high,income,enterprise_surplus,2015,0.416792
net_cost_cbo_informed_sept29_high,income,enterprise_surplus,2016,0.313938
net_cost_cbo_informed_sept29_high,income,enterprise_surplus,2017,0.611643
net_cost_cbo_informed_sept29_high,income,enterprise_surplus,2018,0.647385
net_cost_cbo_informed_sept29_high,income,enterprise_surplus,2019,1.684152
net_cost_cbo_informed_sept29_high,income,enterprise_surplus,2020,0.417716
net_cost_cbo_informed_sept29_high,income,enterprise_surplus,2021,1.424219
net_cost_cbo_informed_sept29_high,income,enterprise_surplus,2022,1.946247
net_cost_cbo_informed_sept29_high,income,enterprise_surplus,2023,5.538794
net_cost_cbo_informed_sept29_high,income,enterprise_surplus,2024,5.561143
net_cost_cbo_informed_sept29_high,income,v4_federal_income_tax,2005,-0.421878
net_cost_cbo_informed_sept29_high,income,v4_federal_income_tax,2006,-0.483266
net_cost_cbo_informed_sept29_high,income,v4_federal_income_tax,2007,-0.531904
net_cost_cbo_informed_sept29_high,income,v4_federal_income_tax,2008,-0.547491
net_cost_cbo_informed_sept29_high,income,v4_federal_income_tax,2009,-0.409513
net_cost_cbo_informed_sept29_high,income,v4_federal_income_tax,2010,-0.453953
net_cost_cbo_informed_sept29_high,income,v4_federal_income_tax,2011,-0.538913
net_cost_cbo_informed_sept29_high,income,v4_federal_income_tax,2012,-0.549269
net_cost_cbo_informed_sept29_high,income,v4_federal_income_tax,2013,-0.608379
net_cost_cbo_informed_sept29_high,income,v4_federal_income_tax,2014,-0.652798
net_cost_cbo_informed_sept29_high,income,v4_federal_income_tax,2015,-0.710111
net_cost_cbo_informed_sept29_high,income,v4_federal_income_tax,2016,-0.714045
net_cost_cbo_informed_sept29_high,income,v4_federal_income_tax,2017,-0.734235
net_cost_cbo_informed_sept29_high,income,v4_federal_income_tax,2018,-0.720301
net_cost_cbo_informed_sept29_high,income,v4_federal_income_tax,2019,-0.74685
net_cost_cbo_informed_sept29_high,income,v4_federal_income_tax,2020,-0.751676
net_cost_cbo_informed_sept29_high,income,v4_federal_income_tax,2021,-0.87737
net_cost_cbo_informed_sept29_high,income,v4_federal_income_tax,2022,-1.002277
net_cost_cbo_informed_sept29_high,income,v4_federal_income_tax,2023,-0.851352
net_cost_cbo_informed_sept29_high,income,v4_federal_income_tax,2024,-0.891261
net_cost_cbo_informed_sept29_high,income,v4_state_local_income_tax,2005,-0.003413
net_cost_cbo_informed_sept29_high,income,v4_state_local_income_tax,2006,-0.003821
net_cost_cbo_informed_sept29_high,income,v4_state_local_income_tax,2007,-0.00407
net_cost_cbo_informed_sept29_high,income,v4_state_local_income_tax,2008,-0.004307
net_cost_cbo_informed_sept29_high,income,v4_state_local_income_tax,2009,-0.003725
net_cost_cbo_informed_sept29_high,income,v4_state_local_income_tax,2010,-0.003893
net_cost_cbo_informed_sept29_high,income,v4_state_local_income_tax,2011,-0.004267
net_cost_cbo_informed_sept29_high,income,v4_state_local_income_tax,2012,-0.004488
net_cost_cbo_informed_sept29_high,income,v4_state_local_income_tax,2013,-0.00489
net_cost_cbo_informed_sept29_high,income,v4_state_local_income_tax,2014,-0.004959
net_cost_cbo_informed_sept29_high,income,v4_state_local_income_tax,2015,-0.005294
net_cost_cbo_informed_sept29_high,income,v4_state_local_income_tax,2016,-0.00529
net_cost_cbo_informed_sept29_high,income,v4_state_local_income_tax,2017,-0.005553
net_cost_cbo_informed_sept29_high,income,v4_state_local_income_tax,2018,-0.005739
net_cost_cbo_informed_sept29_high,income,v4_state_local_income_tax,2019,-0.00614
net_cost_cbo_informed_sept29_high,income,v4_state_local_income_tax,2020,-0.006147
net_cost_cbo_informed_sept29_high,income,v4_state_local_income_tax,2021,-0.00659
net_cost_cbo_informed_sept29_high,income,v4_state_local_income_tax,2022,-0.006959
net_cost_cbo_informed_sept29_high,income,v4_state_local_income_tax,2023,-0.005828
net_cost_cbo_informed_sept29_high,income,v4_state_local_income_tax,2024,-0.006053
net_cost_cbo_informed_sept29_high,income,v4_personal_motor_vehicle,2005,-0.384368
net_cost_cbo_informed_sept29_high,income,v4_personal_motor_vehicle,2006,-0.407517
net_cost_cbo_informed_sept29_high,income,v4_personal_motor_vehicle,2007,-0.41263
net_cost_cbo_informed_sept29_high,income,v4_personal_motor_vehicle,2008,-0.418961
net_cost_cbo_informed_sept29_high,income,v4_personal_motor_vehicle,2009,-0.441254
net_cost_cbo_informed_sept29_high,income,v4_personal_motor_vehicle,2010,-0.474826
net_cost_cbo_informed_sept29_high,income,v4_personal_motor_vehicle,2011,-0.489284
net_cost_cbo_informed_sept29_high,income,v4_personal_motor_vehicle,2012,-0.505446
net_cost_cbo_informed_sept29_high,income,v4_personal_motor_vehicle,2013,-0.503406
net_cost_cbo_informed_sept29_high,income,v4_personal_motor_vehicle,2014,-0.513709
net_cost_cbo_informed_sept29_high,income,v4_personal_motor_vehicle,2015,-0.528189
net_cost_cbo_informed_sept29_high,income,v4_personal_motor_vehicle,2016,-0.542271
net_cost_cbo_informed_sept29_high,income,v4_personal_motor_vehicle,2017,-0.549308
net_cost_cbo_informed_sept29_high,income,v4_personal_motor_vehicle,2018,-0.572132
net_cost_cbo_informed_sept29_high,income,v4_personal_motor_vehicle,2019,-0.569774
net_cost_cbo_informed_sept29_high,income,v4_personal_motor_vehicle,2020,-0.575821
net_cost_cbo_informed_sept29_high,income,v4_personal_motor_vehicle,2021,-0.606829
net_cost_cbo_informed_sept29_high,income,v4_personal_motor_vehicle,2022,-0.55763
net_cost_cbo_informed_sept29_high,income,v4_personal_motor_vehicle,2023,-0.557656
net_cost_cbo_informed_sept29_high,income,v4_personal_motor_vehicle,2024,-0.586823
net_cost_cbo_informed_sept29_high,income,v4_personal_property_tax,2005,-0.767467
net_cost_cbo_informed_sept29_high,income,v4_personal_property_tax,2006,-0.836178
net_cost_cbo_informed_sept29_high,income,v4_personal_property_tax,2007,-0.867039
net_cost_cbo_informed_sept29_high,income,v4_personal_property_tax,2008,-0.90142
net_cost_cbo_informed_sept29_high,income,v4_personal_property_tax,2009,-0.97587
net_cost_cbo_informed_sept29_high,income,v4_personal_property_tax,2010,-1.016382
net_cost_cbo_informed_sept29_high,income,v4_personal_property_tax,2011,-0.977471
net_cost_cbo_informed_sept29_high,income,v4_personal_property_tax,2012,-0.961808
net_cost_cbo_informed_sept29_high,income,v4_personal_property_tax,2013,-0.989719
net_cost_cbo_informed_sept29_high,income,v4_personal_property_tax,2014,-1.032259
net_cost_cbo_informed_sept29_high,income,v4_personal_property_tax,2015,-1.080006
net_cost_cbo_informed_sept29_high,income,v4_personal_property_tax,2016,-1.120791
net_cost_cbo_informed_sept29_high,income,v4_personal_property_tax,2017,-1.153543
net_cost_cbo_informed_sept29_high,income,v4_personal_property_tax,2018,-1.186945
net_cost_cbo_informed_sept29_high,income,v4_personal_property_tax,2019,-1.225157
net_cost_cbo_informed_sept29_high,income,v4_personal_property_tax,2020,-1.251459
net_cost_cbo_informed_sept29_high,income,v4_personal_property_tax,2021,-1.259608
net_cost_cbo_informed_sept29_high,income,v4_personal_property_tax,2022,-1.245613
net_cost_cbo_informed_sept29_high,income,v4_personal_property_tax,2023,-1.252359
net_cost_cbo_informed_sept29_high,income,v4_personal_property_tax,2024,-1.325841
net_cost_cbo_informed_sept29_high,income,v4_other_personal_tax,2005,-8.1e-05
net_cost_cbo_informed_sept29_high,income,v4_other_personal_tax,2006,-7.8e-05
net_cost_cbo_informed_sept29_high,income,v4_other_personal_tax,2007,-7.4e-05
net_cost_cbo_informed_sept29_high,income,v4_other_personal_tax,2008,-6.9e-05
net_cost_cbo_informed_sept29_high,income,v4_other_personal_tax,2009,-5.7e-05
net_cost_cbo_informed_sept29_high,income,v4_other_personal_tax,2010,-6.3e-05
net_cost_cbo_informed_sept29_high,income,v4_other_personal_tax,2011,-6.4e-05
net_cost_cbo_informed_sept29_high,income,v4_other_personal_tax,2012,-7e-05
net_cost_cbo_informed_sept29_high,income,v4_other_personal_tax,2013,-7.4e-05
net_cost_cbo_informed_sept29_high,income,v4_other_personal_tax,2014,-7.6e-05
net_cost_cbo_informed_sept29_high,income,v4_other_personal_tax,2015,-8e-05
net_cost_cbo_informed_sept29_high,income,v4_other_personal_tax,2016,-8.2e-05
net_cost_cbo_informed_sept29_high,income,v4_other_personal_tax,2017,-8.1e-05
net_cost_cbo_informed_sept29_high,income,v4_other_personal_tax,2018,-8.9e-05
net_cost_cbo_informed_sept29_high,income,v4_other_personal_tax,2019,-8.8e-05
net_cost_cbo_informed_sept29_high,income,v4_other_personal_tax,2020,-9.3e-05
net_cost_cbo_informed_sept29_high,income,v4_other_personal_tax,2021,-0.000126
net_cost_cbo_informed_sept29_high,income,v4_other_personal_tax,2022,-9.4e-05
net_cost_cbo_informed_sept29_high,income,v4_other_personal_tax,2023,-9e-05
net_cost_cbo_informed_sept29_high,income,v4_other_personal_tax,2024,-0.00011
net_cost_cbo_informed_sept29_high,income,v4_employee_oasdi,2005,-0.01491
net_cost_cbo_informed_sept29_high,income,v4_employee_oasdi,2006,-0.016057
net_cost_cbo_informed_sept29_high,income,v4_employee_oasdi,2007,-0.01669
net_cost_cbo_informed_sept29_high,income,v4_employee_oasdi,2008,-0.017663
net_cost_cbo_informed_sept29_high,income,v4_employee_oasdi,2009,-0.017384
net_cost_cbo_informed_sept29_high,income,v4_employee_oasdi,2010,-0.017877
net_cost_cbo_informed_sept29_high,income,v4_employee_oasdi,2011,-0.012316
net_cost_cbo_informed_sept29_high,income,v4_employee_oasdi,2012,-0.012646
net_cost_cbo_informed_sept29_high,income,v4_employee_oasdi,2013,-0.019252
net_cost_cbo_informed_sept29_high,income,v4_employee_oasdi,2014,-0.020057
net_cost_cbo_informed_sept29_high,income,v4_employee_oasdi,2015,-0.020959
net_cost_cbo_informed_sept29_high,income,v4_employee_oasdi,2016,-0.021484
net_cost_cbo_informed_sept29_high,income,v4_employee_oasdi,2017,-0.022315
net_cost_cbo_informed_sept29_high,income,v4_employee_oasdi,2018,-0.022928
net_cost_cbo_informed_sept29_high,income,v4_employee_oasdi,2019,-0.023673
net_cost_cbo_informed_sept29_high,income,v4_employee_oasdi,2020,-0.023467
net_cost_cbo_informed_sept29_high,income,v4_employee_oasdi,2021,-0.024187
net_cost_cbo_informed_sept29_high,income,v4_employee_oasdi,2022,-0.024717
net_cost_cbo_informed_sept29_high,income,v4_employee_oasdi,2023,-0.025667
net_cost_cbo_informed_sept29_high,income,v4_employee_oasdi,2024,-0.0273
net_cost_cbo_informed_sept29_high,income,v4_employee_hi,2005,-0.006996
net_cost_cbo_informed_sept29_high,income,v4_employee_hi,2006,-0.007572
net_cost_cbo_informed_sept29_high,income,v4_employee_hi,2007,-0.007943
net_cost_cbo_informed_sept29_high,income,v4_employee_hi,2008,-0.008305
net_cost_cbo_informed_sept29_high,income,v4_employee_hi,2009,-0.008054
net_cost_cbo_informed_sept29_high,income,v4_employee_hi,2010,-0.008403
net_cost_cbo_informed_sept29_high,income,v4_employee_hi,2011,-0.008653
net_cost_cbo_informed_sept29_high,income,v4_employee_hi,2012,-0.00893
net_cost_cbo_informed_sept29_high,income,v4_employee_hi,2013,-0.009622
net_cost_cbo_informed_sept29_high,income,v4_employee_hi,2014,-0.010083
net_cost_cbo_informed_sept29_high,income,v4_employee_hi,2015,-0.010577
net_cost_cbo_informed_sept29_high,income,v4_employee_hi,2016,-0.010801
net_cost_cbo_informed_sept29_high,income,v4_employee_hi,2017,-0.011229
net_cost_cbo_informed_sept29_high,income,v4_employee_hi,2018,-0.011576
net_cost_cbo_informed_sept29_high,income,v4_employee_hi,2019,-0.011959
net_cost_cbo_informed_sept29_high,income,v4_employee_hi,2020,-0.012039
net_cost_cbo_informed_sept29_high,income,v4_employee_hi,2021,-0.012699
net_cost_cbo_informed_sept29_high,income,v4_employee_hi,2022,-0.012718
net_cost_cbo_informed_sept29_high,income,v4_employee_hi,2023,-0.013064
net_cost_cbo_informed_sept29_high,income,v4_employee_hi,2024,-0.013945
net_cost_cbo_informed_sept29_high,income,v4_self_employment_oasdi_hi,2005,0.504284
net_cost_cbo_informed_sept29_high,income,v4_self_employment_oasdi_hi,2006,0.546473
net_cost_cbo_informed_sept29_high,income,v4_self_employment_oasdi_hi,2007,0.567733
net_cost_cbo_informed_sept29_high,income,v4_self_employment_oasdi_hi,2008,0.588809
net_cost_cbo_informed_sept29_high,income,v4_self_employment_oasdi_hi,2009,0.591928
net_cost_cbo_informed_sept29_high,income,v4_self_employment_oasdi_hi,2010,0.595109
net_cost_cbo_informed_sept29_high,income,v4_self_employment_oasdi_hi,2011,0.558783
net_cost_cbo_informed_sept29_high,income,v4_self_employment_oasdi_hi,2012,0.557062
net_cost_cbo_informed_sept29_high,income,v4_self_employment_oasdi_hi,2013,0.635699
net_cost_cbo_informed_sept29_high,income,v4_self_employment_oasdi_hi,2014,0.686419
net_cost_cbo_informed_sept29_high,income,v4_self_employment_oasdi_hi,2015,0.714408
net_cost_cbo_informed_sept29_high,income,v4_self_employment_oasdi_hi,2016,0.721216
net_cost_cbo_informed_sept29_high,income,v4_self_employment_oasdi_hi,2017,0.727574
net_cost_cbo_informed_sept29_high,income,v4_self_employment_oasdi_hi,2018,0.747367
net_cost_cbo_informed_sept29_high,income,v4_self_employment_oasdi_hi,2019,0.764172
net_cost_cbo_informed_sept29_high,income,v4_self_employment_oasdi_hi,2020,0.764874
net_cost_cbo_informed_sept29_high,income,v4_self_employment_oasdi_hi,2021,0.754677
net_cost_cbo_informed_sept29_high,income,v4_self_employment_oasdi_hi,2022,0.800907
net_cost_cbo_informed_sept29_high,income,v4_self_employment_oasdi_hi,2023,0.795208
net_cost_cbo_informed_sept29_high,income,v4_self_employment_oasdi_hi,2024,0.813357
net_cost_cbo_informed_sept29_high,income,v4_employer_oasdi,2005,-0.015028
net_cost_cbo_informed_sept29_high,income,v4_employer_oasdi,2006,-0.016179
net_cost_cbo_informed_sept29_high,income,v4_employer_oasdi,2007,-0.016812
net_cost_cbo_informed_sept29_high,income,v4_employer_oasdi,2008,-0.017801
net_cost_cbo_informed_sept29_high,income,v4_employer_oasdi,2009,-0.017527
net_cost_cbo_informed_sept29_high,income,v4_employer_oasdi,2010,-0.017839
net_cost_cbo_informed_sept29_high,income,v4_employer_oasdi,2011,-0.018358
net_cost_cbo_informed_sept29_high,income,v4_employer_oasdi,2012,-0.01886
net_cost_cbo_informed_sept29_high,income,v4_employer_oasdi,2013,-0.019389
net_cost_cbo_informed_sept29_high,income,v4_employer_oasdi,2014,-0.020199
net_cost_cbo_informed_sept29_high,income,v4_employer_oasdi,2015,-0.021115
net_cost_cbo_informed_sept29_high,income,v4_employer_oasdi,2016,-0.02166
net_cost_cbo_informed_sept29_high,income,v4_employer_oasdi,2017,-0.022496
net_cost_cbo_informed_sept29_high,income,v4_employer_oasdi,2018,-0.023102
net_cost_cbo_informed_sept29_high,income,v4_employer_oasdi,2019,-0.023865
net_cost_cbo_informed_sept29_high,income,v4_employer_oasdi,2020,-0.023668
net_cost_cbo_informed_sept29_high,income,v4_employer_oasdi,2021,-0.024372
net_cost_cbo_informed_sept29_high,income,v4_employer_oasdi,2022,-0.024958
net_cost_cbo_informed_sept29_high,income,v4_employer_oasdi,2023,-0.025951
net_cost_cbo_informed_sept29_high,income,v4_employer_oasdi,2024,-0.027536
net_cost_cbo_informed_sept29_high,income,v4_employer_hi,2005,-0.006788
net_cost_cbo_informed_sept29_high,income,v4_employer_hi,2006,-0.007341
net_cost_cbo_informed_sept29_high,income,v4_employer_hi,2007,-0.007696
net_cost_cbo_informed_sept29_high,income,v4_employer_hi,2008,-0.008044
net_cost_cbo_informed_sept29_high,income,v4_employer_hi,2009,-0.007791
net_cost_cbo_informed_sept29_high,income,v4_employer_hi,2010,-0.008099
net_cost_cbo_informed_sept29_high,income,v4_employer_hi,2011,-0.008355
net_cost_cbo_informed_sept29_high,income,v4_employer_hi,2012,-0.008621
net_cost_cbo_informed_sept29_high,income,v4_employer_hi,2013,-0.008763
net_cost_cbo_informed_sept29_high,income,v4_employer_hi,2014,-0.009172
net_cost_cbo_informed_sept29_high,income,v4_employer_hi,2015,-0.009611
net_cost_cbo_informed_sept29_high,income,v4_employer_hi,2016,-0.009838
net_cost_cbo_informed_sept29_high,income,v4_employer_hi,2017,-0.010168
net_cost_cbo_informed_sept29_high,income,v4_employer_hi,2018,-0.010469
net_cost_cbo_informed_sept29_high,income,v4_employer_hi,2019,-0.010791
net_cost_cbo_informed_sept29_high,income,v4_employer_hi,2020,-0.010807
net_cost_cbo_informed_sept29_high,income,v4_employer_hi,2021,-0.011304
net_cost_cbo_informed_sept29_high,income,v4_employer_hi,2022,-0.011368
net_cost_cbo_informed_sept29_high,income,v4_employer_hi,2023,-0.011679
net_cost_cbo_informed_sept29_high,income,v4_employer_hi,2024,-0.012404
net_cost_cbo_informed_sept29_high,income,v4_other_domestic_social_contributions,2005,-0.025843
net_cost_cbo_informed_sept29_high,income,v4_other_domestic_social_contributions,2006,-0.025299
net_cost_cbo_informed_sept29_high,income,v4_other_domestic_social_contributions,2007,-0.023521
net_cost_cbo_informed_sept29_high,income,v4_other_domestic_social_contributions,2008,-0.023596
net_cost_cbo_informed_sept29_high,income,v4_other_domestic_social_contributions,2009,-0.024531
net_cost_cbo_informed_sept29_high,income,v4_other_domestic_social_contributions,2010,-0.028251
net_cost_cbo_informed_sept29_high,income,v4_other_domestic_social_contributions,2011,-0.030762
net_cost_cbo_informed_sept29_high,income,v4_other_domestic_social_contributions,2012,-0.031517
net_cost_cbo_informed_sept29_high,income,v4_other_domestic_social_contributions,2013,-0.03093
net_cost_cbo_informed_sept29_high,income,v4_other_domestic_social_contributions,2014,-0.030701
net_cost_cbo_informed_sept29_high,income,v4_other_domestic_social_contributions,2015,-0.030486
net_cost_cbo_informed_sept29_high,income,v4_other_domestic_social_contributions,2016,-0.029429
net_cost_cbo_informed_sept29_high,income,v4_other_domestic_social_contributions,2017,-0.028486
net_cost_cbo_informed_sept29_high,income,v4_other_domestic_social_contributions,2018,-0.026653
net_cost_cbo_informed_sept29_high,income,v4_other_domestic_social_contributions,2019,-0.02594
net_cost_cbo_informed_sept29_high,income,v4_other_domestic_social_contributions,2020,-0.025994
net_cost_cbo_informed_sept29_high,income,v4_other_domestic_social_contributions,2021,-0.025602
net_cost_cbo_informed_sept29_high,income,v4_other_domestic_social_contributions,2022,-0.023966
net_cost_cbo_informed_sept29_high,income,v4_other_domestic_social_contributions,2023,-0.023562
net_cost_cbo_informed_sept29_high,income,v4_other_domestic_social_contributions,2024,-0.024784
net_cost_cbo_informed_sept29_high,income,v4_general_sales_tax,2005,-3.272937
net_cost_cbo_informed_sept29_high,income,v4_general_sales_tax,2006,-3.58623
net_cost_cbo_informed_sept29_high,income,v4_general_sales_tax,2007,-3.649828
net_cost_cbo_informed_sept29_high,income,v4_general_sales_tax,2008,-3.735101
net_cost_cbo_informed_sept29_high,income,v4_general_sales_tax,2009,-3.521989
net_cost_cbo_informed_sept29_high,income,v4_general_sales_tax,2010,-3.784876
net_cost_cbo_informed_sept29_high,income,v4_general_sales_tax,2011,-3.954851
net_cost_cbo_informed_sept29_high,income,v4_general_sales_tax,2012,-4.071846
net_cost_cbo_informed_sept29_high,income,v4_general_sales_tax,2013,-4.274076
net_cost_cbo_informed_sept29_high,income,v4_general_sales_tax,2014,-4.480351
net_cost_cbo_informed_sept29_high,income,v4_general_sales_tax,2015,-4.610138
net_cost_cbo_informed_sept29_high,income,v4_general_sales_tax,2016,-4.724147
net_cost_cbo_informed_sept29_high,income,v4_general_sales_tax,2017,-4.915752
net_cost_cbo_informed_sept29_high,income,v4_general_sales_tax,2018,-5.072313
net_cost_cbo_informed_sept29_high,income,v4_general_sales_tax,2019,-5.246606
net_cost_cbo_informed_sept29_high,income,v4_general_sales_tax,2020,-5.118931
net_cost_cbo_informed_sept29_high,income,v4_general_sales_tax,2021,-5.741967
net_cost_cbo_informed_sept29_high,income,v4_general_sales_tax,2022,-5.958048
net_cost_cbo_informed_sept29_high,income,v4_general_sales_tax,2023,-5.871641
net_cost_cbo_informed_sept29_high,income,v4_general_sales_tax,2024,-5.955606
net_cost_cbo_informed_sept29_high,income,v4_modeled_owner_property,2005,-10.797661
net_cost_cbo_informed_sept29_high,income,v4_modeled_owner_property,2006,-11.726867
net_cost_cbo_informed_sept29_high,income,v4_modeled_owner_property,2007,-12.523815
net_cost_cbo_informed_sept29_high,income,v4_modeled_owner_property,2008,-13.208914
net_cost_cbo_informed_sept29_high,income,v4_modeled_owner_property,2009,-14.187624
net_cost_cbo_informed_sept29_high,income,v4_modeled_owner_property,2010,-14.410243
net_cost_cbo_informed_sept29_high,income,v4_modeled_owner_property,2011,-14.296481
net_cost_cbo_informed_sept29_high,income,v4_modeled_owner_property,2012,-14.288774
net_cost_cbo_informed_sept29_high,income,v4_modeled_owner_property,2013,-14.516133
net_cost_cbo_informed_sept29_high,income,v4_modeled_owner_property,2014,-15.035348
net_cost_cbo_informed_sept29_high,income,v4_modeled_owner_property,2015,-15.484062
net_cost_cbo_informed_sept29_high,income,v4_modeled_owner_property,2016,-16.077656
net_cost_cbo_informed_sept29_high,income,v4_modeled_owner_property,2017,-16.637568
net_cost_cbo_informed_sept29_high,income,v4_modeled_owner_property,2018,-16.89927
net_cost_cbo_informed_sept29_high,income,v4_modeled_owner_property,2019,-17.649307
net_cost_cbo_informed_sept29_high,income,v4_modeled_owner_property,2020,-17.901037
net_cost_cbo_informed_sept29_high,income,v4_modeled_owner_property,2021,-18.0086
net_cost_cbo_informed_sept29_high,income,v4_modeled_owner_property,2022,-17.42665
net_cost_cbo_informed_sept29_high,income,v4_modeled_owner_property,2023,-17.79145
net_cost_cbo_informed_sept29_high,income,v4_modeled_owner_property,2024,-19.049721
net_cost_cbo_informed_sept29_high,income,v4_excise_selective_sales,2005,-1.030344
net_cost_cbo_informed_sept29_high,income,v4_excise_selective_sales,2006,-1.089481
net_cost_cbo_informed_sept29_high,income,v4_excise_selective_sales,2007,-1.086172
net_cost_cbo_informed_sept29_high,income,v4_excise_selective_sales,2008,-1.10734
net_cost_cbo_informed_sept29_high,income,v4_excise_selective_sales,2009,-1.142573
net_cost_cbo_informed_sept29_high,income,v4_excise_selective_sales,2010,-1.221751
net_cost_cbo_informed_sept29_high,income,v4_excise_selective_sales,2011,-1.288887
net_cost_cbo_informed_sept29_high,income,v4_excise_selective_sales,2012,-1.326337
net_cost_cbo_informed_sept29_high,income,v4_excise_selective_sales,2013,-1.386227
net_cost_cbo_informed_sept29_high,income,v4_excise_selective_sales,2014,-1.446877
net_cost_cbo_informed_sept29_high,income,v4_excise_selective_sales,2015,-1.496954
net_cost_cbo_informed_sept29_high,income,v4_excise_selective_sales,2016,-1.49719
net_cost_cbo_informed_sept29_high,income,v4_excise_selective_sales,2017,-1.490583
net_cost_cbo_informed_sept29_high,income,v4_excise_selective_sales,2018,-1.605614
net_cost_cbo_informed_sept29_high,income,v4_excise_selective_sales,2019,-1.551918
net_cost_cbo_informed_sept29_high,income,v4_excise_selective_sales,2020,-1.433127
net_cost_cbo_informed_sept29_high,income,v4_excise_selective_sales,2021,-1.490512
net_cost_cbo_informed_sept29_high,income,v4_excise_selective_sales,2022,-1.48334
net_cost_cbo_informed_sept29_high,income,v4_excise_selective_sales,2023,-1.503307
net_cost_cbo_informed_sept29_high,income,v4_excise_selective_sales,2024,-1.575072
net_cost_cbo_informed_sept29_high,income,v4_customs_duties,2005,-0.01415
net_cost_cbo_informed_sept29_high,income,v4_customs_duties,2006,-0.015156
net_cost_cbo_informed_sept29_high,income,v4_customs_duties,2007,-0.016229
net_cost_cbo_informed_sept29_high,income,v4_customs_duties,2008,-0.016883
net_cost_cbo_informed_sept29_high,income,v4_customs_duties,2009,-0.013534
net_cost_cbo_informed_sept29_high,income,v4_customs_duties,2010,-0.017075
net_cost_cbo_informed_sept29_high,income,v4_customs_duties,2011,-0.018859
net_cost_cbo_informed_sept29_high,income,v4_customs_duties,2012,-0.019576
net_cost_cbo_informed_sept29_high,income,v4_customs_duties,2013,-0.02055
net_cost_cbo_informed_sept29_high,income,v4_customs_duties,2014,-0.02156
net_cost_cbo_informed_sept29_high,income,v4_customs_duties,2015,-0.021918
net_cost_cbo_informed_sept29_high,income,v4_customs_duties,2016,-0.021483
net_cost_cbo_informed_sept29_high,income,v4_customs_duties,2017,-0.021751
net_cost_cbo_informed_sept29_high,income,v4_customs_duties,2018,-0.029501
net_cost_cbo_informed_sept29_high,income,v4_customs_duties,2019,-0.042356
net_cost_cbo_informed_sept29_high,income,v4_customs_duties,2020,-0.036766
net_cost_cbo_informed_sept29_high,income,v4_customs_duties,2021,-0.04559
net_cost_cbo_informed_sept29_high,income,v4_customs_duties,2022,-0.048847
net_cost_cbo_informed_sept29_high,income,v4_customs_duties,2023,-0.037846
net_cost_cbo_informed_sept29_high,income,v4_customs_duties,2024,-0.038463
net_cost_cbo_informed_sept29_high,income,v4_personal_current_transfers,2005,-0.040005
net_cost_cbo_informed_sept29_high,income,v4_personal_current_transfers,2006,-0.042756
net_cost_cbo_informed_sept29_high,income,v4_personal_current_transfers,2007,-0.044629
net_cost_cbo_informed_sept29_high,income,v4_personal_current_transfers,2008,-0.046749
net_cost_cbo_informed_sept29_high,income,v4_personal_current_transfers,2009,-0.046943
net_cost_cbo_informed_sept29_high,income,v4_personal_current_transfers,2010,-0.0474
net_cost_cbo_informed_sept29_high,income,v4_personal_current_transfers,2011,-0.048592
net_cost_cbo_informed_sept29_high,income,v4_personal_current_transfers,2012,-0.050426
net_cost_cbo_informed_sept29_high,income,v4_personal_current_transfers,2013,-0.05041
net_cost_cbo_informed_sept29_high,income,v4_personal_current_transfers,2014,-0.053057
net_cost_cbo_informed_sept29_high,income,v4_personal_current_transfers,2015,-0.056819
net_cost_cbo_informed_sept29_high,income,v4_personal_current_transfers,2016,-0.058179
net_cost_cbo_informed_sept29_high,income,v4_personal_current_transfers,2017,-0.059069
net_cost_cbo_informed_sept29_high,income,v4_personal_current_transfers,2018,-0.061604
net_cost_cbo_informed_sept29_high,income,v4_personal_current_transfers,2019,-0.062418
net_cost_cbo_informed_sept29_high,income,v4_personal_current_transfers,2020,-0.058565
net_cost_cbo_informed_sept29_high,income,v4_personal_current_transfers,2021,-0.062163
net_cost_cbo_informed_sept29_high,income,v4_personal_current_transfers,2022,-0.063569
net_cost_cbo_informed_sept29_high,income,v4_personal_current_transfers,2023,-0.062944
net_cost_cbo_informed_sept29_high,income,v4_personal_current_transfers,2024,-0.064913
net_cost_cbo_informed_sept29_high,income,v4_enterprise_surplus,2005,-2.503726
net_cost_cbo_informed_sept29_high,income,v4_enterprise_surplus,2006,-2.952321
net_cost_cbo_informed_sept29_high,income,v4_enterprise_surplus,2007,-3.447297
net_cost_cbo_informed_sept29_high,income,v4_enterprise_surplus,2008,-3.678934
net_cost_cbo_informed_sept29_high,income,v4_enterprise_surplus,2009,-3.664178
net_cost_cbo_informed_sept29_high,income,v4_enterprise_surplus,2010,-4.181428
net_cost_cbo_informed_sept29_high,income,v4_enterprise_surplus,2011,-4.084417
net_cost_cbo_informed_sept29_high,income,v4_enterprise_surplus,2012,-3.926847
net_cost_cbo_informed_sept29_high,income,v4_enterprise_surplus,2013,-3.846798
net_cost_cbo_informed_sept29_high,income,v4_enterprise_surplus,2014,-3.664412
net_cost_cbo_informed_sept29_high,income,v4_enterprise_surplus,2015,-3.51675
net_cost_cbo_informed_sept29_high,income,v4_enterprise_surplus,2016,-3.495736
net_cost_cbo_informed_sept29_high,income,v4_enterprise_surplus,2017,-3.823023
net_cost_cbo_informed_sept29_high,income,v4_enterprise_surplus,2018,-3.730925
net_cost_cbo_informed_sept29_high,income,v4_enterprise_surplus,2019,-3.819824
net_cost_cbo_informed_sept29_high,income,v4_enterprise_surplus,2020,-4.049058
net_cost_cbo_informed_sept29_high,income,v4_enterprise_surplus,2021,-4.820664
net_cost_cbo_informed_sept29_high,income,v4_enterprise_surplus,2022,-4.96395
net_cost_cbo_informed_sept29_high,income,v4_enterprise_surplus,2023,-4.810999
net_cost_cbo_informed_sept29_high,income,v4_enterprise_surplus,2024,-4.721933
net_cost_cbo_informed_sept29_high,income,v4_housing_enterprise_surplus,2005,1.827211
net_cost_cbo_informed_sept29_high,income,v4_housing_enterprise_surplus,2006,2.126554
net_cost_cbo_informed_sept29_high,income,v4_housing_enterprise_surplus,2007,2.449806
net_cost_cbo_informed_sept29_high,income,v4_housing_enterprise_surplus,2008,2.607238
net_cost_cbo_informed_sept29_high,income,v4_housing_enterprise_surplus,2009,2.626756
net_cost_cbo_informed_sept29_high,income,v4_housing_enterprise_surplus,2010,2.961883
net_cost_cbo_informed_sept29_high,income,v4_housing_enterprise_surplus,2011,2.910175
net_cost_cbo_informed_sept29_high,income,v4_housing_enterprise_surplus,2012,2.797712
net_cost_cbo_informed_sept29_high,income,v4_housing_enterprise_surplus,2013,2.743425
net_cost_cbo_informed_sept29_high,income,v4_housing_enterprise_surplus,2014,2.630119
net_cost_cbo_informed_sept29_high,income,v4_housing_enterprise_surplus,2015,2.542959
net_cost_cbo_informed_sept29_high,income,v4_housing_enterprise_surplus,2016,2.550165
net_cost_cbo_informed_sept29_high,income,v4_housing_enterprise_surplus,2017,2.741839
net_cost_cbo_informed_sept29_high,income,v4_housing_enterprise_surplus,2018,2.701432
net_cost_cbo_informed_sept29_high,income,v4_housing_enterprise_surplus,2019,2.763861
net_cost_cbo_informed_sept29_high,income,v4_housing_enterprise_surplus,2020,2.936091
net_cost_cbo_informed_sept29_high,income,v4_housing_enterprise_surplus,2021,3.424592
net_cost_cbo_informed_sept29_high,income,v4_housing_enterprise_surplus,2022,3.512909
net_cost_cbo_informed_sept29_high,income,v4_housing_enterprise_surplus,2023,3.441981
net_cost_cbo_informed_sept29_high,income,v4_housing_enterprise_surplus,2024,3.426129
net_cost_cbo_informed_sept29_high,income,v4_tenant_occupied_property,2005,-3.860441
net_cost_cbo_informed_sept29_high,income,v4_tenant_occupied_property,2006,-4.192655
net_cost_cbo_informed_sept29_high,income,v4_tenant_occupied_property,2007,-4.477585
net_cost_cbo_informed_sept29_high,income,v4_tenant_occupied_property,2008,-4.722525
net_cost_cbo_informed_sept29_high,income,v4_tenant_occupied_property,2009,-5.072439
net_cost_cbo_informed_sept29_high,income,v4_tenant_occupied_property,2010,-5.152031
net_cost_cbo_informed_sept29_high,income,v4_tenant_occupied_property,2011,-5.111359
net_cost_cbo_informed_sept29_high,income,v4_tenant_occupied_property,2012,-5.108603
net_cost_cbo_informed_sept29_high,income,v4_tenant_occupied_property,2013,-5.18989
net_cost_cbo_informed_sept29_high,income,v4_tenant_occupied_property,2014,-5.375522
net_cost_cbo_informed_sept29_high,income,v4_tenant_occupied_property,2015,-5.535949
net_cost_cbo_informed_sept29_high,income,v4_tenant_occupied_property,2016,-5.748174
net_cost_cbo_informed_sept29_high,income,v4_tenant_occupied_property,2017,-5.948357
net_cost_cbo_informed_sept29_high,income,v4_tenant_occupied_property,2018,-6.041922
net_cost_cbo_informed_sept29_high,income,v4_tenant_occupied_property,2019,-6.31008
net_cost_cbo_informed_sept29_high,income,v4_tenant_occupied_property,2020,-6.40008
net_cost_cbo_informed_sept29_high,income,v4_tenant_occupied_property,2021,-6.438536
net_cost_cbo_informed_sept29_high,income,v4_tenant_occupied_property,2022,-6.230474
net_cost_cbo_informed_sept29_high,income,v4_tenant_occupied_property,2023,-6.360899
net_cost_cbo_informed_sept29_high,income,v4_tenant_occupied_property,2024,-6.810763
net_cost_cbo_informed_sept29_high,income,v4_social_security_accrual,2005,56.509394
net_cost_cbo_informed_sept29_high,income,v4_social_security_accrual,2006,60.871573
net_cost_cbo_informed_sept29_high,income,v4_social_security_accrual,2007,63.259999
net_cost_cbo_informed_sept29_high,income,v4_social_security_accrual,2008,66.881567
net_cost_cbo_informed_sept29_high,income,v4_social_security_accrual,2009,65.921315
net_cost_cbo_informed_sept29_high,income,v4_social_security_accrual,2010,67.372362
net_cost_cbo_informed_sept29_high,income,v4_social_security_accrual,2011,58.183697
net_cost_cbo_informed_sept29_high,income,v4_social_security_accrual,2012,59.648375
net_cost_cbo_informed_sept29_high,income,v4_social_security_accrual,2013,72.834085
net_cost_cbo_informed_sept29_high,income,v4_social_security_accrual,2014,76.04277
net_cost_cbo_informed_sept29_high,income,v4_social_security_accrual,2015,79.455383
net_cost_cbo_informed_sept29_high,income,v4_social_security_accrual,2016,81.399583
net_cost_cbo_informed_sept29_high,income,v4_social_security_accrual,2017,84.398447
net_cost_cbo_informed_sept29_high,income,v4_social_security_accrual,2018,86.69282
net_cost_cbo_informed_sept29_high,income,v4_social_security_accrual,2019,89.482169
net_cost_cbo_informed_sept29_high,income,v4_social_security_accrual,2020,88.77158
net_cost_cbo_informed_sept29_high,income,v4_social_security_accrual,2021,91.227591
net_cost_cbo_informed_sept29_high,income,v4_social_security_accrual,2022,93.520834
net_cost_cbo_informed_sept29_high,income,v4_social_security_accrual,2023,96.92624
net_cost_cbo_informed_sept29_high,income,v4_social_security_accrual,2024,102.754953
net_cost_cbo_informed_sept29_high,income,v4_social_security_cash,2005,-22.789116
net_cost_cbo_informed_sept29_high,income,v4_social_security_cash,2006,-24.589781
net_cost_cbo_informed_sept29_high,income,v4_social_security_cash,2007,-25.820672
net_cost_cbo_informed_sept29_high,income,v4_social_security_cash,2008,-27.821111
net_cost_cbo_informed_sept29_high,income,v4_social_security_cash,2009,-31.005758
net_cost_cbo_informed_sept29_high,income,v4_social_security_cash,2010,-32.786052
net_cost_cbo_informed_sept29_high,income,v4_social_security_cash,2011,-33.565239
net_cost_cbo_informed_sept29_high,income,v4_social_security_cash,2012,-35.438127
net_cost_cbo_informed_sept29_high,income,v4_social_security_cash,2013,-36.842064
net_cost_cbo_informed_sept29_high,income,v4_social_security_cash,2014,-38.325638
net_cost_cbo_informed_sept29_high,income,v4_social_security_cash,2015,-39.885094
net_cost_cbo_informed_sept29_high,income,v4_social_security_cash,2016,-40.831987
net_cost_cbo_informed_sept29_high,income,v4_social_security_cash,2017,-41.621005
net_cost_cbo_informed_sept29_high,income,v4_social_security_cash,2018,-42.842645
net_cost_cbo_informed_sept29_high,income,v4_social_security_cash,2019,-44.682971
net_cost_cbo_informed_sept29_high,income,v4_social_security_cash,2020,-45.954719
net_cost_cbo_informed_sept29_high,income,v4_social_security_cash,2021,-45.383804
net_cost_cbo_informed_sept29_high,income,v4_social_security_cash,2022,-46.019524
net_cost_cbo_informed_sept29_high,income,v4_social_security_cash,2023,-50.062422
net_cost_cbo_informed_sept29_high,income,v4_social_security_cash,2024,-53.022396
net_cost_cbo_informed_sept29_high,income,v4_medicare_part_a_accrual,2005,21.694984
net_cost_cbo_informed_sept29_high,income,v4_medicare_part_a_accrual,2006,23.473104
net_cost_cbo_informed_sept29_high,income,v4_medicare_part_a_accrual,2007,24.60404
net_cost_cbo_informed_sept29_high,income,v4_medicare_part_a_accrual,2008,25.710079
net_cost_cbo_informed_sept29_high,income,v4_medicare_part_a_accrual,2009,24.965225
net_cost_cbo_informed_sept29_high,income,v4_medicare_part_a_accrual,2010,25.952815
net_cost_cbo_informed_sept29_high,income,v4_medicare_part_a_accrual,2011,26.628823
net_cost_cbo_informed_sept29_high,income,v4_medicare_part_a_accrual,2012,27.435178
net_cost_cbo_informed_sept29_high,income,v4_medicare_part_a_accrual,2013,28.853986
net_cost_cbo_informed_sept29_high,income,v4_medicare_part_a_accrual,2014,30.264806
net_cost_cbo_informed_sept29_high,income,v4_medicare_part_a_accrual,2015,31.720002
net_cost_cbo_informed_sept29_high,income,v4_medicare_part_a_accrual,2016,32.407806
net_cost_cbo_informed_sept29_high,income,v4_medicare_part_a_accrual,2017,33.55406
net_cost_cbo_informed_sept29_high,income,v4_medicare_part_a_accrual,2018,34.565883
net_cost_cbo_informed_sept29_high,income,v4_medicare_part_a_accrual,2019,35.655985
net_cost_cbo_informed_sept29_high,income,v4_medicare_part_a_accrual,2020,35.799914
net_cost_cbo_informed_sept29_high,income,v4_medicare_part_a_accrual,2021,37.504551
net_cost_cbo_informed_sept29_high,income,v4_medicare_part_a_accrual,2022,37.73154
net_cost_cbo_informed_sept29_high,income,v4_medicare_part_a_accrual,2023,38.699694
net_cost_cbo_informed_sept29_high,income,v4_medicare_part_a_accrual,2024,41.137128
net_cost_cbo_informed_sept29_high,income,v4_medicare_cash,2005,-7.190728
net_cost_cbo_informed_sept29_high,income,v4_medicare_cash,2006,-8.786111
net_cost_cbo_informed_sept29_high,income,v4_medicare_cash,2007,-9.355838
net_cost_cbo_informed_sept29_high,income,v4_medicare_cash,2008,-10.33086
net_cost_cbo_informed_sept29_high,income,v4_medicare_cash,2009,-11.204667
net_cost_cbo_informed_sept29_high,income,v4_medicare_cash,2010,-11.879719
net_cost_cbo_informed_sept29_high,income,v4_medicare_cash,2011,-12.27771
net_cost_cbo_informed_sept29_high,income,v4_medicare_cash,2012,-12.564899
net_cost_cbo_informed_sept29_high,income,v4_medicare_cash,2013,-12.865809
net_cost_cbo_informed_sept29_high,income,v4_medicare_cash,2014,-13.420687
net_cost_cbo_informed_sept29_high,income,v4_medicare_cash,2015,-14.150034
net_cost_cbo_informed_sept29_high,income,v4_medicare_cash,2016,-14.689968
net_cost_cbo_informed_sept29_high,income,v4_medicare_cash,2017,-15.14589
net_cost_cbo_informed_sept29_high,income,v4_medicare_cash,2018,-15.743278
net_cost_cbo_informed_sept29_high,income,v4_medicare_cash,2019,-16.692493
net_cost_cbo_informed_sept29_high,income,v4_medicare_cash,2020,-17.182349
net_cost_cbo_informed_sept29_high,income,v4_medicare_cash,2021,-17.57827
net_cost_cbo_informed_sept29_high,income,v4_medicare_cash,2022,-17.437917
net_cost_cbo_informed_sept29_high,income,v4_medicare_cash,2023,-18.417167
net_cost_cbo_informed_sept29_high,income,v4_medicare_cash,2024,-19.663109
net_cost_cbo_informed_sept29_high,income,v4_workers_compensation,2005,-1.128322
net_cost_cbo_informed_sept29_high,income,v4_workers_compensation,2006,-1.098311
net_cost_cbo_informed_sept29_high,income,v4_workers_compensation,2007,-1.084649
net_cost_cbo_informed_sept29_high,income,v4_workers_compensation,2008,-1.109146
net_cost_cbo_informed_sept29_high,income,v4_workers_compensation,2009,-1.132904
net_cost_cbo_informed_sept29_high,income,v4_workers_compensation,2010,-1.138835
net_cost_cbo_informed_sept29_high,income,v4_workers_compensation,2011,-1.086086
net_cost_cbo_informed_sept29_high,income,v4_workers_compensation,2012,-1.028297
net_cost_cbo_informed_sept29_high,income,v4_workers_compensation,2013,-1.013704
net_cost_cbo_informed_sept29_high,income,v4_workers_compensation,2014,-1.016714
net_cost_cbo_informed_sept29_high,income,v4_workers_compensation,2015,-0.975232
net_cost_cbo_informed_sept29_high,income,v4_workers_compensation,2016,-0.913289
net_cost_cbo_informed_sept29_high,income,v4_workers_compensation,2017,-0.84622
net_cost_cbo_informed_sept29_high,income,v4_workers_compensation,2018,-0.798876
net_cost_cbo_informed_sept29_high,income,v4_workers_compensation,2019,-0.794476
net_cost_cbo_informed_sept29_high,income,v4_workers_compensation,2020,-0.800917
net_cost_cbo_informed_sept29_high,income,v4_workers_compensation,2021,-0.778467
net_cost_cbo_informed_sept29_high,income,v4_workers_compensation,2022,-0.752995
net_cost_cbo_informed_sept29_high,income,v4_workers_compensation,2023,-0.734738
net_cost_cbo_informed_sept29_high,income,v4_workers_compensation,2024,-0.73241
net_cost_cbo_informed_sept29_high,income,v4_housing_subsidies,2005,-0.220231
net_cost_cbo_informed_sept29_high,income,v4_housing_subsidies,2006,-0.23165
net_cost_cbo_informed_sept29_high,income,v4_housing_subsidies,2007,-0.23721
net_cost_cbo_informed_sept29_high,income,v4_housing_subsidies,2008,-0.245969
net_cost_cbo_informed_sept29_high,income,v4_housing_subsidies,2009,-0.274958
net_cost_cbo_informed_sept29_high,income,v4_housing_subsidies,2010,-0.278095
net_cost_cbo_informed_sept29_high,income,v4_housing_subsidies,2011,-0.288653
net_cost_cbo_informed_sept29_high,income,v4_housing_subsidies,2012,-0.277323
net_cost_cbo_informed_sept29_high,income,v4_housing_subsidies,2013,-0.274415
net_cost_cbo_informed_sept29_high,income,v4_housing_subsidies,2014,-0.278171
net_cost_cbo_informed_sept29_high,income,v4_housing_subsidies,2015,-0.285785
net_cost_cbo_informed_sept29_high,income,v4_housing_subsidies,2016,-0.306479
net_cost_cbo_informed_sept29_high,income,v4_housing_subsidies,2017,-0.288089
net_cost_cbo_informed_sept29_high,income,v4_housing_subsidies,2018,-0.306793
net_cost_cbo_informed_sept29_high,income,v4_housing_subsidies,2019,-0.312164
net_cost_cbo_informed_sept29_high,income,v4_housing_subsidies,2020,-0.337263
net_cost_cbo_informed_sept29_high,income,v4_housing_subsidies,2021,-0.33052
net_cost_cbo_informed_sept29_high,income,v4_housing_subsidies,2022,-0.32687
net_cost_cbo_informed_sept29_high,income,v4_housing_subsidies,2023,-0.354112
net_cost_cbo_informed_sept29_high,income,v4_housing_subsidies,2024,-0.395426
net_cost_cbo_informed_sept29_high,income,v4_roads_vmt_sl,2005,1.811366
net_cost_cbo_informed_sept29_high,income,v4_roads_vmt_sl,2006,1.951345
net_cost_cbo_informed_sept29_high,income,v4_roads_vmt_sl,2007,2.085676
net_cost_cbo_informed_sept29_high,income,v4_roads_vmt_sl,2008,2.254146
net_cost_cbo_informed_sept29_high,income,v4_roads_vmt_sl,2009,2.35694
net_cost_cbo_informed_sept29_high,income,v4_roads_vmt_sl,2010,2.517544
net_cost_cbo_informed_sept29_high,income,v4_roads_vmt_sl,2011,2.423718
net_cost_cbo_informed_sept29_high,income,v4_roads_vmt_sl,2012,2.433097
net_cost_cbo_informed_sept29_high,income,v4_roads_vmt_sl,2013,2.418021
net_cost_cbo_informed_sept29_high,income,v4_roads_vmt_sl,2014,2.43469
net_cost_cbo_informed_sept29_high,income,v4_roads_vmt_sl,2015,2.478802
net_cost_cbo_informed_sept29_high,income,v4_roads_vmt_sl,2016,2.491367
net_cost_cbo_informed_sept29_high,income,v4_roads_vmt_sl,2017,2.516452
net_cost_cbo_informed_sept29_high,income,v4_roads_vmt_sl,2018,2.609529
net_cost_cbo_informed_sept29_high,income,v4_roads_vmt_sl,2019,2.659954
net_cost_cbo_informed_sept29_high,income,v4_roads_vmt_sl,2020,2.831252
net_cost_cbo_informed_sept29_high,income,v4_roads_vmt_sl,2021,2.928905
net_cost_cbo_informed_sept29_high,income,v4_roads_vmt_sl,2022,2.672112
net_cost_cbo_informed_sept29_high,income,v4_roads_vmt_sl,2023,2.809781
net_cost_cbo_informed_sept29_high,income,v4_roads_vmt_sl,2024,3.030126
net_cost_cbo_informed_sept29_high,income,v4_state_price_public_order_safety,2005,3.965503
net_cost_cbo_informed_sept29_high,income,v4_state_price_public_order_safety,2006,4.271391
net_cost_cbo_informed_sept29_high,income,v4_state_price_public_order_safety,2007,4.540088
net_cost_cbo_informed_sept29_high,income,v4_state_price_public_order_safety,2008,4.976384
net_cost_cbo_informed_sept29_high,income,v4_state_price_public_order_safety,2009,5.160955
net_cost_cbo_informed_sept29_high,income,v4_state_price_public_order_safety,2010,5.325699
net_cost_cbo_informed_sept29_high,income,v4_state_price_public_order_safety,2011,5.285089
net_cost_cbo_informed_sept29_high,income,v4_state_price_public_order_safety,2012,5.218946
net_cost_cbo_informed_sept29_high,income,v4_state_price_public_order_safety,2013,5.259246
net_cost_cbo_informed_sept29_high,income,v4_state_price_public_order_safety,2014,5.416172
net_cost_cbo_informed_sept29_high,income,v4_state_price_public_order_safety,2015,5.587511
net_cost_cbo_informed_sept29_high,income,v4_state_price_public_order_safety,2016,5.702635
net_cost_cbo_informed_sept29_high,income,v4_state_price_public_order_safety,2017,5.778418
net_cost_cbo_informed_sept29_high,income,v4_state_price_public_order_safety,2018,5.98692
net_cost_cbo_informed_sept29_high,income,v4_state_price_public_order_safety,2019,6.164208
net_cost_cbo_informed_sept29_high,income,v4_state_price_public_order_safety,2020,6.117848
net_cost_cbo_informed_sept29_high,income,v4_state_price_public_order_safety,2021,6.087745
net_cost_cbo_informed_sept29_high,income,v4_state_price_public_order_safety,2022,6.020063
net_cost_cbo_informed_sept29_high,income,v4_state_price_public_order_safety,2023,6.134277
net_cost_cbo_informed_sept29_high,income,v4_state_price_public_order_safety,2024,6.412327
net_cost_cbo_informed_sept29_high,income,v4_state_price_health_services,2005,0.753417
net_cost_cbo_informed_sept29_high,income,v4_state_price_health_services,2006,0.782122
net_cost_cbo_informed_sept29_high,income,v4_state_price_health_services,2007,0.873246
net_cost_cbo_informed_sept29_high,income,v4_state_price_health_services,2008,1.006597
net_cost_cbo_informed_sept29_high,income,v4_state_price_health_services,2009,1.070242
net_cost_cbo_informed_sept29_high,income,v4_state_price_health_services,2010,1.111723
net_cost_cbo_informed_sept29_high,income,v4_state_price_health_services,2011,1.135421
net_cost_cbo_informed_sept29_high,income,v4_state_price_health_services,2012,1.145527
net_cost_cbo_informed_sept29_high,income,v4_state_price_health_services,2013,1.18334
net_cost_cbo_informed_sept29_high,income,v4_state_price_health_services,2014,1.211267
net_cost_cbo_informed_sept29_high,income,v4_state_price_health_services,2015,1.249169
net_cost_cbo_informed_sept29_high,income,v4_state_price_health_services,2016,1.307727
net_cost_cbo_informed_sept29_high,income,v4_state_price_health_services,2017,1.262527
net_cost_cbo_informed_sept29_high,income,v4_state_price_health_services,2018,1.33092
net_cost_cbo_informed_sept29_high,income,v4_state_price_health_services,2019,1.462938
net_cost_cbo_informed_sept29_high,income,v4_state_price_health_services,2020,1.706024
net_cost_cbo_informed_sept29_high,income,v4_state_price_health_services,2021,1.774395
net_cost_cbo_informed_sept29_high,income,v4_state_price_health_services,2022,1.776037
net_cost_cbo_informed_sept29_high,income,v4_state_price_health_services,2023,1.738171
net_cost_cbo_informed_sept29_high,income,v4_state_price_health_services,2024,1.799632
net_cost_cbo_informed_sept29_high,income,v4_state_price_recreation_culture,2005,0.259162
net_cost_cbo_informed_sept29_high,income,v4_state_price_recreation_culture,2006,0.282414
net_cost_cbo_informed_sept29_high,income,v4_state_price_recreation_culture,2007,0.296791
net_cost_cbo_informed_sept29_high,income,v4_state_price_recreation_culture,2008,0.321649
net_cost_cbo_informed_sept29_high,income,v4_state_price_recreation_culture,2009,0.331094
net_cost_cbo_informed_sept29_high,income,v4_state_price_recreation_culture,2010,0.33823
net_cost_cbo_informed_sept29_high,income,v4_state_price_recreation_culture,2011,0.325142
net_cost_cbo_informed_sept29_high,income,v4_state_price_recreation_culture,2012,0.320148
net_cost_cbo_informed_sept29_high,income,v4_state_price_recreation_culture,2013,0.329379
net_cost_cbo_informed_sept29_high,income,v4_state_price_recreation_culture,2014,0.338607
net_cost_cbo_informed_sept29_high,income,v4_state_price_recreation_culture,2015,0.348418
net_cost_cbo_informed_sept29_high,income,v4_state_price_recreation_culture,2016,0.365307
net_cost_cbo_informed_sept29_high,income,v4_state_price_recreation_culture,2017,0.372682
net_cost_cbo_informed_sept29_high,income,v4_state_price_recreation_culture,2018,0.385988
net_cost_cbo_informed_sept29_high,income,v4_state_price_recreation_culture,2019,0.40414
net_cost_cbo_informed_sept29_high,income,v4_state_price_recreation_culture,2020,0.397806
net_cost_cbo_informed_sept29_high,income,v4_state_price_recreation_culture,2021,0.38796
net_cost_cbo_informed_sept29_high,income,v4_state_price_recreation_culture,2022,0.406659
net_cost_cbo_informed_sept29_high,income,v4_state_price_recreation_culture,2023,0.411687
net_cost_cbo_informed_sept29_high,income,v4_state_price_recreation_culture,2024,0.427908
net_cost_cbo_informed_sept29_high,income,v4_production_private,2005,0.162906
net_cost_cbo_informed_sept29_high,income,v4_production_private,2006,0.175507
net_cost_cbo_informed_sept29_high,income,v4_production_private,2007,0.182494
net_cost_cbo_informed_sept29_high,income,v4_production_private,2008,0.190745
net_cost_cbo_informed_sept29_high,income,v4_production_private,2009,0.189899
net_cost_cbo_informed_sept29_high,income,v4_production_private,2010,0.200948
net_cost_cbo_informed_sept29_high,income,v4_production_private,2011,0.20635
net_cost_cbo_informed_sept29_high,income,v4_production_private,2012,0.212443
net_cost_cbo_informed_sept29_high,income,v4_production_private,2013,0.218781
net_cost_cbo_informed_sept29_high,income,v4_production_private,2014,0.227274
net_cost_cbo_informed_sept29_high,income,v4_production_private,2015,0.235275
net_cost_cbo_informed_sept29_high,income,v4_production_private,2016,0.240758
net_cost_cbo_informed_sept29_high,income,v4_production_private,2017,0.247764
net_cost_cbo_informed_sept29_high,income,v4_production_private,2018,0.255817
net_cost_cbo_informed_sept29_high,income,v4_production_private,2019,0.262472
net_cost_cbo_informed_sept29_high,income,v4_production_private,2020,0.256152
net_cost_cbo_informed_sept29_high,income,v4_production_private,2021,0.271547
net_cost_cbo_informed_sept29_high,income,v4_production_private,2022,0.278194
net_cost_cbo_informed_sept29_high,income,v4_production_private,2023,0.28841
net_cost_cbo_informed_sept29_high,income,v4_production_private,2024,0.301568
net_cost_cbo_informed_sept29_high,income,v4_production_receipts,2005,0.435302
net_cost_cbo_informed_sept29_high,income,v4_production_receipts,2006,0.468973
net_cost_cbo_informed_sept29_high,income,v4_production_receipts,2007,0.487642
net_cost_cbo_informed_sept29_high,income,v4_production_receipts,2008,0.50969
net_cost_cbo_informed_sept29_high,income,v4_production_receipts,2009,0.507431
net_cost_cbo_informed_sept29_high,income,v4_production_receipts,2010,0.536953
net_cost_cbo_informed_sept29_high,income,v4_production_receipts,2011,0.551388
net_cost_cbo_informed_sept29_high,income,v4_production_receipts,2012,0.567669
net_cost_cbo_informed_sept29_high,income,v4_production_receipts,2013,0.584605
net_cost_cbo_informed_sept29_high,income,v4_production_receipts,2014,0.607299
net_cost_cbo_informed_sept29_high,income,v4_production_receipts,2015,0.62868
net_cost_cbo_informed_sept29_high,income,v4_production_receipts,2016,0.643331
net_cost_cbo_informed_sept29_high,income,v4_production_receipts,2017,0.662051
net_cost_cbo_informed_sept29_high,income,v4_production_receipts,2018,0.683569
net_cost_cbo_informed_sept29_high,income,v4_production_receipts,2019,0.701352
net_cost_cbo_informed_sept29_high,income,v4_production_receipts,2020,0.684465
net_cost_cbo_informed_sept29_high,income,v4_production_receipts,2021,0.725603
net_cost_cbo_informed_sept29_high,income,v4_production_receipts,2022,0.743363
net_cost_cbo_informed_sept29_high,income,v4_production_receipts,2023,0.770663
net_cost_cbo_informed_sept29_high,income,v4_production_receipts,2024,0.805821
net_cost_cbo_informed_sept29_high,income,v4_roads_vmt_fed,2005,0.016464
net_cost_cbo_informed_sept29_high,income,v4_roads_vmt_fed,2006,0.017736
net_cost_cbo_informed_sept29_high,income,v4_roads_vmt_fed,2007,0.018957
net_cost_cbo_informed_sept29_high,income,v4_roads_vmt_fed,2008,0.020489
net_cost_cbo_informed_sept29_high,income,v4_roads_vmt_fed,2009,0.021423
net_cost_cbo_informed_sept29_high,income,v4_roads_vmt_fed,2010,0.022883
net_cost_cbo_informed_sept29_high,income,v4_roads_vmt_fed,2011,0.02203
net_cost_cbo_informed_sept29_high,income,v4_roads_vmt_fed,2012,0.022115
net_cost_cbo_informed_sept29_high,income,v4_roads_vmt_fed,2013,0.021978
net_cost_cbo_informed_sept29_high,income,v4_roads_vmt_fed,2014,0.02213
net_cost_cbo_informed_sept29_high,income,v4_roads_vmt_fed,2015,0.022531
net_cost_cbo_informed_sept29_high,income,v4_roads_vmt_fed,2016,0.022645
net_cost_cbo_informed_sept29_high,income,v4_roads_vmt_fed,2017,0.022873
net_cost_cbo_informed_sept29_high,income,v4_roads_vmt_fed,2018,0.023719
net_cost_cbo_informed_sept29_high,income,v4_roads_vmt_fed,2019,0.024177
net_cost_cbo_informed_sept29_high,income,v4_roads_vmt_fed,2020,0.025734
net_cost_cbo_informed_sept29_high,income,v4_roads_vmt_fed,2021,0.026622
net_cost_cbo_informed_sept29_high,income,v4_roads_vmt_fed,2022,0.024288
net_cost_cbo_informed_sept29_high,income,v4_roads_vmt_fed,2023,0.025539
net_cost_cbo_informed_sept29_high,income,v4_roads_vmt_fed,2024,0.027542
net_cost_cbo_informed_sept29_high,income,capital_core,2005,10.61658
net_cost_cbo_informed_sept29_high,income,capital_core,2006,12.032238
net_cost_cbo_informed_sept29_high,income,capital_core,2007,13.074962
net_cost_cbo_informed_sept29_high,income,capital_core,2008,14.612459
net_cost_cbo_informed_sept29_high,income,capital_core,2009,15.627468
net_cost_cbo_informed_sept29_high,income,capital_core,2010,16.135787
net_cost_cbo_informed_sept29_high,income,capital_core,2011,16.676839
net_cost_cbo_informed_sept29_high,income,capital_core,2012,17.167844
net_cost_cbo_informed_sept29_high,income,capital_core,2013,17.654994
net_cost_cbo_informed_sept29_high,income,capital_core,2014,18.292381
net_cost_cbo_informed_sept29_high,income,capital_core,2015,18.807745
net_cost_cbo_informed_sept29_high,income,capital_core,2016,19.21723
net_cost_cbo_informed_sept29_high,income,capital_core,2017,19.641272
net_cost_cbo_informed_sept29_high,income,capital_core,2018,20.384602
net_cost_cbo_informed_sept29_high,income,capital_core,2019,21.301701
net_cost_cbo_informed_sept29_high,income,capital_core,2020,21.846355
net_cost_cbo_informed_sept29_high,income,capital_core,2021,22.461853
net_cost_cbo_informed_sept29_high,income,capital_core,2022,24.096306
net_cost_cbo_informed_sept29_high,income,capital_core,2023,25.393157
net_cost_cbo_informed_sept29_high,income,capital_core,2024,25.779717
net_cost_cbo_informed_sept29_high,income,capital_block,2005,6.854937
net_cost_cbo_informed_sept29_high,income,capital_block,2006,7.868255
net_cost_cbo_informed_sept29_high,income,capital_block,2007,8.786827
net_cost_cbo_informed_sept29_high,income,capital_block,2008,9.772747
net_cost_cbo_informed_sept29_high,income,capital_block,2009,10.240978
net_cost_cbo_informed_sept29_high,income,capital_block,2010,10.63132
net_cost_cbo_informed_sept29_high,income,capital_block,2011,11.048408
net_cost_cbo_informed_sept29_high,income,capital_block,2012,11.490455
net_cost_cbo_informed_sept29_high,income,capital_block,2013,11.792852
net_cost_cbo_informed_sept29_high,income,capital_block,2014,11.976649
net_cost_cbo_informed_sept29_high,income,capital_block,2015,12.047588
net_cost_cbo_informed_sept29_high,income,capital_block,2016,12.250041
net_cost_cbo_informed_sept29_high,income,capital_block,2017,12.567546
net_cost_cbo_informed_sept29_high,income,capital_block,2018,12.894185
net_cost_cbo_informed_sept29_high,income,capital_block,2019,13.17859
net_cost_cbo_informed_sept29_high,income,capital_block,2020,13.349562
net_cost_cbo_informed_sept29_high,income,capital_block,2021,13.691975
net_cost_cbo_informed_sept29_high,income,capital_block,2022,13.859483
net_cost_cbo_informed_sept29_high,income,capital_block,2023,14.092461
net_cost_cbo_informed_sept29_high,income,capital_block,2024,14.48243
net_cost_cbo_informed_sept29_high,income,capital_enterprise,2005,7.637737
net_cost_cbo_informed_sept29_high,income,capital_enterprise,2006,8.507713
net_cost_cbo_informed_sept29_high,income,capital_enterprise,2007,9.180632
net_cost_cbo_informed_sept29_high,income,capital_enterprise,2008,9.990966
net_cost_cbo_informed_sept29_high,income,capital_enterprise,2009,10.439061
net_cost_cbo_informed_sept29_high,income,capital_enterprise,2010,10.954552
net_cost_cbo_informed_sept29_high,income,capital_enterprise,2011,11.457938
net_cost_cbo_informed_sept29_high,income,capital_enterprise,2012,11.869356
net_cost_cbo_informed_sept29_high,income,capital_enterprise,2013,12.218095
net_cost_cbo_informed_sept29_high,income,capital_enterprise,2014,12.616775
net_cost_cbo_informed_sept29_high,income,capital_enterprise,2015,12.936733
net_cost_cbo_informed_sept29_high,income,capital_enterprise,2016,13.283891
net_cost_cbo_informed_sept29_high,income,capital_enterprise,2017,13.661711
net_cost_cbo_informed_sept29_high,income,capital_enterprise,2018,14.065129
net_cost_cbo_informed_sept29_high,income,capital_enterprise,2019,14.455337
net_cost_cbo_informed_sept29_high,income,capital_enterprise,2020,14.764687
net_cost_cbo_informed_sept29_high,income,capital_enterprise,2021,15.360385
net_cost_cbo_informed_sept29_high,income,capital_enterprise,2022,15.960731
net_cost_cbo_informed_sept29_high,income,capital_enterprise,2023,16.507827
net_cost_cbo_informed_sept29_high,income,capital_enterprise,2024,16.907761
net_cost_full_proportional_sept29_low,flat,base,2005,206.947269
net_cost_full_proportional_sept29_low,flat,base,2006,218.984808
net_cost_full_proportional_sept29_low,flat,base,2007,225.380075
net_cost_full_proportional_sept29_low,flat,base,2008,237.524026
net_cost_full_proportional_sept29_low,flat,base,2009,244.875097
net_cost_full_proportional_sept29_low,flat,base,2010,254.455352
net_cost_full_proportional_sept29_low,flat,base,2011,259.309902
net_cost_full_proportional_sept29_low,flat,base,2012,263.024205
net_cost_full_proportional_sept29_low,flat,base,2013,267.254781
net_cost_full_proportional_sept29_low,flat,base,2014,272.930364
net_cost_full_proportional_sept29_low,flat,base,2015,276.612399
net_cost_full_proportional_sept29_low,flat,base,2016,280.155405
net_cost_full_proportional_sept29_low,flat,base,2017,283.34234
net_cost_full_proportional_sept29_low,flat,base,2018,285.804569
net_cost_full_proportional_sept29_low,flat,base,2019,287.347698
net_cost_full_proportional_sept29_low,flat,base,2020,287.539043
net_cost_full_proportional_sept29_low,flat,base,2021,287.730389
net_cost_full_proportional_sept29_low,flat,base,2022,289.112683
net_cost_full_proportional_sept29_low,flat,base,2023,293.569195
net_cost_full_proportional_sept29_low,flat,base,2024,301.285286
net_cost_full_proportional_sept29_low,flat,long_run_economic_affairs_services,2005,0.0
net_cost_full_proportional_sept29_low,flat,long_run_economic_affairs_services,2006,0.0
net_cost_full_proportional_sept29_low,flat,long_run_economic_affairs_services,2007,0.0
net_cost_full_proportional_sept29_low,flat,long_run_economic_affairs_services,2008,0.0
net_cost_full_proportional_sept29_low,flat,long_run_economic_affairs_services,2009,0.0
net_cost_full_proportional_sept29_low,flat,long_run_economic_affairs_services,2010,0.0
net_cost_full_proportional_sept29_low,flat,long_run_economic_affairs_services,2011,0.0
net_cost_full_proportional_sept29_low,flat,long_run_economic_affairs_services,2012,0.0
net_cost_full_proportional_sept29_low,flat,long_run_economic_affairs_services,2013,0.0
net_cost_full_proportional_sept29_low,flat,long_run_economic_affairs_services,2014,0.0
net_cost_full_proportional_sept29_low,flat,long_run_economic_affairs_services,2015,0.0
net_cost_full_proportional_sept29_low,flat,long_run_economic_affairs_services,2016,0.0
net_cost_full_proportional_sept29_low,flat,long_run_economic_affairs_services,2017,0.0
net_cost_full_proportional_sept29_low,flat,long_run_economic_affairs_services,2018,0.0
net_cost_full_proportional_sept29_low,flat,long_run_economic_affairs_services,2019,0.0
net_cost_full_proportional_sept29_low,flat,long_run_economic_affairs_services,2020,0.0
net_cost_full_proportional_sept29_low,flat,long_run_economic_affairs_services,2021,0.0
net_cost_full_proportional_sept29_low,flat,long_run_economic_affairs_services,2022,0.0
net_cost_full_proportional_sept29_low,flat,long_run_economic_affairs_services,2023,0.0
net_cost_full_proportional_sept29_low,flat,long_run_economic_affairs_services,2024,0.0
net_cost_full_proportional_sept29_low,flat,long_run_recreation_culture,2005,0.0
net_cost_full_proportional_sept29_low,flat,long_run_recreation_culture,2006,0.0
net_cost_full_proportional_sept29_low,flat,long_run_recreation_culture,2007,0.0
net_cost_full_proportional_sept29_low,flat,long_run_recreation_culture,2008,0.0
net_cost_full_proportional_sept29_low,flat,long_run_recreation_culture,2009,0.0
net_cost_full_proportional_sept29_low,flat,long_run_recreation_culture,2010,0.0
net_cost_full_proportional_sept29_low,flat,long_run_recreation_culture,2011,0.0
net_cost_full_proportional_sept29_low,flat,long_run_recreation_culture,2012,0.0
net_cost_full_proportional_sept29_low,flat,long_run_recreation_culture,2013,0.0
net_cost_full_proportional_sept29_low,flat,long_run_recreation_culture,2014,0.0
net_cost_full_proportional_sept29_low,flat,long_run_recreation_culture,2015,0.0
net_cost_full_proportional_sept29_low,flat,long_run_recreation_culture,2016,0.0
net_cost_full_proportional_sept29_low,flat,long_run_recreation_culture,2017,0.0
net_cost_full_proportional_sept29_low,flat,long_run_recreation_culture,2018,0.0
net_cost_full_proportional_sept29_low,flat,long_run_recreation_culture,2019,0.0
net_cost_full_proportional_sept29_low,flat,long_run_recreation_culture,2020,0.0
net_cost_full_proportional_sept29_low,flat,long_run_recreation_culture,2021,0.0
net_cost_full_proportional_sept29_low,flat,long_run_recreation_culture,2022,0.0
net_cost_full_proportional_sept29_low,flat,long_run_recreation_culture,2023,0.0
net_cost_full_proportional_sept29_low,flat,long_run_recreation_culture,2024,0.0
net_cost_full_proportional_sept29_low,flat,rental_assistance,2005,3.112992
net_cost_full_proportional_sept29_low,flat,rental_assistance,2006,3.294066
net_cost_full_proportional_sept29_low,flat,rental_assistance,2007,3.390266
net_cost_full_proportional_sept29_low,flat,rental_assistance,2008,3.572941
net_cost_full_proportional_sept29_low,flat,rental_assistance,2009,3.683519
net_cost_full_proportional_sept29_low,flat,rental_assistance,2010,3.827629
net_cost_full_proportional_sept29_low,flat,rental_assistance,2011,3.900654
net_cost_full_proportional_sept29_low,flat,rental_assistance,2012,3.956526
net_cost_full_proportional_sept29_low,flat,rental_assistance,2013,4.020164
net_cost_full_proportional_sept29_low,flat,rental_assistance,2014,4.105539
net_cost_full_proportional_sept29_low,flat,rental_assistance,2015,4.160925
net_cost_full_proportional_sept29_low,flat,rental_assistance,2016,4.214221
net_cost_full_proportional_sept29_low,flat,rental_assistance,2017,4.26216
net_cost_full_proportional_sept29_low,flat,rental_assistance,2018,4.299198
net_cost_full_proportional_sept29_low,flat,rental_assistance,2019,4.322411
net_cost_full_proportional_sept29_low,flat,rental_assistance,2020,4.325289
net_cost_full_proportional_sept29_low,flat,rental_assistance,2021,4.328167
net_cost_full_proportional_sept29_low,flat,rental_assistance,2022,4.34896
net_cost_full_proportional_sept29_low,flat,rental_assistance,2023,4.415997
net_cost_full_proportional_sept29_low,flat,rental_assistance,2024,4.532066
net_cost_full_proportional_sept29_low,flat,enterprise_surplus,2005,3.819846
net_cost_full_proportional_sept29_low,flat,enterprise_surplus,2006,4.042036
net_cost_full_proportional_sept29_low,flat,enterprise_surplus,2007,4.16008
net_cost_full_proportional_sept29_low,flat,enterprise_surplus,2008,4.384234
net_cost_full_proportional_sept29_low,flat,enterprise_surplus,2009,4.51992
net_cost_full_proportional_sept29_low,flat,enterprise_surplus,2010,4.696753
net_cost_full_proportional_sept29_low,flat,enterprise_surplus,2011,4.786359
net_cost_full_proportional_sept29_low,flat,enterprise_surplus,2012,4.854918
net_cost_full_proportional_sept29_low,flat,enterprise_surplus,2013,4.933006
net_cost_full_proportional_sept29_low,flat,enterprise_surplus,2014,5.037766
net_cost_full_proportional_sept29_low,flat,enterprise_surplus,2015,5.10573
net_cost_full_proportional_sept29_low,flat,enterprise_surplus,2016,5.171127
net_cost_full_proportional_sept29_low,flat,enterprise_surplus,2017,5.229951
net_cost_full_proportional_sept29_low,flat,enterprise_surplus,2018,5.275399
net_cost_full_proportional_sept29_low,flat,enterprise_surplus,2019,5.303882
net_cost_full_proportional_sept29_low,flat,enterprise_surplus,2020,5.307414
net_cost_full_proportional_sept29_low,flat,enterprise_surplus,2021,5.310946
net_cost_full_proportional_sept29_low,flat,enterprise_surplus,2022,5.336461
net_cost_full_proportional_sept29_low,flat,enterprise_surplus,2023,5.418719
net_cost_full_proportional_sept29_low,flat,enterprise_surplus,2024,5.561143
net_cost_full_proportional_sept29_low,flat,v4_federal_income_tax,2005,-0.5599
net_cost_full_proportional_sept29_low,flat,v4_federal_income_tax,2006,-0.592468
net_cost_full_proportional_sept29_low,flat,v4_federal_income_tax,2007,-0.60977
net_cost_full_proportional_sept29_low,flat,v4_federal_income_tax,2008,-0.642626
net_cost_full_proportional_sept29_low,flat,v4_federal_income_tax,2009,-0.662514
net_cost_full_proportional_sept29_low,flat,v4_federal_income_tax,2010,-0.688434
net_cost_full_proportional_sept29_low,flat,v4_federal_income_tax,2011,-0.701568
net_cost_full_proportional_sept29_low,flat,v4_federal_income_tax,2012,-0.711617
net_cost_full_proportional_sept29_low,flat,v4_federal_income_tax,2013,-0.723063
net_cost_full_proportional_sept29_low,flat,v4_federal_income_tax,2014,-0.738418
net_cost_full_proportional_sept29_low,flat,v4_federal_income_tax,2015,-0.74838
net_cost_full_proportional_sept29_low,flat,v4_federal_income_tax,2016,-0.757966
net_cost_full_proportional_sept29_low,flat,v4_federal_income_tax,2017,-0.766588
net_cost_full_proportional_sept29_low,flat,v4_federal_income_tax,2018,-0.77325
net_cost_full_proportional_sept29_low,flat,v4_federal_income_tax,2019,-0.777425
net_cost_full_proportional_sept29_low,flat,v4_federal_income_tax,2020,-0.777942
net_cost_full_proportional_sept29_low,flat,v4_federal_income_tax,2021,-0.77846
net_cost_full_proportional_sept29_low,flat,v4_federal_income_tax,2022,-0.7822
net_cost_full_proportional_sept29_low,flat,v4_federal_income_tax,2023,-0.794257
net_cost_full_proportional_sept29_low,flat,v4_federal_income_tax,2024,-0.815133
net_cost_full_proportional_sept29_low,flat,v4_state_local_income_tax,2005,-0.010737
net_cost_full_proportional_sept29_low,flat,v4_state_local_income_tax,2006,-0.011361
net_cost_full_proportional_sept29_low,flat,v4_state_local_income_tax,2007,-0.011693
net_cost_full_proportional_sept29_low,flat,v4_state_local_income_tax,2008,-0.012323
net_cost_full_proportional_sept29_low,flat,v4_state_local_income_tax,2009,-0.012704
net_cost_full_proportional_sept29_low,flat,v4_state_local_income_tax,2010,-0.013201
net_cost_full_proportional_sept29_low,flat,v4_state_local_income_tax,2011,-0.013453
net_cost_full_proportional_sept29_low,flat,v4_state_local_income_tax,2012,-0.013646
net_cost_full_proportional_sept29_low,flat,v4_state_local_income_tax,2013,-0.013866
net_cost_full_proportional_sept29_low,flat,v4_state_local_income_tax,2014,-0.01416
net_cost_full_proportional_sept29_low,flat,v4_state_local_income_tax,2015,-0.014351
net_cost_full_proportional_sept29_low,flat,v4_state_local_income_tax,2016,-0.014535
net_cost_full_proportional_sept29_low,flat,v4_state_local_income_tax,2017,-0.0147
net_cost_full_proportional_sept29_low,flat,v4_state_local_income_tax,2018,-0.014828
net_cost_full_proportional_sept29_low,flat,v4_state_local_income_tax,2019,-0.014908
net_cost_full_proportional_sept29_low,flat,v4_state_local_income_tax,2020,-0.014918
net_cost_full_proportional_sept29_low,flat,v4_state_local_income_tax,2021,-0.014928
net_cost_full_proportional_sept29_low,flat,v4_state_local_income_tax,2022,-0.015
net_cost_full_proportional_sept29_low,flat,v4_state_local_income_tax,2023,-0.015231
net_cost_full_proportional_sept29_low,flat,v4_state_local_income_tax,2024,-0.015631
net_cost_full_proportional_sept29_low,flat,v4_personal_motor_vehicle,2005,-0.337028
net_cost_full_proportional_sept29_low,flat,v4_personal_motor_vehicle,2006,-0.356632
net_cost_full_proportional_sept29_low,flat,v4_personal_motor_vehicle,2007,-0.367047
net_cost_full_proportional_sept29_low,flat,v4_personal_motor_vehicle,2008,-0.386825
net_cost_full_proportional_sept29_low,flat,v4_personal_motor_vehicle,2009,-0.398797
net_cost_full_proportional_sept29_low,flat,v4_personal_motor_vehicle,2010,-0.414399
net_cost_full_proportional_sept29_low,flat,v4_personal_motor_vehicle,2011,-0.422305
net_cost_full_proportional_sept29_low,flat,v4_personal_motor_vehicle,2012,-0.428354
net_cost_full_proportional_sept29_low,flat,v4_personal_motor_vehicle,2013,-0.435243
net_cost_full_proportional_sept29_low,flat,v4_personal_motor_vehicle,2014,-0.444487
net_cost_full_proportional_sept29_low,flat,v4_personal_motor_vehicle,2015,-0.450483
net_cost_full_proportional_sept29_low,flat,v4_personal_motor_vehicle,2016,-0.456253
net_cost_full_proportional_sept29_low,flat,v4_personal_motor_vehicle,2017,-0.461443
net_cost_full_proportional_sept29_low,flat,v4_personal_motor_vehicle,2018,-0.465453
net_cost_full_proportional_sept29_low,flat,v4_personal_motor_vehicle,2019,-0.467966
net_cost_full_proportional_sept29_low,flat,v4_personal_motor_vehicle,2020,-0.468278
net_cost_full_proportional_sept29_low,flat,v4_personal_motor_vehicle,2021,-0.468589
net_cost_full_proportional_sept29_low,flat,v4_personal_motor_vehicle,2022,-0.470841
net_cost_full_proportional_sept29_low,flat,v4_personal_motor_vehicle,2023,-0.478098
net_cost_full_proportional_sept29_low,flat,v4_personal_motor_vehicle,2024,-0.490665
net_cost_full_proportional_sept29_low,flat,v4_personal_property_tax,2005,-0.910696
net_cost_full_proportional_sept29_low,flat,v4_personal_property_tax,2006,-0.963668
net_cost_full_proportional_sept29_low,flat,v4_personal_property_tax,2007,-0.991811
net_cost_full_proportional_sept29_low,flat,v4_personal_property_tax,2008,-1.045252
net_cost_full_proportional_sept29_low,flat,v4_personal_property_tax,2009,-1.077601
net_cost_full_proportional_sept29_low,flat,v4_personal_property_tax,2010,-1.11976
net_cost_full_proportional_sept29_low,flat,v4_personal_property_tax,2011,-1.141123
net_cost_full_proportional_sept29_low,flat,v4_personal_property_tax,2012,-1.157469
net_cost_full_proportional_sept29_low,flat,v4_personal_property_tax,2013,-1.176086
net_cost_full_proportional_sept29_low,flat,v4_personal_property_tax,2014,-1.201062
net_cost_full_proportional_sept29_low,flat,v4_personal_property_tax,2015,-1.217265
net_cost_full_proportional_sept29_low,flat,v4_personal_property_tax,2016,-1.232857
net_cost_full_proportional_sept29_low,flat,v4_personal_property_tax,2017,-1.246881
net_cost_full_proportional_sept29_low,flat,v4_personal_property_tax,2018,-1.257716
net_cost_full_proportional_sept29_low,flat,v4_personal_property_tax,2019,-1.264507
net_cost_full_proportional_sept29_low,flat,v4_personal_property_tax,2020,-1.265349
net_cost_full_proportional_sept29_low,flat,v4_personal_property_tax,2021,-1.266191
net_cost_full_proportional_sept29_low,flat,v4_personal_property_tax,2022,-1.272274
net_cost_full_proportional_sept29_low,flat,v4_personal_property_tax,2023,-1.291885
net_cost_full_proportional_sept29_low,flat,v4_personal_property_tax,2024,-1.325841
net_cost_full_proportional_sept29_low,flat,v4_other_personal_tax,2005,-0.000195
net_cost_full_proportional_sept29_low,flat,v4_other_personal_tax,2006,-0.000206
net_cost_full_proportional_sept29_low,flat,v4_other_personal_tax,2007,-0.000212
net_cost_full_proportional_sept29_low,flat,v4_other_personal_tax,2008,-0.000223
net_cost_full_proportional_sept29_low,flat,v4_other_personal_tax,2009,-0.00023
net_cost_full_proportional_sept29_low,flat,v4_other_personal_tax,2010,-0.000239
net_cost_full_proportional_sept29_low,flat,v4_other_personal_tax,2011,-0.000244
net_cost_full_proportional_sept29_low,flat,v4_other_personal_tax,2012,-0.000247
net_cost_full_proportional_sept29_low,flat,v4_other_personal_tax,2013,-0.000251
net_cost_full_proportional_sept29_low,flat,v4_other_personal_tax,2014,-0.000257
net_cost_full_proportional_sept29_low,flat,v4_other_personal_tax,2015,-0.00026
net_cost_full_proportional_sept29_low,flat,v4_other_personal_tax,2016,-0.000264
net_cost_full_proportional_sept29_low,flat,v4_other_personal_tax,2017,-0.000267
net_cost_full_proportional_sept29_low,flat,v4_other_personal_tax,2018,-0.000269
net_cost_full_proportional_sept29_low,flat,v4_other_personal_tax,2019,-0.00027
net_cost_full_proportional_sept29_low,flat,v4_other_personal_tax,2020,-0.00027
net_cost_full_proportional_sept29_low,flat,v4_other_personal_tax,2021,-0.000271
net_cost_full_proportional_sept29_low,flat,v4_other_personal_tax,2022,-0.000272
net_cost_full_proportional_sept29_low,flat,v4_other_personal_tax,2023,-0.000276
net_cost_full_proportional_sept29_low,flat,v4_other_personal_tax,2024,-0.000283
net_cost_full_proportional_sept29_low,flat,v4_employee_oasdi,2005,-0.017445
net_cost_full_proportional_sept29_low,flat,v4_employee_oasdi,2006,-0.018459
net_cost_full_proportional_sept29_low,flat,v4_employee_oasdi,2007,-0.018998
net_cost_full_proportional_sept29_low,flat,v4_employee_oasdi,2008,-0.020022
net_cost_full_proportional_sept29_low,flat,v4_employee_oasdi,2009,-0.020642
net_cost_full_proportional_sept29_low,flat,v4_employee_oasdi,2010,-0.021449
net_cost_full_proportional_sept29_low,flat,v4_employee_oasdi,2011,-0.021858
net_cost_full_proportional_sept29_low,flat,v4_employee_oasdi,2012,-0.022172
net_cost_full_proportional_sept29_low,flat,v4_employee_oasdi,2013,-0.022528
net_cost_full_proportional_sept29_low,flat,v4_employee_oasdi,2014,-0.023007
net_cost_full_proportional_sept29_low,flat,v4_employee_oasdi,2015,-0.023317
net_cost_full_proportional_sept29_low,flat,v4_employee_oasdi,2016,-0.023616
net_cost_full_proportional_sept29_low,flat,v4_employee_oasdi,2017,-0.023884
net_cost_full_proportional_sept29_low,flat,v4_employee_oasdi,2018,-0.024092
net_cost_full_proportional_sept29_low,flat,v4_employee_oasdi,2019,-0.024222
net_cost_full_proportional_sept29_low,flat,v4_employee_oasdi,2020,-0.024238
net_cost_full_proportional_sept29_low,flat,v4_employee_oasdi,2021,-0.024254
net_cost_full_proportional_sept29_low,flat,v4_employee_oasdi,2022,-0.024371
net_cost_full_proportional_sept29_low,flat,v4_employee_oasdi,2023,-0.024746
net_cost_full_proportional_sept29_low,flat,v4_employee_oasdi,2024,-0.025397
net_cost_full_proportional_sept29_low,flat,v4_employee_hi,2005,-0.00927
net_cost_full_proportional_sept29_low,flat,v4_employee_hi,2006,-0.00981
net_cost_full_proportional_sept29_low,flat,v4_employee_hi,2007,-0.010096
net_cost_full_proportional_sept29_low,flat,v4_employee_hi,2008,-0.01064
net_cost_full_proportional_sept29_low,flat,v4_employee_hi,2009,-0.010969
net_cost_full_proportional_sept29_low,flat,v4_employee_hi,2010,-0.011398
net_cost_full_proportional_sept29_low,flat,v4_employee_hi,2011,-0.011616
net_cost_full_proportional_sept29_low,flat,v4_employee_hi,2012,-0.011782
net_cost_full_proportional_sept29_low,flat,v4_employee_hi,2013,-0.011972
net_cost_full_proportional_sept29_low,flat,v4_employee_hi,2014,-0.012226
net_cost_full_proportional_sept29_low,flat,v4_employee_hi,2015,-0.012391
net_cost_full_proportional_sept29_low,flat,v4_employee_hi,2016,-0.01255
net_cost_full_proportional_sept29_low,flat,v4_employee_hi,2017,-0.012692
net_cost_full_proportional_sept29_low,flat,v4_employee_hi,2018,-0.012803
net_cost_full_proportional_sept29_low,flat,v4_employee_hi,2019,-0.012872
net_cost_full_proportional_sept29_low,flat,v4_employee_hi,2020,-0.01288
net_cost_full_proportional_sept29_low,flat,v4_employee_hi,2021,-0.012889
net_cost_full_proportional_sept29_low,flat,v4_employee_hi,2022,-0.012951
net_cost_full_proportional_sept29_low,flat,v4_employee_hi,2023,-0.013151
net_cost_full_proportional_sept29_low,flat,v4_employee_hi,2024,-0.013496
net_cost_full_proportional_sept29_low,flat,v4_self_employment_oasdi_hi,2005,0.538086
net_cost_full_proportional_sept29_low,flat,v4_self_employment_oasdi_hi,2006,0.569385
net_cost_full_proportional_sept29_low,flat,v4_self_employment_oasdi_hi,2007,0.586013
net_cost_full_proportional_sept29_low,flat,v4_self_employment_oasdi_hi,2008,0.617589
net_cost_full_proportional_sept29_low,flat,v4_self_employment_oasdi_hi,2009,0.636703
net_cost_full_proportional_sept29_low,flat,v4_self_employment_oasdi_hi,2010,0.661612
net_cost_full_proportional_sept29_low,flat,v4_self_employment_oasdi_hi,2011,0.674235
net_cost_full_proportional_sept29_low,flat,v4_self_employment_oasdi_hi,2012,0.683892
net_cost_full_proportional_sept29_low,flat,v4_self_employment_oasdi_hi,2013,0.694892
net_cost_full_proportional_sept29_low,flat,v4_self_employment_oasdi_hi,2014,0.709649
net_cost_full_proportional_sept29_low,flat,v4_self_employment_oasdi_hi,2015,0.719223
net_cost_full_proportional_sept29_low,flat,v4_self_employment_oasdi_hi,2016,0.728435
net_cost_full_proportional_sept29_low,flat,v4_self_employment_oasdi_hi,2017,0.736722
net_cost_full_proportional_sept29_low,flat,v4_self_employment_oasdi_hi,2018,0.743124
net_cost_full_proportional_sept29_low,flat,v4_self_employment_oasdi_hi,2019,0.747136
net_cost_full_proportional_sept29_low,flat,v4_self_employment_oasdi_hi,2020,0.747634
net_cost_full_proportional_sept29_low,flat,v4_self_employment_oasdi_hi,2021,0.748131
net_cost_full_proportional_sept29_low,flat,v4_self_employment_oasdi_hi,2022,0.751725
net_cost_full_proportional_sept29_low,flat,v4_self_employment_oasdi_hi,2023,0.763313
net_cost_full_proportional_sept29_low,flat,v4_self_employment_oasdi_hi,2024,0.783375
net_cost_full_proportional_sept29_low,flat,v4_employer_oasdi,2005,-0.017595
net_cost_full_proportional_sept29_low,flat,v4_employer_oasdi,2006,-0.018619
net_cost_full_proportional_sept29_low,flat,v4_employer_oasdi,2007,-0.019162
net_cost_full_proportional_sept29_low,flat,v4_employer_oasdi,2008,-0.020195
net_cost_full_proportional_sept29_low,flat,v4_employer_oasdi,2009,-0.02082
net_cost_full_proportional_sept29_low,flat,v4_employer_oasdi,2010,-0.021634
net_cost_full_proportional_sept29_low,flat,v4_employer_oasdi,2011,-0.022047
net_cost_full_proportional_sept29_low,flat,v4_employer_oasdi,2012,-0.022363
net_cost_full_proportional_sept29_low,flat,v4_employer_oasdi,2013,-0.022723
net_cost_full_proportional_sept29_low,flat,v4_employer_oasdi,2014,-0.023205
net_cost_full_proportional_sept29_low,flat,v4_employer_oasdi,2015,-0.023518
net_cost_full_proportional_sept29_low,flat,v4_employer_oasdi,2016,-0.02382
net_cost_full_proportional_sept29_low,flat,v4_employer_oasdi,2017,-0.024091
net_cost_full_proportional_sept29_low,flat,v4_employer_oasdi,2018,-0.0243
net_cost_full_proportional_sept29_low,flat,v4_employer_oasdi,2019,-0.024431
net_cost_full_proportional_sept29_low,flat,v4_employer_oasdi,2020,-0.024447
net_cost_full_proportional_sept29_low,flat,v4_employer_oasdi,2021,-0.024464
net_cost_full_proportional_sept29_low,flat,v4_employer_oasdi,2022,-0.024581
net_cost_full_proportional_sept29_low,flat,v4_employer_oasdi,2023,-0.02496
net_cost_full_proportional_sept29_low,flat,v4_employer_oasdi,2024,-0.025616
net_cost_full_proportional_sept29_low,flat,v4_employer_hi,2005,-0.008246
net_cost_full_proportional_sept29_low,flat,v4_employer_hi,2006,-0.008726
net_cost_full_proportional_sept29_low,flat,v4_employer_hi,2007,-0.008981
net_cost_full_proportional_sept29_low,flat,v4_employer_hi,2008,-0.009464
net_cost_full_proportional_sept29_low,flat,v4_employer_hi,2009,-0.009757
net_cost_full_proportional_sept29_low,flat,v4_employer_hi,2010,-0.010139
net_cost_full_proportional_sept29_low,flat,v4_employer_hi,2011,-0.010332
net_cost_full_proportional_sept29_low,flat,v4_employer_hi,2012,-0.01048
net_cost_full_proportional_sept29_low,flat,v4_employer_hi,2013,-0.010649
net_cost_full_proportional_sept29_low,flat,v4_employer_hi,2014,-0.010875
net_cost_full_proportional_sept29_low,flat,v4_employer_hi,2015,-0.011022
net_cost_full_proportional_sept29_low,flat,v4_employer_hi,2016,-0.011163
net_cost_full_proportional_sept29_low,flat,v4_employer_hi,2017,-0.01129
net_cost_full_proportional_sept29_low,flat,v4_employer_hi,2018,-0.011388
net_cost_full_proportional_sept29_low,flat,v4_employer_hi,2019,-0.01145
net_cost_full_proportional_sept29_low,flat,v4_employer_hi,2020,-0.011457
net_cost_full_proportional_sept29_low,flat,v4_employer_hi,2021,-0.011465
net_cost_full_proportional_sept29_low,flat,v4_employer_hi,2022,-0.01152
net_cost_full_proportional_sept29_low,flat,v4_employer_hi,2023,-0.011698
net_cost_full_proportional_sept29_low,flat,v4_employer_hi,2024,-0.012005
net_cost_full_proportional_sept29_low,flat,v4_other_domestic_social_contributions,2005,-0.016248
net_cost_full_proportional_sept29_low,flat,v4_other_domestic_social_contributions,2006,-0.017193
net_cost_full_proportional_sept29_low,flat,v4_other_domestic_social_contributions,2007,-0.017695
net_cost_full_proportional_sept29_low,flat,v4_other_domestic_social_contributions,2008,-0.018649
net_cost_full_proportional_sept29_low,flat,v4_other_domestic_social_contributions,2009,-0.019226
net_cost_full_proportional_sept29_low,flat,v4_other_domestic_social_contributions,2010,-0.019978
net_cost_full_proportional_sept29_low,flat,v4_other_domestic_social_contributions,2011,-0.020359
net_cost_full_proportional_sept29_low,flat,v4_other_domestic_social_contributions,2012,-0.020651
net_cost_full_proportional_sept29_low,flat,v4_other_domestic_social_contributions,2013,-0.020983
net_cost_full_proportional_sept29_low,flat,v4_other_domestic_social_contributions,2014,-0.021428
net_cost_full_proportional_sept29_low,flat,v4_other_domestic_social_contributions,2015,-0.021717
net_cost_full_proportional_sept29_low,flat,v4_other_domestic_social_contributions,2016,-0.021996
net_cost_full_proportional_sept29_low,flat,v4_other_domestic_social_contributions,2017,-0.022246
net_cost_full_proportional_sept29_low,flat,v4_other_domestic_social_contributions,2018,-0.022439
net_cost_full_proportional_sept29_low,flat,v4_other_domestic_social_contributions,2019,-0.02256
net_cost_full_proportional_sept29_low,flat,v4_other_domestic_social_contributions,2020,-0.022575
net_cost_full_proportional_sept29_low,flat,v4_other_domestic_social_contributions,2021,-0.02259
net_cost_full_proportional_sept29_low,flat,v4_other_domestic_social_contributions,2022,-0.022699
net_cost_full_proportional_sept29_low,flat,v4_other_domestic_social_contributions,2023,-0.023049
net_cost_full_proportional_sept29_low,flat,v4_other_domestic_social_contributions,2024,-0.023655
net_cost_full_proportional_sept29_low,flat,v4_general_sales_tax,2005,-4.096869
net_cost_full_proportional_sept29_low,flat,v4_general_sales_tax,2006,-4.335173
net_cost_full_proportional_sept29_low,flat,v4_general_sales_tax,2007,-4.461778
net_cost_full_proportional_sept29_low,flat,v4_general_sales_tax,2008,-4.702188
net_cost_full_proportional_sept29_low,flat,v4_general_sales_tax,2009,-4.847715
net_cost_full_proportional_sept29_low,flat,v4_general_sales_tax,2010,-5.037372
net_cost_full_proportional_sept29_low,flat,v4_general_sales_tax,2011,-5.133476
net_cost_full_proportional_sept29_low,flat,v4_general_sales_tax,2012,-5.207007
net_cost_full_proportional_sept29_low,flat,v4_general_sales_tax,2013,-5.290758
net_cost_full_proportional_sept29_low,flat,v4_general_sales_tax,2014,-5.403116
net_cost_full_proportional_sept29_low,flat,v4_general_sales_tax,2015,-5.476008
net_cost_full_proportional_sept29_low,flat,v4_general_sales_tax,2016,-5.546148
net_cost_full_proportional_sept29_low,flat,v4_general_sales_tax,2017,-5.609238
net_cost_full_proportional_sept29_low,flat,v4_general_sales_tax,2018,-5.657982
net_cost_full_proportional_sept29_low,flat,v4_general_sales_tax,2019,-5.688531
net_cost_full_proportional_sept29_low,flat,v4_general_sales_tax,2020,-5.692319
net_cost_full_proportional_sept29_low,flat,v4_general_sales_tax,2021,-5.696107
net_cost_full_proportional_sept29_low,flat,v4_general_sales_tax,2022,-5.723472
net_cost_full_proportional_sept29_low,flat,v4_general_sales_tax,2023,-5.811696
net_cost_full_proportional_sept29_low,flat,v4_general_sales_tax,2024,-5.964449
net_cost_full_proportional_sept29_low,flat,v4_modeled_owner_property,2005,-13.0849
net_cost_full_proportional_sept29_low,flat,v4_modeled_owner_property,2006,-13.846011
net_cost_full_proportional_sept29_low,flat,v4_modeled_owner_property,2007,-14.250373
net_cost_full_proportional_sept29_low,flat,v4_modeled_owner_property,2008,-15.018212
net_cost_full_proportional_sept29_low,flat,v4_modeled_owner_property,2009,-15.483007
net_cost_full_proportional_sept29_low,flat,v4_modeled_owner_property,2010,-16.088749
net_cost_full_proportional_sept29_low,flat,v4_modeled_owner_property,2011,-16.395694
net_cost_full_proportional_sept29_low,flat,v4_modeled_owner_property,2012,-16.630542
net_cost_full_proportional_sept29_low,flat,v4_modeled_owner_property,2013,-16.898034
net_cost_full_proportional_sept29_low,flat,v4_modeled_owner_property,2014,-17.256891
net_cost_full_proportional_sept29_low,flat,v4_modeled_owner_property,2015,-17.489699
net_cost_full_proportional_sept29_low,flat,v4_modeled_owner_property,2016,-17.713717
net_cost_full_proportional_sept29_low,flat,v4_modeled_owner_property,2017,-17.915221
net_cost_full_proportional_sept29_low,flat,v4_modeled_owner_property,2018,-18.070903
net_cost_full_proportional_sept29_low,flat,v4_modeled_owner_property,2019,-18.168473
net_cost_full_proportional_sept29_low,flat,v4_modeled_owner_property,2020,-18.180571
net_cost_full_proportional_sept29_low,flat,v4_modeled_owner_property,2021,-18.19267
net_cost_full_proportional_sept29_low,flat,v4_modeled_owner_property,2022,-18.280069
net_cost_full_proportional_sept29_low,flat,v4_modeled_owner_property,2023,-18.561847
net_cost_full_proportional_sept29_low,flat,v4_modeled_owner_property,2024,-19.049721
net_cost_full_proportional_sept29_low,flat,v4_excise_selective_sales,2005,-1.084589
net_cost_full_proportional_sept29_low,flat,v4_excise_selective_sales,2006,-1.147676
net_cost_full_proportional_sept29_low,flat,v4_excise_selective_sales,2007,-1.181193
net_cost_full_proportional_sept29_low,flat,v4_excise_selective_sales,2008,-1.244838
net_cost_full_proportional_sept29_low,flat,v4_excise_selective_sales,2009,-1.283364
net_cost_full_proportional_sept29_low,flat,v4_excise_selective_sales,2010,-1.333574
net_cost_full_proportional_sept29_low,flat,v4_excise_selective_sales,2011,-1.359016
net_cost_full_proportional_sept29_low,flat,v4_excise_selective_sales,2012,-1.378482
net_cost_full_proportional_sept29_low,flat,v4_excise_selective_sales,2013,-1.400654
net_cost_full_proportional_sept29_low,flat,v4_excise_selective_sales,2014,-1.430399
net_cost_full_proportional_sept29_low,flat,v4_excise_selective_sales,2015,-1.449696
net_cost_full_proportional_sept29_low,flat,v4_excise_selective_sales,2016,-1.468265
net_cost_full_proportional_sept29_low,flat,v4_excise_selective_sales,2017,-1.484967
net_cost_full_proportional_sept29_low,flat,v4_excise_selective_sales,2018,-1.497871
net_cost_full_proportional_sept29_low,flat,v4_excise_selective_sales,2019,-1.505959
net_cost_full_proportional_sept29_low,flat,v4_excise_selective_sales,2020,-1.506962
net_cost_full_proportional_sept29_low,flat,v4_excise_selective_sales,2021,-1.507964
net_cost_full_proportional_sept29_low,flat,v4_excise_selective_sales,2022,-1.515209
net_cost_full_proportional_sept29_low,flat,v4_excise_selective_sales,2023,-1.538565
net_cost_full_proportional_sept29_low,flat,v4_excise_selective_sales,2024,-1.579004
net_cost_full_proportional_sept29_low,flat,v4_customs_duties,2005,-0.027176
net_cost_full_proportional_sept29_low,flat,v4_customs_duties,2006,-0.028756
net_cost_full_proportional_sept29_low,flat,v4_customs_duties,2007,-0.029596
net_cost_full_proportional_sept29_low,flat,v4_customs_duties,2008,-0.031191
net_cost_full_proportional_sept29_low,flat,v4_customs_duties,2009,-0.032156
net_cost_full_proportional_sept29_low,flat,v4_customs_duties,2010,-0.033414
net_cost_full_proportional_sept29_low,flat,v4_customs_duties,2011,-0.034052
net_cost_full_proportional_sept29_low,flat,v4_customs_duties,2012,-0.03454
net_cost_full_proportional_sept29_low,flat,v4_customs_duties,2013,-0.035095
net_cost_full_proportional_sept29_low,flat,v4_customs_duties,2014,-0.03584
net_cost_full_proportional_sept29_low,flat,v4_customs_duties,2015,-0.036324
net_cost_full_proportional_sept29_low,flat,v4_customs_duties,2016,-0.036789
net_cost_full_proportional_sept29_low,flat,v4_customs_duties,2017,-0.037208
net_cost_full_proportional_sept29_low,flat,v4_customs_duties,2018,-0.037531
net_cost_full_proportional_sept29_low,flat,v4_customs_duties,2019,-0.037734
net_cost_full_proportional_sept29_low,flat,v4_customs_duties,2020,-0.037759
net_cost_full_proportional_sept29_low,flat,v4_customs_duties,2021,-0.037784
net_cost_full_proportional_sept29_low,flat,v4_customs_duties,2022,-0.037965
net_cost_full_proportional_sept29_low,flat,v4_customs_duties,2023,-0.038551
net_cost_full_proportional_sept29_low,flat,v4_customs_duties,2024,-0.039564
net_cost_full_proportional_sept29_low,flat,v4_personal_current_transfers,2005,-0.045863
net_cost_full_proportional_sept29_low,flat,v4_personal_current_transfers,2006,-0.048531
net_cost_full_proportional_sept29_low,flat,v4_personal_current_transfers,2007,-0.049948
net_cost_full_proportional_sept29_low,flat,v4_personal_current_transfers,2008,-0.052639
net_cost_full_proportional_sept29_low,flat,v4_personal_current_transfers,2009,-0.054268
net_cost_full_proportional_sept29_low,flat,v4_personal_current_transfers,2010,-0.056391
net_cost_full_proportional_sept29_low,flat,v4_personal_current_transfers,2011,-0.057467
net_cost_full_proportional_sept29_low,flat,v4_personal_current_transfers,2012,-0.05829
net_cost_full_proportional_sept29_low,flat,v4_personal_current_transfers,2013,-0.059228
net_cost_full_proportional_sept29_low,flat,v4_personal_current_transfers,2014,-0.060486
net_cost_full_proportional_sept29_low,flat,v4_personal_current_transfers,2015,-0.061302
net_cost_full_proportional_sept29_low,flat,v4_personal_current_transfers,2016,-0.062087
net_cost_full_proportional_sept29_low,flat,v4_personal_current_transfers,2017,-0.062793
net_cost_full_proportional_sept29_low,flat,v4_personal_current_transfers,2018,-0.063339
net_cost_full_proportional_sept29_low,flat,v4_personal_current_transfers,2019,-0.063681
net_cost_full_proportional_sept29_low,flat,v4_personal_current_transfers,2020,-0.063723
net_cost_full_proportional_sept29_low,flat,v4_personal_current_transfers,2021,-0.063766
net_cost_full_proportional_sept29_low,flat,v4_personal_current_transfers,2022,-0.064072
net_cost_full_proportional_sept29_low,flat,v4_personal_current_transfers,2023,-0.06506
net_cost_full_proportional_sept29_low,flat,v4_personal_current_transfers,2024,-0.06677
net_cost_full_proportional_sept29_low,flat,v4_enterprise_surplus,2005,-3.243408
net_cost_full_proportional_sept29_low,flat,v4_enterprise_surplus,2006,-3.432068
net_cost_full_proportional_sept29_low,flat,v4_enterprise_surplus,2007,-3.532299
net_cost_full_proportional_sept29_low,flat,v4_enterprise_surplus,2008,-3.722627
net_cost_full_proportional_sept29_low,flat,v4_enterprise_surplus,2009,-3.837837
net_cost_full_proportional_sept29_low,flat,v4_enterprise_surplus,2010,-3.987985
net_cost_full_proportional_sept29_low,flat,v4_enterprise_surplus,2011,-4.064069
net_cost_full_proportional_sept29_low,flat,v4_enterprise_surplus,2012,-4.122281
net_cost_full_proportional_sept29_low,flat,v4_enterprise_surplus,2013,-4.188586
net_cost_full_proportional_sept29_low,flat,v4_enterprise_surplus,2014,-4.277537
net_cost_full_proportional_sept29_low,flat,v4_enterprise_surplus,2015,-4.335244
net_cost_full_proportional_sept29_low,flat,v4_enterprise_surplus,2016,-4.390772
net_cost_full_proportional_sept29_low,flat,v4_enterprise_surplus,2017,-4.44072
net_cost_full_proportional_sept29_low,flat,v4_enterprise_surplus,2018,-4.47931
net_cost_full_proportional_sept29_low,flat,v4_enterprise_surplus,2019,-4.503495
net_cost_full_proportional_sept29_low,flat,v4_enterprise_surplus,2020,-4.506493
net_cost_full_proportional_sept29_low,flat,v4_enterprise_surplus,2021,-4.509492
net_cost_full_proportional_sept29_low,flat,v4_enterprise_surplus,2022,-4.531157
net_cost_full_proportional_sept29_low,flat,v4_enterprise_surplus,2023,-4.601002
net_cost_full_proportional_sept29_low,flat,v4_enterprise_surplus,2024,-4.721933
net_cost_full_proportional_sept29_low,flat,v4_housing_enterprise_surplus,2005,2.353344
net_cost_full_proportional_sept29_low,flat,v4_housing_enterprise_surplus,2006,2.490232
net_cost_full_proportional_sept29_low,flat,v4_housing_enterprise_surplus,2007,2.562957
net_cost_full_proportional_sept29_low,flat,v4_housing_enterprise_surplus,2008,2.701054
net_cost_full_proportional_sept29_low,flat,v4_housing_enterprise_surplus,2009,2.784648
net_cost_full_proportional_sept29_low,flat,v4_housing_enterprise_surplus,2010,2.893592
net_cost_full_proportional_sept29_low,flat,v4_housing_enterprise_surplus,2011,2.948797
net_cost_full_proportional_sept29_low,flat,v4_housing_enterprise_surplus,2012,2.991035
net_cost_full_proportional_sept29_low,flat,v4_housing_enterprise_surplus,2013,3.039144
net_cost_full_proportional_sept29_low,flat,v4_housing_enterprise_surplus,2014,3.103685
net_cost_full_proportional_sept29_low,flat,v4_housing_enterprise_surplus,2015,3.145556
net_cost_full_proportional_sept29_low,flat,v4_housing_enterprise_surplus,2016,3.185846
net_cost_full_proportional_sept29_low,flat,v4_housing_enterprise_surplus,2017,3.222087
net_cost_full_proportional_sept29_low,flat,v4_housing_enterprise_surplus,2018,3.250086
net_cost_full_proportional_sept29_low,flat,v4_housing_enterprise_surplus,2019,3.267634
net_cost_full_proportional_sept29_low,flat,v4_housing_enterprise_surplus,2020,3.26981
net_cost_full_proportional_sept29_low,flat,v4_housing_enterprise_surplus,2021,3.271986
net_cost_full_proportional_sept29_low,flat,v4_housing_enterprise_surplus,2022,3.287705
net_cost_full_proportional_sept29_low,flat,v4_housing_enterprise_surplus,2023,3.338383
net_cost_full_proportional_sept29_low,flat,v4_housing_enterprise_surplus,2024,3.426129
net_cost_full_proportional_sept29_low,flat,v4_tenant_occupied_property,2005,-4.678187
net_cost_full_proportional_sept29_low,flat,v4_tenant_occupied_property,2006,-4.950304
net_cost_full_proportional_sept29_low,flat,v4_tenant_occupied_property,2007,-5.094873
net_cost_full_proportional_sept29_low,flat,v4_tenant_occupied_property,2008,-5.369396
net_cost_full_proportional_sept29_low,flat,v4_tenant_occupied_property,2009,-5.535572
net_cost_full_proportional_sept29_low,flat,v4_tenant_occupied_property,2010,-5.75214
net_cost_full_proportional_sept29_low,flat,v4_tenant_occupied_property,2011,-5.861881
net_cost_full_proportional_sept29_low,flat,v4_tenant_occupied_property,2012,-5.945845
net_cost_full_proportional_sept29_low,flat,v4_tenant_occupied_property,2013,-6.04148
net_cost_full_proportional_sept29_low,flat,v4_tenant_occupied_property,2014,-6.169781
net_cost_full_proportional_sept29_low,flat,v4_tenant_occupied_property,2015,-6.253016
net_cost_full_proportional_sept29_low,flat,v4_tenant_occupied_property,2016,-6.333108
net_cost_full_proportional_sept29_low,flat,v4_tenant_occupied_property,2017,-6.405151
net_cost_full_proportional_sept29_low,flat,v4_tenant_occupied_property,2018,-6.460811
net_cost_full_proportional_sept29_low,flat,v4_tenant_occupied_property,2019,-6.495695
net_cost_full_proportional_sept29_low,flat,v4_tenant_occupied_property,2020,-6.50002
net_cost_full_proportional_sept29_low,flat,v4_tenant_occupied_property,2021,-6.504346
net_cost_full_proportional_sept29_low,flat,v4_tenant_occupied_property,2022,-6.535593
net_cost_full_proportional_sept29_low,flat,v4_tenant_occupied_property,2023,-6.636336
net_cost_full_proportional_sept29_low,flat,v4_tenant_occupied_property,2024,-6.810763
net_cost_full_proportional_sept29_low,flat,v4_social_security_accrual,2005,75.149633
net_cost_full_proportional_sept29_low,flat,v4_social_security_accrual,2006,79.520875
net_cost_full_proportional_sept29_low,flat,v4_social_security_accrual,2007,81.843215
net_cost_full_proportional_sept29_low,flat,v4_social_security_accrual,2008,86.253099
net_cost_full_proportional_sept29_low,flat,v4_social_security_accrual,2009,88.922524
net_cost_full_proportional_sept29_low,flat,v4_social_security_accrual,2010,92.401443
net_cost_full_proportional_sept29_low,flat,v4_social_security_accrual,2011,94.164296
net_cost_full_proportional_sept29_low,flat,v4_social_security_accrual,2012,95.513086
net_cost_full_proportional_sept29_low,flat,v4_social_security_accrual,2013,97.049353
net_cost_full_proportional_sept29_low,flat,v4_social_security_accrual,2014,99.110351
net_cost_full_proportional_sept29_low,flat,v4_social_security_accrual,2015,100.447424
net_cost_full_proportional_sept29_low,flat,v4_social_security_accrual,2016,101.734011
net_cost_full_proportional_sept29_low,flat,v4_social_security_accrual,2017,102.891296
net_cost_full_proportional_sept29_low,flat,v4_social_security_accrual,2018,103.785416
net_cost_full_proportional_sept29_low,flat,v4_social_security_accrual,2019,104.345778
net_cost_full_proportional_sept29_low,flat,v4_social_security_accrual,2020,104.415262
net_cost_full_proportional_sept29_low,flat,v4_social_security_accrual,2021,104.484747
net_cost_full_proportional_sept29_low,flat,v4_social_security_accrual,2022,104.986705
net_cost_full_proportional_sept29_low,flat,v4_social_security_accrual,2023,106.605017
net_cost_full_proportional_sept29_low,flat,v4_social_security_accrual,2024,109.406993
net_cost_full_proportional_sept29_low,flat,v4_social_security_cash,2005,-38.643053
net_cost_full_proportional_sept29_low,flat,v4_social_security_cash,2006,-40.89081
net_cost_full_proportional_sept29_low,flat,v4_social_security_cash,2007,-42.084992
net_cost_full_proportional_sept29_low,flat,v4_social_security_cash,2008,-44.352619
net_cost_full_proportional_sept29_low,flat,v4_social_security_cash,2009,-45.725277
net_cost_full_proportional_sept29_low,flat,v4_social_security_cash,2010,-47.514189
net_cost_full_proportional_sept29_low,flat,v4_social_security_cash,2011,-48.420674
net_cost_full_proportional_sept29_low,flat,v4_social_security_cash,2012,-49.114242
net_cost_full_proportional_sept29_low,flat,v4_social_security_cash,2013,-49.904213
net_cost_full_proportional_sept29_low,flat,v4_social_security_cash,2014,-50.964009
net_cost_full_proportional_sept29_low,flat,v4_social_security_cash,2015,-51.651551
net_cost_full_proportional_sept29_low,flat,v4_social_security_cash,2016,-52.313133
net_cost_full_proportional_sept29_low,flat,v4_social_security_cash,2017,-52.908227
net_cost_full_proportional_sept29_low,flat,v4_social_security_cash,2018,-53.367996
net_cost_full_proportional_sept29_low,flat,v4_social_security_cash,2019,-53.656143
net_cost_full_proportional_sept29_low,flat,v4_social_security_cash,2020,-53.691873
net_cost_full_proportional_sept29_low,flat,v4_social_security_cash,2021,-53.727602
net_cost_full_proportional_sept29_low,flat,v4_social_security_cash,2022,-53.985717
net_cost_full_proportional_sept29_low,flat,v4_social_security_cash,2023,-54.817877
net_cost_full_proportional_sept29_low,flat,v4_social_security_cash,2024,-56.258695
net_cost_full_proportional_sept29_low,flat,v4_medicare_part_a_accrual,2005,28.256329
net_cost_full_proportional_sept29_low,flat,v4_medicare_part_a_accrual,2006,29.89992
net_cost_full_proportional_sept29_low,flat,v4_medicare_part_a_accrual,2007,30.773122
net_cost_full_proportional_sept29_low,flat,v4_medicare_part_a_accrual,2008,32.431243
net_cost_full_proportional_sept29_low,flat,v4_medicare_part_a_accrual,2009,33.434949
net_cost_full_proportional_sept29_low,flat,v4_medicare_part_a_accrual,2010,34.743025
net_cost_full_proportional_sept29_low,flat,v4_medicare_part_a_accrual,2011,35.40586
net_cost_full_proportional_sept29_low,flat,v4_medicare_part_a_accrual,2012,35.913006
net_cost_full_proportional_sept29_low,flat,v4_medicare_part_a_accrual,2013,36.490644
net_cost_full_proportional_sept29_low,flat,v4_medicare_part_a_accrual,2014,37.265581
net_cost_full_proportional_sept29_low,flat,v4_medicare_part_a_accrual,2015,37.768322
net_cost_full_proportional_sept29_low,flat,v4_medicare_part_a_accrual,2016,38.25208
net_cost_full_proportional_sept29_low,flat,v4_medicare_part_a_accrual,2017,38.68722
net_cost_full_proportional_sept29_low,flat,v4_medicare_part_a_accrual,2018,39.02341
net_cost_full_proportional_sept29_low,flat,v4_medicare_part_a_accrual,2019,39.234106
net_cost_full_proportional_sept29_low,flat,v4_medicare_part_a_accrual,2020,39.260233
net_cost_full_proportional_sept29_low,flat,v4_medicare_part_a_accrual,2021,39.286359
net_cost_full_proportional_sept29_low,flat,v4_medicare_part_a_accrual,2022,39.475095
net_cost_full_proportional_sept29_low,flat,v4_medicare_part_a_accrual,2023,40.083582
net_cost_full_proportional_sept29_low,flat,v4_medicare_part_a_accrual,2024,41.137128
net_cost_full_proportional_sept29_low,flat,v4_medicare_cash,2005,-13.506224
net_cost_full_proportional_sept29_low,flat,v4_medicare_cash,2006,-14.291843
net_cost_full_proportional_sept29_low,flat,v4_medicare_cash,2007,-14.709224
net_cost_full_proportional_sept29_low,flat,v4_medicare_cash,2008,-15.501788
net_cost_full_proportional_sept29_low,flat,v4_medicare_cash,2009,-15.981549
net_cost_full_proportional_sept29_low,flat,v4_medicare_cash,2010,-16.606796
net_cost_full_proportional_sept29_low,flat,v4_medicare_cash,2011,-16.923624
net_cost_full_proportional_sept29_low,flat,v4_medicare_cash,2012,-17.166034
net_cost_full_proportional_sept29_low,flat,v4_medicare_cash,2013,-17.442139
net_cost_full_proportional_sept29_low,flat,v4_medicare_cash,2014,-17.812551
net_cost_full_proportional_sept29_low,flat,v4_medicare_cash,2015,-18.052855
net_cost_full_proportional_sept29_low,flat,v4_medicare_cash,2016,-18.284086
net_cost_full_proportional_sept29_low,flat,v4_medicare_cash,2017,-18.492079
net_cost_full_proportional_sept29_low,flat,v4_medicare_cash,2018,-18.652774
net_cost_full_proportional_sept29_low,flat,v4_medicare_cash,2019,-18.753485
net_cost_full_proportional_sept29_low,flat,v4_medicare_cash,2020,-18.765973
net_cost_full_proportional_sept29_low,flat,v4_medicare_cash,2021,-18.778461
net_cost_full_proportional_sept29_low,flat,v4_medicare_cash,2022,-18.868675
net_cost_full_proportional_sept29_low,flat,v4_medicare_cash,2023,-19.159525
net_cost_full_proportional_sept29_low,flat,v4_medicare_cash,2024,-19.663109
net_cost_full_proportional_sept29_low,flat,v4_workers_compensation,2005,-0.651334
net_cost_full_proportional_sept29_low,flat,v4_workers_compensation,2006,-0.68922
net_cost_full_proportional_sept29_low,flat,v4_workers_compensation,2007,-0.709348
net_cost_full_proportional_sept29_low,flat,v4_workers_compensation,2008,-0.747569
net_cost_full_proportional_sept29_low,flat,v4_workers_compensation,2009,-0.770706
net_cost_full_proportional_sept29_low,flat,v4_workers_compensation,2010,-0.800858
net_cost_full_proportional_sept29_low,flat,v4_workers_compensation,2011,-0.816137
net_cost_full_proportional_sept29_low,flat,v4_workers_compensation,2012,-0.827827
net_cost_full_proportional_sept29_low,flat,v4_workers_compensation,2013,-0.841142
net_cost_full_proportional_sept29_low,flat,v4_workers_compensation,2014,-0.859005
net_cost_full_proportional_sept29_low,flat,v4_workers_compensation,2015,-0.870594
net_cost_full_proportional_sept29_low,flat,v4_workers_compensation,2016,-0.881745
net_cost_full_proportional_sept29_low,flat,v4_workers_compensation,2017,-0.891775
net_cost_full_proportional_sept29_low,flat,v4_workers_compensation,2018,-0.899525
net_cost_full_proportional_sept29_low,flat,v4_workers_compensation,2019,-0.904381
net_cost_full_proportional_sept29_low,flat,v4_workers_compensation,2020,-0.904984
net_cost_full_proportional_sept29_low,flat,v4_workers_compensation,2021,-0.905586
net_cost_full_proportional_sept29_low,flat,v4_workers_compensation,2022,-0.909936
net_cost_full_proportional_sept29_low,flat,v4_workers_compensation,2023,-0.923963
net_cost_full_proportional_sept29_low,flat,v4_workers_compensation,2024,-0.948248
net_cost_full_proportional_sept29_low,flat,v4_housing_subsidies,2005,-0.271611
net_cost_full_proportional_sept29_low,flat,v4_housing_subsidies,2006,-0.287409
net_cost_full_proportional_sept29_low,flat,v4_housing_subsidies,2007,-0.295803
net_cost_full_proportional_sept29_low,flat,v4_housing_subsidies,2008,-0.311741
net_cost_full_proportional_sept29_low,flat,v4_housing_subsidies,2009,-0.321389
net_cost_full_proportional_sept29_low,flat,v4_housing_subsidies,2010,-0.333963
net_cost_full_proportional_sept29_low,flat,v4_housing_subsidies,2011,-0.340335
net_cost_full_proportional_sept29_low,flat,v4_housing_subsidies,2012,-0.345209
net_cost_full_proportional_sept29_low,flat,v4_housing_subsidies,2013,-0.350762
net_cost_full_proportional_sept29_low,flat,v4_housing_subsidies,2014,-0.358211
net_cost_full_proportional_sept29_low,flat,v4_housing_subsidies,2015,-0.363043
net_cost_full_proportional_sept29_low,flat,v4_housing_subsidies,2016,-0.367693
net_cost_full_proportional_sept29_low,flat,v4_housing_subsidies,2017,-0.371876
net_cost_full_proportional_sept29_low,flat,v4_housing_subsidies,2018,-0.375108
net_cost_full_proportional_sept29_low,flat,v4_housing_subsidies,2019,-0.377133
net_cost_full_proportional_sept29_low,flat,v4_housing_subsidies,2020,-0.377384
net_cost_full_proportional_sept29_low,flat,v4_housing_subsidies,2021,-0.377635
net_cost_full_proportional_sept29_low,flat,v4_housing_subsidies,2022,-0.37945
net_cost_full_proportional_sept29_low,flat,v4_housing_subsidies,2023,-0.385299
net_cost_full_proportional_sept29_low,flat,v4_housing_subsidies,2024,-0.395426
net_cost_full_proportional_sept29_low,flat,v4_roads_vmt_sl,2005,2.08185
net_cost_full_proportional_sept29_low,flat,v4_roads_vmt_sl,2006,2.202946
net_cost_full_proportional_sept29_low,flat,v4_roads_vmt_sl,2007,2.267281
net_cost_full_proportional_sept29_low,flat,v4_roads_vmt_sl,2008,2.389447
net_cost_full_proportional_sept29_low,flat,v4_roads_vmt_sl,2009,2.463397
net_cost_full_proportional_sept29_low,flat,v4_roads_vmt_sl,2010,2.559773
net_cost_full_proportional_sept29_low,flat,v4_roads_vmt_sl,2011,2.608609
net_cost_full_proportional_sept29_low,flat,v4_roads_vmt_sl,2012,2.645974
net_cost_full_proportional_sept29_low,flat,v4_roads_vmt_sl,2013,2.688533
net_cost_full_proportional_sept29_low,flat,v4_roads_vmt_sl,2014,2.745628
net_cost_full_proportional_sept29_low,flat,v4_roads_vmt_sl,2015,2.782668
net_cost_full_proportional_sept29_low,flat,v4_roads_vmt_sl,2016,2.81831
net_cost_full_proportional_sept29_low,flat,v4_roads_vmt_sl,2017,2.85037
net_cost_full_proportional_sept29_low,flat,v4_roads_vmt_sl,2018,2.87514
net_cost_full_proportional_sept29_low,flat,v4_roads_vmt_sl,2019,2.890664
net_cost_full_proportional_sept29_low,flat,v4_roads_vmt_sl,2020,2.892588
net_cost_full_proportional_sept29_low,flat,v4_roads_vmt_sl,2021,2.894513
net_cost_full_proportional_sept29_low,flat,v4_roads_vmt_sl,2022,2.908419
net_cost_full_proportional_sept29_low,flat,v4_roads_vmt_sl,2023,2.953251
net_cost_full_proportional_sept29_low,flat,v4_roads_vmt_sl,2024,3.030873
net_cost_full_proportional_sept29_low,flat,v4_roads_vmt_fed,2005,0.018923
net_cost_full_proportional_sept29_low,flat,v4_roads_vmt_fed,2006,0.020023
net_cost_full_proportional_sept29_low,flat,v4_roads_vmt_fed,2007,0.020608
net_cost_full_proportional_sept29_low,flat,v4_roads_vmt_fed,2008,0.021718
net_cost_full_proportional_sept29_low,flat,v4_roads_vmt_fed,2009,0.022391
net_cost_full_proportional_sept29_low,flat,v4_roads_vmt_fed,2010,0.023267
net_cost_full_proportional_sept29_low,flat,v4_roads_vmt_fed,2011,0.02371
net_cost_full_proportional_sept29_low,flat,v4_roads_vmt_fed,2012,0.02405
net_cost_full_proportional_sept29_low,flat,v4_roads_vmt_fed,2013,0.024437
net_cost_full_proportional_sept29_low,flat,v4_roads_vmt_fed,2014,0.024956
net_cost_full_proportional_sept29_low,flat,v4_roads_vmt_fed,2015,0.025293
net_cost_full_proportional_sept29_low,flat,v4_roads_vmt_fed,2016,0.025617
net_cost_full_proportional_sept29_low,flat,v4_roads_vmt_fed,2017,0.025908
net_cost_full_proportional_sept29_low,flat,v4_roads_vmt_fed,2018,0.026133
net_cost_full_proportional_sept29_low,flat,v4_roads_vmt_fed,2019,0.026274
net_cost_full_proportional_sept29_low,flat,v4_roads_vmt_fed,2020,0.026292
net_cost_full_proportional_sept29_low,flat,v4_roads_vmt_fed,2021,0.026309
net_cost_full_proportional_sept29_low,flat,v4_roads_vmt_fed,2022,0.026436
net_cost_full_proportional_sept29_low,flat,v4_roads_vmt_fed,2023,0.026843
net_cost_full_proportional_sept29_low,flat,v4_roads_vmt_fed,2024,0.027549
net_cost_full_proportional_sept29_low,flat,v4_state_price_public_order_safety,2005,4.404508
net_cost_full_proportional_sept29_low,flat,v4_state_price_public_order_safety,2006,4.660706
net_cost_full_proportional_sept29_low,flat,v4_state_price_public_order_safety,2007,4.796818
net_cost_full_proportional_sept29_low,flat,v4_state_price_public_order_safety,2008,5.055281
net_cost_full_proportional_sept29_low,flat,v4_state_price_public_order_safety,2009,5.211735
net_cost_full_proportional_sept29_low,flat,v4_state_price_public_order_safety,2010,5.415634
net_cost_full_proportional_sept29_low,flat,v4_state_price_public_order_safety,2011,5.518955
net_cost_full_proportional_sept29_low,flat,v4_state_price_public_order_safety,2012,5.598007
net_cost_full_proportional_sept29_low,flat,v4_state_price_public_order_safety,2013,5.688048
net_cost_full_proportional_sept29_low,flat,v4_state_price_public_order_safety,2014,5.808842
net_cost_full_proportional_sept29_low,flat,v4_state_price_public_order_safety,2015,5.887208
net_cost_full_proportional_sept29_low,flat,v4_state_price_public_order_safety,2016,5.962615
net_cost_full_proportional_sept29_low,flat,v4_state_price_public_order_safety,2017,6.030443
net_cost_full_proportional_sept29_low,flat,v4_state_price_public_order_safety,2018,6.082847
net_cost_full_proportional_sept29_low,flat,v4_state_price_public_order_safety,2019,6.11569
net_cost_full_proportional_sept29_low,flat,v4_state_price_public_order_safety,2020,6.119762
net_cost_full_proportional_sept29_low,flat,v4_state_price_public_order_safety,2021,6.123835
net_cost_full_proportional_sept29_low,flat,v4_state_price_public_order_safety,2022,6.153255
net_cost_full_proportional_sept29_low,flat,v4_state_price_public_order_safety,2023,6.248104
net_cost_full_proportional_sept29_low,flat,v4_state_price_public_order_safety,2024,6.412327
net_cost_full_proportional_sept29_low,flat,v4_state_price_health_services,2005,1.236134
net_cost_full_proportional_sept29_low,flat,v4_state_price_health_services,2006,1.308036
net_cost_full_proportional_sept29_low,flat,v4_state_price_health_services,2007,1.346236
net_cost_full_proportional_sept29_low,flat,v4_state_price_health_services,2008,1.418774
net_cost_full_proportional_sept29_low,flat,v4_state_price_health_services,2009,1.462683
net_cost_full_proportional_sept29_low,flat,v4_state_price_health_services,2010,1.519908
net_cost_full_proportional_sept29_low,flat,v4_state_price_health_services,2011,1.548905
net_cost_full_proportional_sept29_low,flat,v4_state_price_health_services,2012,1.571091
net_cost_full_proportional_sept29_low,flat,v4_state_price_health_services,2013,1.596361
net_cost_full_proportional_sept29_low,flat,v4_state_price_health_services,2014,1.630263
net_cost_full_proportional_sept29_low,flat,v4_state_price_health_services,2015,1.652256
net_cost_full_proportional_sept29_low,flat,v4_state_price_health_services,2016,1.673419
net_cost_full_proportional_sept29_low,flat,v4_state_price_health_services,2017,1.692455
net_cost_full_proportional_sept29_low,flat,v4_state_price_health_services,2018,1.707162
net_cost_full_proportional_sept29_low,flat,v4_state_price_health_services,2019,1.71638
net_cost_full_proportional_sept29_low,flat,v4_state_price_health_services,2020,1.717523
net_cost_full_proportional_sept29_low,flat,v4_state_price_health_services,2021,1.718666
net_cost_full_proportional_sept29_low,flat,v4_state_price_health_services,2022,1.726922
net_cost_full_proportional_sept29_low,flat,v4_state_price_health_services,2023,1.753542
net_cost_full_proportional_sept29_low,flat,v4_state_price_health_services,2024,1.799632
net_cost_full_proportional_sept29_low,flat,v4_state_price_recreation_culture,2005,0.293922
net_cost_full_proportional_sept29_low,flat,v4_state_price_recreation_culture,2006,0.311019
net_cost_full_proportional_sept29_low,flat,v4_state_price_recreation_culture,2007,0.320102
net_cost_full_proportional_sept29_low,flat,v4_state_price_recreation_culture,2008,0.33735
net_cost_full_proportional_sept29_low,flat,v4_state_price_recreation_culture,2009,0.34779
net_cost_full_proportional_sept29_low,flat,v4_state_price_recreation_culture,2010,0.361397
net_cost_full_proportional_sept29_low,flat,v4_state_price_recreation_culture,2011,0.368292
net_cost_full_proportional_sept29_low,flat,v4_state_price_recreation_culture,2012,0.373567
net_cost_full_proportional_sept29_low,flat,v4_state_price_recreation_culture,2013,0.379575
net_cost_full_proportional_sept29_low,flat,v4_state_price_recreation_culture,2014,0.387636
net_cost_full_proportional_sept29_low,flat,v4_state_price_recreation_culture,2015,0.392866
net_cost_full_proportional_sept29_low,flat,v4_state_price_recreation_culture,2016,0.397898
net_cost_full_proportional_sept29_low,flat,v4_state_price_recreation_culture,2017,0.402424
net_cost_full_proportional_sept29_low,flat,v4_state_price_recreation_culture,2018,0.405921
net_cost_full_proportional_sept29_low,flat,v4_state_price_recreation_culture,2019,0.408113
net_cost_full_proportional_sept29_low,flat,v4_state_price_recreation_culture,2020,0.408385
net_cost_full_proportional_sept29_low,flat,v4_state_price_recreation_culture,2021,0.408656
net_cost_full_proportional_sept29_low,flat,v4_state_price_recreation_culture,2022,0.41062
net_cost_full_proportional_sept29_low,flat,v4_state_price_recreation_culture,2023,0.416949
net_cost_full_proportional_sept29_low,flat,v4_state_price_recreation_culture,2024,0.427908
net_cost_full_proportional_sept29_low,flat,v4_production_private,2005,0.315387
net_cost_full_proportional_sept29_low,flat,v4_production_private,2006,0.333732
net_cost_full_proportional_sept29_low,flat,v4_production_private,2007,0.343478
net_cost_full_proportional_sept29_low,flat,v4_production_private,2008,0.361985
net_cost_full_proportional_sept29_low,flat,v4_production_private,2009,0.373188
net_cost_full_proportional_sept29_low,flat,v4_production_private,2010,0.387789
net_cost_full_proportional_sept29_low,flat,v4_production_private,2011,0.395187
net_cost_full_proportional_sept29_low,flat,v4_production_private,2012,0.400848
net_cost_full_proportional_sept29_low,flat,v4_production_private,2013,0.407295
net_cost_full_proportional_sept29_low,flat,v4_production_private,2014,0.415945
net_cost_full_proportional_sept29_low,flat,v4_production_private,2015,0.421556
net_cost_full_proportional_sept29_low,flat,v4_production_private,2016,0.426955
net_cost_full_proportional_sept29_low,flat,v4_production_private,2017,0.431812
net_cost_full_proportional_sept29_low,flat,v4_production_private,2018,0.435565
net_cost_full_proportional_sept29_low,flat,v4_production_private,2019,0.437916
net_cost_full_proportional_sept29_low,flat,v4_production_private,2020,0.438208
net_cost_full_proportional_sept29_low,flat,v4_production_private,2021,0.4385
net_cost_full_proportional_sept29_low,flat,v4_production_private,2022,0.440606
net_cost_full_proportional_sept29_low,flat,v4_production_private,2023,0.447398
net_cost_full_proportional_sept29_low,flat,v4_production_private,2024,0.459157
net_cost_full_proportional_sept29_low,flat,v4_production_receipts,2005,0.812967
net_cost_full_proportional_sept29_low,flat,v4_production_receipts,2006,0.860255
net_cost_full_proportional_sept29_low,flat,v4_production_receipts,2007,0.885378
net_cost_full_proportional_sept29_low,flat,v4_production_receipts,2008,0.933084
net_cost_full_proportional_sept29_low,flat,v4_production_receipts,2009,0.961962
net_cost_full_proportional_sept29_low,flat,v4_production_receipts,2010,0.999597
net_cost_full_proportional_sept29_low,flat,v4_production_receipts,2011,1.018667
net_cost_full_proportional_sept29_low,flat,v4_production_receipts,2012,1.033258
net_cost_full_proportional_sept29_low,flat,v4_production_receipts,2013,1.049878
net_cost_full_proportional_sept29_low,flat,v4_production_receipts,2014,1.072173
net_cost_full_proportional_sept29_low,flat,v4_production_receipts,2015,1.086638
net_cost_full_proportional_sept29_low,flat,v4_production_receipts,2016,1.100556
net_cost_full_proportional_sept29_low,flat,v4_production_receipts,2017,1.113076
net_cost_full_proportional_sept29_low,flat,v4_production_receipts,2018,1.122748
net_cost_full_proportional_sept29_low,flat,v4_production_receipts,2019,1.12881
net_cost_full_proportional_sept29_low,flat,v4_production_receipts,2020,1.129562
net_cost_full_proportional_sept29_low,flat,v4_production_receipts,2021,1.130313
net_cost_full_proportional_sept29_low,flat,v4_production_receipts,2022,1.135744
net_cost_full_proportional_sept29_low,flat,v4_production_receipts,2023,1.15325
net_cost_full_proportional_sept29_low,flat,v4_production_receipts,2024,1.183562
net_cost_full_proportional_sept29_low,flat,capital_core,2005,10.986154
net_cost_full_proportional_sept29_low,flat,capital_core,2006,11.625188
net_cost_full_proportional_sept29_low,flat,capital_core,2007,11.964691
net_cost_full_proportional_sept29_low,flat,capital_core,2008,12.609374
net_cost_full_proportional_sept29_low,flat,capital_core,2009,12.999618
net_cost_full_proportional_sept29_low,flat,capital_core,2010,13.508203
net_cost_full_proportional_sept29_low,flat,capital_core,2011,13.765915
net_cost_full_proportional_sept29_low,flat,capital_core,2012,13.963095
net_cost_full_proportional_sept29_low,flat,capital_core,2013,14.187683
net_cost_full_proportional_sept29_low,flat,capital_core,2014,14.488981
net_cost_full_proportional_sept29_low,flat,capital_core,2015,14.684448
net_cost_full_proportional_sept29_low,flat,capital_core,2016,14.872535
net_cost_full_proportional_sept29_low,flat,capital_core,2017,15.041719
net_cost_full_proportional_sept29_low,flat,capital_core,2018,15.17243
net_cost_full_proportional_sept29_low,flat,capital_core,2019,15.25435
net_cost_full_proportional_sept29_low,flat,capital_core,2020,15.264508
net_cost_full_proportional_sept29_low,flat,capital_core,2021,15.274666
net_cost_full_proportional_sept29_low,flat,capital_core,2022,15.348047
net_cost_full_proportional_sept29_low,flat,capital_core,2023,15.584629
net_cost_full_proportional_sept29_low,flat,capital_core,2024,15.994251
net_cost_full_proportional_sept29_low,flat,capital_block,2005,6.632035
net_cost_full_proportional_sept29_low,flat,capital_block,2006,7.017802
net_cost_full_proportional_sept29_low,flat,capital_block,2007,7.222751
net_cost_full_proportional_sept29_low,flat,capital_block,2008,7.611928
net_cost_full_proportional_sept29_low,flat,capital_block,2009,7.847507
net_cost_full_proportional_sept29_low,flat,capital_block,2010,8.154526
net_cost_full_proportional_sept29_low,flat,capital_block,2011,8.310099
net_cost_full_proportional_sept29_low,flat,capital_block,2012,8.429131
net_cost_full_proportional_sept29_low,flat,capital_block,2013,8.564709
net_cost_full_proportional_sept29_low,flat,capital_block,2014,8.746594
net_cost_full_proportional_sept29_low,flat,capital_block,2015,8.864592
net_cost_full_proportional_sept29_low,flat,capital_block,2016,8.978135
net_cost_full_proportional_sept29_low,flat,capital_block,2017,9.080266
net_cost_full_proportional_sept29_low,flat,capital_block,2018,9.159173
net_cost_full_proportional_sept29_low,flat,capital_block,2019,9.208626
net_cost_full_proportional_sept29_low,flat,capital_block,2020,9.214758
net_cost_full_proportional_sept29_low,flat,capital_block,2021,9.22089
net_cost_full_proportional_sept29_low,flat,capital_block,2022,9.265188
net_cost_full_proportional_sept29_low,flat,capital_block,2023,9.408006
net_cost_full_proportional_sept29_low,flat,capital_block,2024,9.655284
net_cost_full_proportional_sept29_low,flat,capital_enterprise,2005,7.742418
net_cost_full_proportional_sept29_low,flat,capital_enterprise,2006,8.192773
net_cost_full_proportional_sept29_low,flat,capital_enterprise,2007,8.432036
net_cost_full_proportional_sept29_low,flat,capital_enterprise,2008,8.886371
net_cost_full_proportional_sept29_low,flat,capital_enterprise,2009,9.161393
net_cost_full_proportional_sept29_low,flat,capital_enterprise,2010,9.519815
net_cost_full_proportional_sept29_low,flat,capital_enterprise,2011,9.701436
net_cost_full_proportional_sept29_low,flat,capital_enterprise,2012,9.840397
net_cost_full_proportional_sept29_low,flat,capital_enterprise,2013,9.998674
net_cost_full_proportional_sept29_low,flat,capital_enterprise,2014,10.211012
net_cost_full_proportional_sept29_low,flat,capital_enterprise,2015,10.348766
net_cost_full_proportional_sept29_low,flat,capital_enterprise,2016,10.481319
net_cost_full_proportional_sept29_low,flat,capital_enterprise,2017,10.60055
net_cost_full_proportional_sept29_low,flat,capital_enterprise,2018,10.692668
net_cost_full_proportional_sept29_low,flat,capital_enterprise,2019,10.7504
net_cost_full_proportional_sept29_low,flat,capital_enterprise,2020,10.757559
net_cost_full_proportional_sept29_low,flat,capital_enterprise,2021,10.764718
net_cost_full_proportional_sept29_low,flat,capital_enterprise,2022,10.816433
net_cost_full_proportional_sept29_low,flat,capital_enterprise,2023,10.983162
net_cost_full_proportional_sept29_low,flat,capital_enterprise,2024,11.271841
net_cost_full_proportional_sept29_low,ratio,base,2005,115.709536
net_cost_full_proportional_sept29_low,ratio,base,2006,116.113094
net_cost_full_proportional_sept29_low,ratio,base,2007,127.38477
net_cost_full_proportional_sept29_low,ratio,base,2008,173.866822
net_cost_full_proportional_sept29_low,ratio,base,2009,241.374487
net_cost_full_proportional_sept29_low,ratio,base,2010,255.29438
net_cost_full_proportional_sept29_low,ratio,base,2011,245.500369
net_cost_full_proportional_sept29_low,ratio,base,2012,231.183056
net_cost_full_proportional_sept29_low,ratio,base,2013,195.177559
net_cost_full_proportional_sept29_low,ratio,base,2014,192.51152
net_cost_full_proportional_sept29_low,ratio,base,2015,191.160701
net_cost_full_proportional_sept29_low,ratio,base,2016,204.549524
net_cost_full_proportional_sept29_low,ratio,base,2017,209.615845
net_cost_full_proportional_sept29_low,ratio,base,2018,223.122945
net_cost_full_proportional_sept29_low,ratio,base,2019,237.871505
net_cost_full_proportional_sept29_low,ratio,base,2020,396.07109
net_cost_full_proportional_sept29_low,ratio,base,2021,363.088078
net_cost_full_proportional_sept29_low,ratio,base,2022,218.383506
net_cost_full_proportional_sept29_low,ratio,base,2023,278.30072
net_cost_full_proportional_sept29_low,ratio,base,2024,301.285286
net_cost_full_proportional_sept29_low,ratio,long_run_economic_affairs_services,2005,0.0
net_cost_full_proportional_sept29_low,ratio,long_run_economic_affairs_services,2006,0.0
net_cost_full_proportional_sept29_low,ratio,long_run_economic_affairs_services,2007,0.0
net_cost_full_proportional_sept29_low,ratio,long_run_economic_affairs_services,2008,0.0
net_cost_full_proportional_sept29_low,ratio,long_run_economic_affairs_services,2009,0.0
net_cost_full_proportional_sept29_low,ratio,long_run_economic_affairs_services,2010,0.0
net_cost_full_proportional_sept29_low,ratio,long_run_economic_affairs_services,2011,0.0
net_cost_full_proportional_sept29_low,ratio,long_run_economic_affairs_services,2012,0.0
net_cost_full_proportional_sept29_low,ratio,long_run_economic_affairs_services,2013,0.0
net_cost_full_proportional_sept29_low,ratio,long_run_economic_affairs_services,2014,0.0
net_cost_full_proportional_sept29_low,ratio,long_run_economic_affairs_services,2015,0.0
net_cost_full_proportional_sept29_low,ratio,long_run_economic_affairs_services,2016,0.0
net_cost_full_proportional_sept29_low,ratio,long_run_economic_affairs_services,2017,0.0
net_cost_full_proportional_sept29_low,ratio,long_run_economic_affairs_services,2018,0.0
net_cost_full_proportional_sept29_low,ratio,long_run_economic_affairs_services,2019,0.0
net_cost_full_proportional_sept29_low,ratio,long_run_economic_affairs_services,2020,0.0
net_cost_full_proportional_sept29_low,ratio,long_run_economic_affairs_services,2021,0.0
net_cost_full_proportional_sept29_low,ratio,long_run_economic_affairs_services,2022,0.0
net_cost_full_proportional_sept29_low,ratio,long_run_economic_affairs_services,2023,0.0
net_cost_full_proportional_sept29_low,ratio,long_run_economic_affairs_services,2024,0.0
net_cost_full_proportional_sept29_low,ratio,long_run_recreation_culture,2005,0.0
net_cost_full_proportional_sept29_low,ratio,long_run_recreation_culture,2006,0.0
net_cost_full_proportional_sept29_low,ratio,long_run_recreation_culture,2007,0.0
net_cost_full_proportional_sept29_low,ratio,long_run_recreation_culture,2008,0.0
net_cost_full_proportional_sept29_low,ratio,long_run_recreation_culture,2009,0.0
net_cost_full_proportional_sept29_low,ratio,long_run_recreation_culture,2010,0.0
net_cost_full_proportional_sept29_low,ratio,long_run_recreation_culture,2011,0.0
net_cost_full_proportional_sept29_low,ratio,long_run_recreation_culture,2012,0.0
net_cost_full_proportional_sept29_low,ratio,long_run_recreation_culture,2013,0.0
net_cost_full_proportional_sept29_low,ratio,long_run_recreation_culture,2014,0.0
net_cost_full_proportional_sept29_low,ratio,long_run_recreation_culture,2015,0.0
net_cost_full_proportional_sept29_low,ratio,long_run_recreation_culture,2016,0.0
net_cost_full_proportional_sept29_low,ratio,long_run_recreation_culture,2017,0.0
net_cost_full_proportional_sept29_low,ratio,long_run_recreation_culture,2018,0.0
net_cost_full_proportional_sept29_low,ratio,long_run_recreation_culture,2019,0.0
net_cost_full_proportional_sept29_low,ratio,long_run_recreation_culture,2020,0.0
net_cost_full_proportional_sept29_low,ratio,long_run_recreation_culture,2021,0.0
net_cost_full_proportional_sept29_low,ratio,long_run_recreation_culture,2022,0.0
net_cost_full_proportional_sept29_low,ratio,long_run_recreation_culture,2023,0.0
net_cost_full_proportional_sept29_low,ratio,long_run_recreation_culture,2024,0.0
net_cost_full_proportional_sept29_low,ratio,rental_assistance,2005,2.524119
net_cost_full_proportional_sept29_low,ratio,rental_assistance,2006,2.655
net_cost_full_proportional_sept29_low,ratio,rental_assistance,2007,2.718717
net_cost_full_proportional_sept29_low,ratio,rental_assistance,2008,2.819105
net_cost_full_proportional_sept29_low,ratio,rental_assistance,2009,3.151353
net_cost_full_proportional_sept29_low,ratio,rental_assistance,2010,3.187315
net_cost_full_proportional_sept29_low,ratio,rental_assistance,2011,3.308314
net_cost_full_proportional_sept29_low,ratio,rental_assistance,2012,3.178466
net_cost_full_proportional_sept29_low,ratio,rental_assistance,2013,3.14514
net_cost_full_proportional_sept29_low,ratio,rental_assistance,2014,3.188178
net_cost_full_proportional_sept29_low,ratio,rental_assistance,2015,3.275448
net_cost_full_proportional_sept29_low,ratio,rental_assistance,2016,3.512629
net_cost_full_proportional_sept29_low,ratio,rental_assistance,2017,3.301851
net_cost_full_proportional_sept29_low,ratio,rental_assistance,2018,3.516221
net_cost_full_proportional_sept29_low,ratio,rental_assistance,2019,3.577785
net_cost_full_proportional_sept29_low,ratio,rental_assistance,2020,3.865451
net_cost_full_proportional_sept29_low,ratio,rental_assistance,2021,3.788167
net_cost_full_proportional_sept29_low,ratio,rental_assistance,2022,3.746339
net_cost_full_proportional_sept29_low,ratio,rental_assistance,2023,4.058563
net_cost_full_proportional_sept29_low,ratio,rental_assistance,2024,4.532066
net_cost_full_proportional_sept29_low,ratio,enterprise_surplus,2005,0.490534
net_cost_full_proportional_sept29_low,ratio,enterprise_surplus,2006,0.853953
net_cost_full_proportional_sept29_low,ratio,enterprise_surplus,2007,1.847371
net_cost_full_proportional_sept29_low,ratio,enterprise_surplus,2008,2.459287
net_cost_full_proportional_sept29_low,ratio,enterprise_surplus,2009,2.173422
net_cost_full_proportional_sept29_low,ratio,enterprise_surplus,2010,2.819135
net_cost_full_proportional_sept29_low,ratio,enterprise_surplus,2011,2.686704
net_cost_full_proportional_sept29_low,ratio,enterprise_surplus,2012,2.030378
net_cost_full_proportional_sept29_low,ratio,enterprise_surplus,2013,2.012881
net_cost_full_proportional_sept29_low,ratio,enterprise_surplus,2014,1.245274
net_cost_full_proportional_sept29_low,ratio,enterprise_surplus,2015,0.416792
net_cost_full_proportional_sept29_low,ratio,enterprise_surplus,2016,0.313938
net_cost_full_proportional_sept29_low,ratio,enterprise_surplus,2017,0.611643
net_cost_full_proportional_sept29_low,ratio,enterprise_surplus,2018,0.647385
net_cost_full_proportional_sept29_low,ratio,enterprise_surplus,2019,1.684152
net_cost_full_proportional_sept29_low,ratio,enterprise_surplus,2020,0.417716
net_cost_full_proportional_sept29_low,ratio,enterprise_surplus,2021,1.424219
net_cost_full_proportional_sept29_low,ratio,enterprise_surplus,2022,1.946247
net_cost_full_proportional_sept29_low,ratio,enterprise_surplus,2023,5.538794
net_cost_full_proportional_sept29_low,ratio,enterprise_surplus,2024,5.561143
net_cost_full_proportional_sept29_low,ratio,v4_federal_income_tax,2005,-0.385843
net_cost_full_proportional_sept29_low,ratio,v4_federal_income_tax,2006,-0.441987
net_cost_full_proportional_sept29_low,ratio,v4_federal_income_tax,2007,-0.486471
net_cost_full_proportional_sept29_low,ratio,v4_federal_income_tax,2008,-0.500726
net_cost_full_proportional_sept29_low,ratio,v4_federal_income_tax,2009,-0.374534
net_cost_full_proportional_sept29_low,ratio,v4_federal_income_tax,2010,-0.415178
net_cost_full_proportional_sept29_low,ratio,v4_federal_income_tax,2011,-0.492881
net_cost_full_proportional_sept29_low,ratio,v4_federal_income_tax,2012,-0.502352
net_cost_full_proportional_sept29_low,ratio,v4_federal_income_tax,2013,-0.556413
net_cost_full_proportional_sept29_low,ratio,v4_federal_income_tax,2014,-0.597039
net_cost_full_proportional_sept29_low,ratio,v4_federal_income_tax,2015,-0.649456
net_cost_full_proportional_sept29_low,ratio,v4_federal_income_tax,2016,-0.653054
net_cost_full_proportional_sept29_low,ratio,v4_federal_income_tax,2017,-0.671519
net_cost_full_proportional_sept29_low,ratio,v4_federal_income_tax,2018,-0.658776
net_cost_full_proportional_sept29_low,ratio,v4_federal_income_tax,2019,-0.683057
net_cost_full_proportional_sept29_low,ratio,v4_federal_income_tax,2020,-0.68747
net_cost_full_proportional_sept29_low,ratio,v4_federal_income_tax,2021,-0.802428
net_cost_full_proportional_sept29_low,ratio,v4_federal_income_tax,2022,-0.916666
net_cost_full_proportional_sept29_low,ratio,v4_federal_income_tax,2023,-0.778633
net_cost_full_proportional_sept29_low,ratio,v4_federal_income_tax,2024,-0.815133
net_cost_full_proportional_sept29_low,ratio,v4_state_local_income_tax,2005,-0.008813
net_cost_full_proportional_sept29_low,ratio,v4_state_local_income_tax,2006,-0.009866
net_cost_full_proportional_sept29_low,ratio,v4_state_local_income_tax,2007,-0.010509
net_cost_full_proportional_sept29_low,ratio,v4_state_local_income_tax,2008,-0.011122
net_cost_full_proportional_sept29_low,ratio,v4_state_local_income_tax,2009,-0.009619
net_cost_full_proportional_sept29_low,ratio,v4_state_local_income_tax,2010,-0.010052
net_cost_full_proportional_sept29_low,ratio,v4_state_local_income_tax,2011,-0.011018
net_cost_full_proportional_sept29_low,ratio,v4_state_local_income_tax,2012,-0.01159
net_cost_full_proportional_sept29_low,ratio,v4_state_local_income_tax,2013,-0.012627
net_cost_full_proportional_sept29_low,ratio,v4_state_local_income_tax,2014,-0.012804
net_cost_full_proportional_sept29_low,ratio,v4_state_local_income_tax,2015,-0.013671
net_cost_full_proportional_sept29_low,ratio,v4_state_local_income_tax,2016,-0.013661
net_cost_full_proportional_sept29_low,ratio,v4_state_local_income_tax,2017,-0.014339
net_cost_full_proportional_sept29_low,ratio,v4_state_local_income_tax,2018,-0.014818
net_cost_full_proportional_sept29_low,ratio,v4_state_local_income_tax,2019,-0.015854
net_cost_full_proportional_sept29_low,ratio,v4_state_local_income_tax,2020,-0.015872
net_cost_full_proportional_sept29_low,ratio,v4_state_local_income_tax,2021,-0.017018
net_cost_full_proportional_sept29_low,ratio,v4_state_local_income_tax,2022,-0.01797
net_cost_full_proportional_sept29_low,ratio,v4_state_local_income_tax,2023,-0.015051
net_cost_full_proportional_sept29_low,ratio,v4_state_local_income_tax,2024,-0.015631
net_cost_full_proportional_sept29_low,ratio,v4_personal_motor_vehicle,2005,-0.321385
net_cost_full_proportional_sept29_low,ratio,v4_personal_motor_vehicle,2006,-0.34074
net_cost_full_proportional_sept29_low,ratio,v4_personal_motor_vehicle,2007,-0.345015
net_cost_full_proportional_sept29_low,ratio,v4_personal_motor_vehicle,2008,-0.350309
net_cost_full_proportional_sept29_low,ratio,v4_personal_motor_vehicle,2009,-0.368949
net_cost_full_proportional_sept29_low,ratio,v4_personal_motor_vehicle,2010,-0.39702
net_cost_full_proportional_sept29_low,ratio,v4_personal_motor_vehicle,2011,-0.409108
net_cost_full_proportional_sept29_low,ratio,v4_personal_motor_vehicle,2012,-0.422622
net_cost_full_proportional_sept29_low,ratio,v4_personal_motor_vehicle,2013,-0.420916
net_cost_full_proportional_sept29_low,ratio,v4_personal_motor_vehicle,2014,-0.429531
net_cost_full_proportional_sept29_low,ratio,v4_personal_motor_vehicle,2015,-0.441639
net_cost_full_proportional_sept29_low,ratio,v4_personal_motor_vehicle,2016,-0.453413
net_cost_full_proportional_sept29_low,ratio,v4_personal_motor_vehicle,2017,-0.459297
net_cost_full_proportional_sept29_low,ratio,v4_personal_motor_vehicle,2018,-0.478381
net_cost_full_proportional_sept29_low,ratio,v4_personal_motor_vehicle,2019,-0.476409
net_cost_full_proportional_sept29_low,ratio,v4_personal_motor_vehicle,2020,-0.481465
net_cost_full_proportional_sept29_low,ratio,v4_personal_motor_vehicle,2021,-0.507392
net_cost_full_proportional_sept29_low,ratio,v4_personal_motor_vehicle,2022,-0.466255
net_cost_full_proportional_sept29_low,ratio,v4_personal_motor_vehicle,2023,-0.466277
net_cost_full_proportional_sept29_low,ratio,v4_personal_motor_vehicle,2024,-0.490665
net_cost_full_proportional_sept29_low,ratio,v4_personal_property_tax,2005,-0.767467
net_cost_full_proportional_sept29_low,ratio,v4_personal_property_tax,2006,-0.836178
net_cost_full_proportional_sept29_low,ratio,v4_personal_property_tax,2007,-0.867039
net_cost_full_proportional_sept29_low,ratio,v4_personal_property_tax,2008,-0.90142
net_cost_full_proportional_sept29_low,ratio,v4_personal_property_tax,2009,-0.97587
net_cost_full_proportional_sept29_low,ratio,v4_personal_property_tax,2010,-1.016382
net_cost_full_proportional_sept29_low,ratio,v4_personal_property_tax,2011,-0.977471
net_cost_full_proportional_sept29_low,ratio,v4_personal_property_tax,2012,-0.961808
net_cost_full_proportional_sept29_low,ratio,v4_personal_property_tax,2013,-0.989719
net_cost_full_proportional_sept29_low,ratio,v4_personal_property_tax,2014,-1.032259
net_cost_full_proportional_sept29_low,ratio,v4_personal_property_tax,2015,-1.080006
net_cost_full_proportional_sept29_low,ratio,v4_personal_property_tax,2016,-1.120791
net_cost_full_proportional_sept29_low,ratio,v4_personal_property_tax,2017,-1.153543
net_cost_full_proportional_sept29_low,ratio,v4_personal_property_tax,2018,-1.186945
net_cost_full_proportional_sept29_low,ratio,v4_personal_property_tax,2019,-1.225157
net_cost_full_proportional_sept29_low,ratio,v4_personal_property_tax,2020,-1.251459
net_cost_full_proportional_sept29_low,ratio,v4_personal_property_tax,2021,-1.259608
net_cost_full_proportional_sept29_low,ratio,v4_personal_property_tax,2022,-1.245613
net_cost_full_proportional_sept29_low,ratio,v4_personal_property_tax,2023,-1.252359
net_cost_full_proportional_sept29_low,ratio,v4_personal_property_tax,2024,-1.325841
net_cost_full_proportional_sept29_low,ratio,v4_other_personal_tax,2005,-0.000208
net_cost_full_proportional_sept29_low,ratio,v4_other_personal_tax,2006,-0.000201
net_cost_full_proportional_sept29_low,ratio,v4_other_personal_tax,2007,-0.000192
net_cost_full_proportional_sept29_low,ratio,v4_other_personal_tax,2008,-0.000179
net_cost_full_proportional_sept29_low,ratio,v4_other_personal_tax,2009,-0.000148
net_cost_full_proportional_sept29_low,ratio,v4_other_personal_tax,2010,-0.000162
net_cost_full_proportional_sept29_low,ratio,v4_other_personal_tax,2011,-0.000166
net_cost_full_proportional_sept29_low,ratio,v4_other_personal_tax,2012,-0.000182
net_cost_full_proportional_sept29_low,ratio,v4_other_personal_tax,2013,-0.000191
net_cost_full_proportional_sept29_low,ratio,v4_other_personal_tax,2014,-0.000197
net_cost_full_proportional_sept29_low,ratio,v4_other_personal_tax,2015,-0.000208
net_cost_full_proportional_sept29_low,ratio,v4_other_personal_tax,2016,-0.000211
net_cost_full_proportional_sept29_low,ratio,v4_other_personal_tax,2017,-0.00021
net_cost_full_proportional_sept29_low,ratio,v4_other_personal_tax,2018,-0.00023
net_cost_full_proportional_sept29_low,ratio,v4_other_personal_tax,2019,-0.000228
net_cost_full_proportional_sept29_low,ratio,v4_other_personal_tax,2020,-0.000241
net_cost_full_proportional_sept29_low,ratio,v4_other_personal_tax,2021,-0.000324
net_cost_full_proportional_sept29_low,ratio,v4_other_personal_tax,2022,-0.000243
net_cost_full_proportional_sept29_low,ratio,v4_other_personal_tax,2023,-0.000233
net_cost_full_proportional_sept29_low,ratio,v4_other_personal_tax,2024,-0.000283
net_cost_full_proportional_sept29_low,ratio,v4_employee_oasdi,2005,-0.013871
net_cost_full_proportional_sept29_low,ratio,v4_employee_oasdi,2006,-0.014938
net_cost_full_proportional_sept29_low,ratio,v4_employee_oasdi,2007,-0.015527
net_cost_full_proportional_sept29_low,ratio,v4_employee_oasdi,2008,-0.016431
net_cost_full_proportional_sept29_low,ratio,v4_employee_oasdi,2009,-0.016172
net_cost_full_proportional_sept29_low,ratio,v4_employee_oasdi,2010,-0.016631
net_cost_full_proportional_sept29_low,ratio,v4_employee_oasdi,2011,-0.011457
net_cost_full_proportional_sept29_low,ratio,v4_employee_oasdi,2012,-0.011764
net_cost_full_proportional_sept29_low,ratio,v4_employee_oasdi,2013,-0.01791
net_cost_full_proportional_sept29_low,ratio,v4_employee_oasdi,2014,-0.018659
net_cost_full_proportional_sept29_low,ratio,v4_employee_oasdi,2015,-0.019497
net_cost_full_proportional_sept29_low,ratio,v4_employee_oasdi,2016,-0.019986
net_cost_full_proportional_sept29_low,ratio,v4_employee_oasdi,2017,-0.02076
net_cost_full_proportional_sept29_low,ratio,v4_employee_oasdi,2018,-0.021329
net_cost_full_proportional_sept29_low,ratio,v4_employee_oasdi,2019,-0.022023
net_cost_full_proportional_sept29_low,ratio,v4_employee_oasdi,2020,-0.021831
net_cost_full_proportional_sept29_low,ratio,v4_employee_oasdi,2021,-0.022501
net_cost_full_proportional_sept29_low,ratio,v4_employee_oasdi,2022,-0.022994
net_cost_full_proportional_sept29_low,ratio,v4_employee_oasdi,2023,-0.023877
net_cost_full_proportional_sept29_low,ratio,v4_employee_oasdi,2024,-0.025397
net_cost_full_proportional_sept29_low,ratio,v4_employee_hi,2005,-0.006771
net_cost_full_proportional_sept29_low,ratio,v4_employee_hi,2006,-0.007328
net_cost_full_proportional_sept29_low,ratio,v4_employee_hi,2007,-0.007687
net_cost_full_proportional_sept29_low,ratio,v4_employee_hi,2008,-0.008037
net_cost_full_proportional_sept29_low,ratio,v4_employee_hi,2009,-0.007794
net_cost_full_proportional_sept29_low,ratio,v4_employee_hi,2010,-0.008132
net_cost_full_proportional_sept29_low,ratio,v4_employee_hi,2011,-0.008374
net_cost_full_proportional_sept29_low,ratio,v4_employee_hi,2012,-0.008643
net_cost_full_proportional_sept29_low,ratio,v4_employee_hi,2013,-0.009312
net_cost_full_proportional_sept29_low,ratio,v4_employee_hi,2014,-0.009758
net_cost_full_proportional_sept29_low,ratio,v4_employee_hi,2015,-0.010236
net_cost_full_proportional_sept29_low,ratio,v4_employee_hi,2016,-0.010453
net_cost_full_proportional_sept29_low,ratio,v4_employee_hi,2017,-0.010868
net_cost_full_proportional_sept29_low,ratio,v4_employee_hi,2018,-0.011204
net_cost_full_proportional_sept29_low,ratio,v4_employee_hi,2019,-0.011574
net_cost_full_proportional_sept29_low,ratio,v4_employee_hi,2020,-0.011652
net_cost_full_proportional_sept29_low,ratio,v4_employee_hi,2021,-0.01229
net_cost_full_proportional_sept29_low,ratio,v4_employee_hi,2022,-0.012309
net_cost_full_proportional_sept29_low,ratio,v4_employee_hi,2023,-0.012644
net_cost_full_proportional_sept29_low,ratio,v4_employee_hi,2024,-0.013496
net_cost_full_proportional_sept29_low,ratio,v4_self_employment_oasdi_hi,2005,0.485696
net_cost_full_proportional_sept29_low,ratio,v4_self_employment_oasdi_hi,2006,0.52633
net_cost_full_proportional_sept29_low,ratio,v4_self_employment_oasdi_hi,2007,0.546806
net_cost_full_proportional_sept29_low,ratio,v4_self_employment_oasdi_hi,2008,0.567105
net_cost_full_proportional_sept29_low,ratio,v4_self_employment_oasdi_hi,2009,0.570108
net_cost_full_proportional_sept29_low,ratio,v4_self_employment_oasdi_hi,2010,0.573172
net_cost_full_proportional_sept29_low,ratio,v4_self_employment_oasdi_hi,2011,0.538186
net_cost_full_proportional_sept29_low,ratio,v4_self_employment_oasdi_hi,2012,0.536528
net_cost_full_proportional_sept29_low,ratio,v4_self_employment_oasdi_hi,2013,0.612267
net_cost_full_proportional_sept29_low,ratio,v4_self_employment_oasdi_hi,2014,0.661117
net_cost_full_proportional_sept29_low,ratio,v4_self_employment_oasdi_hi,2015,0.688074
net_cost_full_proportional_sept29_low,ratio,v4_self_employment_oasdi_hi,2016,0.694632
net_cost_full_proportional_sept29_low,ratio,v4_self_employment_oasdi_hi,2017,0.700755
net_cost_full_proportional_sept29_low,ratio,v4_self_employment_oasdi_hi,2018,0.719818
net_cost_full_proportional_sept29_low,ratio,v4_self_employment_oasdi_hi,2019,0.736004
net_cost_full_proportional_sept29_low,ratio,v4_self_employment_oasdi_hi,2020,0.73668
net_cost_full_proportional_sept29_low,ratio,v4_self_employment_oasdi_hi,2021,0.726859
net_cost_full_proportional_sept29_low,ratio,v4_self_employment_oasdi_hi,2022,0.771385
net_cost_full_proportional_sept29_low,ratio,v4_self_employment_oasdi_hi,2023,0.765896
net_cost_full_proportional_sept29_low,ratio,v4_self_employment_oasdi_hi,2024,0.783375
net_cost_full_proportional_sept29_low,ratio,v4_employer_oasdi,2005,-0.01398
net_cost_full_proportional_sept29_low,ratio,v4_employer_oasdi,2006,-0.015051
net_cost_full_proportional_sept29_low,ratio,v4_employer_oasdi,2007,-0.01564
net_cost_full_proportional_sept29_low,ratio,v4_employer_oasdi,2008,-0.01656
net_cost_full_proportional_sept29_low,ratio,v4_employer_oasdi,2009,-0.016305
net_cost_full_proportional_sept29_low,ratio,v4_employer_oasdi,2010,-0.016596
net_cost_full_proportional_sept29_low,ratio,v4_employer_oasdi,2011,-0.017078
net_cost_full_proportional_sept29_low,ratio,v4_employer_oasdi,2012,-0.017545
net_cost_full_proportional_sept29_low,ratio,v4_employer_oasdi,2013,-0.018038
net_cost_full_proportional_sept29_low,ratio,v4_employer_oasdi,2014,-0.018791
net_cost_full_proportional_sept29_low,ratio,v4_employer_oasdi,2015,-0.019643
net_cost_full_proportional_sept29_low,ratio,v4_employer_oasdi,2016,-0.02015
net_cost_full_proportional_sept29_low,ratio,v4_employer_oasdi,2017,-0.020928
net_cost_full_proportional_sept29_low,ratio,v4_employer_oasdi,2018,-0.021491
net_cost_full_proportional_sept29_low,ratio,v4_employer_oasdi,2019,-0.022201
net_cost_full_proportional_sept29_low,ratio,v4_employer_oasdi,2020,-0.022018
net_cost_full_proportional_sept29_low,ratio,v4_employer_oasdi,2021,-0.022673
net_cost_full_proportional_sept29_low,ratio,v4_employer_oasdi,2022,-0.023218
net_cost_full_proportional_sept29_low,ratio,v4_employer_oasdi,2023,-0.024142
net_cost_full_proportional_sept29_low,ratio,v4_employer_oasdi,2024,-0.025616
net_cost_full_proportional_sept29_low,ratio,v4_employer_hi,2005,-0.00657
net_cost_full_proportional_sept29_low,ratio,v4_employer_hi,2006,-0.007104
net_cost_full_proportional_sept29_low,ratio,v4_employer_hi,2007,-0.007448
net_cost_full_proportional_sept29_low,ratio,v4_employer_hi,2008,-0.007785
net_cost_full_proportional_sept29_low,ratio,v4_employer_hi,2009,-0.00754
net_cost_full_proportional_sept29_low,ratio,v4_employer_hi,2010,-0.007838
net_cost_full_proportional_sept29_low,ratio,v4_employer_hi,2011,-0.008086
net_cost_full_proportional_sept29_low,ratio,v4_employer_hi,2012,-0.008343
net_cost_full_proportional_sept29_low,ratio,v4_employer_hi,2013,-0.008481
net_cost_full_proportional_sept29_low,ratio,v4_employer_hi,2014,-0.008877
net_cost_full_proportional_sept29_low,ratio,v4_employer_hi,2015,-0.009301
net_cost_full_proportional_sept29_low,ratio,v4_employer_hi,2016,-0.009521
net_cost_full_proportional_sept29_low,ratio,v4_employer_hi,2017,-0.009841
net_cost_full_proportional_sept29_low,ratio,v4_employer_hi,2018,-0.010132
net_cost_full_proportional_sept29_low,ratio,v4_employer_hi,2019,-0.010444
net_cost_full_proportional_sept29_low,ratio,v4_employer_hi,2020,-0.010459
net_cost_full_proportional_sept29_low,ratio,v4_employer_hi,2021,-0.01094
net_cost_full_proportional_sept29_low,ratio,v4_employer_hi,2022,-0.011002
net_cost_full_proportional_sept29_low,ratio,v4_employer_hi,2023,-0.011303
net_cost_full_proportional_sept29_low,ratio,v4_employer_hi,2024,-0.012005
net_cost_full_proportional_sept29_low,ratio,v4_other_domestic_social_contributions,2005,-0.024666
net_cost_full_proportional_sept29_low,ratio,v4_other_domestic_social_contributions,2006,-0.024147
net_cost_full_proportional_sept29_low,ratio,v4_other_domestic_social_contributions,2007,-0.022449
net_cost_full_proportional_sept29_low,ratio,v4_other_domestic_social_contributions,2008,-0.02252
net_cost_full_proportional_sept29_low,ratio,v4_other_domestic_social_contributions,2009,-0.023413
net_cost_full_proportional_sept29_low,ratio,v4_other_domestic_social_contributions,2010,-0.026964
net_cost_full_proportional_sept29_low,ratio,v4_other_domestic_social_contributions,2011,-0.02936
net_cost_full_proportional_sept29_low,ratio,v4_other_domestic_social_contributions,2012,-0.030081
net_cost_full_proportional_sept29_low,ratio,v4_other_domestic_social_contributions,2013,-0.029521
net_cost_full_proportional_sept29_low,ratio,v4_other_domestic_social_contributions,2014,-0.029302
net_cost_full_proportional_sept29_low,ratio,v4_other_domestic_social_contributions,2015,-0.029096
net_cost_full_proportional_sept29_low,ratio,v4_other_domestic_social_contributions,2016,-0.028088
net_cost_full_proportional_sept29_low,ratio,v4_other_domestic_social_contributions,2017,-0.027188
net_cost_full_proportional_sept29_low,ratio,v4_other_domestic_social_contributions,2018,-0.025439
net_cost_full_proportional_sept29_low,ratio,v4_other_domestic_social_contributions,2019,-0.024758
net_cost_full_proportional_sept29_low,ratio,v4_other_domestic_social_contributions,2020,-0.02481
net_cost_full_proportional_sept29_low,ratio,v4_other_domestic_social_contributions,2021,-0.024436
net_cost_full_proportional_sept29_low,ratio,v4_other_domestic_social_contributions,2022,-0.022874
net_cost_full_proportional_sept29_low,ratio,v4_other_domestic_social_contributions,2023,-0.022489
net_cost_full_proportional_sept29_low,ratio,v4_other_domestic_social_contributions,2024,-0.023655
net_cost_full_proportional_sept29_low,ratio,v4_general_sales_tax,2005,-3.277797
net_cost_full_proportional_sept29_low,ratio,v4_general_sales_tax,2006,-3.591555
net_cost_full_proportional_sept29_low,ratio,v4_general_sales_tax,2007,-3.655248
net_cost_full_proportional_sept29_low,ratio,v4_general_sales_tax,2008,-3.740647
net_cost_full_proportional_sept29_low,ratio,v4_general_sales_tax,2009,-3.527219
net_cost_full_proportional_sept29_low,ratio,v4_general_sales_tax,2010,-3.790496
net_cost_full_proportional_sept29_low,ratio,v4_general_sales_tax,2011,-3.960723
net_cost_full_proportional_sept29_low,ratio,v4_general_sales_tax,2012,-4.077892
net_cost_full_proportional_sept29_low,ratio,v4_general_sales_tax,2013,-4.280423
net_cost_full_proportional_sept29_low,ratio,v4_general_sales_tax,2014,-4.487004
net_cost_full_proportional_sept29_low,ratio,v4_general_sales_tax,2015,-4.616984
net_cost_full_proportional_sept29_low,ratio,v4_general_sales_tax,2016,-4.731162
net_cost_full_proportional_sept29_low,ratio,v4_general_sales_tax,2017,-4.923051
net_cost_full_proportional_sept29_low,ratio,v4_general_sales_tax,2018,-5.079845
net_cost_full_proportional_sept29_low,ratio,v4_general_sales_tax,2019,-5.254397
net_cost_full_proportional_sept29_low,ratio,v4_general_sales_tax,2020,-5.126532
net_cost_full_proportional_sept29_low,ratio,v4_general_sales_tax,2021,-5.750493
net_cost_full_proportional_sept29_low,ratio,v4_general_sales_tax,2022,-5.966895
net_cost_full_proportional_sept29_low,ratio,v4_general_sales_tax,2023,-5.880359
net_cost_full_proportional_sept29_low,ratio,v4_general_sales_tax,2024,-5.964449
net_cost_full_proportional_sept29_low,ratio,v4_modeled_owner_property,2005,-10.797661
net_cost_full_proportional_sept29_low,ratio,v4_modeled_owner_property,2006,-11.726867
net_cost_full_proportional_sept29_low,ratio,v4_modeled_owner_property,2007,-12.523815
net_cost_full_proportional_sept29_low,ratio,v4_modeled_owner_property,2008,-13.208914
net_cost_full_proportional_sept29_low,ratio,v4_modeled_owner_property,2009,-14.187624
net_cost_full_proportional_sept29_low,ratio,v4_modeled_owner_property,2010,-14.410243
net_cost_full_proportional_sept29_low,ratio,v4_modeled_owner_property,2011,-14.296481
net_cost_full_proportional_sept29_low,ratio,v4_modeled_owner_property,2012,-14.288774
net_cost_full_proportional_sept29_low,ratio,v4_modeled_owner_property,2013,-14.516133
net_cost_full_proportional_sept29_low,ratio,v4_modeled_owner_property,2014,-15.035348
net_cost_full_proportional_sept29_low,ratio,v4_modeled_owner_property,2015,-15.484062
net_cost_full_proportional_sept29_low,ratio,v4_modeled_owner_property,2016,-16.077656
net_cost_full_proportional_sept29_low,ratio,v4_modeled_owner_property,2017,-16.637568
net_cost_full_proportional_sept29_low,ratio,v4_modeled_owner_property,2018,-16.89927
net_cost_full_proportional_sept29_low,ratio,v4_modeled_owner_property,2019,-17.649307
net_cost_full_proportional_sept29_low,ratio,v4_modeled_owner_property,2020,-17.901037
net_cost_full_proportional_sept29_low,ratio,v4_modeled_owner_property,2021,-18.0086
net_cost_full_proportional_sept29_low,ratio,v4_modeled_owner_property,2022,-17.42665
net_cost_full_proportional_sept29_low,ratio,v4_modeled_owner_property,2023,-17.79145
net_cost_full_proportional_sept29_low,ratio,v4_modeled_owner_property,2024,-19.049721
net_cost_full_proportional_sept29_low,ratio,v4_excise_selective_sales,2005,-1.032916
net_cost_full_proportional_sept29_low,ratio,v4_excise_selective_sales,2006,-1.092201
net_cost_full_proportional_sept29_low,ratio,v4_excise_selective_sales,2007,-1.088884
net_cost_full_proportional_sept29_low,ratio,v4_excise_selective_sales,2008,-1.110105
net_cost_full_proportional_sept29_low,ratio,v4_excise_selective_sales,2009,-1.145425
net_cost_full_proportional_sept29_low,ratio,v4_excise_selective_sales,2010,-1.224801
net_cost_full_proportional_sept29_low,ratio,v4_excise_selective_sales,2011,-1.292104
net_cost_full_proportional_sept29_low,ratio,v4_excise_selective_sales,2012,-1.329648
net_cost_full_proportional_sept29_low,ratio,v4_excise_selective_sales,2013,-1.389688
net_cost_full_proportional_sept29_low,ratio,v4_excise_selective_sales,2014,-1.450489
net_cost_full_proportional_sept29_low,ratio,v4_excise_selective_sales,2015,-1.500691
net_cost_full_proportional_sept29_low,ratio,v4_excise_selective_sales,2016,-1.500928
net_cost_full_proportional_sept29_low,ratio,v4_excise_selective_sales,2017,-1.494304
net_cost_full_proportional_sept29_low,ratio,v4_excise_selective_sales,2018,-1.609623
net_cost_full_proportional_sept29_low,ratio,v4_excise_selective_sales,2019,-1.555792
net_cost_full_proportional_sept29_low,ratio,v4_excise_selective_sales,2020,-1.436704
net_cost_full_proportional_sept29_low,ratio,v4_excise_selective_sales,2021,-1.494233
net_cost_full_proportional_sept29_low,ratio,v4_excise_selective_sales,2022,-1.487043
net_cost_full_proportional_sept29_low,ratio,v4_excise_selective_sales,2023,-1.50706
net_cost_full_proportional_sept29_low,ratio,v4_excise_selective_sales,2024,-1.579004
net_cost_full_proportional_sept29_low,ratio,v4_customs_duties,2005,-0.014555
net_cost_full_proportional_sept29_low,ratio,v4_customs_duties,2006,-0.01559
net_cost_full_proportional_sept29_low,ratio,v4_customs_duties,2007,-0.016694
net_cost_full_proportional_sept29_low,ratio,v4_customs_duties,2008,-0.017366
net_cost_full_proportional_sept29_low,ratio,v4_customs_duties,2009,-0.013921
net_cost_full_proportional_sept29_low,ratio,v4_customs_duties,2010,-0.017563
net_cost_full_proportional_sept29_low,ratio,v4_customs_duties,2011,-0.019398
net_cost_full_proportional_sept29_low,ratio,v4_customs_duties,2012,-0.020136
net_cost_full_proportional_sept29_low,ratio,v4_customs_duties,2013,-0.021138
net_cost_full_proportional_sept29_low,ratio,v4_customs_duties,2014,-0.022176
net_cost_full_proportional_sept29_low,ratio,v4_customs_duties,2015,-0.022545
net_cost_full_proportional_sept29_low,ratio,v4_customs_duties,2016,-0.022098
net_cost_full_proportional_sept29_low,ratio,v4_customs_duties,2017,-0.022373
net_cost_full_proportional_sept29_low,ratio,v4_customs_duties,2018,-0.030345
net_cost_full_proportional_sept29_low,ratio,v4_customs_duties,2019,-0.043567
net_cost_full_proportional_sept29_low,ratio,v4_customs_duties,2020,-0.037818
net_cost_full_proportional_sept29_low,ratio,v4_customs_duties,2021,-0.046895
net_cost_full_proportional_sept29_low,ratio,v4_customs_duties,2022,-0.050245
net_cost_full_proportional_sept29_low,ratio,v4_customs_duties,2023,-0.038928
net_cost_full_proportional_sept29_low,ratio,v4_customs_duties,2024,-0.039564
net_cost_full_proportional_sept29_low,ratio,v4_personal_current_transfers,2005,-0.041149
net_cost_full_proportional_sept29_low,ratio,v4_personal_current_transfers,2006,-0.04398
net_cost_full_proportional_sept29_low,ratio,v4_personal_current_transfers,2007,-0.045906
net_cost_full_proportional_sept29_low,ratio,v4_personal_current_transfers,2008,-0.048086
net_cost_full_proportional_sept29_low,ratio,v4_personal_current_transfers,2009,-0.048286
net_cost_full_proportional_sept29_low,ratio,v4_personal_current_transfers,2010,-0.048756
net_cost_full_proportional_sept29_low,ratio,v4_personal_current_transfers,2011,-0.049982
net_cost_full_proportional_sept29_low,ratio,v4_personal_current_transfers,2012,-0.051869
net_cost_full_proportional_sept29_low,ratio,v4_personal_current_transfers,2013,-0.051852
net_cost_full_proportional_sept29_low,ratio,v4_personal_current_transfers,2014,-0.054575
net_cost_full_proportional_sept29_low,ratio,v4_personal_current_transfers,2015,-0.058445
net_cost_full_proportional_sept29_low,ratio,v4_personal_current_transfers,2016,-0.059843
net_cost_full_proportional_sept29_low,ratio,v4_personal_current_transfers,2017,-0.060759
net_cost_full_proportional_sept29_low,ratio,v4_personal_current_transfers,2018,-0.063366
net_cost_full_proportional_sept29_low,ratio,v4_personal_current_transfers,2019,-0.064204
net_cost_full_proportional_sept29_low,ratio,v4_personal_current_transfers,2020,-0.060241
net_cost_full_proportional_sept29_low,ratio,v4_personal_current_transfers,2021,-0.063942
net_cost_full_proportional_sept29_low,ratio,v4_personal_current_transfers,2022,-0.065387
net_cost_full_proportional_sept29_low,ratio,v4_personal_current_transfers,2023,-0.064745
net_cost_full_proportional_sept29_low,ratio,v4_personal_current_transfers,2024,-0.06677
net_cost_full_proportional_sept29_low,ratio,v4_enterprise_surplus,2005,-2.503726
net_cost_full_proportional_sept29_low,ratio,v4_enterprise_surplus,2006,-2.952321
net_cost_full_proportional_sept29_low,ratio,v4_enterprise_surplus,2007,-3.447297
net_cost_full_proportional_sept29_low,ratio,v4_enterprise_surplus,2008,-3.678934
net_cost_full_proportional_sept29_low,ratio,v4_enterprise_surplus,2009,-3.664178
net_cost_full_proportional_sept29_low,ratio,v4_enterprise_surplus,2010,-4.181428
net_cost_full_proportional_sept29_low,ratio,v4_enterprise_surplus,2011,-4.084417
net_cost_full_proportional_sept29_low,ratio,v4_enterprise_surplus,2012,-3.926847
net_cost_full_proportional_sept29_low,ratio,v4_enterprise_surplus,2013,-3.846798
net_cost_full_proportional_sept29_low,ratio,v4_enterprise_surplus,2014,-3.664412
net_cost_full_proportional_sept29_low,ratio,v4_enterprise_surplus,2015,-3.51675
net_cost_full_proportional_sept29_low,ratio,v4_enterprise_surplus,2016,-3.495736
net_cost_full_proportional_sept29_low,ratio,v4_enterprise_surplus,2017,-3.823023
net_cost_full_proportional_sept29_low,ratio,v4_enterprise_surplus,2018,-3.730925
net_cost_full_proportional_sept29_low,ratio,v4_enterprise_surplus,2019,-3.819824
net_cost_full_proportional_sept29_low,ratio,v4_enterprise_surplus,2020,-4.049058
net_cost_full_proportional_sept29_low,ratio,v4_enterprise_surplus,2021,-4.820664
net_cost_full_proportional_sept29_low,ratio,v4_enterprise_surplus,2022,-4.96395
net_cost_full_proportional_sept29_low,ratio,v4_enterprise_surplus,2023,-4.810999
net_cost_full_proportional_sept29_low,ratio,v4_enterprise_surplus,2024,-4.721933
net_cost_full_proportional_sept29_low,ratio,v4_housing_enterprise_surplus,2005,1.827211
net_cost_full_proportional_sept29_low,ratio,v4_housing_enterprise_surplus,2006,2.126554
net_cost_full_proportional_sept29_low,ratio,v4_housing_enterprise_surplus,2007,2.449806
net_cost_full_proportional_sept29_low,ratio,v4_housing_enterprise_surplus,2008,2.607238
net_cost_full_proportional_sept29_low,ratio,v4_housing_enterprise_surplus,2009,2.626756
net_cost_full_proportional_sept29_low,ratio,v4_housing_enterprise_surplus,2010,2.961883
net_cost_full_proportional_sept29_low,ratio,v4_housing_enterprise_surplus,2011,2.910175
net_cost_full_proportional_sept29_low,ratio,v4_housing_enterprise_surplus,2012,2.797712
net_cost_full_proportional_sept29_low,ratio,v4_housing_enterprise_surplus,2013,2.743425
net_cost_full_proportional_sept29_low,ratio,v4_housing_enterprise_surplus,2014,2.630119
net_cost_full_proportional_sept29_low,ratio,v4_housing_enterprise_surplus,2015,2.542959
net_cost_full_proportional_sept29_low,ratio,v4_housing_enterprise_surplus,2016,2.550165
net_cost_full_proportional_sept29_low,ratio,v4_housing_enterprise_surplus,2017,2.741839
net_cost_full_proportional_sept29_low,ratio,v4_housing_enterprise_surplus,2018,2.701432
net_cost_full_proportional_sept29_low,ratio,v4_housing_enterprise_surplus,2019,2.763861
net_cost_full_proportional_sept29_low,ratio,v4_housing_enterprise_surplus,2020,2.936091
net_cost_full_proportional_sept29_low,ratio,v4_housing_enterprise_surplus,2021,3.424592
net_cost_full_proportional_sept29_low,ratio,v4_housing_enterprise_surplus,2022,3.512909
net_cost_full_proportional_sept29_low,ratio,v4_housing_enterprise_surplus,2023,3.441981
net_cost_full_proportional_sept29_low,ratio,v4_housing_enterprise_surplus,2024,3.426129
net_cost_full_proportional_sept29_low,ratio,v4_tenant_occupied_property,2005,-3.860441
net_cost_full_proportional_sept29_low,ratio,v4_tenant_occupied_property,2006,-4.192655
net_cost_full_proportional_sept29_low,ratio,v4_tenant_occupied_property,2007,-4.477585
net_cost_full_proportional_sept29_low,ratio,v4_tenant_occupied_property,2008,-4.722525
net_cost_full_proportional_sept29_low,ratio,v4_tenant_occupied_property,2009,-5.072439
net_cost_full_proportional_sept29_low,ratio,v4_tenant_occupied_property,2010,-5.152031
net_cost_full_proportional_sept29_low,ratio,v4_tenant_occupied_property,2011,-5.111359
net_cost_full_proportional_sept29_low,ratio,v4_tenant_occupied_property,2012,-5.108603
net_cost_full_proportional_sept29_low,ratio,v4_tenant_occupied_property,2013,-5.18989
net_cost_full_proportional_sept29_low,ratio,v4_tenant_occupied_property,2014,-5.375522
net_cost_full_proportional_sept29_low,ratio,v4_tenant_occupied_property,2015,-5.535949
net_cost_full_proportional_sept29_low,ratio,v4_tenant_occupied_property,2016,-5.748174
net_cost_full_proportional_sept29_low,ratio,v4_tenant_occupied_property,2017,-5.948357
net_cost_full_proportional_sept29_low,ratio,v4_tenant_occupied_property,2018,-6.041922
net_cost_full_proportional_sept29_low,ratio,v4_tenant_occupied_property,2019,-6.31008
net_cost_full_proportional_sept29_low,ratio,v4_tenant_occupied_property,2020,-6.40008
net_cost_full_proportional_sept29_low,ratio,v4_tenant_occupied_property,2021,-6.438536
net_cost_full_proportional_sept29_low,ratio,v4_tenant_occupied_property,2022,-6.230474
net_cost_full_proportional_sept29_low,ratio,v4_tenant_occupied_property,2023,-6.360899
net_cost_full_proportional_sept29_low,ratio,v4_tenant_occupied_property,2024,-6.810763
net_cost_full_proportional_sept29_low,ratio,v4_social_security_accrual,2005,60.167639
net_cost_full_proportional_sept29_low,ratio,v4_social_security_accrual,2006,64.812211
net_cost_full_proportional_sept29_low,ratio,v4_social_security_accrual,2007,67.355257
net_cost_full_proportional_sept29_low,ratio,v4_social_security_accrual,2008,71.211275
net_cost_full_proportional_sept29_low,ratio,v4_social_security_accrual,2009,70.188859
net_cost_full_proportional_sept29_low,ratio,v4_social_security_accrual,2010,71.733842
net_cost_full_proportional_sept29_low,ratio,v4_social_security_accrual,2011,61.950331
net_cost_full_proportional_sept29_low,ratio,v4_social_security_accrual,2012,63.509828
net_cost_full_proportional_sept29_low,ratio,v4_social_security_accrual,2013,77.549139
net_cost_full_proportional_sept29_low,ratio,v4_social_security_accrual,2014,80.965546
net_cost_full_proportional_sept29_low,ratio,v4_social_security_accrual,2015,84.59908
net_cost_full_proportional_sept29_low,ratio,v4_social_security_accrual,2016,86.669142
net_cost_full_proportional_sept29_low,ratio,v4_social_security_accrual,2017,89.862143
net_cost_full_proportional_sept29_low,ratio,v4_social_security_accrual,2018,92.305047
net_cost_full_proportional_sept29_low,ratio,v4_social_security_accrual,2019,95.27497
net_cost_full_proportional_sept29_low,ratio,v4_social_security_accrual,2020,94.51838
net_cost_full_proportional_sept29_low,ratio,v4_social_security_accrual,2021,97.133385
net_cost_full_proportional_sept29_low,ratio,v4_social_security_accrual,2022,99.575085
net_cost_full_proportional_sept29_low,ratio,v4_social_security_accrual,2023,103.200947
net_cost_full_proportional_sept29_low,ratio,v4_social_security_accrual,2024,109.406993
net_cost_full_proportional_sept29_low,ratio,v4_social_security_cash,2005,-24.180083
net_cost_full_proportional_sept29_low,ratio,v4_social_security_cash,2006,-26.090654
net_cost_full_proportional_sept29_low,ratio,v4_social_security_cash,2007,-27.396674
net_cost_full_proportional_sept29_low,ratio,v4_social_security_cash,2008,-29.519213
net_cost_full_proportional_sept29_low,ratio,v4_social_security_cash,2009,-32.89824
net_cost_full_proportional_sept29_low,ratio,v4_social_security_cash,2010,-34.787196
net_cost_full_proportional_sept29_low,ratio,v4_social_security_cash,2011,-35.613942
net_cost_full_proportional_sept29_low,ratio,v4_social_security_cash,2012,-37.601144
net_cost_full_proportional_sept29_low,ratio,v4_social_security_cash,2013,-39.090772
net_cost_full_proportional_sept29_low,ratio,v4_social_security_cash,2014,-40.664899
net_cost_full_proportional_sept29_low,ratio,v4_social_security_cash,2015,-42.319539
net_cost_full_proportional_sept29_low,ratio,v4_social_security_cash,2016,-43.324226
net_cost_full_proportional_sept29_low,ratio,v4_social_security_cash,2017,-44.161403
net_cost_full_proportional_sept29_low,ratio,v4_social_security_cash,2018,-45.457608
net_cost_full_proportional_sept29_low,ratio,v4_social_security_cash,2019,-47.41026
net_cost_full_proportional_sept29_low,ratio,v4_social_security_cash,2020,-48.759632
net_cost_full_proportional_sept29_low,ratio,v4_social_security_cash,2021,-48.15387
net_cost_full_proportional_sept29_low,ratio,v4_social_security_cash,2022,-48.828393
net_cost_full_proportional_sept29_low,ratio,v4_social_security_cash,2023,-53.118054
net_cost_full_proportional_sept29_low,ratio,v4_social_security_cash,2024,-56.258695
net_cost_full_proportional_sept29_low,ratio,v4_medicare_part_a_accrual,2005,21.694984
net_cost_full_proportional_sept29_low,ratio,v4_medicare_part_a_accrual,2006,23.473104
net_cost_full_proportional_sept29_low,ratio,v4_medicare_part_a_accrual,2007,24.60404
net_cost_full_proportional_sept29_low,ratio,v4_medicare_part_a_accrual,2008,25.710079
net_cost_full_proportional_sept29_low,ratio,v4_medicare_part_a_accrual,2009,24.965225
net_cost_full_proportional_sept29_low,ratio,v4_medicare_part_a_accrual,2010,25.952815
net_cost_full_proportional_sept29_low,ratio,v4_medicare_part_a_accrual,2011,26.628823
net_cost_full_proportional_sept29_low,ratio,v4_medicare_part_a_accrual,2012,27.435178
net_cost_full_proportional_sept29_low,ratio,v4_medicare_part_a_accrual,2013,28.853986
net_cost_full_proportional_sept29_low,ratio,v4_medicare_part_a_accrual,2014,30.264806
net_cost_full_proportional_sept29_low,ratio,v4_medicare_part_a_accrual,2015,31.720002
net_cost_full_proportional_sept29_low,ratio,v4_medicare_part_a_accrual,2016,32.407806
net_cost_full_proportional_sept29_low,ratio,v4_medicare_part_a_accrual,2017,33.55406
net_cost_full_proportional_sept29_low,ratio,v4_medicare_part_a_accrual,2018,34.565883
net_cost_full_proportional_sept29_low,ratio,v4_medicare_part_a_accrual,2019,35.655985
net_cost_full_proportional_sept29_low,ratio,v4_medicare_part_a_accrual,2020,35.799914
net_cost_full_proportional_sept29_low,ratio,v4_medicare_part_a_accrual,2021,37.504551
net_cost_full_proportional_sept29_low,ratio,v4_medicare_part_a_accrual,2022,37.73154
net_cost_full_proportional_sept29_low,ratio,v4_medicare_part_a_accrual,2023,38.699694
net_cost_full_proportional_sept29_low,ratio,v4_medicare_part_a_accrual,2024,41.137128
net_cost_full_proportional_sept29_low,ratio,v4_medicare_cash,2005,-7.190728
net_cost_full_proportional_sept29_low,ratio,v4_medicare_cash,2006,-8.786111
net_cost_full_proportional_sept29_low,ratio,v4_medicare_cash,2007,-9.355838
net_cost_full_proportional_sept29_low,ratio,v4_medicare_cash,2008,-10.33086
net_cost_full_proportional_sept29_low,ratio,v4_medicare_cash,2009,-11.204667
net_cost_full_proportional_sept29_low,ratio,v4_medicare_cash,2010,-11.879719
net_cost_full_proportional_sept29_low,ratio,v4_medicare_cash,2011,-12.27771
net_cost_full_proportional_sept29_low,ratio,v4_medicare_cash,2012,-12.564899
net_cost_full_proportional_sept29_low,ratio,v4_medicare_cash,2013,-12.865809
net_cost_full_proportional_sept29_low,ratio,v4_medicare_cash,2014,-13.420687
net_cost_full_proportional_sept29_low,ratio,v4_medicare_cash,2015,-14.150034
net_cost_full_proportional_sept29_low,ratio,v4_medicare_cash,2016,-14.689968
net_cost_full_proportional_sept29_low,ratio,v4_medicare_cash,2017,-15.14589
net_cost_full_proportional_sept29_low,ratio,v4_medicare_cash,2018,-15.743278
net_cost_full_proportional_sept29_low,ratio,v4_medicare_cash,2019,-16.692493
net_cost_full_proportional_sept29_low,ratio,v4_medicare_cash,2020,-17.182349
net_cost_full_proportional_sept29_low,ratio,v4_medicare_cash,2021,-17.57827
net_cost_full_proportional_sept29_low,ratio,v4_medicare_cash,2022,-17.437917
net_cost_full_proportional_sept29_low,ratio,v4_medicare_cash,2023,-18.417167
net_cost_full_proportional_sept29_low,ratio,v4_medicare_cash,2024,-19.663109
net_cost_full_proportional_sept29_low,ratio,v4_workers_compensation,2005,-1.460833
net_cost_full_proportional_sept29_low,ratio,v4_workers_compensation,2006,-1.421977
net_cost_full_proportional_sept29_low,ratio,v4_workers_compensation,2007,-1.404289
net_cost_full_proportional_sept29_low,ratio,v4_workers_compensation,2008,-1.436006
net_cost_full_proportional_sept29_low,ratio,v4_workers_compensation,2009,-1.466765
net_cost_full_proportional_sept29_low,ratio,v4_workers_compensation,2010,-1.474444
net_cost_full_proportional_sept29_low,ratio,v4_workers_compensation,2011,-1.40615
net_cost_full_proportional_sept29_low,ratio,v4_workers_compensation,2012,-1.33133
net_cost_full_proportional_sept29_low,ratio,v4_workers_compensation,2013,-1.312437
net_cost_full_proportional_sept29_low,ratio,v4_workers_compensation,2014,-1.316334
net_cost_full_proportional_sept29_low,ratio,v4_workers_compensation,2015,-1.262628
net_cost_full_proportional_sept29_low,ratio,v4_workers_compensation,2016,-1.182431
net_cost_full_proportional_sept29_low,ratio,v4_workers_compensation,2017,-1.095596
net_cost_full_proportional_sept29_low,ratio,v4_workers_compensation,2018,-1.0343
net_cost_full_proportional_sept29_low,ratio,v4_workers_compensation,2019,-1.028604
net_cost_full_proportional_sept29_low,ratio,v4_workers_compensation,2020,-1.036942
net_cost_full_proportional_sept29_low,ratio,v4_workers_compensation,2021,-1.007877
net_cost_full_proportional_sept29_low,ratio,v4_workers_compensation,2022,-0.974899
net_cost_full_proportional_sept29_low,ratio,v4_workers_compensation,2023,-0.951261
net_cost_full_proportional_sept29_low,ratio,v4_workers_compensation,2024,-0.948248
net_cost_full_proportional_sept29_low,ratio,v4_housing_subsidies,2005,-0.220231
net_cost_full_proportional_sept29_low,ratio,v4_housing_subsidies,2006,-0.23165
net_cost_full_proportional_sept29_low,ratio,v4_housing_subsidies,2007,-0.23721
net_cost_full_proportional_sept29_low,ratio,v4_housing_subsidies,2008,-0.245969
net_cost_full_proportional_sept29_low,ratio,v4_housing_subsidies,2009,-0.274958
net_cost_full_proportional_sept29_low,ratio,v4_housing_subsidies,2010,-0.278095
net_cost_full_proportional_sept29_low,ratio,v4_housing_subsidies,2011,-0.288653
net_cost_full_proportional_sept29_low,ratio,v4_housing_subsidies,2012,-0.277323
net_cost_full_proportional_sept29_low,ratio,v4_housing_subsidies,2013,-0.274415
net_cost_full_proportional_sept29_low,ratio,v4_housing_subsidies,2014,-0.278171
net_cost_full_proportional_sept29_low,ratio,v4_housing_subsidies,2015,-0.285785
net_cost_full_proportional_sept29_low,ratio,v4_housing_subsidies,2016,-0.306479
net_cost_full_proportional_sept29_low,ratio,v4_housing_subsidies,2017,-0.288089
net_cost_full_proportional_sept29_low,ratio,v4_housing_subsidies,2018,-0.306793
net_cost_full_proportional_sept29_low,ratio,v4_housing_subsidies,2019,-0.312164
net_cost_full_proportional_sept29_low,ratio,v4_housing_subsidies,2020,-0.337263
net_cost_full_proportional_sept29_low,ratio,v4_housing_subsidies,2021,-0.33052
net_cost_full_proportional_sept29_low,ratio,v4_housing_subsidies,2022,-0.32687
net_cost_full_proportional_sept29_low,ratio,v4_housing_subsidies,2023,-0.354112
net_cost_full_proportional_sept29_low,ratio,v4_housing_subsidies,2024,-0.395426
net_cost_full_proportional_sept29_low,ratio,v4_roads_vmt_sl,2005,1.811812
net_cost_full_proportional_sept29_low,ratio,v4_roads_vmt_sl,2006,1.951826
net_cost_full_proportional_sept29_low,ratio,v4_roads_vmt_sl,2007,2.086191
net_cost_full_proportional_sept29_low,ratio,v4_roads_vmt_sl,2008,2.254701
net_cost_full_proportional_sept29_low,ratio,v4_roads_vmt_sl,2009,2.357521
net_cost_full_proportional_sept29_low,ratio,v4_roads_vmt_sl,2010,2.518164
net_cost_full_proportional_sept29_low,ratio,v4_roads_vmt_sl,2011,2.424316
net_cost_full_proportional_sept29_low,ratio,v4_roads_vmt_sl,2012,2.433697
net_cost_full_proportional_sept29_low,ratio,v4_roads_vmt_sl,2013,2.418617
net_cost_full_proportional_sept29_low,ratio,v4_roads_vmt_sl,2014,2.43529
net_cost_full_proportional_sept29_low,ratio,v4_roads_vmt_sl,2015,2.479413
net_cost_full_proportional_sept29_low,ratio,v4_roads_vmt_sl,2016,2.491981
net_cost_full_proportional_sept29_low,ratio,v4_roads_vmt_sl,2017,2.517073
net_cost_full_proportional_sept29_low,ratio,v4_roads_vmt_sl,2018,2.610173
net_cost_full_proportional_sept29_low,ratio,v4_roads_vmt_sl,2019,2.66061
net_cost_full_proportional_sept29_low,ratio,v4_roads_vmt_sl,2020,2.83195
net_cost_full_proportional_sept29_low,ratio,v4_roads_vmt_sl,2021,2.929627
net_cost_full_proportional_sept29_low,ratio,v4_roads_vmt_sl,2022,2.672771
net_cost_full_proportional_sept29_low,ratio,v4_roads_vmt_sl,2023,2.810474
net_cost_full_proportional_sept29_low,ratio,v4_roads_vmt_sl,2024,3.030873
net_cost_full_proportional_sept29_low,ratio,v4_roads_vmt_fed,2005,0.016468
net_cost_full_proportional_sept29_low,ratio,v4_roads_vmt_fed,2006,0.017741
net_cost_full_proportional_sept29_low,ratio,v4_roads_vmt_fed,2007,0.018962
net_cost_full_proportional_sept29_low,ratio,v4_roads_vmt_fed,2008,0.020494
net_cost_full_proportional_sept29_low,ratio,v4_roads_vmt_fed,2009,0.021428
net_cost_full_proportional_sept29_low,ratio,v4_roads_vmt_fed,2010,0.022888
net_cost_full_proportional_sept29_low,ratio,v4_roads_vmt_fed,2011,0.022035
net_cost_full_proportional_sept29_low,ratio,v4_roads_vmt_fed,2012,0.022121
net_cost_full_proportional_sept29_low,ratio,v4_roads_vmt_fed,2013,0.021984
net_cost_full_proportional_sept29_low,ratio,v4_roads_vmt_fed,2014,0.022135
net_cost_full_proportional_sept29_low,ratio,v4_roads_vmt_fed,2015,0.022536
net_cost_full_proportional_sept29_low,ratio,v4_roads_vmt_fed,2016,0.02265
net_cost_full_proportional_sept29_low,ratio,v4_roads_vmt_fed,2017,0.022878
net_cost_full_proportional_sept29_low,ratio,v4_roads_vmt_fed,2018,0.023725
net_cost_full_proportional_sept29_low,ratio,v4_roads_vmt_fed,2019,0.024183
net_cost_full_proportional_sept29_low,ratio,v4_roads_vmt_fed,2020,0.025741
net_cost_full_proportional_sept29_low,ratio,v4_roads_vmt_fed,2021,0.026628
net_cost_full_proportional_sept29_low,ratio,v4_roads_vmt_fed,2022,0.024294
net_cost_full_proportional_sept29_low,ratio,v4_roads_vmt_fed,2023,0.025545
net_cost_full_proportional_sept29_low,ratio,v4_roads_vmt_fed,2024,0.027549
net_cost_full_proportional_sept29_low,ratio,v4_state_price_public_order_safety,2005,3.965503
net_cost_full_proportional_sept29_low,ratio,v4_state_price_public_order_safety,2006,4.271391
net_cost_full_proportional_sept29_low,ratio,v4_state_price_public_order_safety,2007,4.540088
net_cost_full_proportional_sept29_low,ratio,v4_state_price_public_order_safety,2008,4.976384
net_cost_full_proportional_sept29_low,ratio,v4_state_price_public_order_safety,2009,5.160955
net_cost_full_proportional_sept29_low,ratio,v4_state_price_public_order_safety,2010,5.325699
net_cost_full_proportional_sept29_low,ratio,v4_state_price_public_order_safety,2011,5.285089
net_cost_full_proportional_sept29_low,ratio,v4_state_price_public_order_safety,2012,5.218946
net_cost_full_proportional_sept29_low,ratio,v4_state_price_public_order_safety,2013,5.259246
net_cost_full_proportional_sept29_low,ratio,v4_state_price_public_order_safety,2014,5.416172
net_cost_full_proportional_sept29_low,ratio,v4_state_price_public_order_safety,2015,5.587511
net_cost_full_proportional_sept29_low,ratio,v4_state_price_public_order_safety,2016,5.702635
net_cost_full_proportional_sept29_low,ratio,v4_state_price_public_order_safety,2017,5.778418
net_cost_full_proportional_sept29_low,ratio,v4_state_price_public_order_safety,2018,5.98692
net_cost_full_proportional_sept29_low,ratio,v4_state_price_public_order_safety,2019,6.164208
net_cost_full_proportional_sept29_low,ratio,v4_state_price_public_order_safety,2020,6.117848
net_cost_full_proportional_sept29_low,ratio,v4_state_price_public_order_safety,2021,6.087745
net_cost_full_proportional_sept29_low,ratio,v4_state_price_public_order_safety,2022,6.020063
net_cost_full_proportional_sept29_low,ratio,v4_state_price_public_order_safety,2023,6.134277
net_cost_full_proportional_sept29_low,ratio,v4_state_price_public_order_safety,2024,6.412327
net_cost_full_proportional_sept29_low,ratio,v4_state_price_health_services,2005,0.753417
net_cost_full_proportional_sept29_low,ratio,v4_state_price_health_services,2006,0.782122
net_cost_full_proportional_sept29_low,ratio,v4_state_price_health_services,2007,0.873246
net_cost_full_proportional_sept29_low,ratio,v4_state_price_health_services,2008,1.006597
net_cost_full_proportional_sept29_low,ratio,v4_state_price_health_services,2009,1.070242
net_cost_full_proportional_sept29_low,ratio,v4_state_price_health_services,2010,1.111723
net_cost_full_proportional_sept29_low,ratio,v4_state_price_health_services,2011,1.135421
net_cost_full_proportional_sept29_low,ratio,v4_state_price_health_services,2012,1.145527
net_cost_full_proportional_sept29_low,ratio,v4_state_price_health_services,2013,1.18334
net_cost_full_proportional_sept29_low,ratio,v4_state_price_health_services,2014,1.211267
net_cost_full_proportional_sept29_low,ratio,v4_state_price_health_services,2015,1.249169
net_cost_full_proportional_sept29_low,ratio,v4_state_price_health_services,2016,1.307727
net_cost_full_proportional_sept29_low,ratio,v4_state_price_health_services,2017,1.262527
net_cost_full_proportional_sept29_low,ratio,v4_state_price_health_services,2018,1.33092
net_cost_full_proportional_sept29_low,ratio,v4_state_price_health_services,2019,1.462938
net_cost_full_proportional_sept29_low,ratio,v4_state_price_health_services,2020,1.706024
net_cost_full_proportional_sept29_low,ratio,v4_state_price_health_services,2021,1.774395
net_cost_full_proportional_sept29_low,ratio,v4_state_price_health_services,2022,1.776037
net_cost_full_proportional_sept29_low,ratio,v4_state_price_health_services,2023,1.738171
net_cost_full_proportional_sept29_low,ratio,v4_state_price_health_services,2024,1.799632
net_cost_full_proportional_sept29_low,ratio,v4_state_price_recreation_culture,2005,0.259162
net_cost_full_proportional_sept29_low,ratio,v4_state_price_recreation_culture,2006,0.282414
net_cost_full_proportional_sept29_low,ratio,v4_state_price_recreation_culture,2007,0.296791
net_cost_full_proportional_sept29_low,ratio,v4_state_price_recreation_culture,2008,0.321649
net_cost_full_proportional_sept29_low,ratio,v4_state_price_recreation_culture,2009,0.331094
net_cost_full_proportional_sept29_low,ratio,v4_state_price_recreation_culture,2010,0.33823
net_cost_full_proportional_sept29_low,ratio,v4_state_price_recreation_culture,2011,0.325142
net_cost_full_proportional_sept29_low,ratio,v4_state_price_recreation_culture,2012,0.320148
net_cost_full_proportional_sept29_low,ratio,v4_state_price_recreation_culture,2013,0.329379
net_cost_full_proportional_sept29_low,ratio,v4_state_price_recreation_culture,2014,0.338607
net_cost_full_proportional_sept29_low,ratio,v4_state_price_recreation_culture,2015,0.348418
net_cost_full_proportional_sept29_low,ratio,v4_state_price_recreation_culture,2016,0.365307
net_cost_full_proportional_sept29_low,ratio,v4_state_price_recreation_culture,2017,0.372682
net_cost_full_proportional_sept29_low,ratio,v4_state_price_recreation_culture,2018,0.385988
net_cost_full_proportional_sept29_low,ratio,v4_state_price_recreation_culture,2019,0.40414
net_cost_full_proportional_sept29_low,ratio,v4_state_price_recreation_culture,2020,0.397806
net_cost_full_proportional_sept29_low,ratio,v4_state_price_recreation_culture,2021,0.38796
net_cost_full_proportional_sept29_low,ratio,v4_state_price_recreation_culture,2022,0.406659
net_cost_full_proportional_sept29_low,ratio,v4_state_price_recreation_culture,2023,0.411687
net_cost_full_proportional_sept29_low,ratio,v4_state_price_recreation_culture,2024,0.427908
net_cost_full_proportional_sept29_low,ratio,v4_production_private,2005,0.248035
net_cost_full_proportional_sept29_low,ratio,v4_production_private,2006,0.267221
net_cost_full_proportional_sept29_low,ratio,v4_production_private,2007,0.277859
net_cost_full_proportional_sept29_low,ratio,v4_production_private,2008,0.290421
net_cost_full_proportional_sept29_low,ratio,v4_production_private,2009,0.289134
net_cost_full_proportional_sept29_low,ratio,v4_production_private,2010,0.305956
net_cost_full_proportional_sept29_low,ratio,v4_production_private,2011,0.314181
net_cost_full_proportional_sept29_low,ratio,v4_production_private,2012,0.323458
net_cost_full_proportional_sept29_low,ratio,v4_production_private,2013,0.333108
net_cost_full_proportional_sept29_low,ratio,v4_production_private,2014,0.346039
net_cost_full_proportional_sept29_low,ratio,v4_production_private,2015,0.358222
net_cost_full_proportional_sept29_low,ratio,v4_production_private,2016,0.36657
net_cost_full_proportional_sept29_low,ratio,v4_production_private,2017,0.377237
net_cost_full_proportional_sept29_low,ratio,v4_production_private,2018,0.389498
net_cost_full_proportional_sept29_low,ratio,v4_production_private,2019,0.399631
net_cost_full_proportional_sept29_low,ratio,v4_production_private,2020,0.390009
net_cost_full_proportional_sept29_low,ratio,v4_production_private,2021,0.413449
net_cost_full_proportional_sept29_low,ratio,v4_production_private,2022,0.423569
net_cost_full_proportional_sept29_low,ratio,v4_production_private,2023,0.439124
net_cost_full_proportional_sept29_low,ratio,v4_production_private,2024,0.459157
net_cost_full_proportional_sept29_low,ratio,v4_production_receipts,2005,0.639356
net_cost_full_proportional_sept29_low,ratio,v4_production_receipts,2006,0.688811
net_cost_full_proportional_sept29_low,ratio,v4_production_receipts,2007,0.716232
net_cost_full_proportional_sept29_low,ratio,v4_production_receipts,2008,0.748615
net_cost_full_proportional_sept29_low,ratio,v4_production_receipts,2009,0.745297
net_cost_full_proportional_sept29_low,ratio,v4_production_receipts,2010,0.788658
net_cost_full_proportional_sept29_low,ratio,v4_production_receipts,2011,0.80986
net_cost_full_proportional_sept29_low,ratio,v4_production_receipts,2012,0.833773
net_cost_full_proportional_sept29_low,ratio,v4_production_receipts,2013,0.858647
net_cost_full_proportional_sept29_low,ratio,v4_production_receipts,2014,0.89198
net_cost_full_proportional_sept29_low,ratio,v4_production_receipts,2015,0.923383
net_cost_full_proportional_sept29_low,ratio,v4_production_receipts,2016,0.944902
net_cost_full_proportional_sept29_low,ratio,v4_production_receipts,2017,0.972397
net_cost_full_proportional_sept29_low,ratio,v4_production_receipts,2018,1.004002
net_cost_full_proportional_sept29_low,ratio,v4_production_receipts,2019,1.030122
net_cost_full_proportional_sept29_low,ratio,v4_production_receipts,2020,1.005319
net_cost_full_proportional_sept29_low,ratio,v4_production_receipts,2021,1.065741
net_cost_full_proportional_sept29_low,ratio,v4_production_receipts,2022,1.091826
net_cost_full_proportional_sept29_low,ratio,v4_production_receipts,2023,1.131923
net_cost_full_proportional_sept29_low,ratio,v4_production_receipts,2024,1.183562
net_cost_full_proportional_sept29_low,ratio,capital_core,2005,6.595808
net_cost_full_proportional_sept29_low,ratio,capital_core,2006,7.471965
net_cost_full_proportional_sept29_low,ratio,capital_core,2007,8.121127
net_cost_full_proportional_sept29_low,ratio,capital_core,2008,9.079805
net_cost_full_proportional_sept29_low,ratio,capital_core,2009,9.717331
net_cost_full_proportional_sept29_low,ratio,capital_core,2010,10.03789
net_cost_full_proportional_sept29_low,ratio,capital_core,2011,10.374833
net_cost_full_proportional_sept29_low,ratio,capital_core,2012,10.679845
net_cost_full_proportional_sept29_low,ratio,capital_core,2013,10.984067
net_cost_full_proportional_sept29_low,ratio,capital_core,2014,11.380733
net_cost_full_proportional_sept29_low,ratio,capital_core,2015,11.70022
net_cost_full_proportional_sept29_low,ratio,capital_core,2016,11.9537
net_cost_full_proportional_sept29_low,ratio,capital_core,2017,12.218906
net_cost_full_proportional_sept29_low,ratio,capital_core,2018,12.683867
net_cost_full_proportional_sept29_low,ratio,capital_core,2019,13.257913
net_cost_full_proportional_sept29_low,ratio,capital_core,2020,13.596976
net_cost_full_proportional_sept29_low,ratio,capital_core,2021,13.963867
net_cost_full_proportional_sept29_low,ratio,capital_core,2022,14.959496
net_cost_full_proportional_sept29_low,ratio,capital_core,2023,15.755942
net_cost_full_proportional_sept29_low,ratio,capital_core,2024,15.994251
net_cost_full_proportional_sept29_low,ratio,capital_block,2005,4.570113
net_cost_full_proportional_sept29_low,ratio,capital_block,2006,5.245682
net_cost_full_proportional_sept29_low,ratio,capital_block,2007,5.858085
net_cost_full_proportional_sept29_low,ratio,capital_block,2008,6.515389
net_cost_full_proportional_sept29_low,ratio,capital_block,2009,6.827555
net_cost_full_proportional_sept29_low,ratio,capital_block,2010,7.087793
net_cost_full_proportional_sept29_low,ratio,capital_block,2011,7.365862
net_cost_full_proportional_sept29_low,ratio,capital_block,2012,7.660571
net_cost_full_proportional_sept29_low,ratio,capital_block,2013,7.862175
net_cost_full_proportional_sept29_low,ratio,capital_block,2014,7.984709
net_cost_full_proportional_sept29_low,ratio,capital_block,2015,8.032003
net_cost_full_proportional_sept29_low,ratio,capital_block,2016,8.166975
net_cost_full_proportional_sept29_low,ratio,capital_block,2017,8.378652
net_cost_full_proportional_sept29_low,ratio,capital_block,2018,8.596418
net_cost_full_proportional_sept29_low,ratio,capital_block,2019,8.786028
net_cost_full_proportional_sept29_low,ratio,capital_block,2020,8.900013
net_cost_full_proportional_sept29_low,ratio,capital_block,2021,9.128297
net_cost_full_proportional_sept29_low,ratio,capital_block,2022,9.239972
net_cost_full_proportional_sept29_low,ratio,capital_block,2023,9.395296
net_cost_full_proportional_sept29_low,ratio,capital_block,2024,9.655284
net_cost_full_proportional_sept29_low,ratio,capital_enterprise,2005,5.091825
net_cost_full_proportional_sept29_low,ratio,capital_enterprise,2006,5.671809
net_cost_full_proportional_sept29_low,ratio,capital_enterprise,2007,6.120421
net_cost_full_proportional_sept29_low,ratio,capital_enterprise,2008,6.660644
net_cost_full_proportional_sept29_low,ratio,capital_enterprise,2009,6.959374
net_cost_full_proportional_sept29_low,ratio,capital_enterprise,2010,7.303035
net_cost_full_proportional_sept29_low,ratio,capital_enterprise,2011,7.638625
net_cost_full_proportional_sept29_low,ratio,capital_enterprise,2012,7.912904
net_cost_full_proportional_sept29_low,ratio,capital_enterprise,2013,8.145397
net_cost_full_proportional_sept29_low,ratio,capital_enterprise,2014,8.411184
net_cost_full_proportional_sept29_low,ratio,capital_enterprise,2015,8.624488
net_cost_full_proportional_sept29_low,ratio,capital_enterprise,2016,8.855927
net_cost_full_proportional_sept29_low,ratio,capital_enterprise,2017,9.107807
net_cost_full_proportional_sept29_low,ratio,capital_enterprise,2018,9.376753
net_cost_full_proportional_sept29_low,ratio,capital_enterprise,2019,9.636891
net_cost_full_proportional_sept29_low,ratio,capital_enterprise,2020,9.843125
net_cost_full_proportional_sept29_low,ratio,capital_enterprise,2021,10.240256
net_cost_full_proportional_sept29_low,ratio,capital_enterprise,2022,10.640487
net_cost_full_proportional_sept29_low,ratio,capital_enterprise,2023,11.005218
net_cost_full_proportional_sept29_low,ratio,capital_enterprise,2024,11.271841
net_cost_full_proportional_sept29_low,income,base,2005,156.99493
net_cost_full_proportional_sept29_low,income,base,2006,161.908587
net_cost_full_proportional_sept29_low,income,base,2007,175.073056
net_cost_full_proportional_sept29_low,income,base,2008,221.731646
net_cost_full_proportional_sept29_low,income,base,2009,289.973563
net_cost_full_proportional_sept29_low,income,base,2010,308.566521
net_cost_full_proportional_sept29_low,income,base,2011,301.589136
net_cost_full_proportional_sept29_low,income,base,2012,286.847377
net_cost_full_proportional_sept29_low,income,base,2013,257.865307
net_cost_full_proportional_sept29_low,income,base,2014,251.725421
net_cost_full_proportional_sept29_low,income,base,2015,248.650484
net_cost_full_proportional_sept29_low,income,base,2016,255.164595
net_cost_full_proportional_sept29_low,income,base,2017,252.799428
net_cost_full_proportional_sept29_low,income,base,2018,262.860459
net_cost_full_proportional_sept29_low,income,base,2019,272.059539
net_cost_full_proportional_sept29_low,income,base,2020,422.430381
net_cost_full_proportional_sept29_low,income,base,2021,383.604158
net_cost_full_proportional_sept29_low,income,base,2022,234.894104
net_cost_full_proportional_sept29_low,income,base,2023,287.343605
net_cost_full_proportional_sept29_low,income,base,2024,301.285286
net_cost_full_proportional_sept29_low,income,long_run_economic_affairs_services,2005,0.0
net_cost_full_proportional_sept29_low,income,long_run_economic_affairs_services,2006,0.0
net_cost_full_proportional_sept29_low,income,long_run_economic_affairs_services,2007,0.0
net_cost_full_proportional_sept29_low,income,long_run_economic_affairs_services,2008,0.0
net_cost_full_proportional_sept29_low,income,long_run_economic_affairs_services,2009,0.0
net_cost_full_proportional_sept29_low,income,long_run_economic_affairs_services,2010,0.0
net_cost_full_proportional_sept29_low,income,long_run_economic_affairs_services,2011,0.0
net_cost_full_proportional_sept29_low,income,long_run_economic_affairs_services,2012,0.0
net_cost_full_proportional_sept29_low,income,long_run_economic_affairs_services,2013,0.0
net_cost_full_proportional_sept29_low,income,long_run_economic_affairs_services,2014,0.0
net_cost_full_proportional_sept29_low,income,long_run_economic_affairs_services,2015,0.0
net_cost_full_proportional_sept29_low,income,long_run_economic_affairs_services,2016,0.0
net_cost_full_proportional_sept29_low,income,long_run_economic_affairs_services,2017,0.0
net_cost_full_proportional_sept29_low,income,long_run_economic_affairs_services,2018,0.0
net_cost_full_proportional_sept29_low,income,long_run_economic_affairs_services,2019,0.0
net_cost_full_proportional_sept29_low,income,long_run_economic_affairs_services,2020,0.0
net_cost_full_proportional_sept29_low,income,long_run_economic_affairs_services,2021,0.0
net_cost_full_proportional_sept29_low,income,long_run_economic_affairs_services,2022,0.0
net_cost_full_proportional_sept29_low,income,long_run_economic_affairs_services,2023,0.0
net_cost_full_proportional_sept29_low,income,long_run_economic_affairs_services,2024,0.0
net_cost_full_proportional_sept29_low,income,long_run_recreation_culture,2005,0.0
net_cost_full_proportional_sept29_low,income,long_run_recreation_culture,2006,0.0
net_cost_full_proportional_sept29_low,income,long_run_recreation_culture,2007,0.0
net_cost_full_proportional_sept29_low,income,long_run_recreation_culture,2008,0.0
net_cost_full_proportional_sept29_low,income,long_run_recreation_culture,2009,0.0
net_cost_full_proportional_sept29_low,income,long_run_recreation_culture,2010,0.0
net_cost_full_proportional_sept29_low,income,long_run_recreation_culture,2011,0.0
net_cost_full_proportional_sept29_low,income,long_run_recreation_culture,2012,0.0
net_cost_full_proportional_sept29_low,income,long_run_recreation_culture,2013,0.0
net_cost_full_proportional_sept29_low,income,long_run_recreation_culture,2014,0.0
net_cost_full_proportional_sept29_low,income,long_run_recreation_culture,2015,0.0
net_cost_full_proportional_sept29_low,income,long_run_recreation_culture,2016,0.0
net_cost_full_proportional_sept29_low,income,long_run_recreation_culture,2017,0.0
net_cost_full_proportional_sept29_low,income,long_run_recreation_culture,2018,0.0
net_cost_full_proportional_sept29_low,income,long_run_recreation_culture,2019,0.0
net_cost_full_proportional_sept29_low,income,long_run_recreation_culture,2020,0.0
net_cost_full_proportional_sept29_low,income,long_run_recreation_culture,2021,0.0
net_cost_full_proportional_sept29_low,income,long_run_recreation_culture,2022,0.0
net_cost_full_proportional_sept29_low,income,long_run_recreation_culture,2023,0.0
net_cost_full_proportional_sept29_low,income,long_run_recreation_culture,2024,0.0
net_cost_full_proportional_sept29_low,income,rental_assistance,2005,2.524119
net_cost_full_proportional_sept29_low,income,rental_assistance,2006,2.655
net_cost_full_proportional_sept29_low,income,rental_assistance,2007,2.718717
net_cost_full_proportional_sept29_low,income,rental_assistance,2008,2.819105
net_cost_full_proportional_sept29_low,income,rental_assistance,2009,3.151353
net_cost_full_proportional_sept29_low,income,rental_assistance,2010,3.187315
net_cost_full_proportional_sept29_low,income,rental_assistance,2011,3.308314
net_cost_full_proportional_sept29_low,income,rental_assistance,2012,3.178466
net_cost_full_proportional_sept29_low,income,rental_assistance,2013,3.14514
net_cost_full_proportional_sept29_low,income,rental_assistance,2014,3.188178
net_cost_full_proportional_sept29_low,income,rental_assistance,2015,3.275448
net_cost_full_proportional_sept29_low,income,rental_assistance,2016,3.512629
net_cost_full_proportional_sept29_low,income,rental_assistance,2017,3.301851
net_cost_full_proportional_sept29_low,income,rental_assistance,2018,3.516221
net_cost_full_proportional_sept29_low,income,rental_assistance,2019,3.577785
net_cost_full_proportional_sept29_low,income,rental_assistance,2020,3.865451
net_cost_full_proportional_sept29_low,income,rental_assistance,2021,3.788167
net_cost_full_proportional_sept29_low,income,rental_assistance,2022,3.746339
net_cost_full_proportional_sept29_low,income,rental_assistance,2023,4.058563
net_cost_full_proportional_sept29_low,income,rental_assistance,2024,4.532066
net_cost_full_proportional_sept29_low,income,enterprise_surplus,2005,0.490534
net_cost_full_proportional_sept29_low,income,enterprise_surplus,2006,0.853953
net_cost_full_proportional_sept29_low,income,enterprise_surplus,2007,1.847371
net_cost_full_proportional_sept29_low,income,enterprise_surplus,2008,2.459287
net_cost_full_proportional_sept29_low,income,enterprise_surplus,2009,2.173422
net_cost_full_proportional_sept29_low,income,enterprise_surplus,2010,2.819135
net_cost_full_proportional_sept29_low,income,enterprise_surplus,2011,2.686704
net_cost_full_proportional_sept29_low,income,enterprise_surplus,2012,2.030378
net_cost_full_proportional_sept29_low,income,enterprise_surplus,2013,2.012881
net_cost_full_proportional_sept29_low,income,enterprise_surplus,2014,1.245274
net_cost_full_proportional_sept29_low,income,enterprise_surplus,2015,0.416792
net_cost_full_proportional_sept29_low,income,enterprise_surplus,2016,0.313938
net_cost_full_proportional_sept29_low,income,enterprise_surplus,2017,0.611643
net_cost_full_proportional_sept29_low,income,enterprise_surplus,2018,0.647385
net_cost_full_proportional_sept29_low,income,enterprise_surplus,2019,1.684152
net_cost_full_proportional_sept29_low,income,enterprise_surplus,2020,0.417716
net_cost_full_proportional_sept29_low,income,enterprise_surplus,2021,1.424219
net_cost_full_proportional_sept29_low,income,enterprise_surplus,2022,1.946247
net_cost_full_proportional_sept29_low,income,enterprise_surplus,2023,5.538794
net_cost_full_proportional_sept29_low,income,enterprise_surplus,2024,5.561143
net_cost_full_proportional_sept29_low,income,v4_federal_income_tax,2005,-0.385843
net_cost_full_proportional_sept29_low,income,v4_federal_income_tax,2006,-0.441987
net_cost_full_proportional_sept29_low,income,v4_federal_income_tax,2007,-0.486471
net_cost_full_proportional_sept29_low,income,v4_federal_income_tax,2008,-0.500726
net_cost_full_proportional_sept29_low,income,v4_federal_income_tax,2009,-0.374534
net_cost_full_proportional_sept29_low,income,v4_federal_income_tax,2010,-0.415178
net_cost_full_proportional_sept29_low,income,v4_federal_income_tax,2011,-0.492881
net_cost_full_proportional_sept29_low,income,v4_federal_income_tax,2012,-0.502352
net_cost_full_proportional_sept29_low,income,v4_federal_income_tax,2013,-0.556413
net_cost_full_proportional_sept29_low,income,v4_federal_income_tax,2014,-0.597039
net_cost_full_proportional_sept29_low,income,v4_federal_income_tax,2015,-0.649456
net_cost_full_proportional_sept29_low,income,v4_federal_income_tax,2016,-0.653054
net_cost_full_proportional_sept29_low,income,v4_federal_income_tax,2017,-0.671519
net_cost_full_proportional_sept29_low,income,v4_federal_income_tax,2018,-0.658776
net_cost_full_proportional_sept29_low,income,v4_federal_income_tax,2019,-0.683057
net_cost_full_proportional_sept29_low,income,v4_federal_income_tax,2020,-0.68747
net_cost_full_proportional_sept29_low,income,v4_federal_income_tax,2021,-0.802428
net_cost_full_proportional_sept29_low,income,v4_federal_income_tax,2022,-0.916666
net_cost_full_proportional_sept29_low,income,v4_federal_income_tax,2023,-0.778633
net_cost_full_proportional_sept29_low,income,v4_federal_income_tax,2024,-0.815133
net_cost_full_proportional_sept29_low,income,v4_state_local_income_tax,2005,-0.008813
net_cost_full_proportional_sept29_low,income,v4_state_local_income_tax,2006,-0.009866
net_cost_full_proportional_sept29_low,income,v4_state_local_income_tax,2007,-0.010509
net_cost_full_proportional_sept29_low,income,v4_state_local_income_tax,2008,-0.011122
net_cost_full_proportional_sept29_low,income,v4_state_local_income_tax,2009,-0.009619
net_cost_full_proportional_sept29_low,income,v4_state_local_income_tax,2010,-0.010052
net_cost_full_proportional_sept29_low,income,v4_state_local_income_tax,2011,-0.011018
net_cost_full_proportional_sept29_low,income,v4_state_local_income_tax,2012,-0.01159
net_cost_full_proportional_sept29_low,income,v4_state_local_income_tax,2013,-0.012627
net_cost_full_proportional_sept29_low,income,v4_state_local_income_tax,2014,-0.012804
net_cost_full_proportional_sept29_low,income,v4_state_local_income_tax,2015,-0.013671
net_cost_full_proportional_sept29_low,income,v4_state_local_income_tax,2016,-0.013661
net_cost_full_proportional_sept29_low,income,v4_state_local_income_tax,2017,-0.014339
net_cost_full_proportional_sept29_low,income,v4_state_local_income_tax,2018,-0.014818
net_cost_full_proportional_sept29_low,income,v4_state_local_income_tax,2019,-0.015854
net_cost_full_proportional_sept29_low,income,v4_state_local_income_tax,2020,-0.015872
net_cost_full_proportional_sept29_low,income,v4_state_local_income_tax,2021,-0.017018
net_cost_full_proportional_sept29_low,income,v4_state_local_income_tax,2022,-0.01797
net_cost_full_proportional_sept29_low,income,v4_state_local_income_tax,2023,-0.015051
net_cost_full_proportional_sept29_low,income,v4_state_local_income_tax,2024,-0.015631
net_cost_full_proportional_sept29_low,income,v4_personal_motor_vehicle,2005,-0.321385
net_cost_full_proportional_sept29_low,income,v4_personal_motor_vehicle,2006,-0.34074
net_cost_full_proportional_sept29_low,income,v4_personal_motor_vehicle,2007,-0.345015
net_cost_full_proportional_sept29_low,income,v4_personal_motor_vehicle,2008,-0.350309
net_cost_full_proportional_sept29_low,income,v4_personal_motor_vehicle,2009,-0.368949
net_cost_full_proportional_sept29_low,income,v4_personal_motor_vehicle,2010,-0.39702
net_cost_full_proportional_sept29_low,income,v4_personal_motor_vehicle,2011,-0.409108
net_cost_full_proportional_sept29_low,income,v4_personal_motor_vehicle,2012,-0.422622
net_cost_full_proportional_sept29_low,income,v4_personal_motor_vehicle,2013,-0.420916
net_cost_full_proportional_sept29_low,income,v4_personal_motor_vehicle,2014,-0.429531
net_cost_full_proportional_sept29_low,income,v4_personal_motor_vehicle,2015,-0.441639
net_cost_full_proportional_sept29_low,income,v4_personal_motor_vehicle,2016,-0.453413
net_cost_full_proportional_sept29_low,income,v4_personal_motor_vehicle,2017,-0.459297
net_cost_full_proportional_sept29_low,income,v4_personal_motor_vehicle,2018,-0.478381
net_cost_full_proportional_sept29_low,income,v4_personal_motor_vehicle,2019,-0.476409
net_cost_full_proportional_sept29_low,income,v4_personal_motor_vehicle,2020,-0.481465
net_cost_full_proportional_sept29_low,income,v4_personal_motor_vehicle,2021,-0.507392
net_cost_full_proportional_sept29_low,income,v4_personal_motor_vehicle,2022,-0.466255
net_cost_full_proportional_sept29_low,income,v4_personal_motor_vehicle,2023,-0.466277
net_cost_full_proportional_sept29_low,income,v4_personal_motor_vehicle,2024,-0.490665
net_cost_full_proportional_sept29_low,income,v4_personal_property_tax,2005,-0.767467
net_cost_full_proportional_sept29_low,income,v4_personal_property_tax,2006,-0.836178
net_cost_full_proportional_sept29_low,income,v4_personal_property_tax,2007,-0.867039
net_cost_full_proportional_sept29_low,income,v4_personal_property_tax,2008,-0.90142
net_cost_full_proportional_sept29_low,income,v4_personal_property_tax,2009,-0.97587
net_cost_full_proportional_sept29_low,income,v4_personal_property_tax,2010,-1.016382
net_cost_full_proportional_sept29_low,income,v4_personal_property_tax,2011,-0.977471
net_cost_full_proportional_sept29_low,income,v4_personal_property_tax,2012,-0.961808
net_cost_full_proportional_sept29_low,income,v4_personal_property_tax,2013,-0.989719
net_cost_full_proportional_sept29_low,income,v4_personal_property_tax,2014,-1.032259
net_cost_full_proportional_sept29_low,income,v4_personal_property_tax,2015,-1.080006
net_cost_full_proportional_sept29_low,income,v4_personal_property_tax,2016,-1.120791
net_cost_full_proportional_sept29_low,income,v4_personal_property_tax,2017,-1.153543
net_cost_full_proportional_sept29_low,income,v4_personal_property_tax,2018,-1.186945
net_cost_full_proportional_sept29_low,income,v4_personal_property_tax,2019,-1.225157
net_cost_full_proportional_sept29_low,income,v4_personal_property_tax,2020,-1.251459
net_cost_full_proportional_sept29_low,income,v4_personal_property_tax,2021,-1.259608
net_cost_full_proportional_sept29_low,income,v4_personal_property_tax,2022,-1.245613
net_cost_full_proportional_sept29_low,income,v4_personal_property_tax,2023,-1.252359
net_cost_full_proportional_sept29_low,income,v4_personal_property_tax,2024,-1.325841
net_cost_full_proportional_sept29_low,income,v4_other_personal_tax,2005,-0.000208
net_cost_full_proportional_sept29_low,income,v4_other_personal_tax,2006,-0.000201
net_cost_full_proportional_sept29_low,income,v4_other_personal_tax,2007,-0.000192
net_cost_full_proportional_sept29_low,income,v4_other_personal_tax,2008,-0.000179
net_cost_full_proportional_sept29_low,income,v4_other_personal_tax,2009,-0.000148
net_cost_full_proportional_sept29_low,income,v4_other_personal_tax,2010,-0.000162
net_cost_full_proportional_sept29_low,income,v4_other_personal_tax,2011,-0.000166
net_cost_full_proportional_sept29_low,income,v4_other_personal_tax,2012,-0.000182
net_cost_full_proportional_sept29_low,income,v4_other_personal_tax,2013,-0.000191
net_cost_full_proportional_sept29_low,income,v4_other_personal_tax,2014,-0.000197
net_cost_full_proportional_sept29_low,income,v4_other_personal_tax,2015,-0.000208
net_cost_full_proportional_sept29_low,income,v4_other_personal_tax,2016,-0.000211
net_cost_full_proportional_sept29_low,income,v4_other_personal_tax,2017,-0.00021
net_cost_full_proportional_sept29_low,income,v4_other_personal_tax,2018,-0.00023
net_cost_full_proportional_sept29_low,income,v4_other_personal_tax,2019,-0.000228
net_cost_full_proportional_sept29_low,income,v4_other_personal_tax,2020,-0.000241
net_cost_full_proportional_sept29_low,income,v4_other_personal_tax,2021,-0.000324
net_cost_full_proportional_sept29_low,income,v4_other_personal_tax,2022,-0.000243
net_cost_full_proportional_sept29_low,income,v4_other_personal_tax,2023,-0.000233
net_cost_full_proportional_sept29_low,income,v4_other_personal_tax,2024,-0.000283
net_cost_full_proportional_sept29_low,income,v4_employee_oasdi,2005,-0.013871
net_cost_full_proportional_sept29_low,income,v4_employee_oasdi,2006,-0.014938
net_cost_full_proportional_sept29_low,income,v4_employee_oasdi,2007,-0.015527
net_cost_full_proportional_sept29_low,income,v4_employee_oasdi,2008,-0.016431
net_cost_full_proportional_sept29_low,income,v4_employee_oasdi,2009,-0.016172
net_cost_full_proportional_sept29_low,income,v4_employee_oasdi,2010,-0.016631
net_cost_full_proportional_sept29_low,income,v4_employee_oasdi,2011,-0.011457
net_cost_full_proportional_sept29_low,income,v4_employee_oasdi,2012,-0.011764
net_cost_full_proportional_sept29_low,income,v4_employee_oasdi,2013,-0.01791
net_cost_full_proportional_sept29_low,income,v4_employee_oasdi,2014,-0.018659
net_cost_full_proportional_sept29_low,income,v4_employee_oasdi,2015,-0.019497
net_cost_full_proportional_sept29_low,income,v4_employee_oasdi,2016,-0.019986
net_cost_full_proportional_sept29_low,income,v4_employee_oasdi,2017,-0.02076
net_cost_full_proportional_sept29_low,income,v4_employee_oasdi,2018,-0.021329
net_cost_full_proportional_sept29_low,income,v4_employee_oasdi,2019,-0.022023
net_cost_full_proportional_sept29_low,income,v4_employee_oasdi,2020,-0.021831
net_cost_full_proportional_sept29_low,income,v4_employee_oasdi,2021,-0.022501
net_cost_full_proportional_sept29_low,income,v4_employee_oasdi,2022,-0.022994
net_cost_full_proportional_sept29_low,income,v4_employee_oasdi,2023,-0.023877
net_cost_full_proportional_sept29_low,income,v4_employee_oasdi,2024,-0.025397
net_cost_full_proportional_sept29_low,income,v4_employee_hi,2005,-0.006771
net_cost_full_proportional_sept29_low,income,v4_employee_hi,2006,-0.007328
net_cost_full_proportional_sept29_low,income,v4_employee_hi,2007,-0.007687
net_cost_full_proportional_sept29_low,income,v4_employee_hi,2008,-0.008037
net_cost_full_proportional_sept29_low,income,v4_employee_hi,2009,-0.007794
net_cost_full_proportional_sept29_low,income,v4_employee_hi,2010,-0.008132
net_cost_full_proportional_sept29_low,income,v4_employee_hi,2011,-0.008374
net_cost_full_proportional_sept29_low,income,v4_employee_hi,2012,-0.008643
net_cost_full_proportional_sept29_low,income,v4_employee_hi,2013,-0.009312
net_cost_full_proportional_sept29_low,income,v4_employee_hi,2014,-0.009758
net_cost_full_proportional_sept29_low,income,v4_employee_hi,2015,-0.010236
net_cost_full_proportional_sept29_low,income,v4_employee_hi,2016,-0.010453
net_cost_full_proportional_sept29_low,income,v4_employee_hi,2017,-0.010868
net_cost_full_proportional_sept29_low,income,v4_employee_hi,2018,-0.011204
net_cost_full_proportional_sept29_low,income,v4_employee_hi,2019,-0.011574
net_cost_full_proportional_sept29_low,income,v4_employee_hi,2020,-0.011652
net_cost_full_proportional_sept29_low,income,v4_employee_hi,2021,-0.01229
net_cost_full_proportional_sept29_low,income,v4_employee_hi,2022,-0.012309
net_cost_full_proportional_sept29_low,income,v4_employee_hi,2023,-0.012644
net_cost_full_proportional_sept29_low,income,v4_employee_hi,2024,-0.013496
net_cost_full_proportional_sept29_low,income,v4_self_employment_oasdi_hi,2005,0.485696
net_cost_full_proportional_sept29_low,income,v4_self_employment_oasdi_hi,2006,0.52633
net_cost_full_proportional_sept29_low,income,v4_self_employment_oasdi_hi,2007,0.546806
net_cost_full_proportional_sept29_low,income,v4_self_employment_oasdi_hi,2008,0.567105
net_cost_full_proportional_sept29_low,income,v4_self_employment_oasdi_hi,2009,0.570108
net_cost_full_proportional_sept29_low,income,v4_self_employment_oasdi_hi,2010,0.573172
net_cost_full_proportional_sept29_low,income,v4_self_employment_oasdi_hi,2011,0.538186
net_cost_full_proportional_sept29_low,income,v4_self_employment_oasdi_hi,2012,0.536528
net_cost_full_proportional_sept29_low,income,v4_self_employment_oasdi_hi,2013,0.612267
net_cost_full_proportional_sept29_low,income,v4_self_employment_oasdi_hi,2014,0.661117
net_cost_full_proportional_sept29_low,income,v4_self_employment_oasdi_hi,2015,0.688074
net_cost_full_proportional_sept29_low,income,v4_self_employment_oasdi_hi,2016,0.694632
net_cost_full_proportional_sept29_low,income,v4_self_employment_oasdi_hi,2017,0.700755
net_cost_full_proportional_sept29_low,income,v4_self_employment_oasdi_hi,2018,0.719818
net_cost_full_proportional_sept29_low,income,v4_self_employment_oasdi_hi,2019,0.736004
net_cost_full_proportional_sept29_low,income,v4_self_employment_oasdi_hi,2020,0.73668
net_cost_full_proportional_sept29_low,income,v4_self_employment_oasdi_hi,2021,0.726859
net_cost_full_proportional_sept29_low,income,v4_self_employment_oasdi_hi,2022,0.771385
net_cost_full_proportional_sept29_low,income,v4_self_employment_oasdi_hi,2023,0.765896
net_cost_full_proportional_sept29_low,income,v4_self_employment_oasdi_hi,2024,0.783375
net_cost_full_proportional_sept29_low,income,v4_employer_oasdi,2005,-0.01398
net_cost_full_proportional_sept29_low,income,v4_employer_oasdi,2006,-0.015051
net_cost_full_proportional_sept29_low,income,v4_employer_oasdi,2007,-0.01564
net_cost_full_proportional_sept29_low,income,v4_employer_oasdi,2008,-0.01656
net_cost_full_proportional_sept29_low,income,v4_employer_oasdi,2009,-0.016305
net_cost_full_proportional_sept29_low,income,v4_employer_oasdi,2010,-0.016596
net_cost_full_proportional_sept29_low,income,v4_employer_oasdi,2011,-0.017078
net_cost_full_proportional_sept29_low,income,v4_employer_oasdi,2012,-0.017545
net_cost_full_proportional_sept29_low,income,v4_employer_oasdi,2013,-0.018038
net_cost_full_proportional_sept29_low,income,v4_employer_oasdi,2014,-0.018791
net_cost_full_proportional_sept29_low,income,v4_employer_oasdi,2015,-0.019643
net_cost_full_proportional_sept29_low,income,v4_employer_oasdi,2016,-0.02015
net_cost_full_proportional_sept29_low,income,v4_employer_oasdi,2017,-0.020928
net_cost_full_proportional_sept29_low,income,v4_employer_oasdi,2018,-0.021491
net_cost_full_proportional_sept29_low,income,v4_employer_oasdi,2019,-0.022201
net_cost_full_proportional_sept29_low,income,v4_employer_oasdi,2020,-0.022018
net_cost_full_proportional_sept29_low,income,v4_employer_oasdi,2021,-0.022673
net_cost_full_proportional_sept29_low,income,v4_employer_oasdi,2022,-0.023218
net_cost_full_proportional_sept29_low,income,v4_employer_oasdi,2023,-0.024142
net_cost_full_proportional_sept29_low,income,v4_employer_oasdi,2024,-0.025616
net_cost_full_proportional_sept29_low,income,v4_employer_hi,2005,-0.00657
net_cost_full_proportional_sept29_low,income,v4_employer_hi,2006,-0.007104
net_cost_full_proportional_sept29_low,income,v4_employer_hi,2007,-0.007448
net_cost_full_proportional_sept29_low,income,v4_employer_hi,2008,-0.007785
net_cost_full_proportional_sept29_low,income,v4_employer_hi,2009,-0.00754
net_cost_full_proportional_sept29_low,income,v4_employer_hi,2010,-0.007838
net_cost_full_proportional_sept29_low,income,v4_employer_hi,2011,-0.008086
net_cost_full_proportional_sept29_low,income,v4_employer_hi,2012,-0.008343
net_cost_full_proportional_sept29_low,income,v4_employer_hi,2013,-0.008481
net_cost_full_proportional_sept29_low,income,v4_employer_hi,2014,-0.008877
net_cost_full_proportional_sept29_low,income,v4_employer_hi,2015,-0.009301
net_cost_full_proportional_sept29_low,income,v4_employer_hi,2016,-0.009521
net_cost_full_proportional_sept29_low,income,v4_employer_hi,2017,-0.009841
net_cost_full_proportional_sept29_low,income,v4_employer_hi,2018,-0.010132
net_cost_full_proportional_sept29_low,income,v4_employer_hi,2019,-0.010444
net_cost_full_proportional_sept29_low,income,v4_employer_hi,2020,-0.010459
net_cost_full_proportional_sept29_low,income,v4_employer_hi,2021,-0.01094
net_cost_full_proportional_sept29_low,income,v4_employer_hi,2022,-0.011002
net_cost_full_proportional_sept29_low,income,v4_employer_hi,2023,-0.011303
net_cost_full_proportional_sept29_low,income,v4_employer_hi,2024,-0.012005
net_cost_full_proportional_sept29_low,income,v4_other_domestic_social_contributions,2005,-0.024666
net_cost_full_proportional_sept29_low,income,v4_other_domestic_social_contributions,2006,-0.024147
net_cost_full_proportional_sept29_low,income,v4_other_domestic_social_contributions,2007,-0.022449
net_cost_full_proportional_sept29_low,income,v4_other_domestic_social_contributions,2008,-0.02252
net_cost_full_proportional_sept29_low,income,v4_other_domestic_social_contributions,2009,-0.023413
net_cost_full_proportional_sept29_low,income,v4_other_domestic_social_contributions,2010,-0.026964
net_cost_full_proportional_sept29_low,income,v4_other_domestic_social_contributions,2011,-0.02936
net_cost_full_proportional_sept29_low,income,v4_other_domestic_social_contributions,2012,-0.030081
net_cost_full_proportional_sept29_low,income,v4_other_domestic_social_contributions,2013,-0.029521
net_cost_full_proportional_sept29_low,income,v4_other_domestic_social_contributions,2014,-0.029302
net_cost_full_proportional_sept29_low,income,v4_other_domestic_social_contributions,2015,-0.029096
net_cost_full_proportional_sept29_low,income,v4_other_domestic_social_contributions,2016,-0.028088
net_cost_full_proportional_sept29_low,income,v4_other_domestic_social_contributions,2017,-0.027188
net_cost_full_proportional_sept29_low,income,v4_other_domestic_social_contributions,2018,-0.025439
net_cost_full_proportional_sept29_low,income,v4_other_domestic_social_contributions,2019,-0.024758
net_cost_full_proportional_sept29_low,income,v4_other_domestic_social_contributions,2020,-0.02481
net_cost_full_proportional_sept29_low,income,v4_other_domestic_social_contributions,2021,-0.024436
net_cost_full_proportional_sept29_low,income,v4_other_domestic_social_contributions,2022,-0.022874
net_cost_full_proportional_sept29_low,income,v4_other_domestic_social_contributions,2023,-0.022489
net_cost_full_proportional_sept29_low,income,v4_other_domestic_social_contributions,2024,-0.023655
net_cost_full_proportional_sept29_low,income,v4_general_sales_tax,2005,-3.277797
net_cost_full_proportional_sept29_low,income,v4_general_sales_tax,2006,-3.591555
net_cost_full_proportional_sept29_low,income,v4_general_sales_tax,2007,-3.655248
net_cost_full_proportional_sept29_low,income,v4_general_sales_tax,2008,-3.740647
net_cost_full_proportional_sept29_low,income,v4_general_sales_tax,2009,-3.527219
net_cost_full_proportional_sept29_low,income,v4_general_sales_tax,2010,-3.790496
net_cost_full_proportional_sept29_low,income,v4_general_sales_tax,2011,-3.960723
net_cost_full_proportional_sept29_low,income,v4_general_sales_tax,2012,-4.077892
net_cost_full_proportional_sept29_low,income,v4_general_sales_tax,2013,-4.280423
net_cost_full_proportional_sept29_low,income,v4_general_sales_tax,2014,-4.487004
net_cost_full_proportional_sept29_low,income,v4_general_sales_tax,2015,-4.616984
net_cost_full_proportional_sept29_low,income,v4_general_sales_tax,2016,-4.731162
net_cost_full_proportional_sept29_low,income,v4_general_sales_tax,2017,-4.923051
net_cost_full_proportional_sept29_low,income,v4_general_sales_tax,2018,-5.079845
net_cost_full_proportional_sept29_low,income,v4_general_sales_tax,2019,-5.254397
net_cost_full_proportional_sept29_low,income,v4_general_sales_tax,2020,-5.126532
net_cost_full_proportional_sept29_low,income,v4_general_sales_tax,2021,-5.750493
net_cost_full_proportional_sept29_low,income,v4_general_sales_tax,2022,-5.966895
net_cost_full_proportional_sept29_low,income,v4_general_sales_tax,2023,-5.880359
net_cost_full_proportional_sept29_low,income,v4_general_sales_tax,2024,-5.964449
net_cost_full_proportional_sept29_low,income,v4_modeled_owner_property,2005,-10.797661
net_cost_full_proportional_sept29_low,income,v4_modeled_owner_property,2006,-11.726867
net_cost_full_proportional_sept29_low,income,v4_modeled_owner_property,2007,-12.523815
net_cost_full_proportional_sept29_low,income,v4_modeled_owner_property,2008,-13.208914
net_cost_full_proportional_sept29_low,income,v4_modeled_owner_property,2009,-14.187624
net_cost_full_proportional_sept29_low,income,v4_modeled_owner_property,2010,-14.410243
net_cost_full_proportional_sept29_low,income,v4_modeled_owner_property,2011,-14.296481
net_cost_full_proportional_sept29_low,income,v4_modeled_owner_property,2012,-14.288774
net_cost_full_proportional_sept29_low,income,v4_modeled_owner_property,2013,-14.516133
net_cost_full_proportional_sept29_low,income,v4_modeled_owner_property,2014,-15.035348
net_cost_full_proportional_sept29_low,income,v4_modeled_owner_property,2015,-15.484062
net_cost_full_proportional_sept29_low,income,v4_modeled_owner_property,2016,-16.077656
net_cost_full_proportional_sept29_low,income,v4_modeled_owner_property,2017,-16.637568
net_cost_full_proportional_sept29_low,income,v4_modeled_owner_property,2018,-16.89927
net_cost_full_proportional_sept29_low,income,v4_modeled_owner_property,2019,-17.649307
net_cost_full_proportional_sept29_low,income,v4_modeled_owner_property,2020,-17.901037
net_cost_full_proportional_sept29_low,income,v4_modeled_owner_property,2021,-18.0086
net_cost_full_proportional_sept29_low,income,v4_modeled_owner_property,2022,-17.42665
net_cost_full_proportional_sept29_low,income,v4_modeled_owner_property,2023,-17.79145
net_cost_full_proportional_sept29_low,income,v4_modeled_owner_property,2024,-19.049721
net_cost_full_proportional_sept29_low,income,v4_excise_selective_sales,2005,-1.032916
net_cost_full_proportional_sept29_low,income,v4_excise_selective_sales,2006,-1.092201
net_cost_full_proportional_sept29_low,income,v4_excise_selective_sales,2007,-1.088884
net_cost_full_proportional_sept29_low,income,v4_excise_selective_sales,2008,-1.110105
net_cost_full_proportional_sept29_low,income,v4_excise_selective_sales,2009,-1.145425
net_cost_full_proportional_sept29_low,income,v4_excise_selective_sales,2010,-1.224801
net_cost_full_proportional_sept29_low,income,v4_excise_selective_sales,2011,-1.292104
net_cost_full_proportional_sept29_low,income,v4_excise_selective_sales,2012,-1.329648
net_cost_full_proportional_sept29_low,income,v4_excise_selective_sales,2013,-1.389688
net_cost_full_proportional_sept29_low,income,v4_excise_selective_sales,2014,-1.450489
net_cost_full_proportional_sept29_low,income,v4_excise_selective_sales,2015,-1.500691
net_cost_full_proportional_sept29_low,income,v4_excise_selective_sales,2016,-1.500928
net_cost_full_proportional_sept29_low,income,v4_excise_selective_sales,2017,-1.494304
net_cost_full_proportional_sept29_low,income,v4_excise_selective_sales,2018,-1.609623
net_cost_full_proportional_sept29_low,income,v4_excise_selective_sales,2019,-1.555792
net_cost_full_proportional_sept29_low,income,v4_excise_selective_sales,2020,-1.436704
net_cost_full_proportional_sept29_low,income,v4_excise_selective_sales,2021,-1.494233
net_cost_full_proportional_sept29_low,income,v4_excise_selective_sales,2022,-1.487043
net_cost_full_proportional_sept29_low,income,v4_excise_selective_sales,2023,-1.50706
net_cost_full_proportional_sept29_low,income,v4_excise_selective_sales,2024,-1.579004
net_cost_full_proportional_sept29_low,income,v4_customs_duties,2005,-0.014555
net_cost_full_proportional_sept29_low,income,v4_customs_duties,2006,-0.01559
net_cost_full_proportional_sept29_low,income,v4_customs_duties,2007,-0.016694
net_cost_full_proportional_sept29_low,income,v4_customs_duties,2008,-0.017366
net_cost_full_proportional_sept29_low,income,v4_customs_duties,2009,-0.013921
net_cost_full_proportional_sept29_low,income,v4_customs_duties,2010,-0.017563
net_cost_full_proportional_sept29_low,income,v4_customs_duties,2011,-0.019398
net_cost_full_proportional_sept29_low,income,v4_customs_duties,2012,-0.020136
net_cost_full_proportional_sept29_low,income,v4_customs_duties,2013,-0.021138
net_cost_full_proportional_sept29_low,income,v4_customs_duties,2014,-0.022176
net_cost_full_proportional_sept29_low,income,v4_customs_duties,2015,-0.022545
net_cost_full_proportional_sept29_low,income,v4_customs_duties,2016,-0.022098
net_cost_full_proportional_sept29_low,income,v4_customs_duties,2017,-0.022373
net_cost_full_proportional_sept29_low,income,v4_customs_duties,2018,-0.030345
net_cost_full_proportional_sept29_low,income,v4_customs_duties,2019,-0.043567
net_cost_full_proportional_sept29_low,income,v4_customs_duties,2020,-0.037818
net_cost_full_proportional_sept29_low,income,v4_customs_duties,2021,-0.046895
net_cost_full_proportional_sept29_low,income,v4_customs_duties,2022,-0.050245
net_cost_full_proportional_sept29_low,income,v4_customs_duties,2023,-0.038928
net_cost_full_proportional_sept29_low,income,v4_customs_duties,2024,-0.039564
net_cost_full_proportional_sept29_low,income,v4_personal_current_transfers,2005,-0.041149
net_cost_full_proportional_sept29_low,income,v4_personal_current_transfers,2006,-0.04398
net_cost_full_proportional_sept29_low,income,v4_personal_current_transfers,2007,-0.045906
net_cost_full_proportional_sept29_low,income,v4_personal_current_transfers,2008,-0.048086
net_cost_full_proportional_sept29_low,income,v4_personal_current_transfers,2009,-0.048286
net_cost_full_proportional_sept29_low,income,v4_personal_current_transfers,2010,-0.048756
net_cost_full_proportional_sept29_low,income,v4_personal_current_transfers,2011,-0.049982
net_cost_full_proportional_sept29_low,income,v4_personal_current_transfers,2012,-0.051869
net_cost_full_proportional_sept29_low,income,v4_personal_current_transfers,2013,-0.051852
net_cost_full_proportional_sept29_low,income,v4_personal_current_transfers,2014,-0.054575
net_cost_full_proportional_sept29_low,income,v4_personal_current_transfers,2015,-0.058445
net_cost_full_proportional_sept29_low,income,v4_personal_current_transfers,2016,-0.059843
net_cost_full_proportional_sept29_low,income,v4_personal_current_transfers,2017,-0.060759
net_cost_full_proportional_sept29_low,income,v4_personal_current_transfers,2018,-0.063366
net_cost_full_proportional_sept29_low,income,v4_personal_current_transfers,2019,-0.064204
net_cost_full_proportional_sept29_low,income,v4_personal_current_transfers,2020,-0.060241
net_cost_full_proportional_sept29_low,income,v4_personal_current_transfers,2021,-0.063942
net_cost_full_proportional_sept29_low,income,v4_personal_current_transfers,2022,-0.065387
net_cost_full_proportional_sept29_low,income,v4_personal_current_transfers,2023,-0.064745
net_cost_full_proportional_sept29_low,income,v4_personal_current_transfers,2024,-0.06677
net_cost_full_proportional_sept29_low,income,v4_enterprise_surplus,2005,-2.503726
net_cost_full_proportional_sept29_low,income,v4_enterprise_surplus,2006,-2.952321
net_cost_full_proportional_sept29_low,income,v4_enterprise_surplus,2007,-3.447297
net_cost_full_proportional_sept29_low,income,v4_enterprise_surplus,2008,-3.678934
net_cost_full_proportional_sept29_low,income,v4_enterprise_surplus,2009,-3.664178
net_cost_full_proportional_sept29_low,income,v4_enterprise_surplus,2010,-4.181428
net_cost_full_proportional_sept29_low,income,v4_enterprise_surplus,2011,-4.084417
net_cost_full_proportional_sept29_low,income,v4_enterprise_surplus,2012,-3.926847
net_cost_full_proportional_sept29_low,income,v4_enterprise_surplus,2013,-3.846798
net_cost_full_proportional_sept29_low,income,v4_enterprise_surplus,2014,-3.664412
net_cost_full_proportional_sept29_low,income,v4_enterprise_surplus,2015,-3.51675
net_cost_full_proportional_sept29_low,income,v4_enterprise_surplus,2016,-3.495736
net_cost_full_proportional_sept29_low,income,v4_enterprise_surplus,2017,-3.823023
net_cost_full_proportional_sept29_low,income,v4_enterprise_surplus,2018,-3.730925
net_cost_full_proportional_sept29_low,income,v4_enterprise_surplus,2019,-3.819824
net_cost_full_proportional_sept29_low,income,v4_enterprise_surplus,2020,-4.049058
net_cost_full_proportional_sept29_low,income,v4_enterprise_surplus,2021,-4.820664
net_cost_full_proportional_sept29_low,income,v4_enterprise_surplus,2022,-4.96395
net_cost_full_proportional_sept29_low,income,v4_enterprise_surplus,2023,-4.810999
net_cost_full_proportional_sept29_low,income,v4_enterprise_surplus,2024,-4.721933
net_cost_full_proportional_sept29_low,income,v4_housing_enterprise_surplus,2005,1.827211
net_cost_full_proportional_sept29_low,income,v4_housing_enterprise_surplus,2006,2.126554
net_cost_full_proportional_sept29_low,income,v4_housing_enterprise_surplus,2007,2.449806
net_cost_full_proportional_sept29_low,income,v4_housing_enterprise_surplus,2008,2.607238
net_cost_full_proportional_sept29_low,income,v4_housing_enterprise_surplus,2009,2.626756
net_cost_full_proportional_sept29_low,income,v4_housing_enterprise_surplus,2010,2.961883
net_cost_full_proportional_sept29_low,income,v4_housing_enterprise_surplus,2011,2.910175
net_cost_full_proportional_sept29_low,income,v4_housing_enterprise_surplus,2012,2.797712
net_cost_full_proportional_sept29_low,income,v4_housing_enterprise_surplus,2013,2.743425
net_cost_full_proportional_sept29_low,income,v4_housing_enterprise_surplus,2014,2.630119
net_cost_full_proportional_sept29_low,income,v4_housing_enterprise_surplus,2015,2.542959
net_cost_full_proportional_sept29_low,income,v4_housing_enterprise_surplus,2016,2.550165
net_cost_full_proportional_sept29_low,income,v4_housing_enterprise_surplus,2017,2.741839
net_cost_full_proportional_sept29_low,income,v4_housing_enterprise_surplus,2018,2.701432
net_cost_full_proportional_sept29_low,income,v4_housing_enterprise_surplus,2019,2.763861
net_cost_full_proportional_sept29_low,income,v4_housing_enterprise_surplus,2020,2.936091
net_cost_full_proportional_sept29_low,income,v4_housing_enterprise_surplus,2021,3.424592
net_cost_full_proportional_sept29_low,income,v4_housing_enterprise_surplus,2022,3.512909
net_cost_full_proportional_sept29_low,income,v4_housing_enterprise_surplus,2023,3.441981
net_cost_full_proportional_sept29_low,income,v4_housing_enterprise_surplus,2024,3.426129
net_cost_full_proportional_sept29_low,income,v4_tenant_occupied_property,2005,-3.860441
net_cost_full_proportional_sept29_low,income,v4_tenant_occupied_property,2006,-4.192655
net_cost_full_proportional_sept29_low,income,v4_tenant_occupied_property,2007,-4.477585
net_cost_full_proportional_sept29_low,income,v4_tenant_occupied_property,2008,-4.722525
net_cost_full_proportional_sept29_low,income,v4_tenant_occupied_property,2009,-5.072439
net_cost_full_proportional_sept29_low,income,v4_tenant_occupied_property,2010,-5.152031
net_cost_full_proportional_sept29_low,income,v4_tenant_occupied_property,2011,-5.111359
net_cost_full_proportional_sept29_low,income,v4_tenant_occupied_property,2012,-5.108603
net_cost_full_proportional_sept29_low,income,v4_tenant_occupied_property,2013,-5.18989
net_cost_full_proportional_sept29_low,income,v4_tenant_occupied_property,2014,-5.375522
net_cost_full_proportional_sept29_low,income,v4_tenant_occupied_property,2015,-5.535949
net_cost_full_proportional_sept29_low,income,v4_tenant_occupied_property,2016,-5.748174
net_cost_full_proportional_sept29_low,income,v4_tenant_occupied_property,2017,-5.948357
net_cost_full_proportional_sept29_low,income,v4_tenant_occupied_property,2018,-6.041922
net_cost_full_proportional_sept29_low,income,v4_tenant_occupied_property,2019,-6.31008
net_cost_full_proportional_sept29_low,income,v4_tenant_occupied_property,2020,-6.40008
net_cost_full_proportional_sept29_low,income,v4_tenant_occupied_property,2021,-6.438536
net_cost_full_proportional_sept29_low,income,v4_tenant_occupied_property,2022,-6.230474
net_cost_full_proportional_sept29_low,income,v4_tenant_occupied_property,2023,-6.360899
net_cost_full_proportional_sept29_low,income,v4_tenant_occupied_property,2024,-6.810763
net_cost_full_proportional_sept29_low,income,v4_social_security_accrual,2005,60.167639
net_cost_full_proportional_sept29_low,income,v4_social_security_accrual,2006,64.812211
net_cost_full_proportional_sept29_low,income,v4_social_security_accrual,2007,67.355257
net_cost_full_proportional_sept29_low,income,v4_social_security_accrual,2008,71.211275
net_cost_full_proportional_sept29_low,income,v4_social_security_accrual,2009,70.188859
net_cost_full_proportional_sept29_low,income,v4_social_security_accrual,2010,71.733842
net_cost_full_proportional_sept29_low,income,v4_social_security_accrual,2011,61.950331
net_cost_full_proportional_sept29_low,income,v4_social_security_accrual,2012,63.509828
net_cost_full_proportional_sept29_low,income,v4_social_security_accrual,2013,77.549139
net_cost_full_proportional_sept29_low,income,v4_social_security_accrual,2014,80.965546
net_cost_full_proportional_sept29_low,income,v4_social_security_accrual,2015,84.59908
net_cost_full_proportional_sept29_low,income,v4_social_security_accrual,2016,86.669142
net_cost_full_proportional_sept29_low,income,v4_social_security_accrual,2017,89.862143
net_cost_full_proportional_sept29_low,income,v4_social_security_accrual,2018,92.305047
net_cost_full_proportional_sept29_low,income,v4_social_security_accrual,2019,95.27497
net_cost_full_proportional_sept29_low,income,v4_social_security_accrual,2020,94.51838
net_cost_full_proportional_sept29_low,income,v4_social_security_accrual,2021,97.133385
net_cost_full_proportional_sept29_low,income,v4_social_security_accrual,2022,99.575085
net_cost_full_proportional_sept29_low,income,v4_social_security_accrual,2023,103.200947
net_cost_full_proportional_sept29_low,income,v4_social_security_accrual,2024,109.406993
net_cost_full_proportional_sept29_low,income,v4_social_security_cash,2005,-24.180083
net_cost_full_proportional_sept29_low,income,v4_social_security_cash,2006,-26.090654
net_cost_full_proportional_sept29_low,income,v4_social_security_cash,2007,-27.396674
net_cost_full_proportional_sept29_low,income,v4_social_security_cash,2008,-29.519213
net_cost_full_proportional_sept29_low,income,v4_social_security_cash,2009,-32.89824
net_cost_full_proportional_sept29_low,income,v4_social_security_cash,2010,-34.787196
net_cost_full_proportional_sept29_low,income,v4_social_security_cash,2011,-35.613942
net_cost_full_proportional_sept29_low,income,v4_social_security_cash,2012,-37.601144
net_cost_full_proportional_sept29_low,income,v4_social_security_cash,2013,-39.090772
net_cost_full_proportional_sept29_low,income,v4_social_security_cash,2014,-40.664899
net_cost_full_proportional_sept29_low,income,v4_social_security_cash,2015,-42.319539
net_cost_full_proportional_sept29_low,income,v4_social_security_cash,2016,-43.324226
net_cost_full_proportional_sept29_low,income,v4_social_security_cash,2017,-44.161403
net_cost_full_proportional_sept29_low,income,v4_social_security_cash,2018,-45.457608
net_cost_full_proportional_sept29_low,income,v4_social_security_cash,2019,-47.41026
net_cost_full_proportional_sept29_low,income,v4_social_security_cash,2020,-48.759632
net_cost_full_proportional_sept29_low,income,v4_social_security_cash,2021,-48.15387
net_cost_full_proportional_sept29_low,income,v4_social_security_cash,2022,-48.828393
net_cost_full_proportional_sept29_low,income,v4_social_security_cash,2023,-53.118054
net_cost_full_proportional_sept29_low,income,v4_social_security_cash,2024,-56.258695
net_cost_full_proportional_sept29_low,income,v4_medicare_part_a_accrual,2005,21.694984
net_cost_full_proportional_sept29_low,income,v4_medicare_part_a_accrual,2006,23.473104
net_cost_full_proportional_sept29_low,income,v4_medicare_part_a_accrual,2007,24.60404
net_cost_full_proportional_sept29_low,income,v4_medicare_part_a_accrual,2008,25.710079
net_cost_full_proportional_sept29_low,income,v4_medicare_part_a_accrual,2009,24.965225
net_cost_full_proportional_sept29_low,income,v4_medicare_part_a_accrual,2010,25.952815
net_cost_full_proportional_sept29_low,income,v4_medicare_part_a_accrual,2011,26.628823
net_cost_full_proportional_sept29_low,income,v4_medicare_part_a_accrual,2012,27.435178
net_cost_full_proportional_sept29_low,income,v4_medicare_part_a_accrual,2013,28.853986
net_cost_full_proportional_sept29_low,income,v4_medicare_part_a_accrual,2014,30.264806
net_cost_full_proportional_sept29_low,income,v4_medicare_part_a_accrual,2015,31.720002
net_cost_full_proportional_sept29_low,income,v4_medicare_part_a_accrual,2016,32.407806
net_cost_full_proportional_sept29_low,income,v4_medicare_part_a_accrual,2017,33.55406
net_cost_full_proportional_sept29_low,income,v4_medicare_part_a_accrual,2018,34.565883
net_cost_full_proportional_sept29_low,income,v4_medicare_part_a_accrual,2019,35.655985
net_cost_full_proportional_sept29_low,income,v4_medicare_part_a_accrual,2020,35.799914
net_cost_full_proportional_sept29_low,income,v4_medicare_part_a_accrual,2021,37.504551
net_cost_full_proportional_sept29_low,income,v4_medicare_part_a_accrual,2022,37.73154
net_cost_full_proportional_sept29_low,income,v4_medicare_part_a_accrual,2023,38.699694
net_cost_full_proportional_sept29_low,income,v4_medicare_part_a_accrual,2024,41.137128
net_cost_full_proportional_sept29_low,income,v4_medicare_cash,2005,-7.190728
net_cost_full_proportional_sept29_low,income,v4_medicare_cash,2006,-8.786111
net_cost_full_proportional_sept29_low,income,v4_medicare_cash,2007,-9.355838
net_cost_full_proportional_sept29_low,income,v4_medicare_cash,2008,-10.33086
net_cost_full_proportional_sept29_low,income,v4_medicare_cash,2009,-11.204667
net_cost_full_proportional_sept29_low,income,v4_medicare_cash,2010,-11.879719
net_cost_full_proportional_sept29_low,income,v4_medicare_cash,2011,-12.27771
net_cost_full_proportional_sept29_low,income,v4_medicare_cash,2012,-12.564899
net_cost_full_proportional_sept29_low,income,v4_medicare_cash,2013,-12.865809
net_cost_full_proportional_sept29_low,income,v4_medicare_cash,2014,-13.420687
net_cost_full_proportional_sept29_low,income,v4_medicare_cash,2015,-14.150034
net_cost_full_proportional_sept29_low,income,v4_medicare_cash,2016,-14.689968
net_cost_full_proportional_sept29_low,income,v4_medicare_cash,2017,-15.14589
net_cost_full_proportional_sept29_low,income,v4_medicare_cash,2018,-15.743278
net_cost_full_proportional_sept29_low,income,v4_medicare_cash,2019,-16.692493
net_cost_full_proportional_sept29_low,income,v4_medicare_cash,2020,-17.182349
net_cost_full_proportional_sept29_low,income,v4_medicare_cash,2021,-17.57827
net_cost_full_proportional_sept29_low,income,v4_medicare_cash,2022,-17.437917
net_cost_full_proportional_sept29_low,income,v4_medicare_cash,2023,-18.417167
net_cost_full_proportional_sept29_low,income,v4_medicare_cash,2024,-19.663109
net_cost_full_proportional_sept29_low,income,v4_workers_compensation,2005,-1.460833
net_cost_full_proportional_sept29_low,income,v4_workers_compensation,2006,-1.421977
net_cost_full_proportional_sept29_low,income,v4_workers_compensation,2007,-1.404289
net_cost_full_proportional_sept29_low,income,v4_workers_compensation,2008,-1.436006
net_cost_full_proportional_sept29_low,income,v4_workers_compensation,2009,-1.466765
net_cost_full_proportional_sept29_low,income,v4_workers_compensation,2010,-1.474444
net_cost_full_proportional_sept29_low,income,v4_workers_compensation,2011,-1.40615
net_cost_full_proportional_sept29_low,income,v4_workers_compensation,2012,-1.33133
net_cost_full_proportional_sept29_low,income,v4_workers_compensation,2013,-1.312437
net_cost_full_proportional_sept29_low,income,v4_workers_compensation,2014,-1.316334
net_cost_full_proportional_sept29_low,income,v4_workers_compensation,2015,-1.262628
net_cost_full_proportional_sept29_low,income,v4_workers_compensation,2016,-1.182431
net_cost_full_proportional_sept29_low,income,v4_workers_compensation,2017,-1.095596
net_cost_full_proportional_sept29_low,income,v4_workers_compensation,2018,-1.0343
net_cost_full_proportional_sept29_low,income,v4_workers_compensation,2019,-1.028604
net_cost_full_proportional_sept29_low,income,v4_workers_compensation,2020,-1.036942
net_cost_full_proportional_sept29_low,income,v4_workers_compensation,2021,-1.007877
net_cost_full_proportional_sept29_low,income,v4_workers_compensation,2022,-0.974899
net_cost_full_proportional_sept29_low,income,v4_workers_compensation,2023,-0.951261
net_cost_full_proportional_sept29_low,income,v4_workers_compensation,2024,-0.948248
net_cost_full_proportional_sept29_low,income,v4_housing_subsidies,2005,-0.220231
net_cost_full_proportional_sept29_low,income,v4_housing_subsidies,2006,-0.23165
net_cost_full_proportional_sept29_low,income,v4_housing_subsidies,2007,-0.23721
net_cost_full_proportional_sept29_low,income,v4_housing_subsidies,2008,-0.245969
net_cost_full_proportional_sept29_low,income,v4_housing_subsidies,2009,-0.274958
net_cost_full_proportional_sept29_low,income,v4_housing_subsidies,2010,-0.278095
net_cost_full_proportional_sept29_low,income,v4_housing_subsidies,2011,-0.288653
net_cost_full_proportional_sept29_low,income,v4_housing_subsidies,2012,-0.277323
net_cost_full_proportional_sept29_low,income,v4_housing_subsidies,2013,-0.274415
net_cost_full_proportional_sept29_low,income,v4_housing_subsidies,2014,-0.278171
net_cost_full_proportional_sept29_low,income,v4_housing_subsidies,2015,-0.285785
net_cost_full_proportional_sept29_low,income,v4_housing_subsidies,2016,-0.306479
net_cost_full_proportional_sept29_low,income,v4_housing_subsidies,2017,-0.288089
net_cost_full_proportional_sept29_low,income,v4_housing_subsidies,2018,-0.306793
net_cost_full_proportional_sept29_low,income,v4_housing_subsidies,2019,-0.312164
net_cost_full_proportional_sept29_low,income,v4_housing_subsidies,2020,-0.337263
net_cost_full_proportional_sept29_low,income,v4_housing_subsidies,2021,-0.33052
net_cost_full_proportional_sept29_low,income,v4_housing_subsidies,2022,-0.32687
net_cost_full_proportional_sept29_low,income,v4_housing_subsidies,2023,-0.354112
net_cost_full_proportional_sept29_low,income,v4_housing_subsidies,2024,-0.395426
net_cost_full_proportional_sept29_low,income,v4_roads_vmt_sl,2005,1.811812
net_cost_full_proportional_sept29_low,income,v4_roads_vmt_sl,2006,1.951826
net_cost_full_proportional_sept29_low,income,v4_roads_vmt_sl,2007,2.086191
net_cost_full_proportional_sept29_low,income,v4_roads_vmt_sl,2008,2.254701
net_cost_full_proportional_sept29_low,income,v4_roads_vmt_sl,2009,2.357521
net_cost_full_proportional_sept29_low,income,v4_roads_vmt_sl,2010,2.518164
net_cost_full_proportional_sept29_low,income,v4_roads_vmt_sl,2011,2.424316
net_cost_full_proportional_sept29_low,income,v4_roads_vmt_sl,2012,2.433697
net_cost_full_proportional_sept29_low,income,v4_roads_vmt_sl,2013,2.418617
net_cost_full_proportional_sept29_low,income,v4_roads_vmt_sl,2014,2.43529
net_cost_full_proportional_sept29_low,income,v4_roads_vmt_sl,2015,2.479413
net_cost_full_proportional_sept29_low,income,v4_roads_vmt_sl,2016,2.491981
net_cost_full_proportional_sept29_low,income,v4_roads_vmt_sl,2017,2.517073
net_cost_full_proportional_sept29_low,income,v4_roads_vmt_sl,2018,2.610173
net_cost_full_proportional_sept29_low,income,v4_roads_vmt_sl,2019,2.66061
net_cost_full_proportional_sept29_low,income,v4_roads_vmt_sl,2020,2.83195
net_cost_full_proportional_sept29_low,income,v4_roads_vmt_sl,2021,2.929627
net_cost_full_proportional_sept29_low,income,v4_roads_vmt_sl,2022,2.672771
net_cost_full_proportional_sept29_low,income,v4_roads_vmt_sl,2023,2.810474
net_cost_full_proportional_sept29_low,income,v4_roads_vmt_sl,2024,3.030873
net_cost_full_proportional_sept29_low,income,v4_roads_vmt_fed,2005,0.016468
net_cost_full_proportional_sept29_low,income,v4_roads_vmt_fed,2006,0.017741
net_cost_full_proportional_sept29_low,income,v4_roads_vmt_fed,2007,0.018962
net_cost_full_proportional_sept29_low,income,v4_roads_vmt_fed,2008,0.020494
net_cost_full_proportional_sept29_low,income,v4_roads_vmt_fed,2009,0.021428
net_cost_full_proportional_sept29_low,income,v4_roads_vmt_fed,2010,0.022888
net_cost_full_proportional_sept29_low,income,v4_roads_vmt_fed,2011,0.022035
net_cost_full_proportional_sept29_low,income,v4_roads_vmt_fed,2012,0.022121
net_cost_full_proportional_sept29_low,income,v4_roads_vmt_fed,2013,0.021984
net_cost_full_proportional_sept29_low,income,v4_roads_vmt_fed,2014,0.022135
net_cost_full_proportional_sept29_low,income,v4_roads_vmt_fed,2015,0.022536
net_cost_full_proportional_sept29_low,income,v4_roads_vmt_fed,2016,0.02265
net_cost_full_proportional_sept29_low,income,v4_roads_vmt_fed,2017,0.022878
net_cost_full_proportional_sept29_low,income,v4_roads_vmt_fed,2018,0.023725
net_cost_full_proportional_sept29_low,income,v4_roads_vmt_fed,2019,0.024183
net_cost_full_proportional_sept29_low,income,v4_roads_vmt_fed,2020,0.025741
net_cost_full_proportional_sept29_low,income,v4_roads_vmt_fed,2021,0.026628
net_cost_full_proportional_sept29_low,income,v4_roads_vmt_fed,2022,0.024294
net_cost_full_proportional_sept29_low,income,v4_roads_vmt_fed,2023,0.025545
net_cost_full_proportional_sept29_low,income,v4_roads_vmt_fed,2024,0.027549
net_cost_full_proportional_sept29_low,income,v4_state_price_public_order_safety,2005,3.965503
net_cost_full_proportional_sept29_low,income,v4_state_price_public_order_safety,2006,4.271391
net_cost_full_proportional_sept29_low,income,v4_state_price_public_order_safety,2007,4.540088
net_cost_full_proportional_sept29_low,income,v4_state_price_public_order_safety,2008,4.976384
net_cost_full_proportional_sept29_low,income,v4_state_price_public_order_safety,2009,5.160955
net_cost_full_proportional_sept29_low,income,v4_state_price_public_order_safety,2010,5.325699
net_cost_full_proportional_sept29_low,income,v4_state_price_public_order_safety,2011,5.285089
net_cost_full_proportional_sept29_low,income,v4_state_price_public_order_safety,2012,5.218946
net_cost_full_proportional_sept29_low,income,v4_state_price_public_order_safety,2013,5.259246
net_cost_full_proportional_sept29_low,income,v4_state_price_public_order_safety,2014,5.416172
net_cost_full_proportional_sept29_low,income,v4_state_price_public_order_safety,2015,5.587511
net_cost_full_proportional_sept29_low,income,v4_state_price_public_order_safety,2016,5.702635
net_cost_full_proportional_sept29_low,income,v4_state_price_public_order_safety,2017,5.778418
net_cost_full_proportional_sept29_low,income,v4_state_price_public_order_safety,2018,5.98692
net_cost_full_proportional_sept29_low,income,v4_state_price_public_order_safety,2019,6.164208
net_cost_full_proportional_sept29_low,income,v4_state_price_public_order_safety,2020,6.117848
net_cost_full_proportional_sept29_low,income,v4_state_price_public_order_safety,2021,6.087745
net_cost_full_proportional_sept29_low,income,v4_state_price_public_order_safety,2022,6.020063
net_cost_full_proportional_sept29_low,income,v4_state_price_public_order_safety,2023,6.134277
net_cost_full_proportional_sept29_low,income,v4_state_price_public_order_safety,2024,6.412327
net_cost_full_proportional_sept29_low,income,v4_state_price_health_services,2005,0.753417
net_cost_full_proportional_sept29_low,income,v4_state_price_health_services,2006,0.782122
net_cost_full_proportional_sept29_low,income,v4_state_price_health_services,2007,0.873246
net_cost_full_proportional_sept29_low,income,v4_state_price_health_services,2008,1.006597
net_cost_full_proportional_sept29_low,income,v4_state_price_health_services,2009,1.070242
net_cost_full_proportional_sept29_low,income,v4_state_price_health_services,2010,1.111723
net_cost_full_proportional_sept29_low,income,v4_state_price_health_services,2011,1.135421
net_cost_full_proportional_sept29_low,income,v4_state_price_health_services,2012,1.145527
net_cost_full_proportional_sept29_low,income,v4_state_price_health_services,2013,1.18334
net_cost_full_proportional_sept29_low,income,v4_state_price_health_services,2014,1.211267
net_cost_full_proportional_sept29_low,income,v4_state_price_health_services,2015,1.249169
net_cost_full_proportional_sept29_low,income,v4_state_price_health_services,2016,1.307727
net_cost_full_proportional_sept29_low,income,v4_state_price_health_services,2017,1.262527
net_cost_full_proportional_sept29_low,income,v4_state_price_health_services,2018,1.33092
net_cost_full_proportional_sept29_low,income,v4_state_price_health_services,2019,1.462938
net_cost_full_proportional_sept29_low,income,v4_state_price_health_services,2020,1.706024
net_cost_full_proportional_sept29_low,income,v4_state_price_health_services,2021,1.774395
net_cost_full_proportional_sept29_low,income,v4_state_price_health_services,2022,1.776037
net_cost_full_proportional_sept29_low,income,v4_state_price_health_services,2023,1.738171
net_cost_full_proportional_sept29_low,income,v4_state_price_health_services,2024,1.799632
net_cost_full_proportional_sept29_low,income,v4_state_price_recreation_culture,2005,0.259162
net_cost_full_proportional_sept29_low,income,v4_state_price_recreation_culture,2006,0.282414
net_cost_full_proportional_sept29_low,income,v4_state_price_recreation_culture,2007,0.296791
net_cost_full_proportional_sept29_low,income,v4_state_price_recreation_culture,2008,0.321649
net_cost_full_proportional_sept29_low,income,v4_state_price_recreation_culture,2009,0.331094
net_cost_full_proportional_sept29_low,income,v4_state_price_recreation_culture,2010,0.33823
net_cost_full_proportional_sept29_low,income,v4_state_price_recreation_culture,2011,0.325142
net_cost_full_proportional_sept29_low,income,v4_state_price_recreation_culture,2012,0.320148
net_cost_full_proportional_sept29_low,income,v4_state_price_recreation_culture,2013,0.329379
net_cost_full_proportional_sept29_low,income,v4_state_price_recreation_culture,2014,0.338607
net_cost_full_proportional_sept29_low,income,v4_state_price_recreation_culture,2015,0.348418
net_cost_full_proportional_sept29_low,income,v4_state_price_recreation_culture,2016,0.365307
net_cost_full_proportional_sept29_low,income,v4_state_price_recreation_culture,2017,0.372682
net_cost_full_proportional_sept29_low,income,v4_state_price_recreation_culture,2018,0.385988
net_cost_full_proportional_sept29_low,income,v4_state_price_recreation_culture,2019,0.40414
net_cost_full_proportional_sept29_low,income,v4_state_price_recreation_culture,2020,0.397806
net_cost_full_proportional_sept29_low,income,v4_state_price_recreation_culture,2021,0.38796
net_cost_full_proportional_sept29_low,income,v4_state_price_recreation_culture,2022,0.406659
net_cost_full_proportional_sept29_low,income,v4_state_price_recreation_culture,2023,0.411687
net_cost_full_proportional_sept29_low,income,v4_state_price_recreation_culture,2024,0.427908
net_cost_full_proportional_sept29_low,income,v4_production_private,2005,0.248035
net_cost_full_proportional_sept29_low,income,v4_production_private,2006,0.267221
net_cost_full_proportional_sept29_low,income,v4_production_private,2007,0.277859
net_cost_full_proportional_sept29_low,income,v4_production_private,2008,0.290421
net_cost_full_proportional_sept29_low,income,v4_production_private,2009,0.289134
net_cost_full_proportional_sept29_low,income,v4_production_private,2010,0.305956
net_cost_full_proportional_sept29_low,income,v4_production_private,2011,0.314181
net_cost_full_proportional_sept29_low,income,v4_production_private,2012,0.323458
net_cost_full_proportional_sept29_low,income,v4_production_private,2013,0.333108
net_cost_full_proportional_sept29_low,income,v4_production_private,2014,0.346039
net_cost_full_proportional_sept29_low,income,v4_production_private,2015,0.358222
net_cost_full_proportional_sept29_low,income,v4_production_private,2016,0.36657
net_cost_full_proportional_sept29_low,income,v4_production_private,2017,0.377237
net_cost_full_proportional_sept29_low,income,v4_production_private,2018,0.389498
net_cost_full_proportional_sept29_low,income,v4_production_private,2019,0.399631
net_cost_full_proportional_sept29_low,income,v4_production_private,2020,0.390009
net_cost_full_proportional_sept29_low,income,v4_production_private,2021,0.413449
net_cost_full_proportional_sept29_low,income,v4_production_private,2022,0.423569
net_cost_full_proportional_sept29_low,income,v4_production_private,2023,0.439124
net_cost_full_proportional_sept29_low,income,v4_production_private,2024,0.459157
net_cost_full_proportional_sept29_low,income,v4_production_receipts,2005,0.639356
net_cost_full_proportional_sept29_low,income,v4_production_receipts,2006,0.688811
net_cost_full_proportional_sept29_low,income,v4_production_receipts,2007,0.716232
net_cost_full_proportional_sept29_low,income,v4_production_receipts,2008,0.748615
net_cost_full_proportional_sept29_low,income,v4_production_receipts,2009,0.745297
net_cost_full_proportional_sept29_low,income,v4_production_receipts,2010,0.788658
net_cost_full_proportional_sept29_low,income,v4_production_receipts,2011,0.80986
net_cost_full_proportional_sept29_low,income,v4_production_receipts,2012,0.833773
net_cost_full_proportional_sept29_low,income,v4_production_receipts,2013,0.858647
net_cost_full_proportional_sept29_low,income,v4_production_receipts,2014,0.89198
net_cost_full_proportional_sept29_low,income,v4_production_receipts,2015,0.923383
net_cost_full_proportional_sept29_low,income,v4_production_receipts,2016,0.944902
net_cost_full_proportional_sept29_low,income,v4_production_receipts,2017,0.972397
net_cost_full_proportional_sept29_low,income,v4_production_receipts,2018,1.004002
net_cost_full_proportional_sept29_low,income,v4_production_receipts,2019,1.030122
net_cost_full_proportional_sept29_low,income,v4_production_receipts,2020,1.005319
net_cost_full_proportional_sept29_low,income,v4_production_receipts,2021,1.065741
net_cost_full_proportional_sept29_low,income,v4_production_receipts,2022,1.091826
net_cost_full_proportional_sept29_low,income,v4_production_receipts,2023,1.131923
net_cost_full_proportional_sept29_low,income,v4_production_receipts,2024,1.183562
net_cost_full_proportional_sept29_low,income,capital_core,2005,6.595808
net_cost_full_proportional_sept29_low,income,capital_core,2006,7.471965
net_cost_full_proportional_sept29_low,income,capital_core,2007,8.121127
net_cost_full_proportional_sept29_low,income,capital_core,2008,9.079805
net_cost_full_proportional_sept29_low,income,capital_core,2009,9.717331
net_cost_full_proportional_sept29_low,income,capital_core,2010,10.03789
net_cost_full_proportional_sept29_low,income,capital_core,2011,10.374833
net_cost_full_proportional_sept29_low,income,capital_core,2012,10.679845
net_cost_full_proportional_sept29_low,income,capital_core,2013,10.984067
net_cost_full_proportional_sept29_low,income,capital_core,2014,11.380733
net_cost_full_proportional_sept29_low,income,capital_core,2015,11.70022
net_cost_full_proportional_sept29_low,income,capital_core,2016,11.9537
net_cost_full_proportional_sept29_low,income,capital_core,2017,12.218906
net_cost_full_proportional_sept29_low,income,capital_core,2018,12.683867
net_cost_full_proportional_sept29_low,income,capital_core,2019,13.257913
net_cost_full_proportional_sept29_low,income,capital_core,2020,13.596976
net_cost_full_proportional_sept29_low,income,capital_core,2021,13.963867
net_cost_full_proportional_sept29_low,income,capital_core,2022,14.959496
net_cost_full_proportional_sept29_low,income,capital_core,2023,15.755942
net_cost_full_proportional_sept29_low,income,capital_core,2024,15.994251
net_cost_full_proportional_sept29_low,income,capital_block,2005,4.570113
net_cost_full_proportional_sept29_low,income,capital_block,2006,5.245682
net_cost_full_proportional_sept29_low,income,capital_block,2007,5.858085
net_cost_full_proportional_sept29_low,income,capital_block,2008,6.515389
net_cost_full_proportional_sept29_low,income,capital_block,2009,6.827555
net_cost_full_proportional_sept29_low,income,capital_block,2010,7.087793
net_cost_full_proportional_sept29_low,income,capital_block,2011,7.365862
net_cost_full_proportional_sept29_low,income,capital_block,2012,7.660571
net_cost_full_proportional_sept29_low,income,capital_block,2013,7.862175
net_cost_full_proportional_sept29_low,income,capital_block,2014,7.984709
net_cost_full_proportional_sept29_low,income,capital_block,2015,8.032003
net_cost_full_proportional_sept29_low,income,capital_block,2016,8.166975
net_cost_full_proportional_sept29_low,income,capital_block,2017,8.378652
net_cost_full_proportional_sept29_low,income,capital_block,2018,8.596418
net_cost_full_proportional_sept29_low,income,capital_block,2019,8.786028
net_cost_full_proportional_sept29_low,income,capital_block,2020,8.900013
net_cost_full_proportional_sept29_low,income,capital_block,2021,9.128297
net_cost_full_proportional_sept29_low,income,capital_block,2022,9.239972
net_cost_full_proportional_sept29_low,income,capital_block,2023,9.395296
net_cost_full_proportional_sept29_low,income,capital_block,2024,9.655284
net_cost_full_proportional_sept29_low,income,capital_enterprise,2005,5.091825
net_cost_full_proportional_sept29_low,income,capital_enterprise,2006,5.671809
net_cost_full_proportional_sept29_low,income,capital_enterprise,2007,6.120421
net_cost_full_proportional_sept29_low,income,capital_enterprise,2008,6.660644
net_cost_full_proportional_sept29_low,income,capital_enterprise,2009,6.959374
net_cost_full_proportional_sept29_low,income,capital_enterprise,2010,7.303035
net_cost_full_proportional_sept29_low,income,capital_enterprise,2011,7.638625
net_cost_full_proportional_sept29_low,income,capital_enterprise,2012,7.912904
net_cost_full_proportional_sept29_low,income,capital_enterprise,2013,8.145397
net_cost_full_proportional_sept29_low,income,capital_enterprise,2014,8.411184
net_cost_full_proportional_sept29_low,income,capital_enterprise,2015,8.624488
net_cost_full_proportional_sept29_low,income,capital_enterprise,2016,8.855927
net_cost_full_proportional_sept29_low,income,capital_enterprise,2017,9.107807
net_cost_full_proportional_sept29_low,income,capital_enterprise,2018,9.376753
net_cost_full_proportional_sept29_low,income,capital_enterprise,2019,9.636891
net_cost_full_proportional_sept29_low,income,capital_enterprise,2020,9.843125
net_cost_full_proportional_sept29_low,income,capital_enterprise,2021,10.240256
net_cost_full_proportional_sept29_low,income,capital_enterprise,2022,10.640487
net_cost_full_proportional_sept29_low,income,capital_enterprise,2023,11.005218
net_cost_full_proportional_sept29_low,income,capital_enterprise,2024,11.271841
net_cost_full_proportional_sept29_high,flat,base,2005,229.934635
net_cost_full_proportional_sept29_high,flat,base,2006,243.309283
net_cost_full_proportional_sept29_high,flat,base,2007,250.414926
net_cost_full_proportional_sept29_high,flat,base,2008,263.907807
net_cost_full_proportional_sept29_high,flat,base,2009,272.075424
net_cost_full_proportional_sept29_high,flat,base,2010,282.719838
net_cost_full_proportional_sept29_high,flat,base,2011,288.113623
net_cost_full_proportional_sept29_high,flat,base,2012,292.240505
net_cost_full_proportional_sept29_high,flat,base,2013,296.941006
net_cost_full_proportional_sept29_high,flat,base,2014,303.247024
net_cost_full_proportional_sept29_high,flat,base,2015,307.338053
net_cost_full_proportional_sept29_high,flat,base,2016,311.274611
net_cost_full_proportional_sept29_high,flat,base,2017,314.815545
net_cost_full_proportional_sept29_high,flat,base,2018,317.551275
net_cost_full_proportional_sept29_high,flat,base,2019,319.265811
net_cost_full_proportional_sept29_high,flat,base,2020,319.478411
net_cost_full_proportional_sept29_high,flat,base,2021,319.691011
net_cost_full_proportional_sept29_high,flat,base,2022,321.226848
net_cost_full_proportional_sept29_high,flat,base,2023,326.178382
net_cost_full_proportional_sept29_high,flat,base,2024,334.751564
net_cost_full_proportional_sept29_high,flat,long_run_economic_affairs_services,2005,0.0
net_cost_full_proportional_sept29_high,flat,long_run_economic_affairs_services,2006,0.0
net_cost_full_proportional_sept29_high,flat,long_run_economic_affairs_services,2007,0.0
net_cost_full_proportional_sept29_high,flat,long_run_economic_affairs_services,2008,0.0
net_cost_full_proportional_sept29_high,flat,long_run_economic_affairs_services,2009,0.0
net_cost_full_proportional_sept29_high,flat,long_run_economic_affairs_services,2010,0.0
net_cost_full_proportional_sept29_high,flat,long_run_economic_affairs_services,2011,0.0
net_cost_full_proportional_sept29_high,flat,long_run_economic_affairs_services,2012,0.0
net_cost_full_proportional_sept29_high,flat,long_run_economic_affairs_services,2013,0.0
net_cost_full_proportional_sept29_high,flat,long_run_economic_affairs_services,2014,0.0
net_cost_full_proportional_sept29_high,flat,long_run_economic_affairs_services,2015,0.0
net_cost_full_proportional_sept29_high,flat,long_run_economic_affairs_services,2016,0.0
net_cost_full_proportional_sept29_high,flat,long_run_economic_affairs_services,2017,0.0
net_cost_full_proportional_sept29_high,flat,long_run_economic_affairs_services,2018,0.0
net_cost_full_proportional_sept29_high,flat,long_run_economic_affairs_services,2019,0.0
net_cost_full_proportional_sept29_high,flat,long_run_economic_affairs_services,2020,0.0
net_cost_full_proportional_sept29_high,flat,long_run_economic_affairs_services,2021,0.0
net_cost_full_proportional_sept29_high,flat,long_run_economic_affairs_services,2022,0.0
net_cost_full_proportional_sept29_high,flat,long_run_economic_affairs_services,2023,0.0
net_cost_full_proportional_sept29_high,flat,long_run_economic_affairs_services,2024,0.0
net_cost_full_proportional_sept29_high,flat,long_run_recreation_culture,2005,0.0
net_cost_full_proportional_sept29_high,flat,long_run_recreation_culture,2006,0.0
net_cost_full_proportional_sept29_high,flat,long_run_recreation_culture,2007,0.0
net_cost_full_proportional_sept29_high,flat,long_run_recreation_culture,2008,0.0
net_cost_full_proportional_sept29_high,flat,long_run_recreation_culture,2009,0.0
net_cost_full_proportional_sept29_high,flat,long_run_recreation_culture,2010,0.0
net_cost_full_proportional_sept29_high,flat,long_run_recreation_culture,2011,0.0
net_cost_full_proportional_sept29_high,flat,long_run_recreation_culture,2012,0.0
net_cost_full_proportional_sept29_high,flat,long_run_recreation_culture,2013,0.0
net_cost_full_proportional_sept29_high,flat,long_run_recreation_culture,2014,0.0
net_cost_full_proportional_sept29_high,flat,long_run_recreation_culture,2015,0.0
net_cost_full_proportional_sept29_high,flat,long_run_recreation_culture,2016,0.0
net_cost_full_proportional_sept29_high,flat,long_run_recreation_culture,2017,0.0
net_cost_full_proportional_sept29_high,flat,long_run_recreation_culture,2018,0.0
net_cost_full_proportional_sept29_high,flat,long_run_recreation_culture,2019,0.0
net_cost_full_proportional_sept29_high,flat,long_run_recreation_culture,2020,0.0
net_cost_full_proportional_sept29_high,flat,long_run_recreation_culture,2021,0.0
net_cost_full_proportional_sept29_high,flat,long_run_recreation_culture,2022,0.0
net_cost_full_proportional_sept29_high,flat,long_run_recreation_culture,2023,0.0
net_cost_full_proportional_sept29_high,flat,long_run_recreation_culture,2024,0.0
net_cost_full_proportional_sept29_high,flat,rental_assistance,2005,3.112992
net_cost_full_proportional_sept29_high,flat,rental_assistance,2006,3.294066
net_cost_full_proportional_sept29_high,flat,rental_assistance,2007,3.390266
net_cost_full_proportional_sept29_high,flat,rental_assistance,2008,3.572941
net_cost_full_proportional_sept29_high,flat,rental_assistance,2009,3.683519
net_cost_full_proportional_sept29_high,flat,rental_assistance,2010,3.827629
net_cost_full_proportional_sept29_high,flat,rental_assistance,2011,3.900654
net_cost_full_proportional_sept29_high,flat,rental_assistance,2012,3.956526
net_cost_full_proportional_sept29_high,flat,rental_assistance,2013,4.020164
net_cost_full_proportional_sept29_high,flat,rental_assistance,2014,4.105539
net_cost_full_proportional_sept29_high,flat,rental_assistance,2015,4.160925
net_cost_full_proportional_sept29_high,flat,rental_assistance,2016,4.214221
net_cost_full_proportional_sept29_high,flat,rental_assistance,2017,4.26216
net_cost_full_proportional_sept29_high,flat,rental_assistance,2018,4.299198
net_cost_full_proportional_sept29_high,flat,rental_assistance,2019,4.322411
net_cost_full_proportional_sept29_high,flat,rental_assistance,2020,4.325289
net_cost_full_proportional_sept29_high,flat,rental_assistance,2021,4.328167
net_cost_full_proportional_sept29_high,flat,rental_assistance,2022,4.34896
net_cost_full_proportional_sept29_high,flat,rental_assistance,2023,4.415997
net_cost_full_proportional_sept29_high,flat,rental_assistance,2024,4.532066
net_cost_full_proportional_sept29_high,flat,enterprise_surplus,2005,3.819846
net_cost_full_proportional_sept29_high,flat,enterprise_surplus,2006,4.042036
net_cost_full_proportional_sept29_high,flat,enterprise_surplus,2007,4.16008
net_cost_full_proportional_sept29_high,flat,enterprise_surplus,2008,4.384234
net_cost_full_proportional_sept29_high,flat,enterprise_surplus,2009,4.51992
net_cost_full_proportional_sept29_high,flat,enterprise_surplus,2010,4.696753
net_cost_full_proportional_sept29_high,flat,enterprise_surplus,2011,4.786359
net_cost_full_proportional_sept29_high,flat,enterprise_surplus,2012,4.854918
net_cost_full_proportional_sept29_high,flat,enterprise_surplus,2013,4.933006
net_cost_full_proportional_sept29_high,flat,enterprise_surplus,2014,5.037766
net_cost_full_proportional_sept29_high,flat,enterprise_surplus,2015,5.10573
net_cost_full_proportional_sept29_high,flat,enterprise_surplus,2016,5.171127
net_cost_full_proportional_sept29_high,flat,enterprise_surplus,2017,5.229951
net_cost_full_proportional_sept29_high,flat,enterprise_surplus,2018,5.275399
net_cost_full_proportional_sept29_high,flat,enterprise_surplus,2019,5.303882
net_cost_full_proportional_sept29_high,flat,enterprise_surplus,2020,5.307414
net_cost_full_proportional_sept29_high,flat,enterprise_surplus,2021,5.310946
net_cost_full_proportional_sept29_high,flat,enterprise_surplus,2022,5.336461
net_cost_full_proportional_sept29_high,flat,enterprise_surplus,2023,5.418719
net_cost_full_proportional_sept29_high,flat,enterprise_surplus,2024,5.561143
net_cost_full_proportional_sept29_high,flat,v4_federal_income_tax,2005,-0.612191
net_cost_full_proportional_sept29_high,flat,v4_federal_income_tax,2006,-0.6478
net_cost_full_proportional_sept29_high,flat,v4_federal_income_tax,2007,-0.666719
net_cost_full_proportional_sept29_high,flat,v4_federal_income_tax,2008,-0.702643
net_cost_full_proportional_sept29_high,flat,v4_federal_income_tax,2009,-0.724389
net_cost_full_proportional_sept29_high,flat,v4_federal_income_tax,2010,-0.752729
net_cost_full_proportional_sept29_high,flat,v4_federal_income_tax,2011,-0.76709
net_cost_full_proportional_sept29_high,flat,v4_federal_income_tax,2012,-0.778077
net_cost_full_proportional_sept29_high,flat,v4_federal_income_tax,2013,-0.790592
net_cost_full_proportional_sept29_high,flat,v4_federal_income_tax,2014,-0.807382
net_cost_full_proportional_sept29_high,flat,v4_federal_income_tax,2015,-0.818274
net_cost_full_proportional_sept29_high,flat,v4_federal_income_tax,2016,-0.828755
net_cost_full_proportional_sept29_high,flat,v4_federal_income_tax,2017,-0.838183
net_cost_full_proportional_sept29_high,flat,v4_federal_income_tax,2018,-0.845466
net_cost_full_proportional_sept29_high,flat,v4_federal_income_tax,2019,-0.850031
net_cost_full_proportional_sept29_high,flat,v4_federal_income_tax,2020,-0.850597
net_cost_full_proportional_sept29_high,flat,v4_federal_income_tax,2021,-0.851163
net_cost_full_proportional_sept29_high,flat,v4_federal_income_tax,2022,-0.855252
net_cost_full_proportional_sept29_high,flat,v4_federal_income_tax,2023,-0.868436
net_cost_full_proportional_sept29_high,flat,v4_federal_income_tax,2024,-0.891261
net_cost_full_proportional_sept29_high,flat,v4_state_local_income_tax,2005,-0.004158
net_cost_full_proportional_sept29_high,flat,v4_state_local_income_tax,2006,-0.0044
net_cost_full_proportional_sept29_high,flat,v4_state_local_income_tax,2007,-0.004528
net_cost_full_proportional_sept29_high,flat,v4_state_local_income_tax,2008,-0.004772
net_cost_full_proportional_sept29_high,flat,v4_state_local_income_tax,2009,-0.00492
net_cost_full_proportional_sept29_high,flat,v4_state_local_income_tax,2010,-0.005112
net_cost_full_proportional_sept29_high,flat,v4_state_local_income_tax,2011,-0.00521
net_cost_full_proportional_sept29_high,flat,v4_state_local_income_tax,2012,-0.005285
net_cost_full_proportional_sept29_high,flat,v4_state_local_income_tax,2013,-0.00537
net_cost_full_proportional_sept29_high,flat,v4_state_local_income_tax,2014,-0.005484
net_cost_full_proportional_sept29_high,flat,v4_state_local_income_tax,2015,-0.005558
net_cost_full_proportional_sept29_high,flat,v4_state_local_income_tax,2016,-0.005629
net_cost_full_proportional_sept29_high,flat,v4_state_local_income_tax,2017,-0.005693
net_cost_full_proportional_sept29_high,flat,v4_state_local_income_tax,2018,-0.005742
net_cost_full_proportional_sept29_high,flat,v4_state_local_income_tax,2019,-0.005773
net_cost_full_proportional_sept29_high,flat,v4_state_local_income_tax,2020,-0.005777
net_cost_full_proportional_sept29_high,flat,v4_state_local_income_tax,2021,-0.005781
net_cost_full_proportional_sept29_high,flat,v4_state_local_income_tax,2022,-0.005809
net_cost_full_proportional_sept29_high,flat,v4_state_local_income_tax,2023,-0.005898
net_cost_full_proportional_sept29_high,flat,v4_state_local_income_tax,2024,-0.006053
net_cost_full_proportional_sept29_high,flat,v4_personal_motor_vehicle,2005,-0.403078
net_cost_full_proportional_sept29_high,flat,v4_personal_motor_vehicle,2006,-0.426524
net_cost_full_proportional_sept29_high,flat,v4_personal_motor_vehicle,2007,-0.43898
net_cost_full_proportional_sept29_high,flat,v4_personal_motor_vehicle,2008,-0.462633
net_cost_full_proportional_sept29_high,flat,v4_personal_motor_vehicle,2009,-0.476951
net_cost_full_proportional_sept29_high,flat,v4_personal_motor_vehicle,2010,-0.495611
net_cost_full_proportional_sept29_high,flat,v4_personal_motor_vehicle,2011,-0.505066
net_cost_full_proportional_sept29_high,flat,v4_personal_motor_vehicle,2012,-0.512301
net_cost_full_proportional_sept29_high,flat,v4_personal_motor_vehicle,2013,-0.520541
net_cost_full_proportional_sept29_high,flat,v4_personal_motor_vehicle,2014,-0.531595
net_cost_full_proportional_sept29_high,flat,v4_personal_motor_vehicle,2015,-0.538767
net_cost_full_proportional_sept29_high,flat,v4_personal_motor_vehicle,2016,-0.545668
net_cost_full_proportional_sept29_high,flat,v4_personal_motor_vehicle,2017,-0.551875
net_cost_full_proportional_sept29_high,flat,v4_personal_motor_vehicle,2018,-0.556671
net_cost_full_proportional_sept29_high,flat,v4_personal_motor_vehicle,2019,-0.559676
net_cost_full_proportional_sept29_high,flat,v4_personal_motor_vehicle,2020,-0.560049
net_cost_full_proportional_sept29_high,flat,v4_personal_motor_vehicle,2021,-0.560422
net_cost_full_proportional_sept29_high,flat,v4_personal_motor_vehicle,2022,-0.563114
net_cost_full_proportional_sept29_high,flat,v4_personal_motor_vehicle,2023,-0.571794
net_cost_full_proportional_sept29_high,flat,v4_personal_motor_vehicle,2024,-0.586823
net_cost_full_proportional_sept29_high,flat,v4_personal_property_tax,2005,-0.910696
net_cost_full_proportional_sept29_high,flat,v4_personal_property_tax,2006,-0.963668
net_cost_full_proportional_sept29_high,flat,v4_personal_property_tax,2007,-0.991811
net_cost_full_proportional_sept29_high,flat,v4_personal_property_tax,2008,-1.045252
net_cost_full_proportional_sept29_high,flat,v4_personal_property_tax,2009,-1.077601
net_cost_full_proportional_sept29_high,flat,v4_personal_property_tax,2010,-1.11976
net_cost_full_proportional_sept29_high,flat,v4_personal_property_tax,2011,-1.141123
net_cost_full_proportional_sept29_high,flat,v4_personal_property_tax,2012,-1.157469
net_cost_full_proportional_sept29_high,flat,v4_personal_property_tax,2013,-1.176086
net_cost_full_proportional_sept29_high,flat,v4_personal_property_tax,2014,-1.201062
net_cost_full_proportional_sept29_high,flat,v4_personal_property_tax,2015,-1.217265
net_cost_full_proportional_sept29_high,flat,v4_personal_property_tax,2016,-1.232857
net_cost_full_proportional_sept29_high,flat,v4_personal_property_tax,2017,-1.246881
net_cost_full_proportional_sept29_high,flat,v4_personal_property_tax,2018,-1.257716
net_cost_full_proportional_sept29_high,flat,v4_personal_property_tax,2019,-1.264507
net_cost_full_proportional_sept29_high,flat,v4_personal_property_tax,2020,-1.265349
net_cost_full_proportional_sept29_high,flat,v4_personal_property_tax,2021,-1.266191
net_cost_full_proportional_sept29_high,flat,v4_personal_property_tax,2022,-1.272274
net_cost_full_proportional_sept29_high,flat,v4_personal_property_tax,2023,-1.291885
net_cost_full_proportional_sept29_high,flat,v4_personal_property_tax,2024,-1.325841
net_cost_full_proportional_sept29_high,flat,v4_other_personal_tax,2005,-7.5e-05
net_cost_full_proportional_sept29_high,flat,v4_other_personal_tax,2006,-8e-05
net_cost_full_proportional_sept29_high,flat,v4_other_personal_tax,2007,-8.2e-05
net_cost_full_proportional_sept29_high,flat,v4_other_personal_tax,2008,-8.7e-05
net_cost_full_proportional_sept29_high,flat,v4_other_personal_tax,2009,-8.9e-05
net_cost_full_proportional_sept29_high,flat,v4_other_personal_tax,2010,-9.3e-05
net_cost_full_proportional_sept29_high,flat,v4_other_personal_tax,2011,-9.4e-05
net_cost_full_proportional_sept29_high,flat,v4_other_personal_tax,2012,-9.6e-05
net_cost_full_proportional_sept29_high,flat,v4_other_personal_tax,2013,-9.7e-05
net_cost_full_proportional_sept29_high,flat,v4_other_personal_tax,2014,-9.9e-05
net_cost_full_proportional_sept29_high,flat,v4_other_personal_tax,2015,-0.000101
net_cost_full_proportional_sept29_high,flat,v4_other_personal_tax,2016,-0.000102
net_cost_full_proportional_sept29_high,flat,v4_other_personal_tax,2017,-0.000103
net_cost_full_proportional_sept29_high,flat,v4_other_personal_tax,2018,-0.000104
net_cost_full_proportional_sept29_high,flat,v4_other_personal_tax,2019,-0.000105
net_cost_full_proportional_sept29_high,flat,v4_other_personal_tax,2020,-0.000105
net_cost_full_proportional_sept29_high,flat,v4_other_personal_tax,2021,-0.000105
net_cost_full_proportional_sept29_high,flat,v4_other_personal_tax,2022,-0.000105
net_cost_full_proportional_sept29_high,flat,v4_other_personal_tax,2023,-0.000107
net_cost_full_proportional_sept29_high,flat,v4_other_personal_tax,2024,-0.00011
net_cost_full_proportional_sept29_high,flat,v4_employee_oasdi,2005,-0.018752
net_cost_full_proportional_sept29_high,flat,v4_employee_oasdi,2006,-0.019843
net_cost_full_proportional_sept29_high,flat,v4_employee_oasdi,2007,-0.020422
net_cost_full_proportional_sept29_high,flat,v4_employee_oasdi,2008,-0.021523
net_cost_full_proportional_sept29_high,flat,v4_employee_oasdi,2009,-0.022189
net_cost_full_proportional_sept29_high,flat,v4_employee_oasdi,2010,-0.023057
net_cost_full_proportional_sept29_high,flat,v4_employee_oasdi,2011,-0.023497
net_cost_full_proportional_sept29_high,flat,v4_employee_oasdi,2012,-0.023833
net_cost_full_proportional_sept29_high,flat,v4_employee_oasdi,2013,-0.024216
net_cost_full_proportional_sept29_high,flat,v4_employee_oasdi,2014,-0.024731
net_cost_full_proportional_sept29_high,flat,v4_employee_oasdi,2015,-0.025064
net_cost_full_proportional_sept29_high,flat,v4_employee_oasdi,2016,-0.025385
net_cost_full_proportional_sept29_high,flat,v4_employee_oasdi,2017,-0.025674
net_cost_full_proportional_sept29_high,flat,v4_employee_oasdi,2018,-0.025897
net_cost_full_proportional_sept29_high,flat,v4_employee_oasdi,2019,-0.026037
net_cost_full_proportional_sept29_high,flat,v4_employee_oasdi,2020,-0.026054
net_cost_full_proportional_sept29_high,flat,v4_employee_oasdi,2021,-0.026072
net_cost_full_proportional_sept29_high,flat,v4_employee_oasdi,2022,-0.026197
net_cost_full_proportional_sept29_high,flat,v4_employee_oasdi,2023,-0.026601
net_cost_full_proportional_sept29_high,flat,v4_employee_oasdi,2024,-0.0273
net_cost_full_proportional_sept29_high,flat,v4_employee_hi,2005,-0.009579
net_cost_full_proportional_sept29_high,flat,v4_employee_hi,2006,-0.010136
net_cost_full_proportional_sept29_high,flat,v4_employee_hi,2007,-0.010432
net_cost_full_proportional_sept29_high,flat,v4_employee_hi,2008,-0.010994
net_cost_full_proportional_sept29_high,flat,v4_employee_hi,2009,-0.011334
net_cost_full_proportional_sept29_high,flat,v4_employee_hi,2010,-0.011778
net_cost_full_proportional_sept29_high,flat,v4_employee_hi,2011,-0.012002
net_cost_full_proportional_sept29_high,flat,v4_employee_hi,2012,-0.012174
net_cost_full_proportional_sept29_high,flat,v4_employee_hi,2013,-0.01237
net_cost_full_proportional_sept29_high,flat,v4_employee_hi,2014,-0.012633
net_cost_full_proportional_sept29_high,flat,v4_employee_hi,2015,-0.012803
net_cost_full_proportional_sept29_high,flat,v4_employee_hi,2016,-0.012967
net_cost_full_proportional_sept29_high,flat,v4_employee_hi,2017,-0.013115
net_cost_full_proportional_sept29_high,flat,v4_employee_hi,2018,-0.013229
net_cost_full_proportional_sept29_high,flat,v4_employee_hi,2019,-0.0133
net_cost_full_proportional_sept29_high,flat,v4_employee_hi,2020,-0.013309
net_cost_full_proportional_sept29_high,flat,v4_employee_hi,2021,-0.013318
net_cost_full_proportional_sept29_high,flat,v4_employee_hi,2022,-0.013382
net_cost_full_proportional_sept29_high,flat,v4_employee_hi,2023,-0.013588
net_cost_full_proportional_sept29_high,flat,v4_employee_hi,2024,-0.013945
net_cost_full_proportional_sept29_high,flat,v4_self_employment_oasdi_hi,2005,0.55868
net_cost_full_proportional_sept29_high,flat,v4_self_employment_oasdi_hi,2006,0.591176
net_cost_full_proportional_sept29_high,flat,v4_self_employment_oasdi_hi,2007,0.608441
net_cost_full_proportional_sept29_high,flat,v4_self_employment_oasdi_hi,2008,0.641225
net_cost_full_proportional_sept29_high,flat,v4_self_employment_oasdi_hi,2009,0.66107
net_cost_full_proportional_sept29_high,flat,v4_self_employment_oasdi_hi,2010,0.686933
net_cost_full_proportional_sept29_high,flat,v4_self_employment_oasdi_hi,2011,0.700039
net_cost_full_proportional_sept29_high,flat,v4_self_employment_oasdi_hi,2012,0.710066
net_cost_full_proportional_sept29_high,flat,v4_self_employment_oasdi_hi,2013,0.721487
net_cost_full_proportional_sept29_high,flat,v4_self_employment_oasdi_hi,2014,0.736809
net_cost_full_proportional_sept29_high,flat,v4_self_employment_oasdi_hi,2015,0.746749
net_cost_full_proportional_sept29_high,flat,v4_self_employment_oasdi_hi,2016,0.756314
net_cost_full_proportional_sept29_high,flat,v4_self_employment_oasdi_hi,2017,0.764917
net_cost_full_proportional_sept29_high,flat,v4_self_employment_oasdi_hi,2018,0.771564
net_cost_full_proportional_sept29_high,flat,v4_self_employment_oasdi_hi,2019,0.77573
net_cost_full_proportional_sept29_high,flat,v4_self_employment_oasdi_hi,2020,0.776247
net_cost_full_proportional_sept29_high,flat,v4_self_employment_oasdi_hi,2021,0.776763
net_cost_full_proportional_sept29_high,flat,v4_self_employment_oasdi_hi,2022,0.780495
net_cost_full_proportional_sept29_high,flat,v4_self_employment_oasdi_hi,2023,0.792526
net_cost_full_proportional_sept29_high,flat,v4_self_employment_oasdi_hi,2024,0.813357
net_cost_full_proportional_sept29_high,flat,v4_employer_oasdi,2005,-0.018914
net_cost_full_proportional_sept29_high,flat,v4_employer_oasdi,2006,-0.020014
net_cost_full_proportional_sept29_high,flat,v4_employer_oasdi,2007,-0.020598
net_cost_full_proportional_sept29_high,flat,v4_employer_oasdi,2008,-0.021708
net_cost_full_proportional_sept29_high,flat,v4_employer_oasdi,2009,-0.02238
net_cost_full_proportional_sept29_high,flat,v4_employer_oasdi,2010,-0.023256
net_cost_full_proportional_sept29_high,flat,v4_employer_oasdi,2011,-0.023699
net_cost_full_proportional_sept29_high,flat,v4_employer_oasdi,2012,-0.024039
net_cost_full_proportional_sept29_high,flat,v4_employer_oasdi,2013,-0.024426
net_cost_full_proportional_sept29_high,flat,v4_employer_oasdi,2014,-0.024944
net_cost_full_proportional_sept29_high,flat,v4_employer_oasdi,2015,-0.025281
net_cost_full_proportional_sept29_high,flat,v4_employer_oasdi,2016,-0.025605
net_cost_full_proportional_sept29_high,flat,v4_employer_oasdi,2017,-0.025896
net_cost_full_proportional_sept29_high,flat,v4_employer_oasdi,2018,-0.026121
net_cost_full_proportional_sept29_high,flat,v4_employer_oasdi,2019,-0.026262
net_cost_full_proportional_sept29_high,flat,v4_employer_oasdi,2020,-0.026279
net_cost_full_proportional_sept29_high,flat,v4_employer_oasdi,2021,-0.026297
net_cost_full_proportional_sept29_high,flat,v4_employer_oasdi,2022,-0.026423
net_cost_full_proportional_sept29_high,flat,v4_employer_oasdi,2023,-0.026831
net_cost_full_proportional_sept29_high,flat,v4_employer_oasdi,2024,-0.027536
net_cost_full_proportional_sept29_high,flat,v4_employer_hi,2005,-0.00852
net_cost_full_proportional_sept29_high,flat,v4_employer_hi,2006,-0.009016
net_cost_full_proportional_sept29_high,flat,v4_employer_hi,2007,-0.009279
net_cost_full_proportional_sept29_high,flat,v4_employer_hi,2008,-0.009779
net_cost_full_proportional_sept29_high,flat,v4_employer_hi,2009,-0.010082
net_cost_full_proportional_sept29_high,flat,v4_employer_hi,2010,-0.010476
net_cost_full_proportional_sept29_high,flat,v4_employer_hi,2011,-0.010676
net_cost_full_proportional_sept29_high,flat,v4_employer_hi,2012,-0.010829
net_cost_full_proportional_sept29_high,flat,v4_employer_hi,2013,-0.011003
net_cost_full_proportional_sept29_high,flat,v4_employer_hi,2014,-0.011237
net_cost_full_proportional_sept29_high,flat,v4_employer_hi,2015,-0.011389
net_cost_full_proportional_sept29_high,flat,v4_employer_hi,2016,-0.011534
net_cost_full_proportional_sept29_high,flat,v4_employer_hi,2017,-0.011666
net_cost_full_proportional_sept29_high,flat,v4_employer_hi,2018,-0.011767
net_cost_full_proportional_sept29_high,flat,v4_employer_hi,2019,-0.011831
net_cost_full_proportional_sept29_high,flat,v4_employer_hi,2020,-0.011838
net_cost_full_proportional_sept29_high,flat,v4_employer_hi,2021,-0.011846
net_cost_full_proportional_sept29_high,flat,v4_employer_hi,2022,-0.011903
net_cost_full_proportional_sept29_high,flat,v4_employer_hi,2023,-0.012087
net_cost_full_proportional_sept29_high,flat,v4_employer_hi,2024,-0.012404
net_cost_full_proportional_sept29_high,flat,v4_other_domestic_social_contributions,2005,-0.017024
net_cost_full_proportional_sept29_high,flat,v4_other_domestic_social_contributions,2006,-0.018014
net_cost_full_proportional_sept29_high,flat,v4_other_domestic_social_contributions,2007,-0.01854
net_cost_full_proportional_sept29_high,flat,v4_other_domestic_social_contributions,2008,-0.019539
net_cost_full_proportional_sept29_high,flat,v4_other_domestic_social_contributions,2009,-0.020144
net_cost_full_proportional_sept29_high,flat,v4_other_domestic_social_contributions,2010,-0.020932
net_cost_full_proportional_sept29_high,flat,v4_other_domestic_social_contributions,2011,-0.021331
net_cost_full_proportional_sept29_high,flat,v4_other_domestic_social_contributions,2012,-0.021636
net_cost_full_proportional_sept29_high,flat,v4_other_domestic_social_contributions,2013,-0.021984
net_cost_full_proportional_sept29_high,flat,v4_other_domestic_social_contributions,2014,-0.022451
net_cost_full_proportional_sept29_high,flat,v4_other_domestic_social_contributions,2015,-0.022754
net_cost_full_proportional_sept29_high,flat,v4_other_domestic_social_contributions,2016,-0.023046
net_cost_full_proportional_sept29_high,flat,v4_other_domestic_social_contributions,2017,-0.023308
net_cost_full_proportional_sept29_high,flat,v4_other_domestic_social_contributions,2018,-0.02351
net_cost_full_proportional_sept29_high,flat,v4_other_domestic_social_contributions,2019,-0.023637
net_cost_full_proportional_sept29_high,flat,v4_other_domestic_social_contributions,2020,-0.023653
net_cost_full_proportional_sept29_high,flat,v4_other_domestic_social_contributions,2021,-0.023669
net_cost_full_proportional_sept29_high,flat,v4_other_domestic_social_contributions,2022,-0.023783
net_cost_full_proportional_sept29_high,flat,v4_other_domestic_social_contributions,2023,-0.024149
net_cost_full_proportional_sept29_high,flat,v4_other_domestic_social_contributions,2024,-0.024784
net_cost_full_proportional_sept29_high,flat,v4_general_sales_tax,2005,-4.090795
net_cost_full_proportional_sept29_high,flat,v4_general_sales_tax,2006,-4.328745
net_cost_full_proportional_sept29_high,flat,v4_general_sales_tax,2007,-4.455162
net_cost_full_proportional_sept29_high,flat,v4_general_sales_tax,2008,-4.695216
net_cost_full_proportional_sept29_high,flat,v4_general_sales_tax,2009,-4.840527
net_cost_full_proportional_sept29_high,flat,v4_general_sales_tax,2010,-5.029903
net_cost_full_proportional_sept29_high,flat,v4_general_sales_tax,2011,-5.125864
net_cost_full_proportional_sept29_high,flat,v4_general_sales_tax,2012,-5.199286
net_cost_full_proportional_sept29_high,flat,v4_general_sales_tax,2013,-5.282914
net_cost_full_proportional_sept29_high,flat,v4_general_sales_tax,2014,-5.395105
net_cost_full_proportional_sept29_high,flat,v4_general_sales_tax,2015,-5.467889
net_cost_full_proportional_sept29_high,flat,v4_general_sales_tax,2016,-5.537924
net_cost_full_proportional_sept29_high,flat,v4_general_sales_tax,2017,-5.600922
net_cost_full_proportional_sept29_high,flat,v4_general_sales_tax,2018,-5.649593
net_cost_full_proportional_sept29_high,flat,v4_general_sales_tax,2019,-5.680097
net_cost_full_proportional_sept29_high,flat,v4_general_sales_tax,2020,-5.683879
net_cost_full_proportional_sept29_high,flat,v4_general_sales_tax,2021,-5.687662
net_cost_full_proportional_sept29_high,flat,v4_general_sales_tax,2022,-5.714986
net_cost_full_proportional_sept29_high,flat,v4_general_sales_tax,2023,-5.803079
net_cost_full_proportional_sept29_high,flat,v4_general_sales_tax,2024,-5.955606
net_cost_full_proportional_sept29_high,flat,v4_modeled_owner_property,2005,-13.0849
net_cost_full_proportional_sept29_high,flat,v4_modeled_owner_property,2006,-13.846011
net_cost_full_proportional_sept29_high,flat,v4_modeled_owner_property,2007,-14.250373
net_cost_full_proportional_sept29_high,flat,v4_modeled_owner_property,2008,-15.018212
net_cost_full_proportional_sept29_high,flat,v4_modeled_owner_property,2009,-15.483007
net_cost_full_proportional_sept29_high,flat,v4_modeled_owner_property,2010,-16.088749
net_cost_full_proportional_sept29_high,flat,v4_modeled_owner_property,2011,-16.395694
net_cost_full_proportional_sept29_high,flat,v4_modeled_owner_property,2012,-16.630542
net_cost_full_proportional_sept29_high,flat,v4_modeled_owner_property,2013,-16.898034
net_cost_full_proportional_sept29_high,flat,v4_modeled_owner_property,2014,-17.256891
net_cost_full_proportional_sept29_high,flat,v4_modeled_owner_property,2015,-17.489699
net_cost_full_proportional_sept29_high,flat,v4_modeled_owner_property,2016,-17.713717
net_cost_full_proportional_sept29_high,flat,v4_modeled_owner_property,2017,-17.915221
net_cost_full_proportional_sept29_high,flat,v4_modeled_owner_property,2018,-18.070903
net_cost_full_proportional_sept29_high,flat,v4_modeled_owner_property,2019,-18.168473
net_cost_full_proportional_sept29_high,flat,v4_modeled_owner_property,2020,-18.180571
net_cost_full_proportional_sept29_high,flat,v4_modeled_owner_property,2021,-18.19267
net_cost_full_proportional_sept29_high,flat,v4_modeled_owner_property,2022,-18.280069
net_cost_full_proportional_sept29_high,flat,v4_modeled_owner_property,2023,-18.561847
net_cost_full_proportional_sept29_high,flat,v4_modeled_owner_property,2024,-19.049721
net_cost_full_proportional_sept29_high,flat,v4_excise_selective_sales,2005,-1.081888
net_cost_full_proportional_sept29_high,flat,v4_excise_selective_sales,2006,-1.144818
net_cost_full_proportional_sept29_high,flat,v4_excise_selective_sales,2007,-1.178252
net_cost_full_proportional_sept29_high,flat,v4_excise_selective_sales,2008,-1.241738
net_cost_full_proportional_sept29_high,flat,v4_excise_selective_sales,2009,-1.280169
net_cost_full_proportional_sept29_high,flat,v4_excise_selective_sales,2010,-1.330253
net_cost_full_proportional_sept29_high,flat,v4_excise_selective_sales,2011,-1.355632
net_cost_full_proportional_sept29_high,flat,v4_excise_selective_sales,2012,-1.375049
net_cost_full_proportional_sept29_high,flat,v4_excise_selective_sales,2013,-1.397166
net_cost_full_proportional_sept29_high,flat,v4_excise_selective_sales,2014,-1.426837
net_cost_full_proportional_sept29_high,flat,v4_excise_selective_sales,2015,-1.446086
net_cost_full_proportional_sept29_high,flat,v4_excise_selective_sales,2016,-1.464609
net_cost_full_proportional_sept29_high,flat,v4_excise_selective_sales,2017,-1.481269
net_cost_full_proportional_sept29_high,flat,v4_excise_selective_sales,2018,-1.494142
net_cost_full_proportional_sept29_high,flat,v4_excise_selective_sales,2019,-1.502209
net_cost_full_proportional_sept29_high,flat,v4_excise_selective_sales,2020,-1.503209
net_cost_full_proportional_sept29_high,flat,v4_excise_selective_sales,2021,-1.504209
net_cost_full_proportional_sept29_high,flat,v4_excise_selective_sales,2022,-1.511436
net_cost_full_proportional_sept29_high,flat,v4_excise_selective_sales,2023,-1.534734
net_cost_full_proportional_sept29_high,flat,v4_excise_selective_sales,2024,-1.575072
net_cost_full_proportional_sept29_high,flat,v4_customs_duties,2005,-0.02642
net_cost_full_proportional_sept29_high,flat,v4_customs_duties,2006,-0.027957
net_cost_full_proportional_sept29_high,flat,v4_customs_duties,2007,-0.028773
net_cost_full_proportional_sept29_high,flat,v4_customs_duties,2008,-0.030323
net_cost_full_proportional_sept29_high,flat,v4_customs_duties,2009,-0.031262
net_cost_full_proportional_sept29_high,flat,v4_customs_duties,2010,-0.032485
net_cost_full_proportional_sept29_high,flat,v4_customs_duties,2011,-0.033105
net_cost_full_proportional_sept29_high,flat,v4_customs_duties,2012,-0.033579
net_cost_full_proportional_sept29_high,flat,v4_customs_duties,2013,-0.034119
net_cost_full_proportional_sept29_high,flat,v4_customs_duties,2014,-0.034844
net_cost_full_proportional_sept29_high,flat,v4_customs_duties,2015,-0.035314
net_cost_full_proportional_sept29_high,flat,v4_customs_duties,2016,-0.035766
net_cost_full_proportional_sept29_high,flat,v4_customs_duties,2017,-0.036173
net_cost_full_proportional_sept29_high,flat,v4_customs_duties,2018,-0.036487
net_cost_full_proportional_sept29_high,flat,v4_customs_duties,2019,-0.036684
net_cost_full_proportional_sept29_high,flat,v4_customs_duties,2020,-0.036709
net_cost_full_proportional_sept29_high,flat,v4_customs_duties,2021,-0.036733
net_cost_full_proportional_sept29_high,flat,v4_customs_duties,2022,-0.036909
net_cost_full_proportional_sept29_high,flat,v4_customs_duties,2023,-0.037478
net_cost_full_proportional_sept29_high,flat,v4_customs_duties,2024,-0.038463
net_cost_full_proportional_sept29_high,flat,v4_personal_current_transfers,2005,-0.044587
net_cost_full_proportional_sept29_high,flat,v4_personal_current_transfers,2006,-0.047181
net_cost_full_proportional_sept29_high,flat,v4_personal_current_transfers,2007,-0.048559
net_cost_full_proportional_sept29_high,flat,v4_personal_current_transfers,2008,-0.051175
net_cost_full_proportional_sept29_high,flat,v4_personal_current_transfers,2009,-0.052759
net_cost_full_proportional_sept29_high,flat,v4_personal_current_transfers,2010,-0.054823
net_cost_full_proportional_sept29_high,flat,v4_personal_current_transfers,2011,-0.055869
net_cost_full_proportional_sept29_high,flat,v4_personal_current_transfers,2012,-0.056669
net_cost_full_proportional_sept29_high,flat,v4_personal_current_transfers,2013,-0.057581
net_cost_full_proportional_sept29_high,flat,v4_personal_current_transfers,2014,-0.058804
net_cost_full_proportional_sept29_high,flat,v4_personal_current_transfers,2015,-0.059597
net_cost_full_proportional_sept29_high,flat,v4_personal_current_transfers,2016,-0.06036
net_cost_full_proportional_sept29_high,flat,v4_personal_current_transfers,2017,-0.061047
net_cost_full_proportional_sept29_high,flat,v4_personal_current_transfers,2018,-0.061577
net_cost_full_proportional_sept29_high,flat,v4_personal_current_transfers,2019,-0.06191
net_cost_full_proportional_sept29_high,flat,v4_personal_current_transfers,2020,-0.061951
net_cost_full_proportional_sept29_high,flat,v4_personal_current_transfers,2021,-0.061992
net_cost_full_proportional_sept29_high,flat,v4_personal_current_transfers,2022,-0.06229
net_cost_full_proportional_sept29_high,flat,v4_personal_current_transfers,2023,-0.06325
net_cost_full_proportional_sept29_high,flat,v4_personal_current_transfers,2024,-0.064913
net_cost_full_proportional_sept29_high,flat,v4_enterprise_surplus,2005,-3.243408
net_cost_full_proportional_sept29_high,flat,v4_enterprise_surplus,2006,-3.432068
net_cost_full_proportional_sept29_high,flat,v4_enterprise_surplus,2007,-3.532299
net_cost_full_proportional_sept29_high,flat,v4_enterprise_surplus,2008,-3.722627
net_cost_full_proportional_sept29_high,flat,v4_enterprise_surplus,2009,-3.837837
net_cost_full_proportional_sept29_high,flat,v4_enterprise_surplus,2010,-3.987985
net_cost_full_proportional_sept29_high,flat,v4_enterprise_surplus,2011,-4.064069
net_cost_full_proportional_sept29_high,flat,v4_enterprise_surplus,2012,-4.122281
net_cost_full_proportional_sept29_high,flat,v4_enterprise_surplus,2013,-4.188586
net_cost_full_proportional_sept29_high,flat,v4_enterprise_surplus,2014,-4.277537
net_cost_full_proportional_sept29_high,flat,v4_enterprise_surplus,2015,-4.335244
net_cost_full_proportional_sept29_high,flat,v4_enterprise_surplus,2016,-4.390772
net_cost_full_proportional_sept29_high,flat,v4_enterprise_surplus,2017,-4.44072
net_cost_full_proportional_sept29_high,flat,v4_enterprise_surplus,2018,-4.47931
net_cost_full_proportional_sept29_high,flat,v4_enterprise_surplus,2019,-4.503495
net_cost_full_proportional_sept29_high,flat,v4_enterprise_surplus,2020,-4.506493
net_cost_full_proportional_sept29_high,flat,v4_enterprise_surplus,2021,-4.509492
net_cost_full_proportional_sept29_high,flat,v4_enterprise_surplus,2022,-4.531157
net_cost_full_proportional_sept29_high,flat,v4_enterprise_surplus,2023,-4.601002
net_cost_full_proportional_sept29_high,flat,v4_enterprise_surplus,2024,-4.721933
net_cost_full_proportional_sept29_high,flat,v4_housing_enterprise_surplus,2005,2.353344
net_cost_full_proportional_sept29_high,flat,v4_housing_enterprise_surplus,2006,2.490232
net_cost_full_proportional_sept29_high,flat,v4_housing_enterprise_surplus,2007,2.562957
net_cost_full_proportional_sept29_high,flat,v4_housing_enterprise_surplus,2008,2.701054
net_cost_full_proportional_sept29_high,flat,v4_housing_enterprise_surplus,2009,2.784648
net_cost_full_proportional_sept29_high,flat,v4_housing_enterprise_surplus,2010,2.893592
net_cost_full_proportional_sept29_high,flat,v4_housing_enterprise_surplus,2011,2.948797
net_cost_full_proportional_sept29_high,flat,v4_housing_enterprise_surplus,2012,2.991035
net_cost_full_proportional_sept29_high,flat,v4_housing_enterprise_surplus,2013,3.039144
net_cost_full_proportional_sept29_high,flat,v4_housing_enterprise_surplus,2014,3.103685
net_cost_full_proportional_sept29_high,flat,v4_housing_enterprise_surplus,2015,3.145556
net_cost_full_proportional_sept29_high,flat,v4_housing_enterprise_surplus,2016,3.185846
net_cost_full_proportional_sept29_high,flat,v4_housing_enterprise_surplus,2017,3.222087
net_cost_full_proportional_sept29_high,flat,v4_housing_enterprise_surplus,2018,3.250086
net_cost_full_proportional_sept29_high,flat,v4_housing_enterprise_surplus,2019,3.267634
net_cost_full_proportional_sept29_high,flat,v4_housing_enterprise_surplus,2020,3.26981
net_cost_full_proportional_sept29_high,flat,v4_housing_enterprise_surplus,2021,3.271986
net_cost_full_proportional_sept29_high,flat,v4_housing_enterprise_surplus,2022,3.287705
net_cost_full_proportional_sept29_high,flat,v4_housing_enterprise_surplus,2023,3.338383
net_cost_full_proportional_sept29_high,flat,v4_housing_enterprise_surplus,2024,3.426129
net_cost_full_proportional_sept29_high,flat,v4_tenant_occupied_property,2005,-4.678187
net_cost_full_proportional_sept29_high,flat,v4_tenant_occupied_property,2006,-4.950304
net_cost_full_proportional_sept29_high,flat,v4_tenant_occupied_property,2007,-5.094873
net_cost_full_proportional_sept29_high,flat,v4_tenant_occupied_property,2008,-5.369396
net_cost_full_proportional_sept29_high,flat,v4_tenant_occupied_property,2009,-5.535572
net_cost_full_proportional_sept29_high,flat,v4_tenant_occupied_property,2010,-5.75214
net_cost_full_proportional_sept29_high,flat,v4_tenant_occupied_property,2011,-5.861881
net_cost_full_proportional_sept29_high,flat,v4_tenant_occupied_property,2012,-5.945845
net_cost_full_proportional_sept29_high,flat,v4_tenant_occupied_property,2013,-6.04148
net_cost_full_proportional_sept29_high,flat,v4_tenant_occupied_property,2014,-6.169781
net_cost_full_proportional_sept29_high,flat,v4_tenant_occupied_property,2015,-6.253016
net_cost_full_proportional_sept29_high,flat,v4_tenant_occupied_property,2016,-6.333108
net_cost_full_proportional_sept29_high,flat,v4_tenant_occupied_property,2017,-6.405151
net_cost_full_proportional_sept29_high,flat,v4_tenant_occupied_property,2018,-6.460811
net_cost_full_proportional_sept29_high,flat,v4_tenant_occupied_property,2019,-6.495695
net_cost_full_proportional_sept29_high,flat,v4_tenant_occupied_property,2020,-6.50002
net_cost_full_proportional_sept29_high,flat,v4_tenant_occupied_property,2021,-6.504346
net_cost_full_proportional_sept29_high,flat,v4_tenant_occupied_property,2022,-6.535593
net_cost_full_proportional_sept29_high,flat,v4_tenant_occupied_property,2023,-6.636336
net_cost_full_proportional_sept29_high,flat,v4_tenant_occupied_property,2024,-6.810763
net_cost_full_proportional_sept29_high,flat,v4_social_security_accrual,2005,70.58047
net_cost_full_proportional_sept29_high,flat,v4_social_security_accrual,2006,74.685937
net_cost_full_proportional_sept29_high,flat,v4_social_security_accrual,2007,76.867076
net_cost_full_proportional_sept29_high,flat,v4_social_security_accrual,2008,81.008836
net_cost_full_proportional_sept29_high,flat,v4_social_security_accrual,2009,83.515958
net_cost_full_proportional_sept29_high,flat,v4_social_security_accrual,2010,86.783355
net_cost_full_proportional_sept29_high,flat,v4_social_security_accrual,2011,88.439025
net_cost_full_proportional_sept29_high,flat,v4_social_security_accrual,2012,89.705808
net_cost_full_proportional_sept29_high,flat,v4_social_security_accrual,2013,91.148668
net_cost_full_proportional_sept29_high,flat,v4_social_security_accrual,2014,93.084356
net_cost_full_proportional_sept29_high,flat,v4_social_security_accrual,2015,94.340134
net_cost_full_proportional_sept29_high,flat,v4_social_security_accrual,2016,95.548495
net_cost_full_proportional_sept29_high,flat,v4_social_security_accrual,2017,96.635416
net_cost_full_proportional_sept29_high,flat,v4_social_security_accrual,2018,97.475172
net_cost_full_proportional_sept29_high,flat,v4_social_security_accrual,2019,98.001465
net_cost_full_proportional_sept29_high,flat,v4_social_security_accrual,2020,98.066724
net_cost_full_proportional_sept29_high,flat,v4_social_security_accrual,2021,98.131983
net_cost_full_proportional_sept29_high,flat,v4_social_security_accrual,2022,98.603422
net_cost_full_proportional_sept29_high,flat,v4_social_security_accrual,2023,100.123339
net_cost_full_proportional_sept29_high,flat,v4_social_security_accrual,2024,102.754953
net_cost_full_proportional_sept29_high,flat,v4_social_security_cash,2005,-36.420099
net_cost_full_proportional_sept29_high,flat,v4_social_security_cash,2006,-38.538554
net_cost_full_proportional_sept29_high,flat,v4_social_security_cash,2007,-39.66404
net_cost_full_proportional_sept29_high,flat,v4_social_security_cash,2008,-41.801221
net_cost_full_proportional_sept29_high,flat,v4_social_security_cash,2009,-43.094917
net_cost_full_proportional_sept29_high,flat,v4_social_security_cash,2010,-44.78092
net_cost_full_proportional_sept29_high,flat,v4_social_security_cash,2011,-45.63526
net_cost_full_proportional_sept29_high,flat,v4_social_security_cash,2012,-46.28893
net_cost_full_proportional_sept29_high,flat,v4_social_security_cash,2013,-47.033458
net_cost_full_proportional_sept29_high,flat,v4_social_security_cash,2014,-48.032289
net_cost_full_proportional_sept29_high,flat,v4_social_security_cash,2015,-48.68028
net_cost_full_proportional_sept29_high,flat,v4_social_security_cash,2016,-49.303804
net_cost_full_proportional_sept29_high,flat,v4_social_security_cash,2017,-49.864665
net_cost_full_proportional_sept29_high,flat,v4_social_security_cash,2018,-50.297986
net_cost_full_proportional_sept29_high,flat,v4_social_security_cash,2019,-50.569557
net_cost_full_proportional_sept29_high,flat,v4_social_security_cash,2020,-50.603231
net_cost_full_proportional_sept29_high,flat,v4_social_security_cash,2021,-50.636906
net_cost_full_proportional_sept29_high,flat,v4_social_security_cash,2022,-50.880172
net_cost_full_proportional_sept29_high,flat,v4_social_security_cash,2023,-51.664461
net_cost_full_proportional_sept29_high,flat,v4_social_security_cash,2024,-53.022396
net_cost_full_proportional_sept29_high,flat,v4_medicare_part_a_accrual,2005,28.256329
net_cost_full_proportional_sept29_high,flat,v4_medicare_part_a_accrual,2006,29.89992
net_cost_full_proportional_sept29_high,flat,v4_medicare_part_a_accrual,2007,30.773122
net_cost_full_proportional_sept29_high,flat,v4_medicare_part_a_accrual,2008,32.431243
net_cost_full_proportional_sept29_high,flat,v4_medicare_part_a_accrual,2009,33.434949
net_cost_full_proportional_sept29_high,flat,v4_medicare_part_a_accrual,2010,34.743025
net_cost_full_proportional_sept29_high,flat,v4_medicare_part_a_accrual,2011,35.40586
net_cost_full_proportional_sept29_high,flat,v4_medicare_part_a_accrual,2012,35.913006
net_cost_full_proportional_sept29_high,flat,v4_medicare_part_a_accrual,2013,36.490644
net_cost_full_proportional_sept29_high,flat,v4_medicare_part_a_accrual,2014,37.265581
net_cost_full_proportional_sept29_high,flat,v4_medicare_part_a_accrual,2015,37.768322
net_cost_full_proportional_sept29_high,flat,v4_medicare_part_a_accrual,2016,38.25208
net_cost_full_proportional_sept29_high,flat,v4_medicare_part_a_accrual,2017,38.68722
net_cost_full_proportional_sept29_high,flat,v4_medicare_part_a_accrual,2018,39.02341
net_cost_full_proportional_sept29_high,flat,v4_medicare_part_a_accrual,2019,39.234106
net_cost_full_proportional_sept29_high,flat,v4_medicare_part_a_accrual,2020,39.260233
net_cost_full_proportional_sept29_high,flat,v4_medicare_part_a_accrual,2021,39.286359
net_cost_full_proportional_sept29_high,flat,v4_medicare_part_a_accrual,2022,39.475095
net_cost_full_proportional_sept29_high,flat,v4_medicare_part_a_accrual,2023,40.083582
net_cost_full_proportional_sept29_high,flat,v4_medicare_part_a_accrual,2024,41.137128
net_cost_full_proportional_sept29_high,flat,v4_medicare_cash,2005,-13.506224
net_cost_full_proportional_sept29_high,flat,v4_medicare_cash,2006,-14.291843
net_cost_full_proportional_sept29_high,flat,v4_medicare_cash,2007,-14.709224
net_cost_full_proportional_sept29_high,flat,v4_medicare_cash,2008,-15.501788
net_cost_full_proportional_sept29_high,flat,v4_medicare_cash,2009,-15.981549
net_cost_full_proportional_sept29_high,flat,v4_medicare_cash,2010,-16.606796
net_cost_full_proportional_sept29_high,flat,v4_medicare_cash,2011,-16.923624
net_cost_full_proportional_sept29_high,flat,v4_medicare_cash,2012,-17.166034
net_cost_full_proportional_sept29_high,flat,v4_medicare_cash,2013,-17.442139
net_cost_full_proportional_sept29_high,flat,v4_medicare_cash,2014,-17.812551
net_cost_full_proportional_sept29_high,flat,v4_medicare_cash,2015,-18.052855
net_cost_full_proportional_sept29_high,flat,v4_medicare_cash,2016,-18.284086
net_cost_full_proportional_sept29_high,flat,v4_medicare_cash,2017,-18.492079
net_cost_full_proportional_sept29_high,flat,v4_medicare_cash,2018,-18.652774
net_cost_full_proportional_sept29_high,flat,v4_medicare_cash,2019,-18.753485
net_cost_full_proportional_sept29_high,flat,v4_medicare_cash,2020,-18.765973
net_cost_full_proportional_sept29_high,flat,v4_medicare_cash,2021,-18.778461
net_cost_full_proportional_sept29_high,flat,v4_medicare_cash,2022,-18.868675
net_cost_full_proportional_sept29_high,flat,v4_medicare_cash,2023,-19.159525
net_cost_full_proportional_sept29_high,flat,v4_medicare_cash,2024,-19.663109
net_cost_full_proportional_sept29_high,flat,v4_workers_compensation,2005,-0.503079
net_cost_full_proportional_sept29_high,flat,v4_workers_compensation,2006,-0.532342
net_cost_full_proportional_sept29_high,flat,v4_workers_compensation,2007,-0.547888
net_cost_full_proportional_sept29_high,flat,v4_workers_compensation,2008,-0.57741
net_cost_full_proportional_sept29_high,flat,v4_workers_compensation,2009,-0.59528
net_cost_full_proportional_sept29_high,flat,v4_workers_compensation,2010,-0.618569
net_cost_full_proportional_sept29_high,flat,v4_workers_compensation,2011,-0.63037
net_cost_full_proportional_sept29_high,flat,v4_workers_compensation,2012,-0.6394
net_cost_full_proportional_sept29_high,flat,v4_workers_compensation,2013,-0.649684
net_cost_full_proportional_sept29_high,flat,v4_workers_compensation,2014,-0.663481
net_cost_full_proportional_sept29_high,flat,v4_workers_compensation,2015,-0.672432
net_cost_full_proportional_sept29_high,flat,v4_workers_compensation,2016,-0.681045
net_cost_full_proportional_sept29_high,flat,v4_workers_compensation,2017,-0.688792
net_cost_full_proportional_sept29_high,flat,v4_workers_compensation,2018,-0.694778
net_cost_full_proportional_sept29_high,flat,v4_workers_compensation,2019,-0.698529
net_cost_full_proportional_sept29_high,flat,v4_workers_compensation,2020,-0.698994
net_cost_full_proportional_sept29_high,flat,v4_workers_compensation,2021,-0.699459
net_cost_full_proportional_sept29_high,flat,v4_workers_compensation,2022,-0.702819
net_cost_full_proportional_sept29_high,flat,v4_workers_compensation,2023,-0.713653
net_cost_full_proportional_sept29_high,flat,v4_workers_compensation,2024,-0.73241
net_cost_full_proportional_sept29_high,flat,v4_housing_subsidies,2005,-0.271611
net_cost_full_proportional_sept29_high,flat,v4_housing_subsidies,2006,-0.287409
net_cost_full_proportional_sept29_high,flat,v4_housing_subsidies,2007,-0.295803
net_cost_full_proportional_sept29_high,flat,v4_housing_subsidies,2008,-0.311741
net_cost_full_proportional_sept29_high,flat,v4_housing_subsidies,2009,-0.321389
net_cost_full_proportional_sept29_high,flat,v4_housing_subsidies,2010,-0.333963
net_cost_full_proportional_sept29_high,flat,v4_housing_subsidies,2011,-0.340335
net_cost_full_proportional_sept29_high,flat,v4_housing_subsidies,2012,-0.345209
net_cost_full_proportional_sept29_high,flat,v4_housing_subsidies,2013,-0.350762
net_cost_full_proportional_sept29_high,flat,v4_housing_subsidies,2014,-0.358211
net_cost_full_proportional_sept29_high,flat,v4_housing_subsidies,2015,-0.363043
net_cost_full_proportional_sept29_high,flat,v4_housing_subsidies,2016,-0.367693
net_cost_full_proportional_sept29_high,flat,v4_housing_subsidies,2017,-0.371876
net_cost_full_proportional_sept29_high,flat,v4_housing_subsidies,2018,-0.375108
net_cost_full_proportional_sept29_high,flat,v4_housing_subsidies,2019,-0.377133
net_cost_full_proportional_sept29_high,flat,v4_housing_subsidies,2020,-0.377384
net_cost_full_proportional_sept29_high,flat,v4_housing_subsidies,2021,-0.377635
net_cost_full_proportional_sept29_high,flat,v4_housing_subsidies,2022,-0.37945
net_cost_full_proportional_sept29_high,flat,v4_housing_subsidies,2023,-0.385299
net_cost_full_proportional_sept29_high,flat,v4_housing_subsidies,2024,-0.395426
net_cost_full_proportional_sept29_high,flat,v4_roads_vmt_sl,2005,2.081337
net_cost_full_proportional_sept29_high,flat,v4_roads_vmt_sl,2006,2.202403
net_cost_full_proportional_sept29_high,flat,v4_roads_vmt_sl,2007,2.266722
net_cost_full_proportional_sept29_high,flat,v4_roads_vmt_sl,2008,2.388858
net_cost_full_proportional_sept29_high,flat,v4_roads_vmt_sl,2009,2.46279
net_cost_full_proportional_sept29_high,flat,v4_roads_vmt_sl,2010,2.559142
net_cost_full_proportional_sept29_high,flat,v4_roads_vmt_sl,2011,2.607966
net_cost_full_proportional_sept29_high,flat,v4_roads_vmt_sl,2012,2.645322
net_cost_full_proportional_sept29_high,flat,v4_roads_vmt_sl,2013,2.68787
net_cost_full_proportional_sept29_high,flat,v4_roads_vmt_sl,2014,2.744951
net_cost_full_proportional_sept29_high,flat,v4_roads_vmt_sl,2015,2.781982
net_cost_full_proportional_sept29_high,flat,v4_roads_vmt_sl,2016,2.817616
net_cost_full_proportional_sept29_high,flat,v4_roads_vmt_sl,2017,2.849668
net_cost_full_proportional_sept29_high,flat,v4_roads_vmt_sl,2018,2.874431
net_cost_full_proportional_sept29_high,flat,v4_roads_vmt_sl,2019,2.889951
net_cost_full_proportional_sept29_high,flat,v4_roads_vmt_sl,2020,2.891875
net_cost_full_proportional_sept29_high,flat,v4_roads_vmt_sl,2021,2.8938
net_cost_full_proportional_sept29_high,flat,v4_roads_vmt_sl,2022,2.907702
net_cost_full_proportional_sept29_high,flat,v4_roads_vmt_sl,2023,2.952523
net_cost_full_proportional_sept29_high,flat,v4_roads_vmt_sl,2024,3.030126
net_cost_full_proportional_sept29_high,flat,v4_roads_vmt_fed,2005,0.018918
net_cost_full_proportional_sept29_high,flat,v4_roads_vmt_fed,2006,0.020018
net_cost_full_proportional_sept29_high,flat,v4_roads_vmt_fed,2007,0.020603
net_cost_full_proportional_sept29_high,flat,v4_roads_vmt_fed,2008,0.021713
net_cost_full_proportional_sept29_high,flat,v4_roads_vmt_fed,2009,0.022385
net_cost_full_proportional_sept29_high,flat,v4_roads_vmt_fed,2010,0.023261
net_cost_full_proportional_sept29_high,flat,v4_roads_vmt_fed,2011,0.023705
net_cost_full_proportional_sept29_high,flat,v4_roads_vmt_fed,2012,0.024044
net_cost_full_proportional_sept29_high,flat,v4_roads_vmt_fed,2013,0.024431
net_cost_full_proportional_sept29_high,flat,v4_roads_vmt_fed,2014,0.02495
net_cost_full_proportional_sept29_high,flat,v4_roads_vmt_fed,2015,0.025286
net_cost_full_proportional_sept29_high,flat,v4_roads_vmt_fed,2016,0.02561
net_cost_full_proportional_sept29_high,flat,v4_roads_vmt_fed,2017,0.025902
net_cost_full_proportional_sept29_high,flat,v4_roads_vmt_fed,2018,0.026127
net_cost_full_proportional_sept29_high,flat,v4_roads_vmt_fed,2019,0.026268
net_cost_full_proportional_sept29_high,flat,v4_roads_vmt_fed,2020,0.026285
net_cost_full_proportional_sept29_high,flat,v4_roads_vmt_fed,2021,0.026303
net_cost_full_proportional_sept29_high,flat,v4_roads_vmt_fed,2022,0.026429
net_cost_full_proportional_sept29_high,flat,v4_roads_vmt_fed,2023,0.026836
net_cost_full_proportional_sept29_high,flat,v4_roads_vmt_fed,2024,0.027542
net_cost_full_proportional_sept29_high,flat,v4_state_price_public_order_safety,2005,4.404508
net_cost_full_proportional_sept29_high,flat,v4_state_price_public_order_safety,2006,4.660706
net_cost_full_proportional_sept29_high,flat,v4_state_price_public_order_safety,2007,4.796818
net_cost_full_proportional_sept29_high,flat,v4_state_price_public_order_safety,2008,5.055281
net_cost_full_proportional_sept29_high,flat,v4_state_price_public_order_safety,2009,5.211735
net_cost_full_proportional_sept29_high,flat,v4_state_price_public_order_safety,2010,5.415634
net_cost_full_proportional_sept29_high,flat,v4_state_price_public_order_safety,2011,5.518955
net_cost_full_proportional_sept29_high,flat,v4_state_price_public_order_safety,2012,5.598007
net_cost_full_proportional_sept29_high,flat,v4_state_price_public_order_safety,2013,5.688048
net_cost_full_proportional_sept29_high,flat,v4_state_price_public_order_safety,2014,5.808842
net_cost_full_proportional_sept29_high,flat,v4_state_price_public_order_safety,2015,5.887208
net_cost_full_proportional_sept29_high,flat,v4_state_price_public_order_safety,2016,5.962615
net_cost_full_proportional_sept29_high,flat,v4_state_price_public_order_safety,2017,6.030443
net_cost_full_proportional_sept29_high,flat,v4_state_price_public_order_safety,2018,6.082847
net_cost_full_proportional_sept29_high,flat,v4_state_price_public_order_safety,2019,6.11569
net_cost_full_proportional_sept29_high,flat,v4_state_price_public_order_safety,2020,6.119762
net_cost_full_proportional_sept29_high,flat,v4_state_price_public_order_safety,2021,6.123835
net_cost_full_proportional_sept29_high,flat,v4_state_price_public_order_safety,2022,6.153255
net_cost_full_proportional_sept29_high,flat,v4_state_price_public_order_safety,2023,6.248104
net_cost_full_proportional_sept29_high,flat,v4_state_price_public_order_safety,2024,6.412327
net_cost_full_proportional_sept29_high,flat,v4_state_price_health_services,2005,1.236134
net_cost_full_proportional_sept29_high,flat,v4_state_price_health_services,2006,1.308036
net_cost_full_proportional_sept29_high,flat,v4_state_price_health_services,2007,1.346236
net_cost_full_proportional_sept29_high,flat,v4_state_price_health_services,2008,1.418774
net_cost_full_proportional_sept29_high,flat,v4_state_price_health_services,2009,1.462683
net_cost_full_proportional_sept29_high,flat,v4_state_price_health_services,2010,1.519908
net_cost_full_proportional_sept29_high,flat,v4_state_price_health_services,2011,1.548905
net_cost_full_proportional_sept29_high,flat,v4_state_price_health_services,2012,1.571091
net_cost_full_proportional_sept29_high,flat,v4_state_price_health_services,2013,1.596361
net_cost_full_proportional_sept29_high,flat,v4_state_price_health_services,2014,1.630263
net_cost_full_proportional_sept29_high,flat,v4_state_price_health_services,2015,1.652256
net_cost_full_proportional_sept29_high,flat,v4_state_price_health_services,2016,1.673419
net_cost_full_proportional_sept29_high,flat,v4_state_price_health_services,2017,1.692455
net_cost_full_proportional_sept29_high,flat,v4_state_price_health_services,2018,1.707162
net_cost_full_proportional_sept29_high,flat,v4_state_price_health_services,2019,1.71638
net_cost_full_proportional_sept29_high,flat,v4_state_price_health_services,2020,1.717523
net_cost_full_proportional_sept29_high,flat,v4_state_price_health_services,2021,1.718666
net_cost_full_proportional_sept29_high,flat,v4_state_price_health_services,2022,1.726922
net_cost_full_proportional_sept29_high,flat,v4_state_price_health_services,2023,1.753542
net_cost_full_proportional_sept29_high,flat,v4_state_price_health_services,2024,1.799632
net_cost_full_proportional_sept29_high,flat,v4_state_price_recreation_culture,2005,0.293922
net_cost_full_proportional_sept29_high,flat,v4_state_price_recreation_culture,2006,0.311019
net_cost_full_proportional_sept29_high,flat,v4_state_price_recreation_culture,2007,0.320102
net_cost_full_proportional_sept29_high,flat,v4_state_price_recreation_culture,2008,0.33735
net_cost_full_proportional_sept29_high,flat,v4_state_price_recreation_culture,2009,0.34779
net_cost_full_proportional_sept29_high,flat,v4_state_price_recreation_culture,2010,0.361397
net_cost_full_proportional_sept29_high,flat,v4_state_price_recreation_culture,2011,0.368292
net_cost_full_proportional_sept29_high,flat,v4_state_price_recreation_culture,2012,0.373567
net_cost_full_proportional_sept29_high,flat,v4_state_price_recreation_culture,2013,0.379575
net_cost_full_proportional_sept29_high,flat,v4_state_price_recreation_culture,2014,0.387636
net_cost_full_proportional_sept29_high,flat,v4_state_price_recreation_culture,2015,0.392866
net_cost_full_proportional_sept29_high,flat,v4_state_price_recreation_culture,2016,0.397898
net_cost_full_proportional_sept29_high,flat,v4_state_price_recreation_culture,2017,0.402424
net_cost_full_proportional_sept29_high,flat,v4_state_price_recreation_culture,2018,0.405921
net_cost_full_proportional_sept29_high,flat,v4_state_price_recreation_culture,2019,0.408113
net_cost_full_proportional_sept29_high,flat,v4_state_price_recreation_culture,2020,0.408385
net_cost_full_proportional_sept29_high,flat,v4_state_price_recreation_culture,2021,0.408656
net_cost_full_proportional_sept29_high,flat,v4_state_price_recreation_culture,2022,0.41062
net_cost_full_proportional_sept29_high,flat,v4_state_price_recreation_culture,2023,0.416949
net_cost_full_proportional_sept29_high,flat,v4_state_price_recreation_culture,2024,0.427908
net_cost_full_proportional_sept29_high,flat,v4_production_private,2005,0.207141
net_cost_full_proportional_sept29_high,flat,v4_production_private,2006,0.21919
net_cost_full_proportional_sept29_high,flat,v4_production_private,2007,0.225591
net_cost_full_proportional_sept29_high,flat,v4_production_private,2008,0.237747
net_cost_full_proportional_sept29_high,flat,v4_production_private,2009,0.245105
net_cost_full_proportional_sept29_high,flat,v4_production_private,2010,0.254694
net_cost_full_proportional_sept29_high,flat,v4_production_private,2011,0.259553
net_cost_full_proportional_sept29_high,flat,v4_production_private,2012,0.263271
net_cost_full_proportional_sept29_high,flat,v4_production_private,2013,0.267505
net_cost_full_proportional_sept29_high,flat,v4_production_private,2014,0.273186
net_cost_full_proportional_sept29_high,flat,v4_production_private,2015,0.276872
net_cost_full_proportional_sept29_high,flat,v4_production_private,2016,0.280418
net_cost_full_proportional_sept29_high,flat,v4_production_private,2017,0.283608
net_cost_full_proportional_sept29_high,flat,v4_production_private,2018,0.286073
net_cost_full_proportional_sept29_high,flat,v4_production_private,2019,0.287617
net_cost_full_proportional_sept29_high,flat,v4_production_private,2020,0.287809
net_cost_full_proportional_sept29_high,flat,v4_production_private,2021,0.288
net_cost_full_proportional_sept29_high,flat,v4_production_private,2022,0.289384
net_cost_full_proportional_sept29_high,flat,v4_production_private,2023,0.293845
net_cost_full_proportional_sept29_high,flat,v4_production_private,2024,0.301568
net_cost_full_proportional_sept29_high,flat,v4_production_receipts,2005,0.553504
net_cost_full_proportional_sept29_high,flat,v4_production_receipts,2006,0.585699
net_cost_full_proportional_sept29_high,flat,v4_production_receipts,2007,0.602804
net_cost_full_proportional_sept29_high,flat,v4_production_receipts,2008,0.635285
net_cost_full_proportional_sept29_high,flat,v4_production_receipts,2009,0.654946
net_cost_full_proportional_sept29_high,flat,v4_production_receipts,2010,0.680569
net_cost_full_proportional_sept29_high,flat,v4_production_receipts,2011,0.693553
net_cost_full_proportional_sept29_high,flat,v4_production_receipts,2012,0.703488
net_cost_full_proportional_sept29_high,flat,v4_production_receipts,2013,0.714803
net_cost_full_proportional_sept29_high,flat,v4_production_receipts,2014,0.729983
net_cost_full_proportional_sept29_high,flat,v4_production_receipts,2015,0.739831
net_cost_full_proportional_sept29_high,flat,v4_production_receipts,2016,0.749307
net_cost_full_proportional_sept29_high,flat,v4_production_receipts,2017,0.757831
net_cost_full_proportional_sept29_high,flat,v4_production_receipts,2018,0.764416
net_cost_full_proportional_sept29_high,flat,v4_production_receipts,2019,0.768543
net_cost_full_proportional_sept29_high,flat,v4_production_receipts,2020,0.769055
net_cost_full_proportional_sept29_high,flat,v4_production_receipts,2021,0.769567
net_cost_full_proportional_sept29_high,flat,v4_production_receipts,2022,0.773264
net_cost_full_proportional_sept29_high,flat,v4_production_receipts,2023,0.785184
net_cost_full_proportional_sept29_high,flat,v4_production_receipts,2024,0.805821
net_cost_full_proportional_sept29_high,flat,capital_core,2005,17.707609
net_cost_full_proportional_sept29_high,flat,capital_core,2006,18.73761
net_cost_full_proportional_sept29_high,flat,capital_core,2007,19.284827
net_cost_full_proportional_sept29_high,flat,capital_core,2008,20.323933
net_cost_full_proportional_sept29_high,flat,capital_core,2009,20.952934
net_cost_full_proportional_sept29_high,flat,capital_core,2010,21.772676
net_cost_full_proportional_sept29_high,flat,capital_core,2011,22.188059
net_cost_full_proportional_sept29_high,flat,capital_core,2012,22.505877
net_cost_full_proportional_sept29_high,flat,capital_core,2013,22.867869
net_cost_full_proportional_sept29_high,flat,capital_core,2014,23.353505
net_cost_full_proportional_sept29_high,flat,capital_core,2015,23.668561
net_cost_full_proportional_sept29_high,flat,capital_core,2016,23.971721
net_cost_full_proportional_sept29_high,flat,capital_core,2017,24.244414
net_cost_full_proportional_sept29_high,flat,capital_core,2018,24.455097
net_cost_full_proportional_sept29_high,flat,capital_core,2019,24.587136
net_cost_full_proportional_sept29_high,flat,capital_core,2020,24.603508
net_cost_full_proportional_sept29_high,flat,capital_core,2021,24.619881
net_cost_full_proportional_sept29_high,flat,capital_core,2022,24.738158
net_cost_full_proportional_sept29_high,flat,capital_core,2023,25.119483
net_cost_full_proportional_sept29_high,flat,capital_core,2024,25.779717
net_cost_full_proportional_sept29_high,flat,capital_block,2005,9.947712
net_cost_full_proportional_sept29_high,flat,capital_block,2006,10.526343
net_cost_full_proportional_sept29_high,flat,capital_block,2007,10.833755
net_cost_full_proportional_sept29_high,flat,capital_block,2008,11.417501
net_cost_full_proportional_sept29_high,flat,capital_block,2009,11.770858
net_cost_full_proportional_sept29_high,flat,capital_block,2010,12.23137
net_cost_full_proportional_sept29_high,flat,capital_block,2011,12.464722
net_cost_full_proportional_sept29_high,flat,capital_block,2012,12.643265
net_cost_full_proportional_sept29_high,flat,capital_block,2013,12.846623
net_cost_full_proportional_sept29_high,flat,capital_block,2014,13.119442
net_cost_full_proportional_sept29_high,flat,capital_block,2015,13.296433
net_cost_full_proportional_sept29_high,flat,capital_block,2016,13.466741
net_cost_full_proportional_sept29_high,flat,capital_block,2017,13.619933
net_cost_full_proportional_sept29_high,flat,capital_block,2018,13.73829
net_cost_full_proportional_sept29_high,flat,capital_block,2019,13.812466
net_cost_full_proportional_sept29_high,flat,capital_block,2020,13.821664
net_cost_full_proportional_sept29_high,flat,capital_block,2021,13.830862
net_cost_full_proportional_sept29_high,flat,capital_block,2022,13.897307
net_cost_full_proportional_sept29_high,flat,capital_block,2023,14.111526
net_cost_full_proportional_sept29_high,flat,capital_block,2024,14.48243
net_cost_full_proportional_sept29_high,flat,capital_enterprise,2005,11.613627
net_cost_full_proportional_sept29_high,flat,capital_enterprise,2006,12.289159
net_cost_full_proportional_sept29_high,flat,capital_enterprise,2007,12.648053
net_cost_full_proportional_sept29_high,flat,capital_enterprise,2008,13.329557
net_cost_full_proportional_sept29_high,flat,capital_enterprise,2009,13.74209
net_cost_full_proportional_sept29_high,flat,capital_enterprise,2010,14.279722
net_cost_full_proportional_sept29_high,flat,capital_enterprise,2011,14.552154
net_cost_full_proportional_sept29_high,flat,capital_enterprise,2012,14.760596
net_cost_full_proportional_sept29_high,flat,capital_enterprise,2013,14.998011
net_cost_full_proportional_sept29_high,flat,capital_enterprise,2014,15.316517
net_cost_full_proportional_sept29_high,flat,capital_enterprise,2015,15.523149
net_cost_full_proportional_sept29_high,flat,capital_enterprise,2016,15.721978
net_cost_full_proportional_sept29_high,flat,capital_enterprise,2017,15.900825
net_cost_full_proportional_sept29_high,flat,capital_enterprise,2018,16.039002
net_cost_full_proportional_sept29_high,flat,capital_enterprise,2019,16.1256
net_cost_full_proportional_sept29_high,flat,capital_enterprise,2020,16.136339
net_cost_full_proportional_sept29_high,flat,capital_enterprise,2021,16.147077
net_cost_full_proportional_sept29_high,flat,capital_enterprise,2022,16.224649
net_cost_full_proportional_sept29_high,flat,capital_enterprise,2023,16.474743
net_cost_full_proportional_sept29_high,flat,capital_enterprise,2024,16.907761
net_cost_full_proportional_sept29_high,ratio,base,2005,132.1624
net_cost_full_proportional_sept29_high,ratio,base,2006,133.847405
net_cost_full_proportional_sept29_high,ratio,base,2007,146.124946
net_cost_full_proportional_sept29_high,ratio,base,2008,194.616153
net_cost_full_proportional_sept29_high,ratio,base,2009,263.770692
net_cost_full_proportional_sept29_high,ratio,base,2010,279.285427
net_cost_full_proportional_sept29_high,ratio,base,2011,269.60637
net_cost_full_proportional_sept29_high,ratio,base,2012,255.118611
net_cost_full_proportional_sept29_high,ratio,base,2013,219.173407
net_cost_full_proportional_sept29_high,ratio,base,2014,217.060463
net_cost_full_proportional_sept29_high,ratio,base,2015,216.342173
net_cost_full_proportional_sept29_high,ratio,base,2016,230.360243
net_cost_full_proportional_sept29_high,ratio,base,2017,235.818585
net_cost_full_proportional_sept29_high,ratio,base,2018,250.135834
net_cost_full_proportional_sept29_high,ratio,base,2019,265.960487
net_cost_full_proportional_sept29_high,ratio,base,2020,430.793785
net_cost_full_proportional_sept29_high,ratio,base,2021,398.278602
net_cost_full_proportional_sept29_high,ratio,base,2022,248.72176
net_cost_full_proportional_sept29_high,ratio,base,2023,309.663133
net_cost_full_proportional_sept29_high,ratio,base,2024,334.751564
net_cost_full_proportional_sept29_high,ratio,long_run_economic_affairs_services,2005,0.0
net_cost_full_proportional_sept29_high,ratio,long_run_economic_affairs_services,2006,0.0
net_cost_full_proportional_sept29_high,ratio,long_run_economic_affairs_services,2007,0.0
net_cost_full_proportional_sept29_high,ratio,long_run_economic_affairs_services,2008,0.0
net_cost_full_proportional_sept29_high,ratio,long_run_economic_affairs_services,2009,0.0
net_cost_full_proportional_sept29_high,ratio,long_run_economic_affairs_services,2010,0.0
net_cost_full_proportional_sept29_high,ratio,long_run_economic_affairs_services,2011,0.0
net_cost_full_proportional_sept29_high,ratio,long_run_economic_affairs_services,2012,0.0
net_cost_full_proportional_sept29_high,ratio,long_run_economic_affairs_services,2013,0.0
net_cost_full_proportional_sept29_high,ratio,long_run_economic_affairs_services,2014,0.0
net_cost_full_proportional_sept29_high,ratio,long_run_economic_affairs_services,2015,0.0
net_cost_full_proportional_sept29_high,ratio,long_run_economic_affairs_services,2016,0.0
net_cost_full_proportional_sept29_high,ratio,long_run_economic_affairs_services,2017,0.0
net_cost_full_proportional_sept29_high,ratio,long_run_economic_affairs_services,2018,0.0
net_cost_full_proportional_sept29_high,ratio,long_run_economic_affairs_services,2019,0.0
net_cost_full_proportional_sept29_high,ratio,long_run_economic_affairs_services,2020,0.0
net_cost_full_proportional_sept29_high,ratio,long_run_economic_affairs_services,2021,0.0
net_cost_full_proportional_sept29_high,ratio,long_run_economic_affairs_services,2022,0.0
net_cost_full_proportional_sept29_high,ratio,long_run_economic_affairs_services,2023,0.0
net_cost_full_proportional_sept29_high,ratio,long_run_economic_affairs_services,2024,0.0
net_cost_full_proportional_sept29_high,ratio,long_run_recreation_culture,2005,0.0
net_cost_full_proportional_sept29_high,ratio,long_run_recreation_culture,2006,0.0
net_cost_full_proportional_sept29_high,ratio,long_run_recreation_culture,2007,0.0
net_cost_full_proportional_sept29_high,ratio,long_run_recreation_culture,2008,0.0
net_cost_full_proportional_sept29_high,ratio,long_run_recreation_culture,2009,0.0
net_cost_full_proportional_sept29_high,ratio,long_run_recreation_culture,2010,0.0
net_cost_full_proportional_sept29_high,ratio,long_run_recreation_culture,2011,0.0
net_cost_full_proportional_sept29_high,ratio,long_run_recreation_culture,2012,0.0
net_cost_full_proportional_sept29_high,ratio,long_run_recreation_culture,2013,0.0
net_cost_full_proportional_sept29_high,ratio,long_run_recreation_culture,2014,0.0
net_cost_full_proportional_sept29_high,ratio,long_run_recreation_culture,2015,0.0
net_cost_full_proportional_sept29_high,ratio,long_run_recreation_culture,2016,0.0
net_cost_full_proportional_sept29_high,ratio,long_run_recreation_culture,2017,0.0
net_cost_full_proportional_sept29_high,ratio,long_run_recreation_culture,2018,0.0
net_cost_full_proportional_sept29_high,ratio,long_run_recreation_culture,2019,0.0
net_cost_full_proportional_sept29_high,ratio,long_run_recreation_culture,2020,0.0
net_cost_full_proportional_sept29_high,ratio,long_run_recreation_culture,2021,0.0
net_cost_full_proportional_sept29_high,ratio,long_run_recreation_culture,2022,0.0
net_cost_full_proportional_sept29_high,ratio,long_run_recreation_culture,2023,0.0
net_cost_full_proportional_sept29_high,ratio,long_run_recreation_culture,2024,0.0
net_cost_full_proportional_sept29_high,ratio,rental_assistance,2005,2.524119
net_cost_full_proportional_sept29_high,ratio,rental_assistance,2006,2.655
net_cost_full_proportional_sept29_high,ratio,rental_assistance,2007,2.718717
net_cost_full_proportional_sept29_high,ratio,rental_assistance,2008,2.819105
net_cost_full_proportional_sept29_high,ratio,rental_assistance,2009,3.151353
net_cost_full_proportional_sept29_high,ratio,rental_assistance,2010,3.187315
net_cost_full_proportional_sept29_high,ratio,rental_assistance,2011,3.308314
net_cost_full_proportional_sept29_high,ratio,rental_assistance,2012,3.178466
net_cost_full_proportional_sept29_high,ratio,rental_assistance,2013,3.14514
net_cost_full_proportional_sept29_high,ratio,rental_assistance,2014,3.188178
net_cost_full_proportional_sept29_high,ratio,rental_assistance,2015,3.275448
net_cost_full_proportional_sept29_high,ratio,rental_assistance,2016,3.512629
net_cost_full_proportional_sept29_high,ratio,rental_assistance,2017,3.301851
net_cost_full_proportional_sept29_high,ratio,rental_assistance,2018,3.516221
net_cost_full_proportional_sept29_high,ratio,rental_assistance,2019,3.577785
net_cost_full_proportional_sept29_high,ratio,rental_assistance,2020,3.865451
net_cost_full_proportional_sept29_high,ratio,rental_assistance,2021,3.788167
net_cost_full_proportional_sept29_high,ratio,rental_assistance,2022,3.746339
net_cost_full_proportional_sept29_high,ratio,rental_assistance,2023,4.058563
net_cost_full_proportional_sept29_high,ratio,rental_assistance,2024,4.532066
net_cost_full_proportional_sept29_high,ratio,enterprise_surplus,2005,0.490534
net_cost_full_proportional_sept29_high,ratio,enterprise_surplus,2006,0.853953
net_cost_full_proportional_sept29_high,ratio,enterprise_surplus,2007,1.847371
net_cost_full_proportional_sept29_high,ratio,enterprise_surplus,2008,2.459287
net_cost_full_proportional_sept29_high,ratio,enterprise_surplus,2009,2.173422
net_cost_full_proportional_sept29_high,ratio,enterprise_surplus,2010,2.819135
net_cost_full_proportional_sept29_high,ratio,enterprise_surplus,2011,2.686704
net_cost_full_proportional_sept29_high,ratio,enterprise_surplus,2012,2.030378
net_cost_full_proportional_sept29_high,ratio,enterprise_surplus,2013,2.012881
net_cost_full_proportional_sept29_high,ratio,enterprise_surplus,2014,1.245274
net_cost_full_proportional_sept29_high,ratio,enterprise_surplus,2015,0.416792
net_cost_full_proportional_sept29_high,ratio,enterprise_surplus,2016,0.313938
net_cost_full_proportional_sept29_high,ratio,enterprise_surplus,2017,0.611643
net_cost_full_proportional_sept29_high,ratio,enterprise_surplus,2018,0.647385
net_cost_full_proportional_sept29_high,ratio,enterprise_surplus,2019,1.684152
net_cost_full_proportional_sept29_high,ratio,enterprise_surplus,2020,0.417716
net_cost_full_proportional_sept29_high,ratio,enterprise_surplus,2021,1.424219
net_cost_full_proportional_sept29_high,ratio,enterprise_surplus,2022,1.946247
net_cost_full_proportional_sept29_high,ratio,enterprise_surplus,2023,5.538794
net_cost_full_proportional_sept29_high,ratio,enterprise_surplus,2024,5.561143
net_cost_full_proportional_sept29_high,ratio,v4_federal_income_tax,2005,-0.421878
net_cost_full_proportional_sept29_high,ratio,v4_federal_income_tax,2006,-0.483266
net_cost_full_proportional_sept29_high,ratio,v4_federal_income_tax,2007,-0.531904
net_cost_full_proportional_sept29_high,ratio,v4_federal_income_tax,2008,-0.547491
net_cost_full_proportional_sept29_high,ratio,v4_federal_income_tax,2009,-0.409513
net_cost_full_proportional_sept29_high,ratio,v4_federal_income_tax,2010,-0.453953
net_cost_full_proportional_sept29_high,ratio,v4_federal_income_tax,2011,-0.538913
net_cost_full_proportional_sept29_high,ratio,v4_federal_income_tax,2012,-0.549269
net_cost_full_proportional_sept29_high,ratio,v4_federal_income_tax,2013,-0.608379
net_cost_full_proportional_sept29_high,ratio,v4_federal_income_tax,2014,-0.652798
net_cost_full_proportional_sept29_high,ratio,v4_federal_income_tax,2015,-0.710111
net_cost_full_proportional_sept29_high,ratio,v4_federal_income_tax,2016,-0.714045
net_cost_full_proportional_sept29_high,ratio,v4_federal_income_tax,2017,-0.734235
net_cost_full_proportional_sept29_high,ratio,v4_federal_income_tax,2018,-0.720301
net_cost_full_proportional_sept29_high,ratio,v4_federal_income_tax,2019,-0.74685
net_cost_full_proportional_sept29_high,ratio,v4_federal_income_tax,2020,-0.751676
net_cost_full_proportional_sept29_high,ratio,v4_federal_income_tax,2021,-0.87737
net_cost_full_proportional_sept29_high,ratio,v4_federal_income_tax,2022,-1.002277
net_cost_full_proportional_sept29_high,ratio,v4_federal_income_tax,2023,-0.851352
net_cost_full_proportional_sept29_high,ratio,v4_federal_income_tax,2024,-0.891261
net_cost_full_proportional_sept29_high,ratio,v4_state_local_income_tax,2005,-0.003413
net_cost_full_proportional_sept29_high,ratio,v4_state_local_income_tax,2006,-0.003821
net_cost_full_proportional_sept29_high,ratio,v4_state_local_income_tax,2007,-0.00407
net_cost_full_proportional_sept29_high,ratio,v4_state_local_income_tax,2008,-0.004307
net_cost_full_proportional_sept29_high,ratio,v4_state_local_income_tax,2009,-0.003725
net_cost_full_proportional_sept29_high,ratio,v4_state_local_income_tax,2010,-0.003893
net_cost_full_proportional_sept29_high,ratio,v4_state_local_income_tax,2011,-0.004267
net_cost_full_proportional_sept29_high,ratio,v4_state_local_income_tax,2012,-0.004488
net_cost_full_proportional_sept29_high,ratio,v4_state_local_income_tax,2013,-0.00489
net_cost_full_proportional_sept29_high,ratio,v4_state_local_income_tax,2014,-0.004959
net_cost_full_proportional_sept29_high,ratio,v4_state_local_income_tax,2015,-0.005294
net_cost_full_proportional_sept29_high,ratio,v4_state_local_income_tax,2016,-0.00529
net_cost_full_proportional_sept29_high,ratio,v4_state_local_income_tax,2017,-0.005553
net_cost_full_proportional_sept29_high,ratio,v4_state_local_income_tax,2018,-0.005739
net_cost_full_proportional_sept29_high,ratio,v4_state_local_income_tax,2019,-0.00614
net_cost_full_proportional_sept29_high,ratio,v4_state_local_income_tax,2020,-0.006147
net_cost_full_proportional_sept29_high,ratio,v4_state_local_income_tax,2021,-0.00659
net_cost_full_proportional_sept29_high,ratio,v4_state_local_income_tax,2022,-0.006959
net_cost_full_proportional_sept29_high,ratio,v4_state_local_income_tax,2023,-0.005828
net_cost_full_proportional_sept29_high,ratio,v4_state_local_income_tax,2024,-0.006053
net_cost_full_proportional_sept29_high,ratio,v4_personal_motor_vehicle,2005,-0.384368
net_cost_full_proportional_sept29_high,ratio,v4_personal_motor_vehicle,2006,-0.407517
net_cost_full_proportional_sept29_high,ratio,v4_personal_motor_vehicle,2007,-0.41263
net_cost_full_proportional_sept29_high,ratio,v4_personal_motor_vehicle,2008,-0.418961
net_cost_full_proportional_sept29_high,ratio,v4_personal_motor_vehicle,2009,-0.441254
net_cost_full_proportional_sept29_high,ratio,v4_personal_motor_vehicle,2010,-0.474826
net_cost_full_proportional_sept29_high,ratio,v4_personal_motor_vehicle,2011,-0.489284
net_cost_full_proportional_sept29_high,ratio,v4_personal_motor_vehicle,2012,-0.505446
net_cost_full_proportional_sept29_high,ratio,v4_personal_motor_vehicle,2013,-0.503406
net_cost_full_proportional_sept29_high,ratio,v4_personal_motor_vehicle,2014,-0.513709
net_cost_full_proportional_sept29_high,ratio,v4_personal_motor_vehicle,2015,-0.528189
net_cost_full_proportional_sept29_high,ratio,v4_personal_motor_vehicle,2016,-0.542271
net_cost_full_proportional_sept29_high,ratio,v4_personal_motor_vehicle,2017,-0.549308
net_cost_full_proportional_sept29_high,ratio,v4_personal_motor_vehicle,2018,-0.572132
net_cost_full_proportional_sept29_high,ratio,v4_personal_motor_vehicle,2019,-0.569774
net_cost_full_proportional_sept29_high,ratio,v4_personal_motor_vehicle,2020,-0.575821
net_cost_full_proportional_sept29_high,ratio,v4_personal_motor_vehicle,2021,-0.606829
net_cost_full_proportional_sept29_high,ratio,v4_personal_motor_vehicle,2022,-0.55763
net_cost_full_proportional_sept29_high,ratio,v4_personal_motor_vehicle,2023,-0.557656
net_cost_full_proportional_sept29_high,ratio,v4_personal_motor_vehicle,2024,-0.586823
net_cost_full_proportional_sept29_high,ratio,v4_personal_property_tax,2005,-0.767467
net_cost_full_proportional_sept29_high,ratio,v4_personal_property_tax,2006,-0.836178
net_cost_full_proportional_sept29_high,ratio,v4_personal_property_tax,2007,-0.867039
net_cost_full_proportional_sept29_high,ratio,v4_personal_property_tax,2008,-0.90142
net_cost_full_proportional_sept29_high,ratio,v4_personal_property_tax,2009,-0.97587
net_cost_full_proportional_sept29_high,ratio,v4_personal_property_tax,2010,-1.016382
net_cost_full_proportional_sept29_high,ratio,v4_personal_property_tax,2011,-0.977471
net_cost_full_proportional_sept29_high,ratio,v4_personal_property_tax,2012,-0.961808
net_cost_full_proportional_sept29_high,ratio,v4_personal_property_tax,2013,-0.989719
net_cost_full_proportional_sept29_high,ratio,v4_personal_property_tax,2014,-1.032259
net_cost_full_proportional_sept29_high,ratio,v4_personal_property_tax,2015,-1.080006
net_cost_full_proportional_sept29_high,ratio,v4_personal_property_tax,2016,-1.120791
net_cost_full_proportional_sept29_high,ratio,v4_personal_property_tax,2017,-1.153543
net_cost_full_proportional_sept29_high,ratio,v4_personal_property_tax,2018,-1.186945
net_cost_full_proportional_sept29_high,ratio,v4_personal_property_tax,2019,-1.225157
net_cost_full_proportional_sept29_high,ratio,v4_personal_property_tax,2020,-1.251459
net_cost_full_proportional_sept29_high,ratio,v4_personal_property_tax,2021,-1.259608
net_cost_full_proportional_sept29_high,ratio,v4_personal_property_tax,2022,-1.245613
net_cost_full_proportional_sept29_high,ratio,v4_personal_property_tax,2023,-1.252359
net_cost_full_proportional_sept29_high,ratio,v4_personal_property_tax,2024,-1.325841
net_cost_full_proportional_sept29_high,ratio,v4_other_personal_tax,2005,-8.1e-05
net_cost_full_proportional_sept29_high,ratio,v4_other_personal_tax,2006,-7.8e-05
net_cost_full_proportional_sept29_high,ratio,v4_other_personal_tax,2007,-7.4e-05
net_cost_full_proportional_sept29_high,ratio,v4_other_personal_tax,2008,-6.9e-05
net_cost_full_proportional_sept29_high,ratio,v4_other_personal_tax,2009,-5.7e-05
net_cost_full_proportional_sept29_high,ratio,v4_other_personal_tax,2010,-6.3e-05
net_cost_full_proportional_sept29_high,ratio,v4_other_personal_tax,2011,-6.4e-05
net_cost_full_proportional_sept29_high,ratio,v4_other_personal_tax,2012,-7e-05
net_cost_full_proportional_sept29_high,ratio,v4_other_personal_tax,2013,-7.4e-05
net_cost_full_proportional_sept29_high,ratio,v4_other_personal_tax,2014,-7.6e-05
net_cost_full_proportional_sept29_high,ratio,v4_other_personal_tax,2015,-8e-05
net_cost_full_proportional_sept29_high,ratio,v4_other_personal_tax,2016,-8.2e-05
net_cost_full_proportional_sept29_high,ratio,v4_other_personal_tax,2017,-8.1e-05
net_cost_full_proportional_sept29_high,ratio,v4_other_personal_tax,2018,-8.9e-05
net_cost_full_proportional_sept29_high,ratio,v4_other_personal_tax,2019,-8.8e-05
net_cost_full_proportional_sept29_high,ratio,v4_other_personal_tax,2020,-9.3e-05
net_cost_full_proportional_sept29_high,ratio,v4_other_personal_tax,2021,-0.000126
net_cost_full_proportional_sept29_high,ratio,v4_other_personal_tax,2022,-9.4e-05
net_cost_full_proportional_sept29_high,ratio,v4_other_personal_tax,2023,-9e-05
net_cost_full_proportional_sept29_high,ratio,v4_other_personal_tax,2024,-0.00011
net_cost_full_proportional_sept29_high,ratio,v4_employee_oasdi,2005,-0.01491
net_cost_full_proportional_sept29_high,ratio,v4_employee_oasdi,2006,-0.016057
net_cost_full_proportional_sept29_high,ratio,v4_employee_oasdi,2007,-0.01669
net_cost_full_proportional_sept29_high,ratio,v4_employee_oasdi,2008,-0.017663
net_cost_full_proportional_sept29_high,ratio,v4_employee_oasdi,2009,-0.017384
net_cost_full_proportional_sept29_high,ratio,v4_employee_oasdi,2010,-0.017877
net_cost_full_proportional_sept29_high,ratio,v4_employee_oasdi,2011,-0.012316
net_cost_full_proportional_sept29_high,ratio,v4_employee_oasdi,2012,-0.012646
net_cost_full_proportional_sept29_high,ratio,v4_employee_oasdi,2013,-0.019252
net_cost_full_proportional_sept29_high,ratio,v4_employee_oasdi,2014,-0.020057
net_cost_full_proportional_sept29_high,ratio,v4_employee_oasdi,2015,-0.020959
net_cost_full_proportional_sept29_high,ratio,v4_employee_oasdi,2016,-0.021484
net_cost_full_proportional_sept29_high,ratio,v4_employee_oasdi,2017,-0.022315
net_cost_full_proportional_sept29_high,ratio,v4_employee_oasdi,2018,-0.022928
net_cost_full_proportional_sept29_high,ratio,v4_employee_oasdi,2019,-0.023673
net_cost_full_proportional_sept29_high,ratio,v4_employee_oasdi,2020,-0.023467
net_cost_full_proportional_sept29_high,ratio,v4_employee_oasdi,2021,-0.024187
net_cost_full_proportional_sept29_high,ratio,v4_employee_oasdi,2022,-0.024717
net_cost_full_proportional_sept29_high,ratio,v4_employee_oasdi,2023,-0.025667
net_cost_full_proportional_sept29_high,ratio,v4_employee_oasdi,2024,-0.0273
net_cost_full_proportional_sept29_high,ratio,v4_employee_hi,2005,-0.006996
net_cost_full_proportional_sept29_high,ratio,v4_employee_hi,2006,-0.007572
net_cost_full_proportional_sept29_high,ratio,v4_employee_hi,2007,-0.007943
net_cost_full_proportional_sept29_high,ratio,v4_employee_hi,2008,-0.008305
net_cost_full_proportional_sept29_high,ratio,v4_employee_hi,2009,-0.008054
net_cost_full_proportional_sept29_high,ratio,v4_employee_hi,2010,-0.008403
net_cost_full_proportional_sept29_high,ratio,v4_employee_hi,2011,-0.008653
net_cost_full_proportional_sept29_high,ratio,v4_employee_hi,2012,-0.00893
net_cost_full_proportional_sept29_high,ratio,v4_employee_hi,2013,-0.009622
net_cost_full_proportional_sept29_high,ratio,v4_employee_hi,2014,-0.010083
net_cost_full_proportional_sept29_high,ratio,v4_employee_hi,2015,-0.010577
net_cost_full_proportional_sept29_high,ratio,v4_employee_hi,2016,-0.010801
net_cost_full_proportional_sept29_high,ratio,v4_employee_hi,2017,-0.011229
net_cost_full_proportional_sept29_high,ratio,v4_employee_hi,2018,-0.011576
net_cost_full_proportional_sept29_high,ratio,v4_employee_hi,2019,-0.011959
net_cost_full_proportional_sept29_high,ratio,v4_employee_hi,2020,-0.012039
net_cost_full_proportional_sept29_high,ratio,v4_employee_hi,2021,-0.012699
net_cost_full_proportional_sept29_high,ratio,v4_employee_hi,2022,-0.012718
net_cost_full_proportional_sept29_high,ratio,v4_employee_hi,2023,-0.013064
net_cost_full_proportional_sept29_high,ratio,v4_employee_hi,2024,-0.013945
net_cost_full_proportional_sept29_high,ratio,v4_self_employment_oasdi_hi,2005,0.504284
net_cost_full_proportional_sept29_high,ratio,v4_self_employment_oasdi_hi,2006,0.546473
net_cost_full_proportional_sept29_high,ratio,v4_self_employment_oasdi_hi,2007,0.567733
net_cost_full_proportional_sept29_high,ratio,v4_self_employment_oasdi_hi,2008,0.588809
net_cost_full_proportional_sept29_high,ratio,v4_self_employment_oasdi_hi,2009,0.591928
net_cost_full_proportional_sept29_high,ratio,v4_self_employment_oasdi_hi,2010,0.595109
net_cost_full_proportional_sept29_high,ratio,v4_self_employment_oasdi_hi,2011,0.558783
net_cost_full_proportional_sept29_high,ratio,v4_self_employment_oasdi_hi,2012,0.557062
net_cost_full_proportional_sept29_high,ratio,v4_self_employment_oasdi_hi,2013,0.635699
net_cost_full_proportional_sept29_high,ratio,v4_self_employment_oasdi_hi,2014,0.686419
net_cost_full_proportional_sept29_high,ratio,v4_self_employment_oasdi_hi,2015,0.714408
net_cost_full_proportional_sept29_high,ratio,v4_self_employment_oasdi_hi,2016,0.721216
net_cost_full_proportional_sept29_high,ratio,v4_self_employment_oasdi_hi,2017,0.727574
net_cost_full_proportional_sept29_high,ratio,v4_self_employment_oasdi_hi,2018,0.747367
net_cost_full_proportional_sept29_high,ratio,v4_self_employment_oasdi_hi,2019,0.764172
net_cost_full_proportional_sept29_high,ratio,v4_self_employment_oasdi_hi,2020,0.764874
net_cost_full_proportional_sept29_high,ratio,v4_self_employment_oasdi_hi,2021,0.754677
net_cost_full_proportional_sept29_high,ratio,v4_self_employment_oasdi_hi,2022,0.800907
net_cost_full_proportional_sept29_high,ratio,v4_self_employment_oasdi_hi,2023,0.795208
net_cost_full_proportional_sept29_high,ratio,v4_self_employment_oasdi_hi,2024,0.813357
net_cost_full_proportional_sept29_high,ratio,v4_employer_oasdi,2005,-0.015028
net_cost_full_proportional_sept29_high,ratio,v4_employer_oasdi,2006,-0.016179
net_cost_full_proportional_sept29_high,ratio,v4_employer_oasdi,2007,-0.016812
net_cost_full_proportional_sept29_high,ratio,v4_employer_oasdi,2008,-0.017801
net_cost_full_proportional_sept29_high,ratio,v4_employer_oasdi,2009,-0.017527
net_cost_full_proportional_sept29_high,ratio,v4_employer_oasdi,2010,-0.017839
net_cost_full_proportional_sept29_high,ratio,v4_employer_oasdi,2011,-0.018358
net_cost_full_proportional_sept29_high,ratio,v4_employer_oasdi,2012,-0.01886
net_cost_full_proportional_sept29_high,ratio,v4_employer_oasdi,2013,-0.019389
net_cost_full_proportional_sept29_high,ratio,v4_employer_oasdi,2014,-0.020199
net_cost_full_proportional_sept29_high,ratio,v4_employer_oasdi,2015,-0.021115
net_cost_full_proportional_sept29_high,ratio,v4_employer_oasdi,2016,-0.02166
net_cost_full_proportional_sept29_high,ratio,v4_employer_oasdi,2017,-0.022496
net_cost_full_proportional_sept29_high,ratio,v4_employer_oasdi,2018,-0.023102
net_cost_full_proportional_sept29_high,ratio,v4_employer_oasdi,2019,-0.023865
net_cost_full_proportional_sept29_high,ratio,v4_employer_oasdi,2020,-0.023668
net_cost_full_proportional_sept29_high,ratio,v4_employer_oasdi,2021,-0.024372
net_cost_full_proportional_sept29_high,ratio,v4_employer_oasdi,2022,-0.024958
net_cost_full_proportional_sept29_high,ratio,v4_employer_oasdi,2023,-0.025951
net_cost_full_proportional_sept29_high,ratio,v4_employer_oasdi,2024,-0.027536
net_cost_full_proportional_sept29_high,ratio,v4_employer_hi,2005,-0.006788
net_cost_full_proportional_sept29_high,ratio,v4_employer_hi,2006,-0.007341
net_cost_full_proportional_sept29_high,ratio,v4_employer_hi,2007,-0.007696
net_cost_full_proportional_sept29_high,ratio,v4_employer_hi,2008,-0.008044
net_cost_full_proportional_sept29_high,ratio,v4_employer_hi,2009,-0.007791
net_cost_full_proportional_sept29_high,ratio,v4_employer_hi,2010,-0.008099
net_cost_full_proportional_sept29_high,ratio,v4_employer_hi,2011,-0.008355
net_cost_full_proportional_sept29_high,ratio,v4_employer_hi,2012,-0.008621
net_cost_full_proportional_sept29_high,ratio,v4_employer_hi,2013,-0.008763
net_cost_full_proportional_sept29_high,ratio,v4_employer_hi,2014,-0.009172
net_cost_full_proportional_sept29_high,ratio,v4_employer_hi,2015,-0.009611
net_cost_full_proportional_sept29_high,ratio,v4_employer_hi,2016,-0.009838
net_cost_full_proportional_sept29_high,ratio,v4_employer_hi,2017,-0.010168
net_cost_full_proportional_sept29_high,ratio,v4_employer_hi,2018,-0.010469
net_cost_full_proportional_sept29_high,ratio,v4_employer_hi,2019,-0.010791
net_cost_full_proportional_sept29_high,ratio,v4_employer_hi,2020,-0.010807
net_cost_full_proportional_sept29_high,ratio,v4_employer_hi,2021,-0.011304
net_cost_full_proportional_sept29_high,ratio,v4_employer_hi,2022,-0.011368
net_cost_full_proportional_sept29_high,ratio,v4_employer_hi,2023,-0.011679
net_cost_full_proportional_sept29_high,ratio,v4_employer_hi,2024,-0.012404
net_cost_full_proportional_sept29_high,ratio,v4_other_domestic_social_contributions,2005,-0.025843
net_cost_full_proportional_sept29_high,ratio,v4_other_domestic_social_contributions,2006,-0.025299
net_cost_full_proportional_sept29_high,ratio,v4_other_domestic_social_contributions,2007,-0.023521
net_cost_full_proportional_sept29_high,ratio,v4_other_domestic_social_contributions,2008,-0.023596
net_cost_full_proportional_sept29_high,ratio,v4_other_domestic_social_contributions,2009,-0.024531
net_cost_full_proportional_sept29_high,ratio,v4_other_domestic_social_contributions,2010,-0.028251
net_cost_full_proportional_sept29_high,ratio,v4_other_domestic_social_contributions,2011,-0.030762
net_cost_full_proportional_sept29_high,ratio,v4_other_domestic_social_contributions,2012,-0.031517
net_cost_full_proportional_sept29_high,ratio,v4_other_domestic_social_contributions,2013,-0.03093
net_cost_full_proportional_sept29_high,ratio,v4_other_domestic_social_contributions,2014,-0.030701
net_cost_full_proportional_sept29_high,ratio,v4_other_domestic_social_contributions,2015,-0.030486
net_cost_full_proportional_sept29_high,ratio,v4_other_domestic_social_contributions,2016,-0.029429
net_cost_full_proportional_sept29_high,ratio,v4_other_domestic_social_contributions,2017,-0.028486
net_cost_full_proportional_sept29_high,ratio,v4_other_domestic_social_contributions,2018,-0.026653
net_cost_full_proportional_sept29_high,ratio,v4_other_domestic_social_contributions,2019,-0.02594
net_cost_full_proportional_sept29_high,ratio,v4_other_domestic_social_contributions,2020,-0.025994
net_cost_full_proportional_sept29_high,ratio,v4_other_domestic_social_contributions,2021,-0.025602
net_cost_full_proportional_sept29_high,ratio,v4_other_domestic_social_contributions,2022,-0.023966
net_cost_full_proportional_sept29_high,ratio,v4_other_domestic_social_contributions,2023,-0.023562
net_cost_full_proportional_sept29_high,ratio,v4_other_domestic_social_contributions,2024,-0.024784
net_cost_full_proportional_sept29_high,ratio,v4_general_sales_tax,2005,-3.272937
net_cost_full_proportional_sept29_high,ratio,v4_general_sales_tax,2006,-3.58623
net_cost_full_proportional_sept29_high,ratio,v4_general_sales_tax,2007,-3.649828
net_cost_full_proportional_sept29_high,ratio,v4_general_sales_tax,2008,-3.735101
net_cost_full_proportional_sept29_high,ratio,v4_general_sales_tax,2009,-3.521989
net_cost_full_proportional_sept29_high,ratio,v4_general_sales_tax,2010,-3.784876
net_cost_full_proportional_sept29_high,ratio,v4_general_sales_tax,2011,-3.954851
net_cost_full_proportional_sept29_high,ratio,v4_general_sales_tax,2012,-4.071846
net_cost_full_proportional_sept29_high,ratio,v4_general_sales_tax,2013,-4.274076
net_cost_full_proportional_sept29_high,ratio,v4_general_sales_tax,2014,-4.480351
net_cost_full_proportional_sept29_high,ratio,v4_general_sales_tax,2015,-4.610138
net_cost_full_proportional_sept29_high,ratio,v4_general_sales_tax,2016,-4.724147
net_cost_full_proportional_sept29_high,ratio,v4_general_sales_tax,2017,-4.915752
net_cost_full_proportional_sept29_high,ratio,v4_general_sales_tax,2018,-5.072313
net_cost_full_proportional_sept29_high,ratio,v4_general_sales_tax,2019,-5.246606
net_cost_full_proportional_sept29_high,ratio,v4_general_sales_tax,2020,-5.118931
net_cost_full_proportional_sept29_high,ratio,v4_general_sales_tax,2021,-5.741967
net_cost_full_proportional_sept29_high,ratio,v4_general_sales_tax,2022,-5.958048
net_cost_full_proportional_sept29_high,ratio,v4_general_sales_tax,2023,-5.871641
net_cost_full_proportional_sept29_high,ratio,v4_general_sales_tax,2024,-5.955606
net_cost_full_proportional_sept29_high,ratio,v4_modeled_owner_property,2005,-10.797661
net_cost_full_proportional_sept29_high,ratio,v4_modeled_owner_property,2006,-11.726867
net_cost_full_proportional_sept29_high,ratio,v4_modeled_owner_property,2007,-12.523815
net_cost_full_proportional_sept29_high,ratio,v4_modeled_owner_property,2008,-13.208914
net_cost_full_proportional_sept29_high,ratio,v4_modeled_owner_property,2009,-14.187624
net_cost_full_proportional_sept29_high,ratio,v4_modeled_owner_property,2010,-14.410243
net_cost_full_proportional_sept29_high,ratio,v4_modeled_owner_property,2011,-14.296481
net_cost_full_proportional_sept29_high,ratio,v4_modeled_owner_property,2012,-14.288774
net_cost_full_proportional_sept29_high,ratio,v4_modeled_owner_property,2013,-14.516133
net_cost_full_proportional_sept29_high,ratio,v4_modeled_owner_property,2014,-15.035348
net_cost_full_proportional_sept29_high,ratio,v4_modeled_owner_property,2015,-15.484062
net_cost_full_proportional_sept29_high,ratio,v4_modeled_owner_property,2016,-16.077656
net_cost_full_proportional_sept29_high,ratio,v4_modeled_owner_property,2017,-16.637568
net_cost_full_proportional_sept29_high,ratio,v4_modeled_owner_property,2018,-16.89927
net_cost_full_proportional_sept29_high,ratio,v4_modeled_owner_property,2019,-17.649307
net_cost_full_proportional_sept29_high,ratio,v4_modeled_owner_property,2020,-17.901037
net_cost_full_proportional_sept29_high,ratio,v4_modeled_owner_property,2021,-18.0086
net_cost_full_proportional_sept29_high,ratio,v4_modeled_owner_property,2022,-17.42665
net_cost_full_proportional_sept29_high,ratio,v4_modeled_owner_property,2023,-17.79145
net_cost_full_proportional_sept29_high,ratio,v4_modeled_owner_property,2024,-19.049721
net_cost_full_proportional_sept29_high,ratio,v4_excise_selective_sales,2005,-1.030344
net_cost_full_proportional_sept29_high,ratio,v4_excise_selective_sales,2006,-1.089481
net_cost_full_proportional_sept29_high,ratio,v4_excise_selective_sales,2007,-1.086172
net_cost_full_proportional_sept29_high,ratio,v4_excise_selective_sales,2008,-1.10734
net_cost_full_proportional_sept29_high,ratio,v4_excise_selective_sales,2009,-1.142573
net_cost_full_proportional_sept29_high,ratio,v4_excise_selective_sales,2010,-1.221751
net_cost_full_proportional_sept29_high,ratio,v4_excise_selective_sales,2011,-1.288887
net_cost_full_proportional_sept29_high,ratio,v4_excise_selective_sales,2012,-1.326337
net_cost_full_proportional_sept29_high,ratio,v4_excise_selective_sales,2013,-1.386227
net_cost_full_proportional_sept29_high,ratio,v4_excise_selective_sales,2014,-1.446877
net_cost_full_proportional_sept29_high,ratio,v4_excise_selective_sales,2015,-1.496954
net_cost_full_proportional_sept29_high,ratio,v4_excise_selective_sales,2016,-1.49719
net_cost_full_proportional_sept29_high,ratio,v4_excise_selective_sales,2017,-1.490583
net_cost_full_proportional_sept29_high,ratio,v4_excise_selective_sales,2018,-1.605614
net_cost_full_proportional_sept29_high,ratio,v4_excise_selective_sales,2019,-1.551918
net_cost_full_proportional_sept29_high,ratio,v4_excise_selective_sales,2020,-1.433127
net_cost_full_proportional_sept29_high,ratio,v4_excise_selective_sales,2021,-1.490512
net_cost_full_proportional_sept29_high,ratio,v4_excise_selective_sales,2022,-1.48334
net_cost_full_proportional_sept29_high,ratio,v4_excise_selective_sales,2023,-1.503307
net_cost_full_proportional_sept29_high,ratio,v4_excise_selective_sales,2024,-1.575072
net_cost_full_proportional_sept29_high,ratio,v4_customs_duties,2005,-0.01415
net_cost_full_proportional_sept29_high,ratio,v4_customs_duties,2006,-0.015156
net_cost_full_proportional_sept29_high,ratio,v4_customs_duties,2007,-0.016229
net_cost_full_proportional_sept29_high,ratio,v4_customs_duties,2008,-0.016883
net_cost_full_proportional_sept29_high,ratio,v4_customs_duties,2009,-0.013534
net_cost_full_proportional_sept29_high,ratio,v4_customs_duties,2010,-0.017075
net_cost_full_proportional_sept29_high,ratio,v4_customs_duties,2011,-0.018859
net_cost_full_proportional_sept29_high,ratio,v4_customs_duties,2012,-0.019576
net_cost_full_proportional_sept29_high,ratio,v4_customs_duties,2013,-0.02055
net_cost_full_proportional_sept29_high,ratio,v4_customs_duties,2014,-0.02156
net_cost_full_proportional_sept29_high,ratio,v4_customs_duties,2015,-0.021918
net_cost_full_proportional_sept29_high,ratio,v4_customs_duties,2016,-0.021483
net_cost_full_proportional_sept29_high,ratio,v4_customs_duties,2017,-0.021751
net_cost_full_proportional_sept29_high,ratio,v4_customs_duties,2018,-0.029501
net_cost_full_proportional_sept29_high,ratio,v4_customs_duties,2019,-0.042356
net_cost_full_proportional_sept29_high,ratio,v4_customs_duties,2020,-0.036766
net_cost_full_proportional_sept29_high,ratio,v4_customs_duties,2021,-0.04559
net_cost_full_proportional_sept29_high,ratio,v4_customs_duties,2022,-0.048847
net_cost_full_proportional_sept29_high,ratio,v4_customs_duties,2023,-0.037846
net_cost_full_proportional_sept29_high,ratio,v4_customs_duties,2024,-0.038463
net_cost_full_proportional_sept29_high,ratio,v4_personal_current_transfers,2005,-0.040005
net_cost_full_proportional_sept29_high,ratio,v4_personal_current_transfers,2006,-0.042756
net_cost_full_proportional_sept29_high,ratio,v4_personal_current_transfers,2007,-0.044629
net_cost_full_proportional_sept29_high,ratio,v4_personal_current_transfers,2008,-0.046749
net_cost_full_proportional_sept29_high,ratio,v4_personal_current_transfers,2009,-0.046943
net_cost_full_proportional_sept29_high,ratio,v4_personal_current_transfers,2010,-0.0474
net_cost_full_proportional_sept29_high,ratio,v4_personal_current_transfers,2011,-0.048592
net_cost_full_proportional_sept29_high,ratio,v4_personal_current_transfers,2012,-0.050426
net_cost_full_proportional_sept29_high,ratio,v4_personal_current_transfers,2013,-0.05041
net_cost_full_proportional_sept29_high,ratio,v4_personal_current_transfers,2014,-0.053057
net_cost_full_proportional_sept29_high,ratio,v4_personal_current_transfers,2015,-0.056819
net_cost_full_proportional_sept29_high,ratio,v4_personal_current_transfers,2016,-0.058179
net_cost_full_proportional_sept29_high,ratio,v4_personal_current_transfers,2017,-0.059069
net_cost_full_proportional_sept29_high,ratio,v4_personal_current_transfers,2018,-0.061604
net_cost_full_proportional_sept29_high,ratio,v4_personal_current_transfers,2019,-0.062418
net_cost_full_proportional_sept29_high,ratio,v4_personal_current_transfers,2020,-0.058565
net_cost_full_proportional_sept29_high,ratio,v4_personal_current_transfers,2021,-0.062163
net_cost_full_proportional_sept29_high,ratio,v4_personal_current_transfers,2022,-0.063569
net_cost_full_proportional_sept29_high,ratio,v4_personal_current_transfers,2023,-0.062944
net_cost_full_proportional_sept29_high,ratio,v4_personal_current_transfers,2024,-0.064913
net_cost_full_proportional_sept29_high,ratio,v4_enterprise_surplus,2005,-2.503726
net_cost_full_proportional_sept29_high,ratio,v4_enterprise_surplus,2006,-2.952321
net_cost_full_proportional_sept29_high,ratio,v4_enterprise_surplus,2007,-3.447297
net_cost_full_proportional_sept29_high,ratio,v4_enterprise_surplus,2008,-3.678934
net_cost_full_proportional_sept29_high,ratio,v4_enterprise_surplus,2009,-3.664178
net_cost_full_proportional_sept29_high,ratio,v4_enterprise_surplus,2010,-4.181428
net_cost_full_proportional_sept29_high,ratio,v4_enterprise_surplus,2011,-4.084417
net_cost_full_proportional_sept29_high,ratio,v4_enterprise_surplus,2012,-3.926847
net_cost_full_proportional_sept29_high,ratio,v4_enterprise_surplus,2013,-3.846798
net_cost_full_proportional_sept29_high,ratio,v4_enterprise_surplus,2014,-3.664412
net_cost_full_proportional_sept29_high,ratio,v4_enterprise_surplus,2015,-3.51675
net_cost_full_proportional_sept29_high,ratio,v4_enterprise_surplus,2016,-3.495736
net_cost_full_proportional_sept29_high,ratio,v4_enterprise_surplus,2017,-3.823023
net_cost_full_proportional_sept29_high,ratio,v4_enterprise_surplus,2018,-3.730925
net_cost_full_proportional_sept29_high,ratio,v4_enterprise_surplus,2019,-3.819824
net_cost_full_proportional_sept29_high,ratio,v4_enterprise_surplus,2020,-4.049058
net_cost_full_proportional_sept29_high,ratio,v4_enterprise_surplus,2021,-4.820664
net_cost_full_proportional_sept29_high,ratio,v4_enterprise_surplus,2022,-4.96395
net_cost_full_proportional_sept29_high,ratio,v4_enterprise_surplus,2023,-4.810999
net_cost_full_proportional_sept29_high,ratio,v4_enterprise_surplus,2024,-4.721933
net_cost_full_proportional_sept29_high,ratio,v4_housing_enterprise_surplus,2005,1.827211
net_cost_full_proportional_sept29_high,ratio,v4_housing_enterprise_surplus,2006,2.126554
net_cost_full_proportional_sept29_high,ratio,v4_housing_enterprise_surplus,2007,2.449806
net_cost_full_proportional_sept29_high,ratio,v4_housing_enterprise_surplus,2008,2.607238
net_cost_full_proportional_sept29_high,ratio,v4_housing_enterprise_surplus,2009,2.626756
net_cost_full_proportional_sept29_high,ratio,v4_housing_enterprise_surplus,2010,2.961883
net_cost_full_proportional_sept29_high,ratio,v4_housing_enterprise_surplus,2011,2.910175
net_cost_full_proportional_sept29_high,ratio,v4_housing_enterprise_surplus,2012,2.797712
net_cost_full_proportional_sept29_high,ratio,v4_housing_enterprise_surplus,2013,2.743425
net_cost_full_proportional_sept29_high,ratio,v4_housing_enterprise_surplus,2014,2.630119
net_cost_full_proportional_sept29_high,ratio,v4_housing_enterprise_surplus,2015,2.542959
net_cost_full_proportional_sept29_high,ratio,v4_housing_enterprise_surplus,2016,2.550165
net_cost_full_proportional_sept29_high,ratio,v4_housing_enterprise_surplus,2017,2.741839
net_cost_full_proportional_sept29_high,ratio,v4_housing_enterprise_surplus,2018,2.701432
net_cost_full_proportional_sept29_high,ratio,v4_housing_enterprise_surplus,2019,2.763861
net_cost_full_proportional_sept29_high,ratio,v4_housing_enterprise_surplus,2020,2.936091
net_cost_full_proportional_sept29_high,ratio,v4_housing_enterprise_surplus,2021,3.424592
net_cost_full_proportional_sept29_high,ratio,v4_housing_enterprise_surplus,2022,3.512909
net_cost_full_proportional_sept29_high,ratio,v4_housing_enterprise_surplus,2023,3.441981
net_cost_full_proportional_sept29_high,ratio,v4_housing_enterprise_surplus,2024,3.426129
net_cost_full_proportional_sept29_high,ratio,v4_tenant_occupied_property,2005,-3.860441
net_cost_full_proportional_sept29_high,ratio,v4_tenant_occupied_property,2006,-4.192655
net_cost_full_proportional_sept29_high,ratio,v4_tenant_occupied_property,2007,-4.477585
net_cost_full_proportional_sept29_high,ratio,v4_tenant_occupied_property,2008,-4.722525
net_cost_full_proportional_sept29_high,ratio,v4_tenant_occupied_property,2009,-5.072439
net_cost_full_proportional_sept29_high,ratio,v4_tenant_occupied_property,2010,-5.152031
net_cost_full_proportional_sept29_high,ratio,v4_tenant_occupied_property,2011,-5.111359
net_cost_full_proportional_sept29_high,ratio,v4_tenant_occupied_property,2012,-5.108603
net_cost_full_proportional_sept29_high,ratio,v4_tenant_occupied_property,2013,-5.18989
net_cost_full_proportional_sept29_high,ratio,v4_tenant_occupied_property,2014,-5.375522
net_cost_full_proportional_sept29_high,ratio,v4_tenant_occupied_property,2015,-5.535949
net_cost_full_proportional_sept29_high,ratio,v4_tenant_occupied_property,2016,-5.748174
net_cost_full_proportional_sept29_high,ratio,v4_tenant_occupied_property,2017,-5.948357
net_cost_full_proportional_sept29_high,ratio,v4_tenant_occupied_property,2018,-6.041922
net_cost_full_proportional_sept29_high,ratio,v4_tenant_occupied_property,2019,-6.31008
net_cost_full_proportional_sept29_high,ratio,v4_tenant_occupied_property,2020,-6.40008
net_cost_full_proportional_sept29_high,ratio,v4_tenant_occupied_property,2021,-6.438536
net_cost_full_proportional_sept29_high,ratio,v4_tenant_occupied_property,2022,-6.230474
net_cost_full_proportional_sept29_high,ratio,v4_tenant_occupied_property,2023,-6.360899
net_cost_full_proportional_sept29_high,ratio,v4_tenant_occupied_property,2024,-6.810763
net_cost_full_proportional_sept29_high,ratio,v4_social_security_accrual,2005,56.509394
net_cost_full_proportional_sept29_high,ratio,v4_social_security_accrual,2006,60.871573
net_cost_full_proportional_sept29_high,ratio,v4_social_security_accrual,2007,63.259999
net_cost_full_proportional_sept29_high,ratio,v4_social_security_accrual,2008,66.881567
net_cost_full_proportional_sept29_high,ratio,v4_social_security_accrual,2009,65.921315
net_cost_full_proportional_sept29_high,ratio,v4_social_security_accrual,2010,67.372362
net_cost_full_proportional_sept29_high,ratio,v4_social_security_accrual,2011,58.183697
net_cost_full_proportional_sept29_high,ratio,v4_social_security_accrual,2012,59.648375
net_cost_full_proportional_sept29_high,ratio,v4_social_security_accrual,2013,72.834085
net_cost_full_proportional_sept29_high,ratio,v4_social_security_accrual,2014,76.04277
net_cost_full_proportional_sept29_high,ratio,v4_social_security_accrual,2015,79.455383
net_cost_full_proportional_sept29_high,ratio,v4_social_security_accrual,2016,81.399583
net_cost_full_proportional_sept29_high,ratio,v4_social_security_accrual,2017,84.398447
net_cost_full_proportional_sept29_high,ratio,v4_social_security_accrual,2018,86.69282
net_cost_full_proportional_sept29_high,ratio,v4_social_security_accrual,2019,89.482169
net_cost_full_proportional_sept29_high,ratio,v4_social_security_accrual,2020,88.77158
net_cost_full_proportional_sept29_high,ratio,v4_social_security_accrual,2021,91.227591
net_cost_full_proportional_sept29_high,ratio,v4_social_security_accrual,2022,93.520834
net_cost_full_proportional_sept29_high,ratio,v4_social_security_accrual,2023,96.92624
net_cost_full_proportional_sept29_high,ratio,v4_social_security_accrual,2024,102.754953
net_cost_full_proportional_sept29_high,ratio,v4_social_security_cash,2005,-22.789116
net_cost_full_proportional_sept29_high,ratio,v4_social_security_cash,2006,-24.589781
net_cost_full_proportional_sept29_high,ratio,v4_social_security_cash,2007,-25.820672
net_cost_full_proportional_sept29_high,ratio,v4_social_security_cash,2008,-27.821111
net_cost_full_proportional_sept29_high,ratio,v4_social_security_cash,2009,-31.005758
net_cost_full_proportional_sept29_high,ratio,v4_social_security_cash,2010,-32.786052
net_cost_full_proportional_sept29_high,ratio,v4_social_security_cash,2011,-33.565239
net_cost_full_proportional_sept29_high,ratio,v4_social_security_cash,2012,-35.438127
net_cost_full_proportional_sept29_high,ratio,v4_social_security_cash,2013,-36.842064
net_cost_full_proportional_sept29_high,ratio,v4_social_security_cash,2014,-38.325638
net_cost_full_proportional_sept29_high,ratio,v4_social_security_cash,2015,-39.885094
net_cost_full_proportional_sept29_high,ratio,v4_social_security_cash,2016,-40.831987
net_cost_full_proportional_sept29_high,ratio,v4_social_security_cash,2017,-41.621005
net_cost_full_proportional_sept29_high,ratio,v4_social_security_cash,2018,-42.842645
net_cost_full_proportional_sept29_high,ratio,v4_social_security_cash,2019,-44.682971
net_cost_full_proportional_sept29_high,ratio,v4_social_security_cash,2020,-45.954719
net_cost_full_proportional_sept29_high,ratio,v4_social_security_cash,2021,-45.383804
net_cost_full_proportional_sept29_high,ratio,v4_social_security_cash,2022,-46.019524
net_cost_full_proportional_sept29_high,ratio,v4_social_security_cash,2023,-50.062422
net_cost_full_proportional_sept29_high,ratio,v4_social_security_cash,2024,-53.022396
net_cost_full_proportional_sept29_high,ratio,v4_medicare_part_a_accrual,2005,21.694984
net_cost_full_proportional_sept29_high,ratio,v4_medicare_part_a_accrual,2006,23.473104
net_cost_full_proportional_sept29_high,ratio,v4_medicare_part_a_accrual,2007,24.60404
net_cost_full_proportional_sept29_high,ratio,v4_medicare_part_a_accrual,2008,25.710079
net_cost_full_proportional_sept29_high,ratio,v4_medicare_part_a_accrual,2009,24.965225
net_cost_full_proportional_sept29_high,ratio,v4_medicare_part_a_accrual,2010,25.952815
net_cost_full_proportional_sept29_high,ratio,v4_medicare_part_a_accrual,2011,26.628823
net_cost_full_proportional_sept29_high,ratio,v4_medicare_part_a_accrual,2012,27.435178
net_cost_full_proportional_sept29_high,ratio,v4_medicare_part_a_accrual,2013,28.853986
net_cost_full_proportional_sept29_high,ratio,v4_medicare_part_a_accrual,2014,30.264806
net_cost_full_proportional_sept29_high,ratio,v4_medicare_part_a_accrual,2015,31.720002
net_cost_full_proportional_sept29_high,ratio,v4_medicare_part_a_accrual,2016,32.407806
net_cost_full_proportional_sept29_high,ratio,v4_medicare_part_a_accrual,2017,33.55406
net_cost_full_proportional_sept29_high,ratio,v4_medicare_part_a_accrual,2018,34.565883
net_cost_full_proportional_sept29_high,ratio,v4_medicare_part_a_accrual,2019,35.655985
net_cost_full_proportional_sept29_high,ratio,v4_medicare_part_a_accrual,2020,35.799914
net_cost_full_proportional_sept29_high,ratio,v4_medicare_part_a_accrual,2021,37.504551
net_cost_full_proportional_sept29_high,ratio,v4_medicare_part_a_accrual,2022,37.73154
net_cost_full_proportional_sept29_high,ratio,v4_medicare_part_a_accrual,2023,38.699694
net_cost_full_proportional_sept29_high,ratio,v4_medicare_part_a_accrual,2024,41.137128
net_cost_full_proportional_sept29_high,ratio,v4_medicare_cash,2005,-7.190728
net_cost_full_proportional_sept29_high,ratio,v4_medicare_cash,2006,-8.786111
net_cost_full_proportional_sept29_high,ratio,v4_medicare_cash,2007,-9.355838
net_cost_full_proportional_sept29_high,ratio,v4_medicare_cash,2008,-10.33086
net_cost_full_proportional_sept29_high,ratio,v4_medicare_cash,2009,-11.204667
net_cost_full_proportional_sept29_high,ratio,v4_medicare_cash,2010,-11.879719
net_cost_full_proportional_sept29_high,ratio,v4_medicare_cash,2011,-12.27771
net_cost_full_proportional_sept29_high,ratio,v4_medicare_cash,2012,-12.564899
net_cost_full_proportional_sept29_high,ratio,v4_medicare_cash,2013,-12.865809
net_cost_full_proportional_sept29_high,ratio,v4_medicare_cash,2014,-13.420687
net_cost_full_proportional_sept29_high,ratio,v4_medicare_cash,2015,-14.150034
net_cost_full_proportional_sept29_high,ratio,v4_medicare_cash,2016,-14.689968
net_cost_full_proportional_sept29_high,ratio,v4_medicare_cash,2017,-15.14589
net_cost_full_proportional_sept29_high,ratio,v4_medicare_cash,2018,-15.743278
net_cost_full_proportional_sept29_high,ratio,v4_medicare_cash,2019,-16.692493
net_cost_full_proportional_sept29_high,ratio,v4_medicare_cash,2020,-17.182349
net_cost_full_proportional_sept29_high,ratio,v4_medicare_cash,2021,-17.57827
net_cost_full_proportional_sept29_high,ratio,v4_medicare_cash,2022,-17.437917
net_cost_full_proportional_sept29_high,ratio,v4_medicare_cash,2023,-18.417167
net_cost_full_proportional_sept29_high,ratio,v4_medicare_cash,2024,-19.663109
net_cost_full_proportional_sept29_high,ratio,v4_workers_compensation,2005,-1.128322
net_cost_full_proportional_sept29_high,ratio,v4_workers_compensation,2006,-1.098311
net_cost_full_proportional_sept29_high,ratio,v4_workers_compensation,2007,-1.084649
net_cost_full_proportional_sept29_high,ratio,v4_workers_compensation,2008,-1.109146
net_cost_full_proportional_sept29_high,ratio,v4_workers_compensation,2009,-1.132904
net_cost_full_proportional_sept29_high,ratio,v4_workers_compensation,2010,-1.138835
net_cost_full_proportional_sept29_high,ratio,v4_workers_compensation,2011,-1.086086
net_cost_full_proportional_sept29_high,ratio,v4_workers_compensation,2012,-1.028297
net_cost_full_proportional_sept29_high,ratio,v4_workers_compensation,2013,-1.013704
net_cost_full_proportional_sept29_high,ratio,v4_workers_compensation,2014,-1.016714
net_cost_full_proportional_sept29_high,ratio,v4_workers_compensation,2015,-0.975232
net_cost_full_proportional_sept29_high,ratio,v4_workers_compensation,2016,-0.913289
net_cost_full_proportional_sept29_high,ratio,v4_workers_compensation,2017,-0.84622
net_cost_full_proportional_sept29_high,ratio,v4_workers_compensation,2018,-0.798876
net_cost_full_proportional_sept29_high,ratio,v4_workers_compensation,2019,-0.794476
net_cost_full_proportional_sept29_high,ratio,v4_workers_compensation,2020,-0.800917
net_cost_full_proportional_sept29_high,ratio,v4_workers_compensation,2021,-0.778467
net_cost_full_proportional_sept29_high,ratio,v4_workers_compensation,2022,-0.752995
net_cost_full_proportional_sept29_high,ratio,v4_workers_compensation,2023,-0.734738
net_cost_full_proportional_sept29_high,ratio,v4_workers_compensation,2024,-0.73241
net_cost_full_proportional_sept29_high,ratio,v4_housing_subsidies,2005,-0.220231
net_cost_full_proportional_sept29_high,ratio,v4_housing_subsidies,2006,-0.23165
net_cost_full_proportional_sept29_high,ratio,v4_housing_subsidies,2007,-0.23721
net_cost_full_proportional_sept29_high,ratio,v4_housing_subsidies,2008,-0.245969
net_cost_full_proportional_sept29_high,ratio,v4_housing_subsidies,2009,-0.274958
net_cost_full_proportional_sept29_high,ratio,v4_housing_subsidies,2010,-0.278095
net_cost_full_proportional_sept29_high,ratio,v4_housing_subsidies,2011,-0.288653
net_cost_full_proportional_sept29_high,ratio,v4_housing_subsidies,2012,-0.277323
net_cost_full_proportional_sept29_high,ratio,v4_housing_subsidies,2013,-0.274415
net_cost_full_proportional_sept29_high,ratio,v4_housing_subsidies,2014,-0.278171
net_cost_full_proportional_sept29_high,ratio,v4_housing_subsidies,2015,-0.285785
net_cost_full_proportional_sept29_high,ratio,v4_housing_subsidies,2016,-0.306479
net_cost_full_proportional_sept29_high,ratio,v4_housing_subsidies,2017,-0.288089
net_cost_full_proportional_sept29_high,ratio,v4_housing_subsidies,2018,-0.306793
net_cost_full_proportional_sept29_high,ratio,v4_housing_subsidies,2019,-0.312164
net_cost_full_proportional_sept29_high,ratio,v4_housing_subsidies,2020,-0.337263
net_cost_full_proportional_sept29_high,ratio,v4_housing_subsidies,2021,-0.33052
net_cost_full_proportional_sept29_high,ratio,v4_housing_subsidies,2022,-0.32687
net_cost_full_proportional_sept29_high,ratio,v4_housing_subsidies,2023,-0.354112
net_cost_full_proportional_sept29_high,ratio,v4_housing_subsidies,2024,-0.395426
net_cost_full_proportional_sept29_high,ratio,v4_roads_vmt_sl,2005,1.811366
net_cost_full_proportional_sept29_high,ratio,v4_roads_vmt_sl,2006,1.951345
net_cost_full_proportional_sept29_high,ratio,v4_roads_vmt_sl,2007,2.085676
net_cost_full_proportional_sept29_high,ratio,v4_roads_vmt_sl,2008,2.254146
net_cost_full_proportional_sept29_high,ratio,v4_roads_vmt_sl,2009,2.35694
net_cost_full_proportional_sept29_high,ratio,v4_roads_vmt_sl,2010,2.517544
net_cost_full_proportional_sept29_high,ratio,v4_roads_vmt_sl,2011,2.423718
net_cost_full_proportional_sept29_high,ratio,v4_roads_vmt_sl,2012,2.433097
net_cost_full_proportional_sept29_high,ratio,v4_roads_vmt_sl,2013,2.418021
net_cost_full_proportional_sept29_high,ratio,v4_roads_vmt_sl,2014,2.43469
net_cost_full_proportional_sept29_high,ratio,v4_roads_vmt_sl,2015,2.478802
net_cost_full_proportional_sept29_high,ratio,v4_roads_vmt_sl,2016,2.491367
net_cost_full_proportional_sept29_high,ratio,v4_roads_vmt_sl,2017,2.516452
net_cost_full_proportional_sept29_high,ratio,v4_roads_vmt_sl,2018,2.609529
net_cost_full_proportional_sept29_high,ratio,v4_roads_vmt_sl,2019,2.659954
net_cost_full_proportional_sept29_high,ratio,v4_roads_vmt_sl,2020,2.831252
net_cost_full_proportional_sept29_high,ratio,v4_roads_vmt_sl,2021,2.928905
net_cost_full_proportional_sept29_high,ratio,v4_roads_vmt_sl,2022,2.672112
net_cost_full_proportional_sept29_high,ratio,v4_roads_vmt_sl,2023,2.809781
net_cost_full_proportional_sept29_high,ratio,v4_roads_vmt_sl,2024,3.030126
net_cost_full_proportional_sept29_high,ratio,v4_roads_vmt_fed,2005,0.016464
net_cost_full_proportional_sept29_high,ratio,v4_roads_vmt_fed,2006,0.017736
net_cost_full_proportional_sept29_high,ratio,v4_roads_vmt_fed,2007,0.018957
net_cost_full_proportional_sept29_high,ratio,v4_roads_vmt_fed,2008,0.020489
net_cost_full_proportional_sept29_high,ratio,v4_roads_vmt_fed,2009,0.021423
net_cost_full_proportional_sept29_high,ratio,v4_roads_vmt_fed,2010,0.022883
net_cost_full_proportional_sept29_high,ratio,v4_roads_vmt_fed,2011,0.02203
net_cost_full_proportional_sept29_high,ratio,v4_roads_vmt_fed,2012,0.022115
net_cost_full_proportional_sept29_high,ratio,v4_roads_vmt_fed,2013,0.021978
net_cost_full_proportional_sept29_high,ratio,v4_roads_vmt_fed,2014,0.02213
net_cost_full_proportional_sept29_high,ratio,v4_roads_vmt_fed,2015,0.022531
net_cost_full_proportional_sept29_high,ratio,v4_roads_vmt_fed,2016,0.022645
net_cost_full_proportional_sept29_high,ratio,v4_roads_vmt_fed,2017,0.022873
net_cost_full_proportional_sept29_high,ratio,v4_roads_vmt_fed,2018,0.023719
net_cost_full_proportional_sept29_high,ratio,v4_roads_vmt_fed,2019,0.024177
net_cost_full_proportional_sept29_high,ratio,v4_roads_vmt_fed,2020,0.025734
net_cost_full_proportional_sept29_high,ratio,v4_roads_vmt_fed,2021,0.026622
net_cost_full_proportional_sept29_high,ratio,v4_roads_vmt_fed,2022,0.024288
net_cost_full_proportional_sept29_high,ratio,v4_roads_vmt_fed,2023,0.025539
net_cost_full_proportional_sept29_high,ratio,v4_roads_vmt_fed,2024,0.027542
net_cost_full_proportional_sept29_high,ratio,v4_state_price_public_order_safety,2005,3.965503
net_cost_full_proportional_sept29_high,ratio,v4_state_price_public_order_safety,2006,4.271391
net_cost_full_proportional_sept29_high,ratio,v4_state_price_public_order_safety,2007,4.540088
net_cost_full_proportional_sept29_high,ratio,v4_state_price_public_order_safety,2008,4.976384
net_cost_full_proportional_sept29_high,ratio,v4_state_price_public_order_safety,2009,5.160955
net_cost_full_proportional_sept29_high,ratio,v4_state_price_public_order_safety,2010,5.325699
net_cost_full_proportional_sept29_high,ratio,v4_state_price_public_order_safety,2011,5.285089
net_cost_full_proportional_sept29_high,ratio,v4_state_price_public_order_safety,2012,5.218946
net_cost_full_proportional_sept29_high,ratio,v4_state_price_public_order_safety,2013,5.259246
net_cost_full_proportional_sept29_high,ratio,v4_state_price_public_order_safety,2014,5.416172
net_cost_full_proportional_sept29_high,ratio,v4_state_price_public_order_safety,2015,5.587511
net_cost_full_proportional_sept29_high,ratio,v4_state_price_public_order_safety,2016,5.702635
net_cost_full_proportional_sept29_high,ratio,v4_state_price_public_order_safety,2017,5.778418
net_cost_full_proportional_sept29_high,ratio,v4_state_price_public_order_safety,2018,5.98692
net_cost_full_proportional_sept29_high,ratio,v4_state_price_public_order_safety,2019,6.164208
net_cost_full_proportional_sept29_high,ratio,v4_state_price_public_order_safety,2020,6.117848
net_cost_full_proportional_sept29_high,ratio,v4_state_price_public_order_safety,2021,6.087745
net_cost_full_proportional_sept29_high,ratio,v4_state_price_public_order_safety,2022,6.020063
net_cost_full_proportional_sept29_high,ratio,v4_state_price_public_order_safety,2023,6.134277
net_cost_full_proportional_sept29_high,ratio,v4_state_price_public_order_safety,2024,6.412327
net_cost_full_proportional_sept29_high,ratio,v4_state_price_health_services,2005,0.753417
net_cost_full_proportional_sept29_high,ratio,v4_state_price_health_services,2006,0.782122
net_cost_full_proportional_sept29_high,ratio,v4_state_price_health_services,2007,0.873246
net_cost_full_proportional_sept29_high,ratio,v4_state_price_health_services,2008,1.006597
net_cost_full_proportional_sept29_high,ratio,v4_state_price_health_services,2009,1.070242
net_cost_full_proportional_sept29_high,ratio,v4_state_price_health_services,2010,1.111723
net_cost_full_proportional_sept29_high,ratio,v4_state_price_health_services,2011,1.135421
net_cost_full_proportional_sept29_high,ratio,v4_state_price_health_services,2012,1.145527
net_cost_full_proportional_sept29_high,ratio,v4_state_price_health_services,2013,1.18334
net_cost_full_proportional_sept29_high,ratio,v4_state_price_health_services,2014,1.211267
net_cost_full_proportional_sept29_high,ratio,v4_state_price_health_services,2015,1.249169
net_cost_full_proportional_sept29_high,ratio,v4_state_price_health_services,2016,1.307727
net_cost_full_proportional_sept29_high,ratio,v4_state_price_health_services,2017,1.262527
net_cost_full_proportional_sept29_high,ratio,v4_state_price_health_services,2018,1.33092
net_cost_full_proportional_sept29_high,ratio,v4_state_price_health_services,2019,1.462938
net_cost_full_proportional_sept29_high,ratio,v4_state_price_health_services,2020,1.706024
net_cost_full_proportional_sept29_high,ratio,v4_state_price_health_services,2021,1.774395
net_cost_full_proportional_sept29_high,ratio,v4_state_price_health_services,2022,1.776037
net_cost_full_proportional_sept29_high,ratio,v4_state_price_health_services,2023,1.738171
net_cost_full_proportional_sept29_high,ratio,v4_state_price_health_services,2024,1.799632
net_cost_full_proportional_sept29_high,ratio,v4_state_price_recreation_culture,2005,0.259162
net_cost_full_proportional_sept29_high,ratio,v4_state_price_recreation_culture,2006,0.282414
net_cost_full_proportional_sept29_high,ratio,v4_state_price_recreation_culture,2007,0.296791
net_cost_full_proportional_sept29_high,ratio,v4_state_price_recreation_culture,2008,0.321649
net_cost_full_proportional_sept29_high,ratio,v4_state_price_recreation_culture,2009,0.331094
net_cost_full_proportional_sept29_high,ratio,v4_state_price_recreation_culture,2010,0.33823
net_cost_full_proportional_sept29_high,ratio,v4_state_price_recreation_culture,2011,0.325142
net_cost_full_proportional_sept29_high,ratio,v4_state_price_recreation_culture,2012,0.320148
net_cost_full_proportional_sept29_high,ratio,v4_state_price_recreation_culture,2013,0.329379
net_cost_full_proportional_sept29_high,ratio,v4_state_price_recreation_culture,2014,0.338607
net_cost_full_proportional_sept29_high,ratio,v4_state_price_recreation_culture,2015,0.348418
net_cost_full_proportional_sept29_high,ratio,v4_state_price_recreation_culture,2016,0.365307
net_cost_full_proportional_sept29_high,ratio,v4_state_price_recreation_culture,2017,0.372682
net_cost_full_proportional_sept29_high,ratio,v4_state_price_recreation_culture,2018,0.385988
net_cost_full_proportional_sept29_high,ratio,v4_state_price_recreation_culture,2019,0.40414
net_cost_full_proportional_sept29_high,ratio,v4_state_price_recreation_culture,2020,0.397806
net_cost_full_proportional_sept29_high,ratio,v4_state_price_recreation_culture,2021,0.38796
net_cost_full_proportional_sept29_high,ratio,v4_state_price_recreation_culture,2022,0.406659
net_cost_full_proportional_sept29_high,ratio,v4_state_price_recreation_culture,2023,0.411687
net_cost_full_proportional_sept29_high,ratio,v4_state_price_recreation_culture,2024,0.427908
net_cost_full_proportional_sept29_high,ratio,v4_production_private,2005,0.162906
net_cost_full_proportional_sept29_high,ratio,v4_production_private,2006,0.175507
net_cost_full_proportional_sept29_high,ratio,v4_production_private,2007,0.182494
net_cost_full_proportional_sept29_high,ratio,v4_production_private,2008,0.190745
net_cost_full_proportional_sept29_high,ratio,v4_production_private,2009,0.189899
net_cost_full_proportional_sept29_high,ratio,v4_production_private,2010,0.200948
net_cost_full_proportional_sept29_high,ratio,v4_production_private,2011,0.20635
net_cost_full_proportional_sept29_high,ratio,v4_production_private,2012,0.212443
net_cost_full_proportional_sept29_high,ratio,v4_production_private,2013,0.218781
net_cost_full_proportional_sept29_high,ratio,v4_production_private,2014,0.227274
net_cost_full_proportional_sept29_high,ratio,v4_production_private,2015,0.235275
net_cost_full_proportional_sept29_high,ratio,v4_production_private,2016,0.240758
net_cost_full_proportional_sept29_high,ratio,v4_production_private,2017,0.247764
net_cost_full_proportional_sept29_high,ratio,v4_production_private,2018,0.255817
net_cost_full_proportional_sept29_high,ratio,v4_production_private,2019,0.262472
net_cost_full_proportional_sept29_high,ratio,v4_production_private,2020,0.256152
net_cost_full_proportional_sept29_high,ratio,v4_production_private,2021,0.271547
net_cost_full_proportional_sept29_high,ratio,v4_production_private,2022,0.278194
net_cost_full_proportional_sept29_high,ratio,v4_production_private,2023,0.28841
net_cost_full_proportional_sept29_high,ratio,v4_production_private,2024,0.301568
net_cost_full_proportional_sept29_high,ratio,v4_production_receipts,2005,0.435302
net_cost_full_proportional_sept29_high,ratio,v4_production_receipts,2006,0.468973
net_cost_full_proportional_sept29_high,ratio,v4_production_receipts,2007,0.487642
net_cost_full_proportional_sept29_high,ratio,v4_production_receipts,2008,0.50969
net_cost_full_proportional_sept29_high,ratio,v4_production_receipts,2009,0.507431
net_cost_full_proportional_sept29_high,ratio,v4_production_receipts,2010,0.536953
net_cost_full_proportional_sept29_high,ratio,v4_production_receipts,2011,0.551388
net_cost_full_proportional_sept29_high,ratio,v4_production_receipts,2012,0.567669
net_cost_full_proportional_sept29_high,ratio,v4_production_receipts,2013,0.584605
net_cost_full_proportional_sept29_high,ratio,v4_production_receipts,2014,0.607299
net_cost_full_proportional_sept29_high,ratio,v4_production_receipts,2015,0.62868
net_cost_full_proportional_sept29_high,ratio,v4_production_receipts,2016,0.643331
net_cost_full_proportional_sept29_high,ratio,v4_production_receipts,2017,0.662051
net_cost_full_proportional_sept29_high,ratio,v4_production_receipts,2018,0.683569
net_cost_full_proportional_sept29_high,ratio,v4_production_receipts,2019,0.701352
net_cost_full_proportional_sept29_high,ratio,v4_production_receipts,2020,0.684465
net_cost_full_proportional_sept29_high,ratio,v4_production_receipts,2021,0.725603
net_cost_full_proportional_sept29_high,ratio,v4_production_receipts,2022,0.743363
net_cost_full_proportional_sept29_high,ratio,v4_production_receipts,2023,0.770663
net_cost_full_proportional_sept29_high,ratio,v4_production_receipts,2024,0.805821
net_cost_full_proportional_sept29_high,ratio,capital_core,2005,10.61658
net_cost_full_proportional_sept29_high,ratio,capital_core,2006,12.032238
net_cost_full_proportional_sept29_high,ratio,capital_core,2007,13.074962
net_cost_full_proportional_sept29_high,ratio,capital_core,2008,14.612459
net_cost_full_proportional_sept29_high,ratio,capital_core,2009,15.627468
net_cost_full_proportional_sept29_high,ratio,capital_core,2010,16.135787
net_cost_full_proportional_sept29_high,ratio,capital_core,2011,16.676839
net_cost_full_proportional_sept29_high,ratio,capital_core,2012,17.167844
net_cost_full_proportional_sept29_high,ratio,capital_core,2013,17.654994
net_cost_full_proportional_sept29_high,ratio,capital_core,2014,18.292381
net_cost_full_proportional_sept29_high,ratio,capital_core,2015,18.807745
net_cost_full_proportional_sept29_high,ratio,capital_core,2016,19.21723
net_cost_full_proportional_sept29_high,ratio,capital_core,2017,19.641272
net_cost_full_proportional_sept29_high,ratio,capital_core,2018,20.384602
net_cost_full_proportional_sept29_high,ratio,capital_core,2019,21.301701
net_cost_full_proportional_sept29_high,ratio,capital_core,2020,21.846355
net_cost_full_proportional_sept29_high,ratio,capital_core,2021,22.461853
net_cost_full_proportional_sept29_high,ratio,capital_core,2022,24.096306
net_cost_full_proportional_sept29_high,ratio,capital_core,2023,25.393157
net_cost_full_proportional_sept29_high,ratio,capital_core,2024,25.779717
net_cost_full_proportional_sept29_high,ratio,capital_block,2005,6.854937
net_cost_full_proportional_sept29_high,ratio,capital_block,2006,7.868255
net_cost_full_proportional_sept29_high,ratio,capital_block,2007,8.786827
net_cost_full_proportional_sept29_high,ratio,capital_block,2008,9.772747
net_cost_full_proportional_sept29_high,ratio,capital_block,2009,10.240978
net_cost_full_proportional_sept29_high,ratio,capital_block,2010,10.63132
net_cost_full_proportional_sept29_high,ratio,capital_block,2011,11.048408
net_cost_full_proportional_sept29_high,ratio,capital_block,2012,11.490455
net_cost_full_proportional_sept29_high,ratio,capital_block,2013,11.792852
net_cost_full_proportional_sept29_high,ratio,capital_block,2014,11.976649
net_cost_full_proportional_sept29_high,ratio,capital_block,2015,12.047588
net_cost_full_proportional_sept29_high,ratio,capital_block,2016,12.250041
net_cost_full_proportional_sept29_high,ratio,capital_block,2017,12.567546
net_cost_full_proportional_sept29_high,ratio,capital_block,2018,12.894185
net_cost_full_proportional_sept29_high,ratio,capital_block,2019,13.17859
net_cost_full_proportional_sept29_high,ratio,capital_block,2020,13.349562
net_cost_full_proportional_sept29_high,ratio,capital_block,2021,13.691975
net_cost_full_proportional_sept29_high,ratio,capital_block,2022,13.859483
net_cost_full_proportional_sept29_high,ratio,capital_block,2023,14.092461
net_cost_full_proportional_sept29_high,ratio,capital_block,2024,14.48243
net_cost_full_proportional_sept29_high,ratio,capital_enterprise,2005,7.637737
net_cost_full_proportional_sept29_high,ratio,capital_enterprise,2006,8.507713
net_cost_full_proportional_sept29_high,ratio,capital_enterprise,2007,9.180632
net_cost_full_proportional_sept29_high,ratio,capital_enterprise,2008,9.990966
net_cost_full_proportional_sept29_high,ratio,capital_enterprise,2009,10.439061
net_cost_full_proportional_sept29_high,ratio,capital_enterprise,2010,10.954552
net_cost_full_proportional_sept29_high,ratio,capital_enterprise,2011,11.457938
net_cost_full_proportional_sept29_high,ratio,capital_enterprise,2012,11.869356
net_cost_full_proportional_sept29_high,ratio,capital_enterprise,2013,12.218095
net_cost_full_proportional_sept29_high,ratio,capital_enterprise,2014,12.616775
net_cost_full_proportional_sept29_high,ratio,capital_enterprise,2015,12.936733
net_cost_full_proportional_sept29_high,ratio,capital_enterprise,2016,13.283891
net_cost_full_proportional_sept29_high,ratio,capital_enterprise,2017,13.661711
net_cost_full_proportional_sept29_high,ratio,capital_enterprise,2018,14.065129
net_cost_full_proportional_sept29_high,ratio,capital_enterprise,2019,14.455337
net_cost_full_proportional_sept29_high,ratio,capital_enterprise,2020,14.764687
net_cost_full_proportional_sept29_high,ratio,capital_enterprise,2021,15.360385
net_cost_full_proportional_sept29_high,ratio,capital_enterprise,2022,15.960731
net_cost_full_proportional_sept29_high,ratio,capital_enterprise,2023,16.507827
net_cost_full_proportional_sept29_high,ratio,capital_enterprise,2024,16.907761
net_cost_full_proportional_sept29_high,income,base,2005,173.447795
net_cost_full_proportional_sept29_high,income,base,2006,179.642898
net_cost_full_proportional_sept29_high,income,base,2007,193.813231
net_cost_full_proportional_sept29_high,income,base,2008,242.480977
net_cost_full_proportional_sept29_high,income,base,2009,312.369768
net_cost_full_proportional_sept29_high,income,base,2010,332.557568
net_cost_full_proportional_sept29_high,income,base,2011,325.695137
net_cost_full_proportional_sept29_high,income,base,2012,310.782932
net_cost_full_proportional_sept29_high,income,base,2013,281.861155
net_cost_full_proportional_sept29_high,income,base,2014,276.274364
net_cost_full_proportional_sept29_high,income,base,2015,273.831956
net_cost_full_proportional_sept29_high,income,base,2016,280.975314
net_cost_full_proportional_sept29_high,income,base,2017,279.002168
net_cost_full_proportional_sept29_high,income,base,2018,289.873348
net_cost_full_proportional_sept29_high,income,base,2019,300.148521
net_cost_full_proportional_sept29_high,income,base,2020,457.153076
net_cost_full_proportional_sept29_high,income,base,2021,418.794682
net_cost_full_proportional_sept29_high,income,base,2022,265.232358
net_cost_full_proportional_sept29_high,income,base,2023,318.706018
net_cost_full_proportional_sept29_high,income,base,2024,334.751564
net_cost_full_proportional_sept29_high,income,long_run_economic_affairs_services,2005,0.0
net_cost_full_proportional_sept29_high,income,long_run_economic_affairs_services,2006,0.0
net_cost_full_proportional_sept29_high,income,long_run_economic_affairs_services,2007,0.0
net_cost_full_proportional_sept29_high,income,long_run_economic_affairs_services,2008,0.0
net_cost_full_proportional_sept29_high,income,long_run_economic_affairs_services,2009,0.0
net_cost_full_proportional_sept29_high,income,long_run_economic_affairs_services,2010,0.0
net_cost_full_proportional_sept29_high,income,long_run_economic_affairs_services,2011,0.0
net_cost_full_proportional_sept29_high,income,long_run_economic_affairs_services,2012,0.0
net_cost_full_proportional_sept29_high,income,long_run_economic_affairs_services,2013,0.0
net_cost_full_proportional_sept29_high,income,long_run_economic_affairs_services,2014,0.0
net_cost_full_proportional_sept29_high,income,long_run_economic_affairs_services,2015,0.0
net_cost_full_proportional_sept29_high,income,long_run_economic_affairs_services,2016,0.0
net_cost_full_proportional_sept29_high,income,long_run_economic_affairs_services,2017,0.0
net_cost_full_proportional_sept29_high,income,long_run_economic_affairs_services,2018,0.0
net_cost_full_proportional_sept29_high,income,long_run_economic_affairs_services,2019,0.0
net_cost_full_proportional_sept29_high,income,long_run_economic_affairs_services,2020,0.0
net_cost_full_proportional_sept29_high,income,long_run_economic_affairs_services,2021,0.0
net_cost_full_proportional_sept29_high,income,long_run_economic_affairs_services,2022,0.0
net_cost_full_proportional_sept29_high,income,long_run_economic_affairs_services,2023,0.0
net_cost_full_proportional_sept29_high,income,long_run_economic_affairs_services,2024,0.0
net_cost_full_proportional_sept29_high,income,long_run_recreation_culture,2005,0.0
net_cost_full_proportional_sept29_high,income,long_run_recreation_culture,2006,0.0
net_cost_full_proportional_sept29_high,income,long_run_recreation_culture,2007,0.0
net_cost_full_proportional_sept29_high,income,long_run_recreation_culture,2008,0.0
net_cost_full_proportional_sept29_high,income,long_run_recreation_culture,2009,0.0
net_cost_full_proportional_sept29_high,income,long_run_recreation_culture,2010,0.0
net_cost_full_proportional_sept29_high,income,long_run_recreation_culture,2011,0.0
net_cost_full_proportional_sept29_high,income,long_run_recreation_culture,2012,0.0
net_cost_full_proportional_sept29_high,income,long_run_recreation_culture,2013,0.0
net_cost_full_proportional_sept29_high,income,long_run_recreation_culture,2014,0.0
net_cost_full_proportional_sept29_high,income,long_run_recreation_culture,2015,0.0
net_cost_full_proportional_sept29_high,income,long_run_recreation_culture,2016,0.0
net_cost_full_proportional_sept29_high,income,long_run_recreation_culture,2017,0.0
net_cost_full_proportional_sept29_high,income,long_run_recreation_culture,2018,0.0
net_cost_full_proportional_sept29_high,income,long_run_recreation_culture,2019,0.0
net_cost_full_proportional_sept29_high,income,long_run_recreation_culture,2020,0.0
net_cost_full_proportional_sept29_high,income,long_run_recreation_culture,2021,0.0
net_cost_full_proportional_sept29_high,income,long_run_recreation_culture,2022,0.0
net_cost_full_proportional_sept29_high,income,long_run_recreation_culture,2023,0.0
net_cost_full_proportional_sept29_high,income,long_run_recreation_culture,2024,0.0
net_cost_full_proportional_sept29_high,income,rental_assistance,2005,2.524119
net_cost_full_proportional_sept29_high,income,rental_assistance,2006,2.655
net_cost_full_proportional_sept29_high,income,rental_assistance,2007,2.718717
net_cost_full_proportional_sept29_high,income,rental_assistance,2008,2.819105
net_cost_full_proportional_sept29_high,income,rental_assistance,2009,3.151353
net_cost_full_proportional_sept29_high,income,rental_assistance,2010,3.187315
net_cost_full_proportional_sept29_high,income,rental_assistance,2011,3.308314
net_cost_full_proportional_sept29_high,income,rental_assistance,2012,3.178466
net_cost_full_proportional_sept29_high,income,rental_assistance,2013,3.14514
net_cost_full_proportional_sept29_high,income,rental_assistance,2014,3.188178
net_cost_full_proportional_sept29_high,income,rental_assistance,2015,3.275448
net_cost_full_proportional_sept29_high,income,rental_assistance,2016,3.512629
net_cost_full_proportional_sept29_high,income,rental_assistance,2017,3.301851
net_cost_full_proportional_sept29_high,income,rental_assistance,2018,3.516221
net_cost_full_proportional_sept29_high,income,rental_assistance,2019,3.577785
net_cost_full_proportional_sept29_high,income,rental_assistance,2020,3.865451
net_cost_full_proportional_sept29_high,income,rental_assistance,2021,3.788167
net_cost_full_proportional_sept29_high,income,rental_assistance,2022,3.746339
net_cost_full_proportional_sept29_high,income,rental_assistance,2023,4.058563
net_cost_full_proportional_sept29_high,income,rental_assistance,2024,4.532066
net_cost_full_proportional_sept29_high,income,enterprise_surplus,2005,0.490534
net_cost_full_proportional_sept29_high,income,enterprise_surplus,2006,0.853953
net_cost_full_proportional_sept29_high,income,enterprise_surplus,2007,1.847371
net_cost_full_proportional_sept29_high,income,enterprise_surplus,2008,2.459287
net_cost_full_proportional_sept29_high,income,enterprise_surplus,2009,2.173422
net_cost_full_proportional_sept29_high,income,enterprise_surplus,2010,2.819135
net_cost_full_proportional_sept29_high,income,enterprise_surplus,2011,2.686704
net_cost_full_proportional_sept29_high,income,enterprise_surplus,2012,2.030378
net_cost_full_proportional_sept29_high,income,enterprise_surplus,2013,2.012881
net_cost_full_proportional_sept29_high,income,enterprise_surplus,2014,1.245274
net_cost_full_proportional_sept29_high,income,enterprise_surplus,2015,0.416792
net_cost_full_proportional_sept29_high,income,enterprise_surplus,2016,0.313938
net_cost_full_proportional_sept29_high,income,enterprise_surplus,2017,0.611643
net_cost_full_proportional_sept29_high,income,enterprise_surplus,2018,0.647385
net_cost_full_proportional_sept29_high,income,enterprise_surplus,2019,1.684152
net_cost_full_proportional_sept29_high,income,enterprise_surplus,2020,0.417716
net_cost_full_proportional_sept29_high,income,enterprise_surplus,2021,1.424219
net_cost_full_proportional_sept29_high,income,enterprise_surplus,2022,1.946247
net_cost_full_proportional_sept29_high,income,enterprise_surplus,2023,5.538794
net_cost_full_proportional_sept29_high,income,enterprise_surplus,2024,5.561143
net_cost_full_proportional_sept29_high,income,v4_federal_income_tax,2005,-0.421878
net_cost_full_proportional_sept29_high,income,v4_federal_income_tax,2006,-0.483266
net_cost_full_proportional_sept29_high,income,v4_federal_income_tax,2007,-0.531904
net_cost_full_proportional_sept29_high,income,v4_federal_income_tax,2008,-0.547491
net_cost_full_proportional_sept29_high,income,v4_federal_income_tax,2009,-0.409513
net_cost_full_proportional_sept29_high,income,v4_federal_income_tax,2010,-0.453953
net_cost_full_proportional_sept29_high,income,v4_federal_income_tax,2011,-0.538913
net_cost_full_proportional_sept29_high,income,v4_federal_income_tax,2012,-0.549269
net_cost_full_proportional_sept29_high,income,v4_federal_income_tax,2013,-0.608379
net_cost_full_proportional_sept29_high,income,v4_federal_income_tax,2014,-0.652798
net_cost_full_proportional_sept29_high,income,v4_federal_income_tax,2015,-0.710111
net_cost_full_proportional_sept29_high,income,v4_federal_income_tax,2016,-0.714045
net_cost_full_proportional_sept29_high,income,v4_federal_income_tax,2017,-0.734235
net_cost_full_proportional_sept29_high,income,v4_federal_income_tax,2018,-0.720301
net_cost_full_proportional_sept29_high,income,v4_federal_income_tax,2019,-0.74685
net_cost_full_proportional_sept29_high,income,v4_federal_income_tax,2020,-0.751676
net_cost_full_proportional_sept29_high,income,v4_federal_income_tax,2021,-0.87737
net_cost_full_proportional_sept29_high,income,v4_federal_income_tax,2022,-1.002277
net_cost_full_proportional_sept29_high,income,v4_federal_income_tax,2023,-0.851352
net_cost_full_proportional_sept29_high,income,v4_federal_income_tax,2024,-0.891261
net_cost_full_proportional_sept29_high,income,v4_state_local_income_tax,2005,-0.003413
net_cost_full_proportional_sept29_high,income,v4_state_local_income_tax,2006,-0.003821
net_cost_full_proportional_sept29_high,income,v4_state_local_income_tax,2007,-0.00407
net_cost_full_proportional_sept29_high,income,v4_state_local_income_tax,2008,-0.004307
net_cost_full_proportional_sept29_high,income,v4_state_local_income_tax,2009,-0.003725
net_cost_full_proportional_sept29_high,income,v4_state_local_income_tax,2010,-0.003893
net_cost_full_proportional_sept29_high,income,v4_state_local_income_tax,2011,-0.004267
net_cost_full_proportional_sept29_high,income,v4_state_local_income_tax,2012,-0.004488
net_cost_full_proportional_sept29_high,income,v4_state_local_income_tax,2013,-0.00489
net_cost_full_proportional_sept29_high,income,v4_state_local_income_tax,2014,-0.004959
net_cost_full_proportional_sept29_high,income,v4_state_local_income_tax,2015,-0.005294
net_cost_full_proportional_sept29_high,income,v4_state_local_income_tax,2016,-0.00529
net_cost_full_proportional_sept29_high,income,v4_state_local_income_tax,2017,-0.005553
net_cost_full_proportional_sept29_high,income,v4_state_local_income_tax,2018,-0.005739
net_cost_full_proportional_sept29_high,income,v4_state_local_income_tax,2019,-0.00614
net_cost_full_proportional_sept29_high,income,v4_state_local_income_tax,2020,-0.006147
net_cost_full_proportional_sept29_high,income,v4_state_local_income_tax,2021,-0.00659
net_cost_full_proportional_sept29_high,income,v4_state_local_income_tax,2022,-0.006959
net_cost_full_proportional_sept29_high,income,v4_state_local_income_tax,2023,-0.005828
net_cost_full_proportional_sept29_high,income,v4_state_local_income_tax,2024,-0.006053
net_cost_full_proportional_sept29_high,income,v4_personal_motor_vehicle,2005,-0.384368
net_cost_full_proportional_sept29_high,income,v4_personal_motor_vehicle,2006,-0.407517
net_cost_full_proportional_sept29_high,income,v4_personal_motor_vehicle,2007,-0.41263
net_cost_full_proportional_sept29_high,income,v4_personal_motor_vehicle,2008,-0.418961
net_cost_full_proportional_sept29_high,income,v4_personal_motor_vehicle,2009,-0.441254
net_cost_full_proportional_sept29_high,income,v4_personal_motor_vehicle,2010,-0.474826
net_cost_full_proportional_sept29_high,income,v4_personal_motor_vehicle,2011,-0.489284
net_cost_full_proportional_sept29_high,income,v4_personal_motor_vehicle,2012,-0.505446
net_cost_full_proportional_sept29_high,income,v4_personal_motor_vehicle,2013,-0.503406
net_cost_full_proportional_sept29_high,income,v4_personal_motor_vehicle,2014,-0.513709
net_cost_full_proportional_sept29_high,income,v4_personal_motor_vehicle,2015,-0.528189
net_cost_full_proportional_sept29_high,income,v4_personal_motor_vehicle,2016,-0.542271
net_cost_full_proportional_sept29_high,income,v4_personal_motor_vehicle,2017,-0.549308
net_cost_full_proportional_sept29_high,income,v4_personal_motor_vehicle,2018,-0.572132
net_cost_full_proportional_sept29_high,income,v4_personal_motor_vehicle,2019,-0.569774
net_cost_full_proportional_sept29_high,income,v4_personal_motor_vehicle,2020,-0.575821
net_cost_full_proportional_sept29_high,income,v4_personal_motor_vehicle,2021,-0.606829
net_cost_full_proportional_sept29_high,income,v4_personal_motor_vehicle,2022,-0.55763
net_cost_full_proportional_sept29_high,income,v4_personal_motor_vehicle,2023,-0.557656
net_cost_full_proportional_sept29_high,income,v4_personal_motor_vehicle,2024,-0.586823
net_cost_full_proportional_sept29_high,income,v4_personal_property_tax,2005,-0.767467
net_cost_full_proportional_sept29_high,income,v4_personal_property_tax,2006,-0.836178
net_cost_full_proportional_sept29_high,income,v4_personal_property_tax,2007,-0.867039
net_cost_full_proportional_sept29_high,income,v4_personal_property_tax,2008,-0.90142
net_cost_full_proportional_sept29_high,income,v4_personal_property_tax,2009,-0.97587
net_cost_full_proportional_sept29_high,income,v4_personal_property_tax,2010,-1.016382
net_cost_full_proportional_sept29_high,income,v4_personal_property_tax,2011,-0.977471
net_cost_full_proportional_sept29_high,income,v4_personal_property_tax,2012,-0.961808
net_cost_full_proportional_sept29_high,income,v4_personal_property_tax,2013,-0.989719
net_cost_full_proportional_sept29_high,income,v4_personal_property_tax,2014,-1.032259
net_cost_full_proportional_sept29_high,income,v4_personal_property_tax,2015,-1.080006
net_cost_full_proportional_sept29_high,income,v4_personal_property_tax,2016,-1.120791
net_cost_full_proportional_sept29_high,income,v4_personal_property_tax,2017,-1.153543
net_cost_full_proportional_sept29_high,income,v4_personal_property_tax,2018,-1.186945
net_cost_full_proportional_sept29_high,income,v4_personal_property_tax,2019,-1.225157
net_cost_full_proportional_sept29_high,income,v4_personal_property_tax,2020,-1.251459
net_cost_full_proportional_sept29_high,income,v4_personal_property_tax,2021,-1.259608
net_cost_full_proportional_sept29_high,income,v4_personal_property_tax,2022,-1.245613
net_cost_full_proportional_sept29_high,income,v4_personal_property_tax,2023,-1.252359
net_cost_full_proportional_sept29_high,income,v4_personal_property_tax,2024,-1.325841
net_cost_full_proportional_sept29_high,income,v4_other_personal_tax,2005,-8.1e-05
net_cost_full_proportional_sept29_high,income,v4_other_personal_tax,2006,-7.8e-05
net_cost_full_proportional_sept29_high,income,v4_other_personal_tax,2007,-7.4e-05
net_cost_full_proportional_sept29_high,income,v4_other_personal_tax,2008,-6.9e-05
net_cost_full_proportional_sept29_high,income,v4_other_personal_tax,2009,-5.7e-05
net_cost_full_proportional_sept29_high,income,v4_other_personal_tax,2010,-6.3e-05
net_cost_full_proportional_sept29_high,income,v4_other_personal_tax,2011,-6.4e-05
net_cost_full_proportional_sept29_high,income,v4_other_personal_tax,2012,-7e-05
net_cost_full_proportional_sept29_high,income,v4_other_personal_tax,2013,-7.4e-05
net_cost_full_proportional_sept29_high,income,v4_other_personal_tax,2014,-7.6e-05
net_cost_full_proportional_sept29_high,income,v4_other_personal_tax,2015,-8e-05
net_cost_full_proportional_sept29_high,income,v4_other_personal_tax,2016,-8.2e-05
net_cost_full_proportional_sept29_high,income,v4_other_personal_tax,2017,-8.1e-05
net_cost_full_proportional_sept29_high,income,v4_other_personal_tax,2018,-8.9e-05
net_cost_full_proportional_sept29_high,income,v4_other_personal_tax,2019,-8.8e-05
net_cost_full_proportional_sept29_high,income,v4_other_personal_tax,2020,-9.3e-05
net_cost_full_proportional_sept29_high,income,v4_other_personal_tax,2021,-0.000126
net_cost_full_proportional_sept29_high,income,v4_other_personal_tax,2022,-9.4e-05
net_cost_full_proportional_sept29_high,income,v4_other_personal_tax,2023,-9e-05
net_cost_full_proportional_sept29_high,income,v4_other_personal_tax,2024,-0.00011
net_cost_full_proportional_sept29_high,income,v4_employee_oasdi,2005,-0.01491
net_cost_full_proportional_sept29_high,income,v4_employee_oasdi,2006,-0.016057
net_cost_full_proportional_sept29_high,income,v4_employee_oasdi,2007,-0.01669
net_cost_full_proportional_sept29_high,income,v4_employee_oasdi,2008,-0.017663
net_cost_full_proportional_sept29_high,income,v4_employee_oasdi,2009,-0.017384
net_cost_full_proportional_sept29_high,income,v4_employee_oasdi,2010,-0.017877
net_cost_full_proportional_sept29_high,income,v4_employee_oasdi,2011,-0.012316
net_cost_full_proportional_sept29_high,income,v4_employee_oasdi,2012,-0.012646
net_cost_full_proportional_sept29_high,income,v4_employee_oasdi,2013,-0.019252
net_cost_full_proportional_sept29_high,income,v4_employee_oasdi,2014,-0.020057
net_cost_full_proportional_sept29_high,income,v4_employee_oasdi,2015,-0.020959
net_cost_full_proportional_sept29_high,income,v4_employee_oasdi,2016,-0.021484
net_cost_full_proportional_sept29_high,income,v4_employee_oasdi,2017,-0.022315
net_cost_full_proportional_sept29_high,income,v4_employee_oasdi,2018,-0.022928
net_cost_full_proportional_sept29_high,income,v4_employee_oasdi,2019,-0.023673
net_cost_full_proportional_sept29_high,income,v4_employee_oasdi,2020,-0.023467
net_cost_full_proportional_sept29_high,income,v4_employee_oasdi,2021,-0.024187
net_cost_full_proportional_sept29_high,income,v4_employee_oasdi,2022,-0.024717
net_cost_full_proportional_sept29_high,income,v4_employee_oasdi,2023,-0.025667
net_cost_full_proportional_sept29_high,income,v4_employee_oasdi,2024,-0.0273
net_cost_full_proportional_sept29_high,income,v4_employee_hi,2005,-0.006996
net_cost_full_proportional_sept29_high,income,v4_employee_hi,2006,-0.007572
net_cost_full_proportional_sept29_high,income,v4_employee_hi,2007,-0.007943
net_cost_full_proportional_sept29_high,income,v4_employee_hi,2008,-0.008305
net_cost_full_proportional_sept29_high,income,v4_employee_hi,2009,-0.008054
net_cost_full_proportional_sept29_high,income,v4_employee_hi,2010,-0.008403
net_cost_full_proportional_sept29_high,income,v4_employee_hi,2011,-0.008653
net_cost_full_proportional_sept29_high,income,v4_employee_hi,2012,-0.00893
net_cost_full_proportional_sept29_high,income,v4_employee_hi,2013,-0.009622
net_cost_full_proportional_sept29_high,income,v4_employee_hi,2014,-0.010083
net_cost_full_proportional_sept29_high,income,v4_employee_hi,2015,-0.010577
net_cost_full_proportional_sept29_high,income,v4_employee_hi,2016,-0.010801
net_cost_full_proportional_sept29_high,income,v4_employee_hi,2017,-0.011229
net_cost_full_proportional_sept29_high,income,v4_employee_hi,2018,-0.011576
net_cost_full_proportional_sept29_high,income,v4_employee_hi,2019,-0.011959
net_cost_full_proportional_sept29_high,income,v4_employee_hi,2020,-0.012039
net_cost_full_proportional_sept29_high,income,v4_employee_hi,2021,-0.012699
net_cost_full_proportional_sept29_high,income,v4_employee_hi,2022,-0.012718
net_cost_full_proportional_sept29_high,income,v4_employee_hi,2023,-0.013064
net_cost_full_proportional_sept29_high,income,v4_employee_hi,2024,-0.013945
net_cost_full_proportional_sept29_high,income,v4_self_employment_oasdi_hi,2005,0.504284
net_cost_full_proportional_sept29_high,income,v4_self_employment_oasdi_hi,2006,0.546473
net_cost_full_proportional_sept29_high,income,v4_self_employment_oasdi_hi,2007,0.567733
net_cost_full_proportional_sept29_high,income,v4_self_employment_oasdi_hi,2008,0.588809
net_cost_full_proportional_sept29_high,income,v4_self_employment_oasdi_hi,2009,0.591928
net_cost_full_proportional_sept29_high,income,v4_self_employment_oasdi_hi,2010,0.595109
net_cost_full_proportional_sept29_high,income,v4_self_employment_oasdi_hi,2011,0.558783
net_cost_full_proportional_sept29_high,income,v4_self_employment_oasdi_hi,2012,0.557062
net_cost_full_proportional_sept29_high,income,v4_self_employment_oasdi_hi,2013,0.635699
net_cost_full_proportional_sept29_high,income,v4_self_employment_oasdi_hi,2014,0.686419
net_cost_full_proportional_sept29_high,income,v4_self_employment_oasdi_hi,2015,0.714408
net_cost_full_proportional_sept29_high,income,v4_self_employment_oasdi_hi,2016,0.721216
net_cost_full_proportional_sept29_high,income,v4_self_employment_oasdi_hi,2017,0.727574
net_cost_full_proportional_sept29_high,income,v4_self_employment_oasdi_hi,2018,0.747367
net_cost_full_proportional_sept29_high,income,v4_self_employment_oasdi_hi,2019,0.764172
net_cost_full_proportional_sept29_high,income,v4_self_employment_oasdi_hi,2020,0.764874
net_cost_full_proportional_sept29_high,income,v4_self_employment_oasdi_hi,2021,0.754677
net_cost_full_proportional_sept29_high,income,v4_self_employment_oasdi_hi,2022,0.800907
net_cost_full_proportional_sept29_high,income,v4_self_employment_oasdi_hi,2023,0.795208
net_cost_full_proportional_sept29_high,income,v4_self_employment_oasdi_hi,2024,0.813357
net_cost_full_proportional_sept29_high,income,v4_employer_oasdi,2005,-0.015028
net_cost_full_proportional_sept29_high,income,v4_employer_oasdi,2006,-0.016179
net_cost_full_proportional_sept29_high,income,v4_employer_oasdi,2007,-0.016812
net_cost_full_proportional_sept29_high,income,v4_employer_oasdi,2008,-0.017801
net_cost_full_proportional_sept29_high,income,v4_employer_oasdi,2009,-0.017527
net_cost_full_proportional_sept29_high,income,v4_employer_oasdi,2010,-0.017839
net_cost_full_proportional_sept29_high,income,v4_employer_oasdi,2011,-0.018358
net_cost_full_proportional_sept29_high,income,v4_employer_oasdi,2012,-0.01886
net_cost_full_proportional_sept29_high,income,v4_employer_oasdi,2013,-0.019389
net_cost_full_proportional_sept29_high,income,v4_employer_oasdi,2014,-0.020199
net_cost_full_proportional_sept29_high,income,v4_employer_oasdi,2015,-0.021115
net_cost_full_proportional_sept29_high,income,v4_employer_oasdi,2016,-0.02166
net_cost_full_proportional_sept29_high,income,v4_employer_oasdi,2017,-0.022496
net_cost_full_proportional_sept29_high,income,v4_employer_oasdi,2018,-0.023102
net_cost_full_proportional_sept29_high,income,v4_employer_oasdi,2019,-0.023865
net_cost_full_proportional_sept29_high,income,v4_employer_oasdi,2020,-0.023668
net_cost_full_proportional_sept29_high,income,v4_employer_oasdi,2021,-0.024372
net_cost_full_proportional_sept29_high,income,v4_employer_oasdi,2022,-0.024958
net_cost_full_proportional_sept29_high,income,v4_employer_oasdi,2023,-0.025951
net_cost_full_proportional_sept29_high,income,v4_employer_oasdi,2024,-0.027536
net_cost_full_proportional_sept29_high,income,v4_employer_hi,2005,-0.006788
net_cost_full_proportional_sept29_high,income,v4_employer_hi,2006,-0.007341
net_cost_full_proportional_sept29_high,income,v4_employer_hi,2007,-0.007696
net_cost_full_proportional_sept29_high,income,v4_employer_hi,2008,-0.008044
net_cost_full_proportional_sept29_high,income,v4_employer_hi,2009,-0.007791
net_cost_full_proportional_sept29_high,income,v4_employer_hi,2010,-0.008099
net_cost_full_proportional_sept29_high,income,v4_employer_hi,2011,-0.008355
net_cost_full_proportional_sept29_high,income,v4_employer_hi,2012,-0.008621
net_cost_full_proportional_sept29_high,income,v4_employer_hi,2013,-0.008763
net_cost_full_proportional_sept29_high,income,v4_employer_hi,2014,-0.009172
net_cost_full_proportional_sept29_high,income,v4_employer_hi,2015,-0.009611
net_cost_full_proportional_sept29_high,income,v4_employer_hi,2016,-0.009838
net_cost_full_proportional_sept29_high,income,v4_employer_hi,2017,-0.010168
net_cost_full_proportional_sept29_high,income,v4_employer_hi,2018,-0.010469
net_cost_full_proportional_sept29_high,income,v4_employer_hi,2019,-0.010791
net_cost_full_proportional_sept29_high,income,v4_employer_hi,2020,-0.010807
net_cost_full_proportional_sept29_high,income,v4_employer_hi,2021,-0.011304
net_cost_full_proportional_sept29_high,income,v4_employer_hi,2022,-0.011368
net_cost_full_proportional_sept29_high,income,v4_employer_hi,2023,-0.011679
net_cost_full_proportional_sept29_high,income,v4_employer_hi,2024,-0.012404
net_cost_full_proportional_sept29_high,income,v4_other_domestic_social_contributions,2005,-0.025843
net_cost_full_proportional_sept29_high,income,v4_other_domestic_social_contributions,2006,-0.025299
net_cost_full_proportional_sept29_high,income,v4_other_domestic_social_contributions,2007,-0.023521
net_cost_full_proportional_sept29_high,income,v4_other_domestic_social_contributions,2008,-0.023596
net_cost_full_proportional_sept29_high,income,v4_other_domestic_social_contributions,2009,-0.024531
net_cost_full_proportional_sept29_high,income,v4_other_domestic_social_contributions,2010,-0.028251
net_cost_full_proportional_sept29_high,income,v4_other_domestic_social_contributions,2011,-0.030762
net_cost_full_proportional_sept29_high,income,v4_other_domestic_social_contributions,2012,-0.031517
net_cost_full_proportional_sept29_high,income,v4_other_domestic_social_contributions,2013,-0.03093
net_cost_full_proportional_sept29_high,income,v4_other_domestic_social_contributions,2014,-0.030701
net_cost_full_proportional_sept29_high,income,v4_other_domestic_social_contributions,2015,-0.030486
net_cost_full_proportional_sept29_high,income,v4_other_domestic_social_contributions,2016,-0.029429
net_cost_full_proportional_sept29_high,income,v4_other_domestic_social_contributions,2017,-0.028486
net_cost_full_proportional_sept29_high,income,v4_other_domestic_social_contributions,2018,-0.026653
net_cost_full_proportional_sept29_high,income,v4_other_domestic_social_contributions,2019,-0.02594
net_cost_full_proportional_sept29_high,income,v4_other_domestic_social_contributions,2020,-0.025994
net_cost_full_proportional_sept29_high,income,v4_other_domestic_social_contributions,2021,-0.025602
net_cost_full_proportional_sept29_high,income,v4_other_domestic_social_contributions,2022,-0.023966
net_cost_full_proportional_sept29_high,income,v4_other_domestic_social_contributions,2023,-0.023562
net_cost_full_proportional_sept29_high,income,v4_other_domestic_social_contributions,2024,-0.024784
net_cost_full_proportional_sept29_high,income,v4_general_sales_tax,2005,-3.272937
net_cost_full_proportional_sept29_high,income,v4_general_sales_tax,2006,-3.58623
net_cost_full_proportional_sept29_high,income,v4_general_sales_tax,2007,-3.649828
net_cost_full_proportional_sept29_high,income,v4_general_sales_tax,2008,-3.735101
net_cost_full_proportional_sept29_high,income,v4_general_sales_tax,2009,-3.521989
net_cost_full_proportional_sept29_high,income,v4_general_sales_tax,2010,-3.784876
net_cost_full_proportional_sept29_high,income,v4_general_sales_tax,2011,-3.954851
net_cost_full_proportional_sept29_high,income,v4_general_sales_tax,2012,-4.071846
net_cost_full_proportional_sept29_high,income,v4_general_sales_tax,2013,-4.274076
net_cost_full_proportional_sept29_high,income,v4_general_sales_tax,2014,-4.480351
net_cost_full_proportional_sept29_high,income,v4_general_sales_tax,2015,-4.610138
net_cost_full_proportional_sept29_high,income,v4_general_sales_tax,2016,-4.724147
net_cost_full_proportional_sept29_high,income,v4_general_sales_tax,2017,-4.915752
net_cost_full_proportional_sept29_high,income,v4_general_sales_tax,2018,-5.072313
net_cost_full_proportional_sept29_high,income,v4_general_sales_tax,2019,-5.246606
net_cost_full_proportional_sept29_high,income,v4_general_sales_tax,2020,-5.118931
net_cost_full_proportional_sept29_high,income,v4_general_sales_tax,2021,-5.741967
net_cost_full_proportional_sept29_high,income,v4_general_sales_tax,2022,-5.958048
net_cost_full_proportional_sept29_high,income,v4_general_sales_tax,2023,-5.871641
net_cost_full_proportional_sept29_high,income,v4_general_sales_tax,2024,-5.955606
net_cost_full_proportional_sept29_high,income,v4_modeled_owner_property,2005,-10.797661
net_cost_full_proportional_sept29_high,income,v4_modeled_owner_property,2006,-11.726867
net_cost_full_proportional_sept29_high,income,v4_modeled_owner_property,2007,-12.523815
net_cost_full_proportional_sept29_high,income,v4_modeled_owner_property,2008,-13.208914
net_cost_full_proportional_sept29_high,income,v4_modeled_owner_property,2009,-14.187624
net_cost_full_proportional_sept29_high,income,v4_modeled_owner_property,2010,-14.410243
net_cost_full_proportional_sept29_high,income,v4_modeled_owner_property,2011,-14.296481
net_cost_full_proportional_sept29_high,income,v4_modeled_owner_property,2012,-14.288774
net_cost_full_proportional_sept29_high,income,v4_modeled_owner_property,2013,-14.516133
net_cost_full_proportional_sept29_high,income,v4_modeled_owner_property,2014,-15.035348
net_cost_full_proportional_sept29_high,income,v4_modeled_owner_property,2015,-15.484062
net_cost_full_proportional_sept29_high,income,v4_modeled_owner_property,2016,-16.077656
net_cost_full_proportional_sept29_high,income,v4_modeled_owner_property,2017,-16.637568
net_cost_full_proportional_sept29_high,income,v4_modeled_owner_property,2018,-16.89927
net_cost_full_proportional_sept29_high,income,v4_modeled_owner_property,2019,-17.649307
net_cost_full_proportional_sept29_high,income,v4_modeled_owner_property,2020,-17.901037
net_cost_full_proportional_sept29_high,income,v4_modeled_owner_property,2021,-18.0086
net_cost_full_proportional_sept29_high,income,v4_modeled_owner_property,2022,-17.42665
net_cost_full_proportional_sept29_high,income,v4_modeled_owner_property,2023,-17.79145
net_cost_full_proportional_sept29_high,income,v4_modeled_owner_property,2024,-19.049721
net_cost_full_proportional_sept29_high,income,v4_excise_selective_sales,2005,-1.030344
net_cost_full_proportional_sept29_high,income,v4_excise_selective_sales,2006,-1.089481
net_cost_full_proportional_sept29_high,income,v4_excise_selective_sales,2007,-1.086172
net_cost_full_proportional_sept29_high,income,v4_excise_selective_sales,2008,-1.10734
net_cost_full_proportional_sept29_high,income,v4_excise_selective_sales,2009,-1.142573
net_cost_full_proportional_sept29_high,income,v4_excise_selective_sales,2010,-1.221751
net_cost_full_proportional_sept29_high,income,v4_excise_selective_sales,2011,-1.288887
net_cost_full_proportional_sept29_high,income,v4_excise_selective_sales,2012,-1.326337
net_cost_full_proportional_sept29_high,income,v4_excise_selective_sales,2013,-1.386227
net_cost_full_proportional_sept29_high,income,v4_excise_selective_sales,2014,-1.446877
net_cost_full_proportional_sept29_high,income,v4_excise_selective_sales,2015,-1.496954
net_cost_full_proportional_sept29_high,income,v4_excise_selective_sales,2016,-1.49719
net_cost_full_proportional_sept29_high,income,v4_excise_selective_sales,2017,-1.490583
net_cost_full_proportional_sept29_high,income,v4_excise_selective_sales,2018,-1.605614
net_cost_full_proportional_sept29_high,income,v4_excise_selective_sales,2019,-1.551918
net_cost_full_proportional_sept29_high,income,v4_excise_selective_sales,2020,-1.433127
net_cost_full_proportional_sept29_high,income,v4_excise_selective_sales,2021,-1.490512
net_cost_full_proportional_sept29_high,income,v4_excise_selective_sales,2022,-1.48334
net_cost_full_proportional_sept29_high,income,v4_excise_selective_sales,2023,-1.503307
net_cost_full_proportional_sept29_high,income,v4_excise_selective_sales,2024,-1.575072
net_cost_full_proportional_sept29_high,income,v4_customs_duties,2005,-0.01415
net_cost_full_proportional_sept29_high,income,v4_customs_duties,2006,-0.015156
net_cost_full_proportional_sept29_high,income,v4_customs_duties,2007,-0.016229
net_cost_full_proportional_sept29_high,income,v4_customs_duties,2008,-0.016883
net_cost_full_proportional_sept29_high,income,v4_customs_duties,2009,-0.013534
net_cost_full_proportional_sept29_high,income,v4_customs_duties,2010,-0.017075
net_cost_full_proportional_sept29_high,income,v4_customs_duties,2011,-0.018859
net_cost_full_proportional_sept29_high,income,v4_customs_duties,2012,-0.019576
net_cost_full_proportional_sept29_high,income,v4_customs_duties,2013,-0.02055
net_cost_full_proportional_sept29_high,income,v4_customs_duties,2014,-0.02156
net_cost_full_proportional_sept29_high,income,v4_customs_duties,2015,-0.021918
net_cost_full_proportional_sept29_high,income,v4_customs_duties,2016,-0.021483
net_cost_full_proportional_sept29_high,income,v4_customs_duties,2017,-0.021751
net_cost_full_proportional_sept29_high,income,v4_customs_duties,2018,-0.029501
net_cost_full_proportional_sept29_high,income,v4_customs_duties,2019,-0.042356
net_cost_full_proportional_sept29_high,income,v4_customs_duties,2020,-0.036766
net_cost_full_proportional_sept29_high,income,v4_customs_duties,2021,-0.04559
net_cost_full_proportional_sept29_high,income,v4_customs_duties,2022,-0.048847
net_cost_full_proportional_sept29_high,income,v4_customs_duties,2023,-0.037846
net_cost_full_proportional_sept29_high,income,v4_customs_duties,2024,-0.038463
net_cost_full_proportional_sept29_high,income,v4_personal_current_transfers,2005,-0.040005
net_cost_full_proportional_sept29_high,income,v4_personal_current_transfers,2006,-0.042756
net_cost_full_proportional_sept29_high,income,v4_personal_current_transfers,2007,-0.044629
net_cost_full_proportional_sept29_high,income,v4_personal_current_transfers,2008,-0.046749
net_cost_full_proportional_sept29_high,income,v4_personal_current_transfers,2009,-0.046943
net_cost_full_proportional_sept29_high,income,v4_personal_current_transfers,2010,-0.0474
net_cost_full_proportional_sept29_high,income,v4_personal_current_transfers,2011,-0.048592
net_cost_full_proportional_sept29_high,income,v4_personal_current_transfers,2012,-0.050426
net_cost_full_proportional_sept29_high,income,v4_personal_current_transfers,2013,-0.05041
net_cost_full_proportional_sept29_high,income,v4_personal_current_transfers,2014,-0.053057
net_cost_full_proportional_sept29_high,income,v4_personal_current_transfers,2015,-0.056819
net_cost_full_proportional_sept29_high,income,v4_personal_current_transfers,2016,-0.058179
net_cost_full_proportional_sept29_high,income,v4_personal_current_transfers,2017,-0.059069
net_cost_full_proportional_sept29_high,income,v4_personal_current_transfers,2018,-0.061604
net_cost_full_proportional_sept29_high,income,v4_personal_current_transfers,2019,-0.062418
net_cost_full_proportional_sept29_high,income,v4_personal_current_transfers,2020,-0.058565
net_cost_full_proportional_sept29_high,income,v4_personal_current_transfers,2021,-0.062163
net_cost_full_proportional_sept29_high,income,v4_personal_current_transfers,2022,-0.063569
net_cost_full_proportional_sept29_high,income,v4_personal_current_transfers,2023,-0.062944
net_cost_full_proportional_sept29_high,income,v4_personal_current_transfers,2024,-0.064913
net_cost_full_proportional_sept29_high,income,v4_enterprise_surplus,2005,-2.503726
net_cost_full_proportional_sept29_high,income,v4_enterprise_surplus,2006,-2.952321
net_cost_full_proportional_sept29_high,income,v4_enterprise_surplus,2007,-3.447297
net_cost_full_proportional_sept29_high,income,v4_enterprise_surplus,2008,-3.678934
net_cost_full_proportional_sept29_high,income,v4_enterprise_surplus,2009,-3.664178
net_cost_full_proportional_sept29_high,income,v4_enterprise_surplus,2010,-4.181428
net_cost_full_proportional_sept29_high,income,v4_enterprise_surplus,2011,-4.084417
net_cost_full_proportional_sept29_high,income,v4_enterprise_surplus,2012,-3.926847
net_cost_full_proportional_sept29_high,income,v4_enterprise_surplus,2013,-3.846798
net_cost_full_proportional_sept29_high,income,v4_enterprise_surplus,2014,-3.664412
net_cost_full_proportional_sept29_high,income,v4_enterprise_surplus,2015,-3.51675
net_cost_full_proportional_sept29_high,income,v4_enterprise_surplus,2016,-3.495736
net_cost_full_proportional_sept29_high,income,v4_enterprise_surplus,2017,-3.823023
net_cost_full_proportional_sept29_high,income,v4_enterprise_surplus,2018,-3.730925
net_cost_full_proportional_sept29_high,income,v4_enterprise_surplus,2019,-3.819824
net_cost_full_proportional_sept29_high,income,v4_enterprise_surplus,2020,-4.049058
net_cost_full_proportional_sept29_high,income,v4_enterprise_surplus,2021,-4.820664
net_cost_full_proportional_sept29_high,income,v4_enterprise_surplus,2022,-4.96395
net_cost_full_proportional_sept29_high,income,v4_enterprise_surplus,2023,-4.810999
net_cost_full_proportional_sept29_high,income,v4_enterprise_surplus,2024,-4.721933
net_cost_full_proportional_sept29_high,income,v4_housing_enterprise_surplus,2005,1.827211
net_cost_full_proportional_sept29_high,income,v4_housing_enterprise_surplus,2006,2.126554
net_cost_full_proportional_sept29_high,income,v4_housing_enterprise_surplus,2007,2.449806
net_cost_full_proportional_sept29_high,income,v4_housing_enterprise_surplus,2008,2.607238
net_cost_full_proportional_sept29_high,income,v4_housing_enterprise_surplus,2009,2.626756
net_cost_full_proportional_sept29_high,income,v4_housing_enterprise_surplus,2010,2.961883
net_cost_full_proportional_sept29_high,income,v4_housing_enterprise_surplus,2011,2.910175
net_cost_full_proportional_sept29_high,income,v4_housing_enterprise_surplus,2012,2.797712
net_cost_full_proportional_sept29_high,income,v4_housing_enterprise_surplus,2013,2.743425
net_cost_full_proportional_sept29_high,income,v4_housing_enterprise_surplus,2014,2.630119
net_cost_full_proportional_sept29_high,income,v4_housing_enterprise_surplus,2015,2.542959
net_cost_full_proportional_sept29_high,income,v4_housing_enterprise_surplus,2016,2.550165
net_cost_full_proportional_sept29_high,income,v4_housing_enterprise_surplus,2017,2.741839
net_cost_full_proportional_sept29_high,income,v4_housing_enterprise_surplus,2018,2.701432
net_cost_full_proportional_sept29_high,income,v4_housing_enterprise_surplus,2019,2.763861
net_cost_full_proportional_sept29_high,income,v4_housing_enterprise_surplus,2020,2.936091
net_cost_full_proportional_sept29_high,income,v4_housing_enterprise_surplus,2021,3.424592
net_cost_full_proportional_sept29_high,income,v4_housing_enterprise_surplus,2022,3.512909
net_cost_full_proportional_sept29_high,income,v4_housing_enterprise_surplus,2023,3.441981
net_cost_full_proportional_sept29_high,income,v4_housing_enterprise_surplus,2024,3.426129
net_cost_full_proportional_sept29_high,income,v4_tenant_occupied_property,2005,-3.860441
net_cost_full_proportional_sept29_high,income,v4_tenant_occupied_property,2006,-4.192655
net_cost_full_proportional_sept29_high,income,v4_tenant_occupied_property,2007,-4.477585
net_cost_full_proportional_sept29_high,income,v4_tenant_occupied_property,2008,-4.722525
net_cost_full_proportional_sept29_high,income,v4_tenant_occupied_property,2009,-5.072439
net_cost_full_proportional_sept29_high,income,v4_tenant_occupied_property,2010,-5.152031
net_cost_full_proportional_sept29_high,income,v4_tenant_occupied_property,2011,-5.111359
net_cost_full_proportional_sept29_high,income,v4_tenant_occupied_property,2012,-5.108603
net_cost_full_proportional_sept29_high,income,v4_tenant_occupied_property,2013,-5.18989
net_cost_full_proportional_sept29_high,income,v4_tenant_occupied_property,2014,-5.375522
net_cost_full_proportional_sept29_high,income,v4_tenant_occupied_property,2015,-5.535949
net_cost_full_proportional_sept29_high,income,v4_tenant_occupied_property,2016,-5.748174
net_cost_full_proportional_sept29_high,income,v4_tenant_occupied_property,2017,-5.948357
net_cost_full_proportional_sept29_high,income,v4_tenant_occupied_property,2018,-6.041922
net_cost_full_proportional_sept29_high,income,v4_tenant_occupied_property,2019,-6.31008
net_cost_full_proportional_sept29_high,income,v4_tenant_occupied_property,2020,-6.40008
net_cost_full_proportional_sept29_high,income,v4_tenant_occupied_property,2021,-6.438536
net_cost_full_proportional_sept29_high,income,v4_tenant_occupied_property,2022,-6.230474
net_cost_full_proportional_sept29_high,income,v4_tenant_occupied_property,2023,-6.360899
net_cost_full_proportional_sept29_high,income,v4_tenant_occupied_property,2024,-6.810763
net_cost_full_proportional_sept29_high,income,v4_social_security_accrual,2005,56.509394
net_cost_full_proportional_sept29_high,income,v4_social_security_accrual,2006,60.871573
net_cost_full_proportional_sept29_high,income,v4_social_security_accrual,2007,63.259999
net_cost_full_proportional_sept29_high,income,v4_social_security_accrual,2008,66.881567
net_cost_full_proportional_sept29_high,income,v4_social_security_accrual,2009,65.921315
net_cost_full_proportional_sept29_high,income,v4_social_security_accrual,2010,67.372362
net_cost_full_proportional_sept29_high,income,v4_social_security_accrual,2011,58.183697
net_cost_full_proportional_sept29_high,income,v4_social_security_accrual,2012,59.648375
net_cost_full_proportional_sept29_high,income,v4_social_security_accrual,2013,72.834085
net_cost_full_proportional_sept29_high,income,v4_social_security_accrual,2014,76.04277
net_cost_full_proportional_sept29_high,income,v4_social_security_accrual,2015,79.455383
net_cost_full_proportional_sept29_high,income,v4_social_security_accrual,2016,81.399583
net_cost_full_proportional_sept29_high,income,v4_social_security_accrual,2017,84.398447
net_cost_full_proportional_sept29_high,income,v4_social_security_accrual,2018,86.69282
net_cost_full_proportional_sept29_high,income,v4_social_security_accrual,2019,89.482169
net_cost_full_proportional_sept29_high,income,v4_social_security_accrual,2020,88.77158
net_cost_full_proportional_sept29_high,income,v4_social_security_accrual,2021,91.227591
net_cost_full_proportional_sept29_high,income,v4_social_security_accrual,2022,93.520834
net_cost_full_proportional_sept29_high,income,v4_social_security_accrual,2023,96.92624
net_cost_full_proportional_sept29_high,income,v4_social_security_accrual,2024,102.754953
net_cost_full_proportional_sept29_high,income,v4_social_security_cash,2005,-22.789116
net_cost_full_proportional_sept29_high,income,v4_social_security_cash,2006,-24.589781
net_cost_full_proportional_sept29_high,income,v4_social_security_cash,2007,-25.820672
net_cost_full_proportional_sept29_high,income,v4_social_security_cash,2008,-27.821111
net_cost_full_proportional_sept29_high,income,v4_social_security_cash,2009,-31.005758
net_cost_full_proportional_sept29_high,income,v4_social_security_cash,2010,-32.786052
net_cost_full_proportional_sept29_high,income,v4_social_security_cash,2011,-33.565239
net_cost_full_proportional_sept29_high,income,v4_social_security_cash,2012,-35.438127
net_cost_full_proportional_sept29_high,income,v4_social_security_cash,2013,-36.842064
net_cost_full_proportional_sept29_high,income,v4_social_security_cash,2014,-38.325638
net_cost_full_proportional_sept29_high,income,v4_social_security_cash,2015,-39.885094
net_cost_full_proportional_sept29_high,income,v4_social_security_cash,2016,-40.831987
net_cost_full_proportional_sept29_high,income,v4_social_security_cash,2017,-41.621005
net_cost_full_proportional_sept29_high,income,v4_social_security_cash,2018,-42.842645
net_cost_full_proportional_sept29_high,income,v4_social_security_cash,2019,-44.682971
net_cost_full_proportional_sept29_high,income,v4_social_security_cash,2020,-45.954719
net_cost_full_proportional_sept29_high,income,v4_social_security_cash,2021,-45.383804
net_cost_full_proportional_sept29_high,income,v4_social_security_cash,2022,-46.019524
net_cost_full_proportional_sept29_high,income,v4_social_security_cash,2023,-50.062422
net_cost_full_proportional_sept29_high,income,v4_social_security_cash,2024,-53.022396
net_cost_full_proportional_sept29_high,income,v4_medicare_part_a_accrual,2005,21.694984
net_cost_full_proportional_sept29_high,income,v4_medicare_part_a_accrual,2006,23.473104
net_cost_full_proportional_sept29_high,income,v4_medicare_part_a_accrual,2007,24.60404
net_cost_full_proportional_sept29_high,income,v4_medicare_part_a_accrual,2008,25.710079
net_cost_full_proportional_sept29_high,income,v4_medicare_part_a_accrual,2009,24.965225
net_cost_full_proportional_sept29_high,income,v4_medicare_part_a_accrual,2010,25.952815
net_cost_full_proportional_sept29_high,income,v4_medicare_part_a_accrual,2011,26.628823
net_cost_full_proportional_sept29_high,income,v4_medicare_part_a_accrual,2012,27.435178
net_cost_full_proportional_sept29_high,income,v4_medicare_part_a_accrual,2013,28.853986
net_cost_full_proportional_sept29_high,income,v4_medicare_part_a_accrual,2014,30.264806
net_cost_full_proportional_sept29_high,income,v4_medicare_part_a_accrual,2015,31.720002
net_cost_full_proportional_sept29_high,income,v4_medicare_part_a_accrual,2016,32.407806
net_cost_full_proportional_sept29_high,income,v4_medicare_part_a_accrual,2017,33.55406
net_cost_full_proportional_sept29_high,income,v4_medicare_part_a_accrual,2018,34.565883
net_cost_full_proportional_sept29_high,income,v4_medicare_part_a_accrual,2019,35.655985
net_cost_full_proportional_sept29_high,income,v4_medicare_part_a_accrual,2020,35.799914
net_cost_full_proportional_sept29_high,income,v4_medicare_part_a_accrual,2021,37.504551
net_cost_full_proportional_sept29_high,income,v4_medicare_part_a_accrual,2022,37.73154
net_cost_full_proportional_sept29_high,income,v4_medicare_part_a_accrual,2023,38.699694
net_cost_full_proportional_sept29_high,income,v4_medicare_part_a_accrual,2024,41.137128
net_cost_full_proportional_sept29_high,income,v4_medicare_cash,2005,-7.190728
net_cost_full_proportional_sept29_high,income,v4_medicare_cash,2006,-8.786111
net_cost_full_proportional_sept29_high,income,v4_medicare_cash,2007,-9.355838
net_cost_full_proportional_sept29_high,income,v4_medicare_cash,2008,-10.33086
net_cost_full_proportional_sept29_high,income,v4_medicare_cash,2009,-11.204667
net_cost_full_proportional_sept29_high,income,v4_medicare_cash,2010,-11.879719
net_cost_full_proportional_sept29_high,income,v4_medicare_cash,2011,-12.27771
net_cost_full_proportional_sept29_high,income,v4_medicare_cash,2012,-12.564899
net_cost_full_proportional_sept29_high,income,v4_medicare_cash,2013,-12.865809
net_cost_full_proportional_sept29_high,income,v4_medicare_cash,2014,-13.420687
net_cost_full_proportional_sept29_high,income,v4_medicare_cash,2015,-14.150034
net_cost_full_proportional_sept29_high,income,v4_medicare_cash,2016,-14.689968
net_cost_full_proportional_sept29_high,income,v4_medicare_cash,2017,-15.14589
net_cost_full_proportional_sept29_high,income,v4_medicare_cash,2018,-15.743278
net_cost_full_proportional_sept29_high,income,v4_medicare_cash,2019,-16.692493
net_cost_full_proportional_sept29_high,income,v4_medicare_cash,2020,-17.182349
net_cost_full_proportional_sept29_high,income,v4_medicare_cash,2021,-17.57827
net_cost_full_proportional_sept29_high,income,v4_medicare_cash,2022,-17.437917
net_cost_full_proportional_sept29_high,income,v4_medicare_cash,2023,-18.417167
net_cost_full_proportional_sept29_high,income,v4_medicare_cash,2024,-19.663109
net_cost_full_proportional_sept29_high,income,v4_workers_compensation,2005,-1.128322
net_cost_full_proportional_sept29_high,income,v4_workers_compensation,2006,-1.098311
net_cost_full_proportional_sept29_high,income,v4_workers_compensation,2007,-1.084649
net_cost_full_proportional_sept29_high,income,v4_workers_compensation,2008,-1.109146
net_cost_full_proportional_sept29_high,income,v4_workers_compensation,2009,-1.132904
net_cost_full_proportional_sept29_high,income,v4_workers_compensation,2010,-1.138835
net_cost_full_proportional_sept29_high,income,v4_workers_compensation,2011,-1.086086
net_cost_full_proportional_sept29_high,income,v4_workers_compensation,2012,-1.028297
net_cost_full_proportional_sept29_high,income,v4_workers_compensation,2013,-1.013704
net_cost_full_proportional_sept29_high,income,v4_workers_compensation,2014,-1.016714
net_cost_full_proportional_sept29_high,income,v4_workers_compensation,2015,-0.975232
net_cost_full_proportional_sept29_high,income,v4_workers_compensation,2016,-0.913289
net_cost_full_proportional_sept29_high,income,v4_workers_compensation,2017,-0.84622
net_cost_full_proportional_sept29_high,income,v4_workers_compensation,2018,-0.798876
net_cost_full_proportional_sept29_high,income,v4_workers_compensation,2019,-0.794476
net_cost_full_proportional_sept29_high,income,v4_workers_compensation,2020,-0.800917
net_cost_full_proportional_sept29_high,income,v4_workers_compensation,2021,-0.778467
net_cost_full_proportional_sept29_high,income,v4_workers_compensation,2022,-0.752995
net_cost_full_proportional_sept29_high,income,v4_workers_compensation,2023,-0.734738
net_cost_full_proportional_sept29_high,income,v4_workers_compensation,2024,-0.73241
net_cost_full_proportional_sept29_high,income,v4_housing_subsidies,2005,-0.220231
net_cost_full_proportional_sept29_high,income,v4_housing_subsidies,2006,-0.23165
net_cost_full_proportional_sept29_high,income,v4_housing_subsidies,2007,-0.23721
net_cost_full_proportional_sept29_high,income,v4_housing_subsidies,2008,-0.245969
net_cost_full_proportional_sept29_high,income,v4_housing_subsidies,2009,-0.274958
net_cost_full_proportional_sept29_high,income,v4_housing_subsidies,2010,-0.278095
net_cost_full_proportional_sept29_high,income,v4_housing_subsidies,2011,-0.288653
net_cost_full_proportional_sept29_high,income,v4_housing_subsidies,2012,-0.277323
net_cost_full_proportional_sept29_high,income,v4_housing_subsidies,2013,-0.274415
net_cost_full_proportional_sept29_high,income,v4_housing_subsidies,2014,-0.278171
net_cost_full_proportional_sept29_high,income,v4_housing_subsidies,2015,-0.285785
net_cost_full_proportional_sept29_high,income,v4_housing_subsidies,2016,-0.306479
net_cost_full_proportional_sept29_high,income,v4_housing_subsidies,2017,-0.288089
net_cost_full_proportional_sept29_high,income,v4_housing_subsidies,2018,-0.306793
net_cost_full_proportional_sept29_high,income,v4_housing_subsidies,2019,-0.312164
net_cost_full_proportional_sept29_high,income,v4_housing_subsidies,2020,-0.337263
net_cost_full_proportional_sept29_high,income,v4_housing_subsidies,2021,-0.33052
net_cost_full_proportional_sept29_high,income,v4_housing_subsidies,2022,-0.32687
net_cost_full_proportional_sept29_high,income,v4_housing_subsidies,2023,-0.354112
net_cost_full_proportional_sept29_high,income,v4_housing_subsidies,2024,-0.395426
net_cost_full_proportional_sept29_high,income,v4_roads_vmt_sl,2005,1.811366
net_cost_full_proportional_sept29_high,income,v4_roads_vmt_sl,2006,1.951345
net_cost_full_proportional_sept29_high,income,v4_roads_vmt_sl,2007,2.085676
net_cost_full_proportional_sept29_high,income,v4_roads_vmt_sl,2008,2.254146
net_cost_full_proportional_sept29_high,income,v4_roads_vmt_sl,2009,2.35694
net_cost_full_proportional_sept29_high,income,v4_roads_vmt_sl,2010,2.517544
net_cost_full_proportional_sept29_high,income,v4_roads_vmt_sl,2011,2.423718
net_cost_full_proportional_sept29_high,income,v4_roads_vmt_sl,2012,2.433097
net_cost_full_proportional_sept29_high,income,v4_roads_vmt_sl,2013,2.418021
net_cost_full_proportional_sept29_high,income,v4_roads_vmt_sl,2014,2.43469
net_cost_full_proportional_sept29_high,income,v4_roads_vmt_sl,2015,2.478802
net_cost_full_proportional_sept29_high,income,v4_roads_vmt_sl,2016,2.491367
net_cost_full_proportional_sept29_high,income,v4_roads_vmt_sl,2017,2.516452
net_cost_full_proportional_sept29_high,income,v4_roads_vmt_sl,2018,2.609529
net_cost_full_proportional_sept29_high,income,v4_roads_vmt_sl,2019,2.659954
net_cost_full_proportional_sept29_high,income,v4_roads_vmt_sl,2020,2.831252
net_cost_full_proportional_sept29_high,income,v4_roads_vmt_sl,2021,2.928905
net_cost_full_proportional_sept29_high,income,v4_roads_vmt_sl,2022,2.672112
net_cost_full_proportional_sept29_high,income,v4_roads_vmt_sl,2023,2.809781
net_cost_full_proportional_sept29_high,income,v4_roads_vmt_sl,2024,3.030126
net_cost_full_proportional_sept29_high,income,v4_roads_vmt_fed,2005,0.016464
net_cost_full_proportional_sept29_high,income,v4_roads_vmt_fed,2006,0.017736
net_cost_full_proportional_sept29_high,income,v4_roads_vmt_fed,2007,0.018957
net_cost_full_proportional_sept29_high,income,v4_roads_vmt_fed,2008,0.020489
net_cost_full_proportional_sept29_high,income,v4_roads_vmt_fed,2009,0.021423
net_cost_full_proportional_sept29_high,income,v4_roads_vmt_fed,2010,0.022883
net_cost_full_proportional_sept29_high,income,v4_roads_vmt_fed,2011,0.02203
net_cost_full_proportional_sept29_high,income,v4_roads_vmt_fed,2012,0.022115
net_cost_full_proportional_sept29_high,income,v4_roads_vmt_fed,2013,0.021978
net_cost_full_proportional_sept29_high,income,v4_roads_vmt_fed,2014,0.02213
net_cost_full_proportional_sept29_high,income,v4_roads_vmt_fed,2015,0.022531
net_cost_full_proportional_sept29_high,income,v4_roads_vmt_fed,2016,0.022645
net_cost_full_proportional_sept29_high,income,v4_roads_vmt_fed,2017,0.022873
net_cost_full_proportional_sept29_high,income,v4_roads_vmt_fed,2018,0.023719
net_cost_full_proportional_sept29_high,income,v4_roads_vmt_fed,2019,0.024177
net_cost_full_proportional_sept29_high,income,v4_roads_vmt_fed,2020,0.025734
net_cost_full_proportional_sept29_high,income,v4_roads_vmt_fed,2021,0.026622
net_cost_full_proportional_sept29_high,income,v4_roads_vmt_fed,2022,0.024288
net_cost_full_proportional_sept29_high,income,v4_roads_vmt_fed,2023,0.025539
net_cost_full_proportional_sept29_high,income,v4_roads_vmt_fed,2024,0.027542
net_cost_full_proportional_sept29_high,income,v4_state_price_public_order_safety,2005,3.965503
net_cost_full_proportional_sept29_high,income,v4_state_price_public_order_safety,2006,4.271391
net_cost_full_proportional_sept29_high,income,v4_state_price_public_order_safety,2007,4.540088
net_cost_full_proportional_sept29_high,income,v4_state_price_public_order_safety,2008,4.976384
net_cost_full_proportional_sept29_high,income,v4_state_price_public_order_safety,2009,5.160955
net_cost_full_proportional_sept29_high,income,v4_state_price_public_order_safety,2010,5.325699
net_cost_full_proportional_sept29_high,income,v4_state_price_public_order_safety,2011,5.285089
net_cost_full_proportional_sept29_high,income,v4_state_price_public_order_safety,2012,5.218946
net_cost_full_proportional_sept29_high,income,v4_state_price_public_order_safety,2013,5.259246
net_cost_full_proportional_sept29_high,income,v4_state_price_public_order_safety,2014,5.416172
net_cost_full_proportional_sept29_high,income,v4_state_price_public_order_safety,2015,5.587511
net_cost_full_proportional_sept29_high,income,v4_state_price_public_order_safety,2016,5.702635
net_cost_full_proportional_sept29_high,income,v4_state_price_public_order_safety,2017,5.778418
net_cost_full_proportional_sept29_high,income,v4_state_price_public_order_safety,2018,5.98692
net_cost_full_proportional_sept29_high,income,v4_state_price_public_order_safety,2019,6.164208
net_cost_full_proportional_sept29_high,income,v4_state_price_public_order_safety,2020,6.117848
net_cost_full_proportional_sept29_high,income,v4_state_price_public_order_safety,2021,6.087745
net_cost_full_proportional_sept29_high,income,v4_state_price_public_order_safety,2022,6.020063
net_cost_full_proportional_sept29_high,income,v4_state_price_public_order_safety,2023,6.134277
net_cost_full_proportional_sept29_high,income,v4_state_price_public_order_safety,2024,6.412327
net_cost_full_proportional_sept29_high,income,v4_state_price_health_services,2005,0.753417
net_cost_full_proportional_sept29_high,income,v4_state_price_health_services,2006,0.782122
net_cost_full_proportional_sept29_high,income,v4_state_price_health_services,2007,0.873246
net_cost_full_proportional_sept29_high,income,v4_state_price_health_services,2008,1.006597
net_cost_full_proportional_sept29_high,income,v4_state_price_health_services,2009,1.070242
net_cost_full_proportional_sept29_high,income,v4_state_price_health_services,2010,1.111723
net_cost_full_proportional_sept29_high,income,v4_state_price_health_services,2011,1.135421
net_cost_full_proportional_sept29_high,income,v4_state_price_health_services,2012,1.145527
net_cost_full_proportional_sept29_high,income,v4_state_price_health_services,2013,1.18334
net_cost_full_proportional_sept29_high,income,v4_state_price_health_services,2014,1.211267
net_cost_full_proportional_sept29_high,income,v4_state_price_health_services,2015,1.249169
net_cost_full_proportional_sept29_high,income,v4_state_price_health_services,2016,1.307727
net_cost_full_proportional_sept29_high,income,v4_state_price_health_services,2017,1.262527
net_cost_full_proportional_sept29_high,income,v4_state_price_health_services,2018,1.33092
net_cost_full_proportional_sept29_high,income,v4_state_price_health_services,2019,1.462938
net_cost_full_proportional_sept29_high,income,v4_state_price_health_services,2020,1.706024
net_cost_full_proportional_sept29_high,income,v4_state_price_health_services,2021,1.774395
net_cost_full_proportional_sept29_high,income,v4_state_price_health_services,2022,1.776037
net_cost_full_proportional_sept29_high,income,v4_state_price_health_services,2023,1.738171
net_cost_full_proportional_sept29_high,income,v4_state_price_health_services,2024,1.799632
net_cost_full_proportional_sept29_high,income,v4_state_price_recreation_culture,2005,0.259162
net_cost_full_proportional_sept29_high,income,v4_state_price_recreation_culture,2006,0.282414
net_cost_full_proportional_sept29_high,income,v4_state_price_recreation_culture,2007,0.296791
net_cost_full_proportional_sept29_high,income,v4_state_price_recreation_culture,2008,0.321649
net_cost_full_proportional_sept29_high,income,v4_state_price_recreation_culture,2009,0.331094
net_cost_full_proportional_sept29_high,income,v4_state_price_recreation_culture,2010,0.33823
net_cost_full_proportional_sept29_high,income,v4_state_price_recreation_culture,2011,0.325142
net_cost_full_proportional_sept29_high,income,v4_state_price_recreation_culture,2012,0.320148
net_cost_full_proportional_sept29_high,income,v4_state_price_recreation_culture,2013,0.329379
net_cost_full_proportional_sept29_high,income,v4_state_price_recreation_culture,2014,0.338607
net_cost_full_proportional_sept29_high,income,v4_state_price_recreation_culture,2015,0.348418
net_cost_full_proportional_sept29_high,income,v4_state_price_recreation_culture,2016,0.365307
net_cost_full_proportional_sept29_high,income,v4_state_price_recreation_culture,2017,0.372682
net_cost_full_proportional_sept29_high,income,v4_state_price_recreation_culture,2018,0.385988
net_cost_full_proportional_sept29_high,income,v4_state_price_recreation_culture,2019,0.40414
net_cost_full_proportional_sept29_high,income,v4_state_price_recreation_culture,2020,0.397806
net_cost_full_proportional_sept29_high,income,v4_state_price_recreation_culture,2021,0.38796
net_cost_full_proportional_sept29_high,income,v4_state_price_recreation_culture,2022,0.406659
net_cost_full_proportional_sept29_high,income,v4_state_price_recreation_culture,2023,0.411687
net_cost_full_proportional_sept29_high,income,v4_state_price_recreation_culture,2024,0.427908
net_cost_full_proportional_sept29_high,income,v4_production_private,2005,0.162906
net_cost_full_proportional_sept29_high,income,v4_production_private,2006,0.175507
net_cost_full_proportional_sept29_high,income,v4_production_private,2007,0.182494
net_cost_full_proportional_sept29_high,income,v4_production_private,2008,0.190745
net_cost_full_proportional_sept29_high,income,v4_production_private,2009,0.189899
net_cost_full_proportional_sept29_high,income,v4_production_private,2010,0.200948
net_cost_full_proportional_sept29_high,income,v4_production_private,2011,0.20635
net_cost_full_proportional_sept29_high,income,v4_production_private,2012,0.212443
net_cost_full_proportional_sept29_high,income,v4_production_private,2013,0.218781
net_cost_full_proportional_sept29_high,income,v4_production_private,2014,0.227274
net_cost_full_proportional_sept29_high,income,v4_production_private,2015,0.235275
net_cost_full_proportional_sept29_high,income,v4_production_private,2016,0.240758
net_cost_full_proportional_sept29_high,income,v4_production_private,2017,0.247764
net_cost_full_proportional_sept29_high,income,v4_production_private,2018,0.255817
net_cost_full_proportional_sept29_high,income,v4_production_private,2019,0.262472
net_cost_full_proportional_sept29_high,income,v4_production_private,2020,0.256152
net_cost_full_proportional_sept29_high,income,v4_production_private,2021,0.271547
net_cost_full_proportional_sept29_high,income,v4_production_private,2022,0.278194
net_cost_full_proportional_sept29_high,income,v4_production_private,2023,0.28841
net_cost_full_proportional_sept29_high,income,v4_production_private,2024,0.301568
net_cost_full_proportional_sept29_high,income,v4_production_receipts,2005,0.435302
net_cost_full_proportional_sept29_high,income,v4_production_receipts,2006,0.468973
net_cost_full_proportional_sept29_high,income,v4_production_receipts,2007,0.487642
net_cost_full_proportional_sept29_high,income,v4_production_receipts,2008,0.50969
net_cost_full_proportional_sept29_high,income,v4_production_receipts,2009,0.507431
net_cost_full_proportional_sept29_high,income,v4_production_receipts,2010,0.536953
net_cost_full_proportional_sept29_high,income,v4_production_receipts,2011,0.551388
net_cost_full_proportional_sept29_high,income,v4_production_receipts,2012,0.567669
net_cost_full_proportional_sept29_high,income,v4_production_receipts,2013,0.584605
net_cost_full_proportional_sept29_high,income,v4_production_receipts,2014,0.607299
net_cost_full_proportional_sept29_high,income,v4_production_receipts,2015,0.62868
net_cost_full_proportional_sept29_high,income,v4_production_receipts,2016,0.643331
net_cost_full_proportional_sept29_high,income,v4_production_receipts,2017,0.662051
net_cost_full_proportional_sept29_high,income,v4_production_receipts,2018,0.683569
net_cost_full_proportional_sept29_high,income,v4_production_receipts,2019,0.701352
net_cost_full_proportional_sept29_high,income,v4_production_receipts,2020,0.684465
net_cost_full_proportional_sept29_high,income,v4_production_receipts,2021,0.725603
net_cost_full_proportional_sept29_high,income,v4_production_receipts,2022,0.743363
net_cost_full_proportional_sept29_high,income,v4_production_receipts,2023,0.770663
net_cost_full_proportional_sept29_high,income,v4_production_receipts,2024,0.805821
net_cost_full_proportional_sept29_high,income,capital_core,2005,10.61658
net_cost_full_proportional_sept29_high,income,capital_core,2006,12.032238
net_cost_full_proportional_sept29_high,income,capital_core,2007,13.074962
net_cost_full_proportional_sept29_high,income,capital_core,2008,14.612459
net_cost_full_proportional_sept29_high,income,capital_core,2009,15.627468
net_cost_full_proportional_sept29_high,income,capital_core,2010,16.135787
net_cost_full_proportional_sept29_high,income,capital_core,2011,16.676839
net_cost_full_proportional_sept29_high,income,capital_core,2012,17.167844
net_cost_full_proportional_sept29_high,income,capital_core,2013,17.654994
net_cost_full_proportional_sept29_high,income,capital_core,2014,18.292381
net_cost_full_proportional_sept29_high,income,capital_core,2015,18.807745
net_cost_full_proportional_sept29_high,income,capital_core,2016,19.21723
net_cost_full_proportional_sept29_high,income,capital_core,2017,19.641272
net_cost_full_proportional_sept29_high,income,capital_core,2018,20.384602
net_cost_full_proportional_sept29_high,income,capital_core,2019,21.301701
net_cost_full_proportional_sept29_high,income,capital_core,2020,21.846355
net_cost_full_proportional_sept29_high,income,capital_core,2021,22.461853
net_cost_full_proportional_sept29_high,income,capital_core,2022,24.096306
net_cost_full_proportional_sept29_high,income,capital_core,2023,25.393157
net_cost_full_proportional_sept29_high,income,capital_core,2024,25.779717
net_cost_full_proportional_sept29_high,income,capital_block,2005,6.854937
net_cost_full_proportional_sept29_high,income,capital_block,2006,7.868255
net_cost_full_proportional_sept29_high,income,capital_block,2007,8.786827
net_cost_full_proportional_sept29_high,income,capital_block,2008,9.772747
net_cost_full_proportional_sept29_high,income,capital_block,2009,10.240978
net_cost_full_proportional_sept29_high,income,capital_block,2010,10.63132
net_cost_full_proportional_sept29_high,income,capital_block,2011,11.048408
net_cost_full_proportional_sept29_high,income,capital_block,2012,11.490455
net_cost_full_proportional_sept29_high,income,capital_block,2013,11.792852
net_cost_full_proportional_sept29_high,income,capital_block,2014,11.976649
net_cost_full_proportional_sept29_high,income,capital_block,2015,12.047588
net_cost_full_proportional_sept29_high,income,capital_block,2016,12.250041
net_cost_full_proportional_sept29_high,income,capital_block,2017,12.567546
net_cost_full_proportional_sept29_high,income,capital_block,2018,12.894185
net_cost_full_proportional_sept29_high,income,capital_block,2019,13.17859
net_cost_full_proportional_sept29_high,income,capital_block,2020,13.349562
net_cost_full_proportional_sept29_high,income,capital_block,2021,13.691975
net_cost_full_proportional_sept29_high,income,capital_block,2022,13.859483
net_cost_full_proportional_sept29_high,income,capital_block,2023,14.092461
net_cost_full_proportional_sept29_high,income,capital_block,2024,14.48243
net_cost_full_proportional_sept29_high,income,capital_enterprise,2005,7.637737
net_cost_full_proportional_sept29_high,income,capital_enterprise,2006,8.507713
net_cost_full_proportional_sept29_high,income,capital_enterprise,2007,9.180632
net_cost_full_proportional_sept29_high,income,capital_enterprise,2008,9.990966
net_cost_full_proportional_sept29_high,income,capital_enterprise,2009,10.439061
net_cost_full_proportional_sept29_high,income,capital_enterprise,2010,10.954552
net_cost_full_proportional_sept29_high,income,capital_enterprise,2011,11.457938
net_cost_full_proportional_sept29_high,income,capital_enterprise,2012,11.869356
net_cost_full_proportional_sept29_high,income,capital_enterprise,2013,12.218095
net_cost_full_proportional_sept29_high,income,capital_enterprise,2014,12.616775
net_cost_full_proportional_sept29_high,income,capital_enterprise,2015,12.936733
net_cost_full_proportional_sept29_high,income,capital_enterprise,2016,13.283891
net_cost_full_proportional_sept29_high,income,capital_enterprise,2017,13.661711
net_cost_full_proportional_sept29_high,income,capital_enterprise,2018,14.065129
net_cost_full_proportional_sept29_high,income,capital_enterprise,2019,14.455337
net_cost_full_proportional_sept29_high,income,capital_enterprise,2020,14.764687
net_cost_full_proportional_sept29_high,income,capital_enterprise,2021,15.360385
net_cost_full_proportional_sept29_high,income,capital_enterprise,2022,15.960731
net_cost_full_proportional_sept29_high,income,capital_enterprise,2023,16.507827
net_cost_full_proportional_sept29_high,income,capital_enterprise,2024,16.907761
