group,frame,outcome,mis,weight,month,n,households,n_not,share,se
g3_mex,all,mexican,1,unweighted,2019-01,88,42,11,0.875,0.0593813
g3_mex,all,mexican,1,unweighted,2019-02,87,44,15,0.827586,0.0569159
g3_mex,all,mexican,1,unweighted,2019-03,93,49,14,0.849462,0.0594196
g3_mex,all,mexican,1,unweighted,2019-04,90,43,26,0.711111,0.0794328
g3_mex,all,mexican,1,unweighted,2019-05,80,36,7,0.9125,0.0375716
g3_mex,all,mexican,1,unweighted,2019-06,94,50,14,0.851064,0.0539282
g3_mex,all,mexican,1,unweighted,2019-07,83,42,7,0.915663,0.0374587
g3_mex,all,mexican,1,unweighted,2019-08,86,43,13,0.848837,0.0638938
g3_mex,all,mexican,1,unweighted,2019-09,81,45,15,0.814815,0.0623385
g3_mex,all,mexican,1,unweighted,2019-10,63,37,7,0.888889,0.0503187
g3_mex,all,mexican,1,unweighted,2019-11,87,49,8,0.908046,0.0362795
g3_mex,all,mexican,1,unweighted,2019-12,106,48,15,0.858491,0.0481655
g3_mex,all,mexican,1,unweighted,2020-01,79,41,17,0.78481,0.0771754
g3_mex,all,mexican,1,unweighted,2020-02,76,38,22,0.710526,0.0871356
g3_mex,all,mexican,1,unweighted,2020-03,56,32,10,0.821429,0.0782557
g3_mex,all,mexican,1,unweighted,2020-04,37,17,2,0.945946,0.0401113
g3_mex,all,mexican,1,unweighted,2020-05,53,25,6,0.886792,0.0747756
g3_mex,all,mexican,1,unweighted,2020-06,34,20,2,0.941176,0.0427488
g3_mex,all,mexican,1,unweighted,2020-07,38,21,9,0.763158,0.0996357
g3_mex,all,mexican,1,unweighted,2020-08,52,29,7,0.865385,0.0783407
g3_mex,all,mexican,1,unweighted,2020-09,91,48,11,0.879121,0.053932
g3_mex,all,mexican,1,unweighted,2020-10,102,50,23,0.77451,0.0654835
g3_mex,all,mexican,1,unweighted,2020-11,64,32,9,0.859375,0.0607052
g3_mex,all,mexican,1,unweighted,2020-12,59,32,8,0.864407,0.0607301
g3_mex,all,mexican,1,unweighted,2021-01,68,39,4,0.941176,0.0352728
g3_mex,all,mexican,1,unweighted,2021-02,80,47,13,0.8375,0.0621819
g3_mex,all,mexican,1,unweighted,2021-03,67,37,7,0.895522,0.0479248
g3_mex,all,mexican,1,unweighted,2021-04,74,35,11,0.851351,0.0636763
g3_mex,all,mexican,1,unweighted,2021-05,85,46,12,0.858824,0.0583451
g3_mex,all,mexican,1,unweighted,2021-06,54,33,12,0.777778,0.0801133
g3_mex,all,mexican,1,unweighted,2021-07,75,45,8,0.893333,0.0468874
g3_mex,all,mexican,1,unweighted,2021-08,92,43,12,0.869565,0.0529985
g3_mex,all,mexican,1,unweighted,2021-09,77,40,11,0.857143,0.0535411
g3_mex,all,mexican,1,unweighted,2021-10,91,46,15,0.835165,0.0532907
g3_mex,all,mexican,1,unweighted,2021-11,97,48,12,0.876289,0.0429661
g3_mex,all,mexican,1,unweighted,2021-12,71,34,3,0.957746,0.0316252
g3_mex,all,mexican,1,unweighted,2022-01,72,40,5,0.930556,0.0364583
g3_mex,all,mexican,1,unweighted,2022-02,84,40,19,0.77381,0.0714684
g3_mex,all,mexican,1,unweighted,2022-03,80,39,13,0.8375,0.066983
g3_mex,all,mexican,1,unweighted,2022-04,73,39,19,0.739726,0.0856484
g3_mex,all,mexican,1,unweighted,2022-05,75,39,17,0.773333,0.072832
g3_mex,all,mexican,1,unweighted,2022-06,72,40,11,0.847222,0.0667286
g3_mex,all,mexican,1,unweighted,2022-07,58,33,7,0.87931,0.0634166
g3_mex,all,mexican,1,unweighted,2022-08,77,40,14,0.818182,0.0673836
g3_mex,all,mexican,1,unweighted,2022-09,77,36,4,0.948052,0.0306059
g3_mex,all,mexican,1,unweighted,2022-10,85,44,10,0.882353,0.0502667
g3_mex,all,mexican,1,unweighted,2022-11,58,31,10,0.827586,0.0746865
g3_mex,all,mexican,1,unweighted,2022-12,67,35,15,0.776119,0.0873528
g3_mex,all,mexican,1,unweighted,2023-01,77,41,9,0.883117,0.0505316
g3_mex,all,mexican,1,unweighted,2023-02,65,36,21,0.676923,0.0992308
g3_mex,all,mexican,1,unweighted,2023-03,79,44,13,0.835443,0.0644997
g3_mex,all,mexican,1,unweighted,2023-04,103,54,15,0.854369,0.0524723
g3_mex,all,mexican,1,unweighted,2023-05,93,55,9,0.903226,0.0340115
g3_mex,all,mexican,1,unweighted,2023-06,73,40,10,0.863014,0.0503546
g3_mex,all,mexican,1,unweighted,2023-07,90,43,8,0.911111,0.03926
g3_mex,all,mexican,1,unweighted,2023-08,98,42,14,0.857143,0.0685385
g3_mex,all,mexican,1,unweighted,2023-09,112,54,16,0.857143,0.0470946
g3_mex,all,mexican,1,unweighted,2023-10,83,48,13,0.843373,0.0484343
g3_mex,all,mexican,1,unweighted,2023-11,77,45,5,0.935065,0.0343211
g3_mex,all,mexican,1,unweighted,2023-12,78,37,6,0.923077,0.0399418
g3_mex,all,mexican,1,unweighted,2024-01,72,36,17,0.763889,0.0809944
g3_mex,all,mexican,1,unweighted,2024-02,77,40,10,0.87013,0.0594742
g3_mex,all,mexican,1,unweighted,2024-03,86,45,6,0.930233,0.0329009
g3_mex,all,mexican,1,unweighted,2024-04,104,48,9,0.913462,0.0447474
g3_mex,all,mexican,1,unweighted,2024-05,69,39,16,0.768116,0.0695741
g3_mex,all,mexican,1,unweighted,2024-06,82,38,6,0.926829,0.0306131
g3_mex,all,mexican,1,unweighted,2024-07,82,45,9,0.890244,0.0435744
g3_mex,all,mexican,1,unweighted,2024-08,90,50,4,0.955556,0.0269582
g3_mex,all,mexican,1,unweighted,2024-09,85,44,14,0.835294,0.0547424
g3_mex,all,mexican,1,unweighted,2024-10,73,38,8,0.890411,0.0533349
g3_mex,all,mexican,1,unweighted,2024-11,93,48,10,0.892473,0.0499179
g3_mex,all,mexican,1,unweighted,2024-12,76,36,12,0.842105,0.0652991
g3_mex,all,mexican,1,unweighted,2025-01,81,42,5,0.938272,0.0312481
g3_mex,all,mexican,1,unweighted,2025-02,83,38,4,0.951807,0.0287511
g3_mex,all,mexican,1,unweighted,2025-03,109,54,21,0.807339,0.0606582
g3_mex,all,mexican,1,unweighted,2025-04,109,55,22,0.798165,0.0600289
g3_mex,all,mexican,1,unweighted,2025-05,53,30,12,0.773585,0.0837097
g3_mex,all,mexican,1,unweighted,2025-06,65,33,10,0.846154,0.0724067
g3_mex,all,mexican,1,unweighted,2025-07,73,41,15,0.794521,0.0679085
g3_mex,all,mexican,1,unweighted,2025-08,98,49,10,0.897959,0.0457609
g3_mex,all,mexican,1,unweighted,2025-09,80,46,13,0.8375,0.0598812
g3_mex,all,mexican,1,unweighted,2025-11,67,36,5,0.925373,0.0444427
g3_mex,all,mexican,1,unweighted,2025-12,93,46,11,0.88172,0.0544737
g3_mex,all,mexican,1,unweighted,2026-01,82,40,14,0.829268,0.062207
g3_mex,all,mexican,1,unweighted,2026-02,93,51,7,0.924731,0.0352744
g3_mex,all,mexican,1,unweighted,2026-03,74,38,15,0.797297,0.069674
g3_mex,all,mexican,1,unweighted,2026-04,77,40,7,0.909091,0.0457181
g3_mex,all,mexican,1,unweighted,2026-05,67,36,11,0.835821,0.0699366
g3_mex,all,mexican,1,unweighted,2026-06,66,35,13,0.80303,0.0727158
g3_mex,all,mexican,1,unweighted,2026-07,70,35,6,0.914286,0.0447559
g3_mex,all,mexican,1,unweighted,2026-08,70,36,12,0.828571,0.0797008
g3_mex,all,mexican,1,state_mean,2019-01,88,42,11,0.878592,0.0603515
g3_mex,all,mexican,1,state_mean,2019-02,87,44,15,0.835774,0.0592287
g3_mex,all,mexican,1,state_mean,2019-03,93,49,14,0.886442,0.044556
g3_mex,all,mexican,1,state_mean,2019-04,90,43,26,0.672506,0.0894467
g3_mex,all,mexican,1,state_mean,2019-05,80,36,7,0.906433,0.0419078
g3_mex,all,mexican,1,state_mean,2019-06,94,50,14,0.897492,0.040909
g3_mex,all,mexican,1,state_mean,2019-07,83,42,7,0.904026,0.0429218
g3_mex,all,mexican,1,state_mean,2019-08,86,43,13,0.853048,0.0607655
g3_mex,all,mexican,1,state_mean,2019-09,81,45,15,0.815108,0.0642073
g3_mex,all,mexican,1,state_mean,2019-10,63,37,7,0.882168,0.0564539
g3_mex,all,mexican,1,state_mean,2019-11,87,49,8,0.901677,0.0396595
g3_mex,all,mexican,1,state_mean,2019-12,106,48,15,0.849657,0.0559712
g3_mex,all,mexican,1,state_mean,2020-01,79,41,17,0.794607,0.0787273
g3_mex,all,mexican,1,state_mean,2020-02,76,38,22,0.728949,0.0884364
g3_mex,all,mexican,1,state_mean,2020-03,56,32,10,0.840231,0.0832996
g3_mex,all,mexican,1,state_mean,2020-04,37,17,2,0.933589,0.0495269
g3_mex,all,mexican,1,state_mean,2020-05,53,25,6,0.910032,0.0782944
g3_mex,all,mexican,1,state_mean,2020-06,34,20,2,0.944165,0.0411972
g3_mex,all,mexican,1,state_mean,2020-07,38,21,9,0.768108,0.110612
g3_mex,all,mexican,1,state_mean,2020-08,52,29,7,0.835023,0.0981555
g3_mex,all,mexican,1,state_mean,2020-09,91,48,11,0.8838,0.0520825
g3_mex,all,mexican,1,state_mean,2020-10,102,50,23,0.776669,0.0678059
g3_mex,all,mexican,1,state_mean,2020-11,64,32,9,0.846204,0.0673178
g3_mex,all,mexican,1,state_mean,2020-12,59,32,8,0.869719,0.0678239
g3_mex,all,mexican,1,state_mean,2021-01,68,39,4,0.955149,0.0286938
g3_mex,all,mexican,1,state_mean,2021-02,80,47,13,0.860362,0.0534831
g3_mex,all,mexican,1,state_mean,2021-03,67,37,7,0.896024,0.0535494
g3_mex,all,mexican,1,state_mean,2021-04,74,35,11,0.937978,0.0288653
g3_mex,all,mexican,1,state_mean,2021-05,85,46,12,0.896436,0.046737
g3_mex,all,mexican,1,state_mean,2021-06,54,33,12,0.77963,0.0858922
g3_mex,all,mexican,1,state_mean,2021-07,75,45,8,0.88915,0.0540452
g3_mex,all,mexican,1,state_mean,2021-08,92,43,12,0.853466,0.0575429
g3_mex,all,mexican,1,state_mean,2021-09,77,40,11,0.877508,0.0460635
g3_mex,all,mexican,1,state_mean,2021-10,91,46,15,0.821395,0.0612602
g3_mex,all,mexican,1,state_mean,2021-11,97,48,12,0.872203,0.0447511
g3_mex,all,mexican,1,state_mean,2021-12,71,34,3,0.986258,0.0122648
g3_mex,all,mexican,1,state_mean,2022-01,72,40,5,0.923746,0.0424645
g3_mex,all,mexican,1,state_mean,2022-02,84,40,19,0.791355,0.0689981
g3_mex,all,mexican,1,state_mean,2022-03,80,39,13,0.856697,0.0642947
g3_mex,all,mexican,1,state_mean,2022-04,73,39,19,0.77156,0.0829889
g3_mex,all,mexican,1,state_mean,2022-05,75,39,17,0.785754,0.0725379
g3_mex,all,mexican,1,state_mean,2022-06,72,40,11,0.861853,0.0685667
g3_mex,all,mexican,1,state_mean,2022-07,58,33,7,0.887871,0.0672844
g3_mex,all,mexican,1,state_mean,2022-08,77,40,14,0.868567,0.0510802
g3_mex,all,mexican,1,state_mean,2022-09,77,36,4,0.937151,0.0356942
g3_mex,all,mexican,1,state_mean,2022-10,85,44,10,0.905454,0.0488326
g3_mex,all,mexican,1,state_mean,2022-11,58,31,10,0.818238,0.0850097
g3_mex,all,mexican,1,state_mean,2022-12,67,35,15,0.81455,0.0739757
g3_mex,all,mexican,1,state_mean,2023-01,77,41,9,0.885648,0.0540225
g3_mex,all,mexican,1,state_mean,2023-02,65,36,21,0.738479,0.0998134
g3_mex,all,mexican,1,state_mean,2023-03,79,44,13,0.848372,0.0648505
g3_mex,all,mexican,1,state_mean,2023-04,103,54,15,0.855041,0.0593806
g3_mex,all,mexican,1,state_mean,2023-05,93,55,9,0.912804,0.0351033
g3_mex,all,mexican,1,state_mean,2023-06,73,40,10,0.867384,0.0534965
g3_mex,all,mexican,1,state_mean,2023-07,90,43,8,0.924373,0.0471231
g3_mex,all,mexican,1,state_mean,2023-08,98,42,14,0.850182,0.0789372
g3_mex,all,mexican,1,state_mean,2023-09,112,54,16,0.851254,0.0552801
g3_mex,all,mexican,1,state_mean,2023-10,83,48,13,0.8518,0.0519993
g3_mex,all,mexican,1,state_mean,2023-11,77,45,5,0.925844,0.0397339
g3_mex,all,mexican,1,state_mean,2023-12,78,37,6,0.909892,0.0462336
g3_mex,all,mexican,1,state_mean,2024-01,72,36,17,0.779592,0.0847033
g3_mex,all,mexican,1,state_mean,2024-02,77,40,10,0.882471,0.0683153
g3_mex,all,mexican,1,state_mean,2024-03,86,45,6,0.938338,0.0318385
g3_mex,all,mexican,1,state_mean,2024-04,104,48,9,0.923864,0.0363585
g3_mex,all,mexican,1,state_mean,2024-05,69,39,16,0.759886,0.0769429
g3_mex,all,mexican,1,state_mean,2024-06,82,38,6,0.94288,0.0271735
g3_mex,all,mexican,1,state_mean,2024-07,82,45,9,0.904265,0.040454
g3_mex,all,mexican,1,state_mean,2024-08,90,50,4,0.959158,0.0293615
g3_mex,all,mexican,1,state_mean,2024-09,85,44,14,0.882572,0.0475735
g3_mex,all,mexican,1,state_mean,2024-10,73,38,8,0.919152,0.0452494
g3_mex,all,mexican,1,state_mean,2024-11,93,48,10,0.891352,0.0610677
g3_mex,all,mexican,1,state_mean,2024-12,76,36,12,0.825966,0.0753637
g3_mex,all,mexican,1,state_mean,2025-01,81,42,5,0.929974,0.0353474
g3_mex,all,mexican,1,state_mean,2025-02,83,38,4,0.973246,0.0166093
g3_mex,all,mexican,1,state_mean,2025-03,109,54,21,0.806708,0.0618709
g3_mex,all,mexican,1,state_mean,2025-04,109,55,22,0.820441,0.0559222
g3_mex,all,mexican,1,state_mean,2025-05,53,30,12,0.827475,0.0732745
g3_mex,all,mexican,1,state_mean,2025-06,65,33,10,0.893634,0.0573887
g3_mex,all,mexican,1,state_mean,2025-07,73,41,15,0.777929,0.0749775
g3_mex,all,mexican,1,state_mean,2025-08,98,49,10,0.888911,0.0503903
g3_mex,all,mexican,1,state_mean,2025-09,80,46,13,0.835973,0.0644344
g3_mex,all,mexican,1,state_mean,2025-11,67,36,5,0.934618,0.0435257
g3_mex,all,mexican,1,state_mean,2025-12,93,46,11,0.891293,0.0555773
g3_mex,all,mexican,1,state_mean,2026-01,82,40,14,0.86405,0.0579009
g3_mex,all,mexican,1,state_mean,2026-02,93,51,7,0.917401,0.0412537
g3_mex,all,mexican,1,state_mean,2026-03,74,38,15,0.797228,0.0759887
g3_mex,all,mexican,1,state_mean,2026-04,77,40,7,0.923431,0.0432851
g3_mex,all,mexican,1,state_mean,2026-05,67,36,11,0.888812,0.053466
g3_mex,all,mexican,1,state_mean,2026-06,66,35,13,0.848403,0.0703628
g3_mex,all,mexican,1,state_mean,2026-07,70,35,6,0.91809,0.0454035
g3_mex,all,mexican,1,state_mean,2026-08,70,36,12,0.900407,0.0425776
g3_mex,all,mexican,1,final,2019-01,88,42,11,0.90465,0.0489983
g3_mex,all,mexican,1,final,2019-02,87,44,15,0.848703,0.0572783
g3_mex,all,mexican,1,final,2019-03,93,49,14,0.857414,0.0553736
g3_mex,all,mexican,1,final,2019-04,90,43,26,0.672769,0.0916707
g3_mex,all,mexican,1,final,2019-05,80,36,7,0.918131,0.03644
g3_mex,all,mexican,1,final,2019-06,94,50,14,0.887496,0.0444441
g3_mex,all,mexican,1,final,2019-07,83,42,7,0.907394,0.0424157
g3_mex,all,mexican,1,final,2019-08,86,43,13,0.863549,0.057988
g3_mex,all,mexican,1,final,2019-09,81,45,15,0.853319,0.0539117
g3_mex,all,mexican,1,final,2019-10,63,37,7,0.875878,0.0623893
g3_mex,all,mexican,1,final,2019-11,87,49,8,0.898809,0.0404736
g3_mex,all,mexican,1,final,2019-12,106,48,15,0.864988,0.0512904
g3_mex,all,mexican,1,final,2020-01,79,41,17,0.803513,0.0784359
g3_mex,all,mexican,1,final,2020-02,76,38,22,0.773689,0.0792933
g3_mex,all,mexican,1,final,2020-03,56,32,10,0.862303,0.0791674
g3_mex,all,mexican,1,final,2020-04,37,17,2,0.941425,0.0441455
g3_mex,all,mexican,1,final,2020-05,53,25,6,0.930196,0.0614841
g3_mex,all,mexican,1,final,2020-06,34,20,2,0.952576,0.0371185
g3_mex,all,mexican,1,final,2020-07,38,21,9,0.80083,0.0973212
g3_mex,all,mexican,1,final,2020-08,52,29,7,0.861245,0.0838501
g3_mex,all,mexican,1,final,2020-09,91,48,11,0.900725,0.0457301
g3_mex,all,mexican,1,final,2020-10,102,50,23,0.788739,0.0644478
g3_mex,all,mexican,1,final,2020-11,64,32,9,0.874927,0.0572777
g3_mex,all,mexican,1,final,2020-12,59,32,8,0.87714,0.064684
g3_mex,all,mexican,1,final,2021-01,68,39,4,0.940652,0.0369456
g3_mex,all,mexican,1,final,2021-02,80,47,13,0.875567,0.0505081
g3_mex,all,mexican,1,final,2021-03,67,37,7,0.907691,0.0504602
g3_mex,all,mexican,1,final,2021-04,74,35,11,0.947003,0.0250283
g3_mex,all,mexican,1,final,2021-05,85,46,12,0.890663,0.0535921
g3_mex,all,mexican,1,final,2021-06,54,33,12,0.773123,0.0870417
g3_mex,all,mexican,1,final,2021-07,75,45,8,0.880912,0.0613642
g3_mex,all,mexican,1,final,2021-08,92,43,12,0.849725,0.0633846
g3_mex,all,mexican,1,final,2021-09,77,40,11,0.883621,0.0491362
g3_mex,all,mexican,1,final,2021-10,91,46,15,0.84133,0.055638
g3_mex,all,mexican,1,final,2021-11,97,48,12,0.879151,0.0422635
g3_mex,all,mexican,1,final,2021-12,71,34,3,0.988347,0.0105594
g3_mex,all,mexican,1,final,2022-01,72,40,5,0.921643,0.043367
g3_mex,all,mexican,1,final,2022-02,84,40,19,0.786449,0.0699419
g3_mex,all,mexican,1,final,2022-03,80,39,13,0.882629,0.0548325
g3_mex,all,mexican,1,final,2022-04,73,39,19,0.770152,0.0820969
g3_mex,all,mexican,1,final,2022-05,75,39,17,0.781696,0.0734414
g3_mex,all,mexican,1,final,2022-06,72,40,11,0.844534,0.0715759
g3_mex,all,mexican,1,final,2022-07,58,33,7,0.904495,0.0565294
g3_mex,all,mexican,1,final,2022-08,77,40,14,0.852271,0.0571639
g3_mex,all,mexican,1,final,2022-09,77,36,4,0.939398,0.035222
g3_mex,all,mexican,1,final,2022-10,85,44,10,0.916603,0.0438002
g3_mex,all,mexican,1,final,2022-11,58,31,10,0.77755,0.112918
g3_mex,all,mexican,1,final,2022-12,67,35,15,0.804327,0.0753695
g3_mex,all,mexican,1,final,2023-01,77,41,9,0.906462,0.0445618
g3_mex,all,mexican,1,final,2023-02,65,36,21,0.754067,0.102892
g3_mex,all,mexican,1,final,2023-03,79,44,13,0.874288,0.0556621
g3_mex,all,mexican,1,final,2023-04,103,54,15,0.862988,0.0512241
g3_mex,all,mexican,1,final,2023-05,93,55,9,0.904841,0.0392259
g3_mex,all,mexican,1,final,2023-06,73,40,10,0.844488,0.0656878
g3_mex,all,mexican,1,final,2023-07,90,43,8,0.935249,0.0399057
g3_mex,all,mexican,1,final,2023-08,98,42,14,0.842568,0.0801957
g3_mex,all,mexican,1,final,2023-09,112,54,16,0.82893,0.0587385
g3_mex,all,mexican,1,final,2023-10,83,48,13,0.848551,0.0553141
g3_mex,all,mexican,1,final,2023-11,77,45,5,0.897501,0.065181
g3_mex,all,mexican,1,final,2023-12,78,37,6,0.850942,0.0824406
g3_mex,all,mexican,1,final,2024-01,72,36,17,0.762652,0.0890942
g3_mex,all,mexican,1,final,2024-02,77,40,10,0.884541,0.0679014
g3_mex,all,mexican,1,final,2024-03,86,45,6,0.931362,0.0398205
g3_mex,all,mexican,1,final,2024-04,104,48,9,0.901842,0.0483081
g3_mex,all,mexican,1,final,2024-05,69,39,16,0.781825,0.0729547
g3_mex,all,mexican,1,final,2024-06,82,38,6,0.938086,0.0287484
g3_mex,all,mexican,1,final,2024-07,82,45,9,0.907277,0.0429168
g3_mex,all,mexican,1,final,2024-08,90,50,4,0.968996,0.0226008
g3_mex,all,mexican,1,final,2024-09,85,44,14,0.868847,0.0537205
g3_mex,all,mexican,1,final,2024-10,73,38,8,0.925227,0.0409281
g3_mex,all,mexican,1,final,2024-11,93,48,10,0.871124,0.0701735
g3_mex,all,mexican,1,final,2024-12,76,36,12,0.83313,0.0744121
g3_mex,all,mexican,1,final,2025-01,81,42,5,0.944256,0.0285893
g3_mex,all,mexican,1,final,2025-02,83,38,4,0.971082,0.0199162
g3_mex,all,mexican,1,final,2025-03,109,54,21,0.828082,0.0573606
g3_mex,all,mexican,1,final,2025-04,109,55,22,0.829871,0.0537445
g3_mex,all,mexican,1,final,2025-05,53,30,12,0.825989,0.0732412
g3_mex,all,mexican,1,final,2025-06,65,33,10,0.915038,0.0466674
g3_mex,all,mexican,1,final,2025-07,73,41,15,0.791867,0.0728978
g3_mex,all,mexican,1,final,2025-08,98,49,10,0.902199,0.0460883
g3_mex,all,mexican,1,final,2025-09,80,46,13,0.8352,0.0649357
g3_mex,all,mexican,1,final,2025-11,67,36,5,0.944377,0.036144
g3_mex,all,mexican,1,final,2025-12,93,46,11,0.889314,0.0516336
g3_mex,all,mexican,1,final,2026-01,82,40,14,0.856445,0.064718
g3_mex,all,mexican,1,final,2026-02,93,51,7,0.929626,0.0366013
g3_mex,all,mexican,1,final,2026-03,74,38,15,0.819285,0.0818152
g3_mex,all,mexican,1,final,2026-04,77,40,7,0.942918,0.0325125
g3_mex,all,mexican,1,final,2026-05,67,36,11,0.881714,0.055482
g3_mex,all,mexican,1,final,2026-06,66,35,13,0.794426,0.092306
g3_mex,all,mexican,1,final,2026-07,70,35,6,0.928569,0.0416565
g3_mex,all,mexican,1,final,2026-08,70,36,12,0.923412,0.0332945
g3_mex,all,mexican,5,unweighted,2019-01,102,58,12,0.882353,0.0414792
g3_mex,all,mexican,5,unweighted,2019-02,80,41,12,0.85,0.0588981
g3_mex,all,mexican,5,unweighted,2019-03,72,39,12,0.833333,0.0593262
g3_mex,all,mexican,5,unweighted,2019-04,112,63,34,0.696429,0.0674011
g3_mex,all,mexican,5,unweighted,2019-05,66,36,12,0.818182,0.0843507
g3_mex,all,mexican,5,unweighted,2019-06,100,46,26,0.74,0.0714434
g3_mex,all,mexican,5,unweighted,2019-07,79,47,19,0.759494,0.0585227
g3_mex,all,mexican,5,unweighted,2019-08,85,47,11,0.870588,0.0510113
g3_mex,all,mexican,5,unweighted,2019-09,105,52,27,0.742857,0.0662277
g3_mex,all,mexican,5,unweighted,2019-10,99,50,11,0.888889,0.0374988
g3_mex,all,mexican,5,unweighted,2019-11,70,39,13,0.814286,0.069262
g3_mex,all,mexican,5,unweighted,2019-12,97,48,11,0.886598,0.0537998
g3_mex,all,mexican,5,unweighted,2020-01,75,40,11,0.853333,0.0601547
g3_mex,all,mexican,5,unweighted,2020-02,87,46,19,0.781609,0.064303
g3_mex,all,mexican,5,unweighted,2020-03,86,46,8,0.906977,0.0563572
g3_mex,all,mexican,5,unweighted,2020-04,41,25,15,0.634146,0.123942
g3_mex,all,mexican,5,unweighted,2020-05,87,37,28,0.678161,0.0840488
g3_mex,all,mexican,5,unweighted,2020-06,72,37,7,0.902778,0.0455974
g3_mex,all,mexican,5,unweighted,2020-07,83,41,7,0.915663,0.031377
g3_mex,all,mexican,5,unweighted,2020-08,70,38,10,0.857143,0.0628682
g3_mex,all,mexican,5,unweighted,2020-09,90,47,15,0.833333,0.0586586
g3_mex,all,mexican,5,unweighted,2020-10,67,39,8,0.880597,0.0471112
g3_mex,all,mexican,5,unweighted,2020-11,90,54,6,0.933333,0.0312247
g3_mex,all,mexican,5,unweighted,2020-12,98,52,15,0.846939,0.0514836
g3_mex,all,mexican,5,unweighted,2021-01,81,45,16,0.802469,0.0717393
g3_mex,all,mexican,5,unweighted,2021-02,77,39,22,0.714286,0.0879978
g3_mex,all,mexican,5,unweighted,2021-03,75,37,11,0.853333,0.0613423
g3_mex,all,mexican,5,unweighted,2021-04,89,41,12,0.865169,0.0599266
g3_mex,all,mexican,5,unweighted,2021-05,92,49,16,0.826087,0.0596458
g3_mex,all,mexican,5,unweighted,2021-06,68,36,12,0.823529,0.0715865
g3_mex,all,mexican,5,unweighted,2021-07,105,55,16,0.847619,0.0498349
g3_mex,all,mexican,5,unweighted,2021-08,58,36,5,0.913793,0.0452605
g3_mex,all,mexican,5,unweighted,2021-09,78,41,12,0.846154,0.0630524
g3_mex,all,mexican,5,unweighted,2021-10,93,44,22,0.763441,0.0667752
g3_mex,all,mexican,5,unweighted,2021-11,55,30,9,0.836364,0.0711029
g3_mex,all,mexican,5,unweighted,2021-12,81,41,13,0.839506,0.0571219
g3_mex,all,mexican,5,unweighted,2022-01,77,42,12,0.844156,0.0573143
g3_mex,all,mexican,5,unweighted,2022-02,75,44,11,0.853333,0.0598236
g3_mex,all,mexican,5,unweighted,2022-03,51,29,9,0.823529,0.0746091
g3_mex,all,mexican,5,unweighted,2022-04,88,45,9,0.897727,0.0405023
g3_mex,all,mexican,5,unweighted,2022-05,64,37,8,0.875,0.0738753
g3_mex,all,mexican,5,unweighted,2022-06,59,32,15,0.745763,0.0810181
g3_mex,all,mexican,5,unweighted,2022-07,76,38,5,0.934211,0.0337137
g3_mex,all,mexican,5,unweighted,2022-08,84,39,16,0.809524,0.0590333
g3_mex,all,mexican,5,unweighted,2022-09,55,31,8,0.854545,0.0602146
g3_mex,all,mexican,5,unweighted,2022-10,76,41,12,0.842105,0.0602314
g3_mex,all,mexican,5,unweighted,2022-11,97,49,11,0.886598,0.0466137
g3_mex,all,mexican,5,unweighted,2022-12,74,38,4,0.945946,0.0332337
g3_mex,all,mexican,5,unweighted,2023-01,57,34,4,0.929825,0.0674355
g3_mex,all,mexican,5,unweighted,2023-02,84,41,19,0.77381,0.0738832
g3_mex,all,mexican,5,unweighted,2023-03,84,42,19,0.77381,0.0765678
g3_mex,all,mexican,5,unweighted,2023-04,63,33,12,0.809524,0.0826777
g3_mex,all,mexican,5,unweighted,2023-05,65,33,6,0.907692,0.0554249
g3_mex,all,mexican,5,unweighted,2023-06,68,33,9,0.867647,0.0665694
g3_mex,all,mexican,5,unweighted,2023-07,65,37,7,0.892308,0.0503669
g3_mex,all,mexican,5,unweighted,2023-08,74,40,11,0.851351,0.0604852
g3_mex,all,mexican,5,unweighted,2023-09,74,35,7,0.905405,0.0659429
g3_mex,all,mexican,5,unweighted,2023-10,91,50,10,0.89011,0.0412906
g3_mex,all,mexican,5,unweighted,2023-11,51,29,8,0.843137,0.0654888
g3_mex,all,mexican,5,unweighted,2023-12,53,29,8,0.849057,0.0639908
g3_mex,all,mexican,5,unweighted,2024-01,63,36,9,0.857143,0.0585418
g3_mex,all,mexican,5,unweighted,2024-02,76,43,20,0.736842,0.0803658
g3_mex,all,mexican,5,unweighted,2024-03,79,43,13,0.835443,0.061845
g3_mex,all,mexican,5,unweighted,2024-04,71,41,10,0.859155,0.0635689
g3_mex,all,mexican,5,unweighted,2024-05,92,49,12,0.869565,0.0487972
g3_mex,all,mexican,5,unweighted,2024-06,78,44,14,0.820513,0.0539173
g3_mex,all,mexican,5,unweighted,2024-07,82,41,7,0.914634,0.0454812
g3_mex,all,mexican,5,unweighted,2024-08,102,41,17,0.833333,0.0686479
g3_mex,all,mexican,5,unweighted,2024-09,97,45,14,0.85567,0.0549569
g3_mex,all,mexican,5,unweighted,2024-10,100,51,15,0.85,0.0515322
g3_mex,all,mexican,5,unweighted,2024-11,78,43,5,0.935897,0.0335923
g3_mex,all,mexican,5,unweighted,2024-12,72,38,8,0.888889,0.0501433
g3_mex,all,mexican,5,unweighted,2025-01,65,34,11,0.830769,0.0716658
g3_mex,all,mexican,5,unweighted,2025-02,75,41,7,0.906667,0.0478588
g3_mex,all,mexican,5,unweighted,2025-03,68,38,5,0.926471,0.0378961
g3_mex,all,mexican,5,unweighted,2025-04,73,36,5,0.931507,0.0409357
g3_mex,all,mexican,5,unweighted,2025-05,57,29,7,0.877193,0.0552129
g3_mex,all,mexican,5,unweighted,2025-06,100,47,8,0.92,0.0369288
g3_mex,all,mexican,5,unweighted,2025-07,82,46,7,0.914634,0.0330268
g3_mex,all,mexican,5,unweighted,2025-08,83,43,3,0.963855,0.0269526
g3_mex,all,mexican,5,unweighted,2025-09,82,44,12,0.853659,0.0482442
g3_mex,all,mexican,5,unweighted,2025-11,91,46,10,0.89011,0.0393839
g3_mex,all,mexican,5,unweighted,2025-12,84,41,14,0.833333,0.0640292
g3_mex,all,mexican,5,unweighted,2026-01,57,32,5,0.912281,0.0456474
g3_mex,all,mexican,5,unweighted,2026-02,82,39,13,0.841463,0.0635793
g3_mex,all,mexican,5,unweighted,2026-03,81,46,14,0.82716,0.0694394
g3_mex,all,mexican,5,unweighted,2026-04,109,55,22,0.798165,0.0613707
g3_mex,all,mexican,5,unweighted,2026-05,67,38,12,0.820896,0.0754691
g3_mex,all,mexican,5,unweighted,2026-06,73,38,13,0.821918,0.0612175
g3_mex,all,mexican,5,unweighted,2026-07,69,36,12,0.826087,0.0645354
g3_mex,all,mexican,5,unweighted,2026-08,84,45,8,0.904762,0.0437439
g3_mex,all,mexican,5,state_mean,2019-01,102,58,12,0.889718,0.0383101
g3_mex,all,mexican,5,state_mean,2019-02,80,41,12,0.846875,0.0611594
g3_mex,all,mexican,5,state_mean,2019-03,72,39,12,0.853871,0.0568786
g3_mex,all,mexican,5,state_mean,2019-04,112,63,34,0.708271,0.0715751
g3_mex,all,mexican,5,state_mean,2019-05,66,36,12,0.89147,0.0542567
g3_mex,all,mexican,5,state_mean,2019-06,100,46,26,0.763832,0.073102
g3_mex,all,mexican,5,state_mean,2019-07,79,47,19,0.754307,0.0615424
g3_mex,all,mexican,5,state_mean,2019-08,85,47,11,0.880436,0.0532972
g3_mex,all,mexican,5,state_mean,2019-09,105,52,27,0.731786,0.0682103
g3_mex,all,mexican,5,state_mean,2019-10,99,50,11,0.885746,0.0419685
g3_mex,all,mexican,5,state_mean,2019-11,70,39,13,0.815954,0.0691489
g3_mex,all,mexican,5,state_mean,2019-12,97,48,11,0.863031,0.0645287
g3_mex,all,mexican,5,state_mean,2020-01,75,40,11,0.862692,0.0597834
g3_mex,all,mexican,5,state_mean,2020-02,87,46,19,0.790791,0.065661
g3_mex,all,mexican,5,state_mean,2020-03,86,46,8,0.955983,0.0263462
g3_mex,all,mexican,5,state_mean,2020-04,41,25,15,0.615352,0.147002
g3_mex,all,mexican,5,state_mean,2020-05,87,37,28,0.708732,0.0848843
g3_mex,all,mexican,5,state_mean,2020-06,72,37,7,0.923842,0.0397465
g3_mex,all,mexican,5,state_mean,2020-07,83,41,7,0.901452,0.0367272
g3_mex,all,mexican,5,state_mean,2020-08,70,38,10,0.838009,0.0709644
g3_mex,all,mexican,5,state_mean,2020-09,90,47,15,0.817988,0.0656975
g3_mex,all,mexican,5,state_mean,2020-10,67,39,8,0.889427,0.0499435
g3_mex,all,mexican,5,state_mean,2020-11,90,54,6,0.932858,0.0326447
g3_mex,all,mexican,5,state_mean,2020-12,98,52,15,0.866949,0.0490598
g3_mex,all,mexican,5,state_mean,2021-01,81,45,16,0.829735,0.0772978
g3_mex,all,mexican,5,state_mean,2021-02,77,39,22,0.743495,0.0831004
g3_mex,all,mexican,5,state_mean,2021-03,75,37,11,0.883838,0.0616608
g3_mex,all,mexican,5,state_mean,2021-04,89,41,12,0.867254,0.0685409
g3_mex,all,mexican,5,state_mean,2021-05,92,49,16,0.831199,0.0687407
g3_mex,all,mexican,5,state_mean,2021-06,68,36,12,0.805451,0.078175
g3_mex,all,mexican,5,state_mean,2021-07,105,55,16,0.872707,0.0476548
g3_mex,all,mexican,5,state_mean,2021-08,58,36,5,0.93307,0.0352203
g3_mex,all,mexican,5,state_mean,2021-09,78,41,12,0.836796,0.0671165
g3_mex,all,mexican,5,state_mean,2021-10,93,44,22,0.766747,0.0706551
g3_mex,all,mexican,5,state_mean,2021-11,55,30,9,0.828962,0.0754162
g3_mex,all,mexican,5,state_mean,2021-12,81,41,13,0.88751,0.0490531
g3_mex,all,mexican,5,state_mean,2022-01,77,42,12,0.85073,0.0588589
g3_mex,all,mexican,5,state_mean,2022-02,75,44,11,0.88016,0.0552516
g3_mex,all,mexican,5,state_mean,2022-03,51,29,9,0.828581,0.0817281
g3_mex,all,mexican,5,state_mean,2022-04,88,45,9,0.929546,0.0302336
g3_mex,all,mexican,5,state_mean,2022-05,64,37,8,0.882043,0.0780833
g3_mex,all,mexican,5,state_mean,2022-06,59,32,15,0.756805,0.0820126
g3_mex,all,mexican,5,state_mean,2022-07,76,38,5,0.937781,0.0381806
g3_mex,all,mexican,5,state_mean,2022-08,84,39,16,0.817909,0.0633087
g3_mex,all,mexican,5,state_mean,2022-09,55,31,8,0.871695,0.0562039
g3_mex,all,mexican,5,state_mean,2022-10,76,41,12,0.819977,0.0705915
g3_mex,all,mexican,5,state_mean,2022-11,97,49,11,0.884938,0.0473973
g3_mex,all,mexican,5,state_mean,2022-12,74,38,4,0.95481,0.0271693
g3_mex,all,mexican,5,state_mean,2023-01,57,34,4,0.916246,0.0794711
g3_mex,all,mexican,5,state_mean,2023-02,84,41,19,0.763483,0.0789546
g3_mex,all,mexican,5,state_mean,2023-03,84,42,19,0.760472,0.0861587
g3_mex,all,mexican,5,state_mean,2023-04,63,33,12,0.791363,0.0885312
g3_mex,all,mexican,5,state_mean,2023-05,65,33,6,0.902234,0.0635668
g3_mex,all,mexican,5,state_mean,2023-06,68,33,9,0.878041,0.0677036
g3_mex,all,mexican,5,state_mean,2023-07,65,37,7,0.906804,0.0472909
g3_mex,all,mexican,5,state_mean,2023-08,74,40,11,0.893664,0.044622
g3_mex,all,mexican,5,state_mean,2023-09,74,35,7,0.951165,0.0278353
g3_mex,all,mexican,5,state_mean,2023-10,91,50,10,0.926908,0.0335193
g3_mex,all,mexican,5,state_mean,2023-11,51,29,8,0.874884,0.0583044
g3_mex,all,mexican,5,state_mean,2023-12,53,29,8,0.852352,0.0653619
g3_mex,all,mexican,5,state_mean,2024-01,63,36,9,0.849401,0.0624616
g3_mex,all,mexican,5,state_mean,2024-02,76,43,20,0.794615,0.0725712
g3_mex,all,mexican,5,state_mean,2024-03,79,43,13,0.840606,0.064507
g3_mex,all,mexican,5,state_mean,2024-04,71,41,10,0.842324,0.0777491
g3_mex,all,mexican,5,state_mean,2024-05,92,49,12,0.871056,0.0507817
g3_mex,all,mexican,5,state_mean,2024-06,78,44,14,0.837503,0.0550273
g3_mex,all,mexican,5,state_mean,2024-07,82,41,7,0.936026,0.0393359
g3_mex,all,mexican,5,state_mean,2024-08,102,41,17,0.834734,0.0765089
g3_mex,all,mexican,5,state_mean,2024-09,97,45,14,0.834444,0.0661392
g3_mex,all,mexican,5,state_mean,2024-10,100,51,15,0.852368,0.0553064
g3_mex,all,mexican,5,state_mean,2024-11,78,43,5,0.925961,0.0383744
g3_mex,all,mexican,5,state_mean,2024-12,72,38,8,0.873247,0.0561627
g3_mex,all,mexican,5,state_mean,2025-01,65,34,11,0.798065,0.0841169
g3_mex,all,mexican,5,state_mean,2025-02,75,41,7,0.923569,0.0500336
g3_mex,all,mexican,5,state_mean,2025-03,68,38,5,0.933381,0.0384819
g3_mex,all,mexican,5,state_mean,2025-04,73,36,5,0.934087,0.0416678
g3_mex,all,mexican,5,state_mean,2025-05,57,29,7,0.867176,0.0581453
g3_mex,all,mexican,5,state_mean,2025-06,100,47,8,0.95138,0.0226125
g3_mex,all,mexican,5,state_mean,2025-07,82,46,7,0.924974,0.0321782
g3_mex,all,mexican,5,state_mean,2025-08,83,43,3,0.954973,0.0334319
g3_mex,all,mexican,5,state_mean,2025-09,82,44,12,0.870465,0.0462868
g3_mex,all,mexican,5,state_mean,2025-11,91,46,10,0.885703,0.043522
g3_mex,all,mexican,5,state_mean,2025-12,84,41,14,0.817558,0.0758231
g3_mex,all,mexican,5,state_mean,2026-01,57,32,5,0.9084,0.0528536
g3_mex,all,mexican,5,state_mean,2026-02,82,39,13,0.856822,0.065924
g3_mex,all,mexican,5,state_mean,2026-03,81,46,14,0.819607,0.0730891
g3_mex,all,mexican,5,state_mean,2026-04,109,55,22,0.813764,0.0610258
g3_mex,all,mexican,5,state_mean,2026-05,67,38,12,0.847555,0.063795
g3_mex,all,mexican,5,state_mean,2026-06,73,38,13,0.813354,0.0620614
g3_mex,all,mexican,5,state_mean,2026-07,69,36,12,0.835553,0.0648347
g3_mex,all,mexican,5,state_mean,2026-08,84,45,8,0.904312,0.0464349
g3_mex,all,mexican,5,final,2019-01,102,58,12,0.893066,0.0373763
g3_mex,all,mexican,5,final,2019-02,80,41,12,0.831321,0.0687944
g3_mex,all,mexican,5,final,2019-03,72,39,12,0.822804,0.0713801
g3_mex,all,mexican,5,final,2019-04,112,63,34,0.731973,0.0661805
g3_mex,all,mexican,5,final,2019-05,66,36,12,0.899469,0.0499264
g3_mex,all,mexican,5,final,2019-06,100,46,26,0.775883,0.0703539
g3_mex,all,mexican,5,final,2019-07,79,47,19,0.766001,0.0639996
g3_mex,all,mexican,5,final,2019-08,85,47,11,0.89034,0.0506836
g3_mex,all,mexican,5,final,2019-09,105,52,27,0.751864,0.0638207
g3_mex,all,mexican,5,final,2019-10,99,50,11,0.901528,0.0362825
g3_mex,all,mexican,5,final,2019-11,70,39,13,0.774405,0.0799898
g3_mex,all,mexican,5,final,2019-12,97,48,11,0.862973,0.0656112
g3_mex,all,mexican,5,final,2020-01,75,40,11,0.875389,0.052681
g3_mex,all,mexican,5,final,2020-02,87,46,19,0.815488,0.0612071
g3_mex,all,mexican,5,final,2020-03,86,46,8,0.949041,0.0329488
g3_mex,all,mexican,5,final,2020-04,41,25,15,0.620855,0.143708
g3_mex,all,mexican,5,final,2020-05,87,37,28,0.749053,0.0797681
g3_mex,all,mexican,5,final,2020-06,72,37,7,0.943069,0.031059
g3_mex,all,mexican,5,final,2020-07,83,41,7,0.892502,0.0391776
g3_mex,all,mexican,5,final,2020-08,70,38,10,0.858853,0.0634606
g3_mex,all,mexican,5,final,2020-09,90,47,15,0.83644,0.0594892
g3_mex,all,mexican,5,final,2020-10,67,39,8,0.89742,0.0459032
g3_mex,all,mexican,5,final,2020-11,90,54,6,0.937115,0.0303139
g3_mex,all,mexican,5,final,2020-12,98,52,15,0.871798,0.048018
g3_mex,all,mexican,5,final,2021-01,81,45,16,0.833974,0.0757982
g3_mex,all,mexican,5,final,2021-02,77,39,22,0.750703,0.0836533
g3_mex,all,mexican,5,final,2021-03,75,37,11,0.889291,0.0570027
g3_mex,all,mexican,5,final,2021-04,89,41,12,0.87493,0.0652113
g3_mex,all,mexican,5,final,2021-05,92,49,16,0.833422,0.0688296
g3_mex,all,mexican,5,final,2021-06,68,36,12,0.835418,0.0684173
g3_mex,all,mexican,5,final,2021-07,105,55,16,0.852387,0.0616212
g3_mex,all,mexican,5,final,2021-08,58,36,5,0.93147,0.036091
g3_mex,all,mexican,5,final,2021-09,78,41,12,0.857052,0.0603756
g3_mex,all,mexican,5,final,2021-10,93,44,22,0.776217,0.0690022
g3_mex,all,mexican,5,final,2021-11,55,30,9,0.820945,0.0795169
g3_mex,all,mexican,5,final,2021-12,81,41,13,0.890424,0.047094
g3_mex,all,mexican,5,final,2022-01,77,42,12,0.829087,0.0665479
g3_mex,all,mexican,5,final,2022-02,75,44,11,0.882725,0.0547781
g3_mex,all,mexican,5,final,2022-03,51,29,9,0.856981,0.0684094
g3_mex,all,mexican,5,final,2022-04,88,45,9,0.928024,0.0357499
g3_mex,all,mexican,5,final,2022-05,64,37,8,0.888675,0.0726154
g3_mex,all,mexican,5,final,2022-06,59,32,15,0.718433,0.0978616
g3_mex,all,mexican,5,final,2022-07,76,38,5,0.91207,0.0634471
g3_mex,all,mexican,5,final,2022-08,84,39,16,0.790283,0.0700219
g3_mex,all,mexican,5,final,2022-09,55,31,8,0.864587,0.0627453
g3_mex,all,mexican,5,final,2022-10,76,41,12,0.842628,0.0644517
g3_mex,all,mexican,5,final,2022-11,97,49,11,0.88114,0.0501662
g3_mex,all,mexican,5,final,2022-12,74,38,4,0.9586,0.0248529
g3_mex,all,mexican,5,final,2023-01,57,34,4,0.935441,0.0626272
g3_mex,all,mexican,5,final,2023-02,84,41,19,0.747506,0.0857107
g3_mex,all,mexican,5,final,2023-03,84,42,19,0.784297,0.0784762
g3_mex,all,mexican,5,final,2023-04,63,33,12,0.777552,0.102387
g3_mex,all,mexican,5,final,2023-05,65,33,6,0.913036,0.0564275
g3_mex,all,mexican,5,final,2023-06,68,33,9,0.885514,0.062831
g3_mex,all,mexican,5,final,2023-07,65,37,7,0.89363,0.0574635
g3_mex,all,mexican,5,final,2023-08,74,40,11,0.890779,0.0473181
g3_mex,all,mexican,5,final,2023-09,74,35,7,0.95022,0.0281453
g3_mex,all,mexican,5,final,2023-10,91,50,10,0.937287,0.0302383
g3_mex,all,mexican,5,final,2023-11,51,29,8,0.890989,0.0552068
g3_mex,all,mexican,5,final,2023-12,53,29,8,0.847947,0.0694088
g3_mex,all,mexican,5,final,2024-01,63,36,9,0.857185,0.0601657
g3_mex,all,mexican,5,final,2024-02,76,43,20,0.815848,0.0684011
g3_mex,all,mexican,5,final,2024-03,79,43,13,0.83304,0.0687382
g3_mex,all,mexican,5,final,2024-04,71,41,10,0.850372,0.0708875
g3_mex,all,mexican,5,final,2024-05,92,49,12,0.853656,0.0550976
g3_mex,all,mexican,5,final,2024-06,78,44,14,0.823005,0.058975
g3_mex,all,mexican,5,final,2024-07,82,41,7,0.922613,0.0501702
g3_mex,all,mexican,5,final,2024-08,102,41,17,0.841444,0.0768289
g3_mex,all,mexican,5,final,2024-09,97,45,14,0.853343,0.0592011
g3_mex,all,mexican,5,final,2024-10,100,51,15,0.852385,0.0578056
g3_mex,all,mexican,5,final,2024-11,78,43,5,0.892516,0.0648776
g3_mex,all,mexican,5,final,2024-12,72,38,8,0.876811,0.0563248
g3_mex,all,mexican,5,final,2025-01,65,34,11,0.818948,0.0803088
g3_mex,all,mexican,5,final,2025-02,75,41,7,0.934465,0.0402686
g3_mex,all,mexican,5,final,2025-03,68,38,5,0.93493,0.0420346
g3_mex,all,mexican,5,final,2025-04,73,36,5,0.940059,0.0375645
g3_mex,all,mexican,5,final,2025-05,57,29,7,0.887684,0.0492868
g3_mex,all,mexican,5,final,2025-06,100,47,8,0.944455,0.0258969
g3_mex,all,mexican,5,final,2025-07,82,46,7,0.893546,0.0508406
g3_mex,all,mexican,5,final,2025-08,83,43,3,0.957637,0.0338645
g3_mex,all,mexican,5,final,2025-09,82,44,12,0.862684,0.0498117
g3_mex,all,mexican,5,final,2025-11,91,46,10,0.882609,0.0481166
g3_mex,all,mexican,5,final,2025-12,84,41,14,0.830812,0.0726104
g3_mex,all,mexican,5,final,2026-01,57,32,5,0.927287,0.0414321
g3_mex,all,mexican,5,final,2026-02,82,39,13,0.782867,0.123254
g3_mex,all,mexican,5,final,2026-03,81,46,14,0.850314,0.0654401
g3_mex,all,mexican,5,final,2026-04,109,55,22,0.842762,0.0571596
g3_mex,all,mexican,5,final,2026-05,67,38,12,0.816769,0.0697991
g3_mex,all,mexican,5,final,2026-06,73,38,13,0.811985,0.0623813
g3_mex,all,mexican,5,final,2026-07,69,36,12,0.819123,0.0699635
g3_mex,all,mexican,5,final,2026-08,84,45,8,0.868548,0.0742878
g3_mex,all,mexican,1+5,unweighted,2019-01,190,100,23,0.878947,0.0352102
g3_mex,all,mexican,1+5,unweighted,2019-02,167,85,27,0.838323,0.0407072
g3_mex,all,mexican,1+5,unweighted,2019-03,165,88,26,0.842424,0.0420221
g3_mex,all,mexican,1+5,unweighted,2019-04,202,106,60,0.70297,0.05127
g3_mex,all,mexican,1+5,unweighted,2019-05,146,72,19,0.869863,0.0442728
g3_mex,all,mexican,1+5,unweighted,2019-06,194,96,40,0.793814,0.0452506
g3_mex,all,mexican,1+5,unweighted,2019-07,162,89,26,0.839506,0.0354337
g3_mex,all,mexican,1+5,unweighted,2019-08,171,90,24,0.859649,0.0406793
g3_mex,all,mexican,1+5,unweighted,2019-09,186,97,42,0.774194,0.0465605
g3_mex,all,mexican,1+5,unweighted,2019-10,162,87,18,0.888889,0.0299588
g3_mex,all,mexican,1+5,unweighted,2019-11,157,88,21,0.866242,0.0371105
g3_mex,all,mexican,1+5,unweighted,2019-12,203,96,26,0.871921,0.0355976
g3_mex,all,mexican,1+5,unweighted,2020-01,154,81,28,0.818182,0.0492624
g3_mex,all,mexican,1+5,unweighted,2020-02,163,84,41,0.748466,0.0534691
g3_mex,all,mexican,1+5,unweighted,2020-03,142,78,18,0.873239,0.0460172
g3_mex,all,mexican,1+5,unweighted,2020-04,78,42,17,0.782051,0.0785727
g3_mex,all,mexican,1+5,unweighted,2020-05,140,62,34,0.757143,0.0593993
g3_mex,all,mexican,1+5,unweighted,2020-06,106,57,9,0.915094,0.0337004
g3_mex,all,mexican,1+5,unweighted,2020-07,121,62,16,0.867769,0.0396011
g3_mex,all,mexican,1+5,unweighted,2020-08,122,67,17,0.860656,0.0487572
g3_mex,all,mexican,1+5,unweighted,2020-09,181,95,26,0.856354,0.0395257
g3_mex,all,mexican,1+5,unweighted,2020-10,169,89,31,0.816568,0.0441516
g3_mex,all,mexican,1+5,unweighted,2020-11,154,86,15,0.902597,0.0312624
g3_mex,all,mexican,1+5,unweighted,2020-12,157,84,23,0.853503,0.0391607
g3_mex,all,mexican,1+5,unweighted,2021-01,149,84,20,0.865772,0.043199
g3_mex,all,mexican,1+5,unweighted,2021-02,157,86,35,0.77707,0.0540666
g3_mex,all,mexican,1+5,unweighted,2021-03,142,74,18,0.873239,0.0394574
g3_mex,all,mexican,1+5,unweighted,2021-04,163,76,23,0.858896,0.0433576
g3_mex,all,mexican,1+5,unweighted,2021-05,177,95,28,0.841808,0.0416031
g3_mex,all,mexican,1+5,unweighted,2021-06,122,69,24,0.803279,0.0529247
g3_mex,all,mexican,1+5,unweighted,2021-07,180,100,24,0.866667,0.034899
g3_mex,all,mexican,1+5,unweighted,2021-08,150,79,17,0.886667,0.036779
g3_mex,all,mexican,1+5,unweighted,2021-09,155,81,23,0.851613,0.0411819
g3_mex,all,mexican,1+5,unweighted,2021-10,184,90,37,0.798913,0.0428582
g3_mex,all,mexican,1+5,unweighted,2021-11,152,78,21,0.861842,0.0373563
g3_mex,all,mexican,1+5,unweighted,2021-12,152,75,16,0.894737,0.0339408
g3_mex,all,mexican,1+5,unweighted,2022-01,149,82,17,0.885906,0.03466
g3_mex,all,mexican,1+5,unweighted,2022-02,159,84,30,0.811321,0.0470256
g3_mex,all,mexican,1+5,unweighted,2022-03,131,68,22,0.832061,0.0498272
g3_mex,all,mexican,1+5,unweighted,2022-04,161,84,28,0.826087,0.0467941
g3_mex,all,mexican,1+5,unweighted,2022-05,139,76,25,0.820144,0.0514601
g3_mex,all,mexican,1+5,unweighted,2022-06,131,72,26,0.801527,0.0511857
g3_mex,all,mexican,1+5,unweighted,2022-07,134,71,12,0.910448,0.0334522
g3_mex,all,mexican,1+5,unweighted,2022-08,161,79,30,0.813665,0.0442813
g3_mex,all,mexican,1+5,unweighted,2022-09,132,67,12,0.909091,0.030689
g3_mex,all,mexican,1+5,unweighted,2022-10,161,85,22,0.863354,0.0387331
g3_mex,all,mexican,1+5,unweighted,2022-11,155,80,21,0.864516,0.0403008
g3_mex,all,mexican,1+5,unweighted,2022-12,141,73,19,0.865248,0.0471221
g3_mex,all,mexican,1+5,unweighted,2023-01,134,75,13,0.902985,0.0403324
g3_mex,all,mexican,1+5,unweighted,2023-02,149,77,40,0.731544,0.0608717
g3_mex,all,mexican,1+5,unweighted,2023-03,163,86,32,0.803681,0.0501665
g3_mex,all,mexican,1+5,unweighted,2023-04,166,87,27,0.837349,0.0451908
g3_mex,all,mexican,1+5,unweighted,2023-05,158,88,15,0.905063,0.0301229
g3_mex,all,mexican,1+5,unweighted,2023-06,141,73,19,0.865248,0.0410286
g3_mex,all,mexican,1+5,unweighted,2023-07,155,80,15,0.903226,0.0308253
g3_mex,all,mexican,1+5,unweighted,2023-08,172,82,25,0.854651,0.0466347
g3_mex,all,mexican,1+5,unweighted,2023-09,186,89,23,0.876344,0.0380738
g3_mex,all,mexican,1+5,unweighted,2023-10,174,98,23,0.867816,0.0315044
g3_mex,all,mexican,1+5,unweighted,2023-11,128,74,13,0.898438,0.0339862
g3_mex,all,mexican,1+5,unweighted,2023-12,131,66,14,0.89313,0.0349676
g3_mex,all,mexican,1+5,unweighted,2024-01,135,72,26,0.807407,0.0516936
g3_mex,all,mexican,1+5,unweighted,2024-02,153,83,30,0.803922,0.0503342
g3_mex,all,mexican,1+5,unweighted,2024-03,165,88,19,0.884848,0.0348735
g3_mex,all,mexican,1+5,unweighted,2024-04,175,89,19,0.891429,0.0371325
g3_mex,all,mexican,1+5,unweighted,2024-05,161,88,28,0.826087,0.0409691
g3_mex,all,mexican,1+5,unweighted,2024-06,160,82,20,0.875,0.0312847
g3_mex,all,mexican,1+5,unweighted,2024-07,164,86,16,0.902439,0.0312231
g3_mex,all,mexican,1+5,unweighted,2024-08,192,91,21,0.890625,0.0390525
g3_mex,all,mexican,1+5,unweighted,2024-09,182,89,28,0.846154,0.0386304
g3_mex,all,mexican,1+5,unweighted,2024-10,173,89,23,0.867052,0.0373037
g3_mex,all,mexican,1+5,unweighted,2024-11,171,91,15,0.912281,0.0312255
g3_mex,all,mexican,1+5,unweighted,2024-12,148,74,20,0.864865,0.0413456
g3_mex,all,mexican,1+5,unweighted,2025-01,146,76,16,0.890411,0.0370033
g3_mex,all,mexican,1+5,unweighted,2025-02,158,79,11,0.93038,0.0274511
g3_mex,all,mexican,1+5,unweighted,2025-03,177,92,26,0.853107,0.0404884
g3_mex,all,mexican,1+5,unweighted,2025-04,182,91,27,0.851648,0.040448
g3_mex,all,mexican,1+5,unweighted,2025-05,110,59,19,0.827273,0.0497187
g3_mex,all,mexican,1+5,unweighted,2025-06,165,80,18,0.890909,0.0366602
g3_mex,all,mexican,1+5,unweighted,2025-07,155,87,22,0.858065,0.0371461
g3_mex,all,mexican,1+5,unweighted,2025-08,181,92,13,0.928177,0.0278587
g3_mex,all,mexican,1+5,unweighted,2025-09,162,90,25,0.845679,0.0381923
g3_mex,all,mexican,1+5,unweighted,2025-11,158,82,15,0.905063,0.0293821
g3_mex,all,mexican,1+5,unweighted,2025-12,177,87,25,0.858757,0.0415389
g3_mex,all,mexican,1+5,unweighted,2026-01,139,72,19,0.863309,0.0412607
g3_mex,all,mexican,1+5,unweighted,2026-02,175,90,20,0.885714,0.0353662
g3_mex,all,mexican,1+5,unweighted,2026-03,155,84,29,0.812903,0.0488245
g3_mex,all,mexican,1+5,unweighted,2026-04,186,95,29,0.844086,0.0412818
g3_mex,all,mexican,1+5,unweighted,2026-05,134,74,23,0.828358,0.0511805
g3_mex,all,mexican,1+5,unweighted,2026-06,139,73,26,0.81295,0.046889
g3_mex,all,mexican,1+5,unweighted,2026-07,139,71,18,0.870504,0.0392168
g3_mex,all,mexican,1+5,unweighted,2026-08,154,81,20,0.87013,0.0438331
g3_mex,all,mexican,1+5,state_mean,2019-01,190,100,23,0.884719,0.0342227
g3_mex,all,mexican,1+5,state_mean,2019-02,167,85,27,0.841126,0.0423083
g3_mex,all,mexican,1+5,state_mean,2019-03,165,88,26,0.871869,0.0352045
g3_mex,all,mexican,1+5,state_mean,2019-04,202,106,60,0.691736,0.0561805
g3_mex,all,mexican,1+5,state_mean,2019-05,146,72,19,0.899917,0.0332294
g3_mex,all,mexican,1+5,state_mean,2019-06,194,96,40,0.826621,0.043872
g3_mex,all,mexican,1+5,state_mean,2019-07,162,89,26,0.83446,0.038149
g3_mex,all,mexican,1+5,state_mean,2019-08,171,90,24,0.866426,0.0402863
g3_mex,all,mexican,1+5,state_mean,2019-09,186,97,42,0.765817,0.0484677
g3_mex,all,mexican,1+5,state_mean,2019-10,162,87,18,0.884209,0.033881
g3_mex,all,mexican,1+5,state_mean,2019-11,157,88,21,0.864751,0.0375069
g3_mex,all,mexican,1+5,state_mean,2019-12,203,96,26,0.856056,0.0421587
g3_mex,all,mexican,1+5,state_mean,2020-01,154,81,28,0.826778,0.0502737
g3_mex,all,mexican,1+5,state_mean,2020-02,163,84,41,0.760445,0.0549572
g3_mex,all,mexican,1+5,state_mean,2020-03,142,78,18,0.909024,0.0384622
g3_mex,all,mexican,1+5,state_mean,2020-04,78,42,17,0.76543,0.0945894
g3_mex,all,mexican,1+5,state_mean,2020-05,140,62,34,0.783697,0.0604003
g3_mex,all,mexican,1+5,state_mean,2020-06,106,57,9,0.9305,0.0297433
g3_mex,all,mexican,1+5,state_mean,2020-07,121,62,16,0.866032,0.0412843
g3_mex,all,mexican,1+5,state_mean,2020-08,122,67,17,0.836751,0.0578373
g3_mex,all,mexican,1+5,state_mean,2020-09,181,95,26,0.850062,0.0420464
g3_mex,all,mexican,1+5,state_mean,2020-10,169,89,31,0.81974,0.0463299
g3_mex,all,mexican,1+5,state_mean,2020-11,154,86,15,0.896168,0.0344866
g3_mex,all,mexican,1+5,state_mean,2020-12,157,84,23,0.868,0.0396039
g3_mex,all,mexican,1+5,state_mean,2021-01,149,84,20,0.885777,0.0457434
g3_mex,all,mexican,1+5,state_mean,2021-02,157,86,35,0.797448,0.0513345
g3_mex,all,mexican,1+5,state_mean,2021-03,142,74,18,0.889825,0.0407052
g3_mex,all,mexican,1+5,state_mean,2021-04,163,76,23,0.898702,0.0406683
g3_mex,all,mexican,1+5,state_mean,2021-05,177,95,28,0.863281,0.0420844
g3_mex,all,mexican,1+5,state_mean,2021-06,122,69,24,0.794773,0.0575673
g3_mex,all,mexican,1+5,state_mean,2021-07,180,100,24,0.87972,0.035547
g3_mex,all,mexican,1+5,state_mean,2021-08,150,79,17,0.887465,0.0364671
g3_mex,all,mexican,1+5,state_mean,2021-09,155,81,23,0.85902,0.0395239
g3_mex,all,mexican,1+5,state_mean,2021-10,184,90,37,0.792292,0.047162
g3_mex,all,mexican,1+5,state_mean,2021-11,152,78,21,0.855433,0.0398162
g3_mex,all,mexican,1+5,state_mean,2021-12,152,75,16,0.936124,0.0255739
g3_mex,all,mexican,1+5,state_mean,2022-01,149,82,17,0.885158,0.0370958
g3_mex,all,mexican,1+5,state_mean,2022-02,159,84,30,0.831905,0.0451503
g3_mex,all,mexican,1+5,state_mean,2022-03,131,68,22,0.845013,0.0503852
g3_mex,all,mexican,1+5,state_mean,2022-04,161,84,28,0.852638,0.0451824
g3_mex,all,mexican,1+5,state_mean,2022-05,139,76,25,0.82918,0.0525234
g3_mex,all,mexican,1+5,state_mean,2022-06,131,72,26,0.812867,0.0524709
g3_mex,all,mexican,1+5,state_mean,2022-07,134,71,12,0.917993,0.0353072
g3_mex,all,mexican,1+5,state_mean,2022-08,161,79,30,0.842973,0.0407696
g3_mex,all,mexican,1+5,state_mean,2022-09,132,67,12,0.909499,0.0308867
g3_mex,all,mexican,1+5,state_mean,2022-10,161,85,22,0.868718,0.0413265
g3_mex,all,mexican,1+5,state_mean,2022-11,155,80,21,0.86367,0.0420982
g3_mex,all,mexican,1+5,state_mean,2022-12,141,73,19,0.887431,0.0391642
g3_mex,all,mexican,1+5,state_mean,2023-01,134,75,13,0.8977,0.0447792
g3_mex,all,mexican,1+5,state_mean,2023-02,149,77,40,0.753411,0.0617137
g3_mex,all,mexican,1+5,state_mean,2023-03,163,86,32,0.806643,0.0533786
g3_mex,all,mexican,1+5,state_mean,2023-04,166,87,27,0.830141,0.0500996
g3_mex,all,mexican,1+5,state_mean,2023-05,158,88,15,0.908451,0.0331369
g3_mex,all,mexican,1+5,state_mean,2023-06,141,73,19,0.87238,0.0422405
g3_mex,all,mexican,1+5,state_mean,2023-07,155,80,15,0.917069,0.0335126
g3_mex,all,mexican,1+5,state_mean,2023-08,172,82,25,0.87071,0.0468612
g3_mex,all,mexican,1+5,state_mean,2023-09,186,89,23,0.891043,0.0350174
g3_mex,all,mexican,1+5,state_mean,2023-10,174,98,23,0.891511,0.0303784
g3_mex,all,mexican,1+5,state_mean,2023-11,128,74,13,0.906596,0.0331582
g3_mex,all,mexican,1+5,state_mean,2023-12,131,66,14,0.885839,0.0379061
g3_mex,all,mexican,1+5,state_mean,2024-01,135,72,26,0.81664,0.0520619
g3_mex,all,mexican,1+5,state_mean,2024-02,153,83,30,0.839479,0.0493453
g3_mex,all,mexican,1+5,state_mean,2024-03,165,88,19,0.891664,0.0358095
g3_mex,all,mexican,1+5,state_mean,2024-04,175,89,19,0.890287,0.0392898
g3_mex,all,mexican,1+5,state_mean,2024-05,161,88,28,0.823857,0.0440088
g3_mex,all,mexican,1+5,state_mean,2024-06,160,82,20,0.892218,0.0303541
g3_mex,all,mexican,1+5,state_mean,2024-07,164,86,16,0.918374,0.0282418
g3_mex,all,mexican,1+5,state_mean,2024-08,192,91,21,0.892264,0.0443109
g3_mex,all,mexican,1+5,state_mean,2024-09,182,89,28,0.858896,0.0406994
g3_mex,all,mexican,1+5,state_mean,2024-10,173,89,23,0.878435,0.0383932
g3_mex,all,mexican,1+5,state_mean,2024-11,171,91,15,0.906618,0.0381108
g3_mex,all,mexican,1+5,state_mean,2024-12,148,74,20,0.848732,0.0474309
g3_mex,all,mexican,1+5,state_mean,2025-01,146,76,16,0.876405,0.0412401
g3_mex,all,mexican,1+5,state_mean,2025-02,158,79,11,0.951136,0.02434
g3_mex,all,mexican,1+5,state_mean,2025-03,177,92,26,0.853531,0.0419562
g3_mex,all,mexican,1+5,state_mean,2025-04,182,91,27,0.866866,0.0378808
g3_mex,all,mexican,1+5,state_mean,2025-05,110,59,19,0.848277,0.0459582
g3_mex,all,mexican,1+5,state_mean,2025-06,165,80,18,0.929063,0.0262476
g3_mex,all,mexican,1+5,state_mean,2025-07,155,87,22,0.861856,0.0380819
g3_mex,all,mexican,1+5,state_mean,2025-08,181,92,13,0.91726,0.0322648
g3_mex,all,mexican,1+5,state_mean,2025-09,162,90,25,0.853662,0.039309
g3_mex,all,mexican,1+5,state_mean,2025-11,158,82,15,0.904329,0.0315782
g3_mex,all,mexican,1+5,state_mean,2025-12,177,87,25,0.856297,0.046494
g3_mex,all,mexican,1+5,state_mean,2026-01,139,72,19,0.882689,0.0399689
g3_mex,all,mexican,1+5,state_mean,2026-02,175,90,20,0.889476,0.0376848
g3_mex,all,mexican,1+5,state_mean,2026-03,155,84,29,0.809297,0.0522958
g3_mex,all,mexican,1+5,state_mean,2026-04,186,95,29,0.860454,0.0404752
g3_mex,all,mexican,1+5,state_mean,2026-05,134,74,23,0.867331,0.0418806
g3_mex,all,mexican,1+5,state_mean,2026-06,139,73,26,0.829595,0.046285
g3_mex,all,mexican,1+5,state_mean,2026-07,139,71,18,0.877665,0.0391035
g3_mex,all,mexican,1+5,state_mean,2026-08,154,81,20,0.902525,0.0316396
g3_mex,all,mexican,1+5,final,2019-01,190,100,23,0.898418,0.0300946
g3_mex,all,mexican,1+5,final,2019-02,167,85,27,0.840062,0.0444912
g3_mex,all,mexican,1+5,final,2019-03,165,88,26,0.841994,0.0440094
g3_mex,all,mexican,1+5,final,2019-04,202,106,60,0.705307,0.0550648
g3_mex,all,mexican,1+5,final,2019-05,146,72,19,0.910315,0.0296271
g3_mex,all,mexican,1+5,final,2019-06,194,96,40,0.828702,0.0429581
g3_mex,all,mexican,1+5,final,2019-07,162,89,26,0.840369,0.0389537
g3_mex,all,mexican,1+5,final,2019-08,171,90,24,0.877126,0.0381795
g3_mex,all,mexican,1+5,final,2019-09,186,97,42,0.793928,0.0440339
g3_mex,all,mexican,1+5,final,2019-10,162,87,18,0.890304,0.0340287
g3_mex,all,mexican,1+5,final,2019-11,157,88,21,0.84631,0.0421824
g3_mex,all,mexican,1+5,final,2019-12,203,96,26,0.863992,0.0413273
g3_mex,all,mexican,1+5,final,2020-01,154,81,28,0.837648,0.0484249
g3_mex,all,mexican,1+5,final,2020-02,163,84,41,0.795054,0.04977
g3_mex,all,mexican,1+5,final,2020-03,142,78,18,0.915412,0.0374424
g3_mex,all,mexican,1+5,final,2020-04,78,42,17,0.77172,0.09208
g3_mex,all,mexican,1+5,final,2020-05,140,62,34,0.820178,0.0534749
g3_mex,all,mexican,1+5,final,2020-06,106,57,9,0.9461,0.0240394
g3_mex,all,mexican,1+5,final,2020-07,121,62,16,0.866556,0.0395561
g3_mex,all,mexican,1+5,final,2020-08,122,67,17,0.859871,0.050606
g3_mex,all,mexican,1+5,final,2020-09,181,95,26,0.868267,0.0374723
g3_mex,all,mexican,1+5,final,2020-10,169,89,31,0.830528,0.0436889
g3_mex,all,mexican,1+5,final,2020-11,154,86,15,0.912229,0.0293376
g3_mex,all,mexican,1+5,final,2020-12,157,84,23,0.873842,0.0383532
g3_mex,all,mexican,1+5,final,2021-01,149,84,20,0.881784,0.0456905
g3_mex,all,mexican,1+5,final,2021-02,157,86,35,0.804589,0.0528361
g3_mex,all,mexican,1+5,final,2021-03,142,74,18,0.89849,0.0378696
g3_mex,all,mexican,1+5,final,2021-04,163,76,23,0.908323,0.037465
g3_mex,all,mexican,1+5,final,2021-05,177,95,28,0.8611,0.0440376
g3_mex,all,mexican,1+5,final,2021-06,122,69,24,0.808274,0.054051
g3_mex,all,mexican,1+5,final,2021-07,180,100,24,0.864455,0.0438556
g3_mex,all,mexican,1+5,final,2021-08,150,79,17,0.885972,0.039236
g3_mex,all,mexican,1+5,final,2021-09,155,81,23,0.871779,0.0381467
g3_mex,all,mexican,1+5,final,2021-10,184,90,37,0.807383,0.0447377
g3_mex,all,mexican,1+5,final,2021-11,152,78,21,0.856455,0.0401796
g3_mex,all,mexican,1+5,final,2021-12,152,75,16,0.938007,0.0243707
g3_mex,all,mexican,1+5,final,2022-01,149,82,17,0.874549,0.0404957
g3_mex,all,mexican,1+5,final,2022-02,159,84,30,0.828732,0.0460199
g3_mex,all,mexican,1+5,final,2022-03,131,68,22,0.871974,0.0425917
g3_mex,all,mexican,1+5,final,2022-04,161,84,28,0.854886,0.0442815
g3_mex,all,mexican,1+5,final,2022-05,139,76,25,0.83021,0.0514143
g3_mex,all,mexican,1+5,final,2022-06,131,72,26,0.785353,0.0598499
g3_mex,all,mexican,1+5,final,2022-07,134,71,12,0.909039,0.0439331
g3_mex,all,mexican,1+5,final,2022-08,161,79,30,0.821231,0.0456082
g3_mex,all,mexican,1+5,final,2022-09,132,67,12,0.907652,0.0330324
g3_mex,all,mexican,1+5,final,2022-10,161,85,22,0.886134,0.0370905
g3_mex,all,mexican,1+5,final,2022-11,155,80,21,0.847113,0.0510295
g3_mex,all,mexican,1+5,final,2022-12,141,73,19,0.885651,0.0391453
g3_mex,all,mexican,1+5,final,2023-01,134,75,13,0.91834,0.0363569
g3_mex,all,mexican,1+5,final,2023-02,149,77,40,0.750198,0.065397
g3_mex,all,mexican,1+5,final,2023-03,163,86,32,0.830653,0.0479637
g3_mex,all,mexican,1+5,final,2023-04,166,87,27,0.828729,0.051792
g3_mex,all,mexican,1+5,final,2023-05,158,88,15,0.908176,0.032473
g3_mex,all,mexican,1+5,final,2023-06,141,73,19,0.864154,0.0452118
g3_mex,all,mexican,1+5,final,2023-07,155,80,15,0.918074,0.0331351
g3_mex,all,mexican,1+5,final,2023-08,172,82,25,0.865428,0.0478975
g3_mex,all,mexican,1+5,final,2023-09,186,89,23,0.877949,0.0370696
g3_mex,all,mexican,1+5,final,2023-10,174,98,23,0.894993,0.0311987
g3_mex,all,mexican,1+5,final,2023-11,128,74,13,0.895039,0.0452971
g3_mex,all,mexican,1+5,final,2023-12,131,66,14,0.849787,0.0568744
g3_mex,all,mexican,1+5,final,2024-01,135,72,26,0.8137,0.0531162
g3_mex,all,mexican,1+5,final,2024-02,153,83,30,0.851003,0.0476421
g3_mex,all,mexican,1+5,final,2024-03,165,88,19,0.883338,0.0401983
g3_mex,all,mexican,1+5,final,2024-04,175,89,19,0.880763,0.0407591
g3_mex,all,mexican,1+5,final,2024-05,161,88,28,0.821513,0.0441172
g3_mex,all,mexican,1+5,final,2024-06,160,82,20,0.883383,0.0320409
g3_mex,all,mexican,1+5,final,2024-07,164,86,16,0.913842,0.0323663
g3_mex,all,mexican,1+5,final,2024-08,192,91,21,0.900475,0.0435757
g3_mex,all,mexican,1+5,final,2024-09,182,89,28,0.860951,0.0398661
g3_mex,all,mexican,1+5,final,2024-10,173,89,23,0.881696,0.0387127
g3_mex,all,mexican,1+5,final,2024-11,171,91,15,0.880296,0.0485647
g3_mex,all,mexican,1+5,final,2024-12,148,74,20,0.853758,0.0472592
g3_mex,all,mexican,1+5,final,2025-01,146,76,16,0.894706,0.0370467
g3_mex,all,mexican,1+5,final,2025-02,158,79,11,0.954991,0.0209865
g3_mex,all,mexican,1+5,final,2025-03,177,92,26,0.867572,0.0392842
g3_mex,all,mexican,1+5,final,2025-04,182,91,27,0.877442,0.0354588
g3_mex,all,mexican,1+5,final,2025-05,110,59,19,0.85593,0.0443835
g3_mex,all,mexican,1+5,final,2025-06,165,80,18,0.933619,0.0235959
g3_mex,all,mexican,1+5,final,2025-07,155,87,22,0.84918,0.0427494
g3_mex,all,mexican,1+5,final,2025-08,181,92,13,0.927549,0.0294667
g3_mex,all,mexican,1+5,final,2025-09,162,90,25,0.849084,0.0406881
g3_mex,all,mexican,1+5,final,2025-11,158,82,15,0.906571,0.0327613
g3_mex,all,mexican,1+5,final,2025-12,177,87,25,0.863778,0.0431811
g3_mex,all,mexican,1+5,final,2026-01,139,72,19,0.886506,0.0412028
g3_mex,all,mexican,1+5,final,2026-02,175,90,20,0.861273,0.0648468
g3_mex,all,mexican,1+5,final,2026-03,155,84,29,0.836801,0.0509899
g3_mex,all,mexican,1+5,final,2026-04,186,95,29,0.886176,0.0365043
g3_mex,all,mexican,1+5,final,2026-05,134,74,23,0.846941,0.0458762
g3_mex,all,mexican,1+5,final,2026-06,139,73,26,0.803403,0.0549826
g3_mex,all,mexican,1+5,final,2026-07,139,71,18,0.875333,0.0404592
g3_mex,all,mexican,1+5,final,2026-08,154,81,20,0.893753,0.043495
g3_mex,all,hispanic,1,unweighted,2019-01,88,42,8,0.909091,0.0511801
g3_mex,all,hispanic,1,unweighted,2019-02,87,44,10,0.885057,0.0474435
g3_mex,all,hispanic,1,unweighted,2019-03,93,49,12,0.870968,0.0584431
g3_mex,all,hispanic,1,unweighted,2019-04,90,43,17,0.811111,0.0725853
g3_mex,all,hispanic,1,unweighted,2019-05,80,36,5,0.9375,0.0328412
g3_mex,all,hispanic,1,unweighted,2019-06,94,50,7,0.925532,0.0318133
g3_mex,all,hispanic,1,unweighted,2019-07,83,42,6,0.927711,0.0358102
g3_mex,all,hispanic,1,unweighted,2019-08,86,43,3,0.965116,0.0261007
g3_mex,all,hispanic,1,unweighted,2019-09,81,45,11,0.864198,0.0549541
g3_mex,all,hispanic,1,unweighted,2019-10,63,37,5,0.920635,0.0458107
g3_mex,all,hispanic,1,unweighted,2019-11,87,49,4,0.954023,0.0280837
g3_mex,all,hispanic,1,unweighted,2019-12,106,48,7,0.933962,0.0313593
g3_mex,all,hispanic,1,unweighted,2020-01,79,41,13,0.835443,0.05781
g3_mex,all,hispanic,1,unweighted,2020-02,76,38,14,0.815789,0.0750091
g3_mex,all,hispanic,1,unweighted,2020-03,56,32,7,0.875,0.072925
g3_mex,all,hispanic,1,unweighted,2020-04,37,17,2,0.945946,0.0401113
g3_mex,all,hispanic,1,unweighted,2020-05,53,25,6,0.886792,0.0747756
g3_mex,all,hispanic,1,unweighted,2020-06,34,20,1,0.970588,0.0302019
g3_mex,all,hispanic,1,unweighted,2020-07,38,21,8,0.789474,0.101096
g3_mex,all,hispanic,1,unweighted,2020-08,52,29,6,0.884615,0.0768456
g3_mex,all,hispanic,1,unweighted,2020-09,91,48,8,0.912088,0.0493881
g3_mex,all,hispanic,1,unweighted,2020-10,102,50,20,0.803922,0.0640553
g3_mex,all,hispanic,1,unweighted,2020-11,64,32,9,0.859375,0.0607052
g3_mex,all,hispanic,1,unweighted,2020-12,59,32,5,0.915254,0.0493719
g3_mex,all,hispanic,1,unweighted,2021-01,68,39,1,0.985294,0.0144898
g3_mex,all,hispanic,1,unweighted,2021-02,80,47,7,0.9125,0.0540618
g3_mex,all,hispanic,1,unweighted,2021-03,67,37,4,0.940299,0.0360198
g3_mex,all,hispanic,1,unweighted,2021-04,74,35,10,0.864865,0.0624878
g3_mex,all,hispanic,1,unweighted,2021-05,85,46,6,0.929412,0.0429119
g3_mex,all,hispanic,1,unweighted,2021-06,54,33,6,0.888889,0.0661423
g3_mex,all,hispanic,1,unweighted,2021-07,75,45,2,0.973333,0.0182941
g3_mex,all,hispanic,1,unweighted,2021-08,92,43,6,0.934783,0.0312781
g3_mex,all,hispanic,1,unweighted,2021-09,77,40,6,0.922078,0.0470739
g3_mex,all,hispanic,1,unweighted,2021-10,91,46,9,0.901099,0.03506
g3_mex,all,hispanic,1,unweighted,2021-11,97,48,7,0.927835,0.0326171
g3_mex,all,hispanic,1,unweighted,2021-12,71,34,3,0.957746,0.0316252
g3_mex,all,hispanic,1,unweighted,2022-01,72,40,2,0.972222,0.0197225
g3_mex,all,hispanic,1,unweighted,2022-02,84,40,12,0.857143,0.0591645
g3_mex,all,hispanic,1,unweighted,2022-03,80,39,3,0.9625,0.0222197
g3_mex,all,hispanic,1,unweighted,2022-04,73,39,12,0.835616,0.072771
g3_mex,all,hispanic,1,unweighted,2022-05,75,39,10,0.866667,0.0590091
g3_mex,all,hispanic,1,unweighted,2022-06,72,40,6,0.916667,0.0434488
g3_mex,all,hispanic,1,unweighted,2022-07,58,33,2,0.965517,0.0338961
g3_mex,all,hispanic,1,unweighted,2022-08,77,40,10,0.87013,0.0643194
g3_mex,all,hispanic,1,unweighted,2022-09,77,36,1,0.987013,0.0125233
g3_mex,all,hispanic,1,unweighted,2022-10,85,44,6,0.929412,0.0368534
g3_mex,all,hispanic,1,unweighted,2022-11,58,31,5,0.913793,0.0507499
g3_mex,all,hispanic,1,unweighted,2022-12,67,35,12,0.820896,0.0843024
g3_mex,all,hispanic,1,unweighted,2023-01,77,41,4,0.948052,0.0254813
g3_mex,all,hispanic,1,unweighted,2023-02,65,36,12,0.815385,0.0957327
g3_mex,all,hispanic,1,unweighted,2023-03,79,44,5,0.936709,0.0444143
g3_mex,all,hispanic,1,unweighted,2023-04,103,54,5,0.951456,0.0289271
g3_mex,all,hispanic,1,unweighted,2023-05,93,55,5,0.946237,0.0272426
g3_mex,all,hispanic,1,unweighted,2023-06,73,40,9,0.876712,0.0484725
g3_mex,all,hispanic,1,unweighted,2023-07,90,43,6,0.933333,0.0372046
g3_mex,all,hispanic,1,unweighted,2023-08,98,42,8,0.918367,0.0602635
g3_mex,all,hispanic,1,unweighted,2023-09,112,54,8,0.928571,0.0329003
g3_mex,all,hispanic,1,unweighted,2023-10,83,48,7,0.915663,0.0345802
g3_mex,all,hispanic,1,unweighted,2023-11,77,45,2,0.974026,0.0186396
g3_mex,all,hispanic,1,unweighted,2023-12,78,37,4,0.948718,0.0357077
g3_mex,all,hispanic,1,unweighted,2024-01,72,36,10,0.861111,0.0602386
g3_mex,all,hispanic,1,unweighted,2024-02,77,40,5,0.935065,0.0364417
g3_mex,all,hispanic,1,unweighted,2024-03,86,45,2,0.976744,0.0166796
g3_mex,all,hispanic,1,unweighted,2024-04,104,48,2,0.980769,0.0138484
g3_mex,all,hispanic,1,unweighted,2024-05,69,39,12,0.826087,0.0630586
g3_mex,all,hispanic,1,unweighted,2024-06,82,38,3,0.963415,0.0212656
g3_mex,all,hispanic,1,unweighted,2024-07,82,45,5,0.939024,0.0362171
g3_mex,all,hispanic,1,unweighted,2024-08,90,50,4,0.955556,0.0269582
g3_mex,all,hispanic,1,unweighted,2024-09,85,44,6,0.929412,0.0366774
g3_mex,all,hispanic,1,unweighted,2024-10,73,38,5,0.931507,0.0364008
g3_mex,all,hispanic,1,unweighted,2024-11,93,48,5,0.946237,0.0281392
g3_mex,all,hispanic,1,unweighted,2024-12,76,36,9,0.881579,0.0600432
g3_mex,all,hispanic,1,unweighted,2025-01,81,42,5,0.938272,0.0312481
g3_mex,all,hispanic,1,unweighted,2025-02,83,38,1,0.987952,0.011809
g3_mex,all,hispanic,1,unweighted,2025-03,109,54,17,0.844037,0.0578231
g3_mex,all,hispanic,1,unweighted,2025-04,109,55,16,0.853211,0.0557508
g3_mex,all,hispanic,1,unweighted,2025-05,53,30,9,0.830189,0.0764333
g3_mex,all,hispanic,1,unweighted,2025-06,65,33,5,0.923077,0.0538258
g3_mex,all,hispanic,1,unweighted,2025-07,73,41,11,0.849315,0.0575215
g3_mex,all,hispanic,1,unweighted,2025-08,98,49,6,0.938776,0.0347989
g3_mex,all,hispanic,1,unweighted,2025-09,80,46,10,0.875,0.0550883
g3_mex,all,hispanic,1,unweighted,2025-11,67,36,1,0.985075,0.0152027
g3_mex,all,hispanic,1,unweighted,2025-12,93,46,2,0.978495,0.0215625
g3_mex,all,hispanic,1,unweighted,2026-01,82,40,8,0.902439,0.0496383
g3_mex,all,hispanic,1,unweighted,2026-02,93,51,4,0.956989,0.0263286
g3_mex,all,hispanic,1,unweighted,2026-03,74,38,8,0.891892,0.0540673
g3_mex,all,hispanic,1,unweighted,2026-04,77,40,4,0.948052,0.0363567
g3_mex,all,hispanic,1,unweighted,2026-05,67,36,7,0.895522,0.056049
g3_mex,all,hispanic,1,unweighted,2026-06,66,35,9,0.863636,0.0613955
g3_mex,all,hispanic,1,unweighted,2026-07,70,35,2,0.971429,0.0206231
g3_mex,all,hispanic,1,unweighted,2026-08,70,36,5,0.928571,0.0466042
g3_mex,all,hispanic,1,state_mean,2019-01,88,42,8,0.919588,0.0477943
g3_mex,all,hispanic,1,state_mean,2019-02,87,44,10,0.892494,0.04769
g3_mex,all,hispanic,1,state_mean,2019-03,93,49,12,0.90929,0.0420414
g3_mex,all,hispanic,1,state_mean,2019-04,90,43,17,0.784353,0.0840418
g3_mex,all,hispanic,1,state_mean,2019-05,80,36,5,0.923778,0.0390317
g3_mex,all,hispanic,1,state_mean,2019-06,94,50,7,0.928795,0.0360278
g3_mex,all,hispanic,1,state_mean,2019-07,83,42,6,0.91764,0.0410438
g3_mex,all,hispanic,1,state_mean,2019-08,86,43,3,0.963265,0.026667
g3_mex,all,hispanic,1,state_mean,2019-09,81,45,11,0.861915,0.057472
g3_mex,all,hispanic,1,state_mean,2019-10,63,37,5,0.907466,0.0536922
g3_mex,all,hispanic,1,state_mean,2019-11,87,49,4,0.949459,0.0307344
g3_mex,all,hispanic,1,state_mean,2019-12,106,48,7,0.947593,0.0293739
g3_mex,all,hispanic,1,state_mean,2020-01,79,41,13,0.848003,0.0566629
g3_mex,all,hispanic,1,state_mean,2020-02,76,38,14,0.822409,0.0758942
g3_mex,all,hispanic,1,state_mean,2020-03,56,32,7,0.892197,0.075007
g3_mex,all,hispanic,1,state_mean,2020-04,37,17,2,0.933589,0.0495269
g3_mex,all,hispanic,1,state_mean,2020-05,53,25,6,0.910032,0.0782944
g3_mex,all,hispanic,1,state_mean,2020-06,34,20,1,0.970045,0.0308976
g3_mex,all,hispanic,1,state_mean,2020-07,38,21,8,0.777024,0.110973
g3_mex,all,hispanic,1,state_mean,2020-08,52,29,6,0.858358,0.0969566
g3_mex,all,hispanic,1,state_mean,2020-09,91,48,8,0.914311,0.0481213
g3_mex,all,hispanic,1,state_mean,2020-10,102,50,20,0.811572,0.0656033
g3_mex,all,hispanic,1,state_mean,2020-11,64,32,9,0.846204,0.0673178
g3_mex,all,hispanic,1,state_mean,2020-12,59,32,5,0.921351,0.0506981
g3_mex,all,hispanic,1,state_mean,2021-01,68,39,1,0.980965,0.0185546
g3_mex,all,hispanic,1,state_mean,2021-02,80,47,7,0.916794,0.0460655
g3_mex,all,hispanic,1,state_mean,2021-03,67,37,4,0.94542,0.0407672
g3_mex,all,hispanic,1,state_mean,2021-04,74,35,10,0.946181,0.0273537
g3_mex,all,hispanic,1,state_mean,2021-05,85,46,6,0.949005,0.0325285
g3_mex,all,hispanic,1,state_mean,2021-06,54,33,6,0.893383,0.0708992
g3_mex,all,hispanic,1,state_mean,2021-07,75,45,2,0.971724,0.0204763
g3_mex,all,hispanic,1,state_mean,2021-08,92,43,6,0.912912,0.0411315
g3_mex,all,hispanic,1,state_mean,2021-09,77,40,6,0.948287,0.0338421
g3_mex,all,hispanic,1,state_mean,2021-10,91,46,9,0.893006,0.0409934
g3_mex,all,hispanic,1,state_mean,2021-11,97,48,7,0.926502,0.0332443
g3_mex,all,hispanic,1,state_mean,2021-12,71,34,3,0.986258,0.0122648
g3_mex,all,hispanic,1,state_mean,2022-01,72,40,2,0.974176,0.0195107
g3_mex,all,hispanic,1,state_mean,2022-02,84,40,12,0.875318,0.054313
g3_mex,all,hispanic,1,state_mean,2022-03,80,39,3,0.980644,0.0151284
g3_mex,all,hispanic,1,state_mean,2022-04,73,39,12,0.883029,0.058569
g3_mex,all,hispanic,1,state_mean,2022-05,75,39,10,0.860879,0.0631421
g3_mex,all,hispanic,1,state_mean,2022-06,72,40,6,0.942631,0.0315526
g3_mex,all,hispanic,1,state_mean,2022-07,58,33,2,0.956998,0.0417494
g3_mex,all,hispanic,1,state_mean,2022-08,77,40,10,0.914789,0.0437232
g3_mex,all,hispanic,1,state_mean,2022-09,77,36,1,0.983488,0.0156586
g3_mex,all,hispanic,1,state_mean,2022-10,85,44,6,0.95869,0.0274797
g3_mex,all,hispanic,1,state_mean,2022-11,58,31,5,0.929172,0.0439535
g3_mex,all,hispanic,1,state_mean,2022-12,67,35,12,0.867011,0.065474
g3_mex,all,hispanic,1,state_mean,2023-01,77,41,4,0.958717,0.022568
g3_mex,all,hispanic,1,state_mean,2023-02,65,36,12,0.810744,0.09899
g3_mex,all,hispanic,1,state_mean,2023-03,79,44,5,0.932447,0.0473203
g3_mex,all,hispanic,1,state_mean,2023-04,103,54,5,0.964951,0.0239974
g3_mex,all,hispanic,1,state_mean,2023-05,93,55,5,0.949008,0.0295823
g3_mex,all,hispanic,1,state_mean,2023-06,73,40,9,0.881457,0.0515894
g3_mex,all,hispanic,1,state_mean,2023-07,90,43,6,0.934981,0.0469285
g3_mex,all,hispanic,1,state_mean,2023-08,98,42,8,0.913485,0.0733236
g3_mex,all,hispanic,1,state_mean,2023-09,112,54,8,0.923644,0.0406252
g3_mex,all,hispanic,1,state_mean,2023-10,83,48,7,0.922081,0.0361637
g3_mex,all,hispanic,1,state_mean,2023-11,77,45,2,0.972531,0.0198367
g3_mex,all,hispanic,1,state_mean,2023-12,78,37,4,0.939316,0.0417735
g3_mex,all,hispanic,1,state_mean,2024-01,72,36,10,0.870384,0.0575
g3_mex,all,hispanic,1,state_mean,2024-02,77,40,5,0.948045,0.0359095
g3_mex,all,hispanic,1,state_mean,2024-03,86,45,2,0.979111,0.0155901
g3_mex,all,hispanic,1,state_mean,2024-04,104,48,2,0.975227,0.0178368
g3_mex,all,hispanic,1,state_mean,2024-05,69,39,12,0.829314,0.0682011
g3_mex,all,hispanic,1,state_mean,2024-06,82,38,3,0.973693,0.0178202
g3_mex,all,hispanic,1,state_mean,2024-07,82,45,5,0.943941,0.0349215
g3_mex,all,hispanic,1,state_mean,2024-08,90,50,4,0.959158,0.0293615
g3_mex,all,hispanic,1,state_mean,2024-09,85,44,6,0.948503,0.034764
g3_mex,all,hispanic,1,state_mean,2024-10,73,38,5,0.930973,0.0433823
g3_mex,all,hispanic,1,state_mean,2024-11,93,48,5,0.962452,0.0242882
g3_mex,all,hispanic,1,state_mean,2024-12,76,36,9,0.856242,0.0717627
g3_mex,all,hispanic,1,state_mean,2025-01,81,42,5,0.929974,0.0353474
g3_mex,all,hispanic,1,state_mean,2025-02,83,38,1,0.99241,0.0075861
g3_mex,all,hispanic,1,state_mean,2025-03,109,54,17,0.840256,0.0588803
g3_mex,all,hispanic,1,state_mean,2025-04,109,55,16,0.87687,0.049804
g3_mex,all,hispanic,1,state_mean,2025-05,53,30,9,0.857668,0.0699036
g3_mex,all,hispanic,1,state_mean,2025-06,65,33,5,0.9469,0.0403674
g3_mex,all,hispanic,1,state_mean,2025-07,73,41,11,0.809259,0.073379
g3_mex,all,hispanic,1,state_mean,2025-08,98,49,6,0.932213,0.0384621
g3_mex,all,hispanic,1,state_mean,2025-09,80,46,10,0.87947,0.0584217
g3_mex,all,hispanic,1,state_mean,2025-11,67,36,1,0.981405,0.0188775
g3_mex,all,hispanic,1,state_mean,2025-12,93,46,2,0.976945,0.0231481
g3_mex,all,hispanic,1,state_mean,2026-01,82,40,8,0.915445,0.0457079
g3_mex,all,hispanic,1,state_mean,2026-02,93,51,4,0.945782,0.0329802
g3_mex,all,hispanic,1,state_mean,2026-03,74,38,8,0.901802,0.0508718
g3_mex,all,hispanic,1,state_mean,2026-04,77,40,4,0.94794,0.0390406
g3_mex,all,hispanic,1,state_mean,2026-05,67,36,7,0.934754,0.0406567
g3_mex,all,hispanic,1,state_mean,2026-06,66,35,9,0.879722,0.067768
g3_mex,all,hispanic,1,state_mean,2026-07,70,35,2,0.96008,0.0286332
g3_mex,all,hispanic,1,state_mean,2026-08,70,36,5,0.943496,0.0332985
g3_mex,all,hispanic,1,final,2019-01,88,42,8,0.937234,0.0380113
g3_mex,all,hispanic,1,final,2019-02,87,44,10,0.914606,0.0391548
g3_mex,all,hispanic,1,final,2019-03,93,49,12,0.89138,0.0512414
g3_mex,all,hispanic,1,final,2019-04,90,43,17,0.775112,0.0888588
g3_mex,all,hispanic,1,final,2019-05,80,36,5,0.935687,0.0336149
g3_mex,all,hispanic,1,final,2019-06,94,50,7,0.924333,0.0378224
g3_mex,all,hispanic,1,final,2019-07,83,42,6,0.922279,0.0400921
g3_mex,all,hispanic,1,final,2019-08,86,43,3,0.969176,0.0227106
g3_mex,all,hispanic,1,final,2019-09,81,45,11,0.89701,0.0442466
g3_mex,all,hispanic,1,final,2019-10,63,37,5,0.908127,0.0585918
g3_mex,all,hispanic,1,final,2019-11,87,49,4,0.961525,0.0232546
g3_mex,all,hispanic,1,final,2019-12,106,48,7,0.954683,0.0249555
g3_mex,all,hispanic,1,final,2020-01,79,41,13,0.85787,0.0560275
g3_mex,all,hispanic,1,final,2020-02,76,38,14,0.855402,0.0654121
g3_mex,all,hispanic,1,final,2020-03,56,32,7,0.895714,0.076074
g3_mex,all,hispanic,1,final,2020-04,37,17,2,0.941425,0.0441455
g3_mex,all,hispanic,1,final,2020-05,53,25,6,0.930196,0.0614841
g3_mex,all,hispanic,1,final,2020-06,34,20,1,0.984407,0.0163547
g3_mex,all,hispanic,1,final,2020-07,38,21,8,0.817097,0.09703
g3_mex,all,hispanic,1,final,2020-08,52,29,6,0.878838,0.0825583
g3_mex,all,hispanic,1,final,2020-09,91,48,8,0.925823,0.0423772
g3_mex,all,hispanic,1,final,2020-10,102,50,20,0.828081,0.0613464
g3_mex,all,hispanic,1,final,2020-11,64,32,9,0.874927,0.0572777
g3_mex,all,hispanic,1,final,2020-12,59,32,5,0.920018,0.0524185
g3_mex,all,hispanic,1,final,2021-01,68,39,1,0.978427,0.0211378
g3_mex,all,hispanic,1,final,2021-02,80,47,7,0.920275,0.0457123
g3_mex,all,hispanic,1,final,2021-03,67,37,4,0.94077,0.0438153
g3_mex,all,hispanic,1,final,2021-04,74,35,10,0.956213,0.0227902
g3_mex,all,hispanic,1,final,2021-05,85,46,6,0.958504,0.0267352
g3_mex,all,hispanic,1,final,2021-06,54,33,6,0.905745,0.0653682
g3_mex,all,hispanic,1,final,2021-07,75,45,2,0.973604,0.0190593
g3_mex,all,hispanic,1,final,2021-08,92,43,6,0.921907,0.0397954
g3_mex,all,hispanic,1,final,2021-09,77,40,6,0.950969,0.0348259
g3_mex,all,hispanic,1,final,2021-10,91,46,9,0.902402,0.0371108
g3_mex,all,hispanic,1,final,2021-11,97,48,7,0.923023,0.0339805
g3_mex,all,hispanic,1,final,2021-12,71,34,3,0.988347,0.0105594
g3_mex,all,hispanic,1,final,2022-01,72,40,2,0.969213,0.0263269
g3_mex,all,hispanic,1,final,2022-02,84,40,12,0.880265,0.0512977
g3_mex,all,hispanic,1,final,2022-03,80,39,3,0.983125,0.0139724
g3_mex,all,hispanic,1,final,2022-04,73,39,12,0.892819,0.0549601
g3_mex,all,hispanic,1,final,2022-05,75,39,10,0.858492,0.0642407
g3_mex,all,hispanic,1,final,2022-06,72,40,6,0.933606,0.0371349
g3_mex,all,hispanic,1,final,2022-07,58,33,2,0.966026,0.0335765
g3_mex,all,hispanic,1,final,2022-08,77,40,10,0.914733,0.0433201
g3_mex,all,hispanic,1,final,2022-09,77,36,1,0.982847,0.0164054
g3_mex,all,hispanic,1,final,2022-10,85,44,6,0.964824,0.0236852
g3_mex,all,hispanic,1,final,2022-11,58,31,5,0.939082,0.038095
g3_mex,all,hispanic,1,final,2022-12,67,35,12,0.867981,0.0616259
g3_mex,all,hispanic,1,final,2023-01,77,41,4,0.965775,0.0179679
g3_mex,all,hispanic,1,final,2023-02,65,36,12,0.811122,0.104193
g3_mex,all,hispanic,1,final,2023-03,79,44,5,0.941557,0.0420875
g3_mex,all,hispanic,1,final,2023-04,103,54,5,0.967915,0.0204171
g3_mex,all,hispanic,1,final,2023-05,93,55,5,0.947022,0.0311576
g3_mex,all,hispanic,1,final,2023-06,73,40,9,0.865868,0.0627031
g3_mex,all,hispanic,1,final,2023-07,90,43,6,0.945453,0.0394969
g3_mex,all,hispanic,1,final,2023-08,98,42,8,0.907399,0.0744357
g3_mex,all,hispanic,1,final,2023-09,112,54,8,0.918986,0.0398834
g3_mex,all,hispanic,1,final,2023-10,83,48,7,0.933754,0.0320587
g3_mex,all,hispanic,1,final,2023-11,77,45,2,0.979473,0.0151871
g3_mex,all,hispanic,1,final,2023-12,78,37,4,0.941474,0.0409501
g3_mex,all,hispanic,1,final,2024-01,72,36,10,0.867046,0.0587921
g3_mex,all,hispanic,1,final,2024-02,77,40,5,0.949532,0.0350137
g3_mex,all,hispanic,1,final,2024-03,86,45,2,0.981872,0.013289
g3_mex,all,hispanic,1,final,2024-04,104,48,2,0.977705,0.0160501
g3_mex,all,hispanic,1,final,2024-05,69,39,12,0.834574,0.0657308
g3_mex,all,hispanic,1,final,2024-06,82,38,3,0.974502,0.017129
g3_mex,all,hispanic,1,final,2024-07,82,45,5,0.944064,0.0381517
g3_mex,all,hispanic,1,final,2024-08,90,50,4,0.968996,0.0226008
g3_mex,all,hispanic,1,final,2024-09,85,44,6,0.939321,0.0415486
g3_mex,all,hispanic,1,final,2024-10,73,38,5,0.940387,0.0376585
g3_mex,all,hispanic,1,final,2024-11,93,48,5,0.944476,0.0405095
g3_mex,all,hispanic,1,final,2024-12,76,36,9,0.855563,0.0723063
g3_mex,all,hispanic,1,final,2025-01,81,42,5,0.944256,0.0285893
g3_mex,all,hispanic,1,final,2025-02,83,38,1,0.994424,0.00559254
g3_mex,all,hispanic,1,final,2025-03,109,54,17,0.867159,0.0516108
g3_mex,all,hispanic,1,final,2025-04,109,55,16,0.883932,0.047836
g3_mex,all,hispanic,1,final,2025-05,53,30,9,0.863659,0.067896
g3_mex,all,hispanic,1,final,2025-06,65,33,5,0.960407,0.0297009
g3_mex,all,hispanic,1,final,2025-07,73,41,11,0.823696,0.0710322
g3_mex,all,hispanic,1,final,2025-08,98,49,6,0.943114,0.0326527
g3_mex,all,hispanic,1,final,2025-09,80,46,10,0.880477,0.0568465
g3_mex,all,hispanic,1,final,2025-11,67,36,1,0.98149,0.0188122
g3_mex,all,hispanic,1,final,2025-12,93,46,2,0.974335,0.025763
g3_mex,all,hispanic,1,final,2026-01,82,40,8,0.902283,0.0564969
g3_mex,all,hispanic,1,final,2026-02,93,51,4,0.95729,0.0271439
g3_mex,all,hispanic,1,final,2026-03,74,38,8,0.932437,0.0354445
g3_mex,all,hispanic,1,final,2026-04,77,40,4,0.963753,0.0275471
g3_mex,all,hispanic,1,final,2026-05,67,36,7,0.943867,0.0342947
g3_mex,all,hispanic,1,final,2026-06,66,35,9,0.871382,0.0743956
g3_mex,all,hispanic,1,final,2026-07,70,35,2,0.968773,0.0231488
g3_mex,all,hispanic,1,final,2026-08,70,36,5,0.956392,0.0260111
g3_mex,all,hispanic,5,unweighted,2019-01,102,58,6,0.941176,0.0234722
g3_mex,all,hispanic,5,unweighted,2019-02,80,41,5,0.9375,0.0278524
g3_mex,all,hispanic,5,unweighted,2019-03,72,39,5,0.930556,0.0364703
g3_mex,all,hispanic,5,unweighted,2019-04,112,63,17,0.848214,0.0556721
g3_mex,all,hispanic,5,unweighted,2019-05,66,36,7,0.893939,0.0662189
g3_mex,all,hispanic,5,unweighted,2019-06,100,46,18,0.82,0.0642538
g3_mex,all,hispanic,5,unweighted,2019-07,79,47,13,0.835443,0.0452802
g3_mex,all,hispanic,5,unweighted,2019-08,85,47,7,0.917647,0.0394189
g3_mex,all,hispanic,5,unweighted,2019-09,105,52,19,0.819048,0.0609805
g3_mex,all,hispanic,5,unweighted,2019-10,99,50,9,0.909091,0.0349052
g3_mex,all,hispanic,5,unweighted,2019-11,70,39,11,0.842857,0.0647532
g3_mex,all,hispanic,5,unweighted,2019-12,97,48,2,0.979381,0.0145082
g3_mex,all,hispanic,5,unweighted,2020-01,75,40,6,0.92,0.0483648
g3_mex,all,hispanic,5,unweighted,2020-02,87,46,12,0.862069,0.0554027
g3_mex,all,hispanic,5,unweighted,2020-03,86,46,8,0.906977,0.0563572
g3_mex,all,hispanic,5,unweighted,2020-04,41,25,14,0.658537,0.124952
g3_mex,all,hispanic,5,unweighted,2020-05,87,37,21,0.758621,0.0755231
g3_mex,all,hispanic,5,unweighted,2020-06,72,37,4,0.944444,0.0340974
g3_mex,all,hispanic,5,unweighted,2020-07,83,41,4,0.951807,0.0234937
g3_mex,all,hispanic,5,unweighted,2020-08,70,38,4,0.942857,0.0398816
g3_mex,all,hispanic,5,unweighted,2020-09,90,47,8,0.911111,0.0458703
g3_mex,all,hispanic,5,unweighted,2020-10,67,39,6,0.910448,0.0420829
g3_mex,all,hispanic,5,unweighted,2020-11,90,54,2,0.977778,0.0221859
g3_mex,all,hispanic,5,unweighted,2020-12,98,52,12,0.877551,0.0484499
g3_mex,all,hispanic,5,unweighted,2021-01,81,45,10,0.876543,0.0459414
g3_mex,all,hispanic,5,unweighted,2021-02,77,39,15,0.805195,0.0788711
g3_mex,all,hispanic,5,unweighted,2021-03,75,37,6,0.92,0.0485358
g3_mex,all,hispanic,5,unweighted,2021-04,89,41,3,0.966292,0.0252751
g3_mex,all,hispanic,5,unweighted,2021-05,92,49,9,0.902174,0.047395
g3_mex,all,hispanic,5,unweighted,2021-06,68,36,3,0.955882,0.0329011
g3_mex,all,hispanic,5,unweighted,2021-07,105,55,11,0.895238,0.0419108
g3_mex,all,hispanic,5,unweighted,2021-08,58,36,2,0.965517,0.0247729
g3_mex,all,hispanic,5,unweighted,2021-09,78,41,8,0.897436,0.0571105
g3_mex,all,hispanic,5,unweighted,2021-10,93,44,19,0.795699,0.0641613
g3_mex,all,hispanic,5,unweighted,2021-11,55,30,4,0.927273,0.0506358
g3_mex,all,hispanic,5,unweighted,2021-12,81,41,5,0.938272,0.0326873
g3_mex,all,hispanic,5,unweighted,2022-01,77,42,2,0.974026,0.018686
g3_mex,all,hispanic,5,unweighted,2022-02,75,44,8,0.893333,0.0538977
g3_mex,all,hispanic,5,unweighted,2022-03,51,29,7,0.862745,0.0667002
g3_mex,all,hispanic,5,unweighted,2022-04,88,45,7,0.920455,0.0371279
g3_mex,all,hispanic,5,unweighted,2022-05,64,37,7,0.890625,0.0730279
g3_mex,all,hispanic,5,unweighted,2022-06,59,32,10,0.830508,0.0718025
g3_mex,all,hispanic,5,unweighted,2022-07,76,38,2,0.973684,0.0179821
g3_mex,all,hispanic,5,unweighted,2022-08,84,39,11,0.869048,0.0532212
g3_mex,all,hispanic,5,unweighted,2022-09,55,31,5,0.909091,0.0524378
g3_mex,all,hispanic,5,unweighted,2022-10,76,41,6,0.921053,0.0361096
g3_mex,all,hispanic,5,unweighted,2022-11,97,49,8,0.917526,0.0419274
g3_mex,all,hispanic,5,unweighted,2022-12,74,38,3,0.959459,0.0303057
g3_mex,all,hispanic,5,unweighted,2023-01,57,34,0,1,0
g3_mex,all,hispanic,5,unweighted,2023-02,84,41,13,0.845238,0.065125
g3_mex,all,hispanic,5,unweighted,2023-03,84,42,9,0.892857,0.0547138
g3_mex,all,hispanic,5,unweighted,2023-04,63,33,5,0.920635,0.0554878
g3_mex,all,hispanic,5,unweighted,2023-05,65,33,5,0.923077,0.0539866
g3_mex,all,hispanic,5,unweighted,2023-06,68,33,3,0.955882,0.0331147
g3_mex,all,hispanic,5,unweighted,2023-07,65,37,1,0.984615,0.0156429
g3_mex,all,hispanic,5,unweighted,2023-08,74,40,8,0.891892,0.0574403
g3_mex,all,hispanic,5,unweighted,2023-09,74,35,7,0.905405,0.0659429
g3_mex,all,hispanic,5,unweighted,2023-10,91,50,9,0.901099,0.0403722
g3_mex,all,hispanic,5,unweighted,2023-11,51,29,6,0.882353,0.0564654
g3_mex,all,hispanic,5,unweighted,2023-12,53,29,4,0.924528,0.0464508
g3_mex,all,hispanic,5,unweighted,2024-01,63,36,6,0.904762,0.0391331
g3_mex,all,hispanic,5,unweighted,2024-02,76,43,9,0.881579,0.0679776
g3_mex,all,hispanic,5,unweighted,2024-03,79,43,7,0.911392,0.0474886
g3_mex,all,hispanic,5,unweighted,2024-04,71,41,4,0.943662,0.0339778
g3_mex,all,hispanic,5,unweighted,2024-05,92,49,4,0.956522,0.026465
g3_mex,all,hispanic,5,unweighted,2024-06,78,44,10,0.871795,0.0467251
g3_mex,all,hispanic,5,unweighted,2024-07,82,41,4,0.95122,0.038065
g3_mex,all,hispanic,5,unweighted,2024-08,102,41,14,0.862745,0.0661342
g3_mex,all,hispanic,5,unweighted,2024-09,97,45,10,0.896907,0.046588
g3_mex,all,hispanic,5,unweighted,2024-10,100,51,9,0.91,0.0393914
g3_mex,all,hispanic,5,unweighted,2024-11,78,43,1,0.987179,0.0128286
g3_mex,all,hispanic,5,unweighted,2024-12,72,38,5,0.930556,0.0406724
g3_mex,all,hispanic,5,unweighted,2025-01,65,34,7,0.892308,0.0484177
g3_mex,all,hispanic,5,unweighted,2025-02,75,41,6,0.92,0.0465556
g3_mex,all,hispanic,5,unweighted,2025-03,68,38,1,0.985294,0.0144749
g3_mex,all,hispanic,5,unweighted,2025-04,73,36,0,1,0
g3_mex,all,hispanic,5,unweighted,2025-05,57,29,4,0.929825,0.0492566
g3_mex,all,hispanic,5,unweighted,2025-06,100,47,5,0.95,0.0326681
g3_mex,all,hispanic,5,unweighted,2025-07,82,46,2,0.97561,0.0174992
g3_mex,all,hispanic,5,unweighted,2025-08,83,43,3,0.963855,0.0269526
g3_mex,all,hispanic,5,unweighted,2025-09,82,44,5,0.939024,0.0314013
g3_mex,all,hispanic,5,unweighted,2025-11,91,46,7,0.923077,0.0351966
g3_mex,all,hispanic,5,unweighted,2025-12,84,41,9,0.892857,0.0537152
g3_mex,all,hispanic,5,unweighted,2026-01,57,32,4,0.929825,0.0423052
g3_mex,all,hispanic,5,unweighted,2026-02,82,39,4,0.95122,0.0298819
g3_mex,all,hispanic,5,unweighted,2026-03,81,46,12,0.851852,0.0685546
g3_mex,all,hispanic,5,unweighted,2026-04,109,55,13,0.880734,0.0491182
g3_mex,all,hispanic,5,unweighted,2026-05,67,38,4,0.940299,0.0462014
g3_mex,all,hispanic,5,unweighted,2026-06,73,38,7,0.90411,0.0424052
g3_mex,all,hispanic,5,unweighted,2026-07,69,36,7,0.898551,0.0475047
g3_mex,all,hispanic,5,unweighted,2026-08,84,45,5,0.940476,0.0354259
g3_mex,all,hispanic,5,state_mean,2019-01,102,58,6,0.935505,0.0259229
g3_mex,all,hispanic,5,state_mean,2019-02,80,41,5,0.929917,0.0311965
g3_mex,all,hispanic,5,state_mean,2019-03,72,39,5,0.94264,0.0336109
g3_mex,all,hispanic,5,state_mean,2019-04,112,63,17,0.839669,0.0627704
g3_mex,all,hispanic,5,state_mean,2019-05,66,36,7,0.914717,0.0506481
g3_mex,all,hispanic,5,state_mean,2019-06,100,46,18,0.833905,0.0664211
g3_mex,all,hispanic,5,state_mean,2019-07,79,47,13,0.807402,0.0513152
g3_mex,all,hispanic,5,state_mean,2019-08,85,47,7,0.93806,0.0330729
g3_mex,all,hispanic,5,state_mean,2019-09,105,52,19,0.814047,0.0625095
g3_mex,all,hispanic,5,state_mean,2019-10,99,50,9,0.917096,0.0360062
g3_mex,all,hispanic,5,state_mean,2019-11,70,39,11,0.847343,0.0632747
g3_mex,all,hispanic,5,state_mean,2019-12,97,48,2,0.977098,0.016085
g3_mex,all,hispanic,5,state_mean,2020-01,75,40,6,0.916981,0.0504522
g3_mex,all,hispanic,5,state_mean,2020-02,87,46,12,0.877655,0.0531865
g3_mex,all,hispanic,5,state_mean,2020-03,86,46,8,0.955983,0.0263462
g3_mex,all,hispanic,5,state_mean,2020-04,41,25,14,0.641393,0.149157
g3_mex,all,hispanic,5,state_mean,2020-05,87,37,21,0.815048,0.0641519
g3_mex,all,hispanic,5,state_mean,2020-06,72,37,4,0.9516,0.0336389
g3_mex,all,hispanic,5,state_mean,2020-07,83,41,4,0.939864,0.029222
g3_mex,all,hispanic,5,state_mean,2020-08,70,38,4,0.935723,0.0451231
g3_mex,all,hispanic,5,state_mean,2020-09,90,47,8,0.915067,0.0477407
g3_mex,all,hispanic,5,state_mean,2020-10,67,39,6,0.913154,0.0465148
g3_mex,all,hispanic,5,state_mean,2020-11,90,54,2,0.975852,0.0240817
g3_mex,all,hispanic,5,state_mean,2020-12,98,52,12,0.90786,0.0427512
g3_mex,all,hispanic,5,state_mean,2021-01,81,45,10,0.891393,0.0450824
g3_mex,all,hispanic,5,state_mean,2021-02,77,39,15,0.843982,0.0681015
g3_mex,all,hispanic,5,state_mean,2021-03,75,37,6,0.96282,0.0277331
g3_mex,all,hispanic,5,state_mean,2021-04,89,41,3,0.983072,0.0147277
g3_mex,all,hispanic,5,state_mean,2021-05,92,49,9,0.928276,0.0469725
g3_mex,all,hispanic,5,state_mean,2021-06,68,36,3,0.955157,0.0337646
g3_mex,all,hispanic,5,state_mean,2021-07,105,55,11,0.897239,0.0452805
g3_mex,all,hispanic,5,state_mean,2021-08,58,36,2,0.961923,0.0273684
g3_mex,all,hispanic,5,state_mean,2021-09,78,41,8,0.887295,0.0622356
g3_mex,all,hispanic,5,state_mean,2021-10,93,44,19,0.802688,0.0675188
g3_mex,all,hispanic,5,state_mean,2021-11,55,30,4,0.919525,0.0561478
g3_mex,all,hispanic,5,state_mean,2021-12,81,41,5,0.954634,0.02891
g3_mex,all,hispanic,5,state_mean,2022-01,77,42,2,0.979349,0.0156299
g3_mex,all,hispanic,5,state_mean,2022-02,75,44,8,0.915604,0.047362
g3_mex,all,hispanic,5,state_mean,2022-03,51,29,7,0.870547,0.0733267
g3_mex,all,hispanic,5,state_mean,2022-04,88,45,7,0.95322,0.0239969
g3_mex,all,hispanic,5,state_mean,2022-05,64,37,7,0.897317,0.0773561
g3_mex,all,hispanic,5,state_mean,2022-06,59,32,10,0.851858,0.070293
g3_mex,all,hispanic,5,state_mean,2022-07,76,38,2,0.974621,0.0182296
g3_mex,all,hispanic,5,state_mean,2022-08,84,39,11,0.853503,0.0605888
g3_mex,all,hispanic,5,state_mean,2022-09,55,31,5,0.930224,0.0441286
g3_mex,all,hispanic,5,state_mean,2022-10,76,41,6,0.906228,0.0448604
g3_mex,all,hispanic,5,state_mean,2022-11,97,49,8,0.917478,0.0420946
g3_mex,all,hispanic,5,state_mean,2022-12,74,38,3,0.973321,0.0194472
g3_mex,all,hispanic,5,state_mean,2023-01,57,34,0,1,0
g3_mex,all,hispanic,5,state_mean,2023-02,84,41,13,0.845003,0.0688649
g3_mex,all,hispanic,5,state_mean,2023-03,84,42,9,0.878887,0.0717527
g3_mex,all,hispanic,5,state_mean,2023-04,63,33,5,0.915261,0.0591321
g3_mex,all,hispanic,5,state_mean,2023-05,65,33,5,0.907665,0.0634627
g3_mex,all,hispanic,5,state_mean,2023-06,68,33,3,0.974771,0.0207227
g3_mex,all,hispanic,5,state_mean,2023-07,65,37,1,0.982241,0.0180558
g3_mex,all,hispanic,5,state_mean,2023-08,74,40,8,0.923021,0.0401633
g3_mex,all,hispanic,5,state_mean,2023-09,74,35,7,0.951165,0.0278353
g3_mex,all,hispanic,5,state_mean,2023-10,91,50,9,0.940184,0.0311984
g3_mex,all,hispanic,5,state_mean,2023-11,51,29,6,0.919899,0.0408888
g3_mex,all,hispanic,5,state_mean,2023-12,53,29,4,0.935007,0.0439535
g3_mex,all,hispanic,5,state_mean,2024-01,63,36,6,0.900962,0.041281
g3_mex,all,hispanic,5,state_mean,2024-02,76,43,9,0.892242,0.0545935
g3_mex,all,hispanic,5,state_mean,2024-03,79,43,7,0.913392,0.0496201
g3_mex,all,hispanic,5,state_mean,2024-04,71,41,4,0.94873,0.0382104
g3_mex,all,hispanic,5,state_mean,2024-05,92,49,4,0.962139,0.0219398
g3_mex,all,hispanic,5,state_mean,2024-06,78,44,10,0.884834,0.046015
g3_mex,all,hispanic,5,state_mean,2024-07,82,41,4,0.973873,0.0250365
g3_mex,all,hispanic,5,state_mean,2024-08,102,41,14,0.870356,0.0739114
g3_mex,all,hispanic,5,state_mean,2024-09,97,45,10,0.884354,0.05692
g3_mex,all,hispanic,5,state_mean,2024-10,100,51,9,0.91503,0.0428724
g3_mex,all,hispanic,5,state_mean,2024-11,78,43,1,0.98534,0.0146269
g3_mex,all,hispanic,5,state_mean,2024-12,72,38,5,0.917169,0.0477316
g3_mex,all,hispanic,5,state_mean,2025-01,65,34,7,0.872164,0.0579371
g3_mex,all,hispanic,5,state_mean,2025-02,75,41,6,0.932416,0.0494494
g3_mex,all,hispanic,5,state_mean,2025-03,68,38,1,0.98683,0.0130434
g3_mex,all,hispanic,5,state_mean,2025-04,73,36,0,1,0
g3_mex,all,hispanic,5,state_mean,2025-05,57,29,4,0.930284,0.0495185
g3_mex,all,hispanic,5,state_mean,2025-06,100,47,5,0.978922,0.0140979
g3_mex,all,hispanic,5,state_mean,2025-07,82,46,2,0.970309,0.0212269
g3_mex,all,hispanic,5,state_mean,2025-08,83,43,3,0.954973,0.0334319
g3_mex,all,hispanic,5,state_mean,2025-09,82,44,5,0.944088,0.0323032
g3_mex,all,hispanic,5,state_mean,2025-11,91,46,7,0.921956,0.0388737
g3_mex,all,hispanic,5,state_mean,2025-12,84,41,9,0.863475,0.0683996
g3_mex,all,hispanic,5,state_mean,2026-01,57,32,4,0.931419,0.047999
g3_mex,all,hispanic,5,state_mean,2026-02,82,39,4,0.964722,0.0212362
g3_mex,all,hispanic,5,state_mean,2026-03,81,46,12,0.841039,0.0725557
g3_mex,all,hispanic,5,state_mean,2026-04,109,55,13,0.894492,0.0442359
g3_mex,all,hispanic,5,state_mean,2026-05,67,38,4,0.941532,0.0446512
g3_mex,all,hispanic,5,state_mean,2026-06,73,38,7,0.876439,0.0528777
g3_mex,all,hispanic,5,state_mean,2026-07,69,36,7,0.867194,0.0608153
g3_mex,all,hispanic,5,state_mean,2026-08,84,45,5,0.93494,0.0388328
g3_mex,all,hispanic,5,final,2019-01,102,58,6,0.935981,0.0263369
g3_mex,all,hispanic,5,final,2019-02,80,41,5,0.922579,0.0347754
g3_mex,all,hispanic,5,final,2019-03,72,39,5,0.924433,0.0464464
g3_mex,all,hispanic,5,final,2019-04,112,63,17,0.869028,0.0516628
g3_mex,all,hispanic,5,final,2019-05,66,36,7,0.920752,0.0465148
g3_mex,all,hispanic,5,final,2019-06,100,46,18,0.854557,0.0603061
g3_mex,all,hispanic,5,final,2019-07,79,47,13,0.827884,0.0481119
g3_mex,all,hispanic,5,final,2019-08,85,47,7,0.946478,0.0293671
g3_mex,all,hispanic,5,final,2019-09,105,52,19,0.829645,0.0562408
g3_mex,all,hispanic,5,final,2019-10,99,50,9,0.934385,0.0278307
g3_mex,all,hispanic,5,final,2019-11,70,39,11,0.827705,0.067822
g3_mex,all,hispanic,5,final,2019-12,97,48,2,0.980541,0.0138433
g3_mex,all,hispanic,5,final,2020-01,75,40,6,0.933724,0.0400641
g3_mex,all,hispanic,5,final,2020-02,87,46,12,0.906075,0.0427064
g3_mex,all,hispanic,5,final,2020-03,86,46,8,0.949041,0.0329488
g3_mex,all,hispanic,5,final,2020-04,41,25,14,0.642037,0.145407
g3_mex,all,hispanic,5,final,2020-05,87,37,21,0.849253,0.0560182
g3_mex,all,hispanic,5,final,2020-06,72,37,4,0.963847,0.0260258
g3_mex,all,hispanic,5,final,2020-07,83,41,4,0.933438,0.0318904
g3_mex,all,hispanic,5,final,2020-08,70,38,4,0.945376,0.0393295
g3_mex,all,hispanic,5,final,2020-09,90,47,8,0.927539,0.0404501
g3_mex,all,hispanic,5,final,2020-10,67,39,6,0.922705,0.0411547
g3_mex,all,hispanic,5,final,2020-11,90,54,2,0.97897,0.0210427
g3_mex,all,hispanic,5,final,2020-12,98,52,12,0.919102,0.0383533
g3_mex,all,hispanic,5,final,2021-01,81,45,10,0.888768,0.0466346
g3_mex,all,hispanic,5,final,2021-02,77,39,15,0.846179,0.0704428
g3_mex,all,hispanic,5,final,2021-03,75,37,6,0.963544,0.0258733
g3_mex,all,hispanic,5,final,2021-04,89,41,3,0.984034,0.0135914
g3_mex,all,hispanic,5,final,2021-05,92,49,9,0.921392,0.0525369
g3_mex,all,hispanic,5,final,2021-06,68,36,3,0.960177,0.0300905
g3_mex,all,hispanic,5,final,2021-07,105,55,11,0.881372,0.0591594
g3_mex,all,hispanic,5,final,2021-08,58,36,2,0.965167,0.025112
g3_mex,all,hispanic,5,final,2021-09,78,41,8,0.901566,0.0552254
g3_mex,all,hispanic,5,final,2021-10,93,44,19,0.818616,0.0640281
g3_mex,all,hispanic,5,final,2021-11,55,30,4,0.920753,0.0573717
g3_mex,all,hispanic,5,final,2021-12,81,41,5,0.95603,0.0280404
g3_mex,all,hispanic,5,final,2022-01,77,42,2,0.978228,0.0172473
g3_mex,all,hispanic,5,final,2022-02,75,44,8,0.911502,0.0497763
g3_mex,all,hispanic,5,final,2022-03,51,29,7,0.897583,0.0569485
g3_mex,all,hispanic,5,final,2022-04,88,45,7,0.966033,0.017415
g3_mex,all,hispanic,5,final,2022-05,64,37,7,0.912213,0.0699822
g3_mex,all,hispanic,5,final,2022-06,59,32,10,0.853066,0.0707763
g3_mex,all,hispanic,5,final,2022-07,76,38,2,0.979059,0.0156636
g3_mex,all,hispanic,5,final,2022-08,84,39,11,0.827119,0.0689358
g3_mex,all,hispanic,5,final,2022-09,55,31,5,0.934421,0.0426858
g3_mex,all,hispanic,5,final,2022-10,76,41,6,0.919192,0.0392823
g3_mex,all,hispanic,5,final,2022-11,97,49,8,0.90973,0.0460164
g3_mex,all,hispanic,5,final,2022-12,74,38,3,0.9746,0.0185352
g3_mex,all,hispanic,5,final,2023-01,57,34,0,1,0
g3_mex,all,hispanic,5,final,2023-02,84,41,13,0.831444,0.0773531
g3_mex,all,hispanic,5,final,2023-03,84,42,9,0.902845,0.0564344
g3_mex,all,hispanic,5,final,2023-04,63,33,5,0.934573,0.046547
g3_mex,all,hispanic,5,final,2023-05,65,33,5,0.918487,0.0563002
g3_mex,all,hispanic,5,final,2023-06,68,33,3,0.980205,0.0159761
g3_mex,all,hispanic,5,final,2023-07,65,37,1,0.983601,0.0166849
g3_mex,all,hispanic,5,final,2023-08,74,40,8,0.920684,0.0414222
g3_mex,all,hispanic,5,final,2023-09,74,35,7,0.95022,0.0281453
g3_mex,all,hispanic,5,final,2023-10,91,50,9,0.945355,0.0292176
g3_mex,all,hispanic,5,final,2023-11,51,29,6,0.937815,0.0324134
g3_mex,all,hispanic,5,final,2023-12,53,29,4,0.927492,0.0546903
g3_mex,all,hispanic,5,final,2024-01,63,36,6,0.906012,0.0402034
g3_mex,all,hispanic,5,final,2024-02,76,43,9,0.903321,0.049398
g3_mex,all,hispanic,5,final,2024-03,79,43,7,0.915963,0.0492283
g3_mex,all,hispanic,5,final,2024-04,71,41,4,0.956786,0.0306259
g3_mex,all,hispanic,5,final,2024-05,92,49,4,0.959787,0.0233403
g3_mex,all,hispanic,5,final,2024-06,78,44,10,0.878529,0.0485284
g3_mex,all,hispanic,5,final,2024-07,82,41,4,0.978854,0.0202262
g3_mex,all,hispanic,5,final,2024-08,102,41,14,0.872776,0.074713
g3_mex,all,hispanic,5,final,2024-09,97,45,10,0.898061,0.0512651
g3_mex,all,hispanic,5,final,2024-10,100,51,9,0.927263,0.0384762
g3_mex,all,hispanic,5,final,2024-11,78,43,1,0.986724,0.0132763
g3_mex,all,hispanic,5,final,2024-12,72,38,5,0.911843,0.051303
g3_mex,all,hispanic,5,final,2025-01,65,34,7,0.889125,0.0523279
g3_mex,all,hispanic,5,final,2025-02,75,41,6,0.943036,0.0394403
g3_mex,all,hispanic,5,final,2025-03,68,38,1,0.990491,0.0093358
g3_mex,all,hispanic,5,final,2025-04,73,36,0,1,0
g3_mex,all,hispanic,5,final,2025-05,57,29,4,0.951615,0.0349371
g3_mex,all,hispanic,5,final,2025-06,100,47,5,0.981095,0.013438
g3_mex,all,hispanic,5,final,2025-07,82,46,2,0.947488,0.0428073
g3_mex,all,hispanic,5,final,2025-08,83,43,3,0.957637,0.0338645
g3_mex,all,hispanic,5,final,2025-09,82,44,5,0.944548,0.0312979
g3_mex,all,hispanic,5,final,2025-11,91,46,7,0.911107,0.0458342
g3_mex,all,hispanic,5,final,2025-12,84,41,9,0.877491,0.0658143
g3_mex,all,hispanic,5,final,2026-01,57,32,4,0.954417,0.031344
g3_mex,all,hispanic,5,final,2026-02,82,39,4,0.970387,0.0187269
g3_mex,all,hispanic,5,final,2026-03,81,46,12,0.864474,0.0649464
g3_mex,all,hispanic,5,final,2026-04,109,55,13,0.920836,0.0353455
g3_mex,all,hispanic,5,final,2026-05,67,38,4,0.94479,0.043898
g3_mex,all,hispanic,5,final,2026-06,73,38,7,0.876837,0.0540151
g3_mex,all,hispanic,5,final,2026-07,69,36,7,0.86049,0.0642698
g3_mex,all,hispanic,5,final,2026-08,84,45,5,0.944409,0.0344291
g3_mex,all,hispanic,1+5,unweighted,2019-01,190,100,14,0.926316,0.026836
g3_mex,all,hispanic,1+5,unweighted,2019-02,167,85,15,0.91018,0.0281077
g3_mex,all,hispanic,1+5,unweighted,2019-03,165,88,17,0.89697,0.0368445
g3_mex,all,hispanic,1+5,unweighted,2019-04,202,106,34,0.831683,0.0445024
g3_mex,all,hispanic,1+5,unweighted,2019-05,146,72,12,0.917808,0.0350221
g3_mex,all,hispanic,1+5,unweighted,2019-06,194,96,25,0.871134,0.0371911
g3_mex,all,hispanic,1+5,unweighted,2019-07,162,89,19,0.882716,0.0289174
g3_mex,all,hispanic,1+5,unweighted,2019-08,171,90,10,0.94152,0.0238742
g3_mex,all,hispanic,1+5,unweighted,2019-09,186,97,30,0.83871,0.0420894
g3_mex,all,hispanic,1+5,unweighted,2019-10,162,87,14,0.91358,0.0276133
g3_mex,all,hispanic,1+5,unweighted,2019-11,157,88,15,0.904459,0.0331341
g3_mex,all,hispanic,1+5,unweighted,2019-12,203,96,9,0.955665,0.0176444
g3_mex,all,hispanic,1+5,unweighted,2020-01,154,81,19,0.876623,0.0378511
g3_mex,all,hispanic,1+5,unweighted,2020-02,163,84,26,0.840491,0.0457481
g3_mex,all,hispanic,1+5,unweighted,2020-03,142,78,15,0.894366,0.0443755
g3_mex,all,hispanic,1+5,unweighted,2020-04,78,42,16,0.794872,0.0781819
g3_mex,all,hispanic,1+5,unweighted,2020-05,140,62,27,0.807143,0.0543367
g3_mex,all,hispanic,1+5,unweighted,2020-06,106,57,5,0.95283,0.0249615
g3_mex,all,hispanic,1+5,unweighted,2020-07,121,62,12,0.900826,0.0369673
g3_mex,all,hispanic,1+5,unweighted,2020-08,122,67,10,0.918033,0.0400904
g3_mex,all,hispanic,1+5,unweighted,2020-09,181,95,16,0.911602,0.0335338
g3_mex,all,hispanic,1+5,unweighted,2020-10,169,89,26,0.846154,0.0426269
g3_mex,all,hispanic,1+5,unweighted,2020-11,154,86,11,0.928571,0.0287823
g3_mex,all,hispanic,1+5,unweighted,2020-12,157,84,17,0.89172,0.0352769
g3_mex,all,hispanic,1+5,unweighted,2021-01,149,84,11,0.926174,0.0263513
g3_mex,all,hispanic,1+5,unweighted,2021-02,157,86,22,0.859873,0.0477506
g3_mex,all,hispanic,1+5,unweighted,2021-03,142,74,10,0.929577,0.0305948
g3_mex,all,hispanic,1+5,unweighted,2021-04,163,76,13,0.920245,0.0320372
g3_mex,all,hispanic,1+5,unweighted,2021-05,177,95,15,0.915254,0.0320046
g3_mex,all,hispanic,1+5,unweighted,2021-06,122,69,9,0.92623,0.0347468
g3_mex,all,hispanic,1+5,unweighted,2021-07,180,100,13,0.927778,0.0256687
g3_mex,all,hispanic,1+5,unweighted,2021-08,150,79,8,0.946667,0.0212558
g3_mex,all,hispanic,1+5,unweighted,2021-09,155,81,14,0.909677,0.0369008
g3_mex,all,hispanic,1+5,unweighted,2021-10,184,90,28,0.847826,0.0373126
g3_mex,all,hispanic,1+5,unweighted,2021-11,152,78,11,0.927632,0.0275398
g3_mex,all,hispanic,1+5,unweighted,2021-12,152,75,8,0.947368,0.0226773
g3_mex,all,hispanic,1+5,unweighted,2022-01,149,82,4,0.973154,0.0134866
g3_mex,all,hispanic,1+5,unweighted,2022-02,159,84,20,0.874214,0.0400549
g3_mex,all,hispanic,1+5,unweighted,2022-03,131,68,10,0.923664,0.0300679
g3_mex,all,hispanic,1+5,unweighted,2022-04,161,84,19,0.881988,0.0393361
g3_mex,all,hispanic,1+5,unweighted,2022-05,139,76,17,0.877698,0.0458715
g3_mex,all,hispanic,1+5,unweighted,2022-06,131,72,16,0.877863,0.0402608
g3_mex,all,hispanic,1+5,unweighted,2022-07,134,71,4,0.970149,0.0177501
g3_mex,all,hispanic,1+5,unweighted,2022-08,161,79,21,0.869565,0.0411722
g3_mex,all,hispanic,1+5,unweighted,2022-09,132,67,6,0.954545,0.0231809
g3_mex,all,hispanic,1+5,unweighted,2022-10,161,85,12,0.925466,0.0257256
g3_mex,all,hispanic,1+5,unweighted,2022-11,155,80,13,0.916129,0.0321861
g3_mex,all,hispanic,1+5,unweighted,2022-12,141,73,15,0.893617,0.0447675
g3_mex,all,hispanic,1+5,unweighted,2023-01,134,75,4,0.970149,0.0147369
g3_mex,all,hispanic,1+5,unweighted,2023-02,149,77,25,0.832215,0.0555791
g3_mex,all,hispanic,1+5,unweighted,2023-03,163,86,14,0.91411,0.0352881
g3_mex,all,hispanic,1+5,unweighted,2023-04,166,87,10,0.939759,0.0276196
g3_mex,all,hispanic,1+5,unweighted,2023-05,158,88,10,0.936709,0.0272254
g3_mex,all,hispanic,1+5,unweighted,2023-06,141,73,12,0.914894,0.0297597
g3_mex,all,hispanic,1+5,unweighted,2023-07,155,80,7,0.954839,0.0227493
g3_mex,all,hispanic,1+5,unweighted,2023-08,172,82,16,0.906977,0.0420085
g3_mex,all,hispanic,1+5,unweighted,2023-09,186,89,15,0.919355,0.0328659
g3_mex,all,hispanic,1+5,unweighted,2023-10,174,98,16,0.908046,0.026678
g3_mex,all,hispanic,1+5,unweighted,2023-11,128,74,8,0.9375,0.0260787
g3_mex,all,hispanic,1+5,unweighted,2023-12,131,66,8,0.938931,0.0281101
g3_mex,all,hispanic,1+5,unweighted,2024-01,135,72,16,0.881481,0.0370415
g3_mex,all,hispanic,1+5,unweighted,2024-02,153,83,14,0.908497,0.0385323
g3_mex,all,hispanic,1+5,unweighted,2024-03,165,88,9,0.945455,0.024575
g3_mex,all,hispanic,1+5,unweighted,2024-04,175,89,6,0.965714,0.016151
g3_mex,all,hispanic,1+5,unweighted,2024-05,161,88,16,0.900621,0.0316446
g3_mex,all,hispanic,1+5,unweighted,2024-06,160,82,13,0.91875,0.025541
g3_mex,all,hispanic,1+5,unweighted,2024-07,164,86,9,0.945122,0.0260989
g3_mex,all,hispanic,1+5,unweighted,2024-08,192,91,18,0.90625,0.0376892
g3_mex,all,hispanic,1+5,unweighted,2024-09,182,89,16,0.912088,0.0300746
g3_mex,all,hispanic,1+5,unweighted,2024-10,173,89,14,0.919075,0.0274345
g3_mex,all,hispanic,1+5,unweighted,2024-11,171,91,6,0.964912,0.0163534
g3_mex,all,hispanic,1+5,unweighted,2024-12,148,74,14,0.905405,0.0365804
g3_mex,all,hispanic,1+5,unweighted,2025-01,146,76,12,0.917808,0.0275272
g3_mex,all,hispanic,1+5,unweighted,2025-02,158,79,7,0.955696,0.0235233
g3_mex,all,hispanic,1+5,unweighted,2025-03,177,92,18,0.898305,0.0368263
g3_mex,all,hispanic,1+5,unweighted,2025-04,182,91,16,0.912088,0.0346864
g3_mex,all,hispanic,1+5,unweighted,2025-05,110,59,13,0.881818,0.0452034
g3_mex,all,hispanic,1+5,unweighted,2025-06,165,80,10,0.939394,0.0289184
g3_mex,all,hispanic,1+5,unweighted,2025-07,155,87,13,0.916129,0.0290319
g3_mex,all,hispanic,1+5,unweighted,2025-08,181,92,9,0.950276,0.0224625
g3_mex,all,hispanic,1+5,unweighted,2025-09,162,90,15,0.907407,0.0316868
g3_mex,all,hispanic,1+5,unweighted,2025-11,158,82,8,0.949367,0.021506
g3_mex,all,hispanic,1+5,unweighted,2025-12,177,87,11,0.937853,0.0283978
g3_mex,all,hispanic,1+5,unweighted,2026-01,139,72,12,0.913669,0.0338877
g3_mex,all,hispanic,1+5,unweighted,2026-02,175,90,8,0.954286,0.0196761
g3_mex,all,hispanic,1+5,unweighted,2026-03,155,84,20,0.870968,0.0441798
g3_mex,all,hispanic,1+5,unweighted,2026-04,186,95,17,0.908602,0.0326834
g3_mex,all,hispanic,1+5,unweighted,2026-05,134,74,11,0.91791,0.0360536
g3_mex,all,hispanic,1+5,unweighted,2026-06,139,73,16,0.884892,0.0365461
g3_mex,all,hispanic,1+5,unweighted,2026-07,139,71,9,0.935252,0.0258335
g3_mex,all,hispanic,1+5,unweighted,2026-08,154,81,10,0.935065,0.0285035
g3_mex,all,hispanic,1+5,state_mean,2019-01,190,100,14,0.928353,0.0256966
g3_mex,all,hispanic,1+5,state_mean,2019-02,167,85,15,0.910537,0.0288506
g3_mex,all,hispanic,1+5,state_mean,2019-03,165,88,17,0.924212,0.0275941
g3_mex,all,hispanic,1+5,state_mean,2019-04,202,106,34,0.814094,0.0513511
g3_mex,all,hispanic,1+5,state_mean,2019-05,146,72,12,0.919832,0.0309691
g3_mex,all,hispanic,1+5,state_mean,2019-06,194,96,25,0.878481,0.0394954
g3_mex,all,hispanic,1+5,state_mean,2019-07,162,89,19,0.866419,0.0330625
g3_mex,all,hispanic,1+5,state_mean,2019-08,171,90,10,0.950954,0.021146
g3_mex,all,hispanic,1+5,state_mean,2019-09,186,97,30,0.833597,0.0439219
g3_mex,all,hispanic,1+5,state_mean,2019-10,162,87,14,0.912959,0.0307361
g3_mex,all,hispanic,1+5,state_mean,2019-11,157,88,15,0.905472,0.0325332
g3_mex,all,hispanic,1+5,state_mean,2019-12,203,96,9,0.96171,0.016988
g3_mex,all,hispanic,1+5,state_mean,2020-01,154,81,19,0.880597,0.0381313
g3_mex,all,hispanic,1+5,state_mean,2020-02,163,84,26,0.850546,0.0460844
g3_mex,all,hispanic,1+5,state_mean,2020-03,142,78,15,0.930106,0.0346794
g3_mex,all,hispanic,1+5,state_mean,2020-04,78,42,16,0.77919,0.0945577
g3_mex,all,hispanic,1+5,state_mean,2020-05,140,62,27,0.85042,0.0487996
g3_mex,all,hispanic,1+5,state_mean,2020-06,106,57,5,0.957643,0.0246355
g3_mex,all,hispanic,1+5,state_mean,2020-07,121,62,12,0.89661,0.0382168
g3_mex,all,hispanic,1+5,state_mean,2020-08,122,67,10,0.903121,0.0490405
g3_mex,all,hispanic,1+5,state_mean,2020-09,181,95,16,0.914699,0.0337165
g3_mex,all,hispanic,1+5,state_mean,2020-10,169,89,26,0.850374,0.0445712
g3_mex,all,hispanic,1+5,state_mean,2020-11,154,86,11,0.920959,0.0324099
g3_mex,all,hispanic,1+5,state_mean,2020-12,157,84,17,0.912982,0.0325498
g3_mex,all,hispanic,1+5,state_mean,2021-01,149,84,11,0.931418,0.0266468
g3_mex,all,hispanic,1+5,state_mean,2021-02,157,86,22,0.877597,0.0422402
g3_mex,all,hispanic,1+5,state_mean,2021-03,142,74,10,0.954271,0.0243954
g3_mex,all,hispanic,1+5,state_mean,2021-04,163,76,13,0.966668,0.0145548
g3_mex,all,hispanic,1+5,state_mean,2021-05,177,95,15,0.938471,0.0286799
g3_mex,all,hispanic,1+5,state_mean,2021-06,122,69,9,0.929612,0.0356756
g3_mex,all,hispanic,1+5,state_mean,2021-07,180,100,13,0.929006,0.0275605
g3_mex,all,hispanic,1+5,state_mean,2021-08,150,79,8,0.933844,0.0262399
g3_mex,all,hispanic,1+5,state_mean,2021-09,155,81,14,0.92059,0.0340218
g3_mex,all,hispanic,1+5,state_mean,2021-10,184,90,28,0.844907,0.0410809
g3_mex,all,hispanic,1+5,state_mean,2021-11,152,78,11,0.923796,0.0295847
g3_mex,all,hispanic,1+5,state_mean,2021-12,152,75,8,0.970203,0.0157742
g3_mex,all,hispanic,1+5,state_mean,2022-01,149,82,4,0.97691,0.012303
g3_mex,all,hispanic,1+5,state_mean,2022-02,159,84,20,0.893713,0.0363998
g3_mex,all,hispanic,1+5,state_mean,2022-03,131,68,10,0.934891,0.0326327
g3_mex,all,hispanic,1+5,state_mean,2022-04,161,84,19,0.919051,0.0313233
g3_mex,all,hispanic,1+5,state_mean,2022-05,139,76,17,0.877312,0.0486869
g3_mex,all,hispanic,1+5,state_mean,2022-06,131,72,16,0.900301,0.0372542
g3_mex,all,hispanic,1+5,state_mean,2022-07,134,71,4,0.967634,0.0198355
g3_mex,all,hispanic,1+5,state_mean,2022-08,161,79,21,0.883826,0.0376074
g3_mex,all,hispanic,1+5,state_mean,2022-09,132,67,6,0.960986,0.0203309
g3_mex,all,hispanic,1+5,state_mean,2022-10,161,85,12,0.936143,0.0249891
g3_mex,all,hispanic,1+5,state_mean,2022-11,155,80,13,0.921207,0.0317946
g3_mex,all,hispanic,1+5,state_mean,2022-12,141,73,15,0.922252,0.0336818
g3_mex,all,hispanic,1+5,state_mean,2023-01,134,75,4,0.974978,0.0136067
g3_mex,all,hispanic,1+5,state_mean,2023-02,149,77,25,0.831202,0.0572238
g3_mex,all,hispanic,1+5,state_mean,2023-03,163,86,14,0.907021,0.042233
g3_mex,all,hispanic,1+5,state_mean,2023-04,166,87,10,0.945521,0.0274816
g3_mex,all,hispanic,1+5,state_mean,2023-05,158,88,10,0.931981,0.0313127
g3_mex,all,hispanic,1+5,state_mean,2023-06,141,73,12,0.925203,0.0292965
g3_mex,all,hispanic,1+5,state_mean,2023-07,155,80,7,0.954629,0.0287115
g3_mex,all,hispanic,1+5,state_mean,2023-08,172,82,16,0.917987,0.0429496
g3_mex,all,hispanic,1+5,state_mean,2023-09,186,89,15,0.934604,0.0267013
g3_mex,all,hispanic,1+5,state_mean,2023-10,174,98,16,0.931652,0.0236379
g3_mex,all,hispanic,1+5,state_mean,2023-11,128,74,8,0.952651,0.0199691
g3_mex,all,hispanic,1+5,state_mean,2023-12,131,66,8,0.937515,0.0302217
g3_mex,all,hispanic,1+5,state_mean,2024-01,135,72,16,0.886612,0.0347428
g3_mex,all,hispanic,1+5,state_mean,2024-02,153,83,14,0.920738,0.0323574
g3_mex,all,hispanic,1+5,state_mean,2024-03,165,88,9,0.947725,0.0253341
g3_mex,all,hispanic,1+5,state_mean,2024-04,175,89,6,0.964316,0.0189185
g3_mex,all,hispanic,1+5,state_mean,2024-05,161,88,16,0.905747,0.0324055
g3_mex,all,hispanic,1+5,state_mean,2024-06,160,82,13,0.930973,0.0240736
g3_mex,all,hispanic,1+5,state_mean,2024-07,164,86,9,0.957238,0.022277
g3_mex,all,hispanic,1+5,state_mean,2024-08,192,91,18,0.911415,0.0426733
g3_mex,all,hispanic,1+5,state_mean,2024-09,182,89,16,0.916946,0.0333892
g3_mex,all,hispanic,1+5,state_mean,2024-10,173,89,14,0.921253,0.0310637
g3_mex,all,hispanic,1+5,state_mean,2024-11,171,91,6,0.972548,0.0148995
g3_mex,all,hispanic,1+5,state_mean,2024-12,148,74,14,0.885578,0.0437641
g3_mex,all,hispanic,1+5,state_mean,2025-01,146,76,12,0.906497,0.0314284
g3_mex,all,hispanic,1+5,state_mean,2025-02,158,79,7,0.965708,0.0228076
g3_mex,all,hispanic,1+5,state_mean,2025-03,177,92,18,0.894436,0.0382474
g3_mex,all,hispanic,1+5,state_mean,2025-04,182,91,16,0.927169,0.0303988
g3_mex,all,hispanic,1+5,state_mean,2025-05,110,59,13,0.895716,0.042203
g3_mex,all,hispanic,1+5,state_mean,2025-06,165,80,10,0.966546,0.0177573
g3_mex,all,hispanic,1+5,state_mean,2025-07,155,87,13,0.901179,0.0348014
g3_mex,all,hispanic,1+5,state_mean,2025-08,181,92,9,0.94198,0.0261217
g3_mex,all,hispanic,1+5,state_mean,2025-09,162,90,15,0.912609,0.0331198
g3_mex,all,hispanic,1+5,state_mean,2025-11,158,82,8,0.944594,0.0252967
g3_mex,all,hispanic,1+5,state_mean,2025-12,177,87,11,0.923089,0.0358566
g3_mex,all,hispanic,1+5,state_mean,2026-01,139,72,12,0.922158,0.0330472
g3_mex,all,hispanic,1+5,state_mean,2026-02,175,90,8,0.954513,0.0202569
g3_mex,all,hispanic,1+5,state_mean,2026-03,155,84,20,0.869032,0.0460214
g3_mex,all,hispanic,1+5,state_mean,2026-04,186,95,17,0.917248,0.0304353
g3_mex,all,hispanic,1+5,state_mean,2026-05,134,74,11,0.938283,0.0301085
g3_mex,all,hispanic,1+5,state_mean,2026-06,139,73,16,0.87796,0.0420237
g3_mex,all,hispanic,1+5,state_mean,2026-07,139,71,9,0.914587,0.033277
g3_mex,all,hispanic,1+5,state_mean,2026-08,154,81,10,0.938856,0.0258514
g3_mex,all,hispanic,1+5,final,2019-01,190,100,14,0.93656,0.0224355
g3_mex,all,hispanic,1+5,final,2019-02,167,85,15,0.91857,0.0260252
g3_mex,all,hispanic,1+5,final,2019-03,165,88,17,0.906106,0.035004
g3_mex,all,hispanic,1+5,final,2019-04,202,106,34,0.826727,0.0497526
g3_mex,all,hispanic,1+5,final,2019-05,146,72,12,0.929432,0.0274367
g3_mex,all,hispanic,1+5,final,2019-06,194,96,25,0.887577,0.0365886
g3_mex,all,hispanic,1+5,final,2019-07,162,89,19,0.877533,0.0313007
g3_mex,all,hispanic,1+5,final,2019-08,171,90,10,0.957674,0.0186587
g3_mex,all,hispanic,1+5,final,2019-09,186,97,30,0.857575,0.0379781
g3_mex,all,hispanic,1+5,final,2019-10,162,87,14,0.922894,0.0300525
g3_mex,all,hispanic,1+5,final,2019-11,157,88,15,0.905052,0.0325137
g3_mex,all,hispanic,1+5,final,2019-12,203,96,9,0.967467,0.0142364
g3_mex,all,hispanic,1+5,final,2020-01,154,81,19,0.893893,0.0351916
g3_mex,all,hispanic,1+5,final,2020-02,163,84,26,0.881303,0.0387618
g3_mex,all,hispanic,1+5,final,2020-03,142,78,15,0.928366,0.0360552
g3_mex,all,hispanic,1+5,final,2020-04,78,42,16,0.782934,0.092093
g3_mex,all,hispanic,1+5,final,2020-05,140,62,27,0.881035,0.0408508
g3_mex,all,hispanic,1+5,final,2020-06,106,57,5,0.970402,0.018358
g3_mex,all,hispanic,1+5,final,2020-07,121,62,12,0.90051,0.0360164
g3_mex,all,hispanic,1+5,final,2020-08,122,67,10,0.917064,0.0419442
g3_mex,all,hispanic,1+5,final,2020-09,181,95,16,0.926689,0.0291267
g3_mex,all,hispanic,1+5,final,2020-10,169,89,26,0.864465,0.0412183
g3_mex,all,hispanic,1+5,final,2020-11,154,86,11,0.937335,0.0264858
g3_mex,all,hispanic,1+5,final,2020-12,157,84,17,0.919452,0.0308327
g3_mex,all,hispanic,1+5,final,2021-01,149,84,11,0.92895,0.0277819
g3_mex,all,hispanic,1+5,final,2021-02,157,86,22,0.878156,0.044626
g3_mex,all,hispanic,1+5,final,2021-03,142,74,10,0.952159,0.0253735
g3_mex,all,hispanic,1+5,final,2021-04,163,76,13,0.971144,0.0126761
g3_mex,all,hispanic,1+5,final,2021-05,177,95,15,0.939337,0.0301696
g3_mex,all,hispanic,1+5,final,2021-06,122,69,9,0.936459,0.0333926
g3_mex,all,hispanic,1+5,final,2021-07,180,100,13,0.92039,0.035737
g3_mex,all,hispanic,1+5,final,2021-08,150,79,8,0.94109,0.0247657
g3_mex,all,hispanic,1+5,final,2021-09,155,81,14,0.92895,0.0313415
g3_mex,all,hispanic,1+5,final,2021-10,184,90,28,0.85872,0.0380761
g3_mex,all,hispanic,1+5,final,2021-11,152,78,11,0.922138,0.0302709
g3_mex,all,hispanic,1+5,final,2021-12,152,75,8,0.971734,0.0151505
g3_mex,all,hispanic,1+5,final,2022-01,149,82,4,0.9738,0.0155745
g3_mex,all,hispanic,1+5,final,2022-02,159,84,20,0.893983,0.0358776
g3_mex,all,hispanic,1+5,final,2022-03,131,68,10,0.947587,0.0252769
g3_mex,all,hispanic,1+5,final,2022-04,161,84,19,0.932115,0.0274297
g3_mex,all,hispanic,1+5,final,2022-05,139,76,17,0.882854,0.0468867
g3_mex,all,hispanic,1+5,final,2022-06,131,72,16,0.895807,0.0387968
g3_mex,all,hispanic,1+5,final,2022-07,134,71,4,0.973845,0.0163101
g3_mex,all,hispanic,1+5,final,2022-08,161,79,21,0.870862,0.0416891
g3_mex,all,hispanic,1+5,final,2022-09,132,67,6,0.962297,0.0200465
g3_mex,all,hispanic,1+5,final,2022-10,161,85,12,0.946029,0.0214587
g3_mex,all,hispanic,1+5,final,2022-11,155,80,13,0.919372,0.0333636
g3_mex,all,hispanic,1+5,final,2022-12,141,73,15,0.924184,0.0312649
g3_mex,all,hispanic,1+5,final,2023-01,134,75,4,0.979803,0.0105415
g3_mex,all,hispanic,1+5,final,2023-02,149,77,25,0.823108,0.0622736
g3_mex,all,hispanic,1+5,final,2023-03,163,86,14,0.922786,0.0348167
g3_mex,all,hispanic,1+5,final,2023-04,166,87,10,0.954545,0.0221837
g3_mex,all,hispanic,1+5,final,2023-05,158,88,10,0.935408,0.0292587
g3_mex,all,hispanic,1+5,final,2023-06,141,73,12,0.920675,0.0341743
g3_mex,all,hispanic,1+5,final,2023-07,155,80,7,0.961196,0.0243256
g3_mex,all,hispanic,1+5,final,2023-08,172,82,16,0.913699,0.0436652
g3_mex,all,hispanic,1+5,final,2023-09,186,89,15,0.931609,0.0262275
g3_mex,all,hispanic,1+5,final,2023-10,174,98,16,0.939826,0.021536
g3_mex,all,hispanic,1+5,final,2023-11,128,74,8,0.963721,0.0155204
g3_mex,all,hispanic,1+5,final,2023-12,131,66,8,0.936083,0.0325948
g3_mex,all,hispanic,1+5,final,2024-01,135,72,16,0.888087,0.0347787
g3_mex,all,hispanic,1+5,final,2024-02,153,83,14,0.92697,0.029892
g3_mex,all,hispanic,1+5,final,2024-03,165,88,9,0.949679,0.0252004
g3_mex,all,hispanic,1+5,final,2024-04,175,89,6,0.969138,0.015688
g3_mex,all,hispanic,1+5,final,2024-05,161,88,16,0.903757,0.0321941
g3_mex,all,hispanic,1+5,final,2024-06,160,82,13,0.928881,0.0245999
g3_mex,all,hispanic,1+5,final,2024-07,164,86,9,0.958956,0.0234564
g3_mex,all,hispanic,1+5,final,2024-08,192,91,18,0.917307,0.0422524
g3_mex,all,hispanic,1+5,final,2024-09,182,89,16,0.918307,0.0330706
g3_mex,all,hispanic,1+5,final,2024-10,173,89,14,0.932544,0.0274485
g3_mex,all,hispanic,1+5,final,2024-11,171,91,6,0.96259,0.0238271
g3_mex,all,hispanic,1+5,final,2024-12,148,74,14,0.88214,0.0451117
g3_mex,all,hispanic,1+5,final,2025-01,146,76,12,0.922456,0.0268456
g3_mex,all,hispanic,1+5,final,2025-02,158,79,7,0.971842,0.0178715
g3_mex,all,hispanic,1+5,final,2025-03,177,92,18,0.912741,0.0329678
g3_mex,all,hispanic,1+5,final,2025-04,182,91,16,0.934041,0.0282694
g3_mex,all,hispanic,1+5,final,2025-05,110,59,13,0.906345,0.039005
g3_mex,all,hispanic,1+5,final,2025-06,165,80,10,0.973475,0.0136885
g3_mex,all,hispanic,1+5,final,2025-07,155,87,13,0.893473,0.0392375
g3_mex,all,hispanic,1+5,final,2025-08,181,92,9,0.949755,0.0234071
g3_mex,all,hispanic,1+5,final,2025-09,162,90,15,0.912843,0.03241
g3_mex,all,hispanic,1+5,final,2025-11,158,82,8,0.938411,0.0293037
g3_mex,all,hispanic,1+5,final,2025-12,177,87,11,0.932063,0.0331593
g3_mex,all,hispanic,1+5,final,2026-01,139,72,12,0.924405,0.0351576
g3_mex,all,hispanic,1+5,final,2026-02,175,90,8,0.96339,0.0168567
g3_mex,all,hispanic,1+5,final,2026-03,155,84,20,0.894073,0.0403801
g3_mex,all,hispanic,1+5,final,2026-04,186,95,17,0.939439,0.0234604
g3_mex,all,hispanic,1+5,final,2026-05,134,74,11,0.944361,0.0281996
g3_mex,all,hispanic,1+5,final,2026-06,139,73,16,0.874171,0.0453326
g3_mex,all,hispanic,1+5,final,2026-07,139,71,9,0.916103,0.0339546
g3_mex,all,hispanic,1+5,final,2026-08,154,81,10,0.949914,0.0220089
g3_mex,child,mexican,1,unweighted,2019-01,76,36,11,0.855263,0.0679978
g3_mex,child,mexican,1,unweighted,2019-02,71,38,14,0.802817,0.0666028
g3_mex,child,mexican,1,unweighted,2019-03,78,40,12,0.846154,0.0667002
g3_mex,child,mexican,1,unweighted,2019-04,75,37,23,0.693333,0.0885217
g3_mex,child,mexican,1,unweighted,2019-05,64,31,5,0.921875,0.0347092
g3_mex,child,mexican,1,unweighted,2019-06,83,44,12,0.855422,0.0568702
g3_mex,child,mexican,1,unweighted,2019-07,71,36,7,0.901408,0.0432585
g3_mex,child,mexican,1,unweighted,2019-08,75,36,11,0.853333,0.0710422
g3_mex,child,mexican,1,unweighted,2019-09,64,33,12,0.8125,0.0734129
g3_mex,child,mexican,1,unweighted,2019-10,50,31,6,0.88,0.0595822
g3_mex,child,mexican,1,unweighted,2019-11,72,39,6,0.916667,0.0392406
g3_mex,child,mexican,1,unweighted,2019-12,93,43,12,0.870968,0.0456984
g3_mex,child,mexican,1,unweighted,2020-01,64,34,14,0.78125,0.0857358
g3_mex,child,mexican,1,unweighted,2020-02,50,25,17,0.66,0.113016
g3_mex,child,mexican,1,unweighted,2020-03,42,26,10,0.761905,0.0979329
g3_mex,child,mexican,1,unweighted,2020-04,28,14,1,0.964286,0.0373919
g3_mex,child,mexican,1,unweighted,2020-05,41,21,4,0.902439,0.0752572
g3_mex,child,mexican,1,unweighted,2020-06,24,15,1,0.958333,0.0430542
g3_mex,child,mexican,1,unweighted,2020-07,34,19,8,0.764706,0.103034
g3_mex,child,mexican,1,unweighted,2020-08,37,20,5,0.864865,0.103867
g3_mex,child,mexican,1,unweighted,2020-09,79,42,11,0.860759,0.0615848
g3_mex,child,mexican,1,unweighted,2020-10,81,39,18,0.777778,0.0725564
g3_mex,child,mexican,1,unweighted,2020-11,55,29,9,0.836364,0.0695524
g3_mex,child,mexican,1,unweighted,2020-12,42,25,7,0.833333,0.0787426
g3_mex,child,mexican,1,unweighted,2021-01,48,27,3,0.9375,0.0464979
g3_mex,child,mexican,1,unweighted,2021-02,71,42,13,0.816901,0.0687294
g3_mex,child,mexican,1,unweighted,2021-03,55,33,7,0.872727,0.0574417
g3_mex,child,mexican,1,unweighted,2021-04,64,30,10,0.84375,0.0723545
g3_mex,child,mexican,1,unweighted,2021-05,68,38,11,0.838235,0.0680298
g3_mex,child,mexican,1,unweighted,2021-06,40,24,11,0.725,0.101031
g3_mex,child,mexican,1,unweighted,2021-07,51,33,4,0.921569,0.0460739
g3_mex,child,mexican,1,unweighted,2021-08,87,40,11,0.873563,0.0548287
g3_mex,child,mexican,1,unweighted,2021-09,63,35,10,0.84127,0.0621357
g3_mex,child,mexican,1,unweighted,2021-10,79,43,13,0.835443,0.054098
g3_mex,child,mexican,1,unweighted,2021-11,88,44,11,0.875,0.0435826
g3_mex,child,mexican,1,unweighted,2021-12,55,27,1,0.981818,0.0186107
g3_mex,child,mexican,1,unweighted,2022-01,64,35,5,0.921875,0.0410787
g3_mex,child,mexican,1,unweighted,2022-02,74,35,17,0.77027,0.0769749
g3_mex,child,mexican,1,unweighted,2022-03,69,34,10,0.855072,0.0672992
g3_mex,child,mexican,1,unweighted,2022-04,58,29,15,0.741379,0.0933853
g3_mex,child,mexican,1,unweighted,2022-05,63,32,15,0.761905,0.0823466
g3_mex,child,mexican,1,unweighted,2022-06,56,31,9,0.839286,0.0789194
g3_mex,child,mexican,1,unweighted,2022-07,44,25,3,0.931818,0.0502013
g3_mex,child,mexican,1,unweighted,2022-08,67,34,11,0.835821,0.0737605
g3_mex,child,mexican,1,unweighted,2022-09,59,30,3,0.949153,0.0375068
g3_mex,child,mexican,1,unweighted,2022-10,66,36,7,0.893939,0.0560262
g3_mex,child,mexican,1,unweighted,2022-11,49,26,9,0.816327,0.0822815
g3_mex,child,mexican,1,unweighted,2022-12,59,31,15,0.745763,0.0966987
g3_mex,child,mexican,1,unweighted,2023-01,64,36,7,0.890625,0.0564493
g3_mex,child,mexican,1,unweighted,2023-02,57,31,21,0.631579,0.108207
g3_mex,child,mexican,1,unweighted,2023-03,64,35,12,0.8125,0.0770167
g3_mex,child,mexican,1,unweighted,2023-04,77,42,12,0.844156,0.0581743
g3_mex,child,mexican,1,unweighted,2023-05,79,43,7,0.911392,0.036162
g3_mex,child,mexican,1,unweighted,2023-06,51,28,4,0.921569,0.0479995
g3_mex,child,mexican,1,unweighted,2023-07,75,37,8,0.893333,0.0468647
g3_mex,child,mexican,1,unweighted,2023-08,84,37,12,0.857143,0.0772214
g3_mex,child,mexican,1,unweighted,2023-09,93,44,12,0.870968,0.0521867
g3_mex,child,mexican,1,unweighted,2023-10,69,40,11,0.84058,0.0548971
g3_mex,child,mexican,1,unweighted,2023-11,71,41,5,0.929577,0.0371913
g3_mex,child,mexican,1,unweighted,2023-12,57,30,2,0.964912,0.0250635
g3_mex,child,mexican,1,unweighted,2024-01,60,28,15,0.75,0.0919888
g3_mex,child,mexican,1,unweighted,2024-02,55,30,6,0.890909,0.0514179
g3_mex,child,mexican,1,unweighted,2024-03,69,35,5,0.927536,0.0384313
g3_mex,child,mexican,1,unweighted,2024-04,85,39,8,0.905882,0.0533399
g3_mex,child,mexican,1,unweighted,2024-05,61,32,14,0.770492,0.0758112
g3_mex,child,mexican,1,unweighted,2024-06,67,33,5,0.925373,0.0340686
g3_mex,child,mexican,1,unweighted,2024-07,62,34,7,0.887097,0.0526092
g3_mex,child,mexican,1,unweighted,2024-08,78,44,3,0.961538,0.0283833
g3_mex,child,mexican,1,unweighted,2024-09,60,33,12,0.8,0.0708431
g3_mex,child,mexican,1,unweighted,2024-10,58,32,6,0.896552,0.0575334
g3_mex,child,mexican,1,unweighted,2024-11,78,36,7,0.910256,0.0534872
g3_mex,child,mexican,1,unweighted,2024-12,63,31,11,0.825397,0.0736105
g3_mex,child,mexican,1,unweighted,2025-01,69,37,4,0.942029,0.0347694
g3_mex,child,mexican,1,unweighted,2025-02,69,33,4,0.942029,0.0343546
g3_mex,child,mexican,1,unweighted,2025-03,89,46,19,0.786517,0.0679083
g3_mex,child,mexican,1,unweighted,2025-04,84,47,17,0.797619,0.0685352
g3_mex,child,mexican,1,unweighted,2025-05,39,25,5,0.871795,0.0588052
g3_mex,child,mexican,1,unweighted,2025-06,54,29,10,0.814815,0.0850142
g3_mex,child,mexican,1,unweighted,2025-07,56,30,10,0.821429,0.0745251
g3_mex,child,mexican,1,unweighted,2025-08,82,44,10,0.878049,0.0542103
g3_mex,child,mexican,1,unweighted,2025-09,64,36,10,0.84375,0.0678778
g3_mex,child,mexican,1,unweighted,2025-11,56,28,4,0.928571,0.0442395
g3_mex,child,mexican,1,unweighted,2025-12,78,40,8,0.897436,0.0465206
g3_mex,child,mexican,1,unweighted,2026-01,69,36,10,0.855072,0.0581031
g3_mex,child,mexican,1,unweighted,2026-02,72,42,4,0.944444,0.0338795
g3_mex,child,mexican,1,unweighted,2026-03,61,31,12,0.803279,0.0776717
g3_mex,child,mexican,1,unweighted,2026-04,63,32,6,0.904762,0.0535588
g3_mex,child,mexican,1,unweighted,2026-05,45,25,8,0.822222,0.0810908
g3_mex,child,mexican,1,unweighted,2026-06,53,28,9,0.830189,0.0747289
g3_mex,child,mexican,1,unweighted,2026-07,50,26,3,0.94,0.0446669
g3_mex,child,mexican,1,unweighted,2026-08,53,28,11,0.792453,0.100364
g3_mex,child,mexican,1,state_mean,2019-01,76,36,11,0.855299,0.0709588
g3_mex,child,mexican,1,state_mean,2019-02,71,38,14,0.80742,0.0712732
g3_mex,child,mexican,1,state_mean,2019-03,78,40,12,0.889875,0.0461514
g3_mex,child,mexican,1,state_mean,2019-04,75,37,23,0.654855,0.0985355
g3_mex,child,mexican,1,state_mean,2019-05,64,31,5,0.918177,0.0380858
g3_mex,child,mexican,1,state_mean,2019-06,83,44,12,0.913317,0.0355799
g3_mex,child,mexican,1,state_mean,2019-07,71,36,7,0.890587,0.0485105
g3_mex,child,mexican,1,state_mean,2019-08,75,36,11,0.861521,0.0674992
g3_mex,child,mexican,1,state_mean,2019-09,64,33,12,0.818532,0.0753936
g3_mex,child,mexican,1,state_mean,2019-10,50,31,6,0.870463,0.0683149
g3_mex,child,mexican,1,state_mean,2019-11,72,39,6,0.914325,0.0418425
g3_mex,child,mexican,1,state_mean,2019-12,93,43,12,0.867573,0.051379
g3_mex,child,mexican,1,state_mean,2020-01,64,34,14,0.791114,0.0884882
g3_mex,child,mexican,1,state_mean,2020-02,50,25,17,0.679692,0.117852
g3_mex,child,mexican,1,state_mean,2020-03,42,26,10,0.782541,0.107074
g3_mex,child,mexican,1,state_mean,2020-04,28,14,1,0.947996,0.0538845
g3_mex,child,mexican,1,state_mean,2020-05,41,21,4,0.950009,0.0408981
g3_mex,child,mexican,1,state_mean,2020-06,24,15,1,0.956967,0.0445967
g3_mex,child,mexican,1,state_mean,2020-07,34,19,8,0.769254,0.113531
g3_mex,child,mexican,1,state_mean,2020-08,37,20,5,0.835009,0.125084
g3_mex,child,mexican,1,state_mean,2020-09,79,42,11,0.861832,0.0613518
g3_mex,child,mexican,1,state_mean,2020-10,81,39,18,0.788865,0.0738091
g3_mex,child,mexican,1,state_mean,2020-11,55,29,9,0.821427,0.0766053
g3_mex,child,mexican,1,state_mean,2020-12,42,25,7,0.822372,0.0916502
g3_mex,child,mexican,1,state_mean,2021-01,48,27,3,0.961059,0.0344244
g3_mex,child,mexican,1,state_mean,2021-02,71,42,13,0.836521,0.0607641
g3_mex,child,mexican,1,state_mean,2021-03,55,33,7,0.872386,0.0648279
g3_mex,child,mexican,1,state_mean,2021-04,64,30,10,0.9279,0.0344254
g3_mex,child,mexican,1,state_mean,2021-05,68,38,11,0.884486,0.0525681
g3_mex,child,mexican,1,state_mean,2021-06,40,24,11,0.732609,0.108796
g3_mex,child,mexican,1,state_mean,2021-07,51,33,4,0.901869,0.061595
g3_mex,child,mexican,1,state_mean,2021-08,87,40,11,0.861609,0.0590765
g3_mex,child,mexican,1,state_mean,2021-09,63,35,10,0.866743,0.0530887
g3_mex,child,mexican,1,state_mean,2021-10,79,43,13,0.827196,0.060592
g3_mex,child,mexican,1,state_mean,2021-11,88,44,11,0.87101,0.04478
g3_mex,child,mexican,1,state_mean,2021-12,55,27,1,0.997498,0.00260451
g3_mex,child,mexican,1,state_mean,2022-01,64,35,5,0.913591,0.0481378
g3_mex,child,mexican,1,state_mean,2022-02,74,35,17,0.78566,0.0752462
g3_mex,child,mexican,1,state_mean,2022-03,69,34,10,0.884693,0.0573172
g3_mex,child,mexican,1,state_mean,2022-04,58,29,15,0.794423,0.0822224
g3_mex,child,mexican,1,state_mean,2022-05,63,32,15,0.778525,0.0818519
g3_mex,child,mexican,1,state_mean,2022-06,56,31,9,0.840756,0.0854116
g3_mex,child,mexican,1,state_mean,2022-07,44,25,3,0.9633,0.0300729
g3_mex,child,mexican,1,state_mean,2022-08,67,34,11,0.884353,0.0538629
g3_mex,child,mexican,1,state_mean,2022-09,59,30,3,0.940133,0.0431798
g3_mex,child,mexican,1,state_mean,2022-10,66,36,7,0.924048,0.05415
g3_mex,child,mexican,1,state_mean,2022-11,49,26,9,0.809712,0.0933602
g3_mex,child,mexican,1,state_mean,2022-12,59,31,15,0.788625,0.0829554
g3_mex,child,mexican,1,state_mean,2023-01,64,36,7,0.888545,0.0617269
g3_mex,child,mexican,1,state_mean,2023-02,57,31,21,0.701232,0.1104
g3_mex,child,mexican,1,state_mean,2023-03,64,35,12,0.818126,0.0783901
g3_mex,child,mexican,1,state_mean,2023-04,77,42,12,0.851143,0.0639291
g3_mex,child,mexican,1,state_mean,2023-05,79,43,7,0.909004,0.0404921
g3_mex,child,mexican,1,state_mean,2023-06,51,28,4,0.921088,0.0536205
g3_mex,child,mexican,1,state_mean,2023-07,75,37,8,0.905513,0.0584354
g3_mex,child,mexican,1,state_mean,2023-08,84,37,12,0.84818,0.0890023
g3_mex,child,mexican,1,state_mean,2023-09,93,44,12,0.856701,0.062276
g3_mex,child,mexican,1,state_mean,2023-10,69,40,11,0.846915,0.0588831
g3_mex,child,mexican,1,state_mean,2023-11,71,41,5,0.918643,0.0436342
g3_mex,child,mexican,1,state_mean,2023-12,57,30,2,0.956089,0.0308917
g3_mex,child,mexican,1,state_mean,2024-01,60,28,15,0.748848,0.100841
g3_mex,child,mexican,1,state_mean,2024-02,55,30,6,0.922372,0.0514328
g3_mex,child,mexican,1,state_mean,2024-03,69,35,5,0.938285,0.0367699
g3_mex,child,mexican,1,state_mean,2024-04,85,39,8,0.91826,0.0434831
g3_mex,child,mexican,1,state_mean,2024-05,61,32,14,0.75692,0.0853208
g3_mex,child,mexican,1,state_mean,2024-06,67,33,5,0.934638,0.0324714
g3_mex,child,mexican,1,state_mean,2024-07,62,34,7,0.896751,0.0507322
g3_mex,child,mexican,1,state_mean,2024-08,78,44,3,0.966575,0.0317036
g3_mex,child,mexican,1,state_mean,2024-09,60,33,12,0.84852,0.063993
g3_mex,child,mexican,1,state_mean,2024-10,58,32,6,0.937286,0.0367586
g3_mex,child,mexican,1,state_mean,2024-11,78,36,7,0.902799,0.0704382
g3_mex,child,mexican,1,state_mean,2024-12,63,31,11,0.810904,0.0846326
g3_mex,child,mexican,1,state_mean,2025-01,69,37,4,0.934382,0.0392315
g3_mex,child,mexican,1,state_mean,2025-02,69,33,4,0.968146,0.0197268
g3_mex,child,mexican,1,state_mean,2025-03,89,46,19,0.788385,0.0691063
g3_mex,child,mexican,1,state_mean,2025-04,84,47,17,0.83696,0.0561539
g3_mex,child,mexican,1,state_mean,2025-05,39,25,5,0.894222,0.0554164
g3_mex,child,mexican,1,state_mean,2025-06,54,29,10,0.868403,0.070007
g3_mex,child,mexican,1,state_mean,2025-07,56,30,10,0.822243,0.0781556
g3_mex,child,mexican,1,state_mean,2025-08,82,44,10,0.866002,0.0599963
g3_mex,child,mexican,1,state_mean,2025-09,64,36,10,0.848121,0.0724481
g3_mex,child,mexican,1,state_mean,2025-11,56,28,4,0.942453,0.0361213
g3_mex,child,mexican,1,state_mean,2025-12,78,40,8,0.913004,0.041335
g3_mex,child,mexican,1,state_mean,2026-01,69,36,10,0.876489,0.0596874
g3_mex,child,mexican,1,state_mean,2026-02,72,42,4,0.946159,0.0371988
g3_mex,child,mexican,1,state_mean,2026-03,61,31,12,0.774563,0.0885313
g3_mex,child,mexican,1,state_mean,2026-04,63,32,6,0.924764,0.0503332
g3_mex,child,mexican,1,state_mean,2026-05,45,25,8,0.849851,0.0769472
g3_mex,child,mexican,1,state_mean,2026-06,53,28,9,0.917371,0.0414893
g3_mex,child,mexican,1,state_mean,2026-07,50,26,3,0.95993,0.0322416
g3_mex,child,mexican,1,state_mean,2026-08,53,28,11,0.887673,0.0524448
g3_mex,child,mexican,1,final,2019-01,76,36,11,0.890599,0.0561239
g3_mex,child,mexican,1,final,2019-02,71,38,14,0.824999,0.0685311
g3_mex,child,mexican,1,final,2019-03,78,40,12,0.859085,0.0593593
g3_mex,child,mexican,1,final,2019-04,75,37,23,0.652983,0.101623
g3_mex,child,mexican,1,final,2019-05,64,31,5,0.927491,0.0326029
g3_mex,child,mexican,1,final,2019-06,83,44,12,0.900494,0.0413991
g3_mex,child,mexican,1,final,2019-07,71,36,7,0.894119,0.0481301
g3_mex,child,mexican,1,final,2019-08,75,36,11,0.869417,0.0642839
g3_mex,child,mexican,1,final,2019-09,64,33,12,0.858826,0.0632065
g3_mex,child,mexican,1,final,2019-10,50,31,6,0.8697,0.0741265
g3_mex,child,mexican,1,final,2019-11,72,39,6,0.914586,0.0414218
g3_mex,child,mexican,1,final,2019-12,93,43,12,0.880721,0.0471921
g3_mex,child,mexican,1,final,2020-01,64,34,14,0.810696,0.0849368
g3_mex,child,mexican,1,final,2020-02,50,25,17,0.742849,0.104733
g3_mex,child,mexican,1,final,2020-03,42,26,10,0.811539,0.103392
g3_mex,child,mexican,1,final,2020-04,28,14,1,0.953826,0.0481468
g3_mex,child,mexican,1,final,2020-05,41,21,4,0.964382,0.028637
g3_mex,child,mexican,1,final,2020-06,24,15,1,0.978234,0.023204
g3_mex,child,mexican,1,final,2020-07,34,19,8,0.798281,0.10219
g3_mex,child,mexican,1,final,2020-08,37,20,5,0.872179,0.102264
g3_mex,child,mexican,1,final,2020-09,79,42,11,0.880146,0.0547541
g3_mex,child,mexican,1,final,2020-10,81,39,18,0.815207,0.0675617
g3_mex,child,mexican,1,final,2020-11,55,29,9,0.851685,0.0667663
g3_mex,child,mexican,1,final,2020-12,42,25,7,0.836067,0.0863116
g3_mex,child,mexican,1,final,2021-01,48,27,3,0.94378,0.046566
g3_mex,child,mexican,1,final,2021-02,71,42,13,0.854433,0.0575828
g3_mex,child,mexican,1,final,2021-03,55,33,7,0.883194,0.0627524
g3_mex,child,mexican,1,final,2021-04,64,30,10,0.939368,0.0295692
g3_mex,child,mexican,1,final,2021-05,68,38,11,0.879374,0.0624951
g3_mex,child,mexican,1,final,2021-06,40,24,11,0.723999,0.110393
g3_mex,child,mexican,1,final,2021-07,51,33,4,0.887907,0.0747754
g3_mex,child,mexican,1,final,2021-08,87,40,11,0.852882,0.0665383
g3_mex,child,mexican,1,final,2021-09,63,35,10,0.875978,0.056866
g3_mex,child,mexican,1,final,2021-10,79,43,13,0.846945,0.054236
g3_mex,child,mexican,1,final,2021-11,88,44,11,0.878791,0.0418943
g3_mex,child,mexican,1,final,2021-12,55,27,1,0.998093,0.00198661
g3_mex,child,mexican,1,final,2022-01,64,35,5,0.912954,0.0482315
g3_mex,child,mexican,1,final,2022-02,74,35,17,0.778313,0.0765647
g3_mex,child,mexican,1,final,2022-03,69,34,10,0.909056,0.0473792
g3_mex,child,mexican,1,final,2022-04,58,29,15,0.791695,0.0835408
g3_mex,child,mexican,1,final,2022-05,63,32,15,0.776364,0.0829847
g3_mex,child,mexican,1,final,2022-06,56,31,9,0.81924,0.0888122
g3_mex,child,mexican,1,final,2022-07,44,25,3,0.969658,0.026693
g3_mex,child,mexican,1,final,2022-08,67,34,11,0.876968,0.0568778
g3_mex,child,mexican,1,final,2022-09,59,30,3,0.945047,0.0410937
g3_mex,child,mexican,1,final,2022-10,66,36,7,0.935215,0.0471683
g3_mex,child,mexican,1,final,2022-11,49,26,9,0.767175,0.125969
g3_mex,child,mexican,1,final,2022-12,59,31,15,0.776264,0.0845717
g3_mex,child,mexican,1,final,2023-01,64,36,7,0.910888,0.0498283
g3_mex,child,mexican,1,final,2023-02,57,31,21,0.723861,0.112757
g3_mex,child,mexican,1,final,2023-03,64,35,12,0.84974,0.0678335
g3_mex,child,mexican,1,final,2023-04,77,42,12,0.848463,0.0591856
g3_mex,child,mexican,1,final,2023-05,79,43,7,0.901176,0.0446712
g3_mex,child,mexican,1,final,2023-06,51,28,4,0.90296,0.0644149
g3_mex,child,mexican,1,final,2023-07,75,37,8,0.919825,0.0493692
g3_mex,child,mexican,1,final,2023-08,84,37,12,0.84165,0.0897654
g3_mex,child,mexican,1,final,2023-09,93,44,12,0.84086,0.0650836
g3_mex,child,mexican,1,final,2023-10,69,40,11,0.838659,0.0635944
g3_mex,child,mexican,1,final,2023-11,71,41,5,0.889168,0.0702709
g3_mex,child,mexican,1,final,2023-12,57,30,2,0.868221,0.102609
g3_mex,child,mexican,1,final,2024-01,60,28,15,0.732129,0.104554
g3_mex,child,mexican,1,final,2024-02,55,30,6,0.927914,0.0483728
g3_mex,child,mexican,1,final,2024-03,69,35,5,0.925436,0.048726
g3_mex,child,mexican,1,final,2024-04,85,39,8,0.889898,0.0590525
g3_mex,child,mexican,1,final,2024-05,61,32,14,0.782692,0.0795917
g3_mex,child,mexican,1,final,2024-06,67,33,5,0.929141,0.0340488
g3_mex,child,mexican,1,final,2024-07,62,34,7,0.903876,0.0523539
g3_mex,child,mexican,1,final,2024-08,78,44,3,0.975287,0.0237168
g3_mex,child,mexican,1,final,2024-09,60,33,12,0.839031,0.0673649
g3_mex,child,mexican,1,final,2024-10,58,32,6,0.936504,0.0371781
g3_mex,child,mexican,1,final,2024-11,78,36,7,0.899342,0.0747819
g3_mex,child,mexican,1,final,2024-12,63,31,11,0.825614,0.0793833
g3_mex,child,mexican,1,final,2025-01,69,37,4,0.947571,0.031182
g3_mex,child,mexican,1,final,2025-02,69,33,4,0.966107,0.0233328
g3_mex,child,mexican,1,final,2025-03,89,46,19,0.811279,0.0648327
g3_mex,child,mexican,1,final,2025-04,84,47,17,0.854786,0.052326
g3_mex,child,mexican,1,final,2025-05,39,25,5,0.892225,0.0565506
g3_mex,child,mexican,1,final,2025-06,54,29,10,0.892123,0.0588328
g3_mex,child,mexican,1,final,2025-07,56,30,10,0.825658,0.0787521
g3_mex,child,mexican,1,final,2025-08,82,44,10,0.881187,0.0553667
g3_mex,child,mexican,1,final,2025-09,64,36,10,0.848428,0.0711198
g3_mex,child,mexican,1,final,2025-11,56,28,4,0.950381,0.0314779
g3_mex,child,mexican,1,final,2025-12,78,40,8,0.907144,0.0430124
g3_mex,child,mexican,1,final,2026-01,69,36,10,0.862275,0.0700227
g3_mex,child,mexican,1,final,2026-02,72,42,4,0.952016,0.033929
g3_mex,child,mexican,1,final,2026-03,61,31,12,0.786479,0.0987204
g3_mex,child,mexican,1,final,2026-04,63,32,6,0.946729,0.0359864
g3_mex,child,mexican,1,final,2026-05,45,25,8,0.846737,0.0767298
g3_mex,child,mexican,1,final,2026-06,53,28,9,0.853673,0.0864813
g3_mex,child,mexican,1,final,2026-07,50,26,3,0.971131,0.0223324
g3_mex,child,mexican,1,final,2026-08,53,28,11,0.915185,0.0404264
g3_mex,child,mexican,5,unweighted,2019-01,78,44,9,0.884615,0.0497249
g3_mex,child,mexican,5,unweighted,2019-02,66,36,11,0.833333,0.0641803
g3_mex,child,mexican,5,unweighted,2019-03,54,30,10,0.814815,0.0718016
g3_mex,child,mexican,5,unweighted,2019-04,85,49,33,0.611765,0.0813903
g3_mex,child,mexican,5,unweighted,2019-05,54,28,11,0.796296,0.0999086
g3_mex,child,mexican,5,unweighted,2019-06,81,41,20,0.753086,0.077224
g3_mex,child,mexican,5,unweighted,2019-07,72,43,13,0.819444,0.0554137
g3_mex,child,mexican,5,unweighted,2019-08,69,39,10,0.855072,0.0594202
g3_mex,child,mexican,5,unweighted,2019-09,91,47,25,0.725275,0.070502
g3_mex,child,mexican,5,unweighted,2019-10,77,42,8,0.896104,0.0402441
g3_mex,child,mexican,5,unweighted,2019-11,54,32,9,0.833333,0.0687021
g3_mex,child,mexican,5,unweighted,2019-12,82,41,8,0.902439,0.0518691
g3_mex,child,mexican,5,unweighted,2020-01,61,34,10,0.836066,0.0709885
g3_mex,child,mexican,5,unweighted,2020-02,69,38,17,0.753623,0.0762037
g3_mex,child,mexican,5,unweighted,2020-03,67,34,6,0.910448,0.0608174
g3_mex,child,mexican,5,unweighted,2020-04,35,21,15,0.571429,0.134879
g3_mex,child,mexican,5,unweighted,2020-05,68,29,24,0.647059,0.0971835
g3_mex,child,mexican,5,unweighted,2020-06,63,31,4,0.936508,0.0390963
g3_mex,child,mexican,5,unweighted,2020-07,74,38,5,0.932432,0.0298468
g3_mex,child,mexican,5,unweighted,2020-08,56,31,7,0.875,0.065763
g3_mex,child,mexican,5,unweighted,2020-09,72,36,12,0.833333,0.0675536
g3_mex,child,mexican,5,unweighted,2020-10,52,30,6,0.884615,0.0541753
g3_mex,child,mexican,5,unweighted,2020-11,69,41,4,0.942029,0.0352498
g3_mex,child,mexican,5,unweighted,2020-12,89,46,13,0.853933,0.05258
g3_mex,child,mexican,5,unweighted,2021-01,64,35,12,0.8125,0.0779291
g3_mex,child,mexican,5,unweighted,2021-02,59,30,20,0.661017,0.105892
g3_mex,child,mexican,5,unweighted,2021-03,53,26,7,0.867925,0.0686383
g3_mex,child,mexican,5,unweighted,2021-04,59,32,6,0.898305,0.0479983
g3_mex,child,mexican,5,unweighted,2021-05,77,43,10,0.87013,0.0498849
g3_mex,child,mexican,5,unweighted,2021-06,57,31,10,0.824561,0.073429
g3_mex,child,mexican,5,unweighted,2021-07,96,51,15,0.84375,0.0519357
g3_mex,child,mexican,5,unweighted,2021-08,41,24,3,0.926829,0.054332
g3_mex,child,mexican,5,unweighted,2021-09,64,34,12,0.8125,0.0753349
g3_mex,child,mexican,5,unweighted,2021-10,73,36,16,0.780822,0.0685977
g3_mex,child,mexican,5,unweighted,2021-11,45,27,9,0.8,0.0842463
g3_mex,child,mexican,5,unweighted,2021-12,57,30,10,0.824561,0.0745293
g3_mex,child,mexican,5,unweighted,2022-01,55,29,8,0.854545,0.0604039
g3_mex,child,mexican,5,unweighted,2022-02,66,40,11,0.833333,0.067178
g3_mex,child,mexican,5,unweighted,2022-03,44,26,8,0.818182,0.0829004
g3_mex,child,mexican,5,unweighted,2022-04,76,39,8,0.894737,0.045163
g3_mex,child,mexican,5,unweighted,2022-05,57,31,8,0.859649,0.0824245
g3_mex,child,mexican,5,unweighted,2022-06,46,23,13,0.717391,0.0975225
g3_mex,child,mexican,5,unweighted,2022-07,55,32,4,0.927273,0.0430619
g3_mex,child,mexican,5,unweighted,2022-08,74,34,12,0.837838,0.0579728
g3_mex,child,mexican,5,unweighted,2022-09,42,26,7,0.833333,0.0728431
g3_mex,child,mexican,5,unweighted,2022-10,68,37,9,0.867647,0.0546306
g3_mex,child,mexican,5,unweighted,2022-11,84,43,11,0.869048,0.0532327
g3_mex,child,mexican,5,unweighted,2022-12,56,28,1,0.982143,0.0182716
g3_mex,child,mexican,5,unweighted,2023-01,48,29,4,0.916667,0.0794489
g3_mex,child,mexican,5,unweighted,2023-02,73,35,19,0.739726,0.0829493
g3_mex,child,mexican,5,unweighted,2023-03,73,38,17,0.767123,0.0825506
g3_mex,child,mexican,5,unweighted,2023-04,40,22,8,0.8,0.0883446
g3_mex,child,mexican,5,unweighted,2023-05,56,28,4,0.928571,0.054955
g3_mex,child,mexican,5,unweighted,2023-06,49,25,8,0.836735,0.0883249
g3_mex,child,mexican,5,unweighted,2023-07,53,30,5,0.90566,0.0559019
g3_mex,child,mexican,5,unweighted,2023-08,62,34,7,0.887097,0.0664388
g3_mex,child,mexican,5,unweighted,2023-09,61,30,6,0.901639,0.0789217
g3_mex,child,mexican,5,unweighted,2023-10,69,40,6,0.913043,0.0427606
g3_mex,child,mexican,5,unweighted,2023-11,43,24,5,0.883721,0.0666768
g3_mex,child,mexican,5,unweighted,2023-12,48,27,8,0.833333,0.0700561
g3_mex,child,mexican,5,unweighted,2024-01,49,30,6,0.877551,0.0665221
g3_mex,child,mexican,5,unweighted,2024-02,59,32,16,0.728814,0.0931702
g3_mex,child,mexican,5,unweighted,2024-03,62,36,10,0.83871,0.0662223
g3_mex,child,mexican,5,unweighted,2024-04,47,31,8,0.829787,0.0768261
g3_mex,child,mexican,5,unweighted,2024-05,76,41,10,0.868421,0.05565
g3_mex,child,mexican,5,unweighted,2024-06,58,33,7,0.87931,0.0501656
g3_mex,child,mexican,5,unweighted,2024-07,66,34,7,0.893939,0.055958
g3_mex,child,mexican,5,unweighted,2024-08,89,37,15,0.831461,0.0759866
g3_mex,child,mexican,5,unweighted,2024-09,86,40,13,0.848837,0.0605568
g3_mex,child,mexican,5,unweighted,2024-10,83,42,13,0.843373,0.0598065
g3_mex,child,mexican,5,unweighted,2024-11,64,35,4,0.9375,0.0381433
g3_mex,child,mexican,5,unweighted,2024-12,55,31,4,0.927273,0.04411
g3_mex,child,mexican,5,unweighted,2025-01,54,29,10,0.814815,0.0840343
g3_mex,child,mexican,5,unweighted,2025-02,57,32,6,0.894737,0.0596436
g3_mex,child,mexican,5,unweighted,2025-03,52,28,4,0.923077,0.0457917
g3_mex,child,mexican,5,unweighted,2025-04,63,30,3,0.952381,0.0358288
g3_mex,child,mexican,5,unweighted,2025-05,50,22,5,0.9,0.0572447
g3_mex,child,mexican,5,unweighted,2025-06,78,39,7,0.910256,0.0449298
g3_mex,child,mexican,5,unweighted,2025-07,65,37,6,0.907692,0.0387163
g3_mex,child,mexican,5,unweighted,2025-08,73,38,2,0.972603,0.0274427
g3_mex,child,mexican,5,unweighted,2025-09,57,30,9,0.842105,0.0657536
g3_mex,child,mexican,5,unweighted,2025-11,71,32,5,0.929577,0.035795
g3_mex,child,mexican,5,unweighted,2025-12,64,34,13,0.796875,0.0800245
g3_mex,child,mexican,5,unweighted,2026-01,47,28,4,0.914894,0.0508649
g3_mex,child,mexican,5,unweighted,2026-02,64,32,10,0.84375,0.0635349
g3_mex,child,mexican,5,unweighted,2026-03,64,39,11,0.828125,0.0723166
g3_mex,child,mexican,5,unweighted,2026-04,82,45,16,0.804878,0.0717275
g3_mex,child,mexican,5,unweighted,2026-05,55,32,8,0.854545,0.0780877
g3_mex,child,mexican,5,unweighted,2026-06,56,31,10,0.821429,0.0738262
g3_mex,child,mexican,5,unweighted,2026-07,52,26,7,0.865385,0.0673204
g3_mex,child,mexican,5,unweighted,2026-08,74,41,8,0.891892,0.0493857
g3_mex,child,mexican,5,state_mean,2019-01,78,44,9,0.901588,0.0429291
g3_mex,child,mexican,5,state_mean,2019-02,66,36,11,0.827105,0.0670433
g3_mex,child,mexican,5,state_mean,2019-03,54,30,10,0.834266,0.0716181
g3_mex,child,mexican,5,state_mean,2019-04,85,49,33,0.608992,0.0897136
g3_mex,child,mexican,5,state_mean,2019-05,54,28,11,0.888664,0.0628166
g3_mex,child,mexican,5,state_mean,2019-06,81,41,20,0.793601,0.0760527
g3_mex,child,mexican,5,state_mean,2019-07,72,43,13,0.807203,0.0611381
g3_mex,child,mexican,5,state_mean,2019-08,69,39,10,0.860534,0.0638976
g3_mex,child,mexican,5,state_mean,2019-09,91,47,25,0.711971,0.0725019
g3_mex,child,mexican,5,state_mean,2019-10,77,42,8,0.893446,0.046958
g3_mex,child,mexican,5,state_mean,2019-11,54,32,9,0.828362,0.0656578
g3_mex,child,mexican,5,state_mean,2019-12,82,41,8,0.88845,0.0594168
g3_mex,child,mexican,5,state_mean,2020-01,61,34,10,0.847763,0.0714853
g3_mex,child,mexican,5,state_mean,2020-02,69,38,17,0.76059,0.0798505
g3_mex,child,mexican,5,state_mean,2020-03,67,34,6,0.962577,0.0285565
g3_mex,child,mexican,5,state_mean,2020-04,35,21,15,0.550701,0.157538
g3_mex,child,mexican,5,state_mean,2020-05,68,29,24,0.688437,0.0985398
g3_mex,child,mexican,5,state_mean,2020-06,63,31,4,0.963556,0.0254602
g3_mex,child,mexican,5,state_mean,2020-07,74,38,5,0.926271,0.0329012
g3_mex,child,mexican,5,state_mean,2020-08,56,31,7,0.854391,0.075376
g3_mex,child,mexican,5,state_mean,2020-09,72,36,12,0.823712,0.0747307
g3_mex,child,mexican,5,state_mean,2020-10,52,30,6,0.884878,0.0619499
g3_mex,child,mexican,5,state_mean,2020-11,69,41,4,0.943094,0.0369339
g3_mex,child,mexican,5,state_mean,2020-12,89,46,13,0.884254,0.0447995
g3_mex,child,mexican,5,state_mean,2021-01,64,35,12,0.831781,0.0833571
g3_mex,child,mexican,5,state_mean,2021-02,59,30,20,0.693737,0.102732
g3_mex,child,mexican,5,state_mean,2021-03,53,26,7,0.880414,0.0806268
g3_mex,child,mexican,5,state_mean,2021-04,59,32,6,0.90412,0.0533517
g3_mex,child,mexican,5,state_mean,2021-05,77,43,10,0.901315,0.0408071
g3_mex,child,mexican,5,state_mean,2021-06,57,31,10,0.80592,0.0803192
g3_mex,child,mexican,5,state_mean,2021-07,96,51,15,0.870923,0.0489503
g3_mex,child,mexican,5,state_mean,2021-08,41,24,3,0.960401,0.0304888
g3_mex,child,mexican,5,state_mean,2021-09,64,34,12,0.800525,0.0801416
g3_mex,child,mexican,5,state_mean,2021-10,73,36,16,0.77832,0.072749
g3_mex,child,mexican,5,state_mean,2021-11,45,27,9,0.791986,0.0888934
g3_mex,child,mexican,5,state_mean,2021-12,57,30,10,0.86824,0.066105
g3_mex,child,mexican,5,state_mean,2022-01,55,29,8,0.867925,0.0598855
g3_mex,child,mexican,5,state_mean,2022-02,66,40,11,0.862022,0.0629194
g3_mex,child,mexican,5,state_mean,2022-03,44,26,8,0.819332,0.093373
g3_mex,child,mexican,5,state_mean,2022-04,76,39,8,0.917953,0.0359455
g3_mex,child,mexican,5,state_mean,2022-05,57,31,8,0.865723,0.088278
g3_mex,child,mexican,5,state_mean,2022-06,46,23,13,0.728877,0.0995936
g3_mex,child,mexican,5,state_mean,2022-07,55,32,4,0.934024,0.0502288
g3_mex,child,mexican,5,state_mean,2022-08,74,34,12,0.845883,0.0637788
g3_mex,child,mexican,5,state_mean,2022-09,42,26,7,0.857652,0.067775
g3_mex,child,mexican,5,state_mean,2022-10,68,37,9,0.845927,0.065578
g3_mex,child,mexican,5,state_mean,2022-11,84,43,11,0.866146,0.0545492
g3_mex,child,mexican,5,state_mean,2022-12,56,28,1,0.975535,0.0249462
g3_mex,child,mexican,5,state_mean,2023-01,48,29,4,0.898856,0.0948503
g3_mex,child,mexican,5,state_mean,2023-02,73,35,19,0.723159,0.0901191
g3_mex,child,mexican,5,state_mean,2023-03,73,38,17,0.753199,0.0938713
g3_mex,child,mexican,5,state_mean,2023-04,40,22,8,0.786555,0.0931112
g3_mex,child,mexican,5,state_mean,2023-05,56,28,4,0.929487,0.0626956
g3_mex,child,mexican,5,state_mean,2023-06,49,25,8,0.858658,0.0868193
g3_mex,child,mexican,5,state_mean,2023-07,53,30,5,0.929566,0.0494643
g3_mex,child,mexican,5,state_mean,2023-08,62,34,7,0.927199,0.0447945
g3_mex,child,mexican,5,state_mean,2023-09,61,30,6,0.962714,0.0282068
g3_mex,child,mexican,5,state_mean,2023-10,69,40,6,0.969244,0.019687
g3_mex,child,mexican,5,state_mean,2023-11,43,24,5,0.917606,0.0483571
g3_mex,child,mexican,5,state_mean,2023-12,48,27,8,0.836453,0.0719597
g3_mex,child,mexican,5,state_mean,2024-01,49,30,6,0.867672,0.0717625
g3_mex,child,mexican,5,state_mean,2024-02,59,32,16,0.824751,0.0719836
g3_mex,child,mexican,5,state_mean,2024-03,62,36,10,0.837408,0.0696462
g3_mex,child,mexican,5,state_mean,2024-04,47,31,8,0.801629,0.0990004
g3_mex,child,mexican,5,state_mean,2024-05,76,41,10,0.863459,0.0586682
g3_mex,child,mexican,5,state_mean,2024-06,58,33,7,0.881193,0.055584
g3_mex,child,mexican,5,state_mean,2024-07,66,34,7,0.922041,0.0478504
g3_mex,child,mexican,5,state_mean,2024-08,89,37,15,0.829803,0.0857163
g3_mex,child,mexican,5,state_mean,2024-09,86,40,13,0.828999,0.0722479
g3_mex,child,mexican,5,state_mean,2024-10,83,42,13,0.839152,0.0649855
g3_mex,child,mexican,5,state_mean,2024-11,64,35,4,0.927803,0.0435707
g3_mex,child,mexican,5,state_mean,2024-12,55,31,4,0.911977,0.0509128
g3_mex,child,mexican,5,state_mean,2025-01,54,29,10,0.756897,0.102318
g3_mex,child,mexican,5,state_mean,2025-02,57,32,6,0.913453,0.0627007
g3_mex,child,mexican,5,state_mean,2025-03,52,28,4,0.933966,0.046
g3_mex,child,mexican,5,state_mean,2025-04,63,30,3,0.949289,0.0438502
g3_mex,child,mexican,5,state_mean,2025-05,50,22,5,0.896816,0.0585323
g3_mex,child,mexican,5,state_mean,2025-06,78,39,7,0.938856,0.0292129
g3_mex,child,mexican,5,state_mean,2025-07,65,37,6,0.92055,0.0376495
g3_mex,child,mexican,5,state_mean,2025-08,73,38,2,0.964872,0.0350248
g3_mex,child,mexican,5,state_mean,2025-09,57,30,9,0.854747,0.0645732
g3_mex,child,mexican,5,state_mean,2025-11,71,32,5,0.917848,0.0446957
g3_mex,child,mexican,5,state_mean,2025-12,64,34,13,0.775662,0.0920086
g3_mex,child,mexican,5,state_mean,2026-01,47,28,4,0.895734,0.0622826
g3_mex,child,mexican,5,state_mean,2026-02,64,32,10,0.869645,0.0593073
g3_mex,child,mexican,5,state_mean,2026-03,64,39,11,0.821269,0.0767149
g3_mex,child,mexican,5,state_mean,2026-04,82,45,16,0.831422,0.0706062
g3_mex,child,mexican,5,state_mean,2026-05,55,32,8,0.885506,0.0591612
g3_mex,child,mexican,5,state_mean,2026-06,56,31,10,0.823182,0.0731821
g3_mex,child,mexican,5,state_mean,2026-07,52,26,7,0.90323,0.0508264
g3_mex,child,mexican,5,state_mean,2026-08,74,41,8,0.891019,0.052675
g3_mex,child,mexican,5,final,2019-01,78,44,9,0.913628,0.0384815
g3_mex,child,mexican,5,final,2019-02,66,36,11,0.823367,0.0688556
g3_mex,child,mexican,5,final,2019-03,54,30,10,0.80588,0.0892711
g3_mex,child,mexican,5,final,2019-04,85,49,33,0.644344,0.0843212
g3_mex,child,mexican,5,final,2019-05,54,28,11,0.900041,0.0566363
g3_mex,child,mexican,5,final,2019-06,81,41,20,0.810615,0.0714363
g3_mex,child,mexican,5,final,2019-07,72,43,13,0.809588,0.0645832
g3_mex,child,mexican,5,final,2019-08,69,39,10,0.872769,0.0605121
g3_mex,child,mexican,5,final,2019-09,91,47,25,0.737502,0.0680638
g3_mex,child,mexican,5,final,2019-10,77,42,8,0.91729,0.0363981
g3_mex,child,mexican,5,final,2019-11,54,32,9,0.775634,0.0807925
g3_mex,child,mexican,5,final,2019-12,82,41,8,0.892118,0.0592701
g3_mex,child,mexican,5,final,2020-01,61,34,10,0.864699,0.0619363
g3_mex,child,mexican,5,final,2020-02,69,38,17,0.791026,0.0740061
g3_mex,child,mexican,5,final,2020-03,67,34,6,0.952683,0.0390282
g3_mex,child,mexican,5,final,2020-04,35,21,15,0.566967,0.153479
g3_mex,child,mexican,5,final,2020-05,68,29,24,0.735004,0.0937819
g3_mex,child,mexican,5,final,2020-06,63,31,4,0.973302,0.0191339
g3_mex,child,mexican,5,final,2020-07,74,38,5,0.917244,0.0363035
g3_mex,child,mexican,5,final,2020-08,56,31,7,0.870809,0.0677753
g3_mex,child,mexican,5,final,2020-09,72,36,12,0.843078,0.0670217
g3_mex,child,mexican,5,final,2020-10,52,30,6,0.898528,0.0553077
g3_mex,child,mexican,5,final,2020-11,69,41,4,0.951332,0.031914
g3_mex,child,mexican,5,final,2020-12,89,46,13,0.889525,0.0436759
g3_mex,child,mexican,5,final,2021-01,64,35,12,0.839398,0.0802974
g3_mex,child,mexican,5,final,2021-02,59,30,20,0.704191,0.102611
g3_mex,child,mexican,5,final,2021-03,53,26,7,0.885118,0.0782328
g3_mex,child,mexican,5,final,2021-04,59,32,6,0.914328,0.0494773
g3_mex,child,mexican,5,final,2021-05,77,43,10,0.909952,0.0388344
g3_mex,child,mexican,5,final,2021-06,57,31,10,0.83858,0.0700517
g3_mex,child,mexican,5,final,2021-07,96,51,15,0.847109,0.0658725
g3_mex,child,mexican,5,final,2021-08,41,24,3,0.952822,0.0365102
g3_mex,child,mexican,5,final,2021-09,64,34,12,0.827323,0.0719687
g3_mex,child,mexican,5,final,2021-10,73,36,16,0.798743,0.0684048
g3_mex,child,mexican,5,final,2021-11,45,27,9,0.774682,0.096073
g3_mex,child,mexican,5,final,2021-12,57,30,10,0.877624,0.0608631
g3_mex,child,mexican,5,final,2022-01,55,29,8,0.839874,0.0717509
g3_mex,child,mexican,5,final,2022-02,66,40,11,0.864224,0.0627669
g3_mex,child,mexican,5,final,2022-03,44,26,8,0.858034,0.0758554
g3_mex,child,mexican,5,final,2022-04,76,39,8,0.917161,0.041809
g3_mex,child,mexican,5,final,2022-05,57,31,8,0.873573,0.082027
g3_mex,child,mexican,5,final,2022-06,46,23,13,0.682027,0.119061
g3_mex,child,mexican,5,final,2022-07,55,32,4,0.900364,0.083683
g3_mex,child,mexican,5,final,2022-08,74,34,12,0.821464,0.0710864
g3_mex,child,mexican,5,final,2022-09,42,26,7,0.849707,0.0759594
g3_mex,child,mexican,5,final,2022-10,68,37,9,0.866136,0.0597103
g3_mex,child,mexican,5,final,2022-11,84,43,11,0.861962,0.057637
g3_mex,child,mexican,5,final,2022-12,56,28,1,0.97871,0.021803
g3_mex,child,mexican,5,final,2023-01,48,29,4,0.923832,0.0735618
g3_mex,child,mexican,5,final,2023-02,73,35,19,0.710188,0.0960151
g3_mex,child,mexican,5,final,2023-03,73,38,17,0.784939,0.0821127
g3_mex,child,mexican,5,final,2023-04,40,22,8,0.781715,0.102204
g3_mex,child,mexican,5,final,2023-05,56,28,4,0.938875,0.0540575
g3_mex,child,mexican,5,final,2023-06,49,25,8,0.865276,0.0814466
g3_mex,child,mexican,5,final,2023-07,53,30,5,0.915548,0.0635892
g3_mex,child,mexican,5,final,2023-08,62,34,7,0.928789,0.0461428
g3_mex,child,mexican,5,final,2023-09,61,30,6,0.96299,0.0270251
g3_mex,child,mexican,5,final,2023-10,69,40,6,0.979734,0.0126171
g3_mex,child,mexican,5,final,2023-11,43,24,5,0.938898,0.0370755
g3_mex,child,mexican,5,final,2023-12,48,27,8,0.831072,0.0759003
g3_mex,child,mexican,5,final,2024-01,49,30,6,0.879767,0.0667742
g3_mex,child,mexican,5,final,2024-02,59,32,16,0.852766,0.0631368
g3_mex,child,mexican,5,final,2024-03,62,36,10,0.835831,0.0701489
g3_mex,child,mexican,5,final,2024-04,47,31,8,0.808412,0.0894682
g3_mex,child,mexican,5,final,2024-05,76,41,10,0.842819,0.0635191
g3_mex,child,mexican,5,final,2024-06,58,33,7,0.865101,0.061037
g3_mex,child,mexican,5,final,2024-07,66,34,7,0.907029,0.059951
g3_mex,child,mexican,5,final,2024-08,89,37,15,0.836034,0.0853105
g3_mex,child,mexican,5,final,2024-09,86,40,13,0.848859,0.0643912
g3_mex,child,mexican,5,final,2024-10,83,42,13,0.836881,0.0676986
g3_mex,child,mexican,5,final,2024-11,64,35,4,0.885996,0.0768174
g3_mex,child,mexican,5,final,2024-12,55,31,4,0.923761,0.0438514
g3_mex,child,mexican,5,final,2025-01,54,29,10,0.789471,0.0972434
g3_mex,child,mexican,5,final,2025-02,57,32,6,0.926498,0.050498
g3_mex,child,mexican,5,final,2025-03,52,28,4,0.928943,0.0541029
g3_mex,child,mexican,5,final,2025-04,63,30,3,0.957042,0.0380353
g3_mex,child,mexican,5,final,2025-05,50,22,5,0.923704,0.0434909
g3_mex,child,mexican,5,final,2025-06,78,39,7,0.931727,0.0327295
g3_mex,child,mexican,5,final,2025-07,65,37,6,0.885755,0.061801
g3_mex,child,mexican,5,final,2025-08,73,38,2,0.962346,0.0374714
g3_mex,child,mexican,5,final,2025-09,57,30,9,0.852274,0.0663706
g3_mex,child,mexican,5,final,2025-11,71,32,5,0.918736,0.0469299
g3_mex,child,mexican,5,final,2025-12,64,34,13,0.786099,0.089851
g3_mex,child,mexican,5,final,2026-01,47,28,4,0.919282,0.0484734
g3_mex,child,mexican,5,final,2026-02,64,32,10,0.83042,0.0864499
g3_mex,child,mexican,5,final,2026-03,64,39,11,0.847751,0.0711671
g3_mex,child,mexican,5,final,2026-04,82,45,16,0.863171,0.065468
g3_mex,child,mexican,5,final,2026-05,55,32,8,0.849135,0.0691845
g3_mex,child,mexican,5,final,2026-06,56,31,10,0.822187,0.0715613
g3_mex,child,mexican,5,final,2026-07,52,26,7,0.892425,0.0568095
g3_mex,child,mexican,5,final,2026-08,74,41,8,0.852617,0.0824596
g3_mex,child,mexican,1+5,unweighted,2019-01,154,80,20,0.87013,0.041769
g3_mex,child,mexican,1+5,unweighted,2019-02,137,74,25,0.817518,0.0461682
g3_mex,child,mexican,1+5,unweighted,2019-03,132,70,22,0.833333,0.0486265
g3_mex,child,mexican,1+5,unweighted,2019-04,160,86,56,0.65,0.0600351
g3_mex,child,mexican,1+5,unweighted,2019-05,118,59,16,0.864407,0.0510028
g3_mex,child,mexican,1+5,unweighted,2019-06,164,85,32,0.804878,0.0478198
g3_mex,child,mexican,1+5,unweighted,2019-07,143,79,20,0.86014,0.0354184
g3_mex,child,mexican,1+5,unweighted,2019-08,144,75,21,0.854167,0.0463653
g3_mex,child,mexican,1+5,unweighted,2019-09,155,80,37,0.76129,0.0518994
g3_mex,child,mexican,1+5,unweighted,2019-10,127,73,14,0.889764,0.0336849
g3_mex,child,mexican,1+5,unweighted,2019-11,126,71,15,0.880952,0.0370552
g3_mex,child,mexican,1+5,unweighted,2019-12,175,84,20,0.885714,0.0339405
g3_mex,child,mexican,1+5,unweighted,2020-01,125,68,24,0.808,0.0556556
g3_mex,child,mexican,1+5,unweighted,2020-02,119,63,34,0.714286,0.0652345
g3_mex,child,mexican,1+5,unweighted,2020-03,109,60,16,0.853211,0.0543005
g3_mex,child,mexican,1+5,unweighted,2020-04,63,35,16,0.746032,0.0928359
g3_mex,child,mexican,1+5,unweighted,2020-05,109,50,28,0.743119,0.0692204
g3_mex,child,mexican,1+5,unweighted,2020-06,87,46,5,0.942529,0.030451
g3_mex,child,mexican,1+5,unweighted,2020-07,108,57,13,0.87963,0.0401252
g3_mex,child,mexican,1+5,unweighted,2020-08,93,51,12,0.870968,0.0566597
g3_mex,child,mexican,1+5,unweighted,2020-09,151,78,23,0.847682,0.0451703
g3_mex,child,mexican,1+5,unweighted,2020-10,133,69,24,0.819549,0.0493597
g3_mex,child,mexican,1+5,unweighted,2020-11,124,70,13,0.895161,0.0369203
g3_mex,child,mexican,1+5,unweighted,2020-12,131,71,20,0.847328,0.0435656
g3_mex,child,mexican,1+5,unweighted,2021-01,112,62,15,0.866071,0.0495689
g3_mex,child,mexican,1+5,unweighted,2021-02,130,72,33,0.746154,0.0620041
g3_mex,child,mexican,1+5,unweighted,2021-03,108,59,14,0.87037,0.0442124
g3_mex,child,mexican,1+5,unweighted,2021-04,123,62,16,0.869919,0.0440221
g3_mex,child,mexican,1+5,unweighted,2021-05,145,81,21,0.855172,0.0413642
g3_mex,child,mexican,1+5,unweighted,2021-06,97,55,21,0.783505,0.0598921
g3_mex,child,mexican,1+5,unweighted,2021-07,147,84,19,0.870748,0.037477
g3_mex,child,mexican,1+5,unweighted,2021-08,128,64,14,0.890625,0.040985
g3_mex,child,mexican,1+5,unweighted,2021-09,127,69,22,0.826772,0.0486207
g3_mex,child,mexican,1+5,unweighted,2021-10,152,79,29,0.809211,0.0432191
g3_mex,child,mexican,1+5,unweighted,2021-11,133,71,20,0.849624,0.040504
g3_mex,child,mexican,1+5,unweighted,2021-12,112,57,11,0.901786,0.0398749
g3_mex,child,mexican,1+5,unweighted,2022-01,119,64,13,0.890756,0.0355513
g3_mex,child,mexican,1+5,unweighted,2022-02,140,75,28,0.8,0.0513336
g3_mex,child,mexican,1+5,unweighted,2022-03,113,60,18,0.840708,0.0519724
g3_mex,child,mexican,1+5,unweighted,2022-04,134,68,23,0.828358,0.0494287
g3_mex,child,mexican,1+5,unweighted,2022-05,120,63,23,0.808333,0.0576119
g3_mex,child,mexican,1+5,unweighted,2022-06,102,54,22,0.784314,0.0611268
g3_mex,child,mexican,1+5,unweighted,2022-07,99,57,7,0.929293,0.0324271
g3_mex,child,mexican,1+5,unweighted,2022-08,141,68,23,0.836879,0.0460708
g3_mex,child,mexican,1+5,unweighted,2022-09,101,56,10,0.90099,0.0378654
g3_mex,child,mexican,1+5,unweighted,2022-10,134,73,16,0.880597,0.0388018
g3_mex,child,mexican,1+5,unweighted,2022-11,133,69,20,0.849624,0.0450208
g3_mex,child,mexican,1+5,unweighted,2022-12,115,59,16,0.86087,0.0545115
g3_mex,child,mexican,1+5,unweighted,2023-01,112,65,11,0.901786,0.0464226
g3_mex,child,mexican,1+5,unweighted,2023-02,130,66,40,0.692308,0.0674158
g3_mex,child,mexican,1+5,unweighted,2023-03,137,73,29,0.788321,0.0564804
g3_mex,child,mexican,1+5,unweighted,2023-04,117,64,20,0.82906,0.0484344
g3_mex,child,mexican,1+5,unweighted,2023-05,135,71,11,0.918519,0.0308225
g3_mex,child,mexican,1+5,unweighted,2023-06,100,53,12,0.88,0.0500844
g3_mex,child,mexican,1+5,unweighted,2023-07,128,67,13,0.898438,0.035687
g3_mex,child,mexican,1+5,unweighted,2023-08,146,71,19,0.869863,0.0524043
g3_mex,child,mexican,1+5,unweighted,2023-09,154,74,18,0.883117,0.0438597
g3_mex,child,mexican,1+5,unweighted,2023-10,138,80,17,0.876812,0.0346135
g3_mex,child,mexican,1+5,unweighted,2023-11,114,65,10,0.912281,0.0341532
g3_mex,child,mexican,1+5,unweighted,2023-12,105,57,10,0.904762,0.035115
g3_mex,child,mexican,1+5,unweighted,2024-01,109,58,21,0.807339,0.0595067
g3_mex,child,mexican,1+5,unweighted,2024-02,114,62,22,0.807018,0.0554873
g3_mex,child,mexican,1+5,unweighted,2024-03,131,71,15,0.885496,0.0378403
g3_mex,child,mexican,1+5,unweighted,2024-04,132,70,16,0.878788,0.0440751
g3_mex,child,mexican,1+5,unweighted,2024-05,137,73,24,0.824818,0.0456658
g3_mex,child,mexican,1+5,unweighted,2024-06,125,66,12,0.904,0.0296621
g3_mex,child,mexican,1+5,unweighted,2024-07,128,68,14,0.890625,0.038183
g3_mex,child,mexican,1+5,unweighted,2024-08,167,81,18,0.892216,0.0434965
g3_mex,child,mexican,1+5,unweighted,2024-09,146,73,25,0.828767,0.0456466
g3_mex,child,mexican,1+5,unweighted,2024-10,141,74,19,0.865248,0.0423269
g3_mex,child,mexican,1+5,unweighted,2024-11,142,71,11,0.922535,0.0339437
g3_mex,child,mexican,1+5,unweighted,2024-12,118,62,15,0.872881,0.044766
g3_mex,child,mexican,1+5,unweighted,2025-01,123,66,14,0.886179,0.0429185
g3_mex,child,mexican,1+5,unweighted,2025-02,126,65,10,0.920635,0.03315
g3_mex,child,mexican,1+5,unweighted,2025-03,141,74,23,0.836879,0.0465526
g3_mex,child,mexican,1+5,unweighted,2025-04,147,77,20,0.863946,0.0434687
g3_mex,child,mexican,1+5,unweighted,2025-05,89,47,10,0.88764,0.0405865
g3_mex,child,mexican,1+5,unweighted,2025-06,132,68,17,0.871212,0.0443582
g3_mex,child,mexican,1+5,unweighted,2025-07,121,67,16,0.867769,0.0406592
g3_mex,child,mexican,1+5,unweighted,2025-08,155,82,12,0.922581,0.0318445
g3_mex,child,mexican,1+5,unweighted,2025-09,121,66,19,0.842975,0.0470459
g3_mex,child,mexican,1+5,unweighted,2025-11,127,60,9,0.929134,0.0277023
g3_mex,child,mexican,1+5,unweighted,2025-12,142,74,21,0.852113,0.0447376
g3_mex,child,mexican,1+5,unweighted,2026-01,116,64,14,0.87931,0.0400723
g3_mex,child,mexican,1+5,unweighted,2026-02,136,74,14,0.897059,0.0348825
g3_mex,child,mexican,1+5,unweighted,2026-03,125,70,23,0.816,0.052531
g3_mex,child,mexican,1+5,unweighted,2026-04,145,77,22,0.848276,0.0473403
g3_mex,child,mexican,1+5,unweighted,2026-05,100,57,16,0.84,0.0555384
g3_mex,child,mexican,1+5,unweighted,2026-06,109,59,19,0.825688,0.0520926
g3_mex,child,mexican,1+5,unweighted,2026-07,102,52,10,0.901961,0.0405024
g3_mex,child,mexican,1+5,unweighted,2026-08,127,69,19,0.850394,0.0517761
g3_mex,child,mexican,1+5,state_mean,2019-01,154,80,20,0.879593,0.0405914
g3_mex,child,mexican,1+5,state_mean,2019-02,137,74,25,0.817038,0.0487883
g3_mex,child,mexican,1+5,state_mean,2019-03,132,70,22,0.86601,0.0402555
g3_mex,child,mexican,1+5,state_mean,2019-04,160,86,56,0.631999,0.0663014
g3_mex,child,mexican,1+5,state_mean,2019-05,118,59,16,0.905158,0.034653
g3_mex,child,mexican,1+5,state_mean,2019-06,164,85,32,0.851786,0.0433696
g3_mex,child,mexican,1+5,state_mean,2019-07,143,79,20,0.850949,0.0391562
g3_mex,child,mexican,1+5,state_mean,2019-08,144,75,21,0.861052,0.0463356
g3_mex,child,mexican,1+5,state_mean,2019-09,155,80,37,0.75235,0.0539932
g3_mex,child,mexican,1+5,state_mean,2019-10,127,73,14,0.883579,0.0395773
g3_mex,child,mexican,1+5,state_mean,2019-11,126,71,15,0.878894,0.0364436
g3_mex,child,mexican,1+5,state_mean,2019-12,175,84,20,0.877536,0.0386687
g3_mex,child,mexican,1+5,state_mean,2020-01,125,68,24,0.817937,0.0573833
g3_mex,child,mexican,1+5,state_mean,2020-02,119,63,34,0.724052,0.0690957
g3_mex,child,mexican,1+5,state_mean,2020-03,109,60,16,0.890877,0.0494528
g3_mex,child,mexican,1+5,state_mean,2020-04,63,35,16,0.721856,0.112345
g3_mex,child,mexican,1+5,state_mean,2020-05,109,50,28,0.783705,0.0678589
g3_mex,child,mexican,1+5,state_mean,2020-06,87,46,5,0.961683,0.0219698
g3_mex,child,mexican,1+5,state_mean,2020-07,108,57,13,0.886903,0.039336
g3_mex,child,mexican,1+5,state_mean,2020-08,93,51,12,0.846449,0.0672654
g3_mex,child,mexican,1+5,state_mean,2020-09,151,78,23,0.842818,0.0479923
g3_mex,child,mexican,1+5,state_mean,2020-10,133,69,24,0.823887,0.0520397
g3_mex,child,mexican,1+5,state_mean,2020-11,124,70,13,0.887483,0.0410855
g3_mex,child,mexican,1+5,state_mean,2020-12,131,71,20,0.864237,0.0427602
g3_mex,child,mexican,1+5,state_mean,2021-01,112,62,15,0.884376,0.0525125
g3_mex,child,mexican,1+5,state_mean,2021-02,130,72,33,0.765471,0.0599807
g3_mex,child,mexican,1+5,state_mean,2021-03,108,59,14,0.876176,0.050688
g3_mex,child,mexican,1+5,state_mean,2021-04,123,62,16,0.91641,0.0312069
g3_mex,child,mexican,1+5,state_mean,2021-05,145,81,21,0.893062,0.0329635
g3_mex,child,mexican,1+5,state_mean,2021-06,97,55,21,0.777578,0.0645107
g3_mex,child,mexican,1+5,state_mean,2021-07,147,84,19,0.882011,0.0381275
g3_mex,child,mexican,1+5,state_mean,2021-08,128,64,14,0.89796,0.0394549
g3_mex,child,mexican,1+5,state_mean,2021-09,127,69,22,0.836406,0.046761
g3_mex,child,mexican,1+5,state_mean,2021-10,152,79,29,0.802756,0.0471183
g3_mex,child,mexican,1+5,state_mean,2021-11,133,71,20,0.841959,0.0432412
g3_mex,child,mexican,1+5,state_mean,2021-12,112,57,11,0.935731,0.0319155
g3_mex,child,mexican,1+5,state_mean,2022-01,119,64,13,0.891993,0.0378276
g3_mex,child,mexican,1+5,state_mean,2022-02,140,75,28,0.820293,0.0498771
g3_mex,child,mexican,1+5,state_mean,2022-03,113,60,18,0.857833,0.0513934
g3_mex,child,mexican,1+5,state_mean,2022-04,134,68,23,0.859773,0.0439096
g3_mex,child,mexican,1+5,state_mean,2022-05,120,63,23,0.819325,0.0591469
g3_mex,child,mexican,1+5,state_mean,2022-06,102,54,22,0.788568,0.0644084
g3_mex,child,mexican,1+5,state_mean,2022-07,99,57,7,0.945823,0.032233
g3_mex,child,mexican,1+5,state_mean,2022-08,141,68,23,0.864929,0.0417097
g3_mex,child,mexican,1+5,state_mean,2022-09,101,56,10,0.906017,0.0374063
g3_mex,child,mexican,1+5,state_mean,2022-10,134,73,16,0.888074,0.041807
g3_mex,child,mexican,1+5,state_mean,2022-11,133,69,20,0.848303,0.0473181
g3_mex,child,mexican,1+5,state_mean,2022-12,115,59,16,0.878833,0.0461729
g3_mex,child,mexican,1+5,state_mean,2023-01,112,65,11,0.892616,0.0524004
g3_mex,child,mexican,1+5,state_mean,2023-02,130,66,40,0.714198,0.0694407
g3_mex,child,mexican,1+5,state_mean,2023-03,137,73,29,0.786539,0.0607206
g3_mex,child,mexican,1+5,state_mean,2023-04,117,64,20,0.827333,0.0526804
g3_mex,child,mexican,1+5,state_mean,2023-05,135,71,11,0.917344,0.0347083
g3_mex,child,mexican,1+5,state_mean,2023-06,100,53,12,0.891268,0.0501116
g3_mex,child,mexican,1+5,state_mean,2023-07,128,67,13,0.915437,0.039845
g3_mex,child,mexican,1+5,state_mean,2023-08,146,71,19,0.884741,0.0528883
g3_mex,child,mexican,1+5,state_mean,2023-09,154,74,18,0.897576,0.0402773
g3_mex,child,mexican,1+5,state_mean,2023-10,138,80,17,0.906824,0.03209
g3_mex,child,mexican,1+5,state_mean,2023-11,114,65,10,0.918273,0.032719
g3_mex,child,mexican,1+5,state_mean,2023-12,105,57,10,0.898871,0.0376914
g3_mex,child,mexican,1+5,state_mean,2024-01,109,58,21,0.81092,0.0617138
g3_mex,child,mexican,1+5,state_mean,2024-02,114,62,22,0.872023,0.0443963
g3_mex,child,mexican,1+5,state_mean,2024-03,131,71,15,0.890622,0.0389631
g3_mex,child,mexican,1+5,state_mean,2024-04,132,70,16,0.877388,0.0461857
g3_mex,child,mexican,1+5,state_mean,2024-05,137,73,24,0.816715,0.0497408
g3_mex,child,mexican,1+5,state_mean,2024-06,125,66,12,0.90995,0.03106
g3_mex,child,mexican,1+5,state_mean,2024-07,128,68,14,0.908599,0.0347706
g3_mex,child,mexican,1+5,state_mean,2024-08,167,81,18,0.891436,0.0507105
g3_mex,child,mexican,1+5,state_mean,2024-09,146,73,25,0.83764,0.049112
g3_mex,child,mexican,1+5,state_mean,2024-10,141,74,19,0.875746,0.0436167
g3_mex,child,mexican,1+5,state_mean,2024-11,142,71,11,0.913893,0.0435783
g3_mex,child,mexican,1+5,state_mean,2024-12,118,62,15,0.856143,0.0524248
g3_mex,child,mexican,1+5,state_mean,2025-01,123,66,14,0.865741,0.0487685
g3_mex,child,mexican,1+5,state_mean,2025-02,126,65,10,0.944782,0.0293881
g3_mex,child,mexican,1+5,state_mean,2025-03,141,74,23,0.839579,0.0481549
g3_mex,child,mexican,1+5,state_mean,2025-04,147,77,20,0.886529,0.0372744
g3_mex,child,mexican,1+5,state_mean,2025-05,89,47,10,0.895673,0.0403607
g3_mex,child,mexican,1+5,state_mean,2025-06,132,68,17,0.910637,0.0331921
g3_mex,child,mexican,1+5,state_mean,2025-07,121,67,16,0.879181,0.0398485
g3_mex,child,mexican,1+5,state_mean,2025-08,155,82,12,0.909166,0.037471
g3_mex,child,mexican,1+5,state_mean,2025-09,121,66,19,0.851294,0.0484877
g3_mex,child,mexican,1+5,state_mean,2025-11,127,60,9,0.927446,0.0306334
g3_mex,child,mexican,1+5,state_mean,2025-12,142,74,21,0.849106,0.0497963
g3_mex,child,mexican,1+5,state_mean,2026-01,116,64,14,0.884488,0.0430908
g3_mex,child,mexican,1+5,state_mean,2026-02,136,74,14,0.911083,0.0336341
g3_mex,child,mexican,1+5,state_mean,2026-03,125,70,23,0.799192,0.0576623
g3_mex,child,mexican,1+5,state_mean,2026-04,145,77,22,0.87324,0.0456901
g3_mex,child,mexican,1+5,state_mean,2026-05,100,57,16,0.871466,0.0463445
g3_mex,child,mexican,1+5,state_mean,2026-06,109,59,19,0.867489,0.044365
g3_mex,child,mexican,1+5,state_mean,2026-07,102,52,10,0.931028,0.0298168
g3_mex,child,mexican,1+5,state_mean,2026-08,127,69,19,0.889635,0.0374757
g3_mex,child,mexican,1+5,final,2019-01,154,80,20,0.902265,0.0336768
g3_mex,child,mexican,1+5,final,2019-02,137,74,25,0.824174,0.0482372
g3_mex,child,mexican,1+5,final,2019-03,132,70,22,0.836857,0.0506986
g3_mex,child,mexican,1+5,final,2019-04,160,86,56,0.648579,0.0653286
g3_mex,child,mexican,1+5,final,2019-05,118,59,16,0.915751,0.0303463
g3_mex,child,mexican,1+5,final,2019-06,164,85,32,0.854818,0.0418635
g3_mex,child,mexican,1+5,final,2019-07,143,79,20,0.852754,0.0405816
g3_mex,child,mexican,1+5,final,2019-08,144,75,21,0.871067,0.0438789
g3_mex,child,mexican,1+5,final,2019-09,155,80,37,0.78454,0.0491125
g3_mex,child,mexican,1+5,final,2019-10,127,73,14,0.896397,0.0386062
g3_mex,child,mexican,1+5,final,2019-11,126,71,15,0.857935,0.0421604
g3_mex,child,mexican,1+5,final,2019-12,175,84,20,0.886304,0.0374126
g3_mex,child,mexican,1+5,final,2020-01,125,68,24,0.836404,0.053301
g3_mex,child,mexican,1+5,final,2020-02,119,63,34,0.768748,0.0622895
g3_mex,child,mexican,1+5,final,2020-03,109,60,16,0.899598,0.0480217
g3_mex,child,mexican,1+5,final,2020-04,63,35,16,0.733289,0.10814
g3_mex,child,mexican,1+5,final,2020-05,109,50,28,0.824758,0.0600102
g3_mex,child,mexican,1+5,final,2020-06,87,46,5,0.974664,0.015117
g3_mex,child,mexican,1+5,final,2020-07,108,57,13,0.885079,0.038733
g3_mex,child,mexican,1+5,final,2020-08,93,51,12,0.87139,0.0576614
g3_mex,child,mexican,1+5,final,2020-09,151,78,23,0.861767,0.0428752
g3_mex,child,mexican,1+5,final,2020-10,133,69,24,0.845569,0.0473404
g3_mex,child,mexican,1+5,final,2020-11,124,70,13,0.908528,0.0343628
g3_mex,child,mexican,1+5,final,2020-12,131,71,20,0.871913,0.0410136
g3_mex,child,mexican,1+5,final,2021-01,112,62,15,0.882418,0.0514726
g3_mex,child,mexican,1+5,final,2021-02,130,72,33,0.773582,0.0621353
g3_mex,child,mexican,1+5,final,2021-03,108,59,14,0.884061,0.0488588
g3_mex,child,mexican,1+5,final,2021-04,123,62,16,0.927561,0.0280422
g3_mex,child,mexican,1+5,final,2021-05,145,81,21,0.89497,0.036434
g3_mex,child,mexican,1+5,final,2021-06,97,55,21,0.792366,0.0616968
g3_mex,child,mexican,1+5,final,2021-07,147,84,19,0.862066,0.0497045
g3_mex,child,mexican,1+5,final,2021-08,128,64,14,0.890677,0.0443603
g3_mex,child,mexican,1+5,final,2021-09,127,69,22,0.854075,0.0448865
g3_mex,child,mexican,1+5,final,2021-10,152,79,29,0.823611,0.0431952
g3_mex,child,mexican,1+5,final,2021-11,133,71,20,0.841408,0.0441024
g3_mex,child,mexican,1+5,final,2021-12,112,57,11,0.939369,0.0293232
g3_mex,child,mexican,1+5,final,2022-01,119,64,13,0.879866,0.0420595
g3_mex,child,mexican,1+5,final,2022-02,140,75,28,0.815658,0.0510635
g3_mex,child,mexican,1+5,final,2022-03,113,60,18,0.888379,0.0417616
g3_mex,child,mexican,1+5,final,2022-04,134,68,23,0.861307,0.0445559
g3_mex,child,mexican,1+5,final,2022-05,120,63,23,0.822058,0.0577665
g3_mex,child,mexican,1+5,final,2022-06,102,54,22,0.754836,0.0733968
g3_mex,child,mexican,1+5,final,2022-07,99,57,7,0.928002,0.0520894
g3_mex,child,mexican,1+5,final,2022-08,141,68,23,0.849114,0.0458854
g3_mex,child,mexican,1+5,final,2022-09,101,56,10,0.905116,0.0396544
g3_mex,child,mexican,1+5,final,2022-10,134,73,16,0.905185,0.0370829
g3_mex,child,mexican,1+5,final,2022-11,133,69,20,0.830934,0.057319
g3_mex,child,mexican,1+5,final,2022-12,115,59,16,0.875313,0.0465274
g3_mex,child,mexican,1+5,final,2023-01,112,65,11,0.916178,0.0417045
g3_mex,child,mexican,1+5,final,2023-02,130,66,40,0.71587,0.072484
g3_mex,child,mexican,1+5,final,2023-03,137,73,29,0.817355,0.053207
g3_mex,child,mexican,1+5,final,2023-04,117,64,20,0.82262,0.0531787
g3_mex,child,mexican,1+5,final,2023-05,135,71,11,0.916222,0.034244
g3_mex,child,mexican,1+5,final,2023-06,100,53,12,0.884694,0.0512937
g3_mex,child,mexican,1+5,final,2023-07,128,67,13,0.918067,0.0388032
g3_mex,child,mexican,1+5,final,2023-08,146,71,19,0.881626,0.0536812
g3_mex,child,mexican,1+5,final,2023-09,154,74,18,0.88874,0.0418051
g3_mex,child,mexican,1+5,final,2023-10,138,80,17,0.908328,0.0339559
g3_mex,child,mexican,1+5,final,2023-11,114,65,10,0.90689,0.0473369
g3_mex,child,mexican,1+5,final,2023-12,105,57,10,0.851875,0.0654509
g3_mex,child,mexican,1+5,final,2024-01,109,58,21,0.811172,0.0619629
g3_mex,child,mexican,1+5,final,2024-02,114,62,22,0.8895,0.0394937
g3_mex,child,mexican,1+5,final,2024-03,131,71,15,0.88178,0.0428231
g3_mex,child,mexican,1+5,final,2024-04,132,70,16,0.861956,0.049666
g3_mex,child,mexican,1+5,final,2024-05,137,73,24,0.814945,0.0494872
g3_mex,child,mexican,1+5,final,2024-06,125,66,12,0.900045,0.0332985
g3_mex,child,mexican,1+5,final,2024-07,128,68,14,0.905297,0.0391533
g3_mex,child,mexican,1+5,final,2024-08,167,81,18,0.899288,0.0491754
g3_mex,child,mexican,1+5,final,2024-09,146,73,25,0.844714,0.0464673
g3_mex,child,mexican,1+5,final,2024-10,141,74,19,0.875687,0.0444273
g3_mex,child,mexican,1+5,final,2024-11,142,71,11,0.893546,0.053502
g3_mex,child,mexican,1+5,final,2024-12,118,62,15,0.869079,0.0484539
g3_mex,child,mexican,1+5,final,2025-01,123,66,14,0.888251,0.042918
g3_mex,child,mexican,1+5,final,2025-02,126,65,10,0.949633,0.0251253
g3_mex,child,mexican,1+5,final,2025-03,141,74,23,0.85252,0.04602
g3_mex,child,mexican,1+5,final,2025-04,147,77,20,0.90166,0.0336127
g3_mex,child,mexican,1+5,final,2025-05,89,47,10,0.908456,0.0348485
g3_mex,child,mexican,1+5,final,2025-06,132,68,17,0.917032,0.0298034
g3_mex,child,mexican,1+5,final,2025-07,121,67,16,0.859585,0.0485488
g3_mex,child,mexican,1+5,final,2025-08,155,82,12,0.919304,0.0344267
g3_mex,child,mexican,1+5,final,2025-09,121,66,19,0.850252,0.0485287
g3_mex,child,mexican,1+5,final,2025-11,127,60,9,0.931517,0.030767
g3_mex,child,mexican,1+5,final,2025-12,142,74,21,0.85723,0.0464094
g3_mex,child,mexican,1+5,final,2026-01,116,64,14,0.886277,0.0454093
g3_mex,child,mexican,1+5,final,2026-02,136,74,14,0.897436,0.044724
g3_mex,child,mexican,1+5,final,2026-03,125,70,23,0.820909,0.0587675
g3_mex,child,mexican,1+5,final,2026-04,145,77,22,0.900766,0.040591
g3_mex,child,mexican,1+5,final,2026-05,100,57,16,0.848202,0.0512656
g3_mex,child,mexican,1+5,final,2026-06,109,59,19,0.837738,0.0555191
g3_mex,child,mexican,1+5,final,2026-07,102,52,10,0.930571,0.0307274
g3_mex,child,mexican,1+5,final,2026-08,127,69,19,0.878845,0.0514111
g3_mex,child,hispanic,1,unweighted,2019-01,76,36,8,0.894737,0.0588546
g3_mex,child,hispanic,1,unweighted,2019-02,71,38,9,0.873239,0.0556133
g3_mex,child,hispanic,1,unweighted,2019-03,78,40,10,0.871795,0.0655182
g3_mex,child,hispanic,1,unweighted,2019-04,75,37,15,0.8,0.0825327
g3_mex,child,hispanic,1,unweighted,2019-05,64,31,4,0.9375,0.0308857
g3_mex,child,hispanic,1,unweighted,2019-06,83,44,5,0.939759,0.0272501
g3_mex,child,hispanic,1,unweighted,2019-07,71,36,6,0.915493,0.0413771
g3_mex,child,hispanic,1,unweighted,2019-08,75,36,2,0.973333,0.026801
g3_mex,child,hispanic,1,unweighted,2019-09,64,33,8,0.875,0.0627209
g3_mex,child,hispanic,1,unweighted,2019-10,50,31,5,0.9,0.056853
g3_mex,child,hispanic,1,unweighted,2019-11,72,39,4,0.944444,0.0339654
g3_mex,child,hispanic,1,unweighted,2019-12,93,43,5,0.946237,0.028639
g3_mex,child,hispanic,1,unweighted,2020-01,64,34,10,0.84375,0.0574668
g3_mex,child,hispanic,1,unweighted,2020-02,50,25,11,0.78,0.098661
g3_mex,child,hispanic,1,unweighted,2020-03,42,26,7,0.833333,0.0938658
g3_mex,child,hispanic,1,unweighted,2020-04,28,14,1,0.964286,0.0373919
g3_mex,child,hispanic,1,unweighted,2020-05,41,21,4,0.902439,0.0752572
g3_mex,child,hispanic,1,unweighted,2020-06,24,15,1,0.958333,0.0430542
g3_mex,child,hispanic,1,unweighted,2020-07,34,19,7,0.794118,0.104504
g3_mex,child,hispanic,1,unweighted,2020-08,37,20,4,0.891892,0.102188
g3_mex,child,hispanic,1,unweighted,2020-09,79,42,8,0.898734,0.0565196
g3_mex,child,hispanic,1,unweighted,2020-10,81,39,17,0.790123,0.0718435
g3_mex,child,hispanic,1,unweighted,2020-11,55,29,9,0.836364,0.0695524
g3_mex,child,hispanic,1,unweighted,2020-12,42,25,4,0.904762,0.0638856
g3_mex,child,hispanic,1,unweighted,2021-01,48,27,0,1,0
g3_mex,child,hispanic,1,unweighted,2021-02,71,42,7,0.901408,0.0603664
g3_mex,child,hispanic,1,unweighted,2021-03,55,33,4,0.927273,0.0434889
g3_mex,child,hispanic,1,unweighted,2021-04,64,30,9,0.859375,0.070944
g3_mex,child,hispanic,1,unweighted,2021-05,68,38,5,0.926471,0.0475817
g3_mex,child,hispanic,1,unweighted,2021-06,40,24,6,0.85,0.0871468
g3_mex,child,hispanic,1,unweighted,2021-07,51,33,2,0.960784,0.0269989
g3_mex,child,hispanic,1,unweighted,2021-08,87,40,5,0.942529,0.0308521
g3_mex,child,hispanic,1,unweighted,2021-09,63,35,6,0.904762,0.0567604
g3_mex,child,hispanic,1,unweighted,2021-10,79,43,7,0.911392,0.0367825
g3_mex,child,hispanic,1,unweighted,2021-11,88,44,7,0.920455,0.0357312
g3_mex,child,hispanic,1,unweighted,2021-12,55,27,1,0.981818,0.0186107
g3_mex,child,hispanic,1,unweighted,2022-01,64,35,2,0.96875,0.0222328
g3_mex,child,hispanic,1,unweighted,2022-02,74,35,10,0.864865,0.0622897
g3_mex,child,hispanic,1,unweighted,2022-03,69,34,2,0.971014,0.0210084
g3_mex,child,hispanic,1,unweighted,2022-04,58,29,9,0.844828,0.0797559
g3_mex,child,hispanic,1,unweighted,2022-05,63,32,8,0.873016,0.0643626
g3_mex,child,hispanic,1,unweighted,2022-06,56,31,4,0.928571,0.0439314
g3_mex,child,hispanic,1,unweighted,2022-07,44,25,0,1,0
g3_mex,child,hispanic,1,unweighted,2022-08,67,34,8,0.880597,0.071382
g3_mex,child,hispanic,1,unweighted,2022-09,59,30,0,1,0
g3_mex,child,hispanic,1,unweighted,2022-10,66,36,3,0.954545,0.0338598
g3_mex,child,hispanic,1,unweighted,2022-11,49,26,5,0.897959,0.059878
g3_mex,child,hispanic,1,unweighted,2022-12,59,31,12,0.79661,0.0938188
g3_mex,child,hispanic,1,unweighted,2023-01,64,36,2,0.96875,0.0213801
g3_mex,child,hispanic,1,unweighted,2023-02,57,31,12,0.789474,0.106772
g3_mex,child,hispanic,1,unweighted,2023-03,64,35,5,0.921875,0.0544827
g3_mex,child,hispanic,1,unweighted,2023-04,77,42,5,0.935065,0.0385533
g3_mex,child,hispanic,1,unweighted,2023-05,79,43,5,0.936709,0.0319485
g3_mex,child,hispanic,1,unweighted,2023-06,51,28,3,0.941176,0.0438226
g3_mex,child,hispanic,1,unweighted,2023-07,75,37,6,0.92,0.0445996
g3_mex,child,hispanic,1,unweighted,2023-08,84,37,7,0.916667,0.0689212
g3_mex,child,hispanic,1,unweighted,2023-09,93,44,6,0.935484,0.0364906
g3_mex,child,hispanic,1,unweighted,2023-10,69,40,5,0.927536,0.0368754
g3_mex,child,hispanic,1,unweighted,2023-11,71,41,2,0.971831,0.0202338
g3_mex,child,hispanic,1,unweighted,2023-12,57,30,1,0.982456,0.0176255
g3_mex,child,hispanic,1,unweighted,2024-01,60,28,8,0.866667,0.0656075
g3_mex,child,hispanic,1,unweighted,2024-02,55,30,5,0.909091,0.0492436
g3_mex,child,hispanic,1,unweighted,2024-03,69,35,2,0.971014,0.0208953
g3_mex,child,hispanic,1,unweighted,2024-04,85,39,1,0.988235,0.0119802
g3_mex,child,hispanic,1,unweighted,2024-05,61,32,11,0.819672,0.0695874
g3_mex,child,hispanic,1,unweighted,2024-06,67,33,2,0.970149,0.0210932
g3_mex,child,hispanic,1,unweighted,2024-07,62,34,5,0.919355,0.047652
g3_mex,child,hispanic,1,unweighted,2024-08,78,44,3,0.961538,0.0283833
g3_mex,child,hispanic,1,unweighted,2024-09,60,33,4,0.933333,0.0403371
g3_mex,child,hispanic,1,unweighted,2024-10,58,32,3,0.948276,0.0301145
g3_mex,child,hispanic,1,unweighted,2024-11,78,36,2,0.974359,0.0180772
g3_mex,child,hispanic,1,unweighted,2024-12,63,31,8,0.873016,0.0671575
g3_mex,child,hispanic,1,unweighted,2025-01,69,37,4,0.942029,0.0347694
g3_mex,child,hispanic,1,unweighted,2025-02,69,33,1,0.985507,0.0141324
g3_mex,child,hispanic,1,unweighted,2025-03,89,46,16,0.820225,0.0648209
g3_mex,child,hispanic,1,unweighted,2025-04,84,47,11,0.869048,0.0618449
g3_mex,child,hispanic,1,unweighted,2025-05,39,25,3,0.923077,0.0454613
g3_mex,child,hispanic,1,unweighted,2025-06,54,29,5,0.907407,0.0641525
g3_mex,child,hispanic,1,unweighted,2025-07,56,30,6,0.892857,0.0557393
g3_mex,child,hispanic,1,unweighted,2025-08,82,44,6,0.926829,0.0412986
g3_mex,child,hispanic,1,unweighted,2025-09,64,36,8,0.875,0.0625139
g3_mex,child,hispanic,1,unweighted,2025-11,56,28,1,0.982143,0.0183004
g3_mex,child,hispanic,1,unweighted,2025-12,78,40,2,0.974359,0.0256887
g3_mex,child,hispanic,1,unweighted,2026-01,69,36,6,0.913043,0.0444502
g3_mex,child,hispanic,1,unweighted,2026-02,72,42,1,0.986111,0.0140708
g3_mex,child,hispanic,1,unweighted,2026-03,61,31,6,0.901639,0.0580534
g3_mex,child,hispanic,1,unweighted,2026-04,63,32,4,0.936508,0.0443673
g3_mex,child,hispanic,1,unweighted,2026-05,45,25,6,0.866667,0.0749333
g3_mex,child,hispanic,1,unweighted,2026-06,53,28,5,0.90566,0.0541083
g3_mex,child,hispanic,1,unweighted,2026-07,50,26,1,0.98,0.0204368
g3_mex,child,hispanic,1,unweighted,2026-08,53,28,5,0.90566,0.0610346
g3_mex,child,hispanic,1,state_mean,2019-01,76,36,8,0.90416,0.0565799
g3_mex,child,hispanic,1,state_mean,2019-02,71,38,9,0.879597,0.0574229
g3_mex,child,hispanic,1,state_mean,2019-03,78,40,10,0.917747,0.0421947
g3_mex,child,hispanic,1,state_mean,2019-04,75,37,15,0.773971,0.0946299
g3_mex,child,hispanic,1,state_mean,2019-05,64,31,4,0.92188,0.0378263
g3_mex,child,hispanic,1,state_mean,2019-06,83,44,5,0.950013,0.0267739
g3_mex,child,hispanic,1,state_mean,2019-07,71,36,6,0.906107,0.0463985
g3_mex,child,hispanic,1,state_mean,2019-08,75,36,2,0.973886,0.0262683
g3_mex,child,hispanic,1,state_mean,2019-09,64,33,8,0.87977,0.0647544
g3_mex,child,hispanic,1,state_mean,2019-10,50,31,5,0.880721,0.0677796
g3_mex,child,hispanic,1,state_mean,2019-11,72,39,4,0.938788,0.037243
g3_mex,child,hispanic,1,state_mean,2019-12,93,43,5,0.965046,0.0223849
g3_mex,child,hispanic,1,state_mean,2020-01,64,34,10,0.858572,0.0546099
g3_mex,child,hispanic,1,state_mean,2020-02,50,25,11,0.775156,0.105046
g3_mex,child,hispanic,1,state_mean,2020-03,42,26,7,0.853271,0.0986498
g3_mex,child,hispanic,1,state_mean,2020-04,28,14,1,0.947996,0.0538845
g3_mex,child,hispanic,1,state_mean,2020-05,41,21,4,0.950009,0.0408981
g3_mex,child,hispanic,1,state_mean,2020-06,24,15,1,0.956967,0.0445967
g3_mex,child,hispanic,1,state_mean,2020-07,34,19,7,0.779883,0.113897
g3_mex,child,hispanic,1,state_mean,2020-08,37,20,4,0.865793,0.123998
g3_mex,child,hispanic,1,state_mean,2020-09,79,42,8,0.898112,0.056785
g3_mex,child,hispanic,1,state_mean,2020-10,81,39,17,0.804232,0.0725715
g3_mex,child,hispanic,1,state_mean,2020-11,55,29,9,0.821427,0.0766053
g3_mex,child,hispanic,1,state_mean,2020-12,42,25,4,0.896085,0.0697607
g3_mex,child,hispanic,1,state_mean,2021-01,48,27,0,1,0
g3_mex,child,hispanic,1,state_mean,2021-02,71,42,7,0.902588,0.0530667
g3_mex,child,hispanic,1,state_mean,2021-03,55,33,4,0.933013,0.0497054
g3_mex,child,hispanic,1,state_mean,2021-04,64,30,9,0.937627,0.032564
g3_mex,child,hispanic,1,state_mean,2021-05,68,38,5,0.951732,0.0299695
g3_mex,child,hispanic,1,state_mean,2021-06,40,24,6,0.857469,0.0930751
g3_mex,child,hispanic,1,state_mean,2021-07,51,33,2,0.957942,0.0310675
g3_mex,child,hispanic,1,state_mean,2021-08,87,40,5,0.92532,0.0400677
g3_mex,child,hispanic,1,state_mean,2021-09,63,35,6,0.935757,0.041773
g3_mex,child,hispanic,1,state_mean,2021-10,79,43,7,0.909265,0.042212
g3_mex,child,hispanic,1,state_mean,2021-11,88,44,7,0.917976,0.0368243
g3_mex,child,hispanic,1,state_mean,2021-12,55,27,1,0.997498,0.00260451
g3_mex,child,hispanic,1,state_mean,2022-01,64,35,2,0.970737,0.0221406
g3_mex,child,hispanic,1,state_mean,2022-02,74,35,10,0.881138,0.0578279
g3_mex,child,hispanic,1,state_mean,2022-03,69,34,2,0.993936,0.0048199
g3_mex,child,hispanic,1,state_mean,2022-04,58,29,9,0.915402,0.0478291
g3_mex,child,hispanic,1,state_mean,2022-05,63,32,8,0.870068,0.0686911
g3_mex,child,hispanic,1,state_mean,2022-06,56,31,4,0.944943,0.0358703
g3_mex,child,hispanic,1,state_mean,2022-07,44,25,0,1,0
g3_mex,child,hispanic,1,state_mean,2022-08,67,34,8,0.917489,0.0490138
g3_mex,child,hispanic,1,state_mean,2022-09,59,30,0,1,0
g3_mex,child,hispanic,1,state_mean,2022-10,66,36,3,0.993685,0.00478074
g3_mex,child,hispanic,1,state_mean,2022-11,49,26,5,0.916572,0.0520313
g3_mex,child,hispanic,1,state_mean,2022-12,59,31,12,0.84842,0.0737862
g3_mex,child,hispanic,1,state_mean,2023-01,64,36,2,0.977129,0.0176668
g3_mex,child,hispanic,1,state_mean,2023-02,57,31,12,0.78379,0.110458
g3_mex,child,hispanic,1,state_mean,2023-03,64,35,5,0.916675,0.0579872
g3_mex,child,hispanic,1,state_mean,2023-04,77,42,5,0.9517,0.0330777
g3_mex,child,hispanic,1,state_mean,2023-05,79,43,5,0.939863,0.0348042
g3_mex,child,hispanic,1,state_mean,2023-06,51,28,3,0.940563,0.0500021
g3_mex,child,hispanic,1,state_mean,2023-07,75,37,6,0.918767,0.0582843
g3_mex,child,hispanic,1,state_mean,2023-08,84,37,7,0.90647,0.0838572
g3_mex,child,hispanic,1,state_mean,2023-09,93,44,6,0.933109,0.0450884
g3_mex,child,hispanic,1,state_mean,2023-10,69,40,5,0.93032,0.0389
g3_mex,child,hispanic,1,state_mean,2023-11,71,41,2,0.969863,0.0218173
g3_mex,child,hispanic,1,state_mean,2023-12,57,30,1,0.977396,0.0224648
g3_mex,child,hispanic,1,state_mean,2024-01,60,28,8,0.86265,0.0674027
g3_mex,child,hispanic,1,state_mean,2024-02,55,30,5,0.924448,0.0514043
g3_mex,child,hispanic,1,state_mean,2024-03,69,35,2,0.973891,0.019607
g3_mex,child,hispanic,1,state_mean,2024-04,85,39,1,0.983243,0.0170113
g3_mex,child,hispanic,1,state_mean,2024-05,61,32,11,0.813932,0.0772817
g3_mex,child,hispanic,1,state_mean,2024-06,67,33,2,0.971766,0.0210893
g3_mex,child,hispanic,1,state_mean,2024-07,62,34,5,0.924671,0.0467391
g3_mex,child,hispanic,1,state_mean,2024-08,78,44,3,0.966575,0.0317036
g3_mex,child,hispanic,1,state_mean,2024-09,60,33,4,0.944291,0.0410903
g3_mex,child,hispanic,1,state_mean,2024-10,58,32,3,0.952694,0.0328287
g3_mex,child,hispanic,1,state_mean,2024-11,78,36,2,0.990159,0.00725829
g3_mex,child,hispanic,1,state_mean,2024-12,63,31,8,0.847029,0.0801391
g3_mex,child,hispanic,1,state_mean,2025-01,69,37,4,0.934382,0.0392315
g3_mex,child,hispanic,1,state_mean,2025-02,69,33,1,0.990962,0.00902416
g3_mex,child,hispanic,1,state_mean,2025-03,89,46,16,0.816664,0.0659911
g3_mex,child,hispanic,1,state_mean,2025-04,84,47,11,0.915119,0.0404286
g3_mex,child,hispanic,1,state_mean,2025-05,39,25,3,0.928742,0.0460914
g3_mex,child,hispanic,1,state_mean,2025-06,54,29,5,0.934304,0.0496792
g3_mex,child,hispanic,1,state_mean,2025-07,56,30,6,0.864532,0.0741534
g3_mex,child,hispanic,1,state_mean,2025-08,82,44,6,0.918234,0.0460004
g3_mex,child,hispanic,1,state_mean,2025-09,64,36,8,0.884661,0.0654702
g3_mex,child,hispanic,1,state_mean,2025-11,56,28,1,0.976683,0.0237777
g3_mex,child,hispanic,1,state_mean,2025-12,78,40,2,0.972183,0.0278999
g3_mex,child,hispanic,1,state_mean,2026-01,69,36,6,0.920628,0.0457037
g3_mex,child,hispanic,1,state_mean,2026-02,72,42,1,0.982547,0.0176322
g3_mex,child,hispanic,1,state_mean,2026-03,61,31,6,0.897722,0.058946
g3_mex,child,hispanic,1,state_mean,2026-04,63,32,4,0.933992,0.0494061
g3_mex,child,hispanic,1,state_mean,2026-05,45,25,6,0.891321,0.0697614
g3_mex,child,hispanic,1,state_mean,2026-06,53,28,5,0.957682,0.02865
g3_mex,child,hispanic,1,state_mean,2026-07,50,26,1,0.97021,0.0302882
g3_mex,child,hispanic,1,state_mean,2026-08,53,28,5,0.923041,0.0451635
g3_mex,child,hispanic,1,final,2019-01,76,36,8,0.927985,0.0436417
g3_mex,child,hispanic,1,final,2019-02,71,38,9,0.908004,0.0460836
g3_mex,child,hispanic,1,final,2019-03,78,40,10,0.900267,0.0531951
g3_mex,child,hispanic,1,final,2019-04,75,37,15,0.762345,0.100071
g3_mex,child,hispanic,1,final,2019-05,64,31,4,0.935096,0.0315532
g3_mex,child,hispanic,1,final,2019-06,83,44,5,0.943508,0.0305377
g3_mex,child,hispanic,1,final,2019-07,71,36,6,0.911138,0.0455032
g3_mex,child,hispanic,1,final,2019-08,75,36,2,0.97777,0.0224677
g3_mex,child,hispanic,1,final,2019-09,64,33,8,0.915048,0.0485721
g3_mex,child,hispanic,1,final,2019-10,50,31,5,0.883001,0.0733403
g3_mex,child,hispanic,1,final,2019-11,72,39,4,0.953327,0.0283175
g3_mex,child,hispanic,1,final,2019-12,93,43,5,0.968267,0.0201105
g3_mex,child,hispanic,1,final,2020-01,64,34,10,0.87822,0.0483822
g3_mex,child,hispanic,1,final,2020-02,50,25,11,0.824553,0.0887342
g3_mex,child,hispanic,1,final,2020-03,42,26,7,0.857267,0.100673
g3_mex,child,hispanic,1,final,2020-04,28,14,1,0.953826,0.0481468
g3_mex,child,hispanic,1,final,2020-05,41,21,4,0.964382,0.028637
g3_mex,child,hispanic,1,final,2020-06,24,15,1,0.978234,0.023204
g3_mex,child,hispanic,1,final,2020-07,34,19,7,0.817317,0.101847
g3_mex,child,hispanic,1,final,2020-08,37,20,4,0.894609,0.10076
g3_mex,child,hispanic,1,final,2020-09,79,42,8,0.910447,0.0508087
g3_mex,child,hispanic,1,final,2020-10,81,39,17,0.832072,0.0657649
g3_mex,child,hispanic,1,final,2020-11,55,29,9,0.851685,0.0667663
g3_mex,child,hispanic,1,final,2020-12,42,25,4,0.895579,0.0707562
g3_mex,child,hispanic,1,final,2021-01,48,27,0,1,0
g3_mex,child,hispanic,1,final,2021-02,71,42,7,0.906734,0.0526415
g3_mex,child,hispanic,1,final,2021-03,55,33,4,0.925052,0.0548247
g3_mex,child,hispanic,1,final,2021-04,64,30,9,0.950138,0.0268463
g3_mex,child,hispanic,1,final,2021-05,68,38,5,0.964735,0.0217293
g3_mex,child,hispanic,1,final,2021-06,40,24,6,0.873236,0.0866348
g3_mex,child,hispanic,1,final,2021-07,51,33,2,0.962713,0.0274641
g3_mex,child,hispanic,1,final,2021-08,87,40,5,0.930025,0.0403754
g3_mex,child,hispanic,1,final,2021-09,63,35,6,0.939696,0.0426723
g3_mex,child,hispanic,1,final,2021-10,79,43,7,0.916506,0.0382417
g3_mex,child,hispanic,1,final,2021-11,88,44,7,0.91509,0.0371871
g3_mex,child,hispanic,1,final,2021-12,55,27,1,0.998093,0.00198661
g3_mex,child,hispanic,1,final,2022-01,64,35,2,0.965799,0.0292574
g3_mex,child,hispanic,1,final,2022-02,74,35,10,0.884964,0.0546598
g3_mex,child,hispanic,1,final,2022-03,69,34,2,0.995883,0.00347778
g3_mex,child,hispanic,1,final,2022-04,58,29,9,0.929901,0.0410846
g3_mex,child,hispanic,1,final,2022-05,63,32,8,0.869591,0.0703681
g3_mex,child,hispanic,1,final,2022-06,56,31,4,0.933804,0.043758
g3_mex,child,hispanic,1,final,2022-07,44,25,0,1,0
g3_mex,child,hispanic,1,final,2022-08,67,34,8,0.914595,0.0498244
g3_mex,child,hispanic,1,final,2022-09,59,30,0,1,0
g3_mex,child,hispanic,1,final,2022-10,66,36,3,0.995788,0.00337305
g3_mex,child,hispanic,1,final,2022-11,49,26,5,0.928889,0.0448986
g3_mex,child,hispanic,1,final,2022-12,59,31,12,0.849047,0.0696981
g3_mex,child,hispanic,1,final,2023-01,64,36,2,0.980525,0.0147059
g3_mex,child,hispanic,1,final,2023-02,57,31,12,0.787924,0.114737
g3_mex,child,hispanic,1,final,2023-03,64,35,5,0.928053,0.051654
g3_mex,child,hispanic,1,final,2023-04,77,42,5,0.956102,0.028035
g3_mex,child,hispanic,1,final,2023-05,79,43,5,0.938702,0.0359556
g3_mex,child,hispanic,1,final,2023-06,51,28,3,0.932296,0.0579276
g3_mex,child,hispanic,1,final,2023-07,75,37,6,0.932459,0.0488697
g3_mex,child,hispanic,1,final,2023-08,84,37,7,0.899175,0.0845893
g3_mex,child,hispanic,1,final,2023-09,93,44,6,0.930182,0.0432755
g3_mex,child,hispanic,1,final,2023-10,69,40,5,0.939884,0.0347718
g3_mex,child,hispanic,1,final,2023-11,71,41,2,0.977804,0.0164795
g3_mex,child,hispanic,1,final,2023-12,57,30,1,0.978163,0.0219819
g3_mex,child,hispanic,1,final,2024-01,60,28,8,0.860441,0.0681899
g3_mex,child,hispanic,1,final,2024-02,55,30,5,0.929616,0.0483381
g3_mex,child,hispanic,1,final,2024-03,69,35,2,0.977125,0.0168851
g3_mex,child,hispanic,1,final,2024-04,85,39,1,0.98593,0.0143156
g3_mex,child,hispanic,1,final,2024-05,61,32,11,0.822749,0.0734312
g3_mex,child,hispanic,1,final,2024-06,67,33,2,0.97281,0.0201036
g3_mex,child,hispanic,1,final,2024-07,62,34,5,0.926319,0.0499917
g3_mex,child,hispanic,1,final,2024-08,78,44,3,0.975287,0.0237168
g3_mex,child,hispanic,1,final,2024-09,60,33,4,0.942252,0.0418009
g3_mex,child,hispanic,1,final,2024-10,58,32,3,0.955596,0.031428
g3_mex,child,hispanic,1,final,2024-11,78,36,2,0.990125,0.0076048
g3_mex,child,hispanic,1,final,2024-12,63,31,8,0.853221,0.0760634
g3_mex,child,hispanic,1,final,2025-01,69,37,4,0.947571,0.031182
g3_mex,child,hispanic,1,final,2025-02,69,33,1,0.993465,0.00655676
g3_mex,child,hispanic,1,final,2025-03,89,46,16,0.847446,0.0582538
g3_mex,child,hispanic,1,final,2025-04,84,47,11,0.928536,0.035362
g3_mex,child,hispanic,1,final,2025-05,39,25,3,0.934464,0.0428267
g3_mex,child,hispanic,1,final,2025-06,54,29,5,0.949729,0.0376802
g3_mex,child,hispanic,1,final,2025-07,56,30,6,0.867998,0.0751159
g3_mex,child,hispanic,1,final,2025-08,82,44,6,0.930893,0.0394101
g3_mex,child,hispanic,1,final,2025-09,64,36,8,0.892249,0.0599119
g3_mex,child,hispanic,1,final,2025-11,56,28,1,0.97764,0.0228553
g3_mex,child,hispanic,1,final,2025-12,78,40,2,0.969995,0.0301364
g3_mex,child,hispanic,1,final,2026-01,69,36,6,0.901792,0.0614888
g3_mex,child,hispanic,1,final,2026-02,72,42,1,0.986625,0.0136653
g3_mex,child,hispanic,1,final,2026-03,61,31,6,0.928225,0.0419722
g3_mex,child,hispanic,1,final,2026-04,63,32,4,0.955232,0.0344157
g3_mex,child,hispanic,1,final,2026-05,45,25,6,0.911937,0.0559227
g3_mex,child,hispanic,1,final,2026-06,53,28,5,0.948537,0.0383432
g3_mex,child,hispanic,1,final,2026-07,50,26,1,0.980797,0.019724
g3_mex,child,hispanic,1,final,2026-08,53,28,5,0.94243,0.0344527
g3_mex,child,hispanic,5,unweighted,2019-01,78,44,4,0.948718,0.0250791
g3_mex,child,hispanic,5,unweighted,2019-02,66,36,4,0.939394,0.0308315
g3_mex,child,hispanic,5,unweighted,2019-03,54,30,4,0.925926,0.0454563
g3_mex,child,hispanic,5,unweighted,2019-04,85,49,16,0.811765,0.0693005
g3_mex,child,hispanic,5,unweighted,2019-05,54,28,6,0.888889,0.0786253
g3_mex,child,hispanic,5,unweighted,2019-06,81,41,15,0.814815,0.0700628
g3_mex,child,hispanic,5,unweighted,2019-07,72,43,9,0.875,0.0413468
g3_mex,child,hispanic,5,unweighted,2019-08,69,39,6,0.913043,0.0436423
g3_mex,child,hispanic,5,unweighted,2019-09,91,47,18,0.802198,0.0668418
g3_mex,child,hispanic,5,unweighted,2019-10,77,42,7,0.909091,0.0381636
g3_mex,child,hispanic,5,unweighted,2019-11,54,32,8,0.851852,0.0664821
g3_mex,child,hispanic,5,unweighted,2019-12,82,41,2,0.97561,0.0171357
g3_mex,child,hispanic,5,unweighted,2020-01,61,34,5,0.918033,0.0569712
g3_mex,child,hispanic,5,unweighted,2020-02,69,38,11,0.84058,0.0670916
g3_mex,child,hispanic,5,unweighted,2020-03,67,34,6,0.910448,0.0608174
g3_mex,child,hispanic,5,unweighted,2020-04,35,21,14,0.6,0.136821
g3_mex,child,hispanic,5,unweighted,2020-05,68,29,18,0.735294,0.0886964
g3_mex,child,hispanic,5,unweighted,2020-06,63,31,1,0.984127,0.0161983
g3_mex,child,hispanic,5,unweighted,2020-07,74,38,2,0.972973,0.0186908
g3_mex,child,hispanic,5,unweighted,2020-08,56,31,2,0.964286,0.0257367
g3_mex,child,hispanic,5,unweighted,2020-09,72,36,5,0.930556,0.0491561
g3_mex,child,hispanic,5,unweighted,2020-10,52,30,5,0.903846,0.0506582
g3_mex,child,hispanic,5,unweighted,2020-11,69,41,2,0.971014,0.0289203
g3_mex,child,hispanic,5,unweighted,2020-12,89,46,10,0.88764,0.0489253
g3_mex,child,hispanic,5,unweighted,2021-01,64,35,6,0.90625,0.0473369
g3_mex,child,hispanic,5,unweighted,2021-02,59,30,15,0.745763,0.0986278
g3_mex,child,hispanic,5,unweighted,2021-03,53,26,3,0.943396,0.0423353
g3_mex,child,hispanic,5,unweighted,2021-04,59,32,2,0.966102,0.0244719
g3_mex,child,hispanic,5,unweighted,2021-05,77,43,7,0.909091,0.0451114
g3_mex,child,hispanic,5,unweighted,2021-06,57,31,2,0.964912,0.0253371
g3_mex,child,hispanic,5,unweighted,2021-07,96,51,10,0.895833,0.0426415
g3_mex,child,hispanic,5,unweighted,2021-08,41,24,0,1,0
g3_mex,child,hispanic,5,unweighted,2021-09,64,34,8,0.875,0.0686757
g3_mex,child,hispanic,5,unweighted,2021-10,73,36,14,0.808219,0.0650541
g3_mex,child,hispanic,5,unweighted,2021-11,45,27,4,0.911111,0.0611714
g3_mex,child,hispanic,5,unweighted,2021-12,57,30,2,0.964912,0.0352288
g3_mex,child,hispanic,5,unweighted,2022-01,55,29,1,0.981818,0.0185617
g3_mex,child,hispanic,5,unweighted,2022-02,66,40,8,0.878788,0.0607301
g3_mex,child,hispanic,5,unweighted,2022-03,44,26,6,0.863636,0.0737612
g3_mex,child,hispanic,5,unweighted,2022-04,76,39,6,0.921053,0.0411065
g3_mex,child,hispanic,5,unweighted,2022-05,57,31,7,0.877193,0.0815217
g3_mex,child,hispanic,5,unweighted,2022-06,46,23,9,0.804348,0.0885002
g3_mex,child,hispanic,5,unweighted,2022-07,55,32,1,0.981818,0.0177978
g3_mex,child,hispanic,5,unweighted,2022-08,74,34,9,0.878378,0.052542
g3_mex,child,hispanic,5,unweighted,2022-09,42,26,5,0.880952,0.0668123
g3_mex,child,hispanic,5,unweighted,2022-10,68,37,4,0.941176,0.0356017
g3_mex,child,hispanic,5,unweighted,2022-11,84,43,8,0.904762,0.048039
g3_mex,child,hispanic,5,unweighted,2022-12,56,28,0,1,0
g3_mex,child,hispanic,5,unweighted,2023-01,48,29,0,1,0
g3_mex,child,hispanic,5,unweighted,2023-02,73,35,13,0.821918,0.0738211
g3_mex,child,hispanic,5,unweighted,2023-03,73,38,8,0.890411,0.0612216
g3_mex,child,hispanic,5,unweighted,2023-04,40,22,3,0.925,0.0557391
g3_mex,child,hispanic,5,unweighted,2023-05,56,28,3,0.946429,0.0528042
g3_mex,child,hispanic,5,unweighted,2023-06,49,25,3,0.938776,0.0460071
g3_mex,child,hispanic,5,unweighted,2023-07,53,30,0,1,0
g3_mex,child,hispanic,5,unweighted,2023-08,62,34,5,0.919355,0.0637348
g3_mex,child,hispanic,5,unweighted,2023-09,61,30,6,0.901639,0.0789217
g3_mex,child,hispanic,5,unweighted,2023-10,69,40,5,0.927536,0.0411944
g3_mex,child,hispanic,5,unweighted,2023-11,43,24,5,0.883721,0.0666768
g3_mex,child,hispanic,5,unweighted,2023-12,48,27,4,0.916667,0.0511536
g3_mex,child,hispanic,5,unweighted,2024-01,49,30,3,0.938776,0.035188
g3_mex,child,hispanic,5,unweighted,2024-02,59,32,8,0.864407,0.0850971
g3_mex,child,hispanic,5,unweighted,2024-03,62,36,6,0.903226,0.0540857
g3_mex,child,hispanic,5,unweighted,2024-04,47,31,4,0.914894,0.0503047
g3_mex,child,hispanic,5,unweighted,2024-05,76,41,3,0.960526,0.0291684
g3_mex,child,hispanic,5,unweighted,2024-06,58,33,4,0.931034,0.0420982
g3_mex,child,hispanic,5,unweighted,2024-07,66,34,4,0.939394,0.0471278
g3_mex,child,hispanic,5,unweighted,2024-08,89,37,13,0.853933,0.0739439
g3_mex,child,hispanic,5,unweighted,2024-09,86,40,9,0.895349,0.0511256
g3_mex,child,hispanic,5,unweighted,2024-10,83,42,7,0.915663,0.0446985
g3_mex,child,hispanic,5,unweighted,2024-11,64,35,0,1,0
g3_mex,child,hispanic,5,unweighted,2024-12,55,31,2,0.963636,0.0258775
g3_mex,child,hispanic,5,unweighted,2025-01,54,29,6,0.888889,0.0561107
g3_mex,child,hispanic,5,unweighted,2025-02,57,32,6,0.894737,0.0596436
g3_mex,child,hispanic,5,unweighted,2025-03,52,28,1,0.980769,0.0188681
g3_mex,child,hispanic,5,unweighted,2025-04,63,30,0,1,0
g3_mex,child,hispanic,5,unweighted,2025-05,50,22,4,0.92,0.0565405
g3_mex,child,hispanic,5,unweighted,2025-06,78,39,4,0.948718,0.0396318
g3_mex,child,hispanic,5,unweighted,2025-07,65,37,2,0.969231,0.0221562
g3_mex,child,hispanic,5,unweighted,2025-08,73,38,2,0.972603,0.0274427
g3_mex,child,hispanic,5,unweighted,2025-09,57,30,2,0.964912,0.0351619
g3_mex,child,hispanic,5,unweighted,2025-11,71,32,4,0.943662,0.0334969
g3_mex,child,hispanic,5,unweighted,2025-12,64,34,9,0.859375,0.0685719
g3_mex,child,hispanic,5,unweighted,2026-01,47,28,3,0.93617,0.0466181
g3_mex,child,hispanic,5,unweighted,2026-02,64,32,3,0.953125,0.0347567
g3_mex,child,hispanic,5,unweighted,2026-03,64,39,10,0.84375,0.0715367
g3_mex,child,hispanic,5,unweighted,2026-04,82,45,8,0.902439,0.0545358
g3_mex,child,hispanic,5,unweighted,2026-05,55,32,0,1,0
g3_mex,child,hispanic,5,unweighted,2026-06,56,31,4,0.928571,0.0476752
g3_mex,child,hispanic,5,unweighted,2026-07,52,26,2,0.961538,0.0279598
g3_mex,child,hispanic,5,unweighted,2026-08,74,41,5,0.932432,0.0400921
g3_mex,child,hispanic,5,state_mean,2019-01,78,44,4,0.945368,0.0268061
g3_mex,child,hispanic,5,state_mean,2019-02,66,36,4,0.930084,0.035471
g3_mex,child,hispanic,5,state_mean,2019-03,54,30,4,0.943125,0.0405639
g3_mex,child,hispanic,5,state_mean,2019-04,85,49,16,0.791644,0.0812858
g3_mex,child,hispanic,5,state_mean,2019-05,54,28,6,0.91738,0.0582099
g3_mex,child,hispanic,5,state_mean,2019-06,81,41,15,0.834969,0.0712296
g3_mex,child,hispanic,5,state_mean,2019-07,72,43,9,0.858843,0.0461917
g3_mex,child,hispanic,5,state_mean,2019-08,69,39,6,0.931678,0.0386381
g3_mex,child,hispanic,5,state_mean,2019-09,91,47,18,0.795231,0.0687088
g3_mex,child,hispanic,5,state_mean,2019-10,77,42,7,0.91363,0.0427024
g3_mex,child,hispanic,5,state_mean,2019-11,54,32,8,0.848876,0.0623961
g3_mex,child,hispanic,5,state_mean,2019-12,82,41,2,0.973685,0.0184722
g3_mex,child,hispanic,5,state_mean,2020-01,61,34,5,0.91608,0.0599315
g3_mex,child,hispanic,5,state_mean,2020-02,69,38,11,0.855389,0.0666895
g3_mex,child,hispanic,5,state_mean,2020-03,67,34,6,0.962577,0.0285565
g3_mex,child,hispanic,5,state_mean,2020-04,35,21,14,0.581118,0.161103
g3_mex,child,hispanic,5,state_mean,2020-05,68,29,18,0.811117,0.0727369
g3_mex,child,hispanic,5,state_mean,2020-06,63,31,1,0.996068,0.00407313
g3_mex,child,hispanic,5,state_mean,2020-07,74,38,2,0.968631,0.0218029
g3_mex,child,hispanic,5,state_mean,2020-08,56,31,2,0.959583,0.0293914
g3_mex,child,hispanic,5,state_mean,2020-09,72,36,5,0.94572,0.0470391
g3_mex,child,hispanic,5,state_mean,2020-10,52,30,5,0.894649,0.0610654
g3_mex,child,hispanic,5,state_mean,2020-11,69,41,2,0.967855,0.0320066
g3_mex,child,hispanic,5,state_mean,2020-12,89,46,10,0.929889,0.0355662
g3_mex,child,hispanic,5,state_mean,2021-01,64,35,6,0.910748,0.0465539
g3_mex,child,hispanic,5,state_mean,2021-02,59,30,15,0.784957,0.0904992
g3_mex,child,hispanic,5,state_mean,2021-03,53,26,3,0.970984,0.0257379
g3_mex,child,hispanic,5,state_mean,2021-04,59,32,2,0.975371,0.0229634
g3_mex,child,hispanic,5,state_mean,2021-05,77,43,7,0.947623,0.0282588
g3_mex,child,hispanic,5,state_mean,2021-06,57,31,2,0.96466,0.0255738
g3_mex,child,hispanic,5,state_mean,2021-07,96,51,10,0.898325,0.0459246
g3_mex,child,hispanic,5,state_mean,2021-08,41,24,0,1,0
g3_mex,child,hispanic,5,state_mean,2021-09,64,34,8,0.862248,0.0748052
g3_mex,child,hispanic,5,state_mean,2021-10,73,36,14,0.809599,0.0682583
g3_mex,child,hispanic,5,state_mean,2021-11,45,27,4,0.902127,0.0674181
g3_mex,child,hispanic,5,state_mean,2021-12,57,30,2,0.964904,0.0353786
g3_mex,child,hispanic,5,state_mean,2022-01,55,29,1,0.98996,0.0103495
g3_mex,child,hispanic,5,state_mean,2022-02,66,40,8,0.90283,0.0541446
g3_mex,child,hispanic,5,state_mean,2022-03,44,26,6,0.869399,0.0836889
g3_mex,child,hispanic,5,state_mean,2022-04,76,39,6,0.945996,0.0284647
g3_mex,child,hispanic,5,state_mean,2022-05,57,31,7,0.883111,0.0875014
g3_mex,child,hispanic,5,state_mean,2022-06,46,23,9,0.827191,0.0878633
g3_mex,child,hispanic,5,state_mean,2022-07,55,32,1,0.987203,0.012781
g3_mex,child,hispanic,5,state_mean,2022-08,74,34,9,0.863092,0.0627431
g3_mex,child,hispanic,5,state_mean,2022-09,42,26,5,0.906514,0.0583016
g3_mex,child,hispanic,5,state_mean,2022-10,68,37,4,0.926751,0.0470415
g3_mex,child,hispanic,5,state_mean,2022-11,84,43,8,0.904,0.0486023
g3_mex,child,hispanic,5,state_mean,2022-12,56,28,0,1,0
g3_mex,child,hispanic,5,state_mean,2023-01,48,29,0,1,0
g3_mex,child,hispanic,5,state_mean,2023-02,73,35,13,0.818577,0.0794471
g3_mex,child,hispanic,5,state_mean,2023-03,73,38,8,0.874678,0.0823168
g3_mex,child,hispanic,5,state_mean,2023-04,40,22,3,0.92295,0.0572922
g3_mex,child,hispanic,5,state_mean,2023-05,56,28,3,0.936017,0.062529
g3_mex,child,hispanic,5,state_mean,2023-06,49,25,3,0.966308,0.0279046
g3_mex,child,hispanic,5,state_mean,2023-07,53,30,0,1,0
g3_mex,child,hispanic,5,state_mean,2023-08,62,34,5,0.94243,0.0428194
g3_mex,child,hispanic,5,state_mean,2023-09,61,30,6,0.962714,0.0282068
g3_mex,child,hispanic,5,state_mean,2023-10,69,40,5,0.987659,0.00751656
g3_mex,child,hispanic,5,state_mean,2023-11,43,24,5,0.917606,0.0483571
g3_mex,child,hispanic,5,state_mean,2023-12,48,27,4,0.928009,0.0486495
g3_mex,child,hispanic,5,state_mean,2024-01,49,30,3,0.934496,0.0376232
g3_mex,child,hispanic,5,state_mean,2024-02,59,32,8,0.883352,0.0673057
g3_mex,child,hispanic,5,state_mean,2024-03,62,36,6,0.906898,0.056194
g3_mex,child,hispanic,5,state_mean,2024-04,47,31,4,0.915831,0.0615065
g3_mex,child,hispanic,5,state_mean,2024-05,76,41,3,0.969878,0.0213264
g3_mex,child,hispanic,5,state_mean,2024-06,58,33,4,0.924376,0.0488795
g3_mex,child,hispanic,5,state_mean,2024-07,66,34,4,0.968162,0.0305557
g3_mex,child,hispanic,5,state_mean,2024-08,89,37,13,0.856641,0.0836415
g3_mex,child,hispanic,5,state_mean,2024-09,86,40,9,0.884752,0.0620099
g3_mex,child,hispanic,5,state_mean,2024-10,83,42,7,0.915013,0.0498117
g3_mex,child,hispanic,5,state_mean,2024-11,64,35,0,1,0
g3_mex,child,hispanic,5,state_mean,2024-12,55,31,2,0.952021,0.0334961
g3_mex,child,hispanic,5,state_mean,2025-01,54,29,6,0.850393,0.0722181
g3_mex,child,hispanic,5,state_mean,2025-02,57,32,6,0.913453,0.0627007
g3_mex,child,hispanic,5,state_mean,2025-03,52,28,1,0.982667,0.0171459
g3_mex,child,hispanic,5,state_mean,2025-04,63,30,0,1,0
g3_mex,child,hispanic,5,state_mean,2025-05,50,22,4,0.919473,0.057653
g3_mex,child,hispanic,5,state_mean,2025-06,78,39,4,0.975001,0.0181358
g3_mex,child,hispanic,5,state_mean,2025-07,65,37,2,0.961281,0.0277379
g3_mex,child,hispanic,5,state_mean,2025-08,73,38,2,0.964872,0.0350248
g3_mex,child,hispanic,5,state_mean,2025-09,57,30,2,0.961014,0.0390386
g3_mex,child,hispanic,5,state_mean,2025-11,71,32,4,0.93736,0.0415303
g3_mex,child,hispanic,5,state_mean,2025-12,64,34,9,0.828954,0.0835175
g3_mex,child,hispanic,5,state_mean,2026-01,47,28,3,0.923274,0.0567041
g3_mex,child,hispanic,5,state_mean,2026-02,64,32,3,0.971491,0.0211319
g3_mex,child,hispanic,5,state_mean,2026-03,64,39,10,0.831263,0.0765505
g3_mex,child,hispanic,5,state_mean,2026-04,82,45,8,0.933028,0.0379111
g3_mex,child,hispanic,5,state_mean,2026-05,55,32,0,1,0
g3_mex,child,hispanic,5,state_mean,2026-06,56,31,4,0.906702,0.0603659
g3_mex,child,hispanic,5,state_mean,2026-07,52,26,2,0.946829,0.0386895
g3_mex,child,hispanic,5,state_mean,2026-08,74,41,5,0.925901,0.0441219
g3_mex,child,hispanic,5,final,2019-01,78,44,4,0.950473,0.0248026
g3_mex,child,hispanic,5,final,2019-02,66,36,4,0.934564,0.0335423
g3_mex,child,hispanic,5,final,2019-03,54,30,4,0.935347,0.0521784
g3_mex,child,hispanic,5,final,2019-04,85,49,16,0.832664,0.0669915
g3_mex,child,hispanic,5,final,2019-05,54,28,6,0.926074,0.0521505
g3_mex,child,hispanic,5,final,2019-06,81,41,15,0.858506,0.0627945
g3_mex,child,hispanic,5,final,2019-07,72,43,9,0.869994,0.0430917
g3_mex,child,hispanic,5,final,2019-08,69,39,6,0.941402,0.0341964
g3_mex,child,hispanic,5,final,2019-09,91,47,18,0.816763,0.0612826
g3_mex,child,hispanic,5,final,2019-10,77,42,7,0.93688,0.0305122
g3_mex,child,hispanic,5,final,2019-11,54,32,8,0.820745,0.071863
g3_mex,child,hispanic,5,final,2019-12,82,41,2,0.977579,0.0159723
g3_mex,child,hispanic,5,final,2020-01,61,34,5,0.936832,0.0458139
g3_mex,child,hispanic,5,final,2020-02,69,38,11,0.892025,0.0529319
g3_mex,child,hispanic,5,final,2020-03,67,34,6,0.952683,0.0390282
g3_mex,child,hispanic,5,final,2020-04,35,21,14,0.59116,0.156022
g3_mex,child,hispanic,5,final,2020-05,68,29,18,0.850263,0.0628573
g3_mex,child,hispanic,5,final,2020-06,63,31,1,0.996939,0.00318358
g3_mex,child,hispanic,5,final,2020-07,74,38,2,0.962214,0.0262533
g3_mex,child,hispanic,5,final,2020-08,56,31,2,0.963912,0.0262012
g3_mex,child,hispanic,5,final,2020-09,72,36,5,0.957129,0.0370882
g3_mex,child,hispanic,5,final,2020-10,52,30,5,0.906947,0.0544901
g3_mex,child,hispanic,5,final,2020-11,69,41,2,0.971852,0.0281451
g3_mex,child,hispanic,5,final,2020-12,89,46,10,0.941576,0.029501
g3_mex,child,hispanic,5,final,2021-01,64,35,6,0.909794,0.0466559
g3_mex,child,hispanic,5,final,2021-02,59,30,15,0.796567,0.0904452
g3_mex,child,hispanic,5,final,2021-03,53,26,3,0.970696,0.024718
g3_mex,child,hispanic,5,final,2021-04,59,32,2,0.978677,0.0201585
g3_mex,child,hispanic,5,final,2021-05,77,43,7,0.945066,0.0310471
g3_mex,child,hispanic,5,final,2021-06,57,31,2,0.970055,0.0217893
g3_mex,child,hispanic,5,final,2021-07,96,51,10,0.879429,0.0630229
g3_mex,child,hispanic,5,final,2021-08,41,24,0,1,0
g3_mex,child,hispanic,5,final,2021-09,64,34,8,0.881095,0.0660387
g3_mex,child,hispanic,5,final,2021-10,73,36,14,0.837278,0.0601511
g3_mex,child,hispanic,5,final,2021-11,45,27,4,0.900278,0.0711081
g3_mex,child,hispanic,5,final,2021-12,57,30,2,0.971152,0.0293608
g3_mex,child,hispanic,5,final,2022-01,55,29,1,0.991793,0.00848058
g3_mex,child,hispanic,5,final,2022-02,66,40,8,0.89754,0.0571828
g3_mex,child,hispanic,5,final,2022-03,44,26,6,0.906467,0.0613778
g3_mex,child,hispanic,5,final,2022-04,76,39,6,0.961629,0.020376
g3_mex,child,hispanic,5,final,2022-05,57,31,7,0.900304,0.0791225
g3_mex,child,hispanic,5,final,2022-06,46,23,9,0.829815,0.088625
g3_mex,child,hispanic,5,final,2022-07,55,32,1,0.991578,0.00850948
g3_mex,child,hispanic,5,final,2022-08,74,34,9,0.841902,0.0704384
g3_mex,child,hispanic,5,final,2022-09,42,26,5,0.915156,0.0548556
g3_mex,child,hispanic,5,final,2022-10,68,37,4,0.938451,0.0401563
g3_mex,child,hispanic,5,final,2022-11,84,43,8,0.895165,0.0529998
g3_mex,child,hispanic,5,final,2022-12,56,28,0,1,0
g3_mex,child,hispanic,5,final,2023-01,48,29,0,1,0
g3_mex,child,hispanic,5,final,2023-02,73,35,13,0.806532,0.0874932
g3_mex,child,hispanic,5,final,2023-03,73,38,8,0.903359,0.0633906
g3_mex,child,hispanic,5,final,2023-04,40,22,3,0.943774,0.0425141
g3_mex,child,hispanic,5,final,2023-05,56,28,3,0.945393,0.053824
g3_mex,child,hispanic,5,final,2023-06,49,25,3,0.973416,0.0217068
g3_mex,child,hispanic,5,final,2023-07,53,30,0,1,0
g3_mex,child,hispanic,5,final,2023-08,62,34,5,0.936776,0.0457203
g3_mex,child,hispanic,5,final,2023-09,61,30,6,0.96299,0.0270251
g3_mex,child,hispanic,5,final,2023-10,69,40,5,0.990523,0.00633647
g3_mex,child,hispanic,5,final,2023-11,43,24,5,0.938898,0.0370755
g3_mex,child,hispanic,5,final,2023-12,48,27,4,0.919445,0.0604998
g3_mex,child,hispanic,5,final,2024-01,49,30,3,0.940903,0.0348521
g3_mex,child,hispanic,5,final,2024-02,59,32,8,0.899827,0.058841
g3_mex,child,hispanic,5,final,2024-03,62,36,6,0.913533,0.0538308
g3_mex,child,hispanic,5,final,2024-04,47,31,4,0.927293,0.0506102
g3_mex,child,hispanic,5,final,2024-05,76,41,3,0.965154,0.0245115
g3_mex,child,hispanic,5,final,2024-06,58,33,4,0.915533,0.0528642
g3_mex,child,hispanic,5,final,2024-07,66,34,4,0.974596,0.0243695
g3_mex,child,hispanic,5,final,2024-08,89,37,13,0.859436,0.0835465
g3_mex,child,hispanic,5,final,2024-09,86,40,9,0.898434,0.0556086
g3_mex,child,hispanic,5,final,2024-10,83,42,7,0.926247,0.0446264
g3_mex,child,hispanic,5,final,2024-11,64,35,0,1,0
g3_mex,child,hispanic,5,final,2024-12,55,31,2,0.955414,0.0312378
g3_mex,child,hispanic,5,final,2025-01,54,29,6,0.876214,0.0638968
g3_mex,child,hispanic,5,final,2025-02,57,32,6,0.926498,0.050498
g3_mex,child,hispanic,5,final,2025-03,52,28,1,0.987177,0.0125212
g3_mex,child,hispanic,5,final,2025-04,63,30,0,1,0
g3_mex,child,hispanic,5,final,2025-05,50,22,4,0.944157,0.0407742
g3_mex,child,hispanic,5,final,2025-06,78,39,4,0.978789,0.0168362
g3_mex,child,hispanic,5,final,2025-07,65,37,2,0.930397,0.056209
g3_mex,child,hispanic,5,final,2025-08,73,38,2,0.962346,0.0374714
g3_mex,child,hispanic,5,final,2025-09,57,30,2,0.967172,0.0330665
g3_mex,child,hispanic,5,final,2025-11,71,32,4,0.931839,0.0458231
g3_mex,child,hispanic,5,final,2025-12,64,34,9,0.841899,0.0823576
g3_mex,child,hispanic,5,final,2026-01,47,28,3,0.951369,0.0365485
g3_mex,child,hispanic,5,final,2026-02,64,32,3,0.972242,0.0213665
g3_mex,child,hispanic,5,final,2026-03,64,39,10,0.852696,0.0711315
g3_mex,child,hispanic,5,final,2026-04,82,45,8,0.958952,0.0239542
g3_mex,child,hispanic,5,final,2026-05,55,32,0,1,0
g3_mex,child,hispanic,5,final,2026-06,56,31,4,0.903803,0.0609638
g3_mex,child,hispanic,5,final,2026-07,52,26,2,0.9499,0.0378782
g3_mex,child,hispanic,5,final,2026-08,74,41,5,0.937671,0.0386405
g3_mex,child,hispanic,1+5,unweighted,2019-01,154,80,12,0.922078,0.0317971
g3_mex,child,hispanic,1+5,unweighted,2019-02,137,74,13,0.905109,0.032676
g3_mex,child,hispanic,1+5,unweighted,2019-03,132,70,14,0.893939,0.0431548
g3_mex,child,hispanic,1+5,unweighted,2019-04,160,86,31,0.80625,0.053085
g3_mex,child,hispanic,1+5,unweighted,2019-05,118,59,10,0.915254,0.03981
g3_mex,child,hispanic,1+5,unweighted,2019-06,164,85,20,0.878049,0.0382453
g3_mex,child,hispanic,1+5,unweighted,2019-07,143,79,15,0.895105,0.0290935
g3_mex,child,hispanic,1+5,unweighted,2019-08,144,75,8,0.944444,0.0253742
g3_mex,child,hispanic,1+5,unweighted,2019-09,155,80,26,0.832258,0.0475787
g3_mex,child,hispanic,1+5,unweighted,2019-10,127,73,12,0.905512,0.0320077
g3_mex,child,hispanic,1+5,unweighted,2019-11,126,71,12,0.904762,0.0345924
g3_mex,child,hispanic,1+5,unweighted,2019-12,175,84,7,0.96,0.0170562
g3_mex,child,hispanic,1+5,unweighted,2020-01,125,68,15,0.88,0.0401281
g3_mex,child,hispanic,1+5,unweighted,2020-02,119,63,22,0.815126,0.0566302
g3_mex,child,hispanic,1+5,unweighted,2020-03,109,60,13,0.880734,0.0521031
g3_mex,child,hispanic,1+5,unweighted,2020-04,63,35,15,0.761905,0.0926069
g3_mex,child,hispanic,1+5,unweighted,2020-05,109,50,22,0.798165,0.0628835
g3_mex,child,hispanic,1+5,unweighted,2020-06,87,46,2,0.977011,0.0164978
g3_mex,child,hispanic,1+5,unweighted,2020-07,108,57,9,0.916667,0.0367118
g3_mex,child,hispanic,1+5,unweighted,2020-08,93,51,6,0.935484,0.0441755
g3_mex,child,hispanic,1+5,unweighted,2020-09,151,78,13,0.913907,0.0376294
g3_mex,child,hispanic,1+5,unweighted,2020-10,133,69,22,0.834586,0.0484717
g3_mex,child,hispanic,1+5,unweighted,2020-11,124,70,11,0.91129,0.0354033
g3_mex,child,hispanic,1+5,unweighted,2020-12,131,71,14,0.89313,0.0387216
g3_mex,child,hispanic,1+5,unweighted,2021-01,112,62,6,0.946429,0.0275378
g3_mex,child,hispanic,1+5,unweighted,2021-02,130,72,22,0.830769,0.0563403
g3_mex,child,hispanic,1+5,unweighted,2021-03,108,59,7,0.935185,0.0301563
g3_mex,child,hispanic,1+5,unweighted,2021-04,123,62,11,0.910569,0.0392377
g3_mex,child,hispanic,1+5,unweighted,2021-05,145,81,12,0.917241,0.0325324
g3_mex,child,hispanic,1+5,unweighted,2021-06,97,55,8,0.917526,0.0400208
g3_mex,child,hispanic,1+5,unweighted,2021-07,147,84,12,0.918367,0.0293323
g3_mex,child,hispanic,1+5,unweighted,2021-08,128,64,5,0.960938,0.0207961
g3_mex,child,hispanic,1+5,unweighted,2021-09,127,69,14,0.889764,0.0443792
g3_mex,child,hispanic,1+5,unweighted,2021-10,152,79,21,0.861842,0.0370555
g3_mex,child,hispanic,1+5,unweighted,2021-11,133,71,11,0.917293,0.031189
g3_mex,child,hispanic,1+5,unweighted,2021-12,112,57,3,0.973214,0.0200099
g3_mex,child,hispanic,1+5,unweighted,2022-01,119,64,3,0.97479,0.0146229
g3_mex,child,hispanic,1+5,unweighted,2022-02,140,75,18,0.871429,0.0433244
g3_mex,child,hispanic,1+5,unweighted,2022-03,113,60,8,0.929204,0.0324902
g3_mex,child,hispanic,1+5,unweighted,2022-04,134,68,15,0.88806,0.0420116
g3_mex,child,hispanic,1+5,unweighted,2022-05,120,63,15,0.875,0.0509456
g3_mex,child,hispanic,1+5,unweighted,2022-06,102,54,13,0.872549,0.0471706
g3_mex,child,hispanic,1+5,unweighted,2022-07,99,57,1,0.989899,0.009995
g3_mex,child,hispanic,1+5,unweighted,2022-08,141,68,17,0.879433,0.0433764
g3_mex,child,hispanic,1+5,unweighted,2022-09,101,56,5,0.950495,0.029029
g3_mex,child,hispanic,1+5,unweighted,2022-10,134,73,7,0.947761,0.0244307
g3_mex,child,hispanic,1+5,unweighted,2022-11,133,69,13,0.902256,0.0372308
g3_mex,child,hispanic,1+5,unweighted,2022-12,115,59,12,0.895652,0.0516298
g3_mex,child,hispanic,1+5,unweighted,2023-01,112,65,2,0.982143,0.0123942
g3_mex,child,hispanic,1+5,unweighted,2023-02,130,66,25,0.807692,0.0624513
g3_mex,child,hispanic,1+5,unweighted,2023-03,137,73,13,0.905109,0.0411207
g3_mex,child,hispanic,1+5,unweighted,2023-04,117,64,8,0.931624,0.0314785
g3_mex,child,hispanic,1+5,unweighted,2023-05,135,71,8,0.940741,0.0285494
g3_mex,child,hispanic,1+5,unweighted,2023-06,100,53,6,0.94,0.0314312
g3_mex,child,hispanic,1+5,unweighted,2023-07,128,67,6,0.953125,0.0264926
g3_mex,child,hispanic,1+5,unweighted,2023-08,146,71,12,0.917808,0.047684
g3_mex,child,hispanic,1+5,unweighted,2023-09,154,74,12,0.922078,0.0382716
g3_mex,child,hispanic,1+5,unweighted,2023-10,138,80,10,0.927536,0.0274685
g3_mex,child,hispanic,1+5,unweighted,2023-11,114,65,7,0.938596,0.0285928
g3_mex,child,hispanic,1+5,unweighted,2023-12,105,57,5,0.952381,0.0251276
g3_mex,child,hispanic,1+5,unweighted,2024-01,109,58,11,0.899083,0.0396424
g3_mex,child,hispanic,1+5,unweighted,2024-02,114,62,13,0.885965,0.0499404
g3_mex,child,hispanic,1+5,unweighted,2024-03,131,71,8,0.938931,0.0281322
g3_mex,child,hispanic,1+5,unweighted,2024-04,132,70,5,0.962121,0.019992
g3_mex,child,hispanic,1+5,unweighted,2024-05,137,73,14,0.89781,0.0356167
g3_mex,child,hispanic,1+5,unweighted,2024-06,125,66,6,0.952,0.0224978
g3_mex,child,hispanic,1+5,unweighted,2024-07,128,68,9,0.929688,0.0332442
g3_mex,child,hispanic,1+5,unweighted,2024-08,167,81,16,0.904192,0.0422788
g3_mex,child,hispanic,1+5,unweighted,2024-09,146,73,13,0.910959,0.03428
g3_mex,child,hispanic,1+5,unweighted,2024-10,141,74,10,0.929078,0.029106
g3_mex,child,hispanic,1+5,unweighted,2024-11,142,71,2,0.985915,0.0099201
g3_mex,child,hispanic,1+5,unweighted,2024-12,118,62,10,0.915254,0.0383436
g3_mex,child,hispanic,1+5,unweighted,2025-01,123,66,10,0.918699,0.0313088
g3_mex,child,hispanic,1+5,unweighted,2025-02,126,65,7,0.944444,0.0291514
g3_mex,child,hispanic,1+5,unweighted,2025-03,141,74,17,0.879433,0.0424307
g3_mex,child,hispanic,1+5,unweighted,2025-04,147,77,11,0.92517,0.036558
g3_mex,child,hispanic,1+5,unweighted,2025-05,89,47,7,0.921348,0.0370628
g3_mex,child,hispanic,1+5,unweighted,2025-06,132,68,9,0.931818,0.0350476
g3_mex,child,hispanic,1+5,unweighted,2025-07,121,67,8,0.933884,0.0284323
g3_mex,child,hispanic,1+5,unweighted,2025-08,155,82,8,0.948387,0.0253727
g3_mex,child,hispanic,1+5,unweighted,2025-09,121,66,10,0.917355,0.0374043
g3_mex,child,hispanic,1+5,unweighted,2025-11,127,60,5,0.96063,0.0205004
g3_mex,child,hispanic,1+5,unweighted,2025-12,142,74,11,0.922535,0.0349923
g3_mex,child,hispanic,1+5,unweighted,2026-01,116,64,9,0.922414,0.0322448
g3_mex,child,hispanic,1+5,unweighted,2026-02,136,74,4,0.970588,0.0179235
g3_mex,child,hispanic,1+5,unweighted,2026-03,125,70,16,0.872,0.0463701
g3_mex,child,hispanic,1+5,unweighted,2026-04,145,77,12,0.917241,0.0363077
g3_mex,child,hispanic,1+5,unweighted,2026-05,100,57,6,0.94,0.0340999
g3_mex,child,hispanic,1+5,unweighted,2026-06,109,59,9,0.917431,0.0355856
g3_mex,child,hispanic,1+5,unweighted,2026-07,102,52,3,0.970588,0.0172255
g3_mex,child,hispanic,1+5,unweighted,2026-08,127,69,10,0.92126,0.0343488
g3_mex,child,hispanic,1+5,state_mean,2019-01,154,80,12,0.925787,0.0303408
g3_mex,child,hispanic,1+5,state_mean,2019-02,137,74,13,0.904264,0.034214
g3_mex,child,hispanic,1+5,state_mean,2019-03,132,70,14,0.928638,0.029545
g3_mex,child,hispanic,1+5,state_mean,2019-04,160,86,31,0.782778,0.0620608
g3_mex,child,hispanic,1+5,state_mean,2019-05,118,59,10,0.919895,0.0329705
g3_mex,child,hispanic,1+5,state_mean,2019-06,164,85,20,0.890884,0.039559
g3_mex,child,hispanic,1+5,state_mean,2019-07,143,79,15,0.883639,0.0327544
g3_mex,child,hispanic,1+5,state_mean,2019-08,144,75,8,0.953826,0.0230223
g3_mex,child,hispanic,1+5,state_mean,2019-09,155,80,26,0.827265,0.0498515
g3_mex,child,hispanic,1+5,state_mean,2019-10,127,73,12,0.899501,0.0379074
g3_mex,child,hispanic,1+5,state_mean,2019-11,126,71,12,0.901729,0.0336484
g3_mex,child,hispanic,1+5,state_mean,2019-12,175,84,7,0.969168,0.0145331
g3_mex,child,hispanic,1+5,state_mean,2020-01,125,68,15,0.885801,0.0400072
g3_mex,child,hispanic,1+5,state_mean,2020-02,119,63,22,0.819151,0.0599043
g3_mex,child,hispanic,1+5,state_mean,2020-03,109,60,13,0.919045,0.0445011
g3_mex,child,hispanic,1+5,state_mean,2020-04,63,35,15,0.73917,0.112749
g3_mex,child,hispanic,1+5,state_mean,2020-05,109,50,22,0.861703,0.0491497
g3_mex,child,hispanic,1+5,state_mean,2020-06,87,46,2,0.984951,0.012783
g3_mex,child,hispanic,1+5,state_mean,2020-07,108,57,9,0.921307,0.0349645
g3_mex,child,hispanic,1+5,state_mean,2020-08,93,51,6,0.92115,0.0550296
g3_mex,child,hispanic,1+5,state_mean,2020-09,151,78,13,0.921858,0.0368112
g3_mex,child,hispanic,1+5,state_mean,2020-10,133,69,22,0.837212,0.0511862
g3_mex,child,hispanic,1+5,state_mean,2020-11,124,70,11,0.900926,0.0400874
g3_mex,child,hispanic,1+5,state_mean,2020-12,131,71,14,0.918955,0.0330106
g3_mex,child,hispanic,1+5,state_mean,2021-01,112,62,6,0.947059,0.0280309
g3_mex,child,hispanic,1+5,state_mean,2021-02,130,72,22,0.844055,0.0523309
g3_mex,child,hispanic,1+5,state_mean,2021-03,108,59,7,0.950939,0.0289654
g3_mex,child,hispanic,1+5,state_mean,2021-04,123,62,11,0.955865,0.0198956
g3_mex,child,hispanic,1+5,state_mean,2021-05,145,81,12,0.949638,0.0204422
g3_mex,child,hispanic,1+5,state_mean,2021-06,97,55,8,0.92322,0.0404247
g3_mex,child,hispanic,1+5,state_mean,2021-07,147,84,12,0.919687,0.0315696
g3_mex,child,hispanic,1+5,state_mean,2021-08,128,64,5,0.952799,0.0253802
g3_mex,child,hispanic,1+5,state_mean,2021-09,127,69,14,0.902079,0.0414315
g3_mex,child,hispanic,1+5,state_mean,2021-10,152,79,21,0.859428,0.0403789
g3_mex,child,hispanic,1+5,state_mean,2021-11,133,71,11,0.912149,0.0337565
g3_mex,child,hispanic,1+5,state_mean,2021-12,112,57,3,0.981922,0.0169111
g3_mex,child,hispanic,1+5,state_mean,2022-01,119,64,3,0.979829,0.0126341
g3_mex,child,hispanic,1+5,state_mean,2022-02,140,75,18,0.890976,0.0397472
g3_mex,child,hispanic,1+5,state_mean,2022-03,113,60,8,0.942758,0.0359327
g3_mex,child,hispanic,1+5,state_mean,2022-04,134,68,15,0.931587,0.026925
g3_mex,child,hispanic,1+5,state_mean,2022-05,120,63,15,0.876171,0.0543474
g3_mex,child,hispanic,1+5,state_mean,2022-06,102,54,13,0.890015,0.0459917
g3_mex,child,hispanic,1+5,state_mean,2022-07,99,57,1,0.99236,0.00762744
g3_mex,child,hispanic,1+5,state_mean,2022-08,141,68,17,0.890024,0.0399142
g3_mex,child,hispanic,1+5,state_mean,2022-09,101,56,5,0.961332,0.0244013
g3_mex,child,hispanic,1+5,state_mean,2022-10,134,73,7,0.962862,0.0221561
g3_mex,child,hispanic,1+5,state_mean,2022-11,133,69,13,0.907975,0.0369247
g3_mex,child,hispanic,1+5,state_mean,2022-12,115,59,12,0.921577,0.0393905
g3_mex,child,hispanic,1+5,state_mean,2023-01,112,65,2,0.986158,0.0107035
g3_mex,child,hispanic,1+5,state_mean,2023-02,130,66,25,0.80436,0.0650187
g3_mex,child,hispanic,1+5,state_mean,2023-03,137,73,13,0.896243,0.0498686
g3_mex,child,hispanic,1+5,state_mean,2023-04,117,64,8,0.941102,0.0294985
g3_mex,child,hispanic,1+5,state_mean,2023-05,135,71,8,0.938297,0.032504
g3_mex,child,hispanic,1+5,state_mean,2023-06,100,53,6,0.95286,0.0292073
g3_mex,child,hispanic,1+5,state_mean,2023-07,128,67,6,0.952281,0.0349294
g3_mex,child,hispanic,1+5,state_mean,2023-08,146,71,12,0.923108,0.0493858
g3_mex,child,hispanic,1+5,state_mean,2023-09,154,74,12,0.944524,0.02976
g3_mex,child,hispanic,1+5,state_mean,2023-10,138,80,10,0.958401,0.0203896
g3_mex,child,hispanic,1+5,state_mean,2023-11,114,65,7,0.95123,0.0223006
g3_mex,child,hispanic,1+5,state_mean,2023-12,105,57,5,0.953776,0.0256572
g3_mex,child,hispanic,1+5,state_mean,2024-01,109,58,11,0.900181,0.0380159
g3_mex,child,hispanic,1+5,state_mean,2024-02,114,62,13,0.903253,0.0424244
g3_mex,child,hispanic,1+5,state_mean,2024-03,131,71,8,0.942237,0.02881
g3_mex,child,hispanic,1+5,state_mean,2024-04,132,70,5,0.959619,0.0245983
g3_mex,child,hispanic,1+5,state_mean,2024-05,137,73,14,0.901458,0.0368771
g3_mex,child,hispanic,1+5,state_mean,2024-06,125,66,6,0.949875,0.0252061
g3_mex,child,hispanic,1+5,state_mean,2024-07,128,68,9,0.945046,0.0285515
g3_mex,child,hispanic,1+5,state_mean,2024-08,167,81,16,0.90618,0.0492645
g3_mex,child,hispanic,1+5,state_mean,2024-09,146,73,13,0.911108,0.0393394
g3_mex,child,hispanic,1+5,state_mean,2024-10,141,74,10,0.929064,0.033612
g3_mex,child,hispanic,1+5,state_mean,2024-11,142,71,2,0.994526,0.00396378
g3_mex,child,hispanic,1+5,state_mean,2024-12,118,62,10,0.894022,0.0474084
g3_mex,child,hispanic,1+5,state_mean,2025-01,123,66,10,0.9019,0.0369475
g3_mex,child,hispanic,1+5,state_mean,2025-02,126,65,7,0.957852,0.0279221
g3_mex,child,hispanic,1+5,state_mean,2025-03,141,74,17,0.875039,0.0441455
g3_mex,child,hispanic,1+5,state_mean,2025-04,147,77,11,0.952576,0.0228047
g3_mex,child,hispanic,1+5,state_mean,2025-05,89,47,7,0.923556,0.0376796
g3_mex,child,hispanic,1+5,state_mean,2025-06,132,68,9,0.9587,0.0225499
g3_mex,child,hispanic,1+5,state_mean,2025-07,121,67,8,0.920567,0.0353886
g3_mex,child,hispanic,1+5,state_mean,2025-08,155,82,8,0.938595,0.0300326
g3_mex,child,hispanic,1+5,state_mean,2025-09,121,66,10,0.921227,0.0392516
g3_mex,child,hispanic,1+5,state_mean,2025-11,127,60,5,0.952699,0.0270386
g3_mex,child,hispanic,1+5,state_mean,2025-12,142,74,11,0.905546,0.0434775
g3_mex,child,hispanic,1+5,state_mean,2026-01,116,64,9,0.921728,0.0353264
g3_mex,child,hispanic,1+5,state_mean,2026-02,136,74,4,0.977479,0.013509
g3_mex,child,hispanic,1+5,state_mean,2026-03,125,70,16,0.862676,0.0493897
g3_mex,child,hispanic,1+5,state_mean,2026-04,145,77,12,0.93346,0.0302425
g3_mex,child,hispanic,1+5,state_mean,2026-05,100,57,6,0.957205,0.0274361
g3_mex,child,hispanic,1+5,state_mean,2026-06,109,59,9,0.930683,0.0352474
g3_mex,child,hispanic,1+5,state_mean,2026-07,102,52,3,0.958292,0.0243748
g3_mex,child,hispanic,1+5,state_mean,2026-08,127,69,10,0.924718,0.0316844
g3_mex,child,hispanic,1+5,final,2019-01,154,80,12,0.939377,0.0247711
g3_mex,child,hispanic,1+5,final,2019-02,137,74,13,0.921427,0.0283098
g3_mex,child,hispanic,1+5,final,2019-03,132,70,14,0.914923,0.0376565
g3_mex,child,hispanic,1+5,final,2019-04,160,86,31,0.798194,0.0602185
g3_mex,child,hispanic,1+5,final,2019-05,118,59,10,0.931237,0.028455
g3_mex,child,hispanic,1+5,final,2019-06,164,85,20,0.900309,0.0354999
g3_mex,child,hispanic,1+5,final,2019-07,143,79,15,0.891004,0.031226
g3_mex,child,hispanic,1+5,final,2019-08,144,75,8,0.959864,0.0204362
g3_mex,child,hispanic,1+5,final,2019-09,155,80,26,0.854869,0.0426977
g3_mex,child,hispanic,1+5,final,2019-10,127,73,12,0.913226,0.0367941
g3_mex,child,hispanic,1+5,final,2019-11,126,71,12,0.899272,0.0346821
g3_mex,child,hispanic,1+5,final,2019-12,175,84,7,0.972829,0.0128091
g3_mex,child,hispanic,1+5,final,2020-01,125,68,15,0.906122,0.0332517
g3_mex,child,hispanic,1+5,final,2020-02,119,63,22,0.860824,0.0497489
g3_mex,child,hispanic,1+5,final,2020-03,109,60,13,0.916796,0.046243
g3_mex,child,hispanic,1+5,final,2020-04,63,35,15,0.74708,0.108422
g3_mex,child,hispanic,1+5,final,2020-05,109,50,22,0.894917,0.0398325
g3_mex,child,hispanic,1+5,final,2020-06,87,46,2,0.991774,0.00661211
g3_mex,child,hispanic,1+5,final,2020-07,108,57,9,0.923037,0.0340371
g3_mex,child,hispanic,1+5,final,2020-08,93,51,6,0.934542,0.045672
g3_mex,child,hispanic,1+5,final,2020-09,151,78,13,0.933593,0.0315304
g3_mex,child,hispanic,1+5,final,2020-10,133,69,22,0.859356,0.0461706
g3_mex,child,hispanic,1+5,final,2020-11,124,70,11,0.920233,0.0333826
g3_mex,child,hispanic,1+5,final,2020-12,131,71,14,0.926423,0.030766
g3_mex,child,hispanic,1+5,final,2021-01,112,62,6,0.946971,0.027839
g3_mex,child,hispanic,1+5,final,2021-02,130,72,22,0.84745,0.0545095
g3_mex,child,hispanic,1+5,final,2021-03,108,59,7,0.945617,0.0322534
g3_mex,child,hispanic,1+5,final,2021-04,123,62,11,0.963595,0.0167889
g3_mex,child,hispanic,1+5,final,2021-05,145,81,12,0.954703,0.0189934
g3_mex,child,hispanic,1+5,final,2021-06,97,55,8,0.931004,0.0382291
g3_mex,child,hispanic,1+5,final,2021-07,147,84,12,0.909961,0.0417807
g3_mex,child,hispanic,1+5,final,2021-08,128,64,5,0.956488,0.0252135
g3_mex,child,hispanic,1+5,final,2021-09,127,69,14,0.913316,0.0379465
g3_mex,child,hispanic,1+5,final,2021-10,152,79,21,0.878153,0.0352006
g3_mex,child,hispanic,1+5,final,2021-11,133,71,11,0.909771,0.0346693
g3_mex,child,hispanic,1+5,final,2021-12,112,57,3,0.98496,0.0142242
g3_mex,child,hispanic,1+5,final,2022-01,119,64,3,0.977568,0.0165112
g3_mex,child,hispanic,1+5,final,2022-02,140,75,18,0.890431,0.0393579
g3_mex,child,hispanic,1+5,final,2022-03,113,60,8,0.959648,0.0253851
g3_mex,child,hispanic,1+5,final,2022-04,134,68,15,0.947505,0.0213677
g3_mex,child,hispanic,1+5,final,2022-05,120,63,15,0.884028,0.0521197
g3_mex,child,hispanic,1+5,final,2022-06,102,54,13,0.884995,0.0479368
g3_mex,child,hispanic,1+5,final,2022-07,99,57,1,0.994937,0.0050874
g3_mex,child,hispanic,1+5,final,2022-08,141,68,17,0.878115,0.0437931
g3_mex,child,hispanic,1+5,final,2022-09,101,56,5,0.964465,0.0230622
g3_mex,child,hispanic,1+5,final,2022-10,134,73,7,0.970863,0.0177745
g3_mex,child,hispanic,1+5,final,2022-11,133,69,13,0.906205,0.0386174
g3_mex,child,hispanic,1+5,final,2022-12,115,59,12,0.922902,0.0366219
g3_mex,child,hispanic,1+5,final,2023-01,112,65,2,0.988484,0.00871744
g3_mex,child,hispanic,1+5,final,2023-02,130,66,25,0.7988,0.069548
g3_mex,child,hispanic,1+5,final,2023-03,137,73,13,0.915712,0.0406927
g3_mex,child,hispanic,1+5,final,2023-04,117,64,8,0.951329,0.0235322
g3_mex,child,hispanic,1+5,final,2023-05,135,71,8,0.941372,0.030231
g3_mex,child,hispanic,1+5,final,2023-06,100,53,6,0.952228,0.0316834
g3_mex,child,hispanic,1+5,final,2023-07,128,67,6,0.960217,0.0291144
g3_mex,child,hispanic,1+5,final,2023-08,146,71,12,0.916425,0.0504705
g3_mex,child,hispanic,1+5,final,2023-09,154,74,12,0.943044,0.0283874
g3_mex,child,hispanic,1+5,final,2023-10,138,80,10,0.964892,0.0180427
g3_mex,child,hispanic,1+5,final,2023-11,114,65,7,0.963939,0.0168828
g3_mex,child,hispanic,1+5,final,2023-12,105,57,5,0.952326,0.0293572
g3_mex,child,hispanic,1+5,final,2024-01,109,58,11,0.903519,0.0373554
g3_mex,child,hispanic,1+5,final,2024-02,114,62,13,0.914388,0.0379123
g3_mex,child,hispanic,1+5,final,2024-03,131,71,8,0.946142,0.0278114
g3_mex,child,hispanic,1+5,final,2024-04,132,70,5,0.965823,0.0199703
g3_mex,child,hispanic,1+5,final,2024-05,137,73,14,0.899138,0.0363623
g3_mex,child,hispanic,1+5,final,2024-06,125,66,6,0.946787,0.0261873
g3_mex,child,hispanic,1+5,final,2024-07,128,68,9,0.948079,0.0295796
g3_mex,child,hispanic,1+5,final,2024-08,167,81,16,0.91206,0.0480031
g3_mex,child,hispanic,1+5,final,2024-09,146,73,13,0.916912,0.0366965
g3_mex,child,hispanic,1+5,final,2024-10,141,74,10,0.937679,0.0298252
g3_mex,child,hispanic,1+5,final,2024-11,142,71,2,0.994414,0.00421283
g3_mex,child,hispanic,1+5,final,2024-12,118,62,10,0.898478,0.0449338
g3_mex,child,hispanic,1+5,final,2025-01,123,66,10,0.920797,0.0307981
g3_mex,child,hispanic,1+5,final,2025-02,126,65,7,0.965613,0.0217845
g3_mex,child,hispanic,1+5,final,2025-03,141,74,17,0.896422,0.0383367
g3_mex,child,hispanic,1+5,final,2025-04,147,77,11,0.961295,0.0192053
g3_mex,child,hispanic,1+5,final,2025-05,89,47,7,0.939462,0.0292068
g3_mex,child,hispanic,1+5,final,2025-06,132,68,9,0.968006,0.017273
g3_mex,child,hispanic,1+5,final,2025-07,121,67,8,0.903225,0.0451553
g3_mex,child,hispanic,1+5,final,2025-08,155,82,8,0.945665,0.0271754
g3_mex,child,hispanic,1+5,final,2025-09,121,66,10,0.927771,0.0354295
g3_mex,child,hispanic,1+5,final,2025-11,127,60,5,0.950338,0.0289659
g3_mex,child,hispanic,1+5,final,2025-12,142,74,11,0.917173,0.0401132
g3_mex,child,hispanic,1+5,final,2026-01,116,64,9,0.922666,0.0388153
g3_mex,child,hispanic,1+5,final,2026-02,136,74,4,0.980169,0.0121722
g3_mex,child,hispanic,1+5,final,2026-03,125,70,16,0.885784,0.0446094
g3_mex,child,hispanic,1+5,final,2026-04,145,77,12,0.957278,0.0201674
g3_mex,child,hispanic,1+5,final,2026-05,100,57,6,0.965723,0.0212073
g3_mex,child,hispanic,1+5,final,2026-06,109,59,9,0.925898,0.0367315
g3_mex,child,hispanic,1+5,final,2026-07,102,52,3,0.964875,0.0214609
g3_mex,child,hispanic,1+5,final,2026-08,127,69,10,0.939666,0.0265132
g3_mex,adult,mexican,1,unweighted,2019-01,12,10,0,1,0
g3_mex,adult,mexican,1,unweighted,2019-02,16,12,1,0.9375,0.064251
g3_mex,adult,mexican,1,unweighted,2019-03,15,12,2,0.866667,0.0944522
g3_mex,adult,mexican,1,unweighted,2019-04,15,12,3,0.8,0.136448
g3_mex,adult,mexican,1,unweighted,2019-05,16,11,2,0.875,0.0912425
g3_mex,adult,mexican,1,unweighted,2019-06,11,10,2,0.818182,0.125034
g3_mex,adult,mexican,1,unweighted,2019-07,12,11,0,1,0
g3_mex,adult,mexican,1,unweighted,2019-08,11,9,2,0.818182,0.130607
g3_mex,adult,mexican,1,unweighted,2019-09,17,14,3,0.823529,0.100671
g3_mex,adult,mexican,1,unweighted,2019-10,13,10,1,0.923077,0.079387
g3_mex,adult,mexican,1,unweighted,2019-11,15,12,2,0.866667,0.0944522
g3_mex,adult,mexican,1,unweighted,2019-12,13,10,3,0.769231,0.156056
g3_mex,adult,mexican,1,unweighted,2020-01,15,10,3,0.8,0.143329
g3_mex,adult,mexican,1,unweighted,2020-02,26,15,5,0.807692,0.125876
g3_mex,adult,mexican,1,unweighted,2020-03,14,11,0,1,0
g3_mex,adult,mexican,1,unweighted,2020-04,9,7,1,0.888889,0.116251
g3_mex,adult,mexican,1,unweighted,2020-05,12,9,2,0.833333,0.157288
g3_mex,adult,mexican,1,unweighted,2020-06,10,9,1,0.9,0.101735
g3_mex,adult,mexican,1,unweighted,2020-07,4,4,1,0.75,0.25
g3_mex,adult,mexican,1,unweighted,2020-08,15,11,2,0.866667,0.0966603
g3_mex,adult,mexican,1,unweighted,2020-09,12,8,0,1,0
g3_mex,adult,mexican,1,unweighted,2020-10,21,17,5,0.761905,0.102684
g3_mex,adult,mexican,1,unweighted,2020-11,9,7,0,1,0
g3_mex,adult,mexican,1,unweighted,2020-12,17,12,1,0.941176,0.0611195
g3_mex,adult,mexican,1,unweighted,2021-01,20,15,1,0.95,0.0516254
g3_mex,adult,mexican,1,unweighted,2021-02,9,8,0,1,0
g3_mex,adult,mexican,1,unweighted,2021-03,12,10,0,1,0
g3_mex,adult,mexican,1,unweighted,2021-04,10,8,1,0.9,0.104745
g3_mex,adult,mexican,1,unweighted,2021-05,17,12,1,0.941176,0.0609054
g3_mex,adult,mexican,1,unweighted,2021-06,14,11,1,0.928571,0.0733701
g3_mex,adult,mexican,1,unweighted,2021-07,24,19,4,0.833333,0.107259
g3_mex,adult,mexican,1,unweighted,2021-08,5,5,1,0.8,0.2
g3_mex,adult,mexican,1,unweighted,2021-09,14,11,1,0.928571,0.0737593
g3_mex,adult,mexican,1,unweighted,2021-10,12,10,2,0.833333,0.117121
g3_mex,adult,mexican,1,unweighted,2021-11,9,7,1,0.888889,0.116251
g3_mex,adult,mexican,1,unweighted,2021-12,16,9,2,0.875,0.124572
g3_mex,adult,mexican,1,unweighted,2022-01,8,6,0,1,0
g3_mex,adult,mexican,1,unweighted,2022-02,10,9,2,0.8,0.18
g3_mex,adult,mexican,1,unweighted,2022-03,11,11,3,0.727273,0.140836
g3_mex,adult,mexican,1,unweighted,2022-04,15,14,4,0.733333,0.121329
g3_mex,adult,mexican,1,unweighted,2022-05,12,10,2,0.833333,0.105572
g3_mex,adult,mexican,1,unweighted,2022-06,16,13,2,0.875,0.118954
g3_mex,adult,mexican,1,unweighted,2022-07,14,11,4,0.714286,0.184747
g3_mex,adult,mexican,1,unweighted,2022-08,10,8,3,0.7,0.167673
g3_mex,adult,mexican,1,unweighted,2022-09,18,10,1,0.944444,0.0552116
g3_mex,adult,mexican,1,unweighted,2022-10,19,14,3,0.842105,0.112516
g3_mex,adult,mexican,1,unweighted,2022-11,9,9,1,0.888889,0.111111
g3_mex,adult,mexican,1,unweighted,2022-12,8,6,0,1,0
g3_mex,adult,mexican,1,unweighted,2023-01,13,10,2,0.846154,0.109818
g3_mex,adult,mexican,1,unweighted,2023-02,8,6,0,1,0
g3_mex,adult,mexican,1,unweighted,2023-03,15,12,1,0.933333,0.0682242
g3_mex,adult,mexican,1,unweighted,2023-04,26,21,3,0.884615,0.0657943
g3_mex,adult,mexican,1,unweighted,2023-05,14,13,2,0.857143,0.0984927
g3_mex,adult,mexican,1,unweighted,2023-06,22,16,6,0.727273,0.119344
g3_mex,adult,mexican,1,unweighted,2023-07,15,12,0,1,0
g3_mex,adult,mexican,1,unweighted,2023-08,14,10,2,0.857143,0.104284
g3_mex,adult,mexican,1,unweighted,2023-09,19,16,4,0.789474,0.101875
g3_mex,adult,mexican,1,unweighted,2023-10,14,11,2,0.857143,0.102651
g3_mex,adult,mexican,1,unweighted,2023-11,6,6,0,1,0
g3_mex,adult,mexican,1,unweighted,2023-12,21,15,4,0.809524,0.109238
g3_mex,adult,mexican,1,unweighted,2024-01,12,10,2,0.833333,0.154937
g3_mex,adult,mexican,1,unweighted,2024-02,22,12,4,0.818182,0.16378
g3_mex,adult,mexican,1,unweighted,2024-03,17,12,1,0.941176,0.0609054
g3_mex,adult,mexican,1,unweighted,2024-04,19,16,1,0.947368,0.0533699
g3_mex,adult,mexican,1,unweighted,2024-05,8,8,2,0.75,0.163663
g3_mex,adult,mexican,1,unweighted,2024-06,15,13,1,0.933333,0.0676714
g3_mex,adult,mexican,1,unweighted,2024-07,20,15,2,0.9,0.0717137
g3_mex,adult,mexican,1,unweighted,2024-08,12,10,1,0.916667,0.0853662
g3_mex,adult,mexican,1,unweighted,2024-09,25,18,2,0.92,0.0573642
g3_mex,adult,mexican,1,unweighted,2024-10,15,11,2,0.866667,0.0966603
g3_mex,adult,mexican,1,unweighted,2024-11,15,12,3,0.8,0.137862
g3_mex,adult,mexican,1,unweighted,2024-12,13,9,1,0.923077,0.0808618
g3_mex,adult,mexican,1,unweighted,2025-01,12,8,1,0.916667,0.0719776
g3_mex,adult,mexican,1,unweighted,2025-02,14,11,0,1,0
g3_mex,adult,mexican,1,unweighted,2025-03,20,14,2,0.9,0.0726424
g3_mex,adult,mexican,1,unweighted,2025-04,25,18,5,0.8,0.11815
g3_mex,adult,mexican,1,unweighted,2025-05,14,9,7,0.5,0.193155
g3_mex,adult,mexican,1,unweighted,2025-06,11,9,0,1,0
g3_mex,adult,mexican,1,unweighted,2025-07,17,13,5,0.705882,0.148319
g3_mex,adult,mexican,1,unweighted,2025-08,16,11,0,1,0
g3_mex,adult,mexican,1,unweighted,2025-09,16,15,3,0.8125,0.125409
g3_mex,adult,mexican,1,unweighted,2025-11,11,10,1,0.909091,0.0921939
g3_mex,adult,mexican,1,unweighted,2025-12,15,12,3,0.8,0.17505
g3_mex,adult,mexican,1,unweighted,2026-01,13,9,4,0.692308,0.169106
g3_mex,adult,mexican,1,unweighted,2026-02,21,17,3,0.857143,0.0811707
g3_mex,adult,mexican,1,unweighted,2026-03,13,10,3,0.769231,0.156056
g3_mex,adult,mexican,1,unweighted,2026-04,14,11,1,0.928571,0.0733701
g3_mex,adult,mexican,1,unweighted,2026-05,22,15,3,0.863636,0.0984701
g3_mex,adult,mexican,1,unweighted,2026-06,13,10,4,0.692308,0.195853
g3_mex,adult,mexican,1,unweighted,2026-07,20,13,3,0.85,0.108041
g3_mex,adult,mexican,1,unweighted,2026-08,17,14,1,0.941176,0.0598711
g3_mex,adult,mexican,1,state_mean,2019-01,12,10,0,1,0
g3_mex,adult,mexican,1,state_mean,2019-02,16,12,1,0.939818,0.0620649
g3_mex,adult,mexican,1,state_mean,2019-03,15,12,2,0.870834,0.0930994
g3_mex,adult,mexican,1,state_mean,2019-04,15,12,3,0.766662,0.155589
g3_mex,adult,mexican,1,state_mean,2019-05,16,11,2,0.861939,0.10038
g3_mex,adult,mexican,1,state_mean,2019-06,11,10,2,0.805646,0.130921
g3_mex,adult,mexican,1,state_mean,2019-07,12,11,0,1,0
g3_mex,adult,mexican,1,state_mean,2019-08,11,9,2,0.803537,0.13951
g3_mex,adult,mexican,1,state_mean,2019-09,17,14,3,0.804002,0.112008
g3_mex,adult,mexican,1,state_mean,2019-10,13,10,1,0.922666,0.0796588
g3_mex,adult,mexican,1,state_mean,2019-11,15,12,2,0.84177,0.110964
g3_mex,adult,mexican,1,state_mean,2019-12,13,10,3,0.724663,0.173965
g3_mex,adult,mexican,1,state_mean,2020-01,15,10,3,0.807871,0.139254
g3_mex,adult,mexican,1,state_mean,2020-02,26,15,5,0.820322,0.117861
g3_mex,adult,mexican,1,state_mean,2020-03,14,11,0,1,0
g3_mex,adult,mexican,1,state_mean,2020-04,9,7,1,0.895415,0.111333
g3_mex,adult,mexican,1,state_mean,2020-05,12,9,2,0.803669,0.180579
g3_mex,adult,mexican,1,state_mean,2020-06,10,9,1,0.914841,0.0893206
g3_mex,adult,mexican,1,state_mean,2020-07,4,4,1,0.762136,0.241774
g3_mex,adult,mexican,1,state_mean,2020-08,15,11,2,0.835066,0.116731
g3_mex,adult,mexican,1,state_mean,2020-09,12,8,0,1,0
g3_mex,adult,mexican,1,state_mean,2020-10,21,17,5,0.727778,0.114668
g3_mex,adult,mexican,1,state_mean,2020-11,9,7,0,1,0
g3_mex,adult,mexican,1,state_mean,2020-12,17,12,1,0.980434,0.0213613
g3_mex,adult,mexican,1,state_mean,2021-01,20,15,1,0.943527,0.0579317
g3_mex,adult,mexican,1,state_mean,2021-02,9,8,0,1,0
g3_mex,adult,mexican,1,state_mean,2021-03,12,10,0,1,0
g3_mex,adult,mexican,1,state_mean,2021-04,10,8,1,0.992217,0.00894257
g3_mex,adult,mexican,1,state_mean,2021-05,17,12,1,0.93924,0.0633545
g3_mex,adult,mexican,1,state_mean,2021-06,14,11,1,0.91922,0.0825229
g3_mex,adult,mexican,1,state_mean,2021-07,24,19,4,0.863056,0.107851
g3_mex,adult,mexican,1,state_mean,2021-08,5,5,1,0.739993,0.243368
g3_mex,adult,mexican,1,state_mean,2021-09,14,11,1,0.921934,0.0800604
g3_mex,adult,mexican,1,state_mean,2021-10,12,10,2,0.781671,0.14734
g3_mex,adult,mexican,1,state_mean,2021-11,9,7,1,0.882487,0.122537
g3_mex,adult,mexican,1,state_mean,2021-12,16,9,2,0.945827,0.0586522
g3_mex,adult,mexican,1,state_mean,2022-01,8,6,0,1,0
g3_mex,adult,mexican,1,state_mean,2022-02,10,9,2,0.832883,0.157212
g3_mex,adult,mexican,1,state_mean,2022-03,11,11,3,0.692507,0.153835
g3_mex,adult,mexican,1,state_mean,2022-04,15,14,4,0.684338,0.138149
g3_mex,adult,mexican,1,state_mean,2022-05,12,10,2,0.81883,0.112553
g3_mex,adult,mexican,1,state_mean,2022-06,16,13,2,0.934653,0.067016
g3_mex,adult,mexican,1,state_mean,2022-07,14,11,4,0.701491,0.190316
g3_mex,adult,mexican,1,state_mean,2022-08,10,8,3,0.767654,0.154799
g3_mex,adult,mexican,1,state_mean,2022-09,18,10,1,0.926942,0.070355
g3_mex,adult,mexican,1,state_mean,2022-10,19,14,3,0.845104,0.110357
g3_mex,adult,mexican,1,state_mean,2022-11,9,9,1,0.866169,0.131834
g3_mex,adult,mexican,1,state_mean,2022-12,8,6,0,1,0
g3_mex,adult,mexican,1,state_mean,2023-01,13,10,2,0.872003,0.0994017
g3_mex,adult,mexican,1,state_mean,2023-02,8,6,0,1,0
g3_mex,adult,mexican,1,state_mean,2023-03,15,12,1,0.977913,0.0237002
g3_mex,adult,mexican,1,state_mean,2023-04,26,21,3,0.865351,0.0757121
g3_mex,adult,mexican,1,state_mean,2023-05,14,13,2,0.933995,0.0509695
g3_mex,adult,mexican,1,state_mean,2023-06,22,16,6,0.727457,0.125238
g3_mex,adult,mexican,1,state_mean,2023-07,15,12,0,1,0
g3_mex,adult,mexican,1,state_mean,2023-08,14,10,2,0.863051,0.105932
g3_mex,adult,mexican,1,state_mean,2023-09,19,16,4,0.821753,0.0984993
g3_mex,adult,mexican,1,state_mean,2023-10,14,11,2,0.877957,0.10233
g3_mex,adult,mexican,1,state_mean,2023-11,6,6,0,1,0
g3_mex,adult,mexican,1,state_mean,2023-12,21,15,4,0.798226,0.11355
g3_mex,adult,mexican,1,state_mean,2024-01,12,10,2,0.900901,0.0997701
g3_mex,adult,mexican,1,state_mean,2024-02,22,12,4,0.794619,0.180097
g3_mex,adult,mexican,1,state_mean,2024-03,17,12,1,0.938549,0.0635895
g3_mex,adult,mexican,1,state_mean,2024-04,19,16,1,0.944998,0.0557289
g3_mex,adult,mexican,1,state_mean,2024-05,8,8,2,0.780989,0.161869
g3_mex,adult,mexican,1,state_mean,2024-06,15,13,1,0.983101,0.0182541
g3_mex,adult,mexican,1,state_mean,2024-07,20,15,2,0.926124,0.055959
g3_mex,adult,mexican,1,state_mean,2024-08,12,10,1,0.923456,0.0791915
g3_mex,adult,mexican,1,state_mean,2024-09,25,18,2,0.957811,0.0393842
g3_mex,adult,mexican,1,state_mean,2024-10,15,11,2,0.85939,0.102816
g3_mex,adult,mexican,1,state_mean,2024-11,15,12,3,0.841296,0.122168
g3_mex,adult,mexican,1,state_mean,2024-12,13,9,1,0.903927,0.0983526
g3_mex,adult,mexican,1,state_mean,2025-01,12,8,1,0.903044,0.0816819
g3_mex,adult,mexican,1,state_mean,2025-02,14,11,0,1,0
g3_mex,adult,mexican,1,state_mean,2025-03,20,14,2,0.891019,0.0794763
g3_mex,adult,mexican,1,state_mean,2025-04,25,18,5,0.777545,0.128608
g3_mex,adult,mexican,1,state_mean,2025-05,14,9,7,0.626924,0.189416
g3_mex,adult,mexican,1,state_mean,2025-06,11,9,0,1,0
g3_mex,adult,mexican,1,state_mean,2025-07,17,13,5,0.651249,0.164332
g3_mex,adult,mexican,1,state_mean,2025-08,16,11,0,1,0
g3_mex,adult,mexican,1,state_mean,2025-09,16,15,3,0.78927,0.137714
g3_mex,adult,mexican,1,state_mean,2025-11,11,10,1,0.903763,0.0974609
g3_mex,adult,mexican,1,state_mean,2025-12,15,12,3,0.786187,0.185653
g3_mex,adult,mexican,1,state_mean,2026-01,13,9,4,0.792504,0.127948
g3_mex,adult,mexican,1,state_mean,2026-02,21,17,3,0.815477,0.101808
g3_mex,adult,mexican,1,state_mean,2026-03,13,10,3,0.907033,0.0842885
g3_mex,adult,mexican,1,state_mean,2026-04,14,11,1,0.918456,0.0830402
g3_mex,adult,mexican,1,state_mean,2026-05,22,15,3,0.942415,0.0540805
g3_mex,adult,mexican,1,state_mean,2026-06,13,10,4,0.608185,0.219192
g3_mex,adult,mexican,1,state_mean,2026-07,20,13,3,0.833131,0.117486
g3_mex,adult,mexican,1,state_mean,2026-08,17,14,1,0.935583,0.06552
g3_mex,adult,mexican,1,final,2019-01,12,10,0,1,0
g3_mex,adult,mexican,1,final,2019-02,16,12,1,0.940048,0.0617877
g3_mex,adult,mexican,1,final,2019-03,15,12,2,0.849546,0.106158
g3_mex,adult,mexican,1,final,2019-04,15,12,3,0.788395,0.146982
g3_mex,adult,mexican,1,final,2019-05,16,11,2,0.883237,0.0873674
g3_mex,adult,mexican,1,final,2019-06,11,10,2,0.809977,0.129174
g3_mex,adult,mexican,1,final,2019-07,12,11,0,1,0
g3_mex,adult,mexican,1,final,2019-08,11,9,2,0.825502,0.128913
g3_mex,adult,mexican,1,final,2019-09,17,14,3,0.834117,0.100508
g3_mex,adult,mexican,1,final,2019-10,13,10,1,0.898467,0.101923
g3_mex,adult,mexican,1,final,2019-11,15,12,2,0.824767,0.120502
g3_mex,adult,mexican,1,final,2019-12,13,10,3,0.745392,0.163368
g3_mex,adult,mexican,1,final,2020-01,15,10,3,0.773861,0.158346
g3_mex,adult,mexican,1,final,2020-02,26,15,5,0.841392,0.106829
g3_mex,adult,mexican,1,final,2020-03,14,11,0,1,0
g3_mex,adult,mexican,1,final,2020-04,9,7,1,0.905615,0.102542
g3_mex,adult,mexican,1,final,2020-05,12,9,2,0.832098,0.160069
g3_mex,adult,mexican,1,final,2020-06,10,9,1,0.887763,0.113617
g3_mex,adult,mexican,1,final,2020-07,4,4,1,0.815805,0.201534
g3_mex,adult,mexican,1,final,2020-08,15,11,2,0.821472,0.125448
g3_mex,adult,mexican,1,final,2020-09,12,8,0,1,0
g3_mex,adult,mexican,1,final,2020-10,21,17,5,0.6846,0.124478
g3_mex,adult,mexican,1,final,2020-11,9,7,0,1,0
g3_mex,adult,mexican,1,final,2020-12,17,12,1,0.983014,0.0186803
g3_mex,adult,mexican,1,final,2021-01,20,15,1,0.934247,0.0670546
g3_mex,adult,mexican,1,final,2021-02,9,8,0,1,0
g3_mex,adult,mexican,1,final,2021-03,12,10,0,1,0
g3_mex,adult,mexican,1,final,2021-04,10,8,1,0.992102,0.00909766
g3_mex,adult,mexican,1,final,2021-05,17,12,1,0.934377,0.0680401
g3_mex,adult,mexican,1,final,2021-06,14,11,1,0.915551,0.0861504
g3_mex,adult,mexican,1,final,2021-07,24,19,4,0.86396,0.109601
g3_mex,adult,mexican,1,final,2021-08,5,5,1,0.80377,0.201611
g3_mex,adult,mexican,1,final,2021-09,14,11,1,0.916863,0.0851688
g3_mex,adult,mexican,1,final,2021-10,12,10,2,0.800934,0.137131
g3_mex,adult,mexican,1,final,2021-11,9,7,1,0.882641,0.121892
g3_mex,adult,mexican,1,final,2021-12,16,9,2,0.95374,0.050474
g3_mex,adult,mexican,1,final,2022-01,8,6,0,1,0
g3_mex,adult,mexican,1,final,2022-02,10,9,2,0.845921,0.147353
g3_mex,adult,mexican,1,final,2022-03,11,11,3,0.698629,0.15201
g3_mex,adult,mexican,1,final,2022-04,15,14,4,0.686839,0.139084
g3_mex,adult,mexican,1,final,2022-05,12,10,2,0.806617,0.120599
g3_mex,adult,mexican,1,final,2022-06,16,13,2,0.932912,0.0686294
g3_mex,adult,mexican,1,final,2022-07,14,11,4,0.727803,0.172776
g3_mex,adult,mexican,1,final,2022-08,10,8,3,0.719514,0.192479
g3_mex,adult,mexican,1,final,2022-09,18,10,1,0.918063,0.0787026
g3_mex,adult,mexican,1,final,2022-10,19,14,3,0.843938,0.109238
g3_mex,adult,mexican,1,final,2022-11,9,9,1,0.839549,0.153571
g3_mex,adult,mexican,1,final,2022-12,8,6,0,1,0
g3_mex,adult,mexican,1,final,2023-01,13,10,2,0.881032,0.0892547
g3_mex,adult,mexican,1,final,2023-02,8,6,0,1,0
g3_mex,adult,mexican,1,final,2023-03,15,12,1,0.980534,0.0210269
g3_mex,adult,mexican,1,final,2023-04,26,21,3,0.902438,0.0576829
g3_mex,adult,mexican,1,final,2023-05,14,13,2,0.928175,0.0541906
g3_mex,adult,mexican,1,final,2023-06,22,16,6,0.687352,0.150864
g3_mex,adult,mexican,1,final,2023-07,15,12,0,1,0
g3_mex,adult,mexican,1,final,2023-08,14,10,2,0.848806,0.119291
g3_mex,adult,mexican,1,final,2023-09,19,16,4,0.760298,0.119493
g3_mex,adult,mexican,1,final,2023-10,14,11,2,0.901154,0.0874354
g3_mex,adult,mexican,1,final,2023-11,6,6,0,1,0
g3_mex,adult,mexican,1,final,2023-12,21,15,4,0.806753,0.115018
g3_mex,adult,mexican,1,final,2024-01,12,10,2,0.895872,0.10421
g3_mex,adult,mexican,1,final,2024-02,22,12,4,0.774628,0.192937
g3_mex,adult,mexican,1,final,2024-03,17,12,1,0.953991,0.0485237
g3_mex,adult,mexican,1,final,2024-04,19,16,1,0.946767,0.0541515
g3_mex,adult,mexican,1,final,2024-05,8,8,2,0.774438,0.164974
g3_mex,adult,mexican,1,final,2024-06,15,13,1,0.982997,0.01845
g3_mex,adult,mexican,1,final,2024-07,20,15,2,0.917999,0.0671231
g3_mex,adult,mexican,1,final,2024-08,12,10,1,0.932226,0.070794
g3_mex,adult,mexican,1,final,2024-09,25,18,2,0.933012,0.0635261
g3_mex,adult,mexican,1,final,2024-10,15,11,2,0.881755,0.0890997
g3_mex,adult,mexican,1,final,2024-11,15,12,3,0.752379,0.18471
g3_mex,adult,mexican,1,final,2024-12,13,9,1,0.865714,0.13264
g3_mex,adult,mexican,1,final,2025-01,12,8,1,0.919685,0.0719618
g3_mex,adult,mexican,1,final,2025-02,14,11,0,1,0
g3_mex,adult,mexican,1,final,2025-03,20,14,2,0.897729,0.0761388
g3_mex,adult,mexican,1,final,2025-04,25,18,5,0.761463,0.137406
g3_mex,adult,mexican,1,final,2025-05,14,9,7,0.607414,0.190548
g3_mex,adult,mexican,1,final,2025-06,11,9,0,1,0
g3_mex,adult,mexican,1,final,2025-07,17,13,5,0.689535,0.156655
g3_mex,adult,mexican,1,final,2025-08,16,11,0,1,0
g3_mex,adult,mexican,1,final,2025-09,16,15,3,0.779966,0.151748
g3_mex,adult,mexican,1,final,2025-11,11,10,1,0.915515,0.0868656
g3_mex,adult,mexican,1,final,2025-12,15,12,3,0.783868,0.187578
g3_mex,adult,mexican,1,final,2026-01,13,9,4,0.821503,0.116009
g3_mex,adult,mexican,1,final,2026-02,21,17,3,0.840435,0.0911889
g3_mex,adult,mexican,1,final,2026-03,13,10,3,0.93652,0.0607319
g3_mex,adult,mexican,1,final,2026-04,14,11,1,0.926707,0.0754231
g3_mex,adult,mexican,1,final,2026-05,22,15,3,0.939574,0.0585898
g3_mex,adult,mexican,1,final,2026-06,13,10,4,0.539831,0.242664
g3_mex,adult,mexican,1,final,2026-07,20,13,3,0.852549,0.108928
g3_mex,adult,mexican,1,final,2026-08,17,14,1,0.949108,0.0531241
g3_mex,adult,mexican,5,unweighted,2019-01,24,19,3,0.875,0.071392
g3_mex,adult,mexican,5,unweighted,2019-02,14,10,1,0.928571,0.0745201
g3_mex,adult,mexican,5,unweighted,2019-03,18,13,2,0.888889,0.0802469
g3_mex,adult,mexican,5,unweighted,2019-04,27,18,1,0.962963,0.0379274
g3_mex,adult,mexican,5,unweighted,2019-05,12,11,1,0.916667,0.0843114
g3_mex,adult,mexican,5,unweighted,2019-06,19,14,6,0.684211,0.142172
g3_mex,adult,mexican,5,unweighted,2019-07,7,6,6,0.142857,0.148293
g3_mex,adult,mexican,5,unweighted,2019-08,16,11,1,0.9375,0.0655506
g3_mex,adult,mexican,5,unweighted,2019-09,14,12,2,0.857143,0.0999792
g3_mex,adult,mexican,5,unweighted,2019-10,22,17,3,0.863636,0.0785973
g3_mex,adult,mexican,5,unweighted,2019-11,16,12,4,0.75,0.140388
g3_mex,adult,mexican,5,unweighted,2019-12,15,11,3,0.8,0.138436
g3_mex,adult,mexican,5,unweighted,2020-01,14,13,1,0.928571,0.0720334
g3_mex,adult,mexican,5,unweighted,2020-02,18,14,2,0.888889,0.0789767
g3_mex,adult,mexican,5,unweighted,2020-03,19,16,2,0.894737,0.0740533
g3_mex,adult,mexican,5,unweighted,2020-04,6,6,0,1,0
g3_mex,adult,mexican,5,unweighted,2020-05,19,12,4,0.789474,0.126446
g3_mex,adult,mexican,5,unweighted,2020-06,9,8,3,0.666667,0.201892
g3_mex,adult,mexican,5,unweighted,2020-07,9,6,2,0.777778,0.144397
g3_mex,adult,mexican,5,unweighted,2020-08,14,11,3,0.785714,0.123655
g3_mex,adult,mexican,5,unweighted,2020-09,18,13,3,0.833333,0.118033
g3_mex,adult,mexican,5,unweighted,2020-10,15,11,2,0.866667,0.0957569
g3_mex,adult,mexican,5,unweighted,2020-11,21,17,2,0.904762,0.0673387
g3_mex,adult,mexican,5,unweighted,2020-12,9,7,2,0.777778,0.20311
g3_mex,adult,mexican,5,unweighted,2021-01,17,12,4,0.764706,0.1203
g3_mex,adult,mexican,5,unweighted,2021-02,18,11,2,0.888889,0.10987
g3_mex,adult,mexican,5,unweighted,2021-03,22,14,4,0.818182,0.10238
g3_mex,adult,mexican,5,unweighted,2021-04,30,20,6,0.8,0.111555
g3_mex,adult,mexican,5,unweighted,2021-05,15,11,6,0.6,0.17127
g3_mex,adult,mexican,5,unweighted,2021-06,11,11,2,0.818182,0.121967
g3_mex,adult,mexican,5,unweighted,2021-07,9,8,1,0.888889,0.113534
g3_mex,adult,mexican,5,unweighted,2021-08,17,13,2,0.882353,0.0844626
g3_mex,adult,mexican,5,unweighted,2021-09,14,11,0,1,0
g3_mex,adult,mexican,5,unweighted,2021-10,20,16,6,0.7,0.123504
g3_mex,adult,mexican,5,unweighted,2021-11,10,7,0,1,0
g3_mex,adult,mexican,5,unweighted,2021-12,24,16,3,0.875,0.0701355
g3_mex,adult,mexican,5,unweighted,2022-01,22,19,4,0.818182,0.0878308
g3_mex,adult,mexican,5,unweighted,2022-02,9,9,0,1,0
g3_mex,adult,mexican,5,unweighted,2022-03,7,7,1,0.857143,0.142857
g3_mex,adult,mexican,5,unweighted,2022-04,12,11,1,0.916667,0.0843114
g3_mex,adult,mexican,5,unweighted,2022-05,7,6,0,1,0
g3_mex,adult,mexican,5,unweighted,2022-06,13,12,2,0.846154,0.10597
g3_mex,adult,mexican,5,unweighted,2022-07,21,12,1,0.952381,0.0450619
g3_mex,adult,mexican,5,unweighted,2022-08,10,10,4,0.6,0.163299
g3_mex,adult,mexican,5,unweighted,2022-09,13,8,1,0.923077,0.0829609
g3_mex,adult,mexican,5,unweighted,2022-10,8,7,3,0.625,0.220048
g3_mex,adult,mexican,5,unweighted,2022-11,13,10,0,1,0
g3_mex,adult,mexican,5,unweighted,2022-12,18,14,3,0.833333,0.116896
g3_mex,adult,mexican,5,unweighted,2023-01,9,7,0,1,0
g3_mex,adult,mexican,5,unweighted,2023-02,11,10,0,1,0
g3_mex,adult,mexican,5,unweighted,2023-03,11,9,2,0.818182,0.128232
g3_mex,adult,mexican,5,unweighted,2023-04,23,16,4,0.826087,0.100731
g3_mex,adult,mexican,5,unweighted,2023-05,9,7,2,0.777778,0.20311
g3_mex,adult,mexican,5,unweighted,2023-06,19,13,1,0.947368,0.0545526
g3_mex,adult,mexican,5,unweighted,2023-07,12,11,2,0.833333,0.114699
g3_mex,adult,mexican,5,unweighted,2023-08,12,11,4,0.666667,0.148553
g3_mex,adult,mexican,5,unweighted,2023-09,13,10,1,0.923077,0.079387
g3_mex,adult,mexican,5,unweighted,2023-10,22,16,4,0.818182,0.105751
g3_mex,adult,mexican,5,unweighted,2023-11,8,7,3,0.625,0.220048
g3_mex,adult,mexican,5,unweighted,2023-12,5,3,0,1,0
g3_mex,adult,mexican,5,unweighted,2024-01,14,12,3,0.785714,0.118919
g3_mex,adult,mexican,5,unweighted,2024-02,17,14,4,0.764706,0.157751
g3_mex,adult,mexican,5,unweighted,2024-03,17,14,3,0.823529,0.0995119
g3_mex,adult,mexican,5,unweighted,2024-04,24,19,2,0.916667,0.0592656
g3_mex,adult,mexican,5,unweighted,2024-05,16,14,2,0.875,0.0873195
g3_mex,adult,mexican,5,unweighted,2024-06,20,16,7,0.65,0.130384
g3_mex,adult,mexican,5,unweighted,2024-07,16,12,0,1,0
g3_mex,adult,mexican,5,unweighted,2024-08,13,9,2,0.846154,0.111919
g3_mex,adult,mexican,5,unweighted,2024-09,11,9,1,0.909091,0.0944104
g3_mex,adult,mexican,5,unweighted,2024-10,17,13,2,0.882353,0.0838461
g3_mex,adult,mexican,5,unweighted,2024-11,14,11,1,0.928571,0.0676862
g3_mex,adult,mexican,5,unweighted,2024-12,17,12,4,0.764706,0.132789
g3_mex,adult,mexican,5,unweighted,2025-01,11,9,1,0.909091,0.093593
g3_mex,adult,mexican,5,unweighted,2025-02,18,12,1,0.944444,0.0578465
g3_mex,adult,mexican,5,unweighted,2025-03,16,14,1,0.9375,0.0633209
g3_mex,adult,mexican,5,unweighted,2025-04,10,10,2,0.8,0.133333
g3_mex,adult,mexican,5,unweighted,2025-05,7,7,2,0.714286,0.184428
g3_mex,adult,mexican,5,unweighted,2025-06,22,17,1,0.954545,0.046269
g3_mex,adult,mexican,5,unweighted,2025-07,17,13,1,0.941176,0.0602646
g3_mex,adult,mexican,5,unweighted,2025-08,10,8,1,0.9,0.103648
g3_mex,adult,mexican,5,unweighted,2025-09,25,20,3,0.88,0.0684751
g3_mex,adult,mexican,5,unweighted,2025-11,20,15,5,0.75,0.121376
g3_mex,adult,mexican,5,unweighted,2025-12,20,13,1,0.95,0.0520416
g3_mex,adult,mexican,5,unweighted,2026-01,10,8,1,0.9,0.103648
g3_mex,adult,mexican,5,unweighted,2026-02,18,12,3,0.833333,0.118445
g3_mex,adult,mexican,5,unweighted,2026-03,17,13,3,0.823529,0.123611
g3_mex,adult,mexican,5,unweighted,2026-04,27,18,6,0.777778,0.106959
g3_mex,adult,mexican,5,unweighted,2026-05,12,8,4,0.666667,0.214139
g3_mex,adult,mexican,5,unweighted,2026-06,17,12,3,0.823529,0.0911434
g3_mex,adult,mexican,5,unweighted,2026-07,17,13,5,0.705882,0.137519
g3_mex,adult,mexican,5,unweighted,2026-08,10,9,0,1,0
g3_mex,adult,mexican,5,state_mean,2019-01,24,19,3,0.852924,0.0833011
g3_mex,adult,mexican,5,state_mean,2019-02,14,10,1,0.929221,0.0740333
g3_mex,adult,mexican,5,state_mean,2019-03,18,13,2,0.916312,0.0667661
g3_mex,adult,mexican,5,state_mean,2019-04,27,18,1,0.962792,0.038169
g3_mex,adult,mexican,5,state_mean,2019-05,12,11,1,0.903396,0.0968606
g3_mex,adult,mexican,5,state_mean,2019-06,19,14,6,0.64535,0.15544
g3_mex,adult,mexican,5,state_mean,2019-07,7,6,6,0.179501,0.178002
g3_mex,adult,mexican,5,state_mean,2019-08,16,11,1,0.965263,0.0377835
g3_mex,adult,mexican,5,state_mean,2019-09,14,12,2,0.858689,0.0999367
g3_mex,adult,mexican,5,state_mean,2019-10,22,17,3,0.858974,0.0899649
g3_mex,adult,mexican,5,state_mean,2019-11,16,12,4,0.77555,0.141776
g3_mex,adult,mexican,5,state_mean,2019-12,15,11,3,0.692459,0.187938
g3_mex,adult,mexican,5,state_mean,2020-01,14,13,1,0.920472,0.0795716
g3_mex,adult,mexican,5,state_mean,2020-02,18,14,2,0.886443,0.0807596
g3_mex,adult,mexican,5,state_mean,2020-03,19,16,2,0.935357,0.0549512
g3_mex,adult,mexican,5,state_mean,2020-04,6,6,0,1,0
g3_mex,adult,mexican,5,state_mean,2020-05,19,12,4,0.770557,0.13906
g3_mex,adult,mexican,5,state_mean,2020-06,9,8,3,0.69195,0.192736
g3_mex,adult,mexican,5,state_mean,2020-07,9,6,2,0.660013,0.179476
g3_mex,adult,mexican,5,state_mean,2020-08,14,11,3,0.774412,0.134078
g3_mex,adult,mexican,5,state_mean,2020-09,18,13,3,0.795698,0.141244
g3_mex,adult,mexican,5,state_mean,2020-10,15,11,2,0.902619,0.0756846
g3_mex,adult,mexican,5,state_mean,2020-11,21,17,2,0.901952,0.0694704
g3_mex,adult,mexican,5,state_mean,2020-12,9,7,2,0.717074,0.24482
g3_mex,adult,mexican,5,state_mean,2021-01,17,12,4,0.822448,0.106202
g3_mex,adult,mexican,5,state_mean,2021-02,18,11,2,0.875017,0.122238
g3_mex,adult,mexican,5,state_mean,2021-03,22,14,4,0.891974,0.0634165
g3_mex,adult,mexican,5,state_mean,2021-04,30,20,6,0.80413,0.123122
g3_mex,adult,mexican,5,state_mean,2021-05,15,11,6,0.573701,0.174588
g3_mex,adult,mexican,5,state_mean,2021-06,11,11,2,0.803043,0.130282
g3_mex,adult,mexican,5,state_mean,2021-07,9,8,1,0.887958,0.114552
g3_mex,adult,mexican,5,state_mean,2021-08,17,13,2,0.85969,0.0980429
g3_mex,adult,mexican,5,state_mean,2021-09,14,11,0,1,0
g3_mex,adult,mexican,5,state_mean,2021-10,20,16,6,0.728858,0.12192
g3_mex,adult,mexican,5,state_mean,2021-11,10,7,0,1,0
g3_mex,adult,mexican,5,state_mean,2021-12,24,16,3,0.931297,0.0501097
g3_mex,adult,mexican,5,state_mean,2022-01,22,19,4,0.809337,0.0927469
g3_mex,adult,mexican,5,state_mean,2022-02,9,9,0,1,0
g3_mex,adult,mexican,5,state_mean,2022-03,7,7,1,0.876492,0.12641
g3_mex,adult,mexican,5,state_mean,2022-04,12,11,1,0.992356,0.00839323
g3_mex,adult,mexican,5,state_mean,2022-05,7,6,0,1,0
g3_mex,adult,mexican,5,state_mean,2022-06,13,12,2,0.853429,0.10312
g3_mex,adult,mexican,5,state_mean,2022-07,21,12,1,0.94625,0.0501387
g3_mex,adult,mexican,5,state_mean,2022-08,10,10,4,0.640803,0.166381
g3_mex,adult,mexican,5,state_mean,2022-09,13,8,1,0.913021,0.0930601
g3_mex,adult,mexican,5,state_mean,2022-10,8,7,3,0.652623,0.216149
g3_mex,adult,mexican,5,state_mean,2022-11,13,10,0,1,0
g3_mex,adult,mexican,5,state_mean,2022-12,18,14,3,0.890374,0.0803149
g3_mex,adult,mexican,5,state_mean,2023-01,9,7,0,1,0
g3_mex,adult,mexican,5,state_mean,2023-02,11,10,0,1,0
g3_mex,adult,mexican,5,state_mean,2023-03,11,9,2,0.801647,0.139169
g3_mex,adult,mexican,5,state_mean,2023-04,23,16,4,0.800689,0.114335
g3_mex,adult,mexican,5,state_mean,2023-05,9,7,2,0.767541,0.209444
g3_mex,adult,mexican,5,state_mean,2023-06,19,13,1,0.935821,0.065721
g3_mex,adult,mexican,5,state_mean,2023-07,12,11,2,0.821167,0.123555
g3_mex,adult,mexican,5,state_mean,2023-08,12,11,4,0.726132,0.140218
g3_mex,adult,mexican,5,state_mean,2023-09,13,10,1,0.904856,0.0973472
g3_mex,adult,mexican,5,state_mean,2023-10,22,16,4,0.817554,0.104724
g3_mex,adult,mexican,5,state_mean,2023-11,8,7,3,0.663038,0.22956
g3_mex,adult,mexican,5,state_mean,2023-12,5,3,0,1,0
g3_mex,adult,mexican,5,state_mean,2024-01,14,12,3,0.787675,0.121304
g3_mex,adult,mexican,5,state_mean,2024-02,17,14,4,0.696895,0.185168
g3_mex,adult,mexican,5,state_mean,2024-03,17,14,3,0.85221,0.0915787
g3_mex,adult,mexican,5,state_mean,2024-04,24,19,2,0.905743,0.0665553
g3_mex,adult,mexican,5,state_mean,2024-05,16,14,2,0.907501,0.0774405
g3_mex,adult,mexican,5,state_mean,2024-06,20,16,7,0.691651,0.127589
g3_mex,adult,mexican,5,state_mean,2024-07,16,12,0,1,0
g3_mex,adult,mexican,5,state_mean,2024-08,13,9,2,0.867197,0.105579
g3_mex,adult,mexican,5,state_mean,2024-09,11,9,1,0.88095,0.123931
g3_mex,adult,mexican,5,state_mean,2024-10,17,13,2,0.915114,0.0719414
g3_mex,adult,mexican,5,state_mean,2024-11,14,11,1,0.917428,0.0769902
g3_mex,adult,mexican,5,state_mean,2024-12,17,12,4,0.767878,0.130452
g3_mex,adult,mexican,5,state_mean,2025-01,11,9,1,0.955339,0.0484089
g3_mex,adult,mexican,5,state_mean,2025-02,18,12,1,0.959623,0.0430694
g3_mex,adult,mexican,5,state_mean,2025-03,16,14,1,0.931529,0.068877
g3_mex,adult,mexican,5,state_mean,2025-04,10,10,2,0.862086,0.108
g3_mex,adult,mexican,5,state_mean,2025-05,7,7,2,0.676048,0.199514
g3_mex,adult,mexican,5,state_mean,2025-06,22,17,1,0.991475,0.009013
g3_mex,adult,mexican,5,state_mean,2025-07,17,13,1,0.939522,0.0619921
g3_mex,adult,mexican,5,state_mean,2025-08,10,8,1,0.896815,0.107123
g3_mex,adult,mexican,5,state_mean,2025-09,25,20,3,0.905913,0.0636684
g3_mex,adult,mexican,5,state_mean,2025-11,20,15,5,0.779992,0.116474
g3_mex,adult,mexican,5,state_mean,2025-12,20,13,1,0.983253,0.0180522
g3_mex,adult,mexican,5,state_mean,2026-01,10,8,1,0.972888,0.0309393
g3_mex,adult,mexican,5,state_mean,2026-02,18,12,3,0.813406,0.132265
g3_mex,adult,mexican,5,state_mean,2026-03,17,13,3,0.813354,0.130789
g3_mex,adult,mexican,5,state_mean,2026-04,27,18,6,0.768262,0.114303
g3_mex,adult,mexican,5,state_mean,2026-05,12,8,4,0.673725,0.212902
g3_mex,adult,mexican,5,state_mean,2026-06,17,12,3,0.783012,0.105954
g3_mex,adult,mexican,5,state_mean,2026-07,17,13,5,0.656469,0.147736
g3_mex,adult,mexican,5,state_mean,2026-08,10,9,0,1,0
g3_mex,adult,mexican,5,final,2019-01,24,19,3,0.824865,0.0961232
g3_mex,adult,mexican,5,final,2019-02,14,10,1,0.867726,0.129052
g3_mex,adult,mexican,5,final,2019-03,18,13,2,0.870124,0.10734
g3_mex,adult,mexican,5,final,2019-04,27,18,1,0.966243,0.034778
g3_mex,adult,mexican,5,final,2019-05,12,11,1,0.896906,0.102742
g3_mex,adult,mexican,5,final,2019-06,19,14,6,0.641173,0.157295
g3_mex,adult,mexican,5,final,2019-07,7,6,6,0.187345,0.183764
g3_mex,adult,mexican,5,final,2019-08,16,11,1,0.969283,0.0338768
g3_mex,adult,mexican,5,final,2019-09,14,12,2,0.847304,0.106654
g3_mex,adult,mexican,5,final,2019-10,22,17,3,0.84541,0.0977657
g3_mex,adult,mexican,5,final,2019-11,16,12,4,0.770117,0.144271
g3_mex,adult,mexican,5,final,2019-12,15,11,3,0.67145,0.191452
g3_mex,adult,mexican,5,final,2020-01,14,13,1,0.920585,0.0794377
g3_mex,adult,mexican,5,final,2020-02,18,14,2,0.894626,0.0754264
g3_mex,adult,mexican,5,final,2020-03,19,16,2,0.937023,0.0542652
g3_mex,adult,mexican,5,final,2020-04,6,6,0,1,0
g3_mex,adult,mexican,5,final,2020-05,19,12,4,0.79027,0.130308
g3_mex,adult,mexican,5,final,2020-06,9,8,3,0.723355,0.184624
g3_mex,adult,mexican,5,final,2020-07,9,6,2,0.641425,0.182312
g3_mex,adult,mexican,5,final,2020-08,14,11,3,0.813912,0.121577
g3_mex,adult,mexican,5,final,2020-09,18,13,3,0.81009,0.132493
g3_mex,adult,mexican,5,final,2020-10,15,11,2,0.894397,0.0818679
g3_mex,adult,mexican,5,final,2020-11,21,17,2,0.895111,0.0738097
g3_mex,adult,mexican,5,final,2020-12,9,7,2,0.695161,0.255315
g3_mex,adult,mexican,5,final,2021-01,17,12,4,0.814929,0.113551
g3_mex,adult,mexican,5,final,2021-02,18,11,2,0.894912,0.105614
g3_mex,adult,mexican,5,final,2021-03,22,14,4,0.896967,0.0621798
g3_mex,adult,mexican,5,final,2021-04,30,20,6,0.798857,0.127875
g3_mex,adult,mexican,5,final,2021-05,15,11,6,0.57049,0.182599
g3_mex,adult,mexican,5,final,2021-06,11,11,2,0.817581,0.123293
g3_mex,adult,mexican,5,final,2021-07,9,8,1,0.898258,0.105376
g3_mex,adult,mexican,5,final,2021-08,17,13,2,0.878092,0.0873047
g3_mex,adult,mexican,5,final,2021-09,14,11,0,1,0
g3_mex,adult,mexican,5,final,2021-10,20,16,6,0.706296,0.129036
g3_mex,adult,mexican,5,final,2021-11,10,7,0,1,0
g3_mex,adult,mexican,5,final,2021-12,24,16,3,0.9205,0.0630144
g3_mex,adult,mexican,5,final,2022-01,22,19,4,0.80149,0.0975313
g3_mex,adult,mexican,5,final,2022-02,9,9,0,1,0
g3_mex,adult,mexican,5,final,2022-03,7,7,1,0.851522,0.14807
g3_mex,adult,mexican,5,final,2022-04,12,11,1,0.991952,0.00882904
g3_mex,adult,mexican,5,final,2022-05,7,6,0,1,0
g3_mex,adult,mexican,5,final,2022-06,13,12,2,0.845761,0.107707
g3_mex,adult,mexican,5,final,2022-07,21,12,1,0.94444,0.0504253
g3_mex,adult,mexican,5,final,2022-08,10,10,4,0.617845,0.172869
g3_mex,adult,mexican,5,final,2022-09,13,8,1,0.915237,0.0910285
g3_mex,adult,mexican,5,final,2022-10,8,7,3,0.679334,0.207181
g3_mex,adult,mexican,5,final,2022-11,13,10,0,1,0
g3_mex,adult,mexican,5,final,2022-12,18,14,3,0.897778,0.0758249
g3_mex,adult,mexican,5,final,2023-01,9,7,0,1,0
g3_mex,adult,mexican,5,final,2023-02,11,10,0,1,0
g3_mex,adult,mexican,5,final,2023-03,11,9,2,0.780279,0.151468
g3_mex,adult,mexican,5,final,2023-04,23,16,4,0.768294,0.139682
g3_mex,adult,mexican,5,final,2023-05,9,7,2,0.780972,0.200445
g3_mex,adult,mexican,5,final,2023-06,19,13,1,0.944527,0.0572875
g3_mex,adult,mexican,5,final,2023-07,12,11,2,0.804865,0.132386
g3_mex,adult,mexican,5,final,2023-08,12,11,4,0.718317,0.149994
g3_mex,adult,mexican,5,final,2023-09,13,10,1,0.895796,0.105754
g3_mex,adult,mexican,5,final,2023-10,22,16,4,0.811366,0.107929
g3_mex,adult,mexican,5,final,2023-11,8,7,3,0.635473,0.240759
g3_mex,adult,mexican,5,final,2023-12,5,3,0,1,0
g3_mex,adult,mexican,5,final,2024-01,14,12,3,0.76762,0.132934
g3_mex,adult,mexican,5,final,2024-02,17,14,4,0.680239,0.191829
g3_mex,adult,mexican,5,final,2024-03,17,14,3,0.82263,0.110046
g3_mex,adult,mexican,5,final,2024-04,24,19,2,0.911852,0.0638957
g3_mex,adult,mexican,5,final,2024-05,16,14,2,0.91002,0.0725269
g3_mex,adult,mexican,5,final,2024-06,20,16,7,0.684923,0.13138
g3_mex,adult,mexican,5,final,2024-07,16,12,0,1,0
g3_mex,adult,mexican,5,final,2024-08,13,9,2,0.882623,0.0996115
g3_mex,adult,mexican,5,final,2024-09,11,9,1,0.894629,0.111363
g3_mex,adult,mexican,5,final,2024-10,17,13,2,0.932512,0.0582893
g3_mex,adult,mexican,5,final,2024-11,14,11,1,0.923544,0.0718357
g3_mex,adult,mexican,5,final,2024-12,17,12,4,0.754972,0.144217
g3_mex,adult,mexican,5,final,2025-01,11,9,1,0.943822,0.0603496
g3_mex,adult,mexican,5,final,2025-02,18,12,1,0.961905,0.0407281
g3_mex,adult,mexican,5,final,2025-03,16,14,1,0.952109,0.0493715
g3_mex,adult,mexican,5,final,2025-04,10,10,2,0.86441,0.107262
g3_mex,adult,mexican,5,final,2025-05,7,7,2,0.65401,0.206565
g3_mex,adult,mexican,5,final,2025-06,22,17,1,0.989202,0.0114
g3_mex,adult,mexican,5,final,2025-07,17,13,1,0.917487,0.0829335
g3_mex,adult,mexican,5,final,2025-08,10,8,1,0.927412,0.0778919
g3_mex,adult,mexican,5,final,2025-09,25,20,3,0.888482,0.0746597
g3_mex,adult,mexican,5,final,2025-11,20,15,5,0.758652,0.137159
g3_mex,adult,mexican,5,final,2025-12,20,13,1,0.984713,0.0165353
g3_mex,adult,mexican,5,final,2026-01,10,8,1,0.97109,0.0327575
g3_mex,adult,mexican,5,final,2026-02,18,12,3,0.642652,0.233953
g3_mex,adult,mexican,5,final,2026-03,17,13,3,0.859057,0.108665
g3_mex,adult,mexican,5,final,2026-04,27,18,6,0.779064,0.112195
g3_mex,adult,mexican,5,final,2026-05,12,8,4,0.635384,0.233008
g3_mex,adult,mexican,5,final,2026-06,17,12,3,0.772519,0.116832
g3_mex,adult,mexican,5,final,2026-07,17,13,5,0.630886,0.161217
g3_mex,adult,mexican,5,final,2026-08,10,9,0,1,0
g3_mex,adult,mexican,1+5,unweighted,2019-01,36,29,3,0.916667,0.0477011
g3_mex,adult,mexican,1+5,unweighted,2019-02,30,22,2,0.933333,0.0476021
g3_mex,adult,mexican,1+5,unweighted,2019-03,33,25,4,0.878788,0.0601276
g3_mex,adult,mexican,1+5,unweighted,2019-04,42,30,4,0.904762,0.0566581
g3_mex,adult,mexican,1+5,unweighted,2019-05,28,22,3,0.892857,0.0615954
g3_mex,adult,mexican,1+5,unweighted,2019-06,30,24,8,0.733333,0.1006
g3_mex,adult,mexican,1+5,unweighted,2019-07,19,17,6,0.684211,0.124199
g3_mex,adult,mexican,1+5,unweighted,2019-08,27,20,3,0.888889,0.0651359
g3_mex,adult,mexican,1+5,unweighted,2019-09,31,26,5,0.83871,0.0698292
g3_mex,adult,mexican,1+5,unweighted,2019-10,35,27,4,0.885714,0.0565921
g3_mex,adult,mexican,1+5,unweighted,2019-11,31,24,6,0.806452,0.0850636
g3_mex,adult,mexican,1+5,unweighted,2019-12,28,21,6,0.785714,0.101173
g3_mex,adult,mexican,1+5,unweighted,2020-01,29,23,4,0.862069,0.0804074
g3_mex,adult,mexican,1+5,unweighted,2020-02,44,29,7,0.840909,0.0809603
g3_mex,adult,mexican,1+5,unweighted,2020-03,33,27,2,0.939394,0.0429026
g3_mex,adult,mexican,1+5,unweighted,2020-04,15,13,1,0.933333,0.0676714
g3_mex,adult,mexican,1+5,unweighted,2020-05,31,21,6,0.806452,0.0954544
g3_mex,adult,mexican,1+5,unweighted,2020-06,19,17,4,0.789474,0.114996
g3_mex,adult,mexican,1+5,unweighted,2020-07,13,10,3,0.769231,0.119325
g3_mex,adult,mexican,1+5,unweighted,2020-08,29,22,5,0.827586,0.076296
g3_mex,adult,mexican,1+5,unweighted,2020-09,30,21,3,0.9,0.0724569
g3_mex,adult,mexican,1+5,unweighted,2020-10,36,28,7,0.805556,0.0711106
g3_mex,adult,mexican,1+5,unweighted,2020-11,30,24,2,0.933333,0.0471814
g3_mex,adult,mexican,1+5,unweighted,2020-12,26,19,3,0.884615,0.0831888
g3_mex,adult,mexican,1+5,unweighted,2021-01,37,27,5,0.864865,0.0610206
g3_mex,adult,mexican,1+5,unweighted,2021-02,27,19,2,0.925926,0.0728503
g3_mex,adult,mexican,1+5,unweighted,2021-03,34,24,4,0.882353,0.067852
g3_mex,adult,mexican,1+5,unweighted,2021-04,40,28,7,0.825,0.0880262
g3_mex,adult,mexican,1+5,unweighted,2021-05,32,23,7,0.78125,0.0946322
g3_mex,adult,mexican,1+5,unweighted,2021-06,25,22,3,0.88,0.0676015
g3_mex,adult,mexican,1+5,unweighted,2021-07,33,27,5,0.848485,0.083467
g3_mex,adult,mexican,1+5,unweighted,2021-08,22,18,3,0.863636,0.077941
g3_mex,adult,mexican,1+5,unweighted,2021-09,28,22,1,0.964286,0.0362269
g3_mex,adult,mexican,1+5,unweighted,2021-10,32,26,8,0.75,0.0887192
g3_mex,adult,mexican,1+5,unweighted,2021-11,19,14,1,0.947368,0.0539332
g3_mex,adult,mexican,1+5,unweighted,2021-12,40,25,5,0.875,0.0634691
g3_mex,adult,mexican,1+5,unweighted,2022-01,30,25,4,0.866667,0.065263
g3_mex,adult,mexican,1+5,unweighted,2022-02,19,18,2,0.894737,0.099723
g3_mex,adult,mexican,1+5,unweighted,2022-03,18,18,4,0.777778,0.100832
g3_mex,adult,mexican,1+5,unweighted,2022-04,27,25,5,0.814815,0.0775722
g3_mex,adult,mexican,1+5,unweighted,2022-05,19,16,2,0.894737,0.0697269
g3_mex,adult,mexican,1+5,unweighted,2022-06,29,25,4,0.862069,0.0790785
g3_mex,adult,mexican,1+5,unweighted,2022-07,35,23,5,0.857143,0.0861373
g3_mex,adult,mexican,1+5,unweighted,2022-08,20,18,7,0.65,0.115504
g3_mex,adult,mexican,1+5,unweighted,2022-09,31,18,2,0.935484,0.0455541
g3_mex,adult,mexican,1+5,unweighted,2022-10,27,21,6,0.777778,0.105168
g3_mex,adult,mexican,1+5,unweighted,2022-11,22,19,1,0.954545,0.0459217
g3_mex,adult,mexican,1+5,unweighted,2022-12,26,20,3,0.884615,0.0825729
g3_mex,adult,mexican,1+5,unweighted,2023-01,22,17,2,0.909091,0.0645971
g3_mex,adult,mexican,1+5,unweighted,2023-02,19,16,0,1,0
g3_mex,adult,mexican,1+5,unweighted,2023-03,26,21,3,0.884615,0.0657943
g3_mex,adult,mexican,1+5,unweighted,2023-04,49,37,7,0.857143,0.0582199
g3_mex,adult,mexican,1+5,unweighted,2023-05,23,20,4,0.826087,0.0976306
g3_mex,adult,mexican,1+5,unweighted,2023-06,41,29,7,0.829268,0.0704469
g3_mex,adult,mexican,1+5,unweighted,2023-07,27,23,2,0.925926,0.052141
g3_mex,adult,mexican,1+5,unweighted,2023-08,26,21,6,0.769231,0.0903409
g3_mex,adult,mexican,1+5,unweighted,2023-09,32,26,5,0.84375,0.0680574
g3_mex,adult,mexican,1+5,unweighted,2023-10,36,27,6,0.833333,0.0748931
g3_mex,adult,mexican,1+5,unweighted,2023-11,14,13,3,0.785714,0.1409
g3_mex,adult,mexican,1+5,unweighted,2023-12,26,18,4,0.846154,0.0902074
g3_mex,adult,mexican,1+5,unweighted,2024-01,26,22,5,0.807692,0.0928676
g3_mex,adult,mexican,1+5,unweighted,2024-02,39,26,8,0.794872,0.112693
g3_mex,adult,mexican,1+5,unweighted,2024-03,34,26,4,0.882353,0.0583042
g3_mex,adult,mexican,1+5,unweighted,2024-04,43,35,3,0.930233,0.0400309
g3_mex,adult,mexican,1+5,unweighted,2024-05,24,22,4,0.833333,0.0791498
g3_mex,adult,mexican,1+5,unweighted,2024-06,35,29,8,0.771429,0.0821839
g3_mex,adult,mexican,1+5,unweighted,2024-07,36,27,2,0.944444,0.0395972
g3_mex,adult,mexican,1+5,unweighted,2024-08,25,19,3,0.88,0.0689239
g3_mex,adult,mexican,1+5,unweighted,2024-09,36,27,3,0.916667,0.048228
g3_mex,adult,mexican,1+5,unweighted,2024-10,32,24,4,0.875,0.062074
g3_mex,adult,mexican,1+5,unweighted,2024-11,29,23,4,0.862069,0.0779431
g3_mex,adult,mexican,1+5,unweighted,2024-12,30,21,5,0.833333,0.0840525
g3_mex,adult,mexican,1+5,unweighted,2025-01,23,17,2,0.913043,0.0564067
g3_mex,adult,mexican,1+5,unweighted,2025-02,32,23,1,0.96875,0.0317959
g3_mex,adult,mexican,1+5,unweighted,2025-03,36,28,3,0.916667,0.0480795
g3_mex,adult,mexican,1+5,unweighted,2025-04,35,28,7,0.8,0.0912697
g3_mex,adult,mexican,1+5,unweighted,2025-05,21,16,9,0.571429,0.143299
g3_mex,adult,mexican,1+5,unweighted,2025-06,33,26,1,0.969697,0.0306324
g3_mex,adult,mexican,1+5,unweighted,2025-07,34,26,6,0.823529,0.0849831
g3_mex,adult,mexican,1+5,unweighted,2025-08,26,19,1,0.961538,0.0392221
g3_mex,adult,mexican,1+5,unweighted,2025-09,41,35,6,0.853659,0.0645
g3_mex,adult,mexican,1+5,unweighted,2025-11,31,25,6,0.806452,0.0845107
g3_mex,adult,mexican,1+5,unweighted,2025-12,35,25,4,0.885714,0.0852026
g3_mex,adult,mexican,1+5,unweighted,2026-01,23,17,5,0.782609,0.106155
g3_mex,adult,mexican,1+5,unweighted,2026-02,39,29,6,0.846154,0.0687188
g3_mex,adult,mexican,1+5,unweighted,2026-03,30,23,6,0.8,0.095431
g3_mex,adult,mexican,1+5,unweighted,2026-04,41,29,7,0.829268,0.0752761
g3_mex,adult,mexican,1+5,unweighted,2026-05,34,23,7,0.794118,0.101767
g3_mex,adult,mexican,1+5,unweighted,2026-06,30,22,7,0.766667,0.101388
g3_mex,adult,mexican,1+5,unweighted,2026-07,37,26,8,0.783784,0.0856762
g3_mex,adult,mexican,1+5,unweighted,2026-08,27,23,1,0.962963,0.0373727
g3_mex,adult,mexican,1+5,state_mean,2019-01,36,29,3,0.904402,0.0545477
g3_mex,adult,mexican,1+5,state_mean,2019-02,30,22,2,0.934975,0.0465622
g3_mex,adult,mexican,1+5,state_mean,2019-03,33,25,4,0.894376,0.0557543
g3_mex,adult,mexican,1+5,state_mean,2019-04,42,30,4,0.898842,0.0607104
g3_mex,adult,mexican,1+5,state_mean,2019-05,28,22,3,0.879059,0.0691293
g3_mex,adult,mexican,1+5,state_mean,2019-06,30,24,8,0.708407,0.107078
g3_mex,adult,mexican,1+5,state_mean,2019-07,19,17,6,0.693781,0.122862
g3_mex,adult,mexican,1+5,state_mean,2019-08,27,20,3,0.893122,0.0660749
g3_mex,adult,mexican,1+5,state_mean,2019-09,31,26,5,0.828806,0.0745399
g3_mex,adult,mexican,1+5,state_mean,2019-10,35,27,4,0.886395,0.0608862
g3_mex,adult,mexican,1+5,state_mean,2019-11,31,24,6,0.808334,0.0887533
g3_mex,adult,mexican,1+5,state_mean,2019-12,28,21,6,0.708981,0.124844
g3_mex,adult,mexican,1+5,state_mean,2020-01,29,23,4,0.860655,0.0808209
g3_mex,adult,mexican,1+5,state_mean,2020-02,44,29,7,0.8478,0.0760193
g3_mex,adult,mexican,1+5,state_mean,2020-03,33,27,2,0.963011,0.0312176
g3_mex,adult,mexican,1+5,state_mean,2020-04,15,13,1,0.934159,0.067441
g3_mex,adult,mexican,1+5,state_mean,2020-05,31,21,6,0.783673,0.106761
g3_mex,adult,mexican,1+5,state_mean,2020-06,19,17,4,0.804099,0.111039
g3_mex,adult,mexican,1+5,state_mean,2020-07,13,10,3,0.699296,0.137786
g3_mex,adult,mexican,1+5,state_mean,2020-08,29,22,5,0.802463,0.0872866
g3_mex,adult,mexican,1+5,state_mean,2020-09,30,21,3,0.88257,0.0843249
g3_mex,adult,mexican,1+5,state_mean,2020-10,36,28,7,0.805154,0.0728805
g3_mex,adult,mexican,1+5,state_mean,2020-11,30,24,2,0.930439,0.0493019
g3_mex,adult,mexican,1+5,state_mean,2020-12,26,19,3,0.885386,0.0986478
g3_mex,adult,mexican,1+5,state_mean,2021-01,37,27,5,0.889528,0.0556615
g3_mex,adult,mexican,1+5,state_mean,2021-02,27,19,2,0.914139,0.0836101
g3_mex,adult,mexican,1+5,state_mean,2021-03,34,24,4,0.932651,0.0398004
g3_mex,adult,mexican,1+5,state_mean,2021-04,40,28,7,0.851885,0.094626
g3_mex,adult,mexican,1+5,state_mean,2021-05,32,23,7,0.755253,0.104546
g3_mex,adult,mexican,1+5,state_mean,2021-06,25,22,3,0.863602,0.0758268
g3_mex,adult,mexican,1+5,state_mean,2021-07,33,27,5,0.870542,0.0819661
g3_mex,adult,mexican,1+5,state_mean,2021-08,22,18,3,0.829926,0.0937798
g3_mex,adult,mexican,1+5,state_mean,2021-09,28,22,1,0.956031,0.044446
g3_mex,adult,mexican,1+5,state_mean,2021-10,32,26,8,0.745939,0.0938292
g3_mex,adult,mexican,1+5,state_mean,2021-11,19,14,1,0.943596,0.0576778
g3_mex,adult,mexican,1+5,state_mean,2021-12,40,25,5,0.937231,0.037332
g3_mex,adult,mexican,1+5,state_mean,2022-01,30,25,4,0.859524,0.0688885
g3_mex,adult,mexican,1+5,state_mean,2022-02,19,18,2,0.912775,0.0845116
g3_mex,adult,mexican,1+5,state_mean,2022-03,18,18,4,0.773702,0.10314
g3_mex,adult,mexican,1+5,state_mean,2022-04,27,25,5,0.820369,0.0827479
g3_mex,adult,mexican,1+5,state_mean,2022-05,19,16,2,0.883616,0.0759686
g3_mex,adult,mexican,1+5,state_mean,2022-06,29,25,4,0.896817,0.05932
g3_mex,adult,mexican,1+5,state_mean,2022-07,35,23,5,0.852948,0.0868041
g3_mex,adult,mexican,1+5,state_mean,2022-08,20,18,7,0.703299,0.113809
g3_mex,adult,mexican,1+5,state_mean,2022-09,31,18,2,0.920666,0.0550093
g3_mex,adult,mexican,1+5,state_mean,2022-10,27,21,6,0.787263,0.102337
g3_mex,adult,mexican,1+5,state_mean,2022-11,22,19,1,0.955175,0.0455318
g3_mex,adult,mexican,1+5,state_mean,2022-12,26,20,3,0.925217,0.0540905
g3_mex,adult,mexican,1+5,state_mean,2023-01,22,17,2,0.921855,0.0599847
g3_mex,adult,mexican,1+5,state_mean,2023-02,19,16,0,1,0
g3_mex,adult,mexican,1+5,state_mean,2023-03,26,21,3,0.904318,0.0600482
g3_mex,adult,mexican,1+5,state_mean,2023-04,49,37,7,0.83669,0.0652496
g3_mex,adult,mexican,1+5,state_mean,2023-05,23,20,4,0.86132,0.097969
g3_mex,adult,mexican,1+5,state_mean,2023-06,41,29,7,0.820018,0.0767353
g3_mex,adult,mexican,1+5,state_mean,2023-07,27,23,2,0.92344,0.0540803
g3_mex,adult,mexican,1+5,state_mean,2023-08,26,21,6,0.791085,0.0881309
g3_mex,adult,mexican,1+5,state_mean,2023-09,32,26,5,0.859877,0.0681191
g3_mex,adult,mexican,1+5,state_mean,2023-10,36,27,6,0.837756,0.0768739
g3_mex,adult,mexican,1+5,state_mean,2023-11,14,13,3,0.819708,0.135405
g3_mex,adult,mexican,1+5,state_mean,2023-12,26,18,4,0.837094,0.0940214
g3_mex,adult,mexican,1+5,state_mean,2024-01,26,22,5,0.837391,0.0793837
g3_mex,adult,mexican,1+5,state_mean,2024-02,39,26,8,0.753606,0.127911
g3_mex,adult,mexican,1+5,state_mean,2024-03,34,26,4,0.895643,0.0550883
g3_mex,adult,mexican,1+5,state_mean,2024-04,43,35,3,0.922769,0.0441596
g3_mex,adult,mexican,1+5,state_mean,2024-05,24,22,4,0.863832,0.0747355
g3_mex,adult,mexican,1+5,state_mean,2024-06,35,29,8,0.820897,0.0726201
g3_mex,adult,mexican,1+5,state_mean,2024-07,36,27,2,0.95266,0.0351249
g3_mex,adult,mexican,1+5,state_mean,2024-08,25,19,3,0.896941,0.0631181
g3_mex,adult,mexican,1+5,state_mean,2024-09,36,27,3,0.938927,0.0418291
g3_mex,adult,mexican,1+5,state_mean,2024-10,32,24,4,0.889402,0.0599149
g3_mex,adult,mexican,1+5,state_mean,2024-11,29,23,4,0.873996,0.0752419
g3_mex,adult,mexican,1+5,state_mean,2024-12,30,21,5,0.82141,0.0873671
g3_mex,adult,mexican,1+5,state_mean,2025-01,23,17,2,0.929303,0.0482719
g3_mex,adult,mexican,1+5,state_mean,2025-02,32,23,1,0.978873,0.0217925
g3_mex,adult,mexican,1+5,state_mean,2025-03,36,28,3,0.908884,0.0524754
g3_mex,adult,mexican,1+5,state_mean,2025-04,35,28,7,0.803091,0.0955156
g3_mex,adult,mexican,1+5,state_mean,2025-05,21,16,9,0.645186,0.135751
g3_mex,adult,mexican,1+5,state_mean,2025-06,33,26,1,0.994345,0.00586855
g3_mex,adult,mexican,1+5,state_mean,2025-07,34,26,6,0.808269,0.0913554
g3_mex,adult,mexican,1+5,state_mean,2025-08,26,19,1,0.959749,0.0410702
g3_mex,adult,mexican,1+5,state_mean,2025-09,41,35,6,0.860468,0.067939
g3_mex,adult,mexican,1+5,state_mean,2025-11,31,25,6,0.823084,0.0818992
g3_mex,adult,mexican,1+5,state_mean,2025-12,35,25,4,0.887822,0.0972466
g3_mex,adult,mexican,1+5,state_mean,2026-01,23,17,5,0.872871,0.071966
g3_mex,adult,mexican,1+5,state_mean,2026-02,39,29,6,0.814504,0.0806708
g3_mex,adult,mexican,1+5,state_mean,2026-03,30,23,6,0.85179,0.0842075
g3_mex,adult,mexican,1+5,state_mean,2026-04,41,29,7,0.822201,0.0795059
g3_mex,adult,mexican,1+5,state_mean,2026-05,34,23,7,0.857453,0.0835133
g3_mex,adult,mexican,1+5,state_mean,2026-06,30,22,7,0.706002,0.118483
g3_mex,adult,mexican,1+5,state_mean,2026-07,37,26,8,0.754732,0.0935251
g3_mex,adult,mexican,1+5,state_mean,2026-08,27,23,1,0.95827,0.0420262
g3_mex,adult,mexican,1+5,final,2019-01,36,29,3,0.881349,0.0662518
g3_mex,adult,mexican,1+5,final,2019-02,30,22,2,0.906602,0.0675036
g3_mex,adult,mexican,1+5,final,2019-03,33,25,4,0.860804,0.0743739
g3_mex,adult,mexican,1+5,final,2019-04,42,30,4,0.91191,0.0539616
g3_mex,adult,mexican,1+5,final,2019-05,28,22,3,0.888477,0.0649146
g3_mex,adult,mexican,1+5,final,2019-06,30,24,8,0.706376,0.108654
g3_mex,adult,mexican,1+5,final,2019-07,19,17,6,0.727843,0.11364
g3_mex,adult,mexican,1+5,final,2019-08,27,20,3,0.909375,0.0573244
g3_mex,adult,mexican,1+5,final,2019-09,31,26,5,0.840093,0.0715572
g3_mex,adult,mexican,1+5,final,2019-10,35,27,4,0.868356,0.0696482
g3_mex,adult,mexican,1+5,final,2019-11,31,24,6,0.798489,0.091643
g3_mex,adult,mexican,1+5,final,2019-12,28,21,6,0.706479,0.125495
g3_mex,adult,mexican,1+5,final,2020-01,29,23,4,0.842839,0.0907943
g3_mex,adult,mexican,1+5,final,2020-02,44,29,7,0.864867,0.0675793
g3_mex,adult,mexican,1+5,final,2020-03,33,27,2,0.963669,0.0310691
g3_mex,adult,mexican,1+5,final,2020-04,15,13,1,0.938878,0.0632639
g3_mex,adult,mexican,1+5,final,2020-05,31,21,6,0.806857,0.09754
g3_mex,adult,mexican,1+5,final,2020-06,19,17,4,0.80938,0.1069
g3_mex,adult,mexican,1+5,final,2020-07,13,10,3,0.709486,0.136093
g3_mex,adult,mexican,1+5,final,2020-08,29,22,5,0.817177,0.0854856
g3_mex,adult,mexican,1+5,final,2020-09,30,21,3,0.896598,0.0748484
g3_mex,adult,mexican,1+5,final,2020-10,36,28,7,0.779564,0.0800584
g3_mex,adult,mexican,1+5,final,2020-11,30,24,2,0.92579,0.0523525
g3_mex,adult,mexican,1+5,final,2020-12,26,19,3,0.883727,0.101429
g3_mex,adult,mexican,1+5,final,2021-01,37,27,5,0.880064,0.0613517
g3_mex,adult,mexican,1+5,final,2021-02,27,19,2,0.927624,0.0717134
g3_mex,adult,mexican,1+5,final,2021-03,34,24,4,0.935417,0.0392678
g3_mex,adult,mexican,1+5,final,2021-04,40,28,7,0.850666,0.0968355
g3_mex,adult,mexican,1+5,final,2021-05,32,23,7,0.737928,0.111135
g3_mex,adult,mexican,1+5,final,2021-06,25,22,3,0.87323,0.0718482
g3_mex,adult,mexican,1+5,final,2021-07,33,27,5,0.875112,0.0807534
g3_mex,adult,mexican,1+5,final,2021-08,22,18,3,0.861722,0.0793486
g3_mex,adult,mexican,1+5,final,2021-09,28,22,1,0.952236,0.0481655
g3_mex,adult,mexican,1+5,final,2021-10,32,26,8,0.736106,0.0977486
g3_mex,adult,mexican,1+5,final,2021-11,19,14,1,0.951194,0.0504161
g3_mex,adult,mexican,1+5,final,2021-12,40,25,5,0.934137,0.042028
g3_mex,adult,mexican,1+5,final,2022-01,30,25,4,0.852179,0.0729547
g3_mex,adult,mexican,1+5,final,2022-02,19,18,2,0.918331,0.0796631
g3_mex,adult,mexican,1+5,final,2022-03,18,18,4,0.771684,0.105079
g3_mex,adult,mexican,1+5,final,2022-04,27,25,5,0.82422,0.0818525
g3_mex,adult,mexican,1+5,final,2022-05,19,16,2,0.876228,0.0813787
g3_mex,adult,mexican,1+5,final,2022-06,29,25,4,0.892028,0.0617604
g3_mex,adult,mexican,1+5,final,2022-07,35,23,5,0.857012,0.0800731
g3_mex,adult,mexican,1+5,final,2022-08,20,18,7,0.669214,0.127011
g3_mex,adult,mexican,1+5,final,2022-09,31,18,2,0.916807,0.0577206
g3_mex,adult,mexican,1+5,final,2022-10,27,21,6,0.794264,0.0988247
g3_mex,adult,mexican,1+5,final,2022-11,22,19,1,0.946182,0.0542029
g3_mex,adult,mexican,1+5,final,2022-12,26,20,3,0.929638,0.0512339
g3_mex,adult,mexican,1+5,final,2023-01,22,17,2,0.930593,0.0508969
g3_mex,adult,mexican,1+5,final,2023-02,19,16,0,1,0
g3_mex,adult,mexican,1+5,final,2023-03,26,21,3,0.898678,0.064607
g3_mex,adult,mexican,1+5,final,2023-04,49,37,7,0.844014,0.0707445
g3_mex,adult,mexican,1+5,final,2023-05,23,20,4,0.86152,0.0963281
g3_mex,adult,mexican,1+5,final,2023-06,41,29,7,0.806774,0.091356
g3_mex,adult,mexican,1+5,final,2023-07,27,23,2,0.918101,0.0580013
g3_mex,adult,mexican,1+5,final,2023-08,26,21,6,0.775823,0.0972795
g3_mex,adult,mexican,1+5,final,2023-09,32,26,5,0.823357,0.0801345
g3_mex,adult,mexican,1+5,final,2023-10,36,27,6,0.844029,0.075462
g3_mex,adult,mexican,1+5,final,2023-11,14,13,3,0.795565,0.1511
g3_mex,adult,mexican,1+5,final,2023-12,26,18,4,0.84199,0.0961519
g3_mex,adult,mexican,1+5,final,2024-01,26,22,5,0.824168,0.086185
g3_mex,adult,mexican,1+5,final,2024-02,39,26,8,0.735069,0.135032
g3_mex,adult,mexican,1+5,final,2024-03,34,26,4,0.889219,0.0606051
g3_mex,adult,mexican,1+5,final,2024-04,43,35,3,0.926775,0.0425945
g3_mex,adult,mexican,1+5,final,2024-05,24,22,4,0.863208,0.0738015
g3_mex,adult,mexican,1+5,final,2024-06,35,29,8,0.815974,0.0754502
g3_mex,adult,mexican,1+5,final,2024-07,36,27,2,0.946084,0.0435472
g3_mex,adult,mexican,1+5,final,2024-08,25,19,3,0.908422,0.05858
g3_mex,adult,mexican,1+5,final,2024-09,36,27,3,0.923696,0.0541757
g3_mex,adult,mexican,1+5,final,2024-10,32,24,4,0.909111,0.0503503
g3_mex,adult,mexican,1+5,final,2024-11,29,23,4,0.821589,0.115364
g3_mex,adult,mexican,1+5,final,2024-12,30,21,5,0.802544,0.098795
g3_mex,adult,mexican,1+5,final,2025-01,23,17,2,0.932053,0.0460126
g3_mex,adult,mexican,1+5,final,2025-02,32,23,1,0.979208,0.0214713
g3_mex,adult,mexican,1+5,final,2025-03,36,28,3,0.921551,0.046536
g3_mex,adult,mexican,1+5,final,2025-04,35,28,7,0.796759,0.0983028
g3_mex,adult,mexican,1+5,final,2025-05,21,16,9,0.623783,0.138818
g3_mex,adult,mexican,1+5,final,2025-06,33,26,1,0.993075,0.00717802
g3_mex,adult,mexican,1+5,final,2025-07,34,26,6,0.817411,0.0877236
g3_mex,adult,mexican,1+5,final,2025-08,26,19,1,0.971611,0.029316
g3_mex,adult,mexican,1+5,final,2025-09,41,35,6,0.845403,0.0766725
g3_mex,adult,mexican,1+5,final,2025-11,31,25,6,0.809787,0.0965142
g3_mex,adult,mexican,1+5,final,2025-12,35,25,4,0.893653,0.0928357
g3_mex,adult,mexican,1+5,final,2026-01,23,17,5,0.887828,0.0644554
g3_mex,adult,mexican,1+5,final,2026-02,39,29,6,0.736824,0.13959
g3_mex,adult,mexican,1+5,final,2026-03,30,23,6,0.892101,0.0668144
g3_mex,adult,mexican,1+5,final,2026-04,41,29,7,0.834439,0.0760627
g3_mex,adult,mexican,1+5,final,2026-05,34,23,7,0.843281,0.0938134
g3_mex,adult,mexican,1+5,final,2026-06,30,22,7,0.663695,0.142514
g3_mex,adult,mexican,1+5,final,2026-07,37,26,8,0.758312,0.0985205
g3_mex,adult,mexican,1+5,final,2026-08,27,23,1,0.966617,0.0340983
g3_mex,adult,hispanic,1,unweighted,2019-01,12,10,0,1,0
g3_mex,adult,hispanic,1,unweighted,2019-02,16,12,1,0.9375,0.064251
g3_mex,adult,hispanic,1,unweighted,2019-03,15,12,2,0.866667,0.0944522
g3_mex,adult,hispanic,1,unweighted,2019-04,15,12,2,0.866667,0.126619
g3_mex,adult,hispanic,1,unweighted,2019-05,16,11,1,0.9375,0.0650364
g3_mex,adult,hispanic,1,unweighted,2019-06,11,10,2,0.818182,0.125034
g3_mex,adult,hispanic,1,unweighted,2019-07,12,11,0,1,0
g3_mex,adult,hispanic,1,unweighted,2019-08,11,9,1,0.909091,0.0944104
g3_mex,adult,hispanic,1,unweighted,2019-09,17,14,3,0.823529,0.100671
g3_mex,adult,hispanic,1,unweighted,2019-10,13,10,0,1,0
g3_mex,adult,hispanic,1,unweighted,2019-11,15,12,0,1,0
g3_mex,adult,hispanic,1,unweighted,2019-12,13,10,2,0.846154,0.145476
g3_mex,adult,hispanic,1,unweighted,2020-01,15,10,3,0.8,0.143329
g3_mex,adult,hispanic,1,unweighted,2020-02,26,15,3,0.884615,0.110056
g3_mex,adult,hispanic,1,unweighted,2020-03,14,11,0,1,0
g3_mex,adult,hispanic,1,unweighted,2020-04,9,7,1,0.888889,0.116251
g3_mex,adult,hispanic,1,unweighted,2020-05,12,9,2,0.833333,0.157288
g3_mex,adult,hispanic,1,unweighted,2020-06,10,9,0,1,0
g3_mex,adult,hispanic,1,unweighted,2020-07,4,4,1,0.75,0.25
g3_mex,adult,hispanic,1,unweighted,2020-08,15,11,2,0.866667,0.0966603
g3_mex,adult,hispanic,1,unweighted,2020-09,12,8,0,1,0
g3_mex,adult,hispanic,1,unweighted,2020-10,21,17,3,0.857143,0.0817743
g3_mex,adult,hispanic,1,unweighted,2020-11,9,7,0,1,0
g3_mex,adult,hispanic,1,unweighted,2020-12,17,12,1,0.941176,0.0611195
g3_mex,adult,hispanic,1,unweighted,2021-01,20,15,1,0.95,0.0516254
g3_mex,adult,hispanic,1,unweighted,2021-02,9,8,0,1,0
g3_mex,adult,hispanic,1,unweighted,2021-03,12,10,0,1,0
g3_mex,adult,hispanic,1,unweighted,2021-04,10,8,1,0.9,0.104745
g3_mex,adult,hispanic,1,unweighted,2021-05,17,12,1,0.941176,0.0609054
g3_mex,adult,hispanic,1,unweighted,2021-06,14,11,0,1,0
g3_mex,adult,hispanic,1,unweighted,2021-07,24,19,0,1,0
g3_mex,adult,hispanic,1,unweighted,2021-08,5,5,1,0.8,0.2
g3_mex,adult,hispanic,1,unweighted,2021-09,14,11,0,1,0
g3_mex,adult,hispanic,1,unweighted,2021-10,12,10,2,0.833333,0.117121
g3_mex,adult,hispanic,1,unweighted,2021-11,9,7,0,1,0
g3_mex,adult,hispanic,1,unweighted,2021-12,16,9,2,0.875,0.124572
g3_mex,adult,hispanic,1,unweighted,2022-01,8,6,0,1,0
g3_mex,adult,hispanic,1,unweighted,2022-02,10,9,2,0.8,0.18
g3_mex,adult,hispanic,1,unweighted,2022-03,11,11,1,0.909091,0.0909091
g3_mex,adult,hispanic,1,unweighted,2022-04,15,14,3,0.8,0.10895
g3_mex,adult,hispanic,1,unweighted,2022-05,12,10,2,0.833333,0.105572
g3_mex,adult,hispanic,1,unweighted,2022-06,16,13,2,0.875,0.118954
g3_mex,adult,hispanic,1,unweighted,2022-07,14,11,2,0.857143,0.123886
g3_mex,adult,hispanic,1,unweighted,2022-08,10,8,2,0.8,0.141825
g3_mex,adult,hispanic,1,unweighted,2022-09,18,10,1,0.944444,0.0552116
g3_mex,adult,hispanic,1,unweighted,2022-10,19,14,3,0.842105,0.112516
g3_mex,adult,hispanic,1,unweighted,2022-11,9,9,0,1,0
g3_mex,adult,hispanic,1,unweighted,2022-12,8,6,0,1,0
g3_mex,adult,hispanic,1,unweighted,2023-01,13,10,2,0.846154,0.109818
g3_mex,adult,hispanic,1,unweighted,2023-02,8,6,0,1,0
g3_mex,adult,hispanic,1,unweighted,2023-03,15,12,0,1,0
g3_mex,adult,hispanic,1,unweighted,2023-04,26,21,0,1,0
g3_mex,adult,hispanic,1,unweighted,2023-05,14,13,0,1,0
g3_mex,adult,hispanic,1,unweighted,2023-06,22,16,6,0.727273,0.119344
g3_mex,adult,hispanic,1,unweighted,2023-07,15,12,0,1,0
g3_mex,adult,hispanic,1,unweighted,2023-08,14,10,1,0.928571,0.0745201
g3_mex,adult,hispanic,1,unweighted,2023-09,19,16,2,0.894737,0.0744941
g3_mex,adult,hispanic,1,unweighted,2023-10,14,11,2,0.857143,0.102651
g3_mex,adult,hispanic,1,unweighted,2023-11,6,6,0,1,0
g3_mex,adult,hispanic,1,unweighted,2023-12,21,15,3,0.857143,0.101554
g3_mex,adult,hispanic,1,unweighted,2024-01,12,10,2,0.833333,0.154937
g3_mex,adult,hispanic,1,unweighted,2024-02,22,12,0,1,0
g3_mex,adult,hispanic,1,unweighted,2024-03,17,12,0,1,0
g3_mex,adult,hispanic,1,unweighted,2024-04,19,16,1,0.947368,0.0533699
g3_mex,adult,hispanic,1,unweighted,2024-05,8,8,1,0.875,0.125
g3_mex,adult,hispanic,1,unweighted,2024-06,15,13,1,0.933333,0.0676714
g3_mex,adult,hispanic,1,unweighted,2024-07,20,15,0,1,0
g3_mex,adult,hispanic,1,unweighted,2024-08,12,10,1,0.916667,0.0853662
g3_mex,adult,hispanic,1,unweighted,2024-09,25,18,2,0.92,0.0573642
g3_mex,adult,hispanic,1,unweighted,2024-10,15,11,2,0.866667,0.0966603
g3_mex,adult,hispanic,1,unweighted,2024-11,15,12,3,0.8,0.137862
g3_mex,adult,hispanic,1,unweighted,2024-12,13,9,1,0.923077,0.0808618
g3_mex,adult,hispanic,1,unweighted,2025-01,12,8,1,0.916667,0.0719776
g3_mex,adult,hispanic,1,unweighted,2025-02,14,11,0,1,0
g3_mex,adult,hispanic,1,unweighted,2025-03,20,14,1,0.95,0.0516274
g3_mex,adult,hispanic,1,unweighted,2025-04,25,18,5,0.8,0.11815
g3_mex,adult,hispanic,1,unweighted,2025-05,14,9,6,0.571429,0.197206
g3_mex,adult,hispanic,1,unweighted,2025-06,11,9,0,1,0
g3_mex,adult,hispanic,1,unweighted,2025-07,17,13,5,0.705882,0.148319
g3_mex,adult,hispanic,1,unweighted,2025-08,16,11,0,1,0
g3_mex,adult,hispanic,1,unweighted,2025-09,16,15,2,0.875,0.117188
g3_mex,adult,hispanic,1,unweighted,2025-11,11,10,0,1,0
g3_mex,adult,hispanic,1,unweighted,2025-12,15,12,0,1,0
g3_mex,adult,hispanic,1,unweighted,2026-01,13,9,2,0.846154,0.111919
g3_mex,adult,hispanic,1,unweighted,2026-02,21,17,3,0.857143,0.0811707
g3_mex,adult,hispanic,1,unweighted,2026-03,13,10,2,0.846154,0.145476
g3_mex,adult,hispanic,1,unweighted,2026-04,14,11,0,1,0
g3_mex,adult,hispanic,1,unweighted,2026-05,22,15,1,0.954545,0.0468551
g3_mex,adult,hispanic,1,unweighted,2026-06,13,10,4,0.692308,0.195853
g3_mex,adult,hispanic,1,unweighted,2026-07,20,13,1,0.95,0.0517808
g3_mex,adult,hispanic,1,unweighted,2026-08,17,14,0,1,0
g3_mex,adult,hispanic,1,state_mean,2019-01,12,10,0,1,0
g3_mex,adult,hispanic,1,state_mean,2019-02,16,12,1,0.939818,0.0620649
g3_mex,adult,hispanic,1,state_mean,2019-03,15,12,2,0.870834,0.0930994
g3_mex,adult,hispanic,1,state_mean,2019-04,15,12,2,0.839733,0.148135
g3_mex,adult,hispanic,1,state_mean,2019-05,16,11,1,0.93097,0.0716929
g3_mex,adult,hispanic,1,state_mean,2019-06,11,10,2,0.805646,0.130921
g3_mex,adult,hispanic,1,state_mean,2019-07,12,11,0,1,0
g3_mex,adult,hispanic,1,state_mean,2019-08,11,9,1,0.901202,0.101981
g3_mex,adult,hispanic,1,state_mean,2019-09,17,14,3,0.804002,0.112008
g3_mex,adult,hispanic,1,state_mean,2019-10,13,10,0,1,0
g3_mex,adult,hispanic,1,state_mean,2019-11,15,12,0,1,0
g3_mex,adult,hispanic,1,state_mean,2019-12,13,10,2,0.825833,0.16115
g3_mex,adult,hispanic,1,state_mean,2020-01,15,10,3,0.807871,0.139254
g3_mex,adult,hispanic,1,state_mean,2020-02,26,15,3,0.910064,0.0883842
g3_mex,adult,hispanic,1,state_mean,2020-03,14,11,0,1,0
g3_mex,adult,hispanic,1,state_mean,2020-04,9,7,1,0.895415,0.111333
g3_mex,adult,hispanic,1,state_mean,2020-05,12,9,2,0.803669,0.180579
g3_mex,adult,hispanic,1,state_mean,2020-06,10,9,0,1,0
g3_mex,adult,hispanic,1,state_mean,2020-07,4,4,1,0.762136,0.241774
g3_mex,adult,hispanic,1,state_mean,2020-08,15,11,2,0.835066,0.116731
g3_mex,adult,hispanic,1,state_mean,2020-09,12,8,0,1,0
g3_mex,adult,hispanic,1,state_mean,2020-10,21,17,3,0.840996,0.0902653
g3_mex,adult,hispanic,1,state_mean,2020-11,9,7,0,1,0
g3_mex,adult,hispanic,1,state_mean,2020-12,17,12,1,0.980434,0.0213613
g3_mex,adult,hispanic,1,state_mean,2021-01,20,15,1,0.943527,0.0579317
g3_mex,adult,hispanic,1,state_mean,2021-02,9,8,0,1,0
g3_mex,adult,hispanic,1,state_mean,2021-03,12,10,0,1,0
g3_mex,adult,hispanic,1,state_mean,2021-04,10,8,1,0.992217,0.00894257
g3_mex,adult,hispanic,1,state_mean,2021-05,17,12,1,0.93924,0.0633545
g3_mex,adult,hispanic,1,state_mean,2021-06,14,11,0,1,0
g3_mex,adult,hispanic,1,state_mean,2021-07,24,19,0,1,0
g3_mex,adult,hispanic,1,state_mean,2021-08,5,5,1,0.739993,0.243368
g3_mex,adult,hispanic,1,state_mean,2021-09,14,11,0,1,0
g3_mex,adult,hispanic,1,state_mean,2021-10,12,10,2,0.781671,0.14734
g3_mex,adult,hispanic,1,state_mean,2021-11,9,7,0,1,0
g3_mex,adult,hispanic,1,state_mean,2021-12,16,9,2,0.945827,0.0586522
g3_mex,adult,hispanic,1,state_mean,2022-01,8,6,0,1,0
g3_mex,adult,hispanic,1,state_mean,2022-02,10,9,2,0.832883,0.157212
g3_mex,adult,hispanic,1,state_mean,2022-03,11,11,1,0.902692,0.0970572
g3_mex,adult,hispanic,1,state_mean,2022-04,15,14,3,0.759527,0.127104
g3_mex,adult,hispanic,1,state_mean,2022-05,12,10,2,0.81883,0.112553
g3_mex,adult,hispanic,1,state_mean,2022-06,16,13,2,0.934653,0.067016
g3_mex,adult,hispanic,1,state_mean,2022-07,14,11,2,0.850746,0.128123
g3_mex,adult,hispanic,1,state_mean,2022-08,10,8,2,0.897531,0.0829267
g3_mex,adult,hispanic,1,state_mean,2022-09,18,10,1,0.926942,0.070355
g3_mex,adult,hispanic,1,state_mean,2022-10,19,14,3,0.845104,0.110357
g3_mex,adult,hispanic,1,state_mean,2022-11,9,9,0,1,0
g3_mex,adult,hispanic,1,state_mean,2022-12,8,6,0,1,0
g3_mex,adult,hispanic,1,state_mean,2023-01,13,10,2,0.872003,0.0994017
g3_mex,adult,hispanic,1,state_mean,2023-02,8,6,0,1,0
g3_mex,adult,hispanic,1,state_mean,2023-03,15,12,0,1,0
g3_mex,adult,hispanic,1,state_mean,2023-04,26,21,0,1,0
g3_mex,adult,hispanic,1,state_mean,2023-05,14,13,0,1,0
g3_mex,adult,hispanic,1,state_mean,2023-06,22,16,6,0.727457,0.125238
g3_mex,adult,hispanic,1,state_mean,2023-07,15,12,0,1,0
g3_mex,adult,hispanic,1,state_mean,2023-08,14,10,1,0.958578,0.0444404
g3_mex,adult,hispanic,1,state_mean,2023-09,19,16,2,0.872381,0.0899944
g3_mex,adult,hispanic,1,state_mean,2023-10,14,11,2,0.877957,0.10233
g3_mex,adult,hispanic,1,state_mean,2023-11,6,6,0,1,0
g3_mex,adult,hispanic,1,state_mean,2023-12,21,15,3,0.847271,0.106171
g3_mex,adult,hispanic,1,state_mean,2024-01,12,10,2,0.900901,0.0997701
g3_mex,adult,hispanic,1,state_mean,2024-02,22,12,0,1,0
g3_mex,adult,hispanic,1,state_mean,2024-03,17,12,0,1,0
g3_mex,adult,hispanic,1,state_mean,2024-04,19,16,1,0.944998,0.0557289
g3_mex,adult,hispanic,1,state_mean,2024-05,8,8,1,0.938745,0.066133
g3_mex,adult,hispanic,1,state_mean,2024-06,15,13,1,0.983101,0.0182541
g3_mex,adult,hispanic,1,state_mean,2024-07,20,15,0,1,0
g3_mex,adult,hispanic,1,state_mean,2024-08,12,10,1,0.923456,0.0791915
g3_mex,adult,hispanic,1,state_mean,2024-09,25,18,2,0.957811,0.0393842
g3_mex,adult,hispanic,1,state_mean,2024-10,15,11,2,0.85939,0.102816
g3_mex,adult,hispanic,1,state_mean,2024-11,15,12,3,0.841296,0.122168
g3_mex,adult,hispanic,1,state_mean,2024-12,13,9,1,0.903927,0.0983526
g3_mex,adult,hispanic,1,state_mean,2025-01,12,8,1,0.903044,0.0816819
g3_mex,adult,hispanic,1,state_mean,2025-02,14,11,0,1,0
g3_mex,adult,hispanic,1,state_mean,2025-03,20,14,1,0.948819,0.0530871
g3_mex,adult,hispanic,1,state_mean,2025-04,25,18,5,0.777545,0.128608
g3_mex,adult,hispanic,1,state_mean,2025-05,14,9,6,0.644117,0.189087
g3_mex,adult,hispanic,1,state_mean,2025-06,11,9,0,1,0
g3_mex,adult,hispanic,1,state_mean,2025-07,17,13,5,0.651249,0.164332
g3_mex,adult,hispanic,1,state_mean,2025-08,16,11,0,1,0
g3_mex,adult,hispanic,1,state_mean,2025-09,16,15,2,0.859513,0.129757
g3_mex,adult,hispanic,1,state_mean,2025-11,11,10,0,1,0
g3_mex,adult,hispanic,1,state_mean,2025-12,15,12,0,1,0
g3_mex,adult,hispanic,1,state_mean,2026-01,13,9,2,0.885631,0.0873097
g3_mex,adult,hispanic,1,state_mean,2026-02,21,17,3,0.815477,0.101808
g3_mex,adult,hispanic,1,state_mean,2026-03,13,10,2,0.921571,0.0819941
g3_mex,adult,hispanic,1,state_mean,2026-04,14,11,0,1,0
g3_mex,adult,hispanic,1,state_mean,2026-05,22,15,1,0.994509,0.0059063
g3_mex,adult,hispanic,1,state_mean,2026-06,13,10,4,0.608185,0.219192
g3_mex,adult,hispanic,1,state_mean,2026-07,20,13,1,0.93951,0.0622718
g3_mex,adult,hispanic,1,state_mean,2026-08,17,14,0,1,0
g3_mex,adult,hispanic,1,final,2019-01,12,10,0,1,0
g3_mex,adult,hispanic,1,final,2019-02,16,12,1,0.940048,0.0617877
g3_mex,adult,hispanic,1,final,2019-03,15,12,2,0.849546,0.106158
g3_mex,adult,hispanic,1,final,2019-04,15,12,2,0.849723,0.140596
g3_mex,adult,hispanic,1,final,2019-05,16,11,1,0.93789,0.0651397
g3_mex,adult,hispanic,1,final,2019-06,11,10,2,0.809977,0.129174
g3_mex,adult,hispanic,1,final,2019-07,12,11,0,1,0
g3_mex,adult,hispanic,1,final,2019-08,11,9,1,0.913445,0.091183
g3_mex,adult,hispanic,1,final,2019-09,17,14,3,0.834117,0.100508
g3_mex,adult,hispanic,1,final,2019-10,13,10,0,1,0
g3_mex,adult,hispanic,1,final,2019-11,15,12,0,1,0
g3_mex,adult,hispanic,1,final,2019-12,13,10,2,0.851422,0.141919
g3_mex,adult,hispanic,1,final,2020-01,15,10,3,0.773861,0.158346
g3_mex,adult,hispanic,1,final,2020-02,26,15,3,0.923127,0.0766516
g3_mex,adult,hispanic,1,final,2020-03,14,11,0,1,0
g3_mex,adult,hispanic,1,final,2020-04,9,7,1,0.905615,0.102542
g3_mex,adult,hispanic,1,final,2020-05,12,9,2,0.832098,0.160069
g3_mex,adult,hispanic,1,final,2020-06,10,9,0,1,0
g3_mex,adult,hispanic,1,final,2020-07,4,4,1,0.815805,0.201534
g3_mex,adult,hispanic,1,final,2020-08,15,11,2,0.821472,0.125448
g3_mex,adult,hispanic,1,final,2020-09,12,8,0,1,0
g3_mex,adult,hispanic,1,final,2020-10,21,17,3,0.812381,0.103232
g3_mex,adult,hispanic,1,final,2020-11,9,7,0,1,0
g3_mex,adult,hispanic,1,final,2020-12,17,12,1,0.983014,0.0186803
g3_mex,adult,hispanic,1,final,2021-01,20,15,1,0.934247,0.0670546
g3_mex,adult,hispanic,1,final,2021-02,9,8,0,1,0
g3_mex,adult,hispanic,1,final,2021-03,12,10,0,1,0
g3_mex,adult,hispanic,1,final,2021-04,10,8,1,0.992102,0.00909766
g3_mex,adult,hispanic,1,final,2021-05,17,12,1,0.934377,0.0680401
g3_mex,adult,hispanic,1,final,2021-06,14,11,0,1,0
g3_mex,adult,hispanic,1,final,2021-07,24,19,0,1,0
g3_mex,adult,hispanic,1,final,2021-08,5,5,1,0.80377,0.201611
g3_mex,adult,hispanic,1,final,2021-09,14,11,0,1,0
g3_mex,adult,hispanic,1,final,2021-10,12,10,2,0.800934,0.137131
g3_mex,adult,hispanic,1,final,2021-11,9,7,0,1,0
g3_mex,adult,hispanic,1,final,2021-12,16,9,2,0.95374,0.050474
g3_mex,adult,hispanic,1,final,2022-01,8,6,0,1,0
g3_mex,adult,hispanic,1,final,2022-02,10,9,2,0.845921,0.147353
g3_mex,adult,hispanic,1,final,2022-03,11,11,1,0.89429,0.104371
g3_mex,adult,hispanic,1,final,2022-04,15,14,3,0.749409,0.131507
g3_mex,adult,hispanic,1,final,2022-05,12,10,2,0.806617,0.120599
g3_mex,adult,hispanic,1,final,2022-06,16,13,2,0.932912,0.0686294
g3_mex,adult,hispanic,1,final,2022-07,14,11,2,0.873903,0.114152
g3_mex,adult,hispanic,1,final,2022-08,10,8,2,0.915475,0.0698056
g3_mex,adult,hispanic,1,final,2022-09,18,10,1,0.918063,0.0787026
g3_mex,adult,hispanic,1,final,2022-10,19,14,3,0.843938,0.109238
g3_mex,adult,hispanic,1,final,2022-11,9,9,0,1,0
g3_mex,adult,hispanic,1,final,2022-12,8,6,0,1,0
g3_mex,adult,hispanic,1,final,2023-01,13,10,2,0.881032,0.0892547
g3_mex,adult,hispanic,1,final,2023-02,8,6,0,1,0
g3_mex,adult,hispanic,1,final,2023-03,15,12,0,1,0
g3_mex,adult,hispanic,1,final,2023-04,26,21,0,1,0
g3_mex,adult,hispanic,1,final,2023-05,14,13,0,1,0
g3_mex,adult,hispanic,1,final,2023-06,22,16,6,0.687352,0.150864
g3_mex,adult,hispanic,1,final,2023-07,15,12,0,1,0
g3_mex,adult,hispanic,1,final,2023-08,14,10,1,0.96327,0.0395937
g3_mex,adult,hispanic,1,final,2023-09,19,16,2,0.854572,0.100101
g3_mex,adult,hispanic,1,final,2023-10,14,11,2,0.901154,0.0874354
g3_mex,adult,hispanic,1,final,2023-11,6,6,0,1,0
g3_mex,adult,hispanic,1,final,2023-12,21,15,3,0.847652,0.11004
g3_mex,adult,hispanic,1,final,2024-01,12,10,2,0.895872,0.10421
g3_mex,adult,hispanic,1,final,2024-02,22,12,0,1,0
g3_mex,adult,hispanic,1,final,2024-03,17,12,0,1,0
g3_mex,adult,hispanic,1,final,2024-04,19,16,1,0.946767,0.0541515
g3_mex,adult,hispanic,1,final,2024-05,8,8,1,0.935365,0.069592
g3_mex,adult,hispanic,1,final,2024-06,15,13,1,0.982997,0.01845
g3_mex,adult,hispanic,1,final,2024-07,20,15,0,1,0
g3_mex,adult,hispanic,1,final,2024-08,12,10,1,0.932226,0.070794
g3_mex,adult,hispanic,1,final,2024-09,25,18,2,0.933012,0.0635261
g3_mex,adult,hispanic,1,final,2024-10,15,11,2,0.881755,0.0890997
g3_mex,adult,hispanic,1,final,2024-11,15,12,3,0.752379,0.18471
g3_mex,adult,hispanic,1,final,2024-12,13,9,1,0.865714,0.13264
g3_mex,adult,hispanic,1,final,2025-01,12,8,1,0.919685,0.0719618
g3_mex,adult,hispanic,1,final,2025-02,14,11,0,1,0
g3_mex,adult,hispanic,1,final,2025-03,20,14,1,0.948866,0.0534524
g3_mex,adult,hispanic,1,final,2025-04,25,18,5,0.761463,0.137406
g3_mex,adult,hispanic,1,final,2025-05,14,9,6,0.630004,0.190304
g3_mex,adult,hispanic,1,final,2025-06,11,9,0,1,0
g3_mex,adult,hispanic,1,final,2025-07,17,13,5,0.689535,0.156655
g3_mex,adult,hispanic,1,final,2025-08,16,11,0,1,0
g3_mex,adult,hispanic,1,final,2025-09,16,15,2,0.831327,0.150902
g3_mex,adult,hispanic,1,final,2025-11,11,10,0,1,0
g3_mex,adult,hispanic,1,final,2025-12,15,12,0,1,0
g3_mex,adult,hispanic,1,final,2026-01,13,9,2,0.905222,0.074803
g3_mex,adult,hispanic,1,final,2026-02,21,17,3,0.840435,0.0911889
g3_mex,adult,hispanic,1,final,2026-03,13,10,2,0.947489,0.0579286
g3_mex,adult,hispanic,1,final,2026-04,14,11,0,1,0
g3_mex,adult,hispanic,1,final,2026-05,22,15,1,0.996686,0.00356957
g3_mex,adult,hispanic,1,final,2026-06,13,10,4,0.539831,0.242664
g3_mex,adult,hispanic,1,final,2026-07,20,13,1,0.947296,0.0553241
g3_mex,adult,hispanic,1,final,2026-08,17,14,0,1,0
g3_mex,adult,hispanic,5,unweighted,2019-01,24,19,2,0.916667,0.0590505
g3_mex,adult,hispanic,5,unweighted,2019-02,14,10,1,0.928571,0.0745201
g3_mex,adult,hispanic,5,unweighted,2019-03,18,13,1,0.944444,0.0572861
g3_mex,adult,hispanic,5,unweighted,2019-04,27,18,1,0.962963,0.0379274
g3_mex,adult,hispanic,5,unweighted,2019-05,12,11,1,0.916667,0.0843114
g3_mex,adult,hispanic,5,unweighted,2019-06,19,14,3,0.842105,0.111853
g3_mex,adult,hispanic,5,unweighted,2019-07,7,6,4,0.428571,0.240782
g3_mex,adult,hispanic,5,unweighted,2019-08,16,11,1,0.9375,0.0655506
g3_mex,adult,hispanic,5,unweighted,2019-09,14,12,1,0.928571,0.0726766
g3_mex,adult,hispanic,5,unweighted,2019-10,22,17,2,0.909091,0.0648773
g3_mex,adult,hispanic,5,unweighted,2019-11,16,12,3,0.8125,0.131194
g3_mex,adult,hispanic,5,unweighted,2019-12,15,11,0,1,0
g3_mex,adult,hispanic,5,unweighted,2020-01,14,13,1,0.928571,0.0720334
g3_mex,adult,hispanic,5,unweighted,2020-02,18,14,1,0.944444,0.056756
g3_mex,adult,hispanic,5,unweighted,2020-03,19,16,2,0.894737,0.0740533
g3_mex,adult,hispanic,5,unweighted,2020-04,6,6,0,1,0
g3_mex,adult,hispanic,5,unweighted,2020-05,19,12,3,0.842105,0.115875
g3_mex,adult,hispanic,5,unweighted,2020-06,9,8,3,0.666667,0.201892
g3_mex,adult,hispanic,5,unweighted,2020-07,9,6,2,0.777778,0.144397
g3_mex,adult,hispanic,5,unweighted,2020-08,14,11,2,0.857143,0.102651
g3_mex,adult,hispanic,5,unweighted,2020-09,18,13,3,0.833333,0.118033
g3_mex,adult,hispanic,5,unweighted,2020-10,15,11,1,0.933333,0.0688243
g3_mex,adult,hispanic,5,unweighted,2020-11,21,17,0,1,0
g3_mex,adult,hispanic,5,unweighted,2020-12,9,7,2,0.777778,0.20311
g3_mex,adult,hispanic,5,unweighted,2021-01,17,12,4,0.764706,0.1203
g3_mex,adult,hispanic,5,unweighted,2021-02,18,11,0,1,0
g3_mex,adult,hispanic,5,unweighted,2021-03,22,14,3,0.863636,0.0983022
g3_mex,adult,hispanic,5,unweighted,2021-04,30,20,1,0.966667,0.0341232
g3_mex,adult,hispanic,5,unweighted,2021-05,15,11,2,0.866667,0.128505
g3_mex,adult,hispanic,5,unweighted,2021-06,11,11,1,0.909091,0.0909091
g3_mex,adult,hispanic,5,unweighted,2021-07,9,8,1,0.888889,0.113534
g3_mex,adult,hispanic,5,unweighted,2021-08,17,13,2,0.882353,0.0844626
g3_mex,adult,hispanic,5,unweighted,2021-09,14,11,0,1,0
g3_mex,adult,hispanic,5,unweighted,2021-10,20,16,5,0.75,0.118322
g3_mex,adult,hispanic,5,unweighted,2021-11,10,7,0,1,0
g3_mex,adult,hispanic,5,unweighted,2021-12,24,16,3,0.875,0.0701355
g3_mex,adult,hispanic,5,unweighted,2022-01,22,19,1,0.954545,0.0460197
g3_mex,adult,hispanic,5,unweighted,2022-02,9,9,0,1,0
g3_mex,adult,hispanic,5,unweighted,2022-03,7,7,1,0.857143,0.142857
g3_mex,adult,hispanic,5,unweighted,2022-04,12,11,1,0.916667,0.0843114
g3_mex,adult,hispanic,5,unweighted,2022-05,7,6,0,1,0
g3_mex,adult,hispanic,5,unweighted,2022-06,13,12,1,0.923077,0.0776848
g3_mex,adult,hispanic,5,unweighted,2022-07,21,12,1,0.952381,0.0450619
g3_mex,adult,hispanic,5,unweighted,2022-08,10,10,2,0.8,0.133333
g3_mex,adult,hispanic,5,unweighted,2022-09,13,8,0,1,0
g3_mex,adult,hispanic,5,unweighted,2022-10,8,7,2,0.75,0.143205
g3_mex,adult,hispanic,5,unweighted,2022-11,13,10,0,1,0
g3_mex,adult,hispanic,5,unweighted,2022-12,18,14,3,0.833333,0.116896
g3_mex,adult,hispanic,5,unweighted,2023-01,9,7,0,1,0
g3_mex,adult,hispanic,5,unweighted,2023-02,11,10,0,1,0
g3_mex,adult,hispanic,5,unweighted,2023-03,11,9,1,0.909091,0.093593
g3_mex,adult,hispanic,5,unweighted,2023-04,23,16,2,0.913043,0.0624143
g3_mex,adult,hispanic,5,unweighted,2023-05,9,7,2,0.777778,0.20311
g3_mex,adult,hispanic,5,unweighted,2023-06,19,13,0,1,0
g3_mex,adult,hispanic,5,unweighted,2023-07,12,11,1,0.916667,0.0843114
g3_mex,adult,hispanic,5,unweighted,2023-08,12,11,3,0.75,0.134694
g3_mex,adult,hispanic,5,unweighted,2023-09,13,10,1,0.923077,0.079387
g3_mex,adult,hispanic,5,unweighted,2023-10,22,16,4,0.818182,0.105751
g3_mex,adult,hispanic,5,unweighted,2023-11,8,7,1,0.875,0.128531
g3_mex,adult,hispanic,5,unweighted,2023-12,5,3,0,1,0
g3_mex,adult,hispanic,5,unweighted,2024-01,14,12,3,0.785714,0.118919
g3_mex,adult,hispanic,5,unweighted,2024-02,17,14,1,0.941176,0.060086
g3_mex,adult,hispanic,5,unweighted,2024-03,17,14,1,0.941176,0.0598711
g3_mex,adult,hispanic,5,unweighted,2024-04,24,19,0,1,0
g3_mex,adult,hispanic,5,unweighted,2024-05,16,14,1,0.9375,0.0633209
g3_mex,adult,hispanic,5,unweighted,2024-06,20,16,6,0.7,0.125433
g3_mex,adult,hispanic,5,unweighted,2024-07,16,12,0,1,0
g3_mex,adult,hispanic,5,unweighted,2024-08,13,9,1,0.923077,0.0803732
g3_mex,adult,hispanic,5,unweighted,2024-09,11,9,1,0.909091,0.0944104
g3_mex,adult,hispanic,5,unweighted,2024-10,17,13,2,0.882353,0.0838461
g3_mex,adult,hispanic,5,unweighted,2024-11,14,11,1,0.928571,0.0676862
g3_mex,adult,hispanic,5,unweighted,2024-12,17,12,3,0.823529,0.124042
g3_mex,adult,hispanic,5,unweighted,2025-01,11,9,1,0.909091,0.093593
g3_mex,adult,hispanic,5,unweighted,2025-02,18,12,0,1,0
g3_mex,adult,hispanic,5,unweighted,2025-03,16,14,0,1,0
g3_mex,adult,hispanic,5,unweighted,2025-04,10,10,0,1,0
g3_mex,adult,hispanic,5,unweighted,2025-05,7,7,0,1,0
g3_mex,adult,hispanic,5,unweighted,2025-06,22,17,1,0.954545,0.046269
g3_mex,adult,hispanic,5,unweighted,2025-07,17,13,0,1,0
g3_mex,adult,hispanic,5,unweighted,2025-08,10,8,1,0.9,0.103648
g3_mex,adult,hispanic,5,unweighted,2025-09,25,20,3,0.88,0.0684751
g3_mex,adult,hispanic,5,unweighted,2025-11,20,15,3,0.85,0.106318
g3_mex,adult,hispanic,5,unweighted,2025-12,20,13,0,1,0
g3_mex,adult,hispanic,5,unweighted,2026-01,10,8,1,0.9,0.103648
g3_mex,adult,hispanic,5,unweighted,2026-02,18,12,1,0.944444,0.0574861
g3_mex,adult,hispanic,5,unweighted,2026-03,17,13,2,0.882353,0.113433
g3_mex,adult,hispanic,5,unweighted,2026-04,27,18,5,0.814815,0.102818
g3_mex,adult,hispanic,5,unweighted,2026-05,12,8,4,0.666667,0.214139
g3_mex,adult,hispanic,5,unweighted,2026-06,17,12,3,0.823529,0.0911434
g3_mex,adult,hispanic,5,unweighted,2026-07,17,13,5,0.705882,0.137519
g3_mex,adult,hispanic,5,unweighted,2026-08,10,9,0,1,0
g3_mex,adult,hispanic,5,state_mean,2019-01,24,19,2,0.90493,0.0673458
g3_mex,adult,hispanic,5,state_mean,2019-02,14,10,1,0.929221,0.0740333
g3_mex,adult,hispanic,5,state_mean,2019-03,18,13,1,0.941095,0.0608238
g3_mex,adult,hispanic,5,state_mean,2019-04,27,18,1,0.962792,0.038169
g3_mex,adult,hispanic,5,state_mean,2019-05,12,11,1,0.903396,0.0968606
g3_mex,adult,hispanic,5,state_mean,2019-06,19,14,3,0.82967,0.120378
g3_mex,adult,hispanic,5,state_mean,2019-07,7,6,4,0.248413,0.188518
g3_mex,adult,hispanic,5,state_mean,2019-08,16,11,1,0.965263,0.0377835
g3_mex,adult,hispanic,5,state_mean,2019-09,14,12,1,0.934556,0.0672149
g3_mex,adult,hispanic,5,state_mean,2019-10,22,17,2,0.929147,0.0606724
g3_mex,adult,hispanic,5,state_mean,2019-11,16,12,3,0.842351,0.129968
g3_mex,adult,hispanic,5,state_mean,2019-12,15,11,0,1,0
g3_mex,adult,hispanic,5,state_mean,2020-01,14,13,1,0.920472,0.0795716
g3_mex,adult,hispanic,5,state_mean,2020-02,18,14,1,0.948175,0.0531489
g3_mex,adult,hispanic,5,state_mean,2020-03,19,16,2,0.935357,0.0549512
g3_mex,adult,hispanic,5,state_mean,2020-04,6,6,0,1,0
g3_mex,adult,hispanic,5,state_mean,2020-05,19,12,3,0.827022,0.126905
g3_mex,adult,hispanic,5,state_mean,2020-06,9,8,3,0.69195,0.192736
g3_mex,adult,hispanic,5,state_mean,2020-07,9,6,2,0.660013,0.179476
g3_mex,adult,hispanic,5,state_mean,2020-08,14,11,2,0.843093,0.114551
g3_mex,adult,hispanic,5,state_mean,2020-09,18,13,3,0.795698,0.141244
g3_mex,adult,hispanic,5,state_mean,2020-10,15,11,1,0.966812,0.0354854
g3_mex,adult,hispanic,5,state_mean,2020-11,21,17,0,1,0
g3_mex,adult,hispanic,5,state_mean,2020-12,9,7,2,0.717074,0.24482
g3_mex,adult,hispanic,5,state_mean,2021-01,17,12,4,0.822448,0.106202
g3_mex,adult,hispanic,5,state_mean,2021-02,18,11,0,1,0
g3_mex,adult,hispanic,5,state_mean,2021-03,22,14,3,0.943421,0.0426463
g3_mex,adult,hispanic,5,state_mean,2021-04,30,20,1,0.996256,0.003961
g3_mex,adult,hispanic,5,state_mean,2021-05,15,11,2,0.857229,0.136076
g3_mex,adult,hispanic,5,state_mean,2021-06,11,11,1,0.906417,0.0934657
g3_mex,adult,hispanic,5,state_mean,2021-07,9,8,1,0.887958,0.114552
g3_mex,adult,hispanic,5,state_mean,2021-08,17,13,2,0.85969,0.0980429
g3_mex,adult,hispanic,5,state_mean,2021-09,14,11,0,1,0
g3_mex,adult,hispanic,5,state_mean,2021-10,20,16,5,0.780061,0.11574
g3_mex,adult,hispanic,5,state_mean,2021-11,10,7,0,1,0
g3_mex,adult,hispanic,5,state_mean,2021-12,24,16,3,0.931297,0.0501097
g3_mex,adult,hispanic,5,state_mean,2022-01,22,19,1,0.953804,0.0469015
g3_mex,adult,hispanic,5,state_mean,2022-02,9,9,0,1,0
g3_mex,adult,hispanic,5,state_mean,2022-03,7,7,1,0.876492,0.12641
g3_mex,adult,hispanic,5,state_mean,2022-04,12,11,1,0.992356,0.00839323
g3_mex,adult,hispanic,5,state_mean,2022-05,7,6,0,1,0
g3_mex,adult,hispanic,5,state_mean,2022-06,13,12,1,0.937197,0.0645199
g3_mex,adult,hispanic,5,state_mean,2022-07,21,12,1,0.94625,0.0501387
g3_mex,adult,hispanic,5,state_mean,2022-08,10,10,2,0.792792,0.142041
g3_mex,adult,hispanic,5,state_mean,2022-09,13,8,0,1,0
g3_mex,adult,hispanic,5,state_mean,2022-10,8,7,2,0.773877,0.133899
g3_mex,adult,hispanic,5,state_mean,2022-11,13,10,0,1,0
g3_mex,adult,hispanic,5,state_mean,2022-12,18,14,3,0.890374,0.0803149
g3_mex,adult,hispanic,5,state_mean,2023-01,9,7,0,1,0
g3_mex,adult,hispanic,5,state_mean,2023-02,11,10,0,1,0
g3_mex,adult,hispanic,5,state_mean,2023-03,11,9,1,0.902718,0.100107
g3_mex,adult,hispanic,5,state_mean,2023-04,23,16,2,0.900345,0.071555
g3_mex,adult,hispanic,5,state_mean,2023-05,9,7,2,0.767541,0.209444
g3_mex,adult,hispanic,5,state_mean,2023-06,19,13,0,1,0
g3_mex,adult,hispanic,5,state_mean,2023-07,12,11,1,0.91543,0.0861183
g3_mex,adult,hispanic,5,state_mean,2023-08,12,11,3,0.82606,0.110102
g3_mex,adult,hispanic,5,state_mean,2023-09,13,10,1,0.904856,0.0973472
g3_mex,adult,hispanic,5,state_mean,2023-10,22,16,4,0.817554,0.104724
g3_mex,adult,hispanic,5,state_mean,2023-11,8,7,1,0.931272,0.0757109
g3_mex,adult,hispanic,5,state_mean,2023-12,5,3,0,1,0
g3_mex,adult,hispanic,5,state_mean,2024-01,14,12,3,0.787675,0.121304
g3_mex,adult,hispanic,5,state_mean,2024-02,17,14,1,0.921069,0.079693
g3_mex,adult,hispanic,5,state_mean,2024-03,17,14,1,0.936959,0.0640627
g3_mex,adult,hispanic,5,state_mean,2024-04,24,19,0,1,0
g3_mex,adult,hispanic,5,state_mean,2024-05,16,14,1,0.92501,0.0752896
g3_mex,adult,hispanic,5,state_mean,2024-06,20,16,6,0.752834,0.115128
g3_mex,adult,hispanic,5,state_mean,2024-07,16,12,0,1,0
g3_mex,adult,hispanic,5,state_mean,2024-08,13,9,1,0.960645,0.0428741
g3_mex,adult,hispanic,5,state_mean,2024-09,11,9,1,0.88095,0.123931
g3_mex,adult,hispanic,5,state_mean,2024-10,17,13,2,0.915114,0.0719414
g3_mex,adult,hispanic,5,state_mean,2024-11,14,11,1,0.917428,0.0769902
g3_mex,adult,hispanic,5,state_mean,2024-12,17,12,3,0.82235,0.122231
g3_mex,adult,hispanic,5,state_mean,2025-01,11,9,1,0.955339,0.0484089
g3_mex,adult,hispanic,5,state_mean,2025-02,18,12,0,1,0
g3_mex,adult,hispanic,5,state_mean,2025-03,16,14,0,1,0
g3_mex,adult,hispanic,5,state_mean,2025-04,10,10,0,1,0
g3_mex,adult,hispanic,5,state_mean,2025-05,7,7,0,1,0
g3_mex,adult,hispanic,5,state_mean,2025-06,22,17,1,0.991475,0.009013
g3_mex,adult,hispanic,5,state_mean,2025-07,17,13,0,1,0
g3_mex,adult,hispanic,5,state_mean,2025-08,10,8,1,0.896815,0.107123
g3_mex,adult,hispanic,5,state_mean,2025-09,25,20,3,0.905913,0.0636684
g3_mex,adult,hispanic,5,state_mean,2025-11,20,15,3,0.871299,0.0978151
g3_mex,adult,hispanic,5,state_mean,2025-12,20,13,0,1,0
g3_mex,adult,hispanic,5,state_mean,2026-01,10,8,1,0.972888,0.0309393
g3_mex,adult,hispanic,5,state_mean,2026-02,18,12,1,0.941805,0.0603688
g3_mex,adult,hispanic,5,state_mean,2026-03,17,13,2,0.877802,0.118326
g3_mex,adult,hispanic,5,state_mean,2026-04,27,18,5,0.795189,0.11235
g3_mex,adult,hispanic,5,state_mean,2026-05,12,8,4,0.673725,0.212902
g3_mex,adult,hispanic,5,state_mean,2026-06,17,12,3,0.783012,0.105954
g3_mex,adult,hispanic,5,state_mean,2026-07,17,13,5,0.656469,0.147736
g3_mex,adult,hispanic,5,state_mean,2026-08,10,9,0,1,0
g3_mex,adult,hispanic,5,final,2019-01,24,19,2,0.887912,0.0782338
g3_mex,adult,hispanic,5,final,2019-02,14,10,1,0.867726,0.129052
g3_mex,adult,hispanic,5,final,2019-03,18,13,1,0.893916,0.104729
g3_mex,adult,hispanic,5,final,2019-04,27,18,1,0.966243,0.034778
g3_mex,adult,hispanic,5,final,2019-05,12,11,1,0.896906,0.102742
g3_mex,adult,hispanic,5,final,2019-06,19,14,3,0.839242,0.117727
g3_mex,adult,hispanic,5,final,2019-07,7,6,4,0.268834,0.196116
g3_mex,adult,hispanic,5,final,2019-08,16,11,1,0.969283,0.0338768
g3_mex,adult,hispanic,5,final,2019-09,14,12,1,0.915249,0.0851903
g3_mex,adult,hispanic,5,final,2019-10,22,17,2,0.925499,0.0639026
g3_mex,adult,hispanic,5,final,2019-11,16,12,3,0.85198,0.126235
g3_mex,adult,hispanic,5,final,2019-12,15,11,0,1,0
g3_mex,adult,hispanic,5,final,2020-01,14,13,1,0.920585,0.0794377
g3_mex,adult,hispanic,5,final,2020-02,18,14,1,0.951529,0.0498375
g3_mex,adult,hispanic,5,final,2020-03,19,16,2,0.937023,0.0542652
g3_mex,adult,hispanic,5,final,2020-04,6,6,0,1,0
g3_mex,adult,hispanic,5,final,2020-05,19,12,3,0.846289,0.115059
g3_mex,adult,hispanic,5,final,2020-06,9,8,3,0.723355,0.184624
g3_mex,adult,hispanic,5,final,2020-07,9,6,2,0.641425,0.182312
g3_mex,adult,hispanic,5,final,2020-08,14,11,2,0.8757,0.100153
g3_mex,adult,hispanic,5,final,2020-09,18,13,3,0.81009,0.132493
g3_mex,adult,hispanic,5,final,2020-10,15,11,1,0.96569,0.0366089
g3_mex,adult,hispanic,5,final,2020-11,21,17,0,1,0
g3_mex,adult,hispanic,5,final,2020-12,9,7,2,0.695161,0.255315
g3_mex,adult,hispanic,5,final,2021-01,17,12,4,0.814929,0.113551
g3_mex,adult,hispanic,5,final,2021-02,18,11,0,1,0
g3_mex,adult,hispanic,5,final,2021-03,22,14,3,0.950387,0.0377898
g3_mex,adult,hispanic,5,final,2021-04,30,20,1,0.994379,0.00594789
g3_mex,adult,hispanic,5,final,2021-05,15,11,2,0.840055,0.150492
g3_mex,adult,hispanic,5,final,2021-06,11,11,1,0.904469,0.0953643
g3_mex,adult,hispanic,5,final,2021-07,9,8,1,0.898258,0.105376
g3_mex,adult,hispanic,5,final,2021-08,17,13,2,0.878092,0.0873047
g3_mex,adult,hispanic,5,final,2021-09,14,11,0,1,0
g3_mex,adult,hispanic,5,final,2021-10,20,16,5,0.760692,0.123984
g3_mex,adult,hispanic,5,final,2021-11,10,7,0,1,0
g3_mex,adult,hispanic,5,final,2021-12,24,16,3,0.9205,0.0630144
g3_mex,adult,hispanic,5,final,2022-01,22,19,1,0.943522,0.0568991
g3_mex,adult,hispanic,5,final,2022-02,9,9,0,1,0
g3_mex,adult,hispanic,5,final,2022-03,7,7,1,0.851522,0.14807
g3_mex,adult,hispanic,5,final,2022-04,12,11,1,0.991952,0.00882904
g3_mex,adult,hispanic,5,final,2022-05,7,6,0,1,0
g3_mex,adult,hispanic,5,final,2022-06,13,12,1,0.934387,0.0672275
g3_mex,adult,hispanic,5,final,2022-07,21,12,1,0.94444,0.0504253
g3_mex,adult,hispanic,5,final,2022-08,10,10,2,0.74537,0.162998
g3_mex,adult,hispanic,5,final,2022-09,13,8,0,1,0
g3_mex,adult,hispanic,5,final,2022-10,8,7,2,0.785418,0.132029
g3_mex,adult,hispanic,5,final,2022-11,13,10,0,1,0
g3_mex,adult,hispanic,5,final,2022-12,18,14,3,0.897778,0.0758249
g3_mex,adult,hispanic,5,final,2023-01,9,7,0,1,0
g3_mex,adult,hispanic,5,final,2023-02,11,10,0,1,0
g3_mex,adult,hispanic,5,final,2023-03,11,9,1,0.899632,0.103175
g3_mex,adult,hispanic,5,final,2023-04,23,16,2,0.914111,0.0632829
g3_mex,adult,hispanic,5,final,2023-05,9,7,2,0.780972,0.200445
g3_mex,adult,hispanic,5,final,2023-06,19,13,0,1,0
g3_mex,adult,hispanic,5,final,2023-07,12,11,1,0.917186,0.0842534
g3_mex,adult,hispanic,5,final,2023-08,12,11,3,0.847671,0.100465
g3_mex,adult,hispanic,5,final,2023-09,13,10,1,0.895796,0.105754
g3_mex,adult,hispanic,5,final,2023-10,22,16,4,0.811366,0.107929
g3_mex,adult,hispanic,5,final,2023-11,8,7,1,0.932043,0.0751869
g3_mex,adult,hispanic,5,final,2023-12,5,3,0,1,0
g3_mex,adult,hispanic,5,final,2024-01,14,12,3,0.76762,0.132934
g3_mex,adult,hispanic,5,final,2024-02,17,14,1,0.916154,0.0846067
g3_mex,adult,hispanic,5,final,2024-03,17,14,1,0.92503,0.0753052
g3_mex,adult,hispanic,5,final,2024-04,24,19,0,1,0
g3_mex,adult,hispanic,5,final,2024-05,16,14,1,0.931871,0.0688578
g3_mex,adult,hispanic,5,final,2024-06,20,16,6,0.757146,0.114903
g3_mex,adult,hispanic,5,final,2024-07,16,12,0,1,0
g3_mex,adult,hispanic,5,final,2024-08,13,9,1,0.974311,0.028384
g3_mex,adult,hispanic,5,final,2024-09,11,9,1,0.894629,0.111363
g3_mex,adult,hispanic,5,final,2024-10,17,13,2,0.932512,0.0582893
g3_mex,adult,hispanic,5,final,2024-11,14,11,1,0.923544,0.0718357
g3_mex,adult,hispanic,5,final,2024-12,17,12,3,0.798774,0.140866
g3_mex,adult,hispanic,5,final,2025-01,11,9,1,0.943822,0.0603496
g3_mex,adult,hispanic,5,final,2025-02,18,12,0,1,0
g3_mex,adult,hispanic,5,final,2025-03,16,14,0,1,0
g3_mex,adult,hispanic,5,final,2025-04,10,10,0,1,0
g3_mex,adult,hispanic,5,final,2025-05,7,7,0,1,0
g3_mex,adult,hispanic,5,final,2025-06,22,17,1,0.989202,0.0114
g3_mex,adult,hispanic,5,final,2025-07,17,13,0,1,0
g3_mex,adult,hispanic,5,final,2025-08,10,8,1,0.927412,0.0778919
g3_mex,adult,hispanic,5,final,2025-09,25,20,3,0.888482,0.0746597
g3_mex,adult,hispanic,5,final,2025-11,20,15,3,0.83997,0.128142
g3_mex,adult,hispanic,5,final,2025-12,20,13,0,1,0
g3_mex,adult,hispanic,5,final,2026-01,10,8,1,0.97109,0.0327575
g3_mex,adult,hispanic,5,final,2026-02,18,12,1,0.964917,0.0382208
g3_mex,adult,hispanic,5,final,2026-03,17,13,2,0.904635,0.0969546
g3_mex,adult,hispanic,5,final,2026-04,27,18,5,0.801875,0.110519
g3_mex,adult,hispanic,5,final,2026-05,12,8,4,0.635384,0.233008
g3_mex,adult,hispanic,5,final,2026-06,17,12,3,0.772519,0.116832
g3_mex,adult,hispanic,5,final,2026-07,17,13,5,0.630886,0.161217
g3_mex,adult,hispanic,5,final,2026-08,10,9,0,1,0
g3_mex,adult,hispanic,1+5,unweighted,2019-01,36,29,2,0.944444,0.0392945
g3_mex,adult,hispanic,1+5,unweighted,2019-02,30,22,2,0.933333,0.0476021
g3_mex,adult,hispanic,1+5,unweighted,2019-03,33,25,3,0.909091,0.0524502
g3_mex,adult,hispanic,1+5,unweighted,2019-04,42,30,3,0.928571,0.0521227
g3_mex,adult,hispanic,1+5,unweighted,2019-05,28,22,2,0.928571,0.0507647
g3_mex,adult,hispanic,1+5,unweighted,2019-06,30,24,5,0.833333,0.0826299
g3_mex,adult,hispanic,1+5,unweighted,2019-07,19,17,4,0.789474,0.0990765
g3_mex,adult,hispanic,1+5,unweighted,2019-08,27,20,2,0.925926,0.0533691
g3_mex,adult,hispanic,1+5,unweighted,2019-09,31,26,4,0.870968,0.0631386
g3_mex,adult,hispanic,1+5,unweighted,2019-10,35,27,2,0.942857,0.0406004
g3_mex,adult,hispanic,1+5,unweighted,2019-11,31,24,3,0.903226,0.069687
g3_mex,adult,hispanic,1+5,unweighted,2019-12,28,21,2,0.928571,0.0698486
g3_mex,adult,hispanic,1+5,unweighted,2020-01,29,23,4,0.862069,0.0804074
g3_mex,adult,hispanic,1+5,unweighted,2020-02,44,29,4,0.909091,0.0687807
g3_mex,adult,hispanic,1+5,unweighted,2020-03,33,27,2,0.939394,0.0429026
g3_mex,adult,hispanic,1+5,unweighted,2020-04,15,13,1,0.933333,0.0676714
g3_mex,adult,hispanic,1+5,unweighted,2020-05,31,21,5,0.83871,0.0913149
g3_mex,adult,hispanic,1+5,unweighted,2020-06,19,17,3,0.842105,0.108428
g3_mex,adult,hispanic,1+5,unweighted,2020-07,13,10,3,0.769231,0.119325
g3_mex,adult,hispanic,1+5,unweighted,2020-08,29,22,4,0.862069,0.0687171
g3_mex,adult,hispanic,1+5,unweighted,2020-09,30,21,3,0.9,0.0724569
g3_mex,adult,hispanic,1+5,unweighted,2020-10,36,28,4,0.888889,0.054981
g3_mex,adult,hispanic,1+5,unweighted,2020-11,30,24,0,1,0
g3_mex,adult,hispanic,1+5,unweighted,2020-12,26,19,3,0.884615,0.0831888
g3_mex,adult,hispanic,1+5,unweighted,2021-01,37,27,5,0.864865,0.0610206
g3_mex,adult,hispanic,1+5,unweighted,2021-02,27,19,0,1,0
g3_mex,adult,hispanic,1+5,unweighted,2021-03,34,24,3,0.911765,0.0640027
g3_mex,adult,hispanic,1+5,unweighted,2021-04,40,28,2,0.95,0.0358236
g3_mex,adult,hispanic,1+5,unweighted,2021-05,32,23,3,0.90625,0.06806
g3_mex,adult,hispanic,1+5,unweighted,2021-06,25,22,1,0.96,0.0403142
g3_mex,adult,hispanic,1+5,unweighted,2021-07,33,27,1,0.969697,0.0305811
g3_mex,adult,hispanic,1+5,unweighted,2021-08,22,18,3,0.863636,0.077941
g3_mex,adult,hispanic,1+5,unweighted,2021-09,28,22,0,1,0
g3_mex,adult,hispanic,1+5,unweighted,2021-10,32,26,7,0.78125,0.0853227
g3_mex,adult,hispanic,1+5,unweighted,2021-11,19,14,0,1,0
g3_mex,adult,hispanic,1+5,unweighted,2021-12,40,25,5,0.875,0.0634691
g3_mex,adult,hispanic,1+5,unweighted,2022-01,30,25,1,0.966667,0.0336788
g3_mex,adult,hispanic,1+5,unweighted,2022-02,19,18,2,0.894737,0.099723
g3_mex,adult,hispanic,1+5,unweighted,2022-03,18,18,2,0.888889,0.0762216
g3_mex,adult,hispanic,1+5,unweighted,2022-04,27,25,4,0.851852,0.0706702
g3_mex,adult,hispanic,1+5,unweighted,2022-05,19,16,2,0.894737,0.0697269
g3_mex,adult,hispanic,1+5,unweighted,2022-06,29,25,3,0.896552,0.0734993
g3_mex,adult,hispanic,1+5,unweighted,2022-07,35,23,3,0.914286,0.0581642
g3_mex,adult,hispanic,1+5,unweighted,2022-08,20,18,4,0.8,0.0943086
g3_mex,adult,hispanic,1+5,unweighted,2022-09,31,18,1,0.967742,0.0321582
g3_mex,adult,hispanic,1+5,unweighted,2022-10,27,21,5,0.814815,0.0890988
g3_mex,adult,hispanic,1+5,unweighted,2022-11,22,19,0,1,0
g3_mex,adult,hispanic,1+5,unweighted,2022-12,26,20,3,0.884615,0.0825729
g3_mex,adult,hispanic,1+5,unweighted,2023-01,22,17,2,0.909091,0.0645971
g3_mex,adult,hispanic,1+5,unweighted,2023-02,19,16,0,1,0
g3_mex,adult,hispanic,1+5,unweighted,2023-03,26,21,1,0.961538,0.0389421
g3_mex,adult,hispanic,1+5,unweighted,2023-04,49,37,2,0.959184,0.0289533
g3_mex,adult,hispanic,1+5,unweighted,2023-05,23,20,2,0.913043,0.0837347
g3_mex,adult,hispanic,1+5,unweighted,2023-06,41,29,6,0.853659,0.0667055
g3_mex,adult,hispanic,1+5,unweighted,2023-07,27,23,1,0.962963,0.0373727
g3_mex,adult,hispanic,1+5,unweighted,2023-08,26,21,4,0.846154,0.0754873
g3_mex,adult,hispanic,1+5,unweighted,2023-09,32,26,3,0.90625,0.0537234
g3_mex,adult,hispanic,1+5,unweighted,2023-10,36,27,6,0.833333,0.0748931
g3_mex,adult,hispanic,1+5,unweighted,2023-11,14,13,1,0.928571,0.0720334
g3_mex,adult,hispanic,1+5,unweighted,2023-12,26,18,3,0.884615,0.0833175
g3_mex,adult,hispanic,1+5,unweighted,2024-01,26,22,5,0.807692,0.0928676
g3_mex,adult,hispanic,1+5,unweighted,2024-02,39,26,1,0.974359,0.0261402
g3_mex,adult,hispanic,1+5,unweighted,2024-03,34,26,1,0.970588,0.0297859
g3_mex,adult,hispanic,1+5,unweighted,2024-04,43,35,1,0.976744,0.0234353
g3_mex,adult,hispanic,1+5,unweighted,2024-05,24,22,2,0.916667,0.0581804
g3_mex,adult,hispanic,1+5,unweighted,2024-06,35,29,7,0.8,0.0788843
g3_mex,adult,hispanic,1+5,unweighted,2024-07,36,27,0,1,0
g3_mex,adult,hispanic,1+5,unweighted,2024-08,25,19,2,0.92,0.0568969
g3_mex,adult,hispanic,1+5,unweighted,2024-09,36,27,3,0.916667,0.048228
g3_mex,adult,hispanic,1+5,unweighted,2024-10,32,24,4,0.875,0.062074
g3_mex,adult,hispanic,1+5,unweighted,2024-11,29,23,4,0.862069,0.0779431
g3_mex,adult,hispanic,1+5,unweighted,2024-12,30,21,4,0.866667,0.0785517
g3_mex,adult,hispanic,1+5,unweighted,2025-01,23,17,2,0.913043,0.0564067
g3_mex,adult,hispanic,1+5,unweighted,2025-02,32,23,0,1,0
g3_mex,adult,hispanic,1+5,unweighted,2025-03,36,28,1,0.972222,0.0281123
g3_mex,adult,hispanic,1+5,unweighted,2025-04,35,28,5,0.857143,0.0867909
g3_mex,adult,hispanic,1+5,unweighted,2025-05,21,16,6,0.714286,0.145011
g3_mex,adult,hispanic,1+5,unweighted,2025-06,33,26,1,0.969697,0.0306324
g3_mex,adult,hispanic,1+5,unweighted,2025-07,34,26,5,0.852941,0.0817818
g3_mex,adult,hispanic,1+5,unweighted,2025-08,26,19,1,0.961538,0.0392221
g3_mex,adult,hispanic,1+5,unweighted,2025-09,41,35,5,0.878049,0.0610232
g3_mex,adult,hispanic,1+5,unweighted,2025-11,31,25,3,0.903226,0.0694805
g3_mex,adult,hispanic,1+5,unweighted,2025-12,35,25,0,1,0
g3_mex,adult,hispanic,1+5,unweighted,2026-01,23,17,3,0.869565,0.0751641
g3_mex,adult,hispanic,1+5,unweighted,2026-02,39,29,4,0.897436,0.0508692
g3_mex,adult,hispanic,1+5,unweighted,2026-03,30,23,4,0.866667,0.0881179
g3_mex,adult,hispanic,1+5,unweighted,2026-04,41,29,5,0.878049,0.0693298
g3_mex,adult,hispanic,1+5,unweighted,2026-05,34,23,5,0.852941,0.0907458
g3_mex,adult,hispanic,1+5,unweighted,2026-06,30,22,7,0.766667,0.101388
g3_mex,adult,hispanic,1+5,unweighted,2026-07,37,26,6,0.837838,0.0729724
g3_mex,adult,hispanic,1+5,unweighted,2026-08,27,23,0,1,0
g3_mex,adult,hispanic,1+5,state_mean,2019-01,36,29,2,0.938205,0.0437894
g3_mex,adult,hispanic,1+5,state_mean,2019-02,30,22,2,0.934975,0.0465622
g3_mex,adult,hispanic,1+5,state_mean,2019-03,33,25,3,0.907205,0.0540217
g3_mex,adult,hispanic,1+5,state_mean,2019-04,42,30,3,0.922667,0.0565508
g3_mex,adult,hispanic,1+5,state_mean,2019-05,28,22,2,0.919583,0.0569523
g3_mex,adult,hispanic,1+5,state_mean,2019-06,30,24,5,0.82022,0.0875399
g3_mex,adult,hispanic,1+5,state_mean,2019-07,19,17,4,0.7195,0.12174
g3_mex,adult,hispanic,1+5,state_mean,2019-08,27,20,2,0.936688,0.0493477
g3_mex,adult,hispanic,1+5,state_mean,2019-09,31,26,4,0.863217,0.0673071
g3_mex,adult,hispanic,1+5,state_mean,2019-10,35,27,2,0.959651,0.0344788
g3_mex,adult,hispanic,1+5,state_mean,2019-11,31,24,3,0.9204,0.0670161
g3_mex,adult,hispanic,1+5,state_mean,2019-12,28,21,2,0.910643,0.0860077
g3_mex,adult,hispanic,1+5,state_mean,2020-01,29,23,4,0.860655,0.0808209
g3_mex,adult,hispanic,1+5,state_mean,2020-02,44,29,4,0.925902,0.0555261
g3_mex,adult,hispanic,1+5,state_mean,2020-03,33,27,2,0.963011,0.0312176
g3_mex,adult,hispanic,1+5,state_mean,2020-04,15,13,1,0.934159,0.067441
g3_mex,adult,hispanic,1+5,state_mean,2020-05,31,21,5,0.817772,0.102641
g3_mex,adult,hispanic,1+5,state_mean,2020-06,19,17,3,0.846947,0.105801
g3_mex,adult,hispanic,1+5,state_mean,2020-07,13,10,3,0.699296,0.137786
g3_mex,adult,hispanic,1+5,state_mean,2020-08,29,22,4,0.83938,0.0799916
g3_mex,adult,hispanic,1+5,state_mean,2020-09,30,21,3,0.88257,0.0843249
g3_mex,adult,hispanic,1+5,state_mean,2020-10,36,28,4,0.896676,0.0531513
g3_mex,adult,hispanic,1+5,state_mean,2020-11,30,24,0,1,0
g3_mex,adult,hispanic,1+5,state_mean,2020-12,26,19,3,0.885386,0.0986478
g3_mex,adult,hispanic,1+5,state_mean,2021-01,37,27,5,0.889528,0.0556615
g3_mex,adult,hispanic,1+5,state_mean,2021-02,27,19,0,1,0
g3_mex,adult,hispanic,1+5,state_mean,2021-03,34,24,3,0.964726,0.0258706
g3_mex,adult,hispanic,1+5,state_mean,2021-04,40,28,2,0.99523,0.00363531
g3_mex,adult,hispanic,1+5,state_mean,2021-05,32,23,3,0.897961,0.0753599
g3_mex,adult,hispanic,1+5,state_mean,2021-06,25,22,1,0.955199,0.0449739
g3_mex,adult,hispanic,1+5,state_mean,2021-07,33,27,1,0.966321,0.0339739
g3_mex,adult,hispanic,1+5,state_mean,2021-08,22,18,3,0.829926,0.0937798
g3_mex,adult,hispanic,1+5,state_mean,2021-09,28,22,0,1,0
g3_mex,adult,hispanic,1+5,state_mean,2021-10,32,26,7,0.780581,0.0900293
g3_mex,adult,hispanic,1+5,state_mean,2021-11,19,14,0,1,0
g3_mex,adult,hispanic,1+5,state_mean,2021-12,40,25,5,0.937231,0.037332
g3_mex,adult,hispanic,1+5,state_mean,2022-01,30,25,1,0.965964,0.0344301
g3_mex,adult,hispanic,1+5,state_mean,2022-02,19,18,2,0.912775,0.0845116
g3_mex,adult,hispanic,1+5,state_mean,2022-03,18,18,2,0.891129,0.0751716
g3_mex,adult,hispanic,1+5,state_mean,2022-04,27,25,4,0.862352,0.0743786
g3_mex,adult,hispanic,1+5,state_mean,2022-05,19,16,2,0.883616,0.0759686
g3_mex,adult,hispanic,1+5,state_mean,2022-06,29,25,3,0.935838,0.045764
g3_mex,adult,hispanic,1+5,state_mean,2022-07,35,23,3,0.909844,0.0594647
g3_mex,adult,hispanic,1+5,state_mean,2022-08,20,18,4,0.844394,0.083769
g3_mex,adult,hispanic,1+5,state_mean,2022-09,31,18,1,0.959876,0.0394604
g3_mex,adult,hispanic,1+5,state_mean,2022-10,27,21,5,0.8237,0.0859614
g3_mex,adult,hispanic,1+5,state_mean,2022-11,22,19,0,1,0
g3_mex,adult,hispanic,1+5,state_mean,2022-12,26,20,3,0.925217,0.0540905
g3_mex,adult,hispanic,1+5,state_mean,2023-01,22,17,2,0.921855,0.0599847
g3_mex,adult,hispanic,1+5,state_mean,2023-02,19,16,0,1,0
g3_mex,adult,hispanic,1+5,state_mean,2023-03,26,21,1,0.959383,0.0411229
g3_mex,adult,hispanic,1+5,state_mean,2023-04,49,37,2,0.955829,0.031344
g3_mex,adult,hispanic,1+5,state_mean,2023-05,23,20,2,0.898506,0.0963734
g3_mex,adult,hispanic,1+5,state_mean,2023-06,41,29,6,0.848528,0.0725053
g3_mex,adult,hispanic,1+5,state_mean,2023-07,27,23,1,0.963795,0.0366502
g3_mex,adult,hispanic,1+5,state_mean,2023-08,26,21,4,0.888925,0.0612045
g3_mex,adult,hispanic,1+5,state_mean,2023-09,32,26,3,0.887279,0.0647135
g3_mex,adult,hispanic,1+5,state_mean,2023-10,36,27,6,0.837756,0.0768739
g3_mex,adult,hispanic,1+5,state_mean,2023-11,14,13,1,0.963227,0.0385668
g3_mex,adult,hispanic,1+5,state_mean,2023-12,26,18,3,0.876692,0.0872804
g3_mex,adult,hispanic,1+5,state_mean,2024-01,26,22,5,0.837391,0.0793837
g3_mex,adult,hispanic,1+5,state_mean,2024-02,39,26,1,0.966874,0.0336307
g3_mex,adult,hispanic,1+5,state_mean,2024-03,34,26,1,0.968672,0.0317043
g3_mex,adult,hispanic,1+5,state_mean,2024-04,43,35,1,0.976144,0.0240497
g3_mex,adult,hispanic,1+5,state_mean,2024-05,24,22,2,0.929751,0.0534052
g3_mex,adult,hispanic,1+5,state_mean,2024-06,35,29,7,0.854948,0.0650854
g3_mex,adult,hispanic,1+5,state_mean,2024-07,36,27,0,1,0
g3_mex,adult,hispanic,1+5,state_mean,2024-08,25,19,2,0.940983,0.0455387
g3_mex,adult,hispanic,1+5,state_mean,2024-09,36,27,3,0.938927,0.0418291
g3_mex,adult,hispanic,1+5,state_mean,2024-10,32,24,4,0.889402,0.0599149
g3_mex,adult,hispanic,1+5,state_mean,2024-11,29,23,4,0.873996,0.0752419
g3_mex,adult,hispanic,1+5,state_mean,2024-12,30,21,4,0.854449,0.0825238
g3_mex,adult,hispanic,1+5,state_mean,2025-01,23,17,2,0.929303,0.0482719
g3_mex,adult,hispanic,1+5,state_mean,2025-02,32,23,0,1,0
g3_mex,adult,hispanic,1+5,state_mean,2025-03,36,28,1,0.97139,0.0289795
g3_mex,adult,hispanic,1+5,state_mean,2025-04,35,28,5,0.844766,0.0932239
g3_mex,adult,hispanic,1+5,state_mean,2025-05,21,16,6,0.776422,0.124559
g3_mex,adult,hispanic,1+5,state_mean,2025-06,33,26,1,0.994345,0.00586855
g3_mex,adult,hispanic,1+5,state_mean,2025-07,34,26,5,0.841211,0.0878414
g3_mex,adult,hispanic,1+5,state_mean,2025-08,26,19,1,0.959749,0.0410702
g3_mex,adult,hispanic,1+5,state_mean,2025-09,41,35,5,0.887835,0.0637037
g3_mex,adult,hispanic,1+5,state_mean,2025-11,31,25,3,0.916107,0.0638449
g3_mex,adult,hispanic,1+5,state_mean,2025-12,35,25,0,1,0
g3_mex,adult,hispanic,1+5,state_mean,2026-01,23,17,3,0.924507,0.0492839
g3_mex,adult,hispanic,1+5,state_mean,2026-02,39,29,4,0.874826,0.0615058
g3_mex,adult,hispanic,1+5,state_mean,2026-03,30,23,4,0.89576,0.0765298
g3_mex,adult,hispanic,1+5,state_mean,2026-04,41,29,5,0.868742,0.0742037
g3_mex,adult,hispanic,1+5,state_mean,2026-05,34,23,5,0.893074,0.0771587
g3_mex,adult,hispanic,1+5,state_mean,2026-06,30,22,7,0.706002,0.118483
g3_mex,adult,hispanic,1+5,state_mean,2026-07,37,26,6,0.813902,0.0808028
g3_mex,adult,hispanic,1+5,state_mean,2026-08,27,23,0,1,0
g3_mex,adult,hispanic,1+5,final,2019-01,36,29,2,0.924062,0.0533089
g3_mex,adult,hispanic,1+5,final,2019-02,30,22,2,0.906602,0.0675036
g3_mex,adult,hispanic,1+5,final,2019-03,33,25,3,0.873821,0.0732749
g3_mex,adult,hispanic,1+5,final,2019-04,42,30,3,0.930646,0.0508272
g3_mex,adult,hispanic,1+5,final,2019-05,28,22,2,0.922179,0.0555019
g3_mex,adult,hispanic,1+5,final,2019-06,30,24,5,0.827938,0.0860358
g3_mex,adult,hispanic,1+5,final,2019-07,19,17,4,0.755133,0.111499
g3_mex,adult,hispanic,1+5,final,2019-08,27,20,2,0.946018,0.0422161
g3_mex,adult,hispanic,1+5,final,2019-09,31,26,4,0.870881,0.0650366
g3_mex,adult,hispanic,1+5,final,2019-10,35,27,2,0.95772,0.0362868
g3_mex,adult,hispanic,1+5,final,2019-11,31,24,3,0.928827,0.0619076
g3_mex,adult,hispanic,1+5,final,2019-12,28,21,2,0.929613,0.0691709
g3_mex,adult,hispanic,1+5,final,2020-01,29,23,4,0.842839,0.0907943
g3_mex,adult,hispanic,1+5,final,2020-02,44,29,4,0.935651,0.0474758
g3_mex,adult,hispanic,1+5,final,2020-03,33,27,2,0.963669,0.0310691
g3_mex,adult,hispanic,1+5,final,2020-04,15,13,1,0.938878,0.0632639
g3_mex,adult,hispanic,1+5,final,2020-05,31,21,5,0.840661,0.0919764
g3_mex,adult,hispanic,1+5,final,2020-06,19,17,3,0.868108,0.0951216
g3_mex,adult,hispanic,1+5,final,2020-07,13,10,3,0.709486,0.136093
g3_mex,adult,hispanic,1+5,final,2020-08,29,22,4,0.852282,0.0778906
g3_mex,adult,hispanic,1+5,final,2020-09,30,21,3,0.896598,0.0748484
g3_mex,adult,hispanic,1+5,final,2020-10,36,28,4,0.881776,0.0605174
g3_mex,adult,hispanic,1+5,final,2020-11,30,24,0,1,0
g3_mex,adult,hispanic,1+5,final,2020-12,26,19,3,0.883727,0.101429
g3_mex,adult,hispanic,1+5,final,2021-01,37,27,5,0.880064,0.0613517
g3_mex,adult,hispanic,1+5,final,2021-02,27,19,0,1,0
g3_mex,adult,hispanic,1+5,final,2021-03,34,24,3,0.968901,0.0229756
g3_mex,adult,hispanic,1+5,final,2021-04,40,28,2,0.993768,0.00490436
g3_mex,adult,hispanic,1+5,final,2021-05,32,23,3,0.883456,0.0870398
g3_mex,adult,hispanic,1+5,final,2021-06,25,22,1,0.958733,0.0416571
g3_mex,adult,hispanic,1+5,final,2021-07,33,27,1,0.966918,0.0334179
g3_mex,adult,hispanic,1+5,final,2021-08,22,18,3,0.861722,0.0793486
g3_mex,adult,hispanic,1+5,final,2021-09,28,22,0,1,0
g3_mex,adult,hispanic,1+5,final,2021-10,32,26,7,0.773368,0.094084
g3_mex,adult,hispanic,1+5,final,2021-11,19,14,0,1,0
g3_mex,adult,hispanic,1+5,final,2021-12,40,25,5,0.934137,0.042028
g3_mex,adult,hispanic,1+5,final,2022-01,30,25,1,0.957943,0.0422664
g3_mex,adult,hispanic,1+5,final,2022-02,19,18,2,0.918331,0.0796631
g3_mex,adult,hispanic,1+5,final,2022-03,18,18,2,0.873855,0.0861413
g3_mex,adult,hispanic,1+5,final,2022-04,27,25,4,0.858617,0.0761925
g3_mex,adult,hispanic,1+5,final,2022-05,19,16,2,0.876228,0.0813787
g3_mex,adult,hispanic,1+5,final,2022-06,29,25,3,0.933604,0.0471794
g3_mex,adult,hispanic,1+5,final,2022-07,35,23,3,0.915974,0.0548633
g3_mex,adult,hispanic,1+5,final,2022-08,20,18,4,0.831317,0.0928834
g3_mex,adult,hispanic,1+5,final,2022-09,31,18,1,0.954469,0.044687
g3_mex,adult,hispanic,1+5,final,2022-10,27,21,5,0.826278,0.0847216
g3_mex,adult,hispanic,1+5,final,2022-11,22,19,0,1,0
g3_mex,adult,hispanic,1+5,final,2022-12,26,20,3,0.929638,0.0512339
g3_mex,adult,hispanic,1+5,final,2023-01,22,17,2,0.930593,0.0508969
g3_mex,adult,hispanic,1+5,final,2023-02,19,16,0,1,0
g3_mex,adult,hispanic,1+5,final,2023-03,26,21,1,0.958974,0.0416019
g3_mex,adult,hispanic,1+5,final,2023-04,49,37,2,0.962593,0.0269298
g3_mex,adult,hispanic,1+5,final,2023-05,23,20,2,0.900822,0.0944138
g3_mex,adult,hispanic,1+5,final,2023-06,41,29,6,0.832534,0.0894174
g3_mex,adult,hispanic,1+5,final,2023-07,27,23,1,0.965243,0.0352275
g3_mex,adult,hispanic,1+5,final,2023-08,26,21,4,0.898615,0.0575621
g3_mex,adult,hispanic,1+5,final,2023-09,32,26,3,0.873757,0.0713499
g3_mex,adult,hispanic,1+5,final,2023-10,36,27,6,0.844029,0.075462
g3_mex,adult,hispanic,1+5,final,2023-11,14,13,1,0.961888,0.0399884
g3_mex,adult,hispanic,1+5,final,2023-12,26,18,3,0.875431,0.0915158
g3_mex,adult,hispanic,1+5,final,2024-01,26,22,5,0.824168,0.086185
g3_mex,adult,hispanic,1+5,final,2024-02,39,26,1,0.96486,0.0356734
g3_mex,adult,hispanic,1+5,final,2024-03,34,26,1,0.963033,0.0372412
g3_mex,adult,hispanic,1+5,final,2024-04,43,35,1,0.977248,0.0230145
g3_mex,adult,hispanic,1+5,final,2024-05,24,22,2,0.933077,0.0500826
g3_mex,adult,hispanic,1+5,final,2024-06,35,29,7,0.856444,0.0651774
g3_mex,adult,hispanic,1+5,final,2024-07,36,27,0,1,0
g3_mex,adult,hispanic,1+5,final,2024-08,25,19,2,0.952422,0.0385107
g3_mex,adult,hispanic,1+5,final,2024-09,36,27,3,0.923696,0.0541757
g3_mex,adult,hispanic,1+5,final,2024-10,32,24,4,0.909111,0.0503503
g3_mex,adult,hispanic,1+5,final,2024-11,29,23,4,0.821589,0.115364
g3_mex,adult,hispanic,1+5,final,2024-12,30,21,4,0.82753,0.0968545
g3_mex,adult,hispanic,1+5,final,2025-01,23,17,2,0.932053,0.0460126
g3_mex,adult,hispanic,1+5,final,2025-02,32,23,0,1,0
g3_mex,adult,hispanic,1+5,final,2025-03,36,28,1,0.971265,0.0291934
g3_mex,adult,hispanic,1+5,final,2025-04,35,28,5,0.843246,0.0955804
g3_mex,adult,hispanic,1+5,final,2025-05,21,16,6,0.75998,0.129909
g3_mex,adult,hispanic,1+5,final,2025-06,33,26,1,0.993075,0.00717802
g3_mex,adult,hispanic,1+5,final,2025-07,34,26,5,0.863699,0.0787694
g3_mex,adult,hispanic,1+5,final,2025-08,26,19,1,0.971611,0.029316
g3_mex,adult,hispanic,1+5,final,2025-09,41,35,5,0.865792,0.0750955
g3_mex,adult,hispanic,1+5,final,2025-11,31,25,3,0.892137,0.0875374
g3_mex,adult,hispanic,1+5,final,2025-12,35,25,0,1,0
g3_mex,adult,hispanic,1+5,final,2026-01,23,17,3,0.934427,0.0426702
g3_mex,adult,hispanic,1+5,final,2026-02,39,29,4,0.905646,0.0497982
g3_mex,adult,hispanic,1+5,final,2026-03,30,23,4,0.922916,0.0600852
g3_mex,adult,hispanic,1+5,final,2026-04,41,29,5,0.876184,0.0710367
g3_mex,adult,hispanic,1+5,final,2026-05,34,23,5,0.882314,0.0879488
g3_mex,adult,hispanic,1+5,final,2026-06,30,22,7,0.663695,0.142514
g3_mex,adult,hispanic,1+5,final,2026-07,37,26,6,0.812779,0.0876698
g3_mex,adult,hispanic,1+5,final,2026-08,27,23,0,1,0
g3_mex,hd,mexican,1,unweighted,2019-01,65,32,8,0.876923,0.0679575
g3_mex,hd,mexican,1,unweighted,2019-02,63,34,11,0.825397,0.0678251
g3_mex,hd,mexican,1,unweighted,2019-03,69,37,9,0.869565,0.064958
g3_mex,hd,mexican,1,unweighted,2019-04,68,34,20,0.705882,0.0917815
g3_mex,hd,mexican,1,unweighted,2019-05,53,26,5,0.90566,0.041916
g3_mex,hd,mexican,1,unweighted,2019-06,75,40,10,0.866667,0.060816
g3_mex,hd,mexican,1,unweighted,2019-07,70,36,6,0.914286,0.0430989
g3_mex,hd,mexican,1,unweighted,2019-08,65,31,11,0.830769,0.0811114
g3_mex,hd,mexican,1,unweighted,2019-09,59,30,11,0.813559,0.0792527
g3_mex,hd,mexican,1,unweighted,2019-10,46,28,4,0.913043,0.0511317
g3_mex,hd,mexican,1,unweighted,2019-11,66,35,5,0.924242,0.040088
g3_mex,hd,mexican,1,unweighted,2019-12,89,41,12,0.865169,0.0478011
g3_mex,hd,mexican,1,unweighted,2020-01,60,32,13,0.783333,0.0899161
g3_mex,hd,mexican,1,unweighted,2020-02,45,23,17,0.622222,0.120892
g3_mex,hd,mexican,1,unweighted,2020-03,36,21,10,0.722222,0.111211
g3_mex,hd,mexican,1,unweighted,2020-04,22,11,0,1,0
g3_mex,hd,mexican,1,unweighted,2020-05,34,15,4,0.882353,0.0913498
g3_mex,hd,mexican,1,unweighted,2020-06,21,13,1,0.952381,0.0495072
g3_mex,hd,mexican,1,unweighted,2020-07,27,15,5,0.814815,0.0914478
g3_mex,hd,mexican,1,unweighted,2020-08,25,14,5,0.8,0.146642
g3_mex,hd,mexican,1,unweighted,2020-09,69,36,11,0.84058,0.0698515
g3_mex,hd,mexican,1,unweighted,2020-10,71,35,11,0.84507,0.0642545
g3_mex,hd,mexican,1,unweighted,2020-11,52,27,7,0.865385,0.0653971
g3_mex,hd,mexican,1,unweighted,2020-12,31,20,5,0.83871,0.0920505
g3_mex,hd,mexican,1,unweighted,2021-01,45,25,1,0.977778,0.0227531
g3_mex,hd,mexican,1,unweighted,2021-02,64,38,13,0.796875,0.0749313
g3_mex,hd,mexican,1,unweighted,2021-03,48,29,6,0.875,0.0634958
g3_mex,hd,mexican,1,unweighted,2021-04,51,26,10,0.803922,0.0884089
g3_mex,hd,mexican,1,unweighted,2021-05,65,37,11,0.830769,0.0705522
g3_mex,hd,mexican,1,unweighted,2021-06,35,21,10,0.714286,0.111601
g3_mex,hd,mexican,1,unweighted,2021-07,45,31,3,0.933333,0.0489846
g3_mex,hd,mexican,1,unweighted,2021-08,73,35,10,0.863014,0.0642149
g3_mex,hd,mexican,1,unweighted,2021-09,54,30,7,0.87037,0.0621898
g3_mex,hd,mexican,1,unweighted,2021-10,72,38,12,0.833333,0.0578441
g3_mex,hd,mexican,1,unweighted,2021-11,82,39,11,0.865854,0.0467256
g3_mex,hd,mexican,1,unweighted,2021-12,53,26,1,0.981132,0.0193338
g3_mex,hd,mexican,1,unweighted,2022-01,55,32,4,0.927273,0.044525
g3_mex,hd,mexican,1,unweighted,2022-02,64,31,15,0.765625,0.0840112
g3_mex,hd,mexican,1,unweighted,2022-03,67,32,10,0.850746,0.0693461
g3_mex,hd,mexican,1,unweighted,2022-04,55,28,12,0.781818,0.0892597
g3_mex,hd,mexican,1,unweighted,2022-05,60,30,15,0.75,0.0862284
g3_mex,hd,mexican,1,unweighted,2022-06,51,28,8,0.843137,0.0846178
g3_mex,hd,mexican,1,unweighted,2022-07,42,24,2,0.952381,0.0477527
g3_mex,hd,mexican,1,unweighted,2022-08,56,30,10,0.821429,0.0850261
g3_mex,hd,mexican,1,unweighted,2022-09,54,28,3,0.944444,0.0408463
g3_mex,hd,mexican,1,unweighted,2022-10,54,31,7,0.87037,0.0674403
g3_mex,hd,mexican,1,unweighted,2022-11,43,23,6,0.860465,0.0714147
g3_mex,hd,mexican,1,unweighted,2022-12,50,29,12,0.76,0.106925
g3_mex,hd,mexican,1,unweighted,2023-01,59,33,7,0.881356,0.0608936
g3_mex,hd,mexican,1,unweighted,2023-02,46,25,16,0.652174,0.113413
g3_mex,hd,mexican,1,unweighted,2023-03,58,31,12,0.793103,0.084173
g3_mex,hd,mexican,1,unweighted,2023-04,73,38,9,0.876712,0.0572994
g3_mex,hd,mexican,1,unweighted,2023-05,75,41,6,0.92,0.0362537
g3_mex,hd,mexican,1,unweighted,2023-06,51,28,4,0.921569,0.0479995
g3_mex,hd,mexican,1,unweighted,2023-07,74,36,8,0.891892,0.0475022
g3_mex,hd,mexican,1,unweighted,2023-08,78,33,11,0.858974,0.0823744
g3_mex,hd,mexican,1,unweighted,2023-09,82,38,8,0.902439,0.0523386
g3_mex,hd,mexican,1,unweighted,2023-10,63,37,8,0.873016,0.0517328
g3_mex,hd,mexican,1,unweighted,2023-11,61,35,3,0.95082,0.0290056
g3_mex,hd,mexican,1,unweighted,2023-12,50,26,2,0.96,0.0286127
g3_mex,hd,mexican,1,unweighted,2024-01,58,27,15,0.741379,0.0945999
g3_mex,hd,mexican,1,unweighted,2024-02,49,27,6,0.877551,0.0567305
g3_mex,hd,mexican,1,unweighted,2024-03,68,34,5,0.926471,0.0390268
g3_mex,hd,mexican,1,unweighted,2024-04,77,35,8,0.896104,0.0587489
g3_mex,hd,mexican,1,unweighted,2024-05,57,30,14,0.754386,0.0805904
g3_mex,hd,mexican,1,unweighted,2024-06,64,32,4,0.9375,0.032667
g3_mex,hd,mexican,1,unweighted,2024-07,54,30,6,0.888889,0.057466
g3_mex,hd,mexican,1,unweighted,2024-08,73,41,2,0.972603,0.0273946
g3_mex,hd,mexican,1,unweighted,2024-09,51,27,10,0.803922,0.0790972
g3_mex,hd,mexican,1,unweighted,2024-10,45,25,3,0.933333,0.0390209
g3_mex,hd,mexican,1,unweighted,2024-11,75,35,7,0.906667,0.0554993
g3_mex,hd,mexican,1,unweighted,2024-12,59,28,10,0.830508,0.0771366
g3_mex,hd,mexican,1,unweighted,2025-01,64,35,4,0.9375,0.0373895
g3_mex,hd,mexican,1,unweighted,2025-02,64,31,3,0.953125,0.0348067
g3_mex,hd,mexican,1,unweighted,2025-03,87,45,17,0.804598,0.0668684
g3_mex,hd,mexican,1,unweighted,2025-04,71,43,15,0.788732,0.0726649
g3_mex,hd,mexican,1,unweighted,2025-05,32,21,4,0.875,0.0642931
g3_mex,hd,mexican,1,unweighted,2025-06,46,23,8,0.826087,0.0929676
g3_mex,hd,mexican,1,unweighted,2025-07,48,25,4,0.916667,0.0506159
g3_mex,hd,mexican,1,unweighted,2025-08,80,43,10,0.875,0.0554926
g3_mex,hd,mexican,1,unweighted,2025-09,56,32,8,0.857143,0.070696
g3_mex,hd,mexican,1,unweighted,2025-11,51,23,4,0.921569,0.0489574
g3_mex,hd,mexican,1,unweighted,2025-12,66,35,4,0.939394,0.0366862
g3_mex,hd,mexican,1,unweighted,2026-01,64,33,8,0.875,0.0558885
g3_mex,hd,mexican,1,unweighted,2026-02,67,40,4,0.940299,0.0363146
g3_mex,hd,mexican,1,unweighted,2026-03,58,29,12,0.793103,0.0813747
g3_mex,hd,mexican,1,unweighted,2026-04,56,29,6,0.892857,0.0599303
g3_mex,hd,mexican,1,unweighted,2026-05,37,21,5,0.864865,0.0863665
g3_mex,hd,mexican,1,unweighted,2026-06,48,24,7,0.854167,0.0788064
g3_mex,hd,mexican,1,unweighted,2026-07,48,24,3,0.9375,0.0466101
g3_mex,hd,mexican,1,unweighted,2026-08,47,24,8,0.829787,0.101747
g3_mex,hd,mexican,1,state_mean,2019-01,65,32,8,0.888068,0.0659054
g3_mex,hd,mexican,1,state_mean,2019-02,63,34,11,0.82251,0.073281
g3_mex,hd,mexican,1,state_mean,2019-03,69,37,9,0.90405,0.0443055
g3_mex,hd,mexican,1,state_mean,2019-04,68,34,20,0.663283,0.104107
g3_mex,hd,mexican,1,state_mean,2019-05,53,26,5,0.899525,0.0464556
g3_mex,hd,mexican,1,state_mean,2019-06,75,40,10,0.91945,0.0368759
g3_mex,hd,mexican,1,state_mean,2019-07,70,36,6,0.903633,0.0485502
g3_mex,hd,mexican,1,state_mean,2019-08,65,31,11,0.836681,0.0785957
g3_mex,hd,mexican,1,state_mean,2019-09,59,30,11,0.820607,0.083118
g3_mex,hd,mexican,1,state_mean,2019-10,46,28,4,0.916568,0.0522869
g3_mex,hd,mexican,1,state_mean,2019-11,66,35,5,0.914768,0.0445666
g3_mex,hd,mexican,1,state_mean,2019-12,89,41,12,0.860317,0.0542047
g3_mex,hd,mexican,1,state_mean,2020-01,60,32,13,0.793798,0.0932745
g3_mex,hd,mexican,1,state_mean,2020-02,45,23,17,0.640902,0.127241
g3_mex,hd,mexican,1,state_mean,2020-03,36,21,10,0.762142,0.116256
g3_mex,hd,mexican,1,state_mean,2020-04,22,11,0,1,0
g3_mex,hd,mexican,1,state_mean,2020-05,34,15,4,0.939612,0.0505835
g3_mex,hd,mexican,1,state_mean,2020-06,21,13,1,0.952571,0.0494604
g3_mex,hd,mexican,1,state_mean,2020-07,27,15,5,0.836203,0.0923719
g3_mex,hd,mexican,1,state_mean,2020-08,25,14,5,0.75193,0.176033
g3_mex,hd,mexican,1,state_mean,2020-09,69,36,11,0.848729,0.0672293
g3_mex,hd,mexican,1,state_mean,2020-10,71,35,11,0.846457,0.0688906
g3_mex,hd,mexican,1,state_mean,2020-11,52,27,7,0.852117,0.0733114
g3_mex,hd,mexican,1,state_mean,2020-12,31,20,5,0.822211,0.114897
g3_mex,hd,mexican,1,state_mean,2021-01,45,25,1,0.994016,0.00626306
g3_mex,hd,mexican,1,state_mean,2021-02,64,38,13,0.818995,0.0662738
g3_mex,hd,mexican,1,state_mean,2021-03,48,29,6,0.870619,0.0705211
g3_mex,hd,mexican,1,state_mean,2021-04,51,26,10,0.912734,0.0428296
g3_mex,hd,mexican,1,state_mean,2021-05,65,37,11,0.878541,0.0549865
g3_mex,hd,mexican,1,state_mean,2021-06,35,21,10,0.726865,0.121232
g3_mex,hd,mexican,1,state_mean,2021-07,45,31,3,0.919456,0.0644035
g3_mex,hd,mexican,1,state_mean,2021-08,73,35,10,0.847388,0.0665884
g3_mex,hd,mexican,1,state_mean,2021-09,54,30,7,0.910782,0.041275
g3_mex,hd,mexican,1,state_mean,2021-10,72,38,12,0.828919,0.0643578
g3_mex,hd,mexican,1,state_mean,2021-11,82,39,11,0.860543,0.0483938
g3_mex,hd,mexican,1,state_mean,2021-12,53,26,1,0.997404,0.00270729
g3_mex,hd,mexican,1,state_mean,2022-01,55,32,4,0.921582,0.052522
g3_mex,hd,mexican,1,state_mean,2022-02,64,31,15,0.785135,0.0814836
g3_mex,hd,mexican,1,state_mean,2022-03,67,32,10,0.881502,0.0590414
g3_mex,hd,mexican,1,state_mean,2022-04,55,28,12,0.844347,0.0684127
g3_mex,hd,mexican,1,state_mean,2022-05,60,30,15,0.771167,0.0846656
g3_mex,hd,mexican,1,state_mean,2022-06,51,28,8,0.856941,0.0868003
g3_mex,hd,mexican,1,state_mean,2022-07,42,24,2,0.992245,0.00811202
g3_mex,hd,mexican,1,state_mean,2022-08,56,30,10,0.883331,0.0601249
g3_mex,hd,mexican,1,state_mean,2022-09,54,28,3,0.934097,0.0473173
g3_mex,hd,mexican,1,state_mean,2022-10,54,31,7,0.907834,0.0650315
g3_mex,hd,mexican,1,state_mean,2022-11,43,23,6,0.88058,0.0641301
g3_mex,hd,mexican,1,state_mean,2022-12,50,29,12,0.794071,0.0918961
g3_mex,hd,mexican,1,state_mean,2023-01,59,33,7,0.878782,0.0668158
g3_mex,hd,mexican,1,state_mean,2023-02,46,25,16,0.765738,0.0890588
g3_mex,hd,mexican,1,state_mean,2023-03,58,31,12,0.79932,0.0857931
g3_mex,hd,mexican,1,state_mean,2023-04,73,38,9,0.881414,0.0633556
g3_mex,hd,mexican,1,state_mean,2023-05,75,41,6,0.923981,0.0381732
g3_mex,hd,mexican,1,state_mean,2023-06,51,28,4,0.921088,0.0536205
g3_mex,hd,mexican,1,state_mean,2023-07,74,36,8,0.903862,0.0594329
g3_mex,hd,mexican,1,state_mean,2023-08,78,33,11,0.847672,0.0919466
g3_mex,hd,mexican,1,state_mean,2023-09,82,38,8,0.893875,0.0608485
g3_mex,hd,mexican,1,state_mean,2023-10,63,37,8,0.876091,0.0540587
g3_mex,hd,mexican,1,state_mean,2023-11,61,35,3,0.948211,0.0308136
g3_mex,hd,mexican,1,state_mean,2023-12,50,26,2,0.948817,0.0358933
g3_mex,hd,mexican,1,state_mean,2024-01,58,27,15,0.746238,0.101853
g3_mex,hd,mexican,1,state_mean,2024-02,49,27,6,0.914878,0.0562302
g3_mex,hd,mexican,1,state_mean,2024-03,68,34,5,0.937323,0.0373742
g3_mex,hd,mexican,1,state_mean,2024-04,77,35,8,0.912094,0.0468966
g3_mex,hd,mexican,1,state_mean,2024-05,57,30,14,0.734869,0.0921409
g3_mex,hd,mexican,1,state_mean,2024-06,64,32,4,0.95144,0.0286325
g3_mex,hd,mexican,1,state_mean,2024-07,54,30,6,0.901073,0.054894
g3_mex,hd,mexican,1,state_mean,2024-08,73,41,2,0.966994,0.0328805
g3_mex,hd,mexican,1,state_mean,2024-09,51,27,10,0.849836,0.0726557
g3_mex,hd,mexican,1,state_mean,2024-10,45,25,3,0.942203,0.0406153
g3_mex,hd,mexican,1,state_mean,2024-11,75,35,7,0.898001,0.073667
g3_mex,hd,mexican,1,state_mean,2024-12,59,28,10,0.815608,0.0897565
g3_mex,hd,mexican,1,state_mean,2025-01,64,35,4,0.927743,0.0429567
g3_mex,hd,mexican,1,state_mean,2025-02,64,31,3,0.975442,0.0191858
g3_mex,hd,mexican,1,state_mean,2025-03,87,45,17,0.80795,0.0678008
g3_mex,hd,mexican,1,state_mean,2025-04,71,43,15,0.827811,0.0608788
g3_mex,hd,mexican,1,state_mean,2025-05,32,21,4,0.905884,0.0576545
g3_mex,hd,mexican,1,state_mean,2025-06,46,23,8,0.901097,0.0642348
g3_mex,hd,mexican,1,state_mean,2025-07,48,25,4,0.900818,0.0660424
g3_mex,hd,mexican,1,state_mean,2025-08,80,43,10,0.861966,0.0616823
g3_mex,hd,mexican,1,state_mean,2025-09,56,32,8,0.871882,0.0723571
g3_mex,hd,mexican,1,state_mean,2025-11,51,23,4,0.934522,0.0415142
g3_mex,hd,mexican,1,state_mean,2025-12,66,35,4,0.936534,0.0363726
g3_mex,hd,mexican,1,state_mean,2026-01,64,33,8,0.906874,0.0521887
g3_mex,hd,mexican,1,state_mean,2026-02,67,40,4,0.941599,0.0402087
g3_mex,hd,mexican,1,state_mean,2026-03,58,29,12,0.762511,0.0929524
g3_mex,hd,mexican,1,state_mean,2026-04,56,29,6,0.917996,0.0548056
g3_mex,hd,mexican,1,state_mean,2026-05,37,21,5,0.885507,0.0762806
g3_mex,hd,mexican,1,state_mean,2026-06,48,24,7,0.962275,0.0243063
g3_mex,hd,mexican,1,state_mean,2026-07,48,24,3,0.958287,0.0336605
g3_mex,hd,mexican,1,state_mean,2026-08,47,24,8,0.909473,0.0478465
g3_mex,hd,mexican,1,final,2019-01,65,32,8,0.910712,0.0540913
g3_mex,hd,mexican,1,final,2019-02,63,34,11,0.823421,0.0750054
g3_mex,hd,mexican,1,final,2019-03,69,37,9,0.886236,0.0515083
g3_mex,hd,mexican,1,final,2019-04,68,34,20,0.692784,0.0977202
g3_mex,hd,mexican,1,final,2019-05,53,26,5,0.910497,0.0399998
g3_mex,hd,mexican,1,final,2019-06,75,40,10,0.907306,0.0429196
g3_mex,hd,mexican,1,final,2019-07,70,36,6,0.907138,0.0483267
g3_mex,hd,mexican,1,final,2019-08,65,31,11,0.838998,0.0773413
g3_mex,hd,mexican,1,final,2019-09,59,30,11,0.852776,0.0720525
g3_mex,hd,mexican,1,final,2019-10,46,28,4,0.930919,0.0423311
g3_mex,hd,mexican,1,final,2019-11,66,35,5,0.913606,0.0458117
g3_mex,hd,mexican,1,final,2019-12,89,41,12,0.871038,0.0508242
g3_mex,hd,mexican,1,final,2020-01,60,32,13,0.807948,0.0911707
g3_mex,hd,mexican,1,final,2020-02,45,23,17,0.690373,0.119672
g3_mex,hd,mexican,1,final,2020-03,36,21,10,0.788379,0.114901
g3_mex,hd,mexican,1,final,2020-04,22,11,0,1,0
g3_mex,hd,mexican,1,final,2020-05,34,15,4,0.953453,0.0383928
g3_mex,hd,mexican,1,final,2020-06,21,13,1,0.976237,0.0255901
g3_mex,hd,mexican,1,final,2020-07,27,15,5,0.85421,0.0821063
g3_mex,hd,mexican,1,final,2020-08,25,14,5,0.778107,0.163204
g3_mex,hd,mexican,1,final,2020-09,69,36,11,0.862451,0.0627417
g3_mex,hd,mexican,1,final,2020-10,71,35,11,0.862816,0.0637855
g3_mex,hd,mexican,1,final,2020-11,52,27,7,0.872223,0.0655817
g3_mex,hd,mexican,1,final,2020-12,31,20,5,0.825921,0.112224
g3_mex,hd,mexican,1,final,2021-01,45,25,1,0.987989,0.0124668
g3_mex,hd,mexican,1,final,2021-02,64,38,13,0.835859,0.0638698
g3_mex,hd,mexican,1,final,2021-03,48,29,6,0.87357,0.0735622
g3_mex,hd,mexican,1,final,2021-04,51,26,10,0.925517,0.037758
g3_mex,hd,mexican,1,final,2021-05,65,37,11,0.869298,0.0669523
g3_mex,hd,mexican,1,final,2021-06,35,21,10,0.706857,0.125392
g3_mex,hd,mexican,1,final,2021-07,45,31,3,0.89454,0.08616
g3_mex,hd,mexican,1,final,2021-08,73,35,10,0.833923,0.0761436
g3_mex,hd,mexican,1,final,2021-09,54,30,7,0.933655,0.0332742
g3_mex,hd,mexican,1,final,2021-10,72,38,12,0.853367,0.0560139
g3_mex,hd,mexican,1,final,2021-11,82,39,11,0.866733,0.0459591
g3_mex,hd,mexican,1,final,2021-12,53,26,1,0.997958,0.00213024
g3_mex,hd,mexican,1,final,2022-01,55,32,4,0.927928,0.0494485
g3_mex,hd,mexican,1,final,2022-02,64,31,15,0.769291,0.0849222
g3_mex,hd,mexican,1,final,2022-03,67,32,10,0.904794,0.0497293
g3_mex,hd,mexican,1,final,2022-04,55,28,12,0.839248,0.0721643
g3_mex,hd,mexican,1,final,2022-05,60,30,15,0.765448,0.0870299
g3_mex,hd,mexican,1,final,2022-06,51,28,8,0.836067,0.0915134
g3_mex,hd,mexican,1,final,2022-07,42,24,2,0.995516,0.00471795
g3_mex,hd,mexican,1,final,2022-08,56,30,10,0.881187,0.0606112
g3_mex,hd,mexican,1,final,2022-09,54,28,3,0.9362,0.0471891
g3_mex,hd,mexican,1,final,2022-10,54,31,7,0.916765,0.0596391
g3_mex,hd,mexican,1,final,2022-11,43,23,6,0.888707,0.0599019
g3_mex,hd,mexican,1,final,2022-12,50,29,12,0.788301,0.0936464
g3_mex,hd,mexican,1,final,2023-01,59,33,7,0.902266,0.0544794
g3_mex,hd,mexican,1,final,2023-02,46,25,16,0.792185,0.0790088
g3_mex,hd,mexican,1,final,2023-03,58,31,12,0.828813,0.0768681
g3_mex,hd,mexican,1,final,2023-04,73,38,9,0.89886,0.0509427
g3_mex,hd,mexican,1,final,2023-05,75,41,6,0.924934,0.0388044
g3_mex,hd,mexican,1,final,2023-06,51,28,4,0.90296,0.0644149
g3_mex,hd,mexican,1,final,2023-07,74,36,8,0.918246,0.0503403
g3_mex,hd,mexican,1,final,2023-08,78,33,11,0.846268,0.0935304
g3_mex,hd,mexican,1,final,2023-09,82,38,8,0.902178,0.0564009
g3_mex,hd,mexican,1,final,2023-10,63,37,8,0.879403,0.0539356
g3_mex,hd,mexican,1,final,2023-11,61,35,3,0.952541,0.0293824
g3_mex,hd,mexican,1,final,2023-12,50,26,2,0.831798,0.125637
g3_mex,hd,mexican,1,final,2024-01,58,27,15,0.728713,0.105782
g3_mex,hd,mexican,1,final,2024-02,49,27,6,0.918159,0.0544868
g3_mex,hd,mexican,1,final,2024-03,68,34,5,0.923191,0.0501799
g3_mex,hd,mexican,1,final,2024-04,77,35,8,0.878667,0.0649331
g3_mex,hd,mexican,1,final,2024-05,57,30,14,0.733494,0.091764
g3_mex,hd,mexican,1,final,2024-06,64,32,4,0.944177,0.0334886
g3_mex,hd,mexican,1,final,2024-07,54,30,6,0.904915,0.0590789
g3_mex,hd,mexican,1,final,2024-08,73,41,2,0.974762,0.0253767
g3_mex,hd,mexican,1,final,2024-09,51,27,10,0.831355,0.0809436
g3_mex,hd,mexican,1,final,2024-10,45,25,3,0.942542,0.0410331
g3_mex,hd,mexican,1,final,2024-11,75,35,7,0.890541,0.0805601
g3_mex,hd,mexican,1,final,2024-12,59,28,10,0.82607,0.0875364
g3_mex,hd,mexican,1,final,2025-01,64,35,4,0.94075,0.0349802
g3_mex,hd,mexican,1,final,2025-02,64,31,3,0.969735,0.0249314
g3_mex,hd,mexican,1,final,2025-03,87,45,17,0.827701,0.0636857
g3_mex,hd,mexican,1,final,2025-04,71,43,15,0.842769,0.0577695
g3_mex,hd,mexican,1,final,2025-05,32,21,4,0.907419,0.0561327
g3_mex,hd,mexican,1,final,2025-06,46,23,8,0.906935,0.0610979
g3_mex,hd,mexican,1,final,2025-07,48,25,4,0.914454,0.057652
g3_mex,hd,mexican,1,final,2025-08,80,43,10,0.876967,0.0571949
g3_mex,hd,mexican,1,final,2025-09,56,32,8,0.877873,0.0675568
g3_mex,hd,mexican,1,final,2025-11,51,23,4,0.941573,0.0375222
g3_mex,hd,mexican,1,final,2025-12,66,35,4,0.933623,0.037294
g3_mex,hd,mexican,1,final,2026-01,64,33,8,0.905053,0.0529384
g3_mex,hd,mexican,1,final,2026-02,67,40,4,0.939322,0.0418477
g3_mex,hd,mexican,1,final,2026-03,58,29,12,0.760425,0.108158
g3_mex,hd,mexican,1,final,2026-04,56,29,6,0.930878,0.0453616
g3_mex,hd,mexican,1,final,2026-05,37,21,5,0.89834,0.0661841
g3_mex,hd,mexican,1,final,2026-06,48,24,7,0.9649,0.0228909
g3_mex,hd,mexican,1,final,2026-07,48,24,3,0.968206,0.024697
g3_mex,hd,mexican,1,final,2026-08,47,24,8,0.921856,0.0418005
g3_mex,hd,mexican,5,unweighted,2019-01,77,43,9,0.883117,0.0503619
g3_mex,hd,mexican,5,unweighted,2019-02,54,29,7,0.87037,0.0655109
g3_mex,hd,mexican,5,unweighted,2019-03,51,28,8,0.843137,0.067155
g3_mex,hd,mexican,5,unweighted,2019-04,81,46,30,0.62963,0.0840064
g3_mex,hd,mexican,5,unweighted,2019-05,46,25,7,0.847826,0.0927639
g3_mex,hd,mexican,5,unweighted,2019-06,73,37,17,0.767123,0.0813235
g3_mex,hd,mexican,5,unweighted,2019-07,58,34,8,0.862069,0.0622249
g3_mex,hd,mexican,5,unweighted,2019-08,63,36,10,0.84127,0.064492
g3_mex,hd,mexican,5,unweighted,2019-09,79,42,23,0.708861,0.083194
g3_mex,hd,mexican,5,unweighted,2019-10,74,39,8,0.891892,0.041956
g3_mex,hd,mexican,5,unweighted,2019-11,46,26,6,0.869565,0.0724272
g3_mex,hd,mexican,5,unweighted,2019-12,76,37,8,0.894737,0.0557961
g3_mex,hd,mexican,5,unweighted,2020-01,57,32,7,0.877193,0.0606339
g3_mex,hd,mexican,5,unweighted,2020-02,60,33,13,0.783333,0.0801796
g3_mex,hd,mexican,5,unweighted,2020-03,58,31,3,0.948276,0.0509277
g3_mex,hd,mexican,5,unweighted,2020-04,31,19,12,0.612903,0.144158
g3_mex,hd,mexican,5,unweighted,2020-05,62,26,21,0.66129,0.102685
g3_mex,hd,mexican,5,unweighted,2020-06,60,29,3,0.95,0.0374696
g3_mex,hd,mexican,5,unweighted,2020-07,71,36,3,0.957746,0.0249683
g3_mex,hd,mexican,5,unweighted,2020-08,50,28,7,0.86,0.0730878
g3_mex,hd,mexican,5,unweighted,2020-09,66,31,10,0.848485,0.0685913
g3_mex,hd,mexican,5,unweighted,2020-10,49,28,4,0.918367,0.0419444
g3_mex,hd,mexican,5,unweighted,2020-11,64,37,3,0.953125,0.0347817
g3_mex,hd,mexican,5,unweighted,2020-12,85,43,11,0.870588,0.0483572
g3_mex,hd,mexican,5,unweighted,2021-01,61,33,11,0.819672,0.0805067
g3_mex,hd,mexican,5,unweighted,2021-02,49,25,16,0.673469,0.113642
g3_mex,hd,mexican,5,unweighted,2021-03,49,23,7,0.857143,0.0741059
g3_mex,hd,mexican,5,unweighted,2021-04,54,30,5,0.907407,0.0488093
g3_mex,hd,mexican,5,unweighted,2021-05,62,34,10,0.83871,0.0615793
g3_mex,hd,mexican,5,unweighted,2021-06,52,28,10,0.807692,0.080139
g3_mex,hd,mexican,5,unweighted,2021-07,88,46,11,0.875,0.0469338
g3_mex,hd,mexican,5,unweighted,2021-08,28,17,3,0.892857,0.0791048
g3_mex,hd,mexican,5,unweighted,2021-09,52,28,12,0.769231,0.0902856
g3_mex,hd,mexican,5,unweighted,2021-10,67,33,13,0.80597,0.0691155
g3_mex,hd,mexican,5,unweighted,2021-11,42,25,7,0.833333,0.0807989
g3_mex,hd,mexican,5,unweighted,2021-12,53,28,8,0.849057,0.0726366
g3_mex,hd,mexican,5,unweighted,2022-01,50,27,5,0.9,0.0529906
g3_mex,hd,mexican,5,unweighted,2022-02,55,35,11,0.8,0.078091
g3_mex,hd,mexican,5,unweighted,2022-03,35,21,7,0.8,0.10108
g3_mex,hd,mexican,5,unweighted,2022-04,58,32,8,0.862069,0.0591222
g3_mex,hd,mexican,5,unweighted,2022-05,54,29,8,0.851852,0.0864915
g3_mex,hd,mexican,5,unweighted,2022-06,41,20,12,0.707317,0.106724
g3_mex,hd,mexican,5,unweighted,2022-07,50,31,4,0.92,0.0483988
g3_mex,hd,mexican,5,unweighted,2022-08,65,31,11,0.830769,0.0646553
g3_mex,hd,mexican,5,unweighted,2022-09,35,22,4,0.885714,0.0658645
g3_mex,hd,mexican,5,unweighted,2022-10,63,34,9,0.857143,0.0588617
g3_mex,hd,mexican,5,unweighted,2022-11,80,40,11,0.8625,0.055804
g3_mex,hd,mexican,5,unweighted,2022-12,52,27,1,0.980769,0.0196767
g3_mex,hd,mexican,5,unweighted,2023-01,46,28,4,0.913043,0.0827099
g3_mex,hd,mexican,5,unweighted,2023-02,63,31,14,0.777778,0.0847002
g3_mex,hd,mexican,5,unweighted,2023-03,69,35,15,0.782609,0.0844095
g3_mex,hd,mexican,5,unweighted,2023-04,38,21,6,0.842105,0.0806101
g3_mex,hd,mexican,5,unweighted,2023-05,52,25,4,0.923077,0.0591716
g3_mex,hd,mexican,5,unweighted,2023-06,47,24,8,0.829787,0.0918247
g3_mex,hd,mexican,5,unweighted,2023-07,48,27,3,0.9375,0.0467998
g3_mex,hd,mexican,5,unweighted,2023-08,61,33,6,0.901639,0.0661404
g3_mex,hd,mexican,5,unweighted,2023-09,56,27,6,0.892857,0.0855556
g3_mex,hd,mexican,5,unweighted,2023-10,56,35,4,0.928571,0.0426475
g3_mex,hd,mexican,5,unweighted,2023-11,40,22,5,0.875,0.0715215
g3_mex,hd,mexican,5,unweighted,2023-12,41,25,7,0.829268,0.077848
g3_mex,hd,mexican,5,unweighted,2024-01,45,27,6,0.866667,0.0721505
g3_mex,hd,mexican,5,unweighted,2024-02,55,29,16,0.709091,0.0987684
g3_mex,hd,mexican,5,unweighted,2024-03,58,33,10,0.827586,0.070512
g3_mex,hd,mexican,5,unweighted,2024-04,38,24,4,0.894737,0.0781878
g3_mex,hd,mexican,5,unweighted,2024-05,74,39,9,0.878378,0.0558615
g3_mex,hd,mexican,5,unweighted,2024-06,58,33,7,0.87931,0.0501656
g3_mex,hd,mexican,5,unweighted,2024-07,64,32,7,0.890625,0.0577188
g3_mex,hd,mexican,5,unweighted,2024-08,83,35,14,0.831325,0.0802473
g3_mex,hd,mexican,5,unweighted,2024-09,75,34,11,0.853333,0.0669039
g3_mex,hd,mexican,5,unweighted,2024-10,78,38,11,0.858974,0.0596532
g3_mex,hd,mexican,5,unweighted,2024-11,56,31,2,0.964286,0.0257367
g3_mex,hd,mexican,5,unweighted,2024-12,51,27,4,0.921569,0.0477375
g3_mex,hd,mexican,5,unweighted,2025-01,49,27,10,0.795918,0.0911145
g3_mex,hd,mexican,5,unweighted,2025-02,54,30,6,0.888889,0.062644
g3_mex,hd,mexican,5,unweighted,2025-03,49,26,4,0.918367,0.048573
g3_mex,hd,mexican,5,unweighted,2025-04,54,25,3,0.944444,0.0419746
g3_mex,hd,mexican,5,unweighted,2025-05,44,19,5,0.886364,0.0648954
g3_mex,hd,mexican,5,unweighted,2025-06,66,34,6,0.909091,0.0515982
g3_mex,hd,mexican,5,unweighted,2025-07,49,29,4,0.918367,0.0419177
g3_mex,hd,mexican,5,unweighted,2025-08,72,37,2,0.972222,0.0278331
g3_mex,hd,mexican,5,unweighted,2025-09,51,27,9,0.823529,0.0733456
g3_mex,hd,mexican,5,unweighted,2025-11,65,29,5,0.923077,0.0389892
g3_mex,hd,mexican,5,unweighted,2025-12,58,29,13,0.775862,0.0877203
g3_mex,hd,mexican,5,unweighted,2026-01,42,25,4,0.904762,0.0568073
g3_mex,hd,mexican,5,unweighted,2026-02,59,29,8,0.864407,0.0615802
g3_mex,hd,mexican,5,unweighted,2026-03,56,36,9,0.839286,0.0633139
g3_mex,hd,mexican,5,unweighted,2026-04,74,42,16,0.783784,0.0779583
g3_mex,hd,mexican,5,unweighted,2026-05,45,27,6,0.866667,0.091782
g3_mex,hd,mexican,5,unweighted,2026-06,51,28,7,0.862745,0.0741767
g3_mex,hd,mexican,5,unweighted,2026-07,45,22,3,0.933333,0.0400039
g3_mex,hd,mexican,5,unweighted,2026-08,70,39,6,0.914286,0.0446541
g3_mex,hd,mexican,5,state_mean,2019-01,77,43,9,0.900127,0.043581
g3_mex,hd,mexican,5,state_mean,2019-02,54,29,7,0.854124,0.0729964
g3_mex,hd,mexican,5,state_mean,2019-03,51,28,8,0.86519,0.0659266
g3_mex,hd,mexican,5,state_mean,2019-04,81,46,30,0.631976,0.0929278
g3_mex,hd,mexican,5,state_mean,2019-05,46,25,7,0.925761,0.0503385
g3_mex,hd,mexican,5,state_mean,2019-06,73,37,17,0.817016,0.0785848
g3_mex,hd,mexican,5,state_mean,2019-07,58,34,8,0.847225,0.0695301
g3_mex,hd,mexican,5,state_mean,2019-08,63,36,10,0.848845,0.0687527
g3_mex,hd,mexican,5,state_mean,2019-09,79,42,23,0.695771,0.0861713
g3_mex,hd,mexican,5,state_mean,2019-10,74,39,8,0.890116,0.0485135
g3_mex,hd,mexican,5,state_mean,2019-11,46,26,6,0.878117,0.0626309
g3_mex,hd,mexican,5,state_mean,2019-12,76,37,8,0.8806,0.0633721
g3_mex,hd,mexican,5,state_mean,2020-01,57,32,7,0.894986,0.0560441
g3_mex,hd,mexican,5,state_mean,2020-02,60,33,13,0.787105,0.0840896
g3_mex,hd,mexican,5,state_mean,2020-03,58,31,3,0.986232,0.0141488
g3_mex,hd,mexican,5,state_mean,2020-04,31,19,12,0.60452,0.174818
g3_mex,hd,mexican,5,state_mean,2020-05,62,26,21,0.717612,0.102937
g3_mex,hd,mexican,5,state_mean,2020-06,60,29,3,0.984529,0.0125476
g3_mex,hd,mexican,5,state_mean,2020-07,71,36,3,0.950255,0.0294179
g3_mex,hd,mexican,5,state_mean,2020-08,50,28,7,0.836785,0.0836713
g3_mex,hd,mexican,5,state_mean,2020-09,66,31,10,0.842438,0.0759812
g3_mex,hd,mexican,5,state_mean,2020-10,49,28,4,0.931942,0.0395322
g3_mex,hd,mexican,5,state_mean,2020-11,64,37,3,0.947254,0.0386521
g3_mex,hd,mexican,5,state_mean,2020-12,85,43,11,0.887404,0.0454441
g3_mex,hd,mexican,5,state_mean,2021-01,61,33,11,0.841839,0.0866543
g3_mex,hd,mexican,5,state_mean,2021-02,49,25,16,0.692116,0.113409
g3_mex,hd,mexican,5,state_mean,2021-03,49,23,7,0.877302,0.0828737
g3_mex,hd,mexican,5,state_mean,2021-04,54,30,5,0.918263,0.053807
g3_mex,hd,mexican,5,state_mean,2021-05,62,34,10,0.875758,0.0521581
g3_mex,hd,mexican,5,state_mean,2021-06,52,28,10,0.787897,0.0870894
g3_mex,hd,mexican,5,state_mean,2021-07,88,46,11,0.91554,0.0329978
g3_mex,hd,mexican,5,state_mean,2021-08,28,17,3,0.941807,0.0454305
g3_mex,hd,mexican,5,state_mean,2021-09,52,28,12,0.765205,0.0931079
g3_mex,hd,mexican,5,state_mean,2021-10,67,33,13,0.80999,0.0725208
g3_mex,hd,mexican,5,state_mean,2021-11,42,25,7,0.823572,0.0869048
g3_mex,hd,mexican,5,state_mean,2021-12,53,28,8,0.867725,0.0688946
g3_mex,hd,mexican,5,state_mean,2022-01,50,27,5,0.918135,0.0501626
g3_mex,hd,mexican,5,state_mean,2022-02,55,35,11,0.837533,0.0732101
g3_mex,hd,mexican,5,state_mean,2022-03,35,21,7,0.796283,0.110249
g3_mex,hd,mexican,5,state_mean,2022-04,58,32,8,0.892483,0.0483318
g3_mex,hd,mexican,5,state_mean,2022-05,54,29,8,0.857193,0.0933394
g3_mex,hd,mexican,5,state_mean,2022-06,41,20,12,0.723849,0.108965
g3_mex,hd,mexican,5,state_mean,2022-07,50,31,4,0.927754,0.055314
g3_mex,hd,mexican,5,state_mean,2022-08,65,31,11,0.842603,0.0675652
g3_mex,hd,mexican,5,state_mean,2022-09,35,22,4,0.924201,0.0456957
g3_mex,hd,mexican,5,state_mean,2022-10,63,34,9,0.832083,0.0710752
g3_mex,hd,mexican,5,state_mean,2022-11,80,40,11,0.859203,0.057313
g3_mex,hd,mexican,5,state_mean,2022-12,52,27,1,0.973245,0.0272549
g3_mex,hd,mexican,5,state_mean,2023-01,46,28,4,0.893468,0.0994947
g3_mex,hd,mexican,5,state_mean,2023-02,63,31,14,0.767178,0.0926804
g3_mex,hd,mexican,5,state_mean,2023-03,69,35,15,0.778484,0.0952666
g3_mex,hd,mexican,5,state_mean,2023-04,38,21,6,0.829146,0.0861011
g3_mex,hd,mexican,5,state_mean,2023-05,52,25,4,0.925147,0.0665993
g3_mex,hd,mexican,5,state_mean,2023-06,47,24,8,0.857415,0.0876406
g3_mex,hd,mexican,5,state_mean,2023-07,48,27,3,0.972034,0.023726
g3_mex,hd,mexican,5,state_mean,2023-08,61,33,6,0.944673,0.0417534
g3_mex,hd,mexican,5,state_mean,2023-09,56,27,6,0.957695,0.032049
g3_mex,hd,mexican,5,state_mean,2023-10,56,35,4,0.969374,0.0223701
g3_mex,hd,mexican,5,state_mean,2023-11,40,22,5,0.915516,0.0497181
g3_mex,hd,mexican,5,state_mean,2023-12,41,25,7,0.833407,0.0809684
g3_mex,hd,mexican,5,state_mean,2024-01,45,27,6,0.85796,0.0767699
g3_mex,hd,mexican,5,state_mean,2024-02,55,29,16,0.813986,0.0765549
g3_mex,hd,mexican,5,state_mean,2024-03,58,33,10,0.826509,0.0740343
g3_mex,hd,mexican,5,state_mean,2024-04,38,24,4,0.875729,0.104196
g3_mex,hd,mexican,5,state_mean,2024-05,74,39,9,0.876714,0.0581331
g3_mex,hd,mexican,5,state_mean,2024-06,58,33,7,0.881193,0.055584
g3_mex,hd,mexican,5,state_mean,2024-07,64,32,7,0.919553,0.049427
g3_mex,hd,mexican,5,state_mean,2024-08,83,35,14,0.821593,0.0907835
g3_mex,hd,mexican,5,state_mean,2024-09,75,34,11,0.835021,0.077734
g3_mex,hd,mexican,5,state_mean,2024-10,78,38,11,0.857272,0.0644711
g3_mex,hd,mexican,5,state_mean,2024-11,56,31,2,0.959794,0.0288908
g3_mex,hd,mexican,5,state_mean,2024-12,51,27,4,0.903758,0.0557522
g3_mex,hd,mexican,5,state_mean,2025-01,49,27,10,0.73117,0.109523
g3_mex,hd,mexican,5,state_mean,2025-02,54,30,6,0.909016,0.0657799
g3_mex,hd,mexican,5,state_mean,2025-03,49,26,4,0.929381,0.0491724
g3_mex,hd,mexican,5,state_mean,2025-04,54,25,3,0.942515,0.0498862
g3_mex,hd,mexican,5,state_mean,2025-05,44,19,5,0.879774,0.0678664
g3_mex,hd,mexican,5,state_mean,2025-06,66,34,6,0.94599,0.0304585
g3_mex,hd,mexican,5,state_mean,2025-07,49,29,4,0.928341,0.0406306
g3_mex,hd,mexican,5,state_mean,2025-08,72,37,2,0.964197,0.035707
g3_mex,hd,mexican,5,state_mean,2025-09,51,27,9,0.835509,0.0732094
g3_mex,hd,mexican,5,state_mean,2025-11,65,29,5,0.908798,0.049328
g3_mex,hd,mexican,5,state_mean,2025-12,58,29,13,0.752834,0.100316
g3_mex,hd,mexican,5,state_mean,2026-01,42,25,4,0.884961,0.0685777
g3_mex,hd,mexican,5,state_mean,2026-02,59,29,8,0.898062,0.0522928
g3_mex,hd,mexican,5,state_mean,2026-03,56,36,9,0.843461,0.0636378
g3_mex,hd,mexican,5,state_mean,2026-04,74,42,16,0.821834,0.0742861
g3_mex,hd,mexican,5,state_mean,2026-05,45,27,6,0.915388,0.0643795
g3_mex,hd,mexican,5,state_mean,2026-06,51,28,7,0.876447,0.0690744
g3_mex,hd,mexican,5,state_mean,2026-07,45,22,3,0.94073,0.0422511
g3_mex,hd,mexican,5,state_mean,2026-08,70,39,6,0.914796,0.0476468
g3_mex,hd,mexican,5,final,2019-01,77,43,9,0.911305,0.0395188
g3_mex,hd,mexican,5,final,2019-02,54,29,7,0.845253,0.0777617
g3_mex,hd,mexican,5,final,2019-03,51,28,8,0.863913,0.0716049
g3_mex,hd,mexican,5,final,2019-04,81,46,30,0.669775,0.0859097
g3_mex,hd,mexican,5,final,2019-05,46,25,7,0.929178,0.0485198
g3_mex,hd,mexican,5,final,2019-06,73,37,17,0.844863,0.0696122
g3_mex,hd,mexican,5,final,2019-07,58,34,8,0.839078,0.0772154
g3_mex,hd,mexican,5,final,2019-08,63,36,10,0.858672,0.0663912
g3_mex,hd,mexican,5,final,2019-09,79,42,23,0.718436,0.0801394
g3_mex,hd,mexican,5,final,2019-10,74,39,8,0.912601,0.0386014
g3_mex,hd,mexican,5,final,2019-11,46,26,6,0.841002,0.079104
g3_mex,hd,mexican,5,final,2019-12,76,37,8,0.880117,0.0653866
g3_mex,hd,mexican,5,final,2020-01,57,32,7,0.897453,0.0533749
g3_mex,hd,mexican,5,final,2020-02,60,33,13,0.800718,0.0803028
g3_mex,hd,mexican,5,final,2020-03,58,31,3,0.988456,0.0118993
g3_mex,hd,mexican,5,final,2020-04,31,19,12,0.674921,0.148859
g3_mex,hd,mexican,5,final,2020-05,62,26,21,0.765049,0.0963372
g3_mex,hd,mexican,5,final,2020-06,60,29,3,0.989222,0.00865466
g3_mex,hd,mexican,5,final,2020-07,71,36,3,0.953963,0.0275379
g3_mex,hd,mexican,5,final,2020-08,50,28,7,0.85286,0.0763605
g3_mex,hd,mexican,5,final,2020-09,66,31,10,0.858417,0.0683723
g3_mex,hd,mexican,5,final,2020-10,49,28,4,0.940483,0.0339242
g3_mex,hd,mexican,5,final,2020-11,64,37,3,0.955416,0.0335849
g3_mex,hd,mexican,5,final,2020-12,85,43,11,0.89316,0.0444787
g3_mex,hd,mexican,5,final,2021-01,61,33,11,0.852493,0.0839294
g3_mex,hd,mexican,5,final,2021-02,49,25,16,0.706735,0.11313
g3_mex,hd,mexican,5,final,2021-03,49,23,7,0.878002,0.0830467
g3_mex,hd,mexican,5,final,2021-04,54,30,5,0.926929,0.0500484
g3_mex,hd,mexican,5,final,2021-05,62,34,10,0.876965,0.0534096
g3_mex,hd,mexican,5,final,2021-06,52,28,10,0.81912,0.0778496
g3_mex,hd,mexican,5,final,2021-07,88,46,11,0.910651,0.0372166
g3_mex,hd,mexican,5,final,2021-08,28,17,3,0.925853,0.0576297
g3_mex,hd,mexican,5,final,2021-09,52,28,12,0.772784,0.0915092
g3_mex,hd,mexican,5,final,2021-10,67,33,13,0.828507,0.0680139
g3_mex,hd,mexican,5,final,2021-11,42,25,7,0.80971,0.0946268
g3_mex,hd,mexican,5,final,2021-12,53,28,8,0.878296,0.0642049
g3_mex,hd,mexican,5,final,2022-01,50,27,5,0.897442,0.0657323
g3_mex,hd,mexican,5,final,2022-02,55,35,11,0.84066,0.0729147
g3_mex,hd,mexican,5,final,2022-03,35,21,7,0.841058,0.0923053
g3_mex,hd,mexican,5,final,2022-04,58,32,8,0.883311,0.0594759
g3_mex,hd,mexican,5,final,2022-05,54,29,8,0.860584,0.0895323
g3_mex,hd,mexican,5,final,2022-06,41,20,12,0.651127,0.134488
g3_mex,hd,mexican,5,final,2022-07,50,31,4,0.8869,0.0941332
g3_mex,hd,mexican,5,final,2022-08,65,31,11,0.813048,0.0763133
g3_mex,hd,mexican,5,final,2022-09,35,22,4,0.931207,0.0423819
g3_mex,hd,mexican,5,final,2022-10,63,34,9,0.849401,0.0665728
g3_mex,hd,mexican,5,final,2022-11,80,40,11,0.851027,0.0619287
g3_mex,hd,mexican,5,final,2022-12,52,27,1,0.975931,0.0245732
g3_mex,hd,mexican,5,final,2023-01,46,28,4,0.91978,0.077302
g3_mex,hd,mexican,5,final,2023-02,63,31,14,0.752759,0.0997931
g3_mex,hd,mexican,5,final,2023-03,69,35,15,0.804868,0.0829933
g3_mex,hd,mexican,5,final,2023-04,38,21,6,0.848707,0.0798448
g3_mex,hd,mexican,5,final,2023-05,52,25,4,0.932181,0.059925
g3_mex,hd,mexican,5,final,2023-06,47,24,8,0.863381,0.0826394
g3_mex,hd,mexican,5,final,2023-07,48,27,3,0.975491,0.0215438
g3_mex,hd,mexican,5,final,2023-08,61,33,6,0.950454,0.0415135
g3_mex,hd,mexican,5,final,2023-09,56,27,6,0.955346,0.0325023
g3_mex,hd,mexican,5,final,2023-10,56,35,4,0.981429,0.0139849
g3_mex,hd,mexican,5,final,2023-11,40,22,5,0.935873,0.039078
g3_mex,hd,mexican,5,final,2023-12,41,25,7,0.823276,0.0906928
g3_mex,hd,mexican,5,final,2024-01,45,27,6,0.869008,0.0725472
g3_mex,hd,mexican,5,final,2024-02,55,29,16,0.84352,0.067432
g3_mex,hd,mexican,5,final,2024-03,58,33,10,0.818148,0.0764076
g3_mex,hd,mexican,5,final,2024-04,38,24,4,0.897725,0.0870699
g3_mex,hd,mexican,5,final,2024-05,74,39,9,0.873397,0.057724
g3_mex,hd,mexican,5,final,2024-06,58,33,7,0.865101,0.061037
g3_mex,hd,mexican,5,final,2024-07,64,32,7,0.901757,0.0632627
g3_mex,hd,mexican,5,final,2024-08,83,35,14,0.820394,0.0932489
g3_mex,hd,mexican,5,final,2024-09,75,34,11,0.865358,0.0679011
g3_mex,hd,mexican,5,final,2024-10,78,38,11,0.852184,0.0689311
g3_mex,hd,mexican,5,final,2024-11,56,31,2,0.957725,0.0303918
g3_mex,hd,mexican,5,final,2024-12,51,27,4,0.908359,0.0524088
g3_mex,hd,mexican,5,final,2025-01,49,27,10,0.75192,0.107646
g3_mex,hd,mexican,5,final,2025-02,54,30,6,0.920561,0.054355
g3_mex,hd,mexican,5,final,2025-03,49,26,4,0.918953,0.061184
g3_mex,hd,mexican,5,final,2025-04,54,25,3,0.94902,0.0452961
g3_mex,hd,mexican,5,final,2025-05,44,19,5,0.90514,0.0535442
g3_mex,hd,mexican,5,final,2025-06,66,34,6,0.931459,0.0390795
g3_mex,hd,mexican,5,final,2025-07,49,29,4,0.928173,0.0435941
g3_mex,hd,mexican,5,final,2025-08,72,37,2,0.961442,0.0383768
g3_mex,hd,mexican,5,final,2025-09,51,27,9,0.82093,0.07922
g3_mex,hd,mexican,5,final,2025-11,65,29,5,0.902802,0.0551292
g3_mex,hd,mexican,5,final,2025-12,58,29,13,0.749063,0.102467
g3_mex,hd,mexican,5,final,2026-01,42,25,4,0.899487,0.0593147
g3_mex,hd,mexican,5,final,2026-02,59,29,8,0.897358,0.0515932
g3_mex,hd,mexican,5,final,2026-03,56,36,9,0.869195,0.0561029
g3_mex,hd,mexican,5,final,2026-04,74,42,16,0.850656,0.0708165
g3_mex,hd,mexican,5,final,2026-05,45,27,6,0.902657,0.0680213
g3_mex,hd,mexican,5,final,2026-06,51,28,7,0.894209,0.0598638
g3_mex,hd,mexican,5,final,2026-07,45,22,3,0.950993,0.0355961
g3_mex,hd,mexican,5,final,2026-08,70,39,6,0.922689,0.0451727
g3_mex,hd,mexican,1+5,unweighted,2019-01,142,75,17,0.880282,0.0411055
g3_mex,hd,mexican,1+5,unweighted,2019-02,117,63,18,0.846154,0.0473015
g3_mex,hd,mexican,1+5,unweighted,2019-03,120,65,17,0.858333,0.0464717
g3_mex,hd,mexican,1+5,unweighted,2019-04,149,80,50,0.66443,0.0620806
g3_mex,hd,mexican,1+5,unweighted,2019-05,99,51,12,0.878788,0.048779
g3_mex,hd,mexican,1+5,unweighted,2019-06,148,77,27,0.817568,0.0506251
g3_mex,hd,mexican,1+5,unweighted,2019-07,128,70,14,0.890625,0.0368318
g3_mex,hd,mexican,1+5,unweighted,2019-08,128,67,21,0.835938,0.0515981
g3_mex,hd,mexican,1+5,unweighted,2019-09,138,72,34,0.753623,0.0590666
g3_mex,hd,mexican,1+5,unweighted,2019-10,120,67,12,0.9,0.0321478
g3_mex,hd,mexican,1+5,unweighted,2019-11,112,61,11,0.901786,0.0379153
g3_mex,hd,mexican,1+5,unweighted,2019-12,165,78,20,0.878788,0.0359557
g3_mex,hd,mexican,1+5,unweighted,2020-01,117,64,20,0.82906,0.0550422
g3_mex,hd,mexican,1+5,unweighted,2020-02,105,56,30,0.714286,0.0704852
g3_mex,hd,mexican,1+5,unweighted,2020-03,94,52,13,0.861702,0.056242
g3_mex,hd,mexican,1+5,unweighted,2020-04,53,30,12,0.773585,0.0997081
g3_mex,hd,mexican,1+5,unweighted,2020-05,96,41,25,0.739583,0.075926
g3_mex,hd,mexican,1+5,unweighted,2020-06,81,42,4,0.950617,0.0302946
g3_mex,hd,mexican,1+5,unweighted,2020-07,98,51,8,0.918367,0.0319089
g3_mex,hd,mexican,1+5,unweighted,2020-08,75,42,12,0.84,0.0687221
g3_mex,hd,mexican,1+5,unweighted,2020-09,135,67,21,0.844444,0.0486496
g3_mex,hd,mexican,1+5,unweighted,2020-10,120,63,15,0.875,0.0418172
g3_mex,hd,mexican,1+5,unweighted,2020-11,116,64,10,0.913793,0.0352134
g3_mex,hd,mexican,1+5,unweighted,2020-12,116,63,16,0.862069,0.0429769
g3_mex,hd,mexican,1+5,unweighted,2021-01,106,58,12,0.886792,0.0489303
g3_mex,hd,mexican,1+5,unweighted,2021-02,113,63,29,0.743363,0.0652224
g3_mex,hd,mexican,1+5,unweighted,2021-03,97,52,13,0.865979,0.0484082
g3_mex,hd,mexican,1+5,unweighted,2021-04,105,56,15,0.857143,0.0501046
g3_mex,hd,mexican,1+5,unweighted,2021-05,127,71,21,0.834646,0.0467008
g3_mex,hd,mexican,1+5,unweighted,2021-06,87,49,20,0.770115,0.0654985
g3_mex,hd,mexican,1+5,unweighted,2021-07,133,77,14,0.894737,0.0350885
g3_mex,hd,mexican,1+5,unweighted,2021-08,101,52,13,0.871287,0.0509692
g3_mex,hd,mexican,1+5,unweighted,2021-09,106,58,19,0.820755,0.0545621
g3_mex,hd,mexican,1+5,unweighted,2021-10,139,71,25,0.820144,0.0445807
g3_mex,hd,mexican,1+5,unweighted,2021-11,124,64,18,0.854839,0.041008
g3_mex,hd,mexican,1+5,unweighted,2021-12,106,54,9,0.915094,0.0381611
g3_mex,hd,mexican,1+5,unweighted,2022-01,105,59,9,0.914286,0.0340577
g3_mex,hd,mexican,1+5,unweighted,2022-02,119,66,26,0.781513,0.0573682
g3_mex,hd,mexican,1+5,unweighted,2022-03,102,53,17,0.833333,0.0569538
g3_mex,hd,mexican,1+5,unweighted,2022-04,113,60,20,0.823009,0.0533572
g3_mex,hd,mexican,1+5,unweighted,2022-05,114,59,23,0.798246,0.060283
g3_mex,hd,mexican,1+5,unweighted,2022-06,92,48,20,0.782609,0.065994
g3_mex,hd,mexican,1+5,unweighted,2022-07,92,55,6,0.934783,0.0339084
g3_mex,hd,mexican,1+5,unweighted,2022-08,121,61,21,0.826446,0.0520943
g3_mex,hd,mexican,1+5,unweighted,2022-09,89,50,7,0.921348,0.035788
g3_mex,hd,mexican,1+5,unweighted,2022-10,117,65,16,0.863248,0.0440292
g3_mex,hd,mexican,1+5,unweighted,2022-11,123,63,17,0.861789,0.0437097
g3_mex,hd,mexican,1+5,unweighted,2022-12,102,56,13,0.872549,0.0581167
g3_mex,hd,mexican,1+5,unweighted,2023-01,105,61,11,0.895238,0.0492894
g3_mex,hd,mexican,1+5,unweighted,2023-02,109,56,30,0.724771,0.0692332
g3_mex,hd,mexican,1+5,unweighted,2023-03,127,66,27,0.787402,0.0593844
g3_mex,hd,mexican,1+5,unweighted,2023-04,111,59,15,0.864865,0.0463002
g3_mex,hd,mexican,1+5,unweighted,2023-05,127,66,10,0.92126,0.0320274
g3_mex,hd,mexican,1+5,unweighted,2023-06,98,52,12,0.877551,0.0510591
g3_mex,hd,mexican,1+5,unweighted,2023-07,122,63,11,0.909836,0.0341932
g3_mex,hd,mexican,1+5,unweighted,2023-08,139,66,17,0.877698,0.0543995
g3_mex,hd,mexican,1+5,unweighted,2023-09,138,65,14,0.898551,0.0462859
g3_mex,hd,mexican,1+5,unweighted,2023-10,119,72,12,0.89916,0.0338423
g3_mex,hd,mexican,1+5,unweighted,2023-11,101,57,8,0.920792,0.0336374
g3_mex,hd,mexican,1+5,unweighted,2023-12,91,51,9,0.901099,0.0390077
g3_mex,hd,mexican,1+5,unweighted,2024-01,103,54,21,0.796117,0.062534
g3_mex,hd,mexican,1+5,unweighted,2024-02,104,56,22,0.788462,0.0598771
g3_mex,hd,mexican,1+5,unweighted,2024-03,126,67,15,0.880952,0.0393183
g3_mex,hd,mexican,1+5,unweighted,2024-04,115,59,12,0.895652,0.0466946
g3_mex,hd,mexican,1+5,unweighted,2024-05,131,69,23,0.824427,0.0471834
g3_mex,hd,mexican,1+5,unweighted,2024-06,122,65,11,0.909836,0.0296275
g3_mex,hd,mexican,1+5,unweighted,2024-07,118,62,13,0.889831,0.0405465
g3_mex,hd,mexican,1+5,unweighted,2024-08,156,76,16,0.897436,0.045856
g3_mex,hd,mexican,1+5,unweighted,2024-09,126,61,21,0.833333,0.0505411
g3_mex,hd,mexican,1+5,unweighted,2024-10,123,63,14,0.886179,0.040767
g3_mex,hd,mexican,1+5,unweighted,2024-11,131,66,9,0.931298,0.0338406
g3_mex,hd,mexican,1+5,unweighted,2024-12,110,55,14,0.872727,0.0472719
g3_mex,hd,mexican,1+5,unweighted,2025-01,113,62,14,0.876106,0.0463537
g3_mex,hd,mexican,1+5,unweighted,2025-02,118,61,9,0.923729,0.034929
g3_mex,hd,mexican,1+5,unweighted,2025-03,136,71,21,0.845588,0.0465412
g3_mex,hd,mexican,1+5,unweighted,2025-04,125,68,18,0.856,0.0466237
g3_mex,hd,mexican,1+5,unweighted,2025-05,76,40,9,0.881579,0.0456237
g3_mex,hd,mexican,1+5,unweighted,2025-06,112,57,14,0.875,0.0492099
g3_mex,hd,mexican,1+5,unweighted,2025-07,97,54,8,0.917526,0.0324817
g3_mex,hd,mexican,1+5,unweighted,2025-08,152,80,12,0.921053,0.0324597
g3_mex,hd,mexican,1+5,unweighted,2025-09,107,59,17,0.841121,0.0502734
g3_mex,hd,mexican,1+5,unweighted,2025-11,116,52,9,0.922414,0.0303512
g3_mex,hd,mexican,1+5,unweighted,2025-12,124,64,17,0.862903,0.0468673
g3_mex,hd,mexican,1+5,unweighted,2026-01,106,58,12,0.886792,0.0402553
g3_mex,hd,mexican,1+5,unweighted,2026-02,126,69,12,0.904762,0.0345073
g3_mex,hd,mexican,1+5,unweighted,2026-03,114,65,21,0.815789,0.0514459
g3_mex,hd,mexican,1+5,unweighted,2026-04,130,71,22,0.830769,0.0520755
g3_mex,hd,mexican,1+5,unweighted,2026-05,82,48,11,0.865854,0.0630078
g3_mex,hd,mexican,1+5,unweighted,2026-06,99,52,14,0.858586,0.0534987
g3_mex,hd,mexican,1+5,unweighted,2026-07,93,46,6,0.935484,0.0305164
g3_mex,hd,mexican,1+5,unweighted,2026-08,117,63,14,0.880342,0.0495046
g3_mex,hd,mexican,1+5,state_mean,2019-01,142,75,17,0.894744,0.0378156
g3_mex,hd,mexican,1+5,state_mean,2019-02,117,63,18,0.83734,0.0516047
g3_mex,hd,mexican,1+5,state_mean,2019-03,120,65,17,0.886843,0.0379245
g3_mex,hd,mexican,1+5,state_mean,2019-04,149,80,50,0.647307,0.0692045
g3_mex,hd,mexican,1+5,state_mean,2019-05,99,51,12,0.911528,0.033902
g3_mex,hd,mexican,1+5,state_mean,2019-06,148,77,27,0.866748,0.0448193
g3_mex,hd,mexican,1+5,state_mean,2019-07,128,70,14,0.879436,0.0409959
g3_mex,hd,mexican,1+5,state_mean,2019-08,128,67,21,0.842719,0.0518464
g3_mex,hd,mexican,1+5,state_mean,2019-09,138,72,34,0.744089,0.0624505
g3_mex,hd,mexican,1+5,state_mean,2019-10,120,67,12,0.900986,0.0354221
g3_mex,hd,mexican,1+5,state_mean,2019-11,112,61,11,0.9003,0.0363029
g3_mex,hd,mexican,1+5,state_mean,2019-12,165,78,20,0.869922,0.0409817
g3_mex,hd,mexican,1+5,state_mean,2020-01,117,64,20,0.84159,0.0564563
g3_mex,hd,mexican,1+5,state_mean,2020-02,105,56,30,0.719847,0.075175
g3_mex,hd,mexican,1+5,state_mean,2020-03,94,52,13,0.894526,0.0531759
g3_mex,hd,mexican,1+5,state_mean,2020-04,53,30,12,0.761776,0.125188
g3_mex,hd,mexican,1+5,state_mean,2020-05,96,41,25,0.794654,0.0728392
g3_mex,hd,mexican,1+5,state_mean,2020-06,81,42,4,0.975622,0.016252
g3_mex,hd,mexican,1+5,state_mean,2020-07,98,51,8,0.926394,0.0306267
g3_mex,hd,mexican,1+5,state_mean,2020-08,75,42,12,0.807844,0.0816888
g3_mex,hd,mexican,1+5,state_mean,2020-09,135,67,21,0.84562,0.050255
g3_mex,hd,mexican,1+5,state_mean,2020-10,120,63,15,0.878416,0.0457601
g3_mex,hd,mexican,1+5,state_mean,2020-11,116,64,10,0.90358,0.0400165
g3_mex,hd,mexican,1+5,state_mean,2020-12,116,63,16,0.87097,0.0448482
g3_mex,hd,mexican,1+5,state_mean,2021-01,106,58,12,0.903569,0.0532467
g3_mex,hd,mexican,1+5,state_mean,2021-02,113,63,29,0.757506,0.0647831
g3_mex,hd,mexican,1+5,state_mean,2021-03,97,52,13,0.873885,0.0536381
g3_mex,hd,mexican,1+5,state_mean,2021-04,105,56,15,0.915521,0.0340933
g3_mex,hd,mexican,1+5,state_mean,2021-05,127,71,21,0.877248,0.0378452
g3_mex,hd,mexican,1+5,state_mean,2021-06,87,49,20,0.7652,0.0704691
g3_mex,hd,mexican,1+5,state_mean,2021-07,133,77,14,0.916914,0.030888
g3_mex,hd,mexican,1+5,state_mean,2021-08,101,52,13,0.876673,0.0484297
g3_mex,hd,mexican,1+5,state_mean,2021-09,106,58,19,0.843307,0.0496717
g3_mex,hd,mexican,1+5,state_mean,2021-10,139,71,25,0.819421,0.0481752
g3_mex,hd,mexican,1+5,state_mean,2021-11,124,64,18,0.846853,0.0440567
g3_mex,hd,mexican,1+5,state_mean,2021-12,106,54,9,0.935715,0.0331252
g3_mex,hd,mexican,1+5,state_mean,2022-01,105,59,9,0.919894,0.0360374
g3_mex,hd,mexican,1+5,state_mean,2022-02,119,66,26,0.809072,0.0551464
g3_mex,hd,mexican,1+5,state_mean,2022-03,102,53,17,0.849587,0.0558955
g3_mex,hd,mexican,1+5,state_mean,2022-04,113,60,20,0.867295,0.0424879
g3_mex,hd,mexican,1+5,state_mean,2022-05,114,59,23,0.8108,0.0617016
g3_mex,hd,mexican,1+5,state_mean,2022-06,92,48,20,0.797664,0.067586
g3_mex,hd,mexican,1+5,state_mean,2022-07,92,55,6,0.954201,0.033013
g3_mex,hd,mexican,1+5,state_mean,2022-08,121,61,21,0.861481,0.0454944
g3_mex,hd,mexican,1+5,state_mean,2022-09,89,50,7,0.930278,0.0336078
g3_mex,hd,mexican,1+5,state_mean,2022-10,117,65,16,0.870923,0.0476955
g3_mex,hd,mexican,1+5,state_mean,2022-11,123,63,17,0.865701,0.0442226
g3_mex,hd,mexican,1+5,state_mean,2022-12,102,56,13,0.883868,0.0500077
g3_mex,hd,mexican,1+5,state_mean,2023-01,105,61,11,0.884693,0.0559624
g3_mex,hd,mexican,1+5,state_mean,2023-02,109,56,30,0.766611,0.065663
g3_mex,hd,mexican,1+5,state_mean,2023-03,127,66,27,0.789022,0.0635912
g3_mex,hd,mexican,1+5,state_mean,2023-04,111,59,15,0.862278,0.0506045
g3_mex,hd,mexican,1+5,state_mean,2023-05,127,66,10,0.924445,0.0347599
g3_mex,hd,mexican,1+5,state_mean,2023-06,98,52,12,0.890813,0.0503299
g3_mex,hd,mexican,1+5,state_mean,2023-07,122,63,11,0.930872,0.0376427
g3_mex,hd,mexican,1+5,state_mean,2023-08,139,66,17,0.892887,0.0538441
g3_mex,hd,mexican,1+5,state_mean,2023-09,138,65,14,0.918025,0.039919
g3_mex,hd,mexican,1+5,state_mean,2023-10,119,72,12,0.919243,0.0310106
g3_mex,hd,mexican,1+5,state_mean,2023-11,101,57,8,0.936009,0.0267124
g3_mex,hd,mexican,1+5,state_mean,2023-12,91,51,9,0.894672,0.0423076
g3_mex,hd,mexican,1+5,state_mean,2024-01,103,54,21,0.802912,0.0640453
g3_mex,hd,mexican,1+5,state_mean,2024-02,104,56,22,0.862023,0.0477673
g3_mex,hd,mexican,1+5,state_mean,2024-03,126,67,15,0.886327,0.0404741
g3_mex,hd,mexican,1+5,state_mean,2024-04,115,59,12,0.900526,0.0461424
g3_mex,hd,mexican,1+5,state_mean,2024-05,131,69,23,0.816823,0.0514338
g3_mex,hd,mexican,1+5,state_mean,2024-06,122,65,11,0.917927,0.0307495
g3_mex,hd,mexican,1+5,state_mean,2024-07,118,62,13,0.91023,0.0366477
g3_mex,hd,mexican,1+5,state_mean,2024-08,156,76,16,0.888273,0.0533018
g3_mex,hd,mexican,1+5,state_mean,2024-09,126,61,21,0.841292,0.0541194
g3_mex,hd,mexican,1+5,state_mean,2024-10,123,63,14,0.886047,0.0452784
g3_mex,hd,mexican,1+5,state_mean,2024-11,131,66,9,0.924701,0.0440271
g3_mex,hd,mexican,1+5,state_mean,2024-12,110,55,14,0.854819,0.0559909
g3_mex,hd,mexican,1+5,state_mean,2025-01,113,62,14,0.851917,0.0530525
g3_mex,hd,mexican,1+5,state_mean,2025-02,118,61,9,0.946683,0.0309858
g3_mex,hd,mexican,1+5,state_mean,2025-03,136,71,21,0.84948,0.0480252
g3_mex,hd,mexican,1+5,state_mean,2025-04,125,68,18,0.878489,0.0410741
g3_mex,hd,mexican,1+5,state_mean,2025-05,76,40,9,0.890967,0.0455776
g3_mex,hd,mexican,1+5,state_mean,2025-06,112,57,14,0.92757,0.0318405
g3_mex,hd,mexican,1+5,state_mean,2025-07,97,54,8,0.916063,0.0368877
g3_mex,hd,mexican,1+5,state_mean,2025-08,152,80,12,0.906864,0.0383878
g3_mex,hd,mexican,1+5,state_mean,2025-09,107,59,17,0.854638,0.0507775
g3_mex,hd,mexican,1+5,state_mean,2025-11,116,52,9,0.918682,0.0342392
g3_mex,hd,mexican,1+5,state_mean,2025-12,124,64,17,0.847015,0.0546892
g3_mex,hd,mexican,1+5,state_mean,2026-01,106,58,12,0.897782,0.0414432
g3_mex,hd,mexican,1+5,state_mean,2026-02,126,69,12,0.92182,0.0319797
g3_mex,hd,mexican,1+5,state_mean,2026-03,114,65,21,0.804687,0.0553456
g3_mex,hd,mexican,1+5,state_mean,2026-04,130,71,22,0.864184,0.0487321
g3_mex,hd,mexican,1+5,state_mean,2026-05,82,48,11,0.902613,0.0486693
g3_mex,hd,mexican,1+5,state_mean,2026-06,99,52,14,0.916171,0.0396113
g3_mex,hd,mexican,1+5,state_mean,2026-07,93,46,6,0.949497,0.0266515
g3_mex,hd,mexican,1+5,state_mean,2026-08,117,63,14,0.912622,0.0340271
g3_mex,hd,mexican,1+5,final,2019-01,142,75,17,0.911034,0.03248
g3_mex,hd,mexican,1+5,final,2019-02,117,63,18,0.833727,0.0536786
g3_mex,hd,mexican,1+5,final,2019-03,120,65,17,0.876703,0.0421484
g3_mex,hd,mexican,1+5,final,2019-04,149,80,50,0.680467,0.0641973
g3_mex,hd,mexican,1+5,final,2019-05,99,51,12,0.918693,0.0306566
g3_mex,hd,mexican,1+5,final,2019-06,148,77,27,0.875673,0.0411972
g3_mex,hd,mexican,1+5,final,2019-07,128,70,14,0.877864,0.0436389
g3_mex,hd,mexican,1+5,final,2019-08,128,67,21,0.849198,0.0503201
g3_mex,hd,mexican,1+5,final,2019-09,138,72,34,0.771597,0.0568779
g3_mex,hd,mexican,1+5,final,2019-10,120,67,12,0.920283,0.0283198
g3_mex,hd,mexican,1+5,final,2019-11,112,61,11,0.885595,0.0416649
g3_mex,hd,mexican,1+5,final,2019-12,165,78,20,0.875424,0.0407456
g3_mex,hd,mexican,1+5,final,2020-01,117,64,20,0.850959,0.054425
g3_mex,hd,mexican,1+5,final,2020-02,105,56,30,0.749951,0.0699845
g3_mex,hd,mexican,1+5,final,2020-03,94,52,13,0.909579,0.0500917
g3_mex,hd,mexican,1+5,final,2020-04,53,30,12,0.817154,0.0955477
g3_mex,hd,mexican,1+5,final,2020-05,96,41,25,0.832857,0.0649517
g3_mex,hd,mexican,1+5,final,2020-06,81,42,4,0.985694,0.00922473
g3_mex,hd,mexican,1+5,final,2020-07,98,51,8,0.931369,0.0283991
g3_mex,hd,mexican,1+5,final,2020-08,75,42,12,0.828529,0.0740261
g3_mex,hd,mexican,1+5,final,2020-09,135,67,21,0.860437,0.0460219
g3_mex,hd,mexican,1+5,final,2020-10,120,63,15,0.891639,0.0421527
g3_mex,hd,mexican,1+5,final,2020-11,116,64,10,0.919093,0.0345625
g3_mex,hd,mexican,1+5,final,2020-12,116,63,16,0.87745,0.0432739
g3_mex,hd,mexican,1+5,final,2021-01,106,58,12,0.908317,0.0509968
g3_mex,hd,mexican,1+5,final,2021-02,113,63,29,0.768058,0.0670217
g3_mex,hd,mexican,1+5,final,2021-03,97,52,13,0.875701,0.0546804
g3_mex,hd,mexican,1+5,final,2021-04,105,56,15,0.92622,0.0310104
g3_mex,hd,mexican,1+5,final,2021-05,127,71,21,0.872765,0.043676
g3_mex,hd,mexican,1+5,final,2021-06,87,49,20,0.77585,0.0687711
g3_mex,hd,mexican,1+5,final,2021-07,133,77,14,0.904875,0.0389177
g3_mex,hd,mexican,1+5,final,2021-08,101,52,13,0.86243,0.0560625
g3_mex,hd,mexican,1+5,final,2021-09,106,58,19,0.859577,0.0473424
g3_mex,hd,mexican,1+5,final,2021-10,139,71,25,0.841104,0.0437027
g3_mex,hd,mexican,1+5,final,2021-11,124,64,18,0.846096,0.0450144
g3_mex,hd,mexican,1+5,final,2021-12,106,54,9,0.939621,0.0309718
g3_mex,hd,mexican,1+5,final,2022-01,105,59,9,0.913391,0.040392
g3_mex,hd,mexican,1+5,final,2022-02,119,66,26,0.800851,0.0571567
g3_mex,hd,mexican,1+5,final,2022-03,102,53,17,0.881483,0.046306
g3_mex,hd,mexican,1+5,final,2022-04,113,60,20,0.860573,0.0468786
g3_mex,hd,mexican,1+5,final,2022-05,114,59,23,0.808982,0.0615646
g3_mex,hd,mexican,1+5,final,2022-06,92,48,20,0.754742,0.0795798
g3_mex,hd,mexican,1+5,final,2022-07,92,55,6,0.931814,0.056851
g3_mex,hd,mexican,1+5,final,2022-08,121,61,21,0.843727,0.0503055
g3_mex,hd,mexican,1+5,final,2022-09,89,50,7,0.934389,0.0334405
g3_mex,hd,mexican,1+5,final,2022-10,117,65,16,0.885267,0.0440978
g3_mex,hd,mexican,1+5,final,2022-11,123,63,17,0.862547,0.0466982
g3_mex,hd,mexican,1+5,final,2022-12,102,56,13,0.883709,0.0502067
g3_mex,hd,mexican,1+5,final,2023-01,105,61,11,0.909596,0.0448226
g3_mex,hd,mexican,1+5,final,2023-02,109,56,30,0.767933,0.068377
g3_mex,hd,mexican,1+5,final,2023-03,127,66,27,0.816762,0.0562628
g3_mex,hd,mexican,1+5,final,2023-04,111,59,15,0.879576,0.0432365
g3_mex,hd,mexican,1+5,final,2023-05,127,66,10,0.927713,0.0328889
g3_mex,hd,mexican,1+5,final,2023-06,98,52,12,0.883914,0.0516492
g3_mex,hd,mexican,1+5,final,2023-07,122,63,11,0.940456,0.032136
g3_mex,hd,mexican,1+5,final,2023-08,139,66,17,0.894614,0.054677
g3_mex,hd,mexican,1+5,final,2023-09,138,65,14,0.922302,0.0372421
g3_mex,hd,mexican,1+5,final,2023-10,119,72,12,0.926303,0.030213
g3_mex,hd,mexican,1+5,final,2023-11,101,57,8,0.946161,0.0233402
g3_mex,hd,mexican,1+5,final,2023-12,91,51,9,0.828026,0.0797551
g3_mex,hd,mexican,1+5,final,2024-01,103,54,21,0.801271,0.0648441
g3_mex,hd,mexican,1+5,final,2024-02,104,56,22,0.878775,0.0431756
g3_mex,hd,mexican,1+5,final,2024-03,126,67,15,0.873916,0.0454143
g3_mex,hd,mexican,1+5,final,2024-04,115,59,12,0.884573,0.0518344
g3_mex,hd,mexican,1+5,final,2024-05,131,69,23,0.813903,0.0510878
g3_mex,hd,mexican,1+5,final,2024-06,122,65,11,0.906227,0.0344139
g3_mex,hd,mexican,1+5,final,2024-07,118,62,13,0.903396,0.042849
g3_mex,hd,mexican,1+5,final,2024-08,156,76,16,0.892481,0.0534932
g3_mex,hd,mexican,1+5,final,2024-09,126,61,21,0.852217,0.0514879
g3_mex,hd,mexican,1+5,final,2024-10,123,63,14,0.883679,0.0476422
g3_mex,hd,mexican,1+5,final,2024-11,131,66,9,0.918298,0.0494316
g3_mex,hd,mexican,1+5,final,2024-12,110,55,14,0.862112,0.0545003
g3_mex,hd,mexican,1+5,final,2025-01,113,62,14,0.871741,0.0482575
g3_mex,hd,mexican,1+5,final,2025-02,118,61,9,0.949004,0.0272597
g3_mex,hd,mexican,1+5,final,2025-03,136,71,21,0.857409,0.0470406
g3_mex,hd,mexican,1+5,final,2025-04,125,68,18,0.891219,0.0382575
g3_mex,hd,mexican,1+5,final,2025-05,76,40,9,0.906233,0.0382607
g3_mex,hd,mexican,1+5,final,2025-06,112,57,14,0.921936,0.0334192
g3_mex,hd,mexican,1+5,final,2025-07,97,54,8,0.921637,0.0353998
g3_mex,hd,mexican,1+5,final,2025-08,152,80,12,0.916875,0.0354308
g3_mex,hd,mexican,1+5,final,2025-09,107,59,17,0.851827,0.050978
g3_mex,hd,mexican,1+5,final,2025-11,116,52,9,0.918608,0.0362451
g3_mex,hd,mexican,1+5,final,2025-12,124,64,17,0.85225,0.0522636
g3_mex,hd,mexican,1+5,final,2026-01,106,58,12,0.902746,0.0392338
g3_mex,hd,mexican,1+5,final,2026-02,126,69,12,0.920183,0.0324342
g3_mex,hd,mexican,1+5,final,2026-03,114,65,21,0.821598,0.0579709
g3_mex,hd,mexican,1+5,final,2026-04,130,71,22,0.883355,0.046466
g3_mex,hd,mexican,1+5,final,2026-05,82,48,11,0.900773,0.047487
g3_mex,hd,mexican,1+5,final,2026-06,99,52,14,0.926491,0.0347075
g3_mex,hd,mexican,1+5,final,2026-07,93,46,6,0.959739,0.0212185
g3_mex,hd,mexican,1+5,final,2026-08,117,63,14,0.922345,0.0314116
g3_mex,hd,hispanic,1,unweighted,2019-01,65,32,5,0.923077,0.0539326
g3_mex,hd,hispanic,1,unweighted,2019-02,63,34,7,0.888889,0.0552355
g3_mex,hd,hispanic,1,unweighted,2019-03,69,37,7,0.898551,0.0630884
g3_mex,hd,hispanic,1,unweighted,2019-04,68,34,12,0.823529,0.0837617
g3_mex,hd,hispanic,1,unweighted,2019-05,53,26,4,0.924528,0.0372439
g3_mex,hd,hispanic,1,unweighted,2019-06,75,40,3,0.96,0.0235808
g3_mex,hd,hispanic,1,unweighted,2019-07,70,36,5,0.928571,0.0410054
g3_mex,hd,hispanic,1,unweighted,2019-08,65,31,2,0.969231,0.0309691
g3_mex,hd,hispanic,1,unweighted,2019-09,59,30,7,0.881356,0.0671568
g3_mex,hd,hispanic,1,unweighted,2019-10,46,28,3,0.934783,0.0469372
g3_mex,hd,hispanic,1,unweighted,2019-11,66,35,4,0.939394,0.0370979
g3_mex,hd,hispanic,1,unweighted,2019-12,89,41,5,0.94382,0.0299486
g3_mex,hd,hispanic,1,unweighted,2020-01,60,32,9,0.85,0.0590607
g3_mex,hd,hispanic,1,unweighted,2020-02,45,23,11,0.755556,0.107723
g3_mex,hd,hispanic,1,unweighted,2020-03,36,21,7,0.805556,0.108046
g3_mex,hd,hispanic,1,unweighted,2020-04,22,11,0,1,0
g3_mex,hd,hispanic,1,unweighted,2020-05,34,15,4,0.882353,0.0913498
g3_mex,hd,hispanic,1,unweighted,2020-06,21,13,1,0.952381,0.0495072
g3_mex,hd,hispanic,1,unweighted,2020-07,27,15,4,0.851852,0.0900482
g3_mex,hd,hispanic,1,unweighted,2020-08,25,14,4,0.84,0.145813
g3_mex,hd,hispanic,1,unweighted,2020-09,69,36,8,0.884058,0.0642648
g3_mex,hd,hispanic,1,unweighted,2020-10,71,35,10,0.859155,0.0629307
g3_mex,hd,hispanic,1,unweighted,2020-11,52,27,7,0.865385,0.0653971
g3_mex,hd,hispanic,1,unweighted,2020-12,31,20,2,0.935484,0.0640569
g3_mex,hd,hispanic,1,unweighted,2021-01,45,25,0,1,0
g3_mex,hd,hispanic,1,unweighted,2021-02,64,38,7,0.890625,0.0664224
g3_mex,hd,hispanic,1,unweighted,2021-03,48,29,3,0.9375,0.0461709
g3_mex,hd,hispanic,1,unweighted,2021-04,51,26,9,0.823529,0.0869307
g3_mex,hd,hispanic,1,unweighted,2021-05,65,37,5,0.923077,0.0496125
g3_mex,hd,hispanic,1,unweighted,2021-06,35,21,6,0.828571,0.0986131
g3_mex,hd,hispanic,1,unweighted,2021-07,45,31,1,0.977778,0.0225505
g3_mex,hd,hispanic,1,unweighted,2021-08,73,35,5,0.931507,0.0368289
g3_mex,hd,hispanic,1,unweighted,2021-09,54,30,4,0.925926,0.05663
g3_mex,hd,hispanic,1,unweighted,2021-10,72,38,6,0.916667,0.0380439
g3_mex,hd,hispanic,1,unweighted,2021-11,82,39,7,0.914634,0.0383057
g3_mex,hd,hispanic,1,unweighted,2021-12,53,26,1,0.981132,0.0193338
g3_mex,hd,hispanic,1,unweighted,2022-01,55,32,1,0.981818,0.0185307
g3_mex,hd,hispanic,1,unweighted,2022-02,64,31,8,0.875,0.0659682
g3_mex,hd,hispanic,1,unweighted,2022-03,67,32,2,0.970149,0.0216782
g3_mex,hd,hispanic,1,unweighted,2022-04,55,28,9,0.836364,0.0835856
g3_mex,hd,hispanic,1,unweighted,2022-05,60,30,8,0.866667,0.0675232
g3_mex,hd,hispanic,1,unweighted,2022-06,51,28,3,0.941176,0.044011
g3_mex,hd,hispanic,1,unweighted,2022-07,42,24,0,1,0
g3_mex,hd,hispanic,1,unweighted,2022-08,56,30,7,0.875,0.0829204
g3_mex,hd,hispanic,1,unweighted,2022-09,54,28,0,1,0
g3_mex,hd,hispanic,1,unweighted,2022-10,54,31,3,0.944444,0.0412798
g3_mex,hd,hispanic,1,unweighted,2022-11,43,23,5,0.883721,0.0679433
g3_mex,hd,hispanic,1,unweighted,2022-12,50,29,9,0.82,0.10423
g3_mex,hd,hispanic,1,unweighted,2023-01,59,33,2,0.966102,0.0231368
g3_mex,hd,hispanic,1,unweighted,2023-02,46,25,7,0.847826,0.101513
g3_mex,hd,hispanic,1,unweighted,2023-03,58,31,5,0.913793,0.0599747
g3_mex,hd,hispanic,1,unweighted,2023-04,73,38,4,0.945205,0.038424
g3_mex,hd,hispanic,1,unweighted,2023-05,75,41,5,0.933333,0.0339359
g3_mex,hd,hispanic,1,unweighted,2023-06,51,28,3,0.941176,0.0438226
g3_mex,hd,hispanic,1,unweighted,2023-07,74,36,6,0.918919,0.0452114
g3_mex,hd,hispanic,1,unweighted,2023-08,78,33,6,0.923077,0.0735392
g3_mex,hd,hispanic,1,unweighted,2023-09,82,38,5,0.939024,0.0396344
g3_mex,hd,hispanic,1,unweighted,2023-10,63,37,5,0.920635,0.0402313
g3_mex,hd,hispanic,1,unweighted,2023-11,61,35,2,0.967213,0.0236295
g3_mex,hd,hispanic,1,unweighted,2023-12,50,26,1,0.98,0.0201085
g3_mex,hd,hispanic,1,unweighted,2024-01,58,27,8,0.862069,0.0677313
g3_mex,hd,hispanic,1,unweighted,2024-02,49,27,5,0.897959,0.054426
g3_mex,hd,hispanic,1,unweighted,2024-03,68,34,2,0.970588,0.0212193
g3_mex,hd,hispanic,1,unweighted,2024-04,77,35,1,0.987013,0.0132575
g3_mex,hd,hispanic,1,unweighted,2024-05,57,30,11,0.807018,0.0740861
g3_mex,hd,hispanic,1,unweighted,2024-06,64,32,1,0.984375,0.0159909
g3_mex,hd,hispanic,1,unweighted,2024-07,54,30,4,0.925926,0.0515655
g3_mex,hd,hispanic,1,unweighted,2024-08,73,41,2,0.972603,0.0273946
g3_mex,hd,hispanic,1,unweighted,2024-09,51,27,3,0.941176,0.0434094
g3_mex,hd,hispanic,1,unweighted,2024-10,45,25,3,0.933333,0.0390209
g3_mex,hd,hispanic,1,unweighted,2024-11,75,35,2,0.973333,0.0187917
g3_mex,hd,hispanic,1,unweighted,2024-12,59,28,7,0.881356,0.0701206
g3_mex,hd,hispanic,1,unweighted,2025-01,64,35,4,0.9375,0.0373895
g3_mex,hd,hispanic,1,unweighted,2025-02,64,31,0,1,0
g3_mex,hd,hispanic,1,unweighted,2025-03,87,45,14,0.83908,0.0634593
g3_mex,hd,hispanic,1,unweighted,2025-04,71,43,9,0.873239,0.0634463
g3_mex,hd,hispanic,1,unweighted,2025-05,32,21,3,0.90625,0.0556255
g3_mex,hd,hispanic,1,unweighted,2025-06,46,23,3,0.934783,0.0639155
g3_mex,hd,hispanic,1,unweighted,2025-07,48,25,3,0.9375,0.0467966
g3_mex,hd,hispanic,1,unweighted,2025-08,80,43,6,0.925,0.0423092
g3_mex,hd,hispanic,1,unweighted,2025-09,56,32,8,0.857143,0.070696
g3_mex,hd,hispanic,1,unweighted,2025-11,51,23,1,0.980392,0.0202212
g3_mex,hd,hispanic,1,unweighted,2025-12,66,35,0,1,0
g3_mex,hd,hispanic,1,unweighted,2026-01,64,33,4,0.9375,0.037554
g3_mex,hd,hispanic,1,unweighted,2026-02,67,40,1,0.985075,0.0151206
g3_mex,hd,hispanic,1,unweighted,2026-03,58,29,6,0.896552,0.0609515
g3_mex,hd,hispanic,1,unweighted,2026-04,56,29,4,0.928571,0.0497694
g3_mex,hd,hispanic,1,unweighted,2026-05,37,21,4,0.891892,0.0827354
g3_mex,hd,hispanic,1,unweighted,2026-06,48,24,4,0.916667,0.0565839
g3_mex,hd,hispanic,1,unweighted,2026-07,48,24,1,0.979167,0.0213368
g3_mex,hd,hispanic,1,unweighted,2026-08,47,24,2,0.957447,0.0310827
g3_mex,hd,hispanic,1,state_mean,2019-01,65,32,5,0.943754,0.0407035
g3_mex,hd,hispanic,1,state_mean,2019-02,63,34,7,0.900673,0.0549927
g3_mex,hd,hispanic,1,state_mean,2019-03,69,37,7,0.935316,0.0388466
g3_mex,hd,hispanic,1,state_mean,2019-04,68,34,12,0.796123,0.0988566
g3_mex,hd,hispanic,1,state_mean,2019-05,53,26,4,0.904072,0.0461055
g3_mex,hd,hispanic,1,state_mean,2019-06,75,40,3,0.96058,0.0259697
g3_mex,hd,hispanic,1,state_mean,2019-07,70,36,5,0.91938,0.0462394
g3_mex,hd,hispanic,1,state_mean,2019-08,65,31,2,0.969202,0.031007
g3_mex,hd,hispanic,1,state_mean,2019-09,59,30,7,0.888703,0.0705554
g3_mex,hd,hispanic,1,state_mean,2019-10,46,28,3,0.927978,0.0511618
g3_mex,hd,hispanic,1,state_mean,2019-11,66,35,4,0.933859,0.0402998
g3_mex,hd,hispanic,1,state_mean,2019-12,89,41,5,0.96313,0.0236401
g3_mex,hd,hispanic,1,state_mean,2020-01,60,32,9,0.866237,0.055832
g3_mex,hd,hispanic,1,state_mean,2020-02,45,23,11,0.747927,0.115422
g3_mex,hd,hispanic,1,state_mean,2020-03,36,21,7,0.839507,0.107536
g3_mex,hd,hispanic,1,state_mean,2020-04,22,11,0,1,0
g3_mex,hd,hispanic,1,state_mean,2020-05,34,15,4,0.939612,0.0505835
g3_mex,hd,hispanic,1,state_mean,2020-06,21,13,1,0.952571,0.0494604
g3_mex,hd,hispanic,1,state_mean,2020-07,27,15,4,0.850227,0.0917075
g3_mex,hd,hispanic,1,state_mean,2020-08,25,14,4,0.798215,0.176829
g3_mex,hd,hispanic,1,state_mean,2020-09,69,36,8,0.88845,0.0621684
g3_mex,hd,hispanic,1,state_mean,2020-10,71,35,10,0.863722,0.0670351
g3_mex,hd,hispanic,1,state_mean,2020-11,52,27,7,0.852117,0.0733114
g3_mex,hd,hispanic,1,state_mean,2020-12,31,20,2,0.929467,0.0704563
g3_mex,hd,hispanic,1,state_mean,2021-01,45,25,0,1,0
g3_mex,hd,hispanic,1,state_mean,2021-02,64,38,7,0.892145,0.0582713
g3_mex,hd,hispanic,1,state_mean,2021-03,48,29,3,0.937115,0.0537145
g3_mex,hd,hispanic,1,state_mean,2021-04,51,26,9,0.924507,0.0404101
g3_mex,hd,hispanic,1,state_mean,2021-05,65,37,5,0.949248,0.0314572
g3_mex,hd,hispanic,1,state_mean,2021-06,35,21,6,0.83419,0.107015
g3_mex,hd,hispanic,1,state_mean,2021-07,45,31,1,0.983437,0.0170113
g3_mex,hd,hispanic,1,state_mean,2021-08,73,35,5,0.91524,0.0454794
g3_mex,hd,hispanic,1,state_mean,2021-09,54,30,4,0.965816,0.0270756
g3_mex,hd,hispanic,1,state_mean,2021-10,72,38,6,0.919663,0.0425527
g3_mex,hd,hispanic,1,state_mean,2021-11,82,39,7,0.91132,0.0397751
g3_mex,hd,hispanic,1,state_mean,2021-12,53,26,1,0.997404,0.00270729
g3_mex,hd,hispanic,1,state_mean,2022-01,55,32,1,0.9893,0.0110253
g3_mex,hd,hispanic,1,state_mean,2022-02,64,31,8,0.899061,0.0574274
g3_mex,hd,hispanic,1,state_mean,2022-03,67,32,2,0.993768,0.00496634
g3_mex,hd,hispanic,1,state_mean,2022-04,55,28,9,0.910086,0.0507503
g3_mex,hd,hispanic,1,state_mean,2022-05,60,30,8,0.865751,0.0710115
g3_mex,hd,hispanic,1,state_mean,2022-06,51,28,3,0.964953,0.0294526
g3_mex,hd,hispanic,1,state_mean,2022-07,42,24,0,1,0
g3_mex,hd,hispanic,1,state_mean,2022-08,56,30,7,0.923224,0.0542187
g3_mex,hd,hispanic,1,state_mean,2022-09,54,28,0,1,0
g3_mex,hd,hispanic,1,state_mean,2022-10,54,31,3,0.992337,0.00584253
g3_mex,hd,hispanic,1,state_mean,2022-11,43,23,5,0.907094,0.0579467
g3_mex,hd,hispanic,1,state_mean,2022-12,50,29,9,0.864498,0.0815807
g3_mex,hd,hispanic,1,state_mean,2023-01,59,33,2,0.975125,0.0192161
g3_mex,hd,hispanic,1,state_mean,2023-02,46,25,7,0.871799,0.0733121
g3_mex,hd,hispanic,1,state_mean,2023-03,58,31,5,0.908059,0.0638263
g3_mex,hd,hispanic,1,state_mean,2023-04,73,38,4,0.956022,0.0338635
g3_mex,hd,hispanic,1,state_mean,2023-05,75,41,5,0.938484,0.0356148
g3_mex,hd,hispanic,1,state_mean,2023-06,51,28,3,0.940563,0.0500021
g3_mex,hd,hispanic,1,state_mean,2023-07,74,36,6,0.917348,0.0592815
g3_mex,hd,hispanic,1,state_mean,2023-08,78,33,6,0.907886,0.0867278
g3_mex,hd,hispanic,1,state_mean,2023-09,82,38,5,0.932781,0.0492512
g3_mex,hd,hispanic,1,state_mean,2023-10,63,37,5,0.926596,0.0409799
g3_mex,hd,hispanic,1,state_mean,2023-11,61,35,2,0.966799,0.0241366
g3_mex,hd,hispanic,1,state_mean,2023-12,50,26,1,0.973652,0.0261254
g3_mex,hd,hispanic,1,state_mean,2024-01,58,27,8,0.861222,0.0681391
g3_mex,hd,hispanic,1,state_mean,2024-02,49,27,5,0.917155,0.0561987
g3_mex,hd,hispanic,1,state_mean,2024-03,68,34,2,0.973484,0.0199306
g3_mex,hd,hispanic,1,state_mean,2024-04,77,35,1,0.981979,0.0183377
g3_mex,hd,hispanic,1,state_mean,2024-05,57,30,11,0.797054,0.0836926
g3_mex,hd,hispanic,1,state_mean,2024-06,64,32,1,0.990896,0.00941293
g3_mex,hd,hispanic,1,state_mean,2024-07,54,30,4,0.933181,0.0500828
g3_mex,hd,hispanic,1,state_mean,2024-08,73,41,2,0.966994,0.0328805
g3_mex,hd,hispanic,1,state_mean,2024-09,51,27,3,0.954135,0.0443725
g3_mex,hd,hispanic,1,state_mean,2024-10,45,25,3,0.942203,0.0406153
g3_mex,hd,hispanic,1,state_mean,2024-11,75,35,2,0.989673,0.0076247
g3_mex,hd,hispanic,1,state_mean,2024-12,59,28,7,0.854669,0.0848727
g3_mex,hd,hispanic,1,state_mean,2025-01,64,35,4,0.927743,0.0429567
g3_mex,hd,hispanic,1,state_mean,2025-02,64,31,0,1,0
g3_mex,hd,hispanic,1,state_mean,2025-03,87,45,14,0.836931,0.0643096
g3_mex,hd,hispanic,1,state_mean,2025-04,71,43,9,0.916601,0.0421904
g3_mex,hd,hispanic,1,state_mean,2025-05,32,21,3,0.91288,0.0567935
g3_mex,hd,hispanic,1,state_mean,2025-06,46,23,3,0.97713,0.0235413
g3_mex,hd,hispanic,1,state_mean,2025-07,48,25,3,0.931589,0.0603515
g3_mex,hd,hispanic,1,state_mean,2025-08,80,43,6,0.915771,0.047346
g3_mex,hd,hispanic,1,state_mean,2025-09,56,32,8,0.871882,0.0723571
g3_mex,hd,hispanic,1,state_mean,2025-11,51,23,1,0.97347,0.0272195
g3_mex,hd,hispanic,1,state_mean,2025-12,66,35,0,1,0
g3_mex,hd,hispanic,1,state_mean,2026-01,64,33,4,0.955425,0.0281608
g3_mex,hd,hispanic,1,state_mean,2026-02,67,40,1,0.981069,0.019115
g3_mex,hd,hispanic,1,state_mean,2026-03,58,29,6,0.892254,0.0620753
g3_mex,hd,hispanic,1,state_mean,2026-04,56,29,4,0.928054,0.0537939
g3_mex,hd,hispanic,1,state_mean,2026-05,37,21,4,0.906614,0.0731316
g3_mex,hd,hispanic,1,state_mean,2026-06,48,24,4,0.98,0.0155971
g3_mex,hd,hispanic,1,state_mean,2026-07,48,24,1,0.968989,0.0316002
g3_mex,hd,hispanic,1,state_mean,2026-08,47,24,2,0.948123,0.0375924
g3_mex,hd,hispanic,1,final,2019-01,65,32,5,0.955316,0.032715
g3_mex,hd,hispanic,1,final,2019-02,63,34,7,0.914648,0.0485646
g3_mex,hd,hispanic,1,final,2019-03,69,37,7,0.93429,0.0392276
g3_mex,hd,hispanic,1,final,2019-04,68,34,12,0.821009,0.0884542
g3_mex,hd,hispanic,1,final,2019-05,53,26,4,0.919884,0.0386488
g3_mex,hd,hispanic,1,final,2019-06,75,40,3,0.95578,0.029174
g3_mex,hd,hispanic,1,final,2019-07,70,36,5,0.924405,0.0454283
g3_mex,hd,hispanic,1,final,2019-08,65,31,2,0.972591,0.0276767
g3_mex,hd,hispanic,1,final,2019-09,59,30,7,0.917227,0.0548454
g3_mex,hd,hispanic,1,final,2019-10,46,28,3,0.946149,0.0394136
g3_mex,hd,hispanic,1,final,2019-11,66,35,4,0.946394,0.0325367
g3_mex,hd,hispanic,1,final,2019-12,89,41,5,0.965691,0.021742
g3_mex,hd,hispanic,1,final,2020-01,60,32,9,0.882347,0.0501274
g3_mex,hd,hispanic,1,final,2020-02,45,23,11,0.78875,0.103689
g3_mex,hd,hispanic,1,final,2020-03,36,21,7,0.839726,0.11221
g3_mex,hd,hispanic,1,final,2020-04,22,11,0,1,0
g3_mex,hd,hispanic,1,final,2020-05,34,15,4,0.953453,0.0383928
g3_mex,hd,hispanic,1,final,2020-06,21,13,1,0.976237,0.0255901
g3_mex,hd,hispanic,1,final,2020-07,27,15,4,0.879656,0.0788369
g3_mex,hd,hispanic,1,final,2020-08,25,14,4,0.817043,0.163454
g3_mex,hd,hispanic,1,final,2020-09,69,36,8,0.897225,0.0581886
g3_mex,hd,hispanic,1,final,2020-10,71,35,10,0.881735,0.0612689
g3_mex,hd,hispanic,1,final,2020-11,52,27,7,0.872223,0.0655817
g3_mex,hd,hispanic,1,final,2020-12,31,20,2,0.924921,0.074489
g3_mex,hd,hispanic,1,final,2021-01,45,25,0,1,0
g3_mex,hd,hispanic,1,final,2021-02,64,38,7,0.894834,0.0587304
g3_mex,hd,hispanic,1,final,2021-03,48,29,3,0.92378,0.0643159
g3_mex,hd,hispanic,1,final,2021-04,51,26,9,0.938748,0.03416
g3_mex,hd,hispanic,1,final,2021-05,65,37,5,0.96179,0.0234803
g3_mex,hd,hispanic,1,final,2021-06,35,21,6,0.846901,0.102851
g3_mex,hd,hispanic,1,final,2021-07,45,31,1,0.98442,0.01603
g3_mex,hd,hispanic,1,final,2021-08,73,35,5,0.918721,0.0467574
g3_mex,hd,hispanic,1,final,2021-09,54,30,4,0.97137,0.023925
g3_mex,hd,hispanic,1,final,2021-10,72,38,6,0.93312,0.033771
g3_mex,hd,hispanic,1,final,2021-11,82,39,7,0.906643,0.0407549
g3_mex,hd,hispanic,1,final,2021-12,53,26,1,0.997958,0.00213024
g3_mex,hd,hispanic,1,final,2022-01,55,32,1,0.993803,0.006412
g3_mex,hd,hispanic,1,final,2022-02,64,31,8,0.898332,0.0556152
g3_mex,hd,hispanic,1,final,2022-03,67,32,2,0.995691,0.00365174
g3_mex,hd,hispanic,1,final,2022-04,55,28,9,0.925691,0.043524
g3_mex,hd,hispanic,1,final,2022-05,60,30,8,0.863226,0.0737674
g3_mex,hd,hispanic,1,final,2022-06,51,28,3,0.957389,0.037209
g3_mex,hd,hispanic,1,final,2022-07,42,24,0,1,0
g3_mex,hd,hispanic,1,final,2022-08,56,30,7,0.930347,0.0497809
g3_mex,hd,hispanic,1,final,2022-09,54,28,0,1,0
g3_mex,hd,hispanic,1,final,2022-10,54,31,3,0.994589,0.00435407
g3_mex,hd,hispanic,1,final,2022-11,43,23,5,0.915197,0.0529642
g3_mex,hd,hispanic,1,final,2022-12,50,29,9,0.877165,0.0743644
g3_mex,hd,hispanic,1,final,2023-01,59,33,2,0.978641,0.0161233
g3_mex,hd,hispanic,1,final,2023-02,46,25,7,0.881388,0.0670702
g3_mex,hd,hispanic,1,final,2023-03,58,31,5,0.918034,0.0587107
g3_mex,hd,hispanic,1,final,2023-04,73,38,4,0.960506,0.0290171
g3_mex,hd,hispanic,1,final,2023-05,75,41,5,0.936305,0.0373462
g3_mex,hd,hispanic,1,final,2023-06,51,28,3,0.932296,0.0579276
g3_mex,hd,hispanic,1,final,2023-07,74,36,6,0.931129,0.0498278
g3_mex,hd,hispanic,1,final,2023-08,78,33,6,0.906398,0.0882232
g3_mex,hd,hispanic,1,final,2023-09,82,38,5,0.935665,0.0470618
g3_mex,hd,hispanic,1,final,2023-10,63,37,5,0.93524,0.0374115
g3_mex,hd,hispanic,1,final,2023-11,61,35,2,0.973908,0.0194506
g3_mex,hd,hispanic,1,final,2023-12,50,26,1,0.972127,0.027883
g3_mex,hd,hispanic,1,final,2024-01,58,27,8,0.858661,0.0690805
g3_mex,hd,hispanic,1,final,2024-02,49,27,5,0.920091,0.0544549
g3_mex,hd,hispanic,1,final,2024-03,68,34,2,0.976436,0.0174126
g3_mex,hd,hispanic,1,final,2024-04,77,35,1,0.984495,0.0158158
g3_mex,hd,hispanic,1,final,2024-05,57,30,11,0.78262,0.0857439
g3_mex,hd,hispanic,1,final,2024-06,64,32,1,0.992573,0.00768525
g3_mex,hd,hispanic,1,final,2024-07,54,30,4,0.931676,0.0563304
g3_mex,hd,hispanic,1,final,2024-08,73,41,2,0.974762,0.0253767
g3_mex,hd,hispanic,1,final,2024-09,51,27,3,0.952282,0.0465799
g3_mex,hd,hispanic,1,final,2024-10,45,25,3,0.942542,0.0410331
g3_mex,hd,hispanic,1,final,2024-11,75,35,2,0.989262,0.00826635
g3_mex,hd,hispanic,1,final,2024-12,59,28,7,0.858604,0.0838397
g3_mex,hd,hispanic,1,final,2025-01,64,35,4,0.94075,0.0349802
g3_mex,hd,hispanic,1,final,2025-02,64,31,0,1,0
g3_mex,hd,hispanic,1,final,2025-03,87,45,14,0.864601,0.056479
g3_mex,hd,hispanic,1,final,2025-04,71,43,9,0.92945,0.0371718
g3_mex,hd,hispanic,1,final,2025-05,32,21,3,0.91698,0.0546488
g3_mex,hd,hispanic,1,final,2025-06,46,23,3,0.978337,0.02235
g3_mex,hd,hispanic,1,final,2025-07,48,25,3,0.945887,0.0501495
g3_mex,hd,hispanic,1,final,2025-08,80,43,6,0.928439,0.0407722
g3_mex,hd,hispanic,1,final,2025-09,56,32,8,0.877873,0.0675568
g3_mex,hd,hispanic,1,final,2025-11,51,23,1,0.973671,0.0270889
g3_mex,hd,hispanic,1,final,2025-12,66,35,0,1,0
g3_mex,hd,hispanic,1,final,2026-01,64,33,4,0.952963,0.0291884
g3_mex,hd,hispanic,1,final,2026-02,67,40,1,0.983087,0.0171291
g3_mex,hd,hispanic,1,final,2026-03,58,29,6,0.919467,0.0469453
g3_mex,hd,hispanic,1,final,2026-04,56,29,4,0.941911,0.0436317
g3_mex,hd,hispanic,1,final,2026-05,37,21,4,0.921795,0.0613573
g3_mex,hd,hispanic,1,final,2026-06,48,24,4,0.978815,0.017349
g3_mex,hd,hispanic,1,final,2026-07,48,24,1,0.978852,0.0217822
g3_mex,hd,hispanic,1,final,2026-08,47,24,2,0.954748,0.033244
g3_mex,hd,hispanic,5,unweighted,2019-01,77,43,4,0.948052,0.0254115
g3_mex,hd,hispanic,5,unweighted,2019-02,54,29,2,0.962963,0.0265061
g3_mex,hd,hispanic,5,unweighted,2019-03,51,28,4,0.921569,0.0482034
g3_mex,hd,hispanic,5,unweighted,2019-04,81,46,13,0.839506,0.0696007
g3_mex,hd,hispanic,5,unweighted,2019-05,46,25,2,0.956522,0.0437412
g3_mex,hd,hispanic,5,unweighted,2019-06,73,37,14,0.808219,0.0760559
g3_mex,hd,hispanic,5,unweighted,2019-07,58,34,5,0.913793,0.0424451
g3_mex,hd,hispanic,5,unweighted,2019-08,63,36,6,0.904762,0.047565
g3_mex,hd,hispanic,5,unweighted,2019-09,79,42,16,0.797468,0.0783687
g3_mex,hd,hispanic,5,unweighted,2019-10,74,39,7,0.905405,0.0397725
g3_mex,hd,hispanic,5,unweighted,2019-11,46,26,5,0.891304,0.0696179
g3_mex,hd,hispanic,5,unweighted,2019-12,76,37,2,0.973684,0.0184953
g3_mex,hd,hispanic,5,unweighted,2020-01,57,32,2,0.964912,0.0350349
g3_mex,hd,hispanic,5,unweighted,2020-02,60,33,9,0.85,0.0709643
g3_mex,hd,hispanic,5,unweighted,2020-03,58,31,3,0.948276,0.0509277
g3_mex,hd,hispanic,5,unweighted,2020-04,31,19,11,0.645161,0.146087
g3_mex,hd,hispanic,5,unweighted,2020-05,62,26,15,0.758065,0.0926994
g3_mex,hd,hispanic,5,unweighted,2020-06,60,29,1,0.983333,0.0170369
g3_mex,hd,hispanic,5,unweighted,2020-07,71,36,1,0.985915,0.0143282
g3_mex,hd,hispanic,5,unweighted,2020-08,50,28,2,0.96,0.0288723
g3_mex,hd,hispanic,5,unweighted,2020-09,66,31,5,0.924242,0.0536979
g3_mex,hd,hispanic,5,unweighted,2020-10,49,28,3,0.938776,0.0362431
g3_mex,hd,hispanic,5,unweighted,2020-11,64,37,2,0.96875,0.0311978
g3_mex,hd,hispanic,5,unweighted,2020-12,85,43,8,0.905882,0.0436221
g3_mex,hd,hispanic,5,unweighted,2021-01,61,33,5,0.918033,0.0471861
g3_mex,hd,hispanic,5,unweighted,2021-02,49,25,11,0.77551,0.100499
g3_mex,hd,hispanic,5,unweighted,2021-03,49,23,3,0.938776,0.0459133
g3_mex,hd,hispanic,5,unweighted,2021-04,54,30,1,0.981481,0.0188674
g3_mex,hd,hispanic,5,unweighted,2021-05,62,34,7,0.887097,0.0556404
g3_mex,hd,hispanic,5,unweighted,2021-06,52,28,2,0.961538,0.0278589
g3_mex,hd,hispanic,5,unweighted,2021-07,88,46,6,0.931818,0.0319248
g3_mex,hd,hispanic,5,unweighted,2021-08,28,17,0,1,0
g3_mex,hd,hispanic,5,unweighted,2021-09,52,28,8,0.846154,0.0830318
g3_mex,hd,hispanic,5,unweighted,2021-10,67,33,11,0.835821,0.0647561
g3_mex,hd,hispanic,5,unweighted,2021-11,42,25,4,0.904762,0.0654592
g3_mex,hd,hispanic,5,unweighted,2021-12,53,28,2,0.962264,0.0379118
g3_mex,hd,hispanic,5,unweighted,2022-01,50,27,1,0.98,0.0204461
g3_mex,hd,hispanic,5,unweighted,2022-02,55,35,8,0.854545,0.0713096
g3_mex,hd,hispanic,5,unweighted,2022-03,35,21,5,0.857143,0.0895079
g3_mex,hd,hispanic,5,unweighted,2022-04,58,32,6,0.896552,0.0538514
g3_mex,hd,hispanic,5,unweighted,2022-05,54,29,7,0.87037,0.0856124
g3_mex,hd,hispanic,5,unweighted,2022-06,41,20,9,0.780488,0.0989049
g3_mex,hd,hispanic,5,unweighted,2022-07,50,31,1,0.98,0.0203225
g3_mex,hd,hispanic,5,unweighted,2022-08,65,31,9,0.861538,0.0590002
g3_mex,hd,hispanic,5,unweighted,2022-09,35,22,3,0.914286,0.0606901
g3_mex,hd,hispanic,5,unweighted,2022-10,63,34,4,0.936508,0.0384243
g3_mex,hd,hispanic,5,unweighted,2022-11,80,40,8,0.9,0.0503831
g3_mex,hd,hispanic,5,unweighted,2022-12,52,27,0,1,0
g3_mex,hd,hispanic,5,unweighted,2023-01,46,28,0,1,0
g3_mex,hd,hispanic,5,unweighted,2023-02,63,31,8,0.873016,0.0701098
g3_mex,hd,hispanic,5,unweighted,2023-03,69,35,6,0.913043,0.0592811
g3_mex,hd,hispanic,5,unweighted,2023-04,38,21,3,0.921053,0.0586717
g3_mex,hd,hispanic,5,unweighted,2023-05,52,25,3,0.942308,0.0568884
g3_mex,hd,hispanic,5,unweighted,2023-06,47,24,3,0.93617,0.0480082
g3_mex,hd,hispanic,5,unweighted,2023-07,48,27,0,1,0
g3_mex,hd,hispanic,5,unweighted,2023-08,61,33,4,0.934426,0.063372
g3_mex,hd,hispanic,5,unweighted,2023-09,56,27,6,0.892857,0.0855556
g3_mex,hd,hispanic,5,unweighted,2023-10,56,35,3,0.946429,0.0395637
g3_mex,hd,hispanic,5,unweighted,2023-11,40,22,5,0.875,0.0715215
g3_mex,hd,hispanic,5,unweighted,2023-12,41,25,4,0.902439,0.0592089
g3_mex,hd,hispanic,5,unweighted,2024-01,45,27,3,0.933333,0.0383714
g3_mex,hd,hispanic,5,unweighted,2024-02,55,29,8,0.854545,0.0908124
g3_mex,hd,hispanic,5,unweighted,2024-03,58,33,6,0.896552,0.0577709
g3_mex,hd,hispanic,5,unweighted,2024-04,38,24,1,0.973684,0.0261074
g3_mex,hd,hispanic,5,unweighted,2024-05,74,39,3,0.959459,0.0299715
g3_mex,hd,hispanic,5,unweighted,2024-06,58,33,4,0.931034,0.0420982
g3_mex,hd,hispanic,5,unweighted,2024-07,64,32,4,0.9375,0.0486274
g3_mex,hd,hispanic,5,unweighted,2024-08,83,35,12,0.855422,0.0781904
g3_mex,hd,hispanic,5,unweighted,2024-09,75,34,8,0.893333,0.0570374
g3_mex,hd,hispanic,5,unweighted,2024-10,78,38,7,0.910256,0.0475253
g3_mex,hd,hispanic,5,unweighted,2024-11,56,31,0,1,0
g3_mex,hd,hispanic,5,unweighted,2024-12,51,27,2,0.960784,0.0280179
g3_mex,hd,hispanic,5,unweighted,2025-01,49,27,6,0.877551,0.0614321
g3_mex,hd,hispanic,5,unweighted,2025-02,54,30,6,0.888889,0.062644
g3_mex,hd,hispanic,5,unweighted,2025-03,49,26,1,0.979592,0.0200125
g3_mex,hd,hispanic,5,unweighted,2025-04,54,25,0,1,0
g3_mex,hd,hispanic,5,unweighted,2025-05,44,19,4,0.909091,0.0644556
g3_mex,hd,hispanic,5,unweighted,2025-06,66,34,3,0.954545,0.044947
g3_mex,hd,hispanic,5,unweighted,2025-07,49,29,1,0.979592,0.0208169
g3_mex,hd,hispanic,5,unweighted,2025-08,72,37,2,0.972222,0.0278331
g3_mex,hd,hispanic,5,unweighted,2025-09,51,27,2,0.960784,0.0393199
g3_mex,hd,hispanic,5,unweighted,2025-11,65,29,4,0.938462,0.0365163
g3_mex,hd,hispanic,5,unweighted,2025-12,58,29,9,0.844828,0.075263
g3_mex,hd,hispanic,5,unweighted,2026-01,42,25,3,0.928571,0.0520725
g3_mex,hd,hispanic,5,unweighted,2026-02,59,29,3,0.949153,0.0377335
g3_mex,hd,hispanic,5,unweighted,2026-03,56,36,8,0.857143,0.0615516
g3_mex,hd,hispanic,5,unweighted,2026-04,74,42,8,0.891892,0.059978
g3_mex,hd,hispanic,5,unweighted,2026-05,45,27,0,1,0
g3_mex,hd,hispanic,5,unweighted,2026-06,51,28,2,0.960784,0.0383772
g3_mex,hd,hispanic,5,unweighted,2026-07,45,22,1,0.977778,0.0228628
g3_mex,hd,hispanic,5,unweighted,2026-08,70,39,5,0.928571,0.042371
g3_mex,hd,hispanic,5,state_mean,2019-01,77,43,4,0.944557,0.0272153
g3_mex,hd,hispanic,5,state_mean,2019-02,54,29,2,0.958389,0.0297046
g3_mex,hd,hispanic,5,state_mean,2019-03,51,28,4,0.939646,0.0431194
g3_mex,hd,hispanic,5,state_mean,2019-04,81,46,13,0.826149,0.0819767
g3_mex,hd,hispanic,5,state_mean,2019-05,46,25,2,0.958765,0.0416998
g3_mex,hd,hispanic,5,state_mean,2019-06,73,37,14,0.831375,0.0775838
g3_mex,hd,hispanic,5,state_mean,2019-07,58,34,5,0.907871,0.0462988
g3_mex,hd,hispanic,5,state_mean,2019-08,63,36,6,0.925951,0.0417634
g3_mex,hd,hispanic,5,state_mean,2019-09,79,42,16,0.791595,0.0810395
g3_mex,hd,hispanic,5,state_mean,2019-10,74,39,7,0.910931,0.0441072
g3_mex,hd,hispanic,5,state_mean,2019-11,46,26,5,0.901947,0.0578173
g3_mex,hd,hispanic,5,state_mean,2019-12,76,37,2,0.971833,0.0197798
g3_mex,hd,hispanic,5,state_mean,2020-01,57,32,2,0.968699,0.0314697
g3_mex,hd,hispanic,5,state_mean,2020-02,60,33,9,0.870259,0.0690952
g3_mex,hd,hispanic,5,state_mean,2020-03,58,31,3,0.986232,0.0141488
g3_mex,hd,hispanic,5,state_mean,2020-04,31,19,11,0.639862,0.178945
g3_mex,hd,hispanic,5,state_mean,2020-05,62,26,15,0.855103,0.066983
g3_mex,hd,hispanic,5,state_mean,2020-06,60,29,1,0.995784,0.00437942
g3_mex,hd,hispanic,5,state_mean,2020-07,71,36,1,0.982244,0.0180396
g3_mex,hd,hispanic,5,state_mean,2020-08,50,28,2,0.954696,0.0329987
g3_mex,hd,hispanic,5,state_mean,2020-09,66,31,5,0.939478,0.0525001
g3_mex,hd,hispanic,5,state_mean,2020-10,49,28,3,0.942499,0.037651
g3_mex,hd,hispanic,5,state_mean,2020-11,64,37,2,0.965652,0.0342178
g3_mex,hd,hispanic,5,state_mean,2020-12,85,43,8,0.934214,0.0358459
g3_mex,hd,hispanic,5,state_mean,2021-01,61,33,5,0.925616,0.0453924
g3_mex,hd,hispanic,5,state_mean,2021-02,49,25,11,0.798497,0.0973223
g3_mex,hd,hispanic,5,state_mean,2021-03,49,23,3,0.970229,0.0265014
g3_mex,hd,hispanic,5,state_mean,2021-04,54,30,1,0.997566,0.00252782
g3_mex,hd,hispanic,5,state_mean,2021-05,62,34,7,0.934058,0.0359751
g3_mex,hd,hispanic,5,state_mean,2021-06,52,28,2,0.961379,0.0280222
g3_mex,hd,hispanic,5,state_mean,2021-07,88,46,6,0.945818,0.0259847
g3_mex,hd,hispanic,5,state_mean,2021-08,28,17,0,1,0
g3_mex,hd,hispanic,5,state_mean,2021-09,52,28,8,0.837856,0.0871117
g3_mex,hd,hispanic,5,state_mean,2021-10,67,33,11,0.844341,0.0666844
g3_mex,hd,hispanic,5,state_mean,2021-11,42,25,4,0.895387,0.0719723
g3_mex,hd,hispanic,5,state_mean,2021-12,53,28,2,0.963266,0.0370751
g3_mex,hd,hispanic,5,state_mean,2022-01,50,27,1,0.988871,0.0115005
g3_mex,hd,hispanic,5,state_mean,2022-02,55,35,8,0.885584,0.0632807
g3_mex,hd,hispanic,5,state_mean,2022-03,35,21,5,0.856237,0.0991538
g3_mex,hd,hispanic,5,state_mean,2022-04,58,32,6,0.929231,0.0382102
g3_mex,hd,hispanic,5,state_mean,2022-05,54,29,7,0.875685,0.092585
g3_mex,hd,hispanic,5,state_mean,2022-06,41,20,9,0.804944,0.0988815
g3_mex,hd,hispanic,5,state_mean,2022-07,50,31,1,0.985987,0.0143766
g3_mex,hd,hispanic,5,state_mean,2022-08,65,31,9,0.854773,0.0665643
g3_mex,hd,hispanic,5,state_mean,2022-09,35,22,3,0.946825,0.0390094
g3_mex,hd,hispanic,5,state_mean,2022-10,63,34,4,0.920169,0.0511684
g3_mex,hd,hispanic,5,state_mean,2022-11,80,40,8,0.89902,0.0510814
g3_mex,hd,hispanic,5,state_mean,2022-12,52,27,0,1,0
g3_mex,hd,hispanic,5,state_mean,2023-01,46,28,0,1,0
g3_mex,hd,hispanic,5,state_mean,2023-02,63,31,8,0.882378,0.0730768
g3_mex,hd,hispanic,5,state_mean,2023-03,69,35,6,0.908446,0.0806174
g3_mex,hd,hispanic,5,state_mean,2023-04,38,21,3,0.918778,0.0603979
g3_mex,hd,hispanic,5,state_mean,2023-05,52,25,3,0.932079,0.0664192
g3_mex,hd,hispanic,5,state_mean,2023-06,47,24,3,0.966011,0.0281873
g3_mex,hd,hispanic,5,state_mean,2023-07,48,27,0,1,0
g3_mex,hd,hispanic,5,state_mean,2023-08,61,33,4,0.960191,0.0395986
g3_mex,hd,hispanic,5,state_mean,2023-09,56,27,6,0.957695,0.032049
g3_mex,hd,hispanic,5,state_mean,2023-10,56,35,3,0.991004,0.00667551
g3_mex,hd,hispanic,5,state_mean,2023-11,40,22,5,0.915516,0.0497181
g3_mex,hd,hispanic,5,state_mean,2023-12,41,25,4,0.912961,0.0581435
g3_mex,hd,hispanic,5,state_mean,2024-01,45,27,3,0.929688,0.040448
g3_mex,hd,hispanic,5,state_mean,2024-02,55,29,8,0.876187,0.0714595
g3_mex,hd,hispanic,5,state_mean,2024-03,58,33,6,0.900656,0.0599213
g3_mex,hd,hispanic,5,state_mean,2024-04,38,24,1,0.987194,0.0131638
g3_mex,hd,hispanic,5,state_mean,2024-05,74,39,3,0.969286,0.0217629
g3_mex,hd,hispanic,5,state_mean,2024-06,58,33,4,0.924376,0.0488795
g3_mex,hd,hispanic,5,state_mean,2024-07,64,32,4,0.967145,0.0315655
g3_mex,hd,hispanic,5,state_mean,2024-08,83,35,12,0.850355,0.0888126
g3_mex,hd,hispanic,5,state_mean,2024-09,75,34,8,0.880942,0.0675645
g3_mex,hd,hispanic,5,state_mean,2024-10,78,38,7,0.910519,0.0524394
g3_mex,hd,hispanic,5,state_mean,2024-11,56,31,0,1,0
g3_mex,hd,hispanic,5,state_mean,2024-12,51,27,2,0.947541,0.0366998
g3_mex,hd,hispanic,5,state_mean,2025-01,49,27,6,0.834561,0.0786315
g3_mex,hd,hispanic,5,state_mean,2025-02,54,30,6,0.909016,0.0657799
g3_mex,hd,hispanic,5,state_mean,2025-03,49,26,1,0.981463,0.0183328
g3_mex,hd,hispanic,5,state_mean,2025-04,54,25,0,1,0
g3_mex,hd,hispanic,5,state_mean,2025-05,44,19,4,0.906173,0.067427
g3_mex,hd,hispanic,5,state_mean,2025-06,66,34,3,0.989417,0.0108745
g3_mex,hd,hispanic,5,state_mean,2025-07,49,29,1,0.975297,0.0251294
g3_mex,hd,hispanic,5,state_mean,2025-08,72,37,2,0.964197,0.035707
g3_mex,hd,hispanic,5,state_mean,2025-09,51,27,2,0.955851,0.0442295
g3_mex,hd,hispanic,5,state_mean,2025-11,65,29,4,0.930459,0.0459341
g3_mex,hd,hispanic,5,state_mean,2025-12,58,29,9,0.811549,0.0912315
g3_mex,hd,hispanic,5,state_mean,2026-01,42,25,3,0.915347,0.0624503
g3_mex,hd,hispanic,5,state_mean,2026-02,59,29,3,0.968559,0.023345
g3_mex,hd,hispanic,5,state_mean,2026-03,56,36,8,0.854258,0.062981
g3_mex,hd,hispanic,5,state_mean,2026-04,74,42,8,0.929219,0.0401088
g3_mex,hd,hispanic,5,state_mean,2026-05,45,27,0,1,0
g3_mex,hd,hispanic,5,state_mean,2026-06,51,28,2,0.946359,0.0515316
g3_mex,hd,hispanic,5,state_mean,2026-07,45,22,1,0.971298,0.029573
g3_mex,hd,hispanic,5,state_mean,2026-08,70,39,5,0.920787,0.0471646
g3_mex,hd,hispanic,5,final,2019-01,77,43,4,0.949141,0.0254731
g3_mex,hd,hispanic,5,final,2019-02,54,29,2,0.959217,0.0291341
g3_mex,hd,hispanic,5,final,2019-03,51,28,4,0.927366,0.0583788
g3_mex,hd,hispanic,5,final,2019-04,81,46,13,0.86913,0.0637088
g3_mex,hd,hispanic,5,final,2019-05,46,25,2,0.959892,0.0405471
g3_mex,hd,hispanic,5,final,2019-06,73,37,14,0.856703,0.0686895
g3_mex,hd,hispanic,5,final,2019-07,58,34,5,0.91406,0.0420841
g3_mex,hd,hispanic,5,final,2019-08,63,36,6,0.93491,0.03773
g3_mex,hd,hispanic,5,final,2019-09,79,42,16,0.812404,0.0714262
g3_mex,hd,hispanic,5,final,2019-10,74,39,7,0.933302,0.0323545
g3_mex,hd,hispanic,5,final,2019-11,46,26,5,0.897777,0.0602388
g3_mex,hd,hispanic,5,final,2019-12,76,37,2,0.975085,0.0177533
g3_mex,hd,hispanic,5,final,2020-01,57,32,2,0.975511,0.0247911
g3_mex,hd,hispanic,5,final,2020-02,60,33,9,0.890951,0.0591661
g3_mex,hd,hispanic,5,final,2020-03,58,31,3,0.988456,0.0118993
g3_mex,hd,hispanic,5,final,2020-04,31,19,11,0.704904,0.14979
g3_mex,hd,hispanic,5,final,2020-05,62,26,15,0.896795,0.0494252
g3_mex,hd,hispanic,5,final,2020-06,60,29,1,0.996733,0.00340885
g3_mex,hd,hispanic,5,final,2020-07,71,36,1,0.98498,0.0152982
g3_mex,hd,hispanic,5,final,2020-08,50,28,2,0.958898,0.0298692
g3_mex,hd,hispanic,5,final,2020-09,66,31,5,0.951492,0.0420595
g3_mex,hd,hispanic,5,final,2020-10,49,28,3,0.949659,0.0321737
g3_mex,hd,hispanic,5,final,2020-11,64,37,2,0.969487,0.0305251
g3_mex,hd,hispanic,5,final,2020-12,85,43,8,0.946895,0.02954
g3_mex,hd,hispanic,5,final,2021-01,61,33,5,0.929325,0.0433939
g3_mex,hd,hispanic,5,final,2021-02,49,25,11,0.816505,0.0958629
g3_mex,hd,hispanic,5,final,2021-03,49,23,3,0.968881,0.0263633
g3_mex,hd,hispanic,5,final,2021-04,54,30,1,0.998152,0.00192231
g3_mex,hd,hispanic,5,final,2021-05,62,34,7,0.924942,0.0425659
g3_mex,hd,hispanic,5,final,2021-06,52,28,2,0.966444,0.024479
g3_mex,hd,hispanic,5,final,2021-07,88,46,6,0.948147,0.0248414
g3_mex,hd,hispanic,5,final,2021-08,28,17,0,1,0
g3_mex,hd,hispanic,5,final,2021-09,52,28,8,0.84354,0.0847666
g3_mex,hd,hispanic,5,final,2021-10,67,33,11,0.871091,0.057051
g3_mex,hd,hispanic,5,final,2021-11,42,25,4,0.891695,0.0770024
g3_mex,hd,hispanic,5,final,2021-12,53,28,2,0.969122,0.031476
g3_mex,hd,hispanic,5,final,2022-01,50,27,1,0.990713,0.0096178
g3_mex,hd,hispanic,5,final,2022-02,55,35,8,0.879759,0.066592
g3_mex,hd,hispanic,5,final,2022-03,35,21,5,0.900967,0.074308
g3_mex,hd,hispanic,5,final,2022-04,58,32,6,0.94595,0.0298472
g3_mex,hd,hispanic,5,final,2022-05,54,29,7,0.890062,0.086556
g3_mex,hd,hispanic,5,final,2022-06,41,20,9,0.796888,0.104387
g3_mex,hd,hispanic,5,final,2022-07,50,31,1,0.99044,0.00988418
g3_mex,hd,hispanic,5,final,2022-08,65,31,9,0.829591,0.075397
g3_mex,hd,hispanic,5,final,2022-09,35,22,3,0.946493,0.0389374
g3_mex,hd,hispanic,5,final,2022-10,63,34,4,0.930756,0.0450307
g3_mex,hd,hispanic,5,final,2022-11,80,40,8,0.88686,0.0569967
g3_mex,hd,hispanic,5,final,2022-12,52,27,0,1,0
g3_mex,hd,hispanic,5,final,2023-01,46,28,0,1,0
g3_mex,hd,hispanic,5,final,2023-02,63,31,8,0.870804,0.0832376
g3_mex,hd,hispanic,5,final,2023-03,69,35,6,0.937893,0.0567156
g3_mex,hd,hispanic,5,final,2023-04,38,21,3,0.938955,0.0462493
g3_mex,hd,hispanic,5,final,2023-05,52,25,3,0.939412,0.0596748
g3_mex,hd,hispanic,5,final,2023-06,47,24,3,0.973042,0.0220489
g3_mex,hd,hispanic,5,final,2023-07,48,27,0,1,0
g3_mex,hd,hispanic,5,final,2023-08,61,33,4,0.958628,0.0410631
g3_mex,hd,hispanic,5,final,2023-09,56,27,6,0.955346,0.0325023
g3_mex,hd,hispanic,5,final,2023-10,56,35,3,0.994757,0.00401048
g3_mex,hd,hispanic,5,final,2023-11,40,22,5,0.935873,0.039078
g3_mex,hd,hispanic,5,final,2023-12,41,25,4,0.898251,0.0748192
g3_mex,hd,hispanic,5,final,2024-01,45,27,3,0.935615,0.0380699
g3_mex,hd,hispanic,5,final,2024-02,55,29,8,0.893536,0.0626593
g3_mex,hd,hispanic,5,final,2024-03,58,33,6,0.904219,0.0594016
g3_mex,hd,hispanic,5,final,2024-04,38,24,1,0.988623,0.011641
g3_mex,hd,hispanic,5,final,2024-05,74,39,3,0.963412,0.0257286
g3_mex,hd,hispanic,5,final,2024-06,58,33,4,0.915533,0.0528642
g3_mex,hd,hispanic,5,final,2024-07,64,32,4,0.973156,0.0257828
g3_mex,hd,hispanic,5,final,2024-08,83,35,12,0.846781,0.0918865
g3_mex,hd,hispanic,5,final,2024-09,75,34,8,0.900794,0.0601788
g3_mex,hd,hispanic,5,final,2024-10,78,38,7,0.91997,0.0484056
g3_mex,hd,hispanic,5,final,2024-11,56,31,0,1,0
g3_mex,hd,hispanic,5,final,2024-12,51,27,2,0.946407,0.0374182
g3_mex,hd,hispanic,5,final,2025-01,49,27,6,0.854134,0.0726835
g3_mex,hd,hispanic,5,final,2025-02,54,30,6,0.920561,0.054355
g3_mex,hd,hispanic,5,final,2025-03,49,26,1,0.985374,0.0141912
g3_mex,hd,hispanic,5,final,2025-04,54,25,0,1,0
g3_mex,hd,hispanic,5,final,2025-05,44,19,4,0.930569,0.050927
g3_mex,hd,hispanic,5,final,2025-06,66,34,3,0.994237,0.00593729
g3_mex,hd,hispanic,5,final,2025-07,49,29,1,0.981685,0.0187328
g3_mex,hd,hispanic,5,final,2025-08,72,37,2,0.961442,0.0383768
g3_mex,hd,hispanic,5,final,2025-09,51,27,2,0.960207,0.0400085
g3_mex,hd,hispanic,5,final,2025-11,65,29,4,0.918475,0.0540725
g3_mex,hd,hispanic,5,final,2025-12,58,29,9,0.814525,0.0946425
g3_mex,hd,hispanic,5,final,2026-01,42,25,3,0.939444,0.045035
g3_mex,hd,hispanic,5,final,2026-02,59,29,3,0.96591,0.026035
g3_mex,hd,hispanic,5,final,2026-03,56,36,8,0.874734,0.0558168
g3_mex,hd,hispanic,5,final,2026-04,74,42,8,0.955198,0.0261993
g3_mex,hd,hispanic,5,final,2026-05,45,27,0,1,0
g3_mex,hd,hispanic,5,final,2026-06,51,28,2,0.950431,0.0475299
g3_mex,hd,hispanic,5,final,2026-07,45,22,1,0.978369,0.022521
g3_mex,hd,hispanic,5,final,2026-08,70,39,5,0.926812,0.0449096
g3_mex,hd,hispanic,1+5,unweighted,2019-01,142,75,9,0.93662,0.028158
g3_mex,hd,hispanic,1+5,unweighted,2019-02,117,63,9,0.923077,0.0324541
g3_mex,hd,hispanic,1+5,unweighted,2019-03,120,65,11,0.908333,0.0415577
g3_mex,hd,hispanic,1+5,unweighted,2019-04,149,80,25,0.832215,0.0534343
g3_mex,hd,hispanic,1+5,unweighted,2019-05,99,51,6,0.939394,0.0281976
g3_mex,hd,hispanic,1+5,unweighted,2019-06,148,77,17,0.885135,0.0409383
g3_mex,hd,hispanic,1+5,unweighted,2019-07,128,70,10,0.921875,0.0293507
g3_mex,hd,hispanic,1+5,unweighted,2019-08,128,67,8,0.9375,0.0284746
g3_mex,hd,hispanic,1+5,unweighted,2019-09,138,72,23,0.833333,0.0537337
g3_mex,hd,hispanic,1+5,unweighted,2019-10,120,67,10,0.916667,0.0300946
g3_mex,hd,hispanic,1+5,unweighted,2019-11,112,61,9,0.919643,0.0359216
g3_mex,hd,hispanic,1+5,unweighted,2019-12,165,78,7,0.957576,0.0180958
g3_mex,hd,hispanic,1+5,unweighted,2020-01,117,64,11,0.905983,0.0351983
g3_mex,hd,hispanic,1+5,unweighted,2020-02,105,56,20,0.809524,0.0614301
g3_mex,hd,hispanic,1+5,unweighted,2020-03,94,52,10,0.893617,0.0531321
g3_mex,hd,hispanic,1+5,unweighted,2020-04,53,30,11,0.792453,0.0994461
g3_mex,hd,hispanic,1+5,unweighted,2020-05,96,41,19,0.802083,0.0684429
g3_mex,hd,hispanic,1+5,unweighted,2020-06,81,42,2,0.975309,0.0177544
g3_mex,hd,hispanic,1+5,unweighted,2020-07,98,51,5,0.94898,0.0270503
g3_mex,hd,hispanic,1+5,unweighted,2020-08,75,42,6,0.92,0.0542544
g3_mex,hd,hispanic,1+5,unweighted,2020-09,135,67,13,0.903704,0.0419587
g3_mex,hd,hispanic,1+5,unweighted,2020-10,120,63,13,0.891667,0.0402747
g3_mex,hd,hispanic,1+5,unweighted,2020-11,116,64,9,0.922414,0.0342837
g3_mex,hd,hispanic,1+5,unweighted,2020-12,116,63,10,0.913793,0.0359309
g3_mex,hd,hispanic,1+5,unweighted,2021-01,106,58,5,0.95283,0.027628
g3_mex,hd,hispanic,1+5,unweighted,2021-02,113,63,18,0.840708,0.057376
g3_mex,hd,hispanic,1+5,unweighted,2021-03,97,52,6,0.938144,0.0322294
g3_mex,hd,hispanic,1+5,unweighted,2021-04,105,56,10,0.904762,0.0447345
g3_mex,hd,hispanic,1+5,unweighted,2021-05,127,71,12,0.905512,0.0369125
g3_mex,hd,hispanic,1+5,unweighted,2021-06,87,49,8,0.908046,0.0445103
g3_mex,hd,hispanic,1+5,unweighted,2021-07,133,77,7,0.947368,0.022377
g3_mex,hd,hispanic,1+5,unweighted,2021-08,101,52,5,0.950495,0.0263872
g3_mex,hd,hispanic,1+5,unweighted,2021-09,106,58,12,0.886792,0.0499754
g3_mex,hd,hispanic,1+5,unweighted,2021-10,139,71,17,0.877698,0.0372148
g3_mex,hd,hispanic,1+5,unweighted,2021-11,124,64,11,0.91129,0.0333934
g3_mex,hd,hispanic,1+5,unweighted,2021-12,106,54,3,0.971698,0.0211505
g3_mex,hd,hispanic,1+5,unweighted,2022-01,105,59,2,0.980952,0.0136274
g3_mex,hd,hispanic,1+5,unweighted,2022-02,119,66,16,0.865546,0.0481003
g3_mex,hd,hispanic,1+5,unweighted,2022-03,102,53,7,0.931373,0.0348836
g3_mex,hd,hispanic,1+5,unweighted,2022-04,113,60,15,0.867257,0.0493291
g3_mex,hd,hispanic,1+5,unweighted,2022-05,114,59,15,0.868421,0.0534233
g3_mex,hd,hispanic,1+5,unweighted,2022-06,92,48,12,0.869565,0.0511535
g3_mex,hd,hispanic,1+5,unweighted,2022-07,92,55,1,0.98913,0.0109814
g3_mex,hd,hispanic,1+5,unweighted,2022-08,121,61,16,0.867769,0.0492693
g3_mex,hd,hispanic,1+5,unweighted,2022-09,89,50,3,0.966292,0.0247063
g3_mex,hd,hispanic,1+5,unweighted,2022-10,117,65,7,0.940171,0.0279088
g3_mex,hd,hispanic,1+5,unweighted,2022-11,123,63,13,0.894309,0.0401291
g3_mex,hd,hispanic,1+5,unweighted,2022-12,102,56,9,0.911765,0.0548335
g3_mex,hd,hispanic,1+5,unweighted,2023-01,105,61,2,0.980952,0.0132058
g3_mex,hd,hispanic,1+5,unweighted,2023-02,109,56,15,0.862385,0.0586534
g3_mex,hd,hispanic,1+5,unweighted,2023-03,127,66,11,0.913386,0.0419569
g3_mex,hd,hispanic,1+5,unweighted,2023-04,111,59,7,0.936937,0.0320044
g3_mex,hd,hispanic,1+5,unweighted,2023-05,127,66,8,0.937008,0.0304274
g3_mex,hd,hispanic,1+5,unweighted,2023-06,98,52,6,0.938776,0.0320742
g3_mex,hd,hispanic,1+5,unweighted,2023-07,122,63,6,0.95082,0.0277851
g3_mex,hd,hispanic,1+5,unweighted,2023-08,139,66,10,0.928058,0.0494288
g3_mex,hd,hispanic,1+5,unweighted,2023-09,138,65,11,0.92029,0.0420763
g3_mex,hd,hispanic,1+5,unweighted,2023-10,119,72,8,0.932773,0.0281471
g3_mex,hd,hispanic,1+5,unweighted,2023-11,101,57,7,0.930693,0.0322256
g3_mex,hd,hispanic,1+5,unweighted,2023-12,91,51,5,0.945055,0.0288898
g3_mex,hd,hispanic,1+5,unweighted,2024-01,103,54,11,0.893204,0.0418548
g3_mex,hd,hispanic,1+5,unweighted,2024-02,104,56,13,0.875,0.0542381
g3_mex,hd,hispanic,1+5,unweighted,2024-03,126,67,8,0.936508,0.0292533
g3_mex,hd,hispanic,1+5,unweighted,2024-04,115,59,2,0.982609,0.012358
g3_mex,hd,hispanic,1+5,unweighted,2024-05,131,69,14,0.89313,0.0372028
g3_mex,hd,hispanic,1+5,unweighted,2024-06,122,65,5,0.959016,0.021788
g3_mex,hd,hispanic,1+5,unweighted,2024-07,118,62,8,0.932203,0.0350959
g3_mex,hd,hispanic,1+5,unweighted,2024-08,156,76,14,0.910256,0.0445547
g3_mex,hd,hispanic,1+5,unweighted,2024-09,126,61,11,0.912698,0.0381476
g3_mex,hd,hispanic,1+5,unweighted,2024-10,123,63,10,0.918699,0.033268
g3_mex,hd,hispanic,1+5,unweighted,2024-11,131,66,2,0.984733,0.0107488
g3_mex,hd,hispanic,1+5,unweighted,2024-12,110,55,9,0.918182,0.0402373
g3_mex,hd,hispanic,1+5,unweighted,2025-01,113,62,10,0.911504,0.033923
g3_mex,hd,hispanic,1+5,unweighted,2025-02,118,61,6,0.949153,0.0304644
g3_mex,hd,hispanic,1+5,unweighted,2025-03,136,71,15,0.889706,0.0419984
g3_mex,hd,hispanic,1+5,unweighted,2025-04,125,68,9,0.928,0.0372505
g3_mex,hd,hispanic,1+5,unweighted,2025-05,76,40,7,0.907895,0.0434592
g3_mex,hd,hispanic,1+5,unweighted,2025-06,112,57,6,0.946429,0.0369976
g3_mex,hd,hispanic,1+5,unweighted,2025-07,97,54,4,0.958763,0.0252646
g3_mex,hd,hispanic,1+5,unweighted,2025-08,152,80,8,0.947368,0.0258695
g3_mex,hd,hispanic,1+5,unweighted,2025-09,107,59,10,0.906542,0.0420916
g3_mex,hd,hispanic,1+5,unweighted,2025-11,116,52,5,0.956897,0.0224538
g3_mex,hd,hispanic,1+5,unweighted,2025-12,124,64,9,0.927419,0.0370386
g3_mex,hd,hispanic,1+5,unweighted,2026-01,106,58,7,0.933962,0.0304022
g3_mex,hd,hispanic,1+5,unweighted,2026-02,126,69,4,0.968254,0.0193329
g3_mex,hd,hispanic,1+5,unweighted,2026-03,114,65,14,0.877193,0.0430321
g3_mex,hd,hispanic,1+5,unweighted,2026-04,130,71,12,0.907692,0.0402427
g3_mex,hd,hispanic,1+5,unweighted,2026-05,82,48,4,0.95122,0.0379482
g3_mex,hd,hispanic,1+5,unweighted,2026-06,99,52,6,0.939394,0.0335858
g3_mex,hd,hispanic,1+5,unweighted,2026-07,93,46,2,0.978495,0.0154332
g3_mex,hd,hispanic,1+5,unweighted,2026-08,117,63,7,0.940171,0.0281972
g3_mex,hd,hispanic,1+5,state_mean,2019-01,142,75,9,0.944199,0.0234276
g3_mex,hd,hispanic,1+5,state_mean,2019-02,117,63,9,0.927747,0.0324961
g3_mex,hd,hispanic,1+5,state_mean,2019-03,120,65,11,0.937233,0.0286394
g3_mex,hd,hispanic,1+5,state_mean,2019-04,149,80,25,0.811446,0.0636419
g3_mex,hd,hispanic,1+5,state_mean,2019-05,99,51,6,0.929095,0.0313536
g3_mex,hd,hispanic,1+5,state_mean,2019-06,148,77,17,0.894104,0.0428786
g3_mex,hd,hispanic,1+5,state_mean,2019-07,128,70,10,0.914443,0.032847
g3_mex,hd,hispanic,1+5,state_mean,2019-08,128,67,8,0.947733,0.0259941
g3_mex,hd,hispanic,1+5,state_mean,2019-09,138,72,23,0.829181,0.057161
g3_mex,hd,hispanic,1+5,state_mean,2019-10,120,67,10,0.917936,0.0331083
g3_mex,hd,hispanic,1+5,state_mean,2019-11,112,61,9,0.921262,0.0331445
g3_mex,hd,hispanic,1+5,state_mean,2019-12,165,78,7,0.967252,0.0154446
g3_mex,hd,hispanic,1+5,state_mean,2020-01,117,64,11,0.914631,0.0334492
g3_mex,hd,hispanic,1+5,state_mean,2020-02,105,56,20,0.813983,0.0653656
g3_mex,hd,hispanic,1+5,state_mean,2020-03,94,52,10,0.926186,0.0473315
g3_mex,hd,hispanic,1+5,state_mean,2020-04,53,30,11,0.783065,0.125856
g3_mex,hd,hispanic,1+5,state_mean,2020-05,96,41,19,0.88443,0.0474008
g3_mex,hd,hispanic,1+5,state_mean,2020-06,81,42,2,0.983739,0.0138398
g3_mex,hd,hispanic,1+5,state_mean,2020-07,98,51,5,0.954624,0.0243334
g3_mex,hd,hispanic,1+5,state_mean,2020-08,75,42,6,0.901327,0.0679154
g3_mex,hd,hispanic,1+5,state_mean,2020-09,135,67,13,0.913669,0.0406486
g3_mex,hd,hispanic,1+5,state_mean,2020-10,120,63,13,0.893173,0.0444265
g3_mex,hd,hispanic,1+5,state_mean,2020-11,116,64,9,0.913533,0.0390033
g3_mex,hd,hispanic,1+5,state_mean,2020-12,116,63,10,0.933017,0.0319214
g3_mex,hd,hispanic,1+5,state_mean,2021-01,106,58,5,0.95579,0.0274057
g3_mex,hd,hispanic,1+5,state_mean,2021-02,113,63,18,0.846761,0.0555566
g3_mex,hd,hispanic,1+5,state_mean,2021-03,97,52,6,0.953299,0.0303534
g3_mex,hd,hispanic,1+5,state_mean,2021-04,105,56,10,0.961339,0.0194277
g3_mex,hd,hispanic,1+5,state_mean,2021-05,127,71,12,0.942191,0.0235184
g3_mex,hd,hispanic,1+5,state_mean,2021-06,87,49,8,0.914078,0.0451149
g3_mex,hd,hispanic,1+5,state_mean,2021-07,133,77,7,0.959021,0.0178396
g3_mex,hd,hispanic,1+5,state_mean,2021-08,101,52,5,0.941529,0.0314127
g3_mex,hd,hispanic,1+5,state_mean,2021-09,106,58,12,0.906507,0.044302
g3_mex,hd,hispanic,1+5,state_mean,2021-10,139,71,17,0.881871,0.039737
g3_mex,hd,hispanic,1+5,state_mean,2021-11,124,64,11,0.90542,0.0362787
g3_mex,hd,hispanic,1+5,state_mean,2021-12,106,54,3,0.981164,0.0176296
g3_mex,hd,hispanic,1+5,state_mean,2022-01,105,59,2,0.98909,0.00789069
g3_mex,hd,hispanic,1+5,state_mean,2022-02,119,66,16,0.892905,0.0422089
g3_mex,hd,hispanic,1+5,state_mean,2022-03,102,53,7,0.942262,0.038966
g3_mex,hd,hispanic,1+5,state_mean,2022-04,113,60,15,0.919213,0.0319924
g3_mex,hd,hispanic,1+5,state_mean,2022-05,114,59,15,0.870328,0.0567468
g3_mex,hd,hispanic,1+5,state_mean,2022-06,92,48,12,0.893688,0.0481715
g3_mex,hd,hispanic,1+5,state_mean,2022-07,92,55,1,0.991733,0.00838637
g3_mex,hd,hispanic,1+5,state_mean,2022-08,121,61,16,0.886501,0.0435856
g3_mex,hd,hispanic,1+5,state_mean,2022-09,89,50,3,0.979477,0.0148927
g3_mex,hd,hispanic,1+5,state_mean,2022-10,117,65,7,0.957172,0.0255046
g3_mex,hd,hispanic,1+5,state_mean,2022-11,123,63,13,0.901474,0.0394567
g3_mex,hd,hispanic,1+5,state_mean,2022-12,102,56,9,0.932408,0.0421888
g3_mex,hd,hispanic,1+5,state_mean,2023-01,105,61,2,0.985137,0.0114908
g3_mex,hd,hispanic,1+5,state_mean,2023-02,109,56,15,0.878212,0.0524081
g3_mex,hd,hispanic,1+5,state_mean,2023-03,127,66,11,0.90825,0.0508883
g3_mex,hd,hispanic,1+5,state_mean,2023-04,111,59,7,0.942387,0.0306069
g3_mex,hd,hispanic,1+5,state_mean,2023-05,127,66,8,0.935933,0.0337398
g3_mex,hd,hispanic,1+5,state_mean,2023-06,98,52,6,0.952663,0.0293373
g3_mex,hd,hispanic,1+5,state_mean,2023-07,122,63,6,0.950094,0.0364998
g3_mex,hd,hispanic,1+5,state_mean,2023-08,139,66,10,0.932266,0.0502297
g3_mex,hd,hispanic,1+5,state_mean,2023-09,138,65,11,0.942208,0.0328632
g3_mex,hd,hispanic,1+5,state_mean,2023-10,119,72,8,0.956391,0.0224412
g3_mex,hd,hispanic,1+5,state_mean,2023-11,101,57,7,0.94766,0.0239856
g3_mex,hd,hispanic,1+5,state_mean,2023-12,91,51,5,0.945179,0.0302316
g3_mex,hd,hispanic,1+5,state_mean,2024-01,103,54,11,0.895954,0.0395875
g3_mex,hd,hispanic,1+5,state_mean,2024-02,104,56,13,0.895693,0.0456355
g3_mex,hd,hispanic,1+5,state_mean,2024-03,126,67,8,0.939969,0.0299483
g3_mex,hd,hispanic,1+5,state_mean,2024-04,115,59,2,0.983638,0.0130928
g3_mex,hd,hispanic,1+5,state_mean,2024-05,131,69,14,0.896564,0.0386536
g3_mex,hd,hispanic,1+5,state_mean,2024-06,122,65,5,0.959161,0.0240843
g3_mex,hd,hispanic,1+5,state_mean,2024-07,118,62,8,0.950012,0.0295697
g3_mex,hd,hispanic,1+5,state_mean,2024-08,156,76,14,0.903845,0.0518257
g3_mex,hd,hispanic,1+5,state_mean,2024-09,126,61,11,0.911925,0.0436772
g3_mex,hd,hispanic,1+5,state_mean,2024-10,123,63,10,0.921254,0.0373031
g3_mex,hd,hispanic,1+5,state_mean,2024-11,131,66,2,0.994135,0.00425131
g3_mex,hd,hispanic,1+5,state_mean,2024-12,110,55,9,0.895981,0.0504699
g3_mex,hd,hispanic,1+5,state_mean,2025-01,113,62,10,0.891799,0.0403738
g3_mex,hd,hispanic,1+5,state_mean,2025-02,118,61,6,0.960608,0.0293859
g3_mex,hd,hispanic,1+5,state_mean,2025-03,136,71,15,0.886361,0.0435445
g3_mex,hd,hispanic,1+5,state_mean,2025-04,125,68,9,0.953448,0.0238137
g3_mex,hd,hispanic,1+5,state_mean,2025-05,76,40,7,0.909048,0.0449584
g3_mex,hd,hispanic,1+5,state_mean,2025-06,112,57,6,0.984375,0.0114754
g3_mex,hd,hispanic,1+5,state_mean,2025-07,97,54,4,0.955798,0.0301933
g3_mex,hd,hispanic,1+5,state_mean,2025-08,152,80,8,0.937039,0.030781
g3_mex,hd,hispanic,1+5,state_mean,2025-09,107,59,10,0.91169,0.0438587
g3_mex,hd,hispanic,1+5,state_mean,2025-11,116,52,5,0.946986,0.0302451
g3_mex,hd,hispanic,1+5,state_mean,2025-12,124,64,9,0.908165,0.0473911
g3_mex,hd,hispanic,1+5,state_mean,2026-01,106,58,7,0.938797,0.0307408
g3_mex,hd,hispanic,1+5,state_mean,2026-02,126,69,4,0.975386,0.0147561
g3_mex,hd,hispanic,1+5,state_mean,2026-03,114,65,14,0.872457,0.0440942
g3_mex,hd,hispanic,1+5,state_mean,2026-04,130,71,12,0.928706,0.0323819
g3_mex,hd,hispanic,1+5,state_mean,2026-05,82,48,4,0.960074,0.0314897
g3_mex,hd,hispanic,1+5,state_mean,2026-06,99,52,6,0.961929,0.0288445
g3_mex,hd,hispanic,1+5,state_mean,2026-07,93,46,2,0.970145,0.0214033
g3_mex,hd,hispanic,1+5,state_mean,2026-08,117,63,7,0.931953,0.0316743
g3_mex,hd,hispanic,1+5,final,2019-01,142,75,9,0.951957,0.0202232
g3_mex,hd,hispanic,1+5,final,2019-02,117,63,9,0.935687,0.0290812
g3_mex,hd,hispanic,1+5,final,2019-03,120,65,11,0.931333,0.0333131
g3_mex,hd,hispanic,1+5,final,2019-04,149,80,25,0.846767,0.0533241
g3_mex,hd,hispanic,1+5,final,2019-05,99,51,6,0.937438,0.0278581
g3_mex,hd,hispanic,1+5,final,2019-06,148,77,17,0.905589,0.0381118
g3_mex,hd,hispanic,1+5,final,2019-07,128,70,10,0.919955,0.0313796
g3_mex,hd,hispanic,1+5,final,2019-08,128,67,8,0.953056,0.0237433
g3_mex,hd,hispanic,1+5,final,2019-09,138,72,23,0.853885,0.0488374
g3_mex,hd,hispanic,1+5,final,2019-10,120,67,10,0.938689,0.0247669
g3_mex,hd,hispanic,1+5,final,2019-11,112,61,9,0.927637,0.0306349
g3_mex,hd,hispanic,1+5,final,2019-12,165,78,7,0.970229,0.0140319
g3_mex,hd,hispanic,1+5,final,2020-01,117,64,11,0.927117,0.029176
g3_mex,hd,hispanic,1+5,final,2020-02,105,56,20,0.84393,0.0574017
g3_mex,hd,hispanic,1+5,final,2020-03,94,52,10,0.929822,0.0477087
g3_mex,hd,hispanic,1+5,final,2020-04,53,30,11,0.834018,0.0949715
g3_mex,hd,hispanic,1+5,final,2020-05,96,41,19,0.917187,0.0343449
g3_mex,hd,hispanic,1+5,final,2020-06,81,42,2,0.991165,0.00712477
g3_mex,hd,hispanic,1+5,final,2020-07,98,51,5,0.961124,0.0214279
g3_mex,hd,hispanic,1+5,final,2020-08,75,42,6,0.912727,0.0598483
g3_mex,hd,hispanic,1+5,final,2020-09,135,67,13,0.924324,0.0359195
g3_mex,hd,hispanic,1+5,final,2020-10,120,63,13,0.906942,0.0404254
g3_mex,hd,hispanic,1+5,final,2020-11,116,64,9,0.92702,0.0337409
g3_mex,hd,hispanic,1+5,final,2020-12,116,63,10,0.941761,0.0284391
g3_mex,hd,hispanic,1+5,final,2021-01,106,58,5,0.958443,0.0259401
g3_mex,hd,hispanic,1+5,final,2021-02,113,63,18,0.853704,0.0571713
g3_mex,hd,hispanic,1+5,final,2021-03,97,52,6,0.945467,0.0358965
g3_mex,hd,hispanic,1+5,final,2021-04,105,56,10,0.968306,0.0163443
g3_mex,hd,hispanic,1+5,final,2021-05,127,71,12,0.945127,0.0230021
g3_mex,hd,hispanic,1+5,final,2021-06,87,49,8,0.920368,0.043909
g3_mex,hd,hispanic,1+5,final,2021-07,133,77,7,0.961152,0.0168729
g3_mex,hd,hispanic,1+5,final,2021-08,101,52,5,0.943925,0.0323687
g3_mex,hd,hispanic,1+5,final,2021-09,106,58,12,0.912507,0.0424486
g3_mex,hd,hispanic,1+5,final,2021-10,139,71,17,0.902522,0.0329703
g3_mex,hd,hispanic,1+5,final,2021-11,124,64,11,0.901233,0.0378095
g3_mex,hd,hispanic,1+5,final,2021-12,106,54,3,0.9839,0.0152324
g3_mex,hd,hispanic,1+5,final,2022-01,105,59,2,0.99233,0.00562865
g3_mex,hd,hispanic,1+5,final,2022-02,119,66,16,0.890119,0.0424844
g3_mex,hd,hispanic,1+5,final,2022-03,102,53,7,0.961046,0.027705
g3_mex,hd,hispanic,1+5,final,2022-04,113,60,15,0.935496,0.0265504
g3_mex,hd,hispanic,1+5,final,2022-05,114,59,15,0.875506,0.055666
g3_mex,hd,hispanic,1+5,final,2022-06,92,48,12,0.886811,0.0514424
g3_mex,hd,hispanic,1+5,final,2022-07,92,55,1,0.994393,0.00571264
g3_mex,hd,hispanic,1+5,final,2022-08,121,61,16,0.874955,0.0479328
g3_mex,hd,hispanic,1+5,final,2022-09,89,50,3,0.9806,0.0139903
g3_mex,hd,hispanic,1+5,final,2022-10,117,65,7,0.964742,0.0214312
g3_mex,hd,hispanic,1+5,final,2022-11,123,63,13,0.895524,0.0426818
g3_mex,hd,hispanic,1+5,final,2022-12,102,56,9,0.939626,0.0375962
g3_mex,hd,hispanic,1+5,final,2023-01,105,61,2,0.98758,0.00939939
g3_mex,hd,hispanic,1+5,final,2023-02,109,56,15,0.874878,0.056941
g3_mex,hd,hispanic,1+5,final,2023-03,127,66,11,0.928028,0.0404545
g3_mex,hd,hispanic,1+5,final,2023-04,111,59,7,0.95222,0.0248765
g3_mex,hd,hispanic,1+5,final,2023-05,127,66,8,0.937496,0.0321814
g3_mex,hd,hispanic,1+5,final,2023-06,98,52,6,0.951904,0.031906
g3_mex,hd,hispanic,1+5,final,2023-07,122,63,6,0.95785,0.0308194
g3_mex,hd,hispanic,1+5,final,2023-08,139,66,10,0.930635,0.0512984
g3_mex,hd,hispanic,1+5,final,2023-09,138,65,11,0.943114,0.0316346
g3_mex,hd,hispanic,1+5,final,2023-10,119,72,8,0.962599,0.0204515
g3_mex,hd,hispanic,1+5,final,2023-11,101,57,7,0.959349,0.0190733
g3_mex,hd,hispanic,1+5,final,2023-12,91,51,5,0.93943,0.0368432
g3_mex,hd,hispanic,1+5,final,2024-01,103,54,11,0.89846,0.03926
g3_mex,hd,hispanic,1+5,final,2024-02,104,56,13,0.906079,0.0414437
g3_mex,hd,hispanic,1+5,final,2024-03,126,67,8,0.94256,0.0296319
g3_mex,hd,hispanic,1+5,final,2024-04,115,59,2,0.985774,0.0114102
g3_mex,hd,hispanic,1+5,final,2024-05,131,69,14,0.886529,0.0403283
g3_mex,hd,hispanic,1+5,final,2024-06,122,65,5,0.955601,0.0260291
g3_mex,hd,hispanic,1+5,final,2024-07,118,62,8,0.951619,0.0317826
g3_mex,hd,hispanic,1+5,final,2024-08,156,76,14,0.906546,0.0523196
g3_mex,hd,hispanic,1+5,final,2024-09,126,61,11,0.920693,0.0411005
g3_mex,hd,hispanic,1+5,final,2024-10,123,63,10,0.927838,0.0345089
g3_mex,hd,hispanic,1+5,final,2024-11,131,66,2,0.993698,0.00475471
g3_mex,hd,hispanic,1+5,final,2024-12,110,55,9,0.897061,0.0503329
g3_mex,hd,hispanic,1+5,final,2025-01,113,62,10,0.909096,0.0348153
g3_mex,hd,hispanic,1+5,final,2025-02,118,61,6,0.96651,0.0235612
g3_mex,hd,hispanic,1+5,final,2025-03,136,71,15,0.903919,0.0384921
g3_mex,hd,hispanic,1+5,final,2025-04,125,68,9,0.961621,0.0203776
g3_mex,hd,hispanic,1+5,final,2025-05,76,40,7,0.924051,0.036783
g3_mex,hd,hispanic,1+5,final,2025-06,112,57,6,0.988062,0.00928785
g3_mex,hd,hispanic,1+5,final,2025-07,97,54,4,0.96463,0.0256346
g3_mex,hd,hispanic,1+5,final,2025-08,152,80,8,0.94403,0.0279816
g3_mex,hd,hispanic,1+5,final,2025-09,107,59,10,0.915532,0.0411864
g3_mex,hd,hispanic,1+5,final,2025-11,116,52,5,0.940977,0.0342055
g3_mex,hd,hispanic,1+5,final,2025-12,124,64,9,0.918223,0.0451941
g3_mex,hd,hispanic,1+5,final,2026-01,106,58,7,0.947359,0.0251388
g3_mex,hd,hispanic,1+5,final,2026-02,126,69,4,0.975253,0.0150203
g3_mex,hd,hispanic,1+5,final,2026-03,114,65,14,0.894309,0.0374813
g3_mex,hd,hispanic,1+5,final,2026-04,130,71,12,0.949782,0.0234506
g3_mex,hd,hispanic,1+5,final,2026-05,82,48,4,0.965875,0.0266479
g3_mex,hd,hispanic,1+5,final,2026-06,99,52,6,0.963393,0.027191
g3_mex,hd,hispanic,1+5,final,2026-07,93,46,2,0.978614,0.0154822
g3_mex,hd,hispanic,1+5,final,2026-08,117,63,7,0.938334,0.0296238
