source,split,stratum,reference,group,measure,unit,records,unique_persons,ref_records,weighted,mean_age,gap,se,ref_cells_uncovered_share
monthly,all,all,same,G2,ba,pct,78503,54257,4030404,273965000.0,37.9057,-17.2702,0.21985,0.0
monthly,all,all,same,G3plus_id,ba,pct,118529,82712,4030404,378909000.0,40.8979,-18.3301,0.186866,0.0
monthly,all,all,same,G2,rank,pctile,78503,54257,4030404,273965000.0,37.9057,-11.597,0.144533,0.0
monthly,all,all,same,G3plus_id,rank,pctile,118529,82712,4030404,378909000.0,40.8979,-12.9391,0.130839,0.0
monthly,all,all,same,G2,lths,pct,78503,54257,4030404,273965000.0,37.9057,9.4023,0.164489,0.0
monthly,all,all,same,G3plus_id,lths,pct,118529,82712,4030404,378909000.0,40.8979,9.84959,0.158912,0.0
monthly,all,all,same,G2,yrs,years,78503,54257,4030404,273965000.0,37.9057,-1.10375,0.0135778,0.0
monthly,all,all,same,G3plus_id,yrs,years,118529,82712,4030404,378909000.0,40.8979,-1.19042,0.0127173,0.0
monthly,all,all,same,G2,emp,pct,78503,54257,4030404,273965000.0,37.9057,-3.69755,0.207469,0.0
monthly,all,all,same,G3plus_id,emp,pct,118529,82712,4030404,378909000.0,40.8979,-4.84773,0.180281,0.0
monthly,period_2022_2025,2022-2025,same,G2,ba,pct,13360,10188,336195,57927500.0,37.4663,-20.7724,0.540687,1.11022e-16
monthly,period_2022_2025,2022-2025,same,G3plus_id,ba,pct,14941,11681,336195,61407400.0,41.2892,-19.5445,0.513435,0.0
monthly,period_2022_2025,2022-2025,same,G2,rank,pctile,13360,10188,336195,57927500.0,37.4663,-12.7239,0.31939,1.11022e-16
monthly,period_2022_2025,2022-2025,same,G3plus_id,rank,pctile,14941,11681,336195,61407400.0,41.2892,-12.078,0.308842,0.0
monthly,period_2022_2025,2022-2025,same,G2,lths,pct,13360,10188,336195,57927500.0,37.4663,5.79529,0.344988,1.11022e-16
monthly,period_2022_2025,2022-2025,same,G3plus_id,lths,pct,14941,11681,336195,61407400.0,41.2892,4.84326,0.307974,0.0
monthly,period_2022_2025,2022-2025,same,G2,yrs,years,13360,10188,336195,57927500.0,37.4663,-1.12803,0.0284494,1.11022e-16
monthly,period_2022_2025,2022-2025,same,G3plus_id,yrs,years,14941,11681,336195,61407400.0,41.2892,-1.056,0.0274268,0.0
monthly,period_2022_2025,2022-2025,same,G2,emp,pct,13360,10188,336195,57927500.0,37.4663,-1.47142,0.402006,1.11022e-16
monthly,period_2022_2025,2022-2025,same,G3plus_id,emp,pct,14941,11681,336195,61407400.0,41.2892,-3.576,0.464026,0.0
monthly,cohort,1930-1939,same,G2,ba,pct,1371,1049,111418,4024670.0,60.8903,-13.1524,0.934632,0.0
monthly,cohort,1930-1939,same,G3plus_id,ba,pct,1203,896,111418,3381190.0,60.8382,-12.815,0.984135,0.0
monthly,cohort,1930-1939,same,G2,rank,pctile,1371,1049,111418,4024670.0,60.8903,-17.4805,0.976171,0.0
monthly,cohort,1930-1939,same,G3plus_id,rank,pctile,1203,896,111418,3381190.0,60.8382,-21.8924,1.0956,0.0
monthly,cohort,1930-1939,same,G2,lths,pct,1371,1049,111418,4024670.0,60.8903,27.7671,1.70636,0.0
monthly,cohort,1930-1939,same,G3plus_id,lths,pct,1203,896,111418,3381190.0,60.8382,36.6326,1.95735,0.0
monthly,cohort,1930-1939,same,G2,yrs,years,1371,1049,111418,4024670.0,60.8903,-2.54044,0.137416,0.0
monthly,cohort,1930-1939,same,G3plus_id,yrs,years,1203,896,111418,3381190.0,60.8382,-2.86657,0.156542,0.0
monthly,cohort,1930-1939,same,G2,emp,pct,1371,1049,111418,4024670.0,60.8903,-8.75129,1.62743,0.0
monthly,cohort,1930-1939,same,G3plus_id,emp,pct,1203,896,111418,3381190.0,60.8382,-8.54115,1.7941,0.0
monthly,cohort,1940-1949,same,G2,ba,pct,3686,2445,477293,10655000.0,56.2467,-18.1297,0.785151,-2.22045e-16
monthly,cohort,1940-1949,same,G3plus_id,ba,pct,7075,4748,477293,19761600.0,56.1832,-19.8219,0.513257,0.0
monthly,cohort,1940-1949,same,G2,rank,pctile,3686,2445,477293,10655000.0,56.2467,-16.3469,0.659422,-2.22045e-16
monthly,cohort,1940-1949,same,G3plus_id,rank,pctile,7075,4748,477293,19761600.0,56.1832,-18.454,0.469316,0.0
monthly,cohort,1940-1949,same,G2,lths,pct,3686,2445,477293,10655000.0,56.2467,22.4369,1.09652,-2.22045e-16
monthly,cohort,1940-1949,same,G3plus_id,lths,pct,7075,4748,477293,19761600.0,56.1832,24.0296,0.79989,0.0
monthly,cohort,1940-1949,same,G2,yrs,years,3686,2445,477293,10655000.0,56.2467,-2.04978,0.0810779,-2.22045e-16
monthly,cohort,1940-1949,same,G3plus_id,yrs,years,7075,4748,477293,19761600.0,56.1832,-2.24004,0.0601248,0.0
monthly,cohort,1940-1949,same,G2,emp,pct,3686,2445,477293,10655000.0,56.2467,-6.28438,1.00647,-2.22045e-16
monthly,cohort,1940-1949,same,G3plus_id,emp,pct,7075,4748,477293,19761600.0,56.1832,-7.70882,0.735741,0.0
monthly,cohort,1950-1959,same,G2,ba,pct,7741,5181,1005524,22845700.0,51.5004,-16.5741,0.608149,0.0
monthly,cohort,1950-1959,same,G3plus_id,ba,pct,20219,13475,1005524,58320300.0,51.2128,-18.4823,0.344499,0.0
monthly,cohort,1950-1959,same,G2,rank,pctile,7741,5181,1005524,22845700.0,51.5004,-13.635,0.455941,0.0
monthly,cohort,1950-1959,same,G3plus_id,rank,pctile,20219,13475,1005524,58320300.0,51.2128,-14.6997,0.268042,0.0
monthly,cohort,1950-1959,same,G2,lths,pct,7741,5181,1005524,22845700.0,51.5004,16.276,0.613029,0.0
monthly,cohort,1950-1959,same,G3plus_id,lths,pct,20219,13475,1005524,58320300.0,51.2128,14.0165,0.388597,0.0
monthly,cohort,1950-1959,same,G2,yrs,years,7741,5181,1005524,22845700.0,51.5004,-1.4981,0.0488066,0.0
monthly,cohort,1950-1959,same,G3plus_id,yrs,years,20219,13475,1005524,58320300.0,51.2128,-1.4313,0.0256272,0.0
monthly,cohort,1950-1959,same,G2,emp,pct,7741,5181,1005524,22845700.0,51.5004,-5.55047,0.662615,0.0
monthly,cohort,1950-1959,same,G3plus_id,emp,pct,20219,13475,1005524,58320300.0,51.2128,-6.03345,0.420622,0.0
monthly,cohort,1960-1969,same,G2,ba,pct,13256,9046,1110922,41886900.0,44.9316,-14.6479,0.469613,0.0
monthly,cohort,1960-1969,same,G3plus_id,ba,pct,29892,20623,1110922,90572900.0,45.076,-18.2822,0.327793,2.22045e-16
monthly,cohort,1960-1969,same,G2,rank,pctile,13256,9046,1110922,41886900.0,44.9316,-10.0874,0.338951,0.0
monthly,cohort,1960-1969,same,G3plus_id,rank,pctile,29892,20623,1110922,90572900.0,45.076,-13.6996,0.235166,2.22045e-16
monthly,cohort,1960-1969,same,G2,lths,pct,13256,9046,1110922,41886900.0,44.9316,10.2205,0.416382,0.0
monthly,cohort,1960-1969,same,G3plus_id,lths,pct,29892,20623,1110922,90572900.0,45.076,11.1438,0.305476,2.22045e-16
monthly,cohort,1960-1969,same,G2,yrs,years,13256,9046,1110922,41886900.0,44.9316,-0.982087,0.0310641,0.0
monthly,cohort,1960-1969,same,G3plus_id,yrs,years,29892,20623,1110922,90572900.0,45.076,-1.19279,0.0208124,2.22045e-16
monthly,cohort,1960-1969,same,G2,emp,pct,13256,9046,1110922,41886900.0,44.9316,-2.07467,0.46822,0.0
monthly,cohort,1960-1969,same,G3plus_id,emp,pct,29892,20623,1110922,90572900.0,45.076,-4.49519,0.349231,2.22045e-16
monthly,cohort,1970-1979,same,G2,ba,pct,19812,13485,731688,66594200.0,37.8315,-19.9903,0.435718,1.11022e-16
monthly,cohort,1970-1979,same,G3plus_id,ba,pct,28713,20249,731688,90630000.0,38.0675,-20.0798,0.370917,0.0
monthly,cohort,1970-1979,same,G2,rank,pctile,19812,13485,731688,66594200.0,37.8315,-13.9112,0.274797,1.11022e-16
monthly,cohort,1970-1979,same,G3plus_id,rank,pctile,28713,20249,731688,90630000.0,38.0675,-13.7454,0.240857,0.0
monthly,cohort,1970-1979,same,G2,lths,pct,19812,13485,731688,66594200.0,37.8315,10.9003,0.34881,1.11022e-16
monthly,cohort,1970-1979,same,G3plus_id,lths,pct,28713,20249,731688,90630000.0,38.0675,9.14241,0.291273,0.0
monthly,cohort,1970-1979,same,G2,yrs,years,19812,13485,731688,66594200.0,37.8315,-1.26723,0.0252173,1.11022e-16
monthly,cohort,1970-1979,same,G3plus_id,yrs,years,28713,20249,731688,90630000.0,38.0675,-1.19469,0.0213305,0.0
monthly,cohort,1970-1979,same,G2,emp,pct,19812,13485,731688,66594200.0,37.8315,-3.35681,0.402454,1.11022e-16
monthly,cohort,1970-1979,same,G3plus_id,emp,pct,28713,20249,731688,90630000.0,38.0675,-3.46293,0.340504,0.0
monthly,cohort,1980-1989,same,G2,ba,pct,19880,14038,443842,72664000.0,32.9425,-23.2691,0.401357,4.44089e-16
monthly,cohort,1980-1989,same,G3plus_id,ba,pct,21396,15683,443842,74904800.0,33.1694,-22.2999,0.433997,0.0
monthly,cohort,1980-1989,same,G2,rank,pctile,19880,14038,443842,72664000.0,32.9425,-15.0654,0.251781,4.44089e-16
monthly,cohort,1980-1989,same,G3plus_id,rank,pctile,21396,15683,443842,74904800.0,33.1694,-14.4095,0.285728,0.0
monthly,cohort,1980-1989,same,G2,lths,pct,19880,14038,443842,72664000.0,32.9425,8.85033,0.328249,4.44089e-16
monthly,cohort,1980-1989,same,G3plus_id,lths,pct,21396,15683,443842,74904800.0,33.1694,6.91562,0.29134,0.0
monthly,cohort,1980-1989,same,G2,yrs,years,19880,14038,443842,72664000.0,32.9425,-1.30708,0.0236625,4.44089e-16
monthly,cohort,1980-1989,same,G3plus_id,yrs,years,21396,15683,443842,74904800.0,33.1694,-1.21624,0.0258328,0.0
monthly,cohort,1980-1989,same,G2,emp,pct,19880,14038,443842,72664000.0,32.9425,-3.42898,0.405245,4.44089e-16
monthly,cohort,1980-1989,same,G3plus_id,emp,pct,21396,15683,443842,74904800.0,33.1694,-4.95526,0.399324,0.0
monthly,cohort,1990-2001,same,G2,ba,pct,12757,9527,149717,55294100.0,28.371,-22.2606,0.571165,1.11022e-16
monthly,cohort,1990-2001,same,G3plus_id,ba,pct,10031,7864,149717,41338300.0,28.4629,-20.686,0.61179,1.11022e-16
monthly,cohort,1990-2001,same,G2,rank,pctile,12757,9527,149717,55294100.0,28.371,-12.7434,0.339711,1.11022e-16
monthly,cohort,1990-2001,same,G3plus_id,rank,pctile,10031,7864,149717,41338300.0,28.4629,-11.9833,0.35517,1.11022e-16
monthly,cohort,1990-2001,same,G2,lths,pct,12757,9527,149717,55294100.0,28.371,4.05098,0.326274,1.11022e-16
monthly,cohort,1990-2001,same,G3plus_id,lths,pct,10031,7864,149717,41338300.0,28.4629,2.98185,0.347715,1.11022e-16
monthly,cohort,1990-2001,same,G2,yrs,years,12757,9527,149717,55294100.0,28.371,-1.03882,0.0286172,1.11022e-16
monthly,cohort,1990-2001,same,G3plus_id,yrs,years,10031,7864,149717,41338300.0,28.4629,-0.961212,0.0292097,1.11022e-16
monthly,cohort,1990-2001,same,G2,emp,pct,12757,9527,149717,55294100.0,28.371,-3.22458,0.475556,1.11022e-16
monthly,cohort,1990-2001,same,G3plus_id,emp,pct,10031,7864,149717,41338300.0,28.4629,-5.07809,0.581501,1.11022e-16
monthly,state,elsewhere,same,G2,ba,pct,28419,20137,3662061,82260900.0,37.4807,-15.989,0.34307,0.0
monthly,state,elsewhere,same,G3plus_id,ba,pct,45685,32528,3662061,117214000.0,40.2357,-15.5669,0.308023,2.22045e-16
monthly,state,elsewhere,same,G2,rank,pctile,28419,20137,3662061,82260900.0,37.4807,-11.0261,0.2461,0.0
monthly,state,elsewhere,same,G3plus_id,rank,pctile,45685,32528,3662061,117214000.0,40.2357,-10.5581,0.202408,2.22045e-16
monthly,state,elsewhere,same,G2,lths,pct,28419,20137,3662061,82260900.0,37.4807,9.01807,0.296405,0.0
monthly,state,elsewhere,same,G3plus_id,lths,pct,45685,32528,3662061,117214000.0,40.2357,7.41545,0.249346,2.22045e-16
monthly,state,elsewhere,same,G2,yrs,years,28419,20137,3662061,82260900.0,37.4807,-1.02907,0.0224691,0.0
monthly,state,elsewhere,same,G3plus_id,yrs,years,45685,32528,3662061,117214000.0,40.2357,-0.966435,0.0188191,2.22045e-16
monthly,state,elsewhere,same,G2,emp,pct,28419,20137,3662061,82260900.0,37.4807,-2.38103,0.34204,0.0
monthly,state,elsewhere,same,G3plus_id,emp,pct,45685,32528,3662061,117214000.0,40.2357,-4.08621,0.295764,2.22045e-16
monthly,state,TX_NM,same,G2,ba,pct,20390,14108,179056,74768000.0,39.0038,-20.8162,0.448787,0.0
monthly,state,TX_NM,same,G3plus_id,ba,pct,45093,31141,179056,153856000.0,41.4814,-22.7331,0.334689,3.33067e-16
monthly,state,TX_NM,same,G2,rank,pctile,20390,14108,179056,74768000.0,39.0038,-15.3178,0.293381,0.0
monthly,state,TX_NM,same,G3plus_id,rank,pctile,45093,31141,179056,153856000.0,41.4814,-17.4713,0.21998,3.33067e-16
monthly,state,TX_NM,same,G2,lths,pct,20390,14108,179056,74768000.0,39.0038,14.1292,0.369672,0.0
monthly,state,TX_NM,same,G3plus_id,lths,pct,45093,31141,179056,153856000.0,41.4814,14.5116,0.278191,3.33067e-16
monthly,state,TX_NM,same,G2,yrs,years,20390,14108,179056,74768000.0,39.0038,-1.5078,0.0283735,0.0
monthly,state,TX_NM,same,G3plus_id,yrs,years,45093,31141,179056,153856000.0,41.4814,-1.59735,0.0219105,3.33067e-16
monthly,state,TX_NM,same,G2,emp,pct,20390,14108,179056,74768000.0,39.0038,-4.49612,0.404107,0.0
monthly,state,TX_NM,same,G3plus_id,emp,pct,45093,31141,179056,153856000.0,41.4814,-4.86184,0.303123,3.33067e-16
monthly,state,CA,same,G2,ba,pct,29694,20012,189287,116936000.0,37.5025,-23.3299,0.411967,0.0
monthly,state,CA,same,G3plus_id,ba,pct,27751,19043,189287,107838000.0,40.7853,-24.6614,0.355218,1.11022e-16
monthly,state,CA,same,G2,rank,pctile,29694,20012,189287,116936000.0,37.5025,-15.602,0.250101,0.0
monthly,state,CA,same,G3plus_id,rank,pctile,27751,19043,189287,107838000.0,40.7853,-16.8428,0.24279,1.11022e-16
monthly,state,CA,same,G2,lths,pct,29694,20012,189287,116936000.0,37.5025,9.03625,0.254491,0.0
monthly,state,CA,same,G3plus_id,lths,pct,27751,19043,189287,107838000.0,40.7853,8.96421,0.300605,1.11022e-16
monthly,state,CA,same,G2,yrs,years,29694,20012,189287,116936000.0,37.5025,-1.32656,0.0218497,0.0
monthly,state,CA,same,G3plus_id,yrs,years,27751,19043,189287,107838000.0,40.7853,-1.40184,0.021933,1.11022e-16
monthly,state,CA,same,G2,emp,pct,29694,20012,189287,116936000.0,37.5025,-2.33207,0.335314,0.0
monthly,state,CA,same,G3plus_id,emp,pct,27751,19043,189287,107838000.0,40.7853,-4.42898,0.352633,1.11022e-16
monthly,state_national_whites,elsewhere,national,G2,ba,pct,28419,20137,4030404,82260900.0,37.4807,-16.6819,0.342105,0.0
monthly,state_national_whites,elsewhere,national,G3plus_id,ba,pct,45685,32528,4030404,117214000.0,40.2357,-16.2989,0.307305,2.22045e-16
monthly,state_national_whites,elsewhere,national,G2,rank,pctile,28419,20137,4030404,82260900.0,37.4807,-11.5728,0.246037,0.0
monthly,state_national_whites,elsewhere,national,G3plus_id,rank,pctile,45685,32528,4030404,117214000.0,40.2357,-11.1502,0.202392,2.22045e-16
monthly,state_national_whites,elsewhere,national,G2,lths,pct,28419,20137,4030404,82260900.0,37.4807,9.24537,0.295971,0.0
monthly,state_national_whites,elsewhere,national,G3plus_id,lths,pct,45685,32528,4030404,117214000.0,40.2357,7.65497,0.24906,2.22045e-16
monthly,state_national_whites,elsewhere,national,G2,yrs,years,28419,20137,4030404,82260900.0,37.4807,-1.06882,0.0224548,0.0
monthly,state_national_whites,elsewhere,national,G3plus_id,yrs,years,45685,32528,4030404,117214000.0,40.2357,-1.00933,0.0187948,2.22045e-16
monthly,state_national_whites,elsewhere,national,G2,emp,pct,28419,20137,4030404,82260900.0,37.4807,-2.22211,0.341357,0.0
monthly,state_national_whites,elsewhere,national,G3plus_id,emp,pct,45685,32528,4030404,117214000.0,40.2357,-3.95304,0.29631,2.22045e-16
monthly,state_national_whites,TX_NM,national,G2,ba,pct,20390,14108,4030404,74768000.0,39.0038,-18.329,0.405773,0.0
monthly,state_national_whites,TX_NM,national,G3plus_id,ba,pct,45093,31141,4030404,153856000.0,41.4814,-19.9684,0.28977,3.33067e-16
monthly,state_national_whites,TX_NM,national,G2,rank,pctile,20390,14108,4030404,74768000.0,39.0038,-13.4642,0.281465,0.0
monthly,state_national_whites,TX_NM,national,G3plus_id,rank,pctile,45093,31141,4030404,153856000.0,41.4814,-15.4392,0.205068,3.33067e-16
monthly,state_national_whites,TX_NM,national,G2,lths,pct,20390,14108,4030404,74768000.0,39.0038,13.2808,0.368328,0.0
monthly,state_national_whites,TX_NM,national,G3plus_id,lths,pct,45093,31141,4030404,153856000.0,41.4814,13.6284,0.279659,3.33067e-16
monthly,state_national_whites,TX_NM,national,G2,yrs,years,20390,14108,4030404,74768000.0,39.0038,-1.38576,0.0271337,0.0
monthly,state_national_whites,TX_NM,national,G3plus_id,yrs,years,45093,31141,4030404,153856000.0,41.4814,-1.46209,0.0205002,3.33067e-16
monthly,state_national_whites,TX_NM,national,G2,emp,pct,20390,14108,4030404,74768000.0,39.0038,-4.3509,0.391585,0.0
monthly,state_national_whites,TX_NM,national,G3plus_id,emp,pct,45093,31141,4030404,153856000.0,41.4814,-4.57541,0.277193,3.33067e-16
monthly,state_national_whites,CA,national,G2,ba,pct,29694,20012,4030404,116936000.0,37.5025,-17.0072,0.346046,0.0
monthly,state_national_whites,CA,national,G3plus_id,ba,pct,27751,19043,4030404,107838000.0,40.7853,-18.2006,0.317903,1.11022e-16
monthly,state_national_whites,CA,national,G2,rank,pctile,29694,20012,4030404,116936000.0,37.5025,-10.4222,0.215187,0.0
monthly,state_national_whites,CA,national,G3plus_id,rank,pctile,27751,19043,4030404,107838000.0,40.7853,-11.3198,0.23346,1.11022e-16
monthly,state_national_whites,CA,national,G2,lths,pct,29694,20012,4030404,116936000.0,37.5025,7.03279,0.250996,0.0
monthly,state_national_whites,CA,national,G3plus_id,lths,pct,27751,19043,4030404,107838000.0,40.7853,6.84366,0.296939,1.11022e-16
monthly,state_national_whites,CA,national,G2,yrs,years,29694,20012,4030404,116936000.0,37.5025,-0.947995,0.0192598,0.0
monthly,state_national_whites,CA,national,G3plus_id,yrs,years,27751,19043,4030404,107838000.0,40.7853,-0.999676,0.0209841,1.11022e-16
monthly,state_national_whites,CA,national,G2,emp,pct,29694,20012,4030404,116936000.0,37.5025,-4.31772,0.318627,0.0
monthly,state_national_whites,CA,national,G3plus_id,emp,pct,27751,19043,4030404,107838000.0,40.7853,-6.20873,0.341658,1.11022e-16
monthly,cohort_x_state,1930-1939|elsewhere,same,G2,ba,pct,413,324,100736,871368.0,60.9811,-9.73586,2.02173,0.0
monthly,cohort_x_state,1930-1939|elsewhere,same,G3plus_id,ba,pct,327,242,100736,697443.0,60.8018,-12.1821,2.06078,0.0
monthly,cohort_x_state,1930-1939|elsewhere,same,G2,rank,pctile,413,324,100736,871368.0,60.9811,-11.9365,1.88365,0.0
monthly,cohort_x_state,1930-1939|elsewhere,same,G3plus_id,rank,pctile,327,242,100736,697443.0,60.8018,-18.3005,2.13748,0.0
monthly,cohort_x_state,1930-1939|elsewhere,same,G2,lths,pct,413,324,100736,871368.0,60.9811,18.6162,3.16135,0.0
monthly,cohort_x_state,1930-1939|elsewhere,same,G3plus_id,lths,pct,327,242,100736,697443.0,60.8018,30.2059,3.85253,0.0
monthly,cohort_x_state,1930-1939|elsewhere,same,G2,yrs,years,413,324,100736,871368.0,60.9811,-1.67222,0.23488,0.0
monthly,cohort_x_state,1930-1939|elsewhere,same,G3plus_id,yrs,years,327,242,100736,697443.0,60.8018,-2.19253,0.25256,0.0
monthly,cohort_x_state,1930-1939|elsewhere,same,G2,emp,pct,413,324,100736,871368.0,60.9811,-7.90603,3.13933,0.0
monthly,cohort_x_state,1930-1939|elsewhere,same,G3plus_id,emp,pct,327,242,100736,697443.0,60.8018,-7.98182,3.40696,0.0
monthly,cohort_x_state,1930-1939|TX_NM,same,G2,ba,pct,504,381,5392,1553400.0,60.8807,-18.2948,1.60616,0.0
monthly,cohort_x_state,1930-1939|TX_NM,same,G3plus_id,ba,pct,619,465,5392,1787110.0,60.8255,-17.392,1.50918,0.0
monthly,cohort_x_state,1930-1939|TX_NM,same,G2,rank,pctile,504,381,5392,1553400.0,60.8807,-29.1517,1.54509,0.0
monthly,cohort_x_state,1930-1939|TX_NM,same,G3plus_id,rank,pctile,619,465,5392,1787110.0,60.8255,-29.7377,1.54351,0.0
monthly,cohort_x_state,1930-1939|TX_NM,same,G2,lths,pct,504,381,5392,1553400.0,60.8807,45.5856,3.02835,0.0
monthly,cohort_x_state,1930-1939|TX_NM,same,G3plus_id,lths,pct,619,465,5392,1787110.0,60.8255,47.4696,2.89549,0.0
monthly,cohort_x_state,1930-1939|TX_NM,same,G2,yrs,years,504,381,5392,1553400.0,60.8807,-4.46943,0.259566,0.0
monthly,cohort_x_state,1930-1939|TX_NM,same,G3plus_id,yrs,years,619,465,5392,1787110.0,60.8255,-4.18734,0.254397,0.0
monthly,cohort_x_state,1930-1939|TX_NM,same,G2,emp,pct,504,381,5392,1553400.0,60.8807,-12.6255,2.70073,0.0
monthly,cohort_x_state,1930-1939|TX_NM,same,G3plus_id,emp,pct,619,465,5392,1787110.0,60.8255,-12.5656,2.56171,0.0
monthly,cohort_x_state,1930-1939|CA,same,G2,ba,pct,454,344,5290,1599900.0,60.8502,-21.6907,1.64553,0.0
monthly,cohort_x_state,1930-1939|CA,same,G3plus_id,ba,pct,257,189,5290,896635.0,60.8916,-19.9758,2.15614,0.0
monthly,cohort_x_state,1930-1939|CA,same,G2,rank,pctile,454,344,5290,1599900.0,60.8502,-20.8491,1.49253,0.0
monthly,cohort_x_state,1930-1939|CA,same,G3plus_id,rank,pctile,257,189,5290,896635.0,60.8916,-22.5897,1.90081,0.0
monthly,cohort_x_state,1930-1939|CA,same,G2,lths,pct,454,344,5290,1599900.0,60.8502,26.014,2.83363,0.0
monthly,cohort_x_state,1930-1939|CA,same,G3plus_id,lths,pct,257,189,5290,896635.0,60.8916,33.7352,3.71386,0.0
monthly,cohort_x_state,1930-1939|CA,same,G2,yrs,years,454,344,5290,1599900.0,60.8502,-2.26092,0.185691,0.0
monthly,cohort_x_state,1930-1939|CA,same,G3plus_id,yrs,years,257,189,5290,896635.0,60.8916,-2.23111,0.197049,0.0
monthly,cohort_x_state,1930-1939|CA,same,G2,emp,pct,454,344,5290,1599900.0,60.8502,-9.86661,3.06162,0.0
monthly,cohort_x_state,1930-1939|CA,same,G3plus_id,emp,pct,257,189,5290,896635.0,60.8916,-8.39364,3.6096,0.0
monthly,cohort_x_state,1940-1949|elsewhere,same,G2,ba,pct,1282,847,432963,2735600.0,56.5829,-15.6921,1.50133,0.0
monthly,cohort_x_state,1940-1949|elsewhere,same,G3plus_id,ba,pct,2369,1607,432963,4883930.0,56.2486,-16.7751,1.04221,0.0
monthly,cohort_x_state,1940-1949|elsewhere,same,G2,rank,pctile,1282,847,432963,2735600.0,56.5829,-13.2086,1.2164,0.0
monthly,cohort_x_state,1940-1949|elsewhere,same,G3plus_id,rank,pctile,2369,1607,432963,4883930.0,56.2486,-14.3558,0.798559,0.0
monthly,cohort_x_state,1940-1949|elsewhere,same,G2,lths,pct,1282,847,432963,2735600.0,56.5829,17.5995,1.84768,0.0
monthly,cohort_x_state,1940-1949|elsewhere,same,G3plus_id,lths,pct,2369,1607,432963,4883930.0,56.2486,17.0778,1.2945,0.0
monthly,cohort_x_state,1940-1949|elsewhere,same,G2,yrs,years,1282,847,432963,2735600.0,56.5829,-1.58115,0.133276,0.0
monthly,cohort_x_state,1940-1949|elsewhere,same,G3plus_id,yrs,years,2369,1607,432963,4883930.0,56.2486,-1.74273,0.0960293,0.0
monthly,cohort_x_state,1940-1949|elsewhere,same,G2,emp,pct,1282,847,432963,2735600.0,56.5829,-6.07921,1.83953,0.0
monthly,cohort_x_state,1940-1949|elsewhere,same,G3plus_id,emp,pct,2369,1607,432963,4883930.0,56.2486,-7.27444,1.39091,0.0
monthly,cohort_x_state,1940-1949|TX_NM,same,G2,ba,pct,1235,815,21393,3885830.0,56.038,-24.2979,1.30828,2.22045e-16
monthly,cohort_x_state,1940-1949|TX_NM,same,G3plus_id,ba,pct,3282,2182,21393,10009500.0,56.212,-25.5826,0.833631,0.0
monthly,cohort_x_state,1940-1949|TX_NM,same,G2,rank,pctile,1235,815,21393,3885830.0,56.038,-24.9492,1.05448,2.22045e-16
monthly,cohort_x_state,1940-1949|TX_NM,same,G3plus_id,rank,pctile,3282,2182,21393,10009500.0,56.212,-25.6112,0.665638,0.0
monthly,cohort_x_state,1940-1949|TX_NM,same,G2,lths,pct,1235,815,21393,3885830.0,56.038,35.1594,1.91208,2.22045e-16
monthly,cohort_x_state,1940-1949|TX_NM,same,G3plus_id,lths,pct,3282,2182,21393,10009500.0,56.212,33.9833,1.23041,0.0
monthly,cohort_x_state,1940-1949|TX_NM,same,G2,yrs,years,1235,815,21393,3885830.0,56.038,-3.23512,0.147903,2.22045e-16
monthly,cohort_x_state,1940-1949|TX_NM,same,G3plus_id,yrs,years,3282,2182,21393,10009500.0,56.212,-3.14206,0.0962228,0.0
monthly,cohort_x_state,1940-1949|TX_NM,same,G2,emp,pct,1235,815,21393,3885830.0,56.038,-7.64229,1.81298,2.22045e-16
monthly,cohort_x_state,1940-1949|TX_NM,same,G3plus_id,emp,pct,3282,2182,21393,10009500.0,56.212,-10.668,1.1535,0.0
monthly,cohort_x_state,1940-1949|CA,same,G2,ba,pct,1169,783,22937,4033590.0,56.2198,-25.5461,1.33022,0.0
monthly,cohort_x_state,1940-1949|CA,same,G3plus_id,ba,pct,1424,959,22937,4868130.0,56.0584,-27.4135,1.11835,0.0
monthly,cohort_x_state,1940-1949|CA,same,G2,rank,pctile,1169,783,22937,4033590.0,56.2198,-20.8172,1.03891,0.0
monthly,cohort_x_state,1940-1949|CA,same,G3plus_id,rank,pctile,1424,959,22937,4868130.0,56.0584,-21.8149,0.922511,0.0
monthly,cohort_x_state,1940-1949|CA,same,G2,lths,pct,1169,783,22937,4033590.0,56.2198,19.8632,1.80176,0.0
monthly,cohort_x_state,1940-1949|CA,same,G3plus_id,lths,pct,1424,959,22937,4868130.0,56.0584,18.7585,1.57238,0.0
monthly,cohort_x_state,1940-1949|CA,same,G2,yrs,years,1169,783,22937,4033590.0,56.2198,-2.10886,0.115293,0.0
monthly,cohort_x_state,1940-1949|CA,same,G3plus_id,yrs,years,1424,959,22937,4868130.0,56.0584,-2.04439,0.102206,0.0
monthly,cohort_x_state,1940-1949|CA,same,G2,emp,pct,1169,783,22937,4033590.0,56.2198,-7.60231,1.63179,0.0
monthly,cohort_x_state,1940-1949|CA,same,G3plus_id,emp,pct,1424,959,22937,4868130.0,56.0584,-6.87412,1.62983,0.0
monthly,cohort_x_state,1950-1959|elsewhere,same,G2,ba,pct,2779,1884,912644,6334760.0,51.731,-15.5948,0.963275,1.11022e-16
monthly,cohort_x_state,1950-1959|elsewhere,same,G3plus_id,ba,pct,6967,4696,912644,15290300.0,51.5429,-16.7497,0.620104,0.0
monthly,cohort_x_state,1950-1959|elsewhere,same,G2,rank,pctile,2779,1884,912644,6334760.0,51.731,-12.1275,0.748686,1.11022e-16
monthly,cohort_x_state,1950-1959|elsewhere,same,G3plus_id,rank,pctile,6967,4696,912644,15290300.0,51.5429,-12.5986,0.485379,0.0
monthly,cohort_x_state,1950-1959|elsewhere,same,G2,lths,pct,2779,1884,912644,6334760.0,51.731,15.613,1.08879,1.11022e-16
monthly,cohort_x_state,1950-1959|elsewhere,same,G3plus_id,lths,pct,6967,4696,912644,15290300.0,51.5429,11.061,0.676952,0.0
monthly,cohort_x_state,1950-1959|elsewhere,same,G2,yrs,years,2779,1884,912644,6334760.0,51.731,-1.32465,0.0849563,1.11022e-16
monthly,cohort_x_state,1950-1959|elsewhere,same,G3plus_id,yrs,years,6967,4696,912644,15290300.0,51.5429,-1.221,0.0447262,0.0
monthly,cohort_x_state,1950-1959|elsewhere,same,G2,emp,pct,2779,1884,912644,6334760.0,51.731,-3.76724,1.14289,1.11022e-16
monthly,cohort_x_state,1950-1959|elsewhere,same,G3plus_id,emp,pct,6967,4696,912644,15290300.0,51.5429,-5.67398,0.80697,0.0
monthly,cohort_x_state,1950-1959|TX_NM,same,G2,ba,pct,2419,1605,44198,7708360.0,51.2779,-21.5548,1.09104,0.0
monthly,cohort_x_state,1950-1959|TX_NM,same,G3plus_id,ba,pct,8336,5513,44198,25731400.0,51.1755,-23.7392,0.598777,0.0
monthly,cohort_x_state,1950-1959|TX_NM,same,G2,rank,pctile,2419,1605,44198,7708360.0,51.2779,-19.1725,0.824825,0.0
monthly,cohort_x_state,1950-1959|TX_NM,same,G3plus_id,rank,pctile,8336,5513,44198,25731400.0,51.1755,-20.3277,0.422601,0.0
monthly,cohort_x_state,1950-1959|TX_NM,same,G2,lths,pct,2419,1605,44198,7708360.0,51.2779,21.9645,1.16847,0.0
monthly,cohort_x_state,1950-1959|TX_NM,same,G3plus_id,lths,pct,8336,5513,44198,25731400.0,51.1755,20.8665,0.654949,0.0
monthly,cohort_x_state,1950-1959|TX_NM,same,G2,yrs,years,2419,1605,44198,7708360.0,51.2779,-2.14168,0.0955457,0.0
monthly,cohort_x_state,1950-1959|TX_NM,same,G3plus_id,yrs,years,8336,5513,44198,25731400.0,51.1755,-1.97972,0.0443854,0.0
monthly,cohort_x_state,1950-1959|TX_NM,same,G2,emp,pct,2419,1605,44198,7708360.0,51.2779,-6.23583,1.25646,0.0
monthly,cohort_x_state,1950-1959|TX_NM,same,G3plus_id,emp,pct,8336,5513,44198,25731400.0,51.1755,-7.14009,0.663113,0.0
monthly,cohort_x_state,1950-1959|CA,same,G2,ba,pct,2543,1692,48682,8802620.0,51.5292,-22.5839,0.993607,1.11022e-16
monthly,cohort_x_state,1950-1959|CA,same,G3plus_id,ba,pct,4916,3266,48682,17298700.0,50.9766,-24.1338,0.735648,-2.22045e-16
monthly,cohort_x_state,1950-1959|CA,same,G2,rank,pctile,2543,1692,48682,8802620.0,51.5292,-18.0474,0.686983,1.11022e-16
monthly,cohort_x_state,1950-1959|CA,same,G3plus_id,rank,pctile,4916,3266,48682,17298700.0,50.9766,-18.1836,0.510274,-2.22045e-16
monthly,cohort_x_state,1950-1959|CA,same,G2,lths,pct,2543,1692,48682,8802620.0,51.5292,14.8475,1.01413,1.11022e-16
monthly,cohort_x_state,1950-1959|CA,same,G3plus_id,lths,pct,4916,3266,48682,17298700.0,50.9766,9.99143,0.691137,-2.22045e-16
monthly,cohort_x_state,1950-1959|CA,same,G2,yrs,years,2543,1692,48682,8802620.0,51.5292,-1.67993,0.0709097,1.11022e-16
monthly,cohort_x_state,1950-1959|CA,same,G3plus_id,yrs,years,4916,3266,48682,17298700.0,50.9766,-1.52997,0.0453262,-2.22045e-16
monthly,cohort_x_state,1950-1959|CA,same,G2,emp,pct,2543,1692,48682,8802620.0,51.5292,-5.3406,1.15574,1.11022e-16
monthly,cohort_x_state,1950-1959|CA,same,G3plus_id,emp,pct,4916,3266,48682,17298700.0,50.9766,-4.0841,0.827794,-2.22045e-16
monthly,cohort_x_state,1960-1969|elsewhere,same,G2,ba,pct,4593,3207,1010665,11652400.0,45.8378,-10.7004,0.925728,1.11022e-16
monthly,cohort_x_state,1960-1969|elsewhere,same,G3plus_id,ba,pct,10700,7499,1010665,25418900.0,45.8407,-14.6654,0.577297,0.0
monthly,cohort_x_state,1960-1969|elsewhere,same,G2,rank,pctile,4593,3207,1010665,11652400.0,45.8378,-8.39534,0.627667,1.11022e-16
monthly,cohort_x_state,1960-1969|elsewhere,same,G3plus_id,rank,pctile,10700,7499,1010665,25418900.0,45.8407,-10.4089,0.400666,0.0
monthly,cohort_x_state,1960-1969|elsewhere,same,G2,lths,pct,4593,3207,1010665,11652400.0,45.8378,9.26202,0.716666,1.11022e-16
monthly,cohort_x_state,1960-1969|elsewhere,same,G3plus_id,lths,pct,10700,7499,1010665,25418900.0,45.8407,8.00732,0.486424,0.0
monthly,cohort_x_state,1960-1969|elsewhere,same,G2,yrs,years,4593,3207,1010665,11652400.0,45.8378,-0.825995,0.0590333,1.11022e-16
monthly,cohort_x_state,1960-1969|elsewhere,same,G3plus_id,yrs,years,10700,7499,1010665,25418900.0,45.8407,-0.923415,0.0350416,0.0
monthly,cohort_x_state,1960-1969|elsewhere,same,G2,emp,pct,4593,3207,1010665,11652400.0,45.8378,-1.57702,0.866624,1.11022e-16
monthly,cohort_x_state,1960-1969|elsewhere,same,G3plus_id,emp,pct,10700,7499,1010665,25418900.0,45.8407,-3.84777,0.602358,0.0
monthly,cohort_x_state,1960-1969|TX_NM,same,G2,ba,pct,3962,2702,47995,13225400.0,44.0799,-20.2014,0.922695,0.0
monthly,cohort_x_state,1960-1969|TX_NM,same,G3plus_id,ba,pct,12169,8326,47995,39322900.0,44.5362,-23.7906,0.542833,0.0
monthly,cohort_x_state,1960-1969|TX_NM,same,G2,rank,pctile,3962,2702,47995,13225400.0,44.0799,-14.3295,0.656874,0.0
monthly,cohort_x_state,1960-1969|TX_NM,same,G3plus_id,rank,pctile,12169,8326,47995,39322900.0,44.5362,-18.5899,0.38176,0.0
monthly,cohort_x_state,1960-1969|TX_NM,same,G2,lths,pct,3962,2702,47995,13225400.0,44.0799,14.0067,0.789819,0.0
monthly,cohort_x_state,1960-1969|TX_NM,same,G3plus_id,lths,pct,12169,8326,47995,39322900.0,44.5362,14.9141,0.502532,0.0
monthly,cohort_x_state,1960-1969|TX_NM,same,G2,yrs,years,3962,2702,47995,13225400.0,44.0799,-1.39002,0.0581187,0.0
monthly,cohort_x_state,1960-1969|TX_NM,same,G3plus_id,yrs,years,12169,8326,47995,39322900.0,44.5362,-1.583,0.0344562,0.0
monthly,cohort_x_state,1960-1969|TX_NM,same,G2,emp,pct,3962,2702,47995,13225400.0,44.0799,-2.5883,0.840316,0.0
monthly,cohort_x_state,1960-1969|TX_NM,same,G3plus_id,emp,pct,12169,8326,47995,39322900.0,44.5362,-5.05302,0.554461,0.0
monthly,cohort_x_state,1960-1969|CA,same,G2,ba,pct,4701,3137,52262,17009100.0,44.973,-21.7649,0.824283,0.0
monthly,cohort_x_state,1960-1969|CA,same,G3plus_id,ba,pct,7023,4798,52262,25831100.0,45.1451,-24.8129,0.693155,3.33067e-16
monthly,cohort_x_state,1960-1969|CA,same,G2,rank,pctile,4701,3137,52262,17009100.0,44.973,-14.7005,0.575653,0.0
monthly,cohort_x_state,1960-1969|CA,same,G3plus_id,rank,pctile,7023,4798,52262,25831100.0,45.1451,-17.8831,0.454171,3.33067e-16
monthly,cohort_x_state,1960-1969|CA,same,G2,lths,pct,4701,3137,52262,17009100.0,44.973,10.1958,0.689364,0.0
monthly,cohort_x_state,1960-1969|CA,same,G3plus_id,lths,pct,7023,4798,52262,25831100.0,45.1451,11.2749,0.59693,3.33067e-16
monthly,cohort_x_state,1960-1969|CA,same,G2,yrs,years,4701,3137,52262,17009100.0,44.973,-1.27547,0.0552898,0.0
monthly,cohort_x_state,1960-1969|CA,same,G3plus_id,yrs,years,7023,4798,52262,25831100.0,45.1451,-1.48458,0.0411018,3.33067e-16
monthly,cohort_x_state,1960-1969|CA,same,G2,emp,pct,4701,3137,52262,17009100.0,44.973,-0.655297,0.8272,0.0
monthly,cohort_x_state,1960-1969|CA,same,G3plus_id,emp,pct,7023,4798,52262,25831100.0,45.1451,-3.31759,0.72918,3.33067e-16
monthly,cohort_x_state,1970-1979|elsewhere,same,G2,ba,pct,6682,4647,666225,18453900.0,38.3763,-19.3628,0.753713,1.11022e-16
monthly,cohort_x_state,1970-1979|elsewhere,same,G3plus_id,ba,pct,11771,8403,666225,29543800.0,38.6845,-17.6581,0.62442,3.33067e-16
monthly,cohort_x_state,1970-1979|elsewhere,same,G2,rank,pctile,6682,4647,666225,18453900.0,38.3763,-13.9492,0.458207,1.11022e-16
monthly,cohort_x_state,1970-1979|elsewhere,same,G3plus_id,rank,pctile,11771,8403,666225,29543800.0,38.6845,-12.2807,0.389801,3.33067e-16
monthly,cohort_x_state,1970-1979|elsewhere,same,G2,lths,pct,6682,4647,666225,18453900.0,38.3763,10.8559,0.55234,1.11022e-16
monthly,cohort_x_state,1970-1979|elsewhere,same,G3plus_id,lths,pct,11771,8403,666225,29543800.0,38.6845,8.11827,0.45667,3.33067e-16
monthly,cohort_x_state,1970-1979|elsewhere,same,G2,yrs,years,6682,4647,666225,18453900.0,38.3763,-1.28514,0.042661,1.11022e-16
monthly,cohort_x_state,1970-1979|elsewhere,same,G3plus_id,yrs,years,11771,8403,666225,29543800.0,38.6845,-1.09128,0.0349085,3.33067e-16
monthly,cohort_x_state,1970-1979|elsewhere,same,G2,emp,pct,6682,4647,666225,18453900.0,38.3763,-1.44448,0.652041,1.11022e-16
monthly,cohort_x_state,1970-1979|elsewhere,same,G3plus_id,emp,pct,11771,8403,666225,29543800.0,38.6845,-3.19397,0.543039,3.33067e-16
monthly,cohort_x_state,1970-1979|TX_NM,same,G2,ba,pct,5219,3598,32498,18835300.0,37.6478,-23.1517,0.855525,0.0
monthly,cohort_x_state,1970-1979|TX_NM,same,G3plus_id,ba,pct,10454,7330,32498,36098200.0,37.5345,-22.6816,0.691362,-2.22045e-16
monthly,cohort_x_state,1970-1979|TX_NM,same,G2,rank,pctile,5219,3598,32498,18835300.0,37.6478,-16.8721,0.550862,0.0
monthly,cohort_x_state,1970-1979|TX_NM,same,G3plus_id,rank,pctile,10454,7330,32498,36098200.0,37.5345,-16.5786,0.455799,-2.22045e-16
monthly,cohort_x_state,1970-1979|TX_NM,same,G2,lths,pct,5219,3598,32498,18835300.0,37.6478,14.4193,0.727258,0.0
monthly,cohort_x_state,1970-1979|TX_NM,same,G3plus_id,lths,pct,10454,7330,32498,36098200.0,37.5345,11.7035,0.521526,-2.22045e-16
monthly,cohort_x_state,1970-1979|TX_NM,same,G2,yrs,years,5219,3598,32498,18835300.0,37.6478,-1.50333,0.0501901,0.0
monthly,cohort_x_state,1970-1979|TX_NM,same,G3plus_id,yrs,years,10454,7330,32498,36098200.0,37.5345,-1.37307,0.0389449,-2.22045e-16
monthly,cohort_x_state,1970-1979|TX_NM,same,G2,emp,pct,5219,3598,32498,18835300.0,37.6478,-4.88835,0.813881,0.0
monthly,cohort_x_state,1970-1979|TX_NM,same,G3plus_id,emp,pct,10454,7330,32498,36098200.0,37.5345,-2.5423,0.609564,-2.22045e-16
monthly,cohort_x_state,1970-1979|CA,same,G2,ba,pct,7911,5240,32965,29305000.0,37.6065,-26.6929,0.761131,2.22045e-16
monthly,cohort_x_state,1970-1979|CA,same,G3plus_id,ba,pct,6488,4516,32965,24988000.0,38.108,-28.3086,0.835741,0.0
monthly,cohort_x_state,1970-1979|CA,same,G2,rank,pctile,7911,5240,32965,29305000.0,37.6065,-17.627,0.436555,2.22045e-16
monthly,cohort_x_state,1970-1979|CA,same,G3plus_id,rank,pctile,6488,4516,32965,24988000.0,38.108,-17.9019,0.519235,0.0
monthly,cohort_x_state,1970-1979|CA,same,G2,lths,pct,7911,5240,32965,29305000.0,37.6065,10.4835,0.522183,2.22045e-16
monthly,cohort_x_state,1970-1979|CA,same,G3plus_id,lths,pct,6488,4516,32965,24988000.0,38.108,8.64464,0.548387,0.0
monthly,cohort_x_state,1970-1979|CA,same,G2,yrs,years,7911,5240,32965,29305000.0,37.6065,-1.5327,0.0400056,2.22045e-16
monthly,cohort_x_state,1970-1979|CA,same,G3plus_id,yrs,years,6488,4516,32965,24988000.0,38.108,-1.51141,0.0471541,0.0
monthly,cohort_x_state,1970-1979|CA,same,G2,emp,pct,7911,5240,32965,29305000.0,37.6065,-2.09052,0.666847,2.22045e-16
monthly,cohort_x_state,1970-1979|CA,same,G3plus_id,emp,pct,6488,4516,32965,24988000.0,38.108,-3.9414,0.724483,0.0
monthly,cohort_x_state,1980-1989|elsewhere,same,G2,ba,pct,7326,5305,402823,22336700.0,33.246,-22.773,0.669633,1.11022e-16
monthly,cohort_x_state,1980-1989|elsewhere,same,G3plus_id,ba,pct,9010,6709,402823,25885200.0,33.334,-20.7972,0.676409,1.11022e-16
monthly,cohort_x_state,1980-1989|elsewhere,same,G2,rank,pctile,7326,5305,402823,22336700.0,33.246,-15.365,0.448598,1.11022e-16
monthly,cohort_x_state,1980-1989|elsewhere,same,G3plus_id,rank,pctile,9010,6709,402823,25885200.0,33.334,-13.3813,0.419941,1.11022e-16
monthly,cohort_x_state,1980-1989|elsewhere,same,G2,lths,pct,7326,5305,402823,22336700.0,33.246,10.2369,0.564086,1.11022e-16
monthly,cohort_x_state,1980-1989|elsewhere,same,G3plus_id,lths,pct,9010,6709,402823,25885200.0,33.334,6.40477,0.472286,1.11022e-16
monthly,cohort_x_state,1980-1989|elsewhere,same,G2,yrs,years,7326,5305,402823,22336700.0,33.246,-1.368,0.0424695,1.11022e-16
monthly,cohort_x_state,1980-1989|elsewhere,same,G3plus_id,yrs,years,9010,6709,402823,25885200.0,33.334,-1.14264,0.0371309,1.11022e-16
monthly,cohort_x_state,1980-1989|elsewhere,same,G2,emp,pct,7326,5305,402823,22336700.0,33.246,-2.75957,0.623717,1.11022e-16
monthly,cohort_x_state,1980-1989|elsewhere,same,G3plus_id,emp,pct,9010,6709,402823,25885200.0,33.334,-4.14692,0.631183,1.11022e-16
monthly,cohort_x_state,1980-1989|TX_NM,same,G2,ba,pct,4475,3183,20430,17513000.0,32.816,-23.1382,0.945003,1.11022e-16
monthly,cohort_x_state,1980-1989|TX_NM,same,G3plus_id,ba,pct,7214,5290,20430,27387900.0,32.9422,-23.4399,0.86122,0.0
monthly,cohort_x_state,1980-1989|TX_NM,same,G2,rank,pctile,4475,3183,20430,17513000.0,32.816,-15.3963,0.601563,1.11022e-16
monthly,cohort_x_state,1980-1989|TX_NM,same,G3plus_id,rank,pctile,7214,5290,20430,27387900.0,32.9422,-16.1094,0.510728,0.0
monthly,cohort_x_state,1980-1989|TX_NM,same,G2,lths,pct,4475,3183,20430,17513000.0,32.816,10.718,0.728722,1.11022e-16
monthly,cohort_x_state,1980-1989|TX_NM,same,G3plus_id,lths,pct,7214,5290,20430,27387900.0,32.9422,8.76903,0.530437,0.0
monthly,cohort_x_state,1980-1989|TX_NM,same,G2,yrs,years,4475,3183,20430,17513000.0,32.816,-1.31608,0.0538979,1.11022e-16
monthly,cohort_x_state,1980-1989|TX_NM,same,G3plus_id,yrs,years,7214,5290,20430,27387900.0,32.9422,-1.30715,0.0449401,0.0
monthly,cohort_x_state,1980-1989|TX_NM,same,G2,emp,pct,4475,3183,20430,17513000.0,32.816,-3.2001,0.879525,1.11022e-16
monthly,cohort_x_state,1980-1989|TX_NM,same,G3plus_id,emp,pct,7214,5290,20430,27387900.0,32.9422,-3.27864,0.667559,0.0
monthly,cohort_x_state,1980-1989|CA,same,G2,ba,pct,8079,5550,20589,32814300.0,32.8033,-30.5862,0.788234,1.11022e-16
monthly,cohort_x_state,1980-1989|CA,same,G3plus_id,ba,pct,5172,3684,20589,21631700.0,33.2601,-29.732,0.868895,-2.22045e-16
monthly,cohort_x_state,1980-1989|CA,same,G2,rank,pctile,8079,5550,20589,32814300.0,32.8033,-19.1297,0.438183,1.11022e-16
monthly,cohort_x_state,1980-1989|CA,same,G3plus_id,rank,pctile,5172,3684,20589,21631700.0,33.2601,-18.3517,0.532181,-2.22045e-16
monthly,cohort_x_state,1980-1989|CA,same,G2,lths,pct,8079,5550,20589,32814300.0,32.8033,8.58479,0.482959,1.11022e-16
monthly,cohort_x_state,1980-1989|CA,same,G3plus_id,lths,pct,5172,3684,20589,21631700.0,33.2601,7.3269,0.58065,-2.22045e-16
monthly,cohort_x_state,1980-1989|CA,same,G2,yrs,years,8079,5550,20589,32814300.0,32.8033,-1.59134,0.0407671,1.11022e-16
monthly,cohort_x_state,1980-1989|CA,same,G3plus_id,yrs,years,5172,3684,20589,21631700.0,33.2601,-1.51211,0.0504697,-2.22045e-16
monthly,cohort_x_state,1980-1989|CA,same,G2,emp,pct,8079,5550,20589,32814300.0,32.8033,-1.17858,0.670831,1.11022e-16
monthly,cohort_x_state,1980-1989|CA,same,G3plus_id,emp,pct,5172,3684,20589,21631700.0,33.2601,-4.9203,0.86887,-2.22045e-16
monthly,cohort_x_state,1990-2001|elsewhere,same,G2,ba,pct,5344,4101,136005,19876100.0,28.3076,-22.6121,0.787636,-2.22045e-16
monthly,cohort_x_state,1990-2001|elsewhere,same,G3plus_id,ba,pct,4541,3634,136005,15494800.0,28.3974,-19.6424,0.91019,0.0
monthly,cohort_x_state,1990-2001|elsewhere,same,G2,rank,pctile,5344,4101,136005,19876100.0,28.3076,-13.5584,0.499744,-2.22045e-16
monthly,cohort_x_state,1990-2001|elsewhere,same,G3plus_id,rank,pctile,4541,3634,136005,15494800.0,28.3974,-11.632,0.553858,0.0
monthly,cohort_x_state,1990-2001|elsewhere,same,G2,lths,pct,5344,4101,136005,19876100.0,28.3076,5.41128,0.547895,-2.22045e-16
monthly,cohort_x_state,1990-2001|elsewhere,same,G3plus_id,lths,pct,4541,3634,136005,15494800.0,28.3974,3.928,0.573026,0.0
monthly,cohort_x_state,1990-2001|elsewhere,same,G2,yrs,years,5344,4101,136005,19876100.0,28.3076,-1.1073,0.0445109,-2.22045e-16
monthly,cohort_x_state,1990-2001|elsewhere,same,G3plus_id,yrs,years,4541,3634,136005,15494800.0,28.3974,-0.948788,0.0479736,0.0
monthly,cohort_x_state,1990-2001|elsewhere,same,G2,emp,pct,5344,4101,136005,19876100.0,28.3076,-1.7496,0.732095,-2.22045e-16
monthly,cohort_x_state,1990-2001|elsewhere,same,G3plus_id,emp,pct,4541,3634,136005,15494800.0,28.3974,-3.38878,0.891887,0.0
monthly,cohort_x_state,1990-2001|TX_NM,same,G2,ba,pct,2576,1947,7150,12046700.0,28.3775,-22.1343,1.33529,-2.22045e-16
monthly,cohort_x_state,1990-2001|TX_NM,same,G3plus_id,ba,pct,3019,2357,7150,13519200.0,28.5194,-21.7212,1.19695,0.0
monthly,cohort_x_state,1990-2001|TX_NM,same,G2,rank,pctile,2576,1947,7150,12046700.0,28.3775,-13.3959,0.807547,-2.22045e-16
monthly,cohort_x_state,1990-2001|TX_NM,same,G3plus_id,rank,pctile,3019,2357,7150,13519200.0,28.5194,-13.056,0.729211,0.0
monthly,cohort_x_state,1990-2001|TX_NM,same,G2,lths,pct,2576,1947,7150,12046700.0,28.3775,4.8104,0.685709,-2.22045e-16
monthly,cohort_x_state,1990-2001|TX_NM,same,G3plus_id,lths,pct,3019,2357,7150,13519200.0,28.5194,3.52061,0.599413,0.0
monthly,cohort_x_state,1990-2001|TX_NM,same,G2,yrs,years,2576,1947,7150,12046700.0,28.3775,-1.05769,0.0624274,-2.22045e-16
monthly,cohort_x_state,1990-2001|TX_NM,same,G3plus_id,yrs,years,3019,2357,7150,13519200.0,28.5194,-0.999139,0.0562034,0.0
monthly,cohort_x_state,1990-2001|TX_NM,same,G2,emp,pct,2576,1947,7150,12046700.0,28.3775,-2.44406,1.18077,-2.22045e-16
monthly,cohort_x_state,1990-2001|TX_NM,same,G3plus_id,emp,pct,3019,2357,7150,13519200.0,28.5194,-3.13474,1.14853,0.0
monthly,cohort_x_state,1990-2001|CA,same,G2,ba,pct,4837,3479,6562,23371300.0,28.4215,-29.5995,1.20364,0.0
monthly,cohort_x_state,1990-2001|CA,same,G3plus_id,ba,pct,2471,1873,6562,12324300.0,28.4833,-28.0983,1.37039,1.11022e-16
monthly,cohort_x_state,1990-2001|CA,same,G2,rank,pctile,4837,3479,6562,23371300.0,28.4215,-16.6187,0.680615,0.0
monthly,cohort_x_state,1990-2001|CA,same,G3plus_id,rank,pctile,2471,1873,6562,12324300.0,28.4833,-16.2037,0.789623,1.11022e-16
monthly,cohort_x_state,1990-2001|CA,same,G2,lths,pct,4837,3479,6562,23371300.0,28.4215,4.57952,0.529507,0.0
monthly,cohort_x_state,1990-2001|CA,same,G3plus_id,lths,pct,2471,1873,6562,12324300.0,28.4833,3.51185,0.633201,1.11022e-16
monthly,cohort_x_state,1990-2001|CA,same,G2,yrs,years,4837,3479,6562,23371300.0,28.4215,-1.30643,0.0548886,0.0
monthly,cohort_x_state,1990-2001|CA,same,G3plus_id,yrs,years,2471,1873,6562,12324300.0,28.4833,-1.25844,0.0616669,1.11022e-16
monthly,cohort_x_state,1990-2001|CA,same,G2,emp,pct,4837,3479,6562,23371300.0,28.4215,-1.57215,0.90553,0.0
monthly,cohort_x_state,1990-2001|CA,same,G3plus_id,emp,pct,2471,1873,6562,12324300.0,28.4833,-5.13434,1.20054,1.11022e-16
monthly,cohort_x_period,1930-1939|1994-2006,same,G2,ba,pct,1371,1049,111418,4024670.0,60.8903,-13.1524,0.934632,0.0
monthly,cohort_x_period,1930-1939|1994-2006,same,G3plus_id,ba,pct,1203,896,111418,3381190.0,60.8382,-12.815,0.984135,0.0
monthly,cohort_x_period,1930-1939|1994-2006,same,G2,rank,pctile,1371,1049,111418,4024670.0,60.8903,-17.4805,0.976171,0.0
monthly,cohort_x_period,1930-1939|1994-2006,same,G3plus_id,rank,pctile,1203,896,111418,3381190.0,60.8382,-21.8924,1.0956,0.0
monthly,cohort_x_period,1930-1939|1994-2006,same,G2,lths,pct,1371,1049,111418,4024670.0,60.8903,27.7671,1.70636,0.0
monthly,cohort_x_period,1930-1939|1994-2006,same,G3plus_id,lths,pct,1203,896,111418,3381190.0,60.8382,36.6326,1.95735,0.0
monthly,cohort_x_period,1930-1939|1994-2006,same,G2,yrs,years,1371,1049,111418,4024670.0,60.8903,-2.54044,0.137416,0.0
monthly,cohort_x_period,1930-1939|1994-2006,same,G3plus_id,yrs,years,1203,896,111418,3381190.0,60.8382,-2.86657,0.156542,0.0
monthly,cohort_x_period,1930-1939|1994-2006,same,G2,emp,pct,1371,1049,111418,4024670.0,60.8903,-8.75129,1.62743,0.0
monthly,cohort_x_period,1930-1939|1994-2006,same,G3plus_id,emp,pct,1203,896,111418,3381190.0,60.8382,-8.54115,1.7941,0.0
monthly,cohort_x_period,1940-1949|1994-2006,same,G2,ba,pct,2989,2037,388108,8692490.0,54.9831,-17.8632,0.842543,0.0
monthly,cohort_x_period,1940-1949|1994-2006,same,G3plus_id,ba,pct,5610,3844,388108,15641000.0,54.6951,-19.1579,0.595404,0.0
monthly,cohort_x_period,1940-1949|1994-2006,same,G2,rank,pctile,2989,2037,388108,8692490.0,54.9831,-16.2982,0.713254,0.0
monthly,cohort_x_period,1940-1949|1994-2006,same,G3plus_id,rank,pctile,5610,3844,388108,15641000.0,54.6951,-18.2605,0.532888,0.0
monthly,cohort_x_period,1940-1949|1994-2006,same,G2,lths,pct,2989,2037,388108,8692490.0,54.9831,23.1702,1.23908,0.0
monthly,cohort_x_period,1940-1949|1994-2006,same,G3plus_id,lths,pct,5610,3844,388108,15641000.0,54.6951,24.1166,0.889486,0.0
monthly,cohort_x_period,1940-1949|1994-2006,same,G2,yrs,years,2989,2037,388108,8692490.0,54.9831,-2.07407,0.0863112,0.0
monthly,cohort_x_period,1940-1949|1994-2006,same,G3plus_id,yrs,years,5610,3844,388108,15641000.0,54.6951,-2.24399,0.0680404,0.0
monthly,cohort_x_period,1940-1949|1994-2006,same,G2,emp,pct,2989,2037,388108,8692490.0,54.9831,-7.04748,1.10056,0.0
monthly,cohort_x_period,1940-1949|1994-2006,same,G3plus_id,emp,pct,5610,3844,388108,15641000.0,54.6951,-7.15437,0.806503,0.0
monthly,cohort_x_period,1940-1949|2007-2021,same,G2,ba,pct,697,485,89185,1962530.0,61.8436,-18.9786,1.74167,1.11022e-16
monthly,cohort_x_period,1940-1949|2007-2021,same,G3plus_id,ba,pct,1465,1049,89185,4120630.0,61.8316,-22.7149,1.12155,0.0
monthly,cohort_x_period,1940-1949|2007-2021,same,G2,rank,pctile,697,485,89185,1962530.0,61.8436,-16.4571,1.38853,1.11022e-16
monthly,cohort_x_period,1940-1949|2007-2021,same,G3plus_id,rank,pctile,1465,1049,89185,4120630.0,61.8316,-19.584,0.960797,0.0
monthly,cohort_x_period,1940-1949|2007-2021,same,G2,lths,pct,697,485,89185,1962530.0,61.8436,18.9606,2.25257,1.11022e-16
monthly,cohort_x_period,1940-1949|2007-2021,same,G3plus_id,lths,pct,1465,1049,89185,4120630.0,61.8316,23.9775,1.68354,0.0
monthly,cohort_x_period,1940-1949|2007-2021,same,G2,yrs,years,697,485,89185,1962530.0,61.8436,-1.918,0.171463,1.11022e-16
monthly,cohort_x_period,1940-1949|2007-2021,same,G3plus_id,yrs,years,1465,1049,89185,4120630.0,61.8316,-2.25351,0.120273,0.0
monthly,cohort_x_period,1940-1949|2007-2021,same,G2,emp,pct,697,485,89185,1962530.0,61.8436,-2.97141,2.37364,1.11022e-16
monthly,cohort_x_period,1940-1949|2007-2021,same,G3plus_id,emp,pct,1465,1049,89185,4120630.0,61.8316,-9.69632,1.75605,0.0
monthly,cohort_x_period,1950-1959|1994-2006,same,G2,ba,pct,4011,2856,543256,11246800.0,44.925,-17.5822,0.767404,1.11022e-16
monthly,cohort_x_period,1950-1959|1994-2006,same,G3plus_id,ba,pct,10936,7659,543256,30082900.0,45.1506,-18.9661,0.44169,1.11022e-16
monthly,cohort_x_period,1950-1959|1994-2006,same,G2,rank,pctile,4011,2856,543256,11246800.0,44.925,-14.8881,0.600887,1.11022e-16
monthly,cohort_x_period,1950-1959|1994-2006,same,G3plus_id,rank,pctile,10936,7659,543256,30082900.0,45.1506,-15.2736,0.371973,1.11022e-16
monthly,cohort_x_period,1950-1959|1994-2006,same,G2,lths,pct,4011,2856,543256,11246800.0,44.925,16.7734,0.914208,1.11022e-16
monthly,cohort_x_period,1950-1959|1994-2006,same,G3plus_id,lths,pct,10936,7659,543256,30082900.0,45.1506,14.6593,0.569867,1.11022e-16
monthly,cohort_x_period,1950-1959|1994-2006,same,G2,yrs,years,4011,2856,543256,11246800.0,44.925,-1.58847,0.0651795,1.11022e-16
monthly,cohort_x_period,1950-1959|1994-2006,same,G3plus_id,yrs,years,10936,7659,543256,30082900.0,45.1506,-1.48324,0.0363953,1.11022e-16
monthly,cohort_x_period,1950-1959|1994-2006,same,G2,emp,pct,4011,2856,543256,11246800.0,44.925,-5.53226,0.78972,1.11022e-16
monthly,cohort_x_period,1950-1959|1994-2006,same,G3plus_id,emp,pct,10936,7659,543256,30082900.0,45.1506,-5.39487,0.510898,1.11022e-16
monthly,cohort_x_period,1950-1959|2007-2021,same,G2,ba,pct,3658,2390,453843,11295200.0,57.7183,-15.6866,0.868766,1.11022e-16
monthly,cohort_x_period,1950-1959|2007-2021,same,G3plus_id,ba,pct,9097,5988,453843,27491200.0,57.5094,-17.8641,0.547942,0.0
monthly,cohort_x_period,1950-1959|2007-2021,same,G2,rank,pctile,3658,2390,453843,11295200.0,57.7183,-12.5051,0.671529,1.11022e-16
monthly,cohort_x_period,1950-1959|2007-2021,same,G3plus_id,rank,pctile,9097,5988,453843,27491200.0,57.5094,-14.0457,0.410738,0.0
monthly,cohort_x_period,1950-1959|2007-2021,same,G2,lths,pct,3658,2390,453843,11295200.0,57.7183,15.9381,0.875979,1.11022e-16
monthly,cohort_x_period,1950-1959|2007-2021,same,G3plus_id,lths,pct,9097,5988,453843,27491200.0,57.5094,13.281,0.539619,0.0
monthly,cohort_x_period,1950-1959|2007-2021,same,G2,yrs,years,3658,2390,453843,11295200.0,57.7183,-1.42146,0.073741,1.11022e-16
monthly,cohort_x_period,1950-1959|2007-2021,same,G3plus_id,yrs,years,9097,5988,453843,27491200.0,57.5094,-1.3725,0.0393689,0.0
monthly,cohort_x_period,1950-1959|2007-2021,same,G2,emp,pct,3658,2390,453843,11295200.0,57.7183,-5.69858,1.01039,1.11022e-16
monthly,cohort_x_period,1950-1959|2007-2021,same,G3plus_id,emp,pct,9097,5988,453843,27491200.0,57.5094,-6.61279,0.706143,0.0
monthly,cohort_x_period,1950-1959|2022-2025,same,G2,ba,pct,72,66,8425,303695.0,63.7485,-11.0791,6.06923,0.0
monthly,cohort_x_period,1950-1959|2022-2025,same,G3plus_id,ba,pct,186,169,8425,746192.0,63.6317,-20.5253,3.20186,0.0
monthly,cohort_x_period,1950-1959|2022-2025,same,G2,rank,pctile,72,66,8425,303695.0,63.7485,-9.6118,3.97266,0.0
monthly,cohort_x_period,1950-1959|2022-2025,same,G3plus_id,rank,pctile,186,169,8425,746192.0,63.6317,-15.6139,2.39947,0.0
monthly,cohort_x_period,1950-1959|2022-2025,same,G2,lths,pct,72,66,8425,303695.0,63.7485,10.448,5.22623,0.0
monthly,cohort_x_period,1950-1959|2022-2025,same,G3plus_id,lths,pct,186,169,8425,746192.0,63.6317,15.119,3.73692,0.0
monthly,cohort_x_period,1950-1959|2022-2025,same,G2,yrs,years,72,66,8425,303695.0,63.7485,-0.929767,0.387328,0.0
monthly,cohort_x_period,1950-1959|2022-2025,same,G3plus_id,yrs,years,186,169,8425,746192.0,63.6317,-1.43377,0.211753,0.0
monthly,cohort_x_period,1950-1959|2022-2025,same,G2,emp,pct,72,66,8425,303695.0,63.7485,1.03587,6.5927,0.0
monthly,cohort_x_period,1950-1959|2022-2025,same,G3plus_id,emp,pct,186,169,8425,746192.0,63.6317,-8.5691,4.55157,0.0
monthly,cohort_x_period,1960-1969|1994-2006,same,G2,ba,pct,5851,4227,498893,16580600.0,34.9714,-15.0337,0.63602,-2.22045e-16
monthly,cohort_x_period,1960-1969|1994-2006,same,G3plus_id,ba,pct,13313,9770,498893,36770800.0,35.7057,-18.2407,0.407175,0.0
monthly,cohort_x_period,1960-1969|1994-2006,same,G2,rank,pctile,5851,4227,498893,16580600.0,34.9714,-10.3312,0.493488,-2.22045e-16
monthly,cohort_x_period,1960-1969|1994-2006,same,G3plus_id,rank,pctile,13313,9770,498893,36770800.0,35.7057,-14.3482,0.325989,0.0
monthly,cohort_x_period,1960-1969|1994-2006,same,G2,lths,pct,5851,4227,498893,16580600.0,34.9714,11.3622,0.645584,-2.22045e-16
monthly,cohort_x_period,1960-1969|1994-2006,same,G3plus_id,lths,pct,13313,9770,498893,36770800.0,35.7057,13.1136,0.473862,0.0
monthly,cohort_x_period,1960-1969|1994-2006,same,G2,yrs,years,5851,4227,498893,16580600.0,34.9714,-1.00576,0.0444784,-2.22045e-16
monthly,cohort_x_period,1960-1969|1994-2006,same,G3plus_id,yrs,years,13313,9770,498893,36770800.0,35.7057,-1.21104,0.0271376,0.0
monthly,cohort_x_period,1960-1969|1994-2006,same,G2,emp,pct,5851,4227,498893,16580600.0,34.9714,-2.32877,0.622769,-2.22045e-16
monthly,cohort_x_period,1960-1969|1994-2006,same,G3plus_id,emp,pct,13313,9770,498893,36770800.0,35.7057,-4.41585,0.438854,0.0
monthly,cohort_x_period,1960-1969|2007-2021,same,G2,ba,pct,6055,4051,505955,19599000.0,49.2811,-15.0419,0.751244,-2.22045e-16
monthly,cohort_x_period,1960-1969|2007-2021,same,G3plus_id,ba,pct,13650,9259,505955,42169700.0,49.3926,-18.7738,0.466281,-2.22045e-16
monthly,cohort_x_period,1960-1969|2007-2021,same,G2,rank,pctile,6055,4051,505955,19599000.0,49.2811,-10.3683,0.489976,-2.22045e-16
monthly,cohort_x_period,1960-1969|2007-2021,same,G3plus_id,rank,pctile,13650,9259,505955,42169700.0,49.3926,-13.6758,0.336745,-2.22045e-16
monthly,cohort_x_period,1960-1969|2007-2021,same,G2,lths,pct,6055,4051,505955,19599000.0,49.2811,9.85853,0.60612,-2.22045e-16
monthly,cohort_x_period,1960-1969|2007-2021,same,G3plus_id,lths,pct,13650,9259,505955,42169700.0,49.3926,10.2747,0.457391,-2.22045e-16
monthly,cohort_x_period,1960-1969|2007-2021,same,G2,yrs,years,6055,4051,505955,19599000.0,49.2811,-0.993092,0.0466334,-2.22045e-16
monthly,cohort_x_period,1960-1969|2007-2021,same,G3plus_id,yrs,years,13650,9259,505955,42169700.0,49.3926,-1.20897,0.0299552,-2.22045e-16
monthly,cohort_x_period,1960-1969|2007-2021,same,G2,emp,pct,6055,4051,505955,19599000.0,49.2811,-2.07347,0.707989,-2.22045e-16
monthly,cohort_x_period,1960-1969|2007-2021,same,G3plus_id,emp,pct,13650,9259,505955,42169700.0,49.3926,-5.03638,0.504369,-2.22045e-16
monthly,cohort_x_period,1960-1969|2022-2025,same,G2,ba,pct,1188,899,94298,4906840.0,58.7167,-12.7407,1.6305,1.11022e-16
monthly,cohort_x_period,1960-1969|2022-2025,same,G3plus_id,ba,pct,2579,1943,94298,10134600.0,58.8252,-17.1427,1.12805,0.0
monthly,cohort_x_period,1960-1969|2022-2025,same,G2,rank,pctile,1188,899,94298,4906840.0,58.7167,-8.86665,1.08,1.11022e-16
monthly,cohort_x_period,1960-1969|2022-2025,same,G3plus_id,rank,pctile,2579,1943,94298,10134600.0,58.8252,-12.5227,0.760364,0.0
monthly,cohort_x_period,1960-1969|2022-2025,same,G2,lths,pct,1188,899,94298,4906840.0,58.7167,7.8888,1.27537,1.11022e-16
monthly,cohort_x_period,1960-1969|2022-2025,same,G3plus_id,lths,pct,2579,1943,94298,10134600.0,58.8252,8.46309,0.895087,0.0
monthly,cohort_x_period,1960-1969|2022-2025,same,G2,yrs,years,1188,899,94298,4906840.0,58.7167,-0.896435,0.0998782,1.11022e-16
monthly,cohort_x_period,1960-1969|2022-2025,same,G3plus_id,yrs,years,2579,1943,94298,10134600.0,58.8252,-1.10302,0.0687858,0.0
monthly,cohort_x_period,1960-1969|2022-2025,same,G2,emp,pct,1188,899,94298,4906840.0,58.7167,-1.50996,1.64344,1.11022e-16
monthly,cohort_x_period,1960-1969|2022-2025,same,G3plus_id,emp,pct,2579,1943,94298,10134600.0,58.8252,-2.59227,1.15638,0.0
monthly,cohort_x_period,1960-1969|2026-2026,same,G2,ba,pct,162,162,11776,800457.0,60.2459,-16.7547,3.7312,0.0
monthly,cohort_x_period,1960-1969|2026-2026,same,G3plus_id,ba,pct,350,350,11776,1497860.0,60.5515,-16.0849,2.86499,2.22045e-16
monthly,cohort_x_period,1960-1969|2026-2026,same,G2,rank,pctile,162,162,11776,800457.0,60.2459,-12.2689,2.46682,0.0
monthly,cohort_x_period,1960-1969|2026-2026,same,G3plus_id,rank,pctile,350,350,11776,1497860.0,60.5515,-10.9285,1.84128,2.22045e-16
monthly,cohort_x_period,1960-1969|2026-2026,same,G2,lths,pct,162,162,11776,800457.0,60.2459,11.7922,3.41542,0.0
monthly,cohort_x_period,1960-1969|2026-2026,same,G3plus_id,lths,pct,350,350,11776,1497860.0,60.5515,6.1414,2.22789,2.22045e-16
monthly,cohort_x_period,1960-1969|2026-2026,same,G2,yrs,years,162,162,11776,800457.0,60.2459,-1.20392,0.272278,0.0
monthly,cohort_x_period,1960-1969|2026-2026,same,G3plus_id,yrs,years,350,350,11776,1497860.0,60.5515,-1.06346,0.171222,2.22045e-16
monthly,cohort_x_period,1960-1969|2026-2026,same,G2,emp,pct,162,162,11776,800457.0,60.2459,2.21311,4.39312,0.0
monthly,cohort_x_period,1960-1969|2026-2026,same,G3plus_id,emp,pct,350,350,11776,1497860.0,60.5515,-3.11076,3.1305,2.22045e-16
monthly,cohort_x_period,1970-1979|1994-2006,same,G2,ba,pct,5797,4258,227451,17229400.0,28.4807,-20.9981,0.625211,2.22045e-16
monthly,cohort_x_period,1970-1979|1994-2006,same,G3plus_id,ba,pct,8906,6794,227451,25223000.0,28.8178,-20.4511,0.561529,0.0
monthly,cohort_x_period,1970-1979|1994-2006,same,G2,rank,pctile,5797,4258,227451,17229400.0,28.4807,-14.7273,0.458556,2.22045e-16
monthly,cohort_x_period,1970-1979|1994-2006,same,G3plus_id,rank,pctile,8906,6794,227451,25223000.0,28.8178,-15.2353,0.388405,0.0
monthly,cohort_x_period,1970-1979|1994-2006,same,G2,lths,pct,5797,4258,227451,17229400.0,28.4807,12.7716,0.703093,2.22045e-16
monthly,cohort_x_period,1970-1979|1994-2006,same,G3plus_id,lths,pct,8906,6794,227451,25223000.0,28.8178,11.923,0.557897,0.0
monthly,cohort_x_period,1970-1979|1994-2006,same,G2,yrs,years,5797,4258,227451,17229400.0,28.4807,-1.28079,0.042794,2.22045e-16
monthly,cohort_x_period,1970-1979|1994-2006,same,G3plus_id,yrs,years,8906,6794,227451,25223000.0,28.8178,-1.24028,0.0339771,0.0
monthly,cohort_x_period,1970-1979|1994-2006,same,G2,emp,pct,5797,4258,227451,17229400.0,28.4807,-5.26891,0.684716,2.22045e-16
monthly,cohort_x_period,1970-1979|1994-2006,same,G3plus_id,emp,pct,8906,6794,227451,25223000.0,28.8178,-4.45854,0.514898,0.0
monthly,cohort_x_period,1970-1979|2007-2021,same,G2,ba,pct,11587,7905,412655,38632400.0,38.9428,-19.9904,0.551494,-2.22045e-16
monthly,cohort_x_period,1970-1979|2007-2021,same,G3plus_id,ba,pct,16166,11300,412655,50196700.0,39.364,-20.3442,0.493222,1.11022e-16
monthly,cohort_x_period,1970-1979|2007-2021,same,G2,rank,pctile,11587,7905,412655,38632400.0,38.9428,-14.0709,0.34641,-2.22045e-16
monthly,cohort_x_period,1970-1979|2007-2021,same,G3plus_id,rank,pctile,16166,11300,412655,50196700.0,39.364,-13.6963,0.311674,1.11022e-16
monthly,cohort_x_period,1970-1979|2007-2021,same,G2,lths,pct,11587,7905,412655,38632400.0,38.9428,10.7554,0.456602,-2.22045e-16
monthly,cohort_x_period,1970-1979|2007-2021,same,G3plus_id,lths,pct,16166,11300,412655,50196700.0,39.364,8.48325,0.384104,1.11022e-16
monthly,cohort_x_period,1970-1979|2007-2021,same,G2,yrs,years,11587,7905,412655,38632400.0,38.9428,-1.29156,0.032124,-2.22045e-16
monthly,cohort_x_period,1970-1979|2007-2021,same,G3plus_id,yrs,years,16166,11300,412655,50196700.0,39.364,-1.18528,0.0283407,1.11022e-16
monthly,cohort_x_period,1970-1979|2007-2021,same,G2,emp,pct,11587,7905,412655,38632400.0,38.9428,-2.89908,0.514589,-2.22045e-16
monthly,cohort_x_period,1970-1979|2007-2021,same,G3plus_id,emp,pct,16166,11300,412655,50196700.0,39.364,-2.94479,0.441691,1.11022e-16
monthly,cohort_x_period,1970-1979|2022-2025,same,G2,ba,pct,2111,1583,79254,9247840.0,48.4954,-18.7926,1.34635,0.0
monthly,cohort_x_period,1970-1979|2022-2025,same,G3plus_id,ba,pct,3144,2443,79254,12918100.0,48.7561,-19.4624,1.10995,1.11022e-16
monthly,cohort_x_period,1970-1979|2022-2025,same,G2,rank,pctile,2111,1583,79254,9247840.0,48.4954,-12.5554,0.783227,0.0
monthly,cohort_x_period,1970-1979|2022-2025,same,G3plus_id,rank,pctile,3144,2443,79254,12918100.0,48.7561,-12.439,0.701216,1.11022e-16
monthly,cohort_x_period,1970-1979|2022-2025,same,G2,lths,pct,2111,1583,79254,9247840.0,48.4954,8.72948,0.939771,0.0
monthly,cohort_x_period,1970-1979|2022-2025,same,G3plus_id,lths,pct,3144,2443,79254,12918100.0,48.7561,6.77963,0.747777,1.11022e-16
monthly,cohort_x_period,1970-1979|2022-2025,same,G2,yrs,years,2111,1583,79254,9247840.0,48.4954,-1.18335,0.0743897,0.0
monthly,cohort_x_period,1970-1979|2022-2025,same,G3plus_id,yrs,years,3144,2443,79254,12918100.0,48.7561,-1.1756,0.0656877,1.11022e-16
monthly,cohort_x_period,1970-1979|2022-2025,same,G2,emp,pct,2111,1583,79254,9247840.0,48.4954,-1.86442,1.01934,0.0
monthly,cohort_x_period,1970-1979|2022-2025,same,G3plus_id,emp,pct,3144,2443,79254,12918100.0,48.7561,-2.89899,0.921008,1.11022e-16
monthly,cohort_x_period,1970-1979|2026-2026,same,G2,ba,pct,317,317,12328,1484470.0,51.0086,-21.5768,2.75472,0.0
monthly,cohort_x_period,1970-1979|2026-2026,same,G3plus_id,ba,pct,497,497,12328,2292230.0,51.2194,-15.6973,2.52653,0.0
monthly,cohort_x_period,1970-1979|2026-2026,same,G2,rank,pctile,317,317,12328,1484470.0,51.0086,-14.9875,1.74806,0.0
monthly,cohort_x_period,1970-1979|2026-2026,same,G3plus_id,rank,pctile,497,497,12328,2292230.0,51.2194,-10.9653,1.54698,0.0
monthly,cohort_x_period,1970-1979|2026-2026,same,G2,lths,pct,317,317,12328,1484470.0,51.0086,7.6712,1.93669,0.0
monthly,cohort_x_period,1970-1979|2026-2026,same,G3plus_id,lths,pct,497,497,12328,2292230.0,51.2194,6.63268,1.56685,0.0
monthly,cohort_x_period,1970-1979|2026-2026,same,G2,yrs,years,317,317,12328,1484470.0,51.0086,-1.38033,0.170273,0.0
monthly,cohort_x_period,1970-1979|2026-2026,same,G3plus_id,yrs,years,497,497,12328,2292230.0,51.2194,-1.13261,0.153114,0.0
monthly,cohort_x_period,1970-1979|2026-2026,same,G2,emp,pct,317,317,12328,1484470.0,51.0086,-0.420798,2.71442,0.0
monthly,cohort_x_period,1970-1979|2026-2026,same,G3plus_id,emp,pct,497,497,12328,2292230.0,51.2194,-7.01257,2.39003,0.0
monthly,cohort_x_period,1980-1989|1994-2006,same,G2,ba,pct,357,329,9090,1088620.0,25.3241,-20.9726,2.16398,0.0
monthly,cohort_x_period,1980-1989|1994-2006,same,G3plus_id,ba,pct,428,386,9090,1257800.0,25.3359,-22.7473,1.84199,0.0
monthly,cohort_x_period,1980-1989|1994-2006,same,G2,rank,pctile,357,329,9090,1088620.0,25.3241,-14.6775,1.63443,0.0
monthly,cohort_x_period,1980-1989|1994-2006,same,G3plus_id,rank,pctile,428,386,9090,1257800.0,25.3359,-15.9382,1.45351,0.0
monthly,cohort_x_period,1980-1989|1994-2006,same,G2,lths,pct,357,329,9090,1088620.0,25.3241,13.1118,2.53681,0.0
monthly,cohort_x_period,1980-1989|1994-2006,same,G3plus_id,lths,pct,428,386,9090,1257800.0,25.3359,12.6179,2.44497,0.0
monthly,cohort_x_period,1980-1989|1994-2006,same,G2,yrs,years,357,329,9090,1088620.0,25.3241,-1.22528,0.143391,0.0
monthly,cohort_x_period,1980-1989|1994-2006,same,G3plus_id,yrs,years,428,386,9090,1257800.0,25.3359,-1.21187,0.117527,0.0
monthly,cohort_x_period,1980-1989|1994-2006,same,G2,emp,pct,357,329,9090,1088620.0,25.3241,-8.34729,2.83292,0.0
monthly,cohort_x_period,1980-1989|1994-2006,same,G3plus_id,emp,pct,428,386,9090,1257800.0,25.3359,-7.92363,2.33244,0.0
monthly,cohort_x_period,1980-1989|2007-2021,same,G2,ba,pct,15335,10932,338340,53089500.0,30.9745,-23.5651,0.455433,0.0
monthly,cohort_x_period,1980-1989|2007-2021,same,G3plus_id,ba,pct,16198,12005,338340,53608900.0,31.1008,-22.8642,0.477588,0.0
monthly,cohort_x_period,1980-1989|2007-2021,same,G2,rank,pctile,15335,10932,338340,53089500.0,30.9745,-15.3091,0.291758,0.0
monthly,cohort_x_period,1980-1989|2007-2021,same,G3plus_id,rank,pctile,16198,12005,338340,53608900.0,31.1008,-14.9779,0.315201,0.0
monthly,cohort_x_period,1980-1989|2007-2021,same,G2,lths,pct,15335,10932,338340,53089500.0,30.9745,9.14542,0.373751,0.0
monthly,cohort_x_period,1980-1989|2007-2021,same,G3plus_id,lths,pct,16198,12005,338340,53608900.0,31.1008,7.65178,0.357275,0.0
monthly,cohort_x_period,1980-1989|2007-2021,same,G2,yrs,years,15335,10932,338340,53089500.0,30.9745,-1.29793,0.026685,0.0
monthly,cohort_x_period,1980-1989|2007-2021,same,G3plus_id,yrs,years,16198,12005,338340,53608900.0,31.1008,-1.24486,0.027914,0.0
monthly,cohort_x_period,1980-1989|2007-2021,same,G2,emp,pct,15335,10932,338340,53089500.0,30.9745,-4.24819,0.452427,0.0
monthly,cohort_x_period,1980-1989|2007-2021,same,G3plus_id,emp,pct,16198,12005,338340,53608900.0,31.1008,-5.59705,0.470121,0.0
monthly,cohort_x_period,1980-1989|2022-2025,same,G2,ba,pct,3618,2744,83446,15668700.0,38.656,-22.5718,1.03933,1.11022e-16
monthly,cohort_x_period,1980-1989|2022-2025,same,G3plus_id,ba,pct,4102,3201,83446,17072100.0,38.8059,-21.0739,0.892401,0.0
monthly,cohort_x_period,1980-1989|2022-2025,same,G2,rank,pctile,3618,2744,83446,15668700.0,38.656,-14.7054,0.609273,1.11022e-16
monthly,cohort_x_period,1980-1989|2022-2025,same,G3plus_id,rank,pctile,4102,3201,83446,17072100.0,38.8059,-13.1971,0.558662,0.0
monthly,cohort_x_period,1980-1989|2022-2025,same,G2,lths,pct,3618,2744,83446,15668700.0,38.656,7.75918,0.697669,1.11022e-16
monthly,cohort_x_period,1980-1989|2022-2025,same,G3plus_id,lths,pct,4102,3201,83446,17072100.0,38.8059,4.4556,0.533451,0.0
monthly,cohort_x_period,1980-1989|2022-2025,same,G2,yrs,years,3618,2744,83446,15668700.0,38.656,-1.35105,0.0563599,1.11022e-16
monthly,cohort_x_period,1980-1989|2022-2025,same,G3plus_id,yrs,years,4102,3201,83446,17072100.0,38.8059,-1.14554,0.0483665,0.0
monthly,cohort_x_period,1980-1989|2022-2025,same,G2,emp,pct,3618,2744,83446,15668700.0,38.656,-0.728074,0.786085,1.11022e-16
monthly,cohort_x_period,1980-1989|2022-2025,same,G3plus_id,emp,pct,4102,3201,83446,17072100.0,38.8059,-2.22809,0.785376,0.0
monthly,cohort_x_period,1980-1989|2026-2026,same,G2,ba,pct,570,570,12966,2817250.0,41.1955,-23.3406,1.91756,2.22045e-16
monthly,cohort_x_period,1980-1989|2026-2026,same,G3plus_id,ba,pct,668,668,12966,2965910.0,41.4383,-19.4212,2.38129,0.0
monthly,cohort_x_period,1980-1989|2026-2026,same,G2,rank,pctile,570,570,12966,2817250.0,41.1955,-14.2913,1.26883,2.22045e-16
monthly,cohort_x_period,1980-1989|2026-2026,same,G3plus_id,rank,pctile,668,668,12966,2965910.0,41.4383,-11.9617,1.4263,0.0
monthly,cohort_x_period,1980-1989|2026-2026,same,G2,lths,pct,570,570,12966,2817250.0,41.1955,8.03597,1.77986,2.22045e-16
monthly,cohort_x_period,1980-1989|2026-2026,same,G3plus_id,lths,pct,668,668,12966,2965910.0,41.4383,5.48275,1.41845,0.0
monthly,cohort_x_period,1980-1989|2026-2026,same,G2,yrs,years,570,570,12966,2817250.0,41.1955,-1.32725,0.142556,2.22045e-16
monthly,cohort_x_period,1980-1989|2026-2026,same,G3plus_id,yrs,years,668,668,12966,2965910.0,41.4383,-1.13483,0.148534,0.0
monthly,cohort_x_period,1980-1989|2026-2026,same,G2,emp,pct,570,570,12966,2817250.0,41.1955,-1.37296,1.6733,2.22045e-16
monthly,cohort_x_period,1980-1989|2026-2026,same,G3plus_id,emp,pct,668,668,12966,2965910.0,41.4383,-8.09575,2.03485,0.0
monthly,cohort_x_period,1990-2001|2007-2021,same,G2,ba,pct,5122,3991,65283,20983900.0,26.9317,-23.374,0.823481,0.0
monthly,cohort_x_period,1990-2001|2007-2021,same,G3plus_id,ba,pct,4044,3294,65283,15665500.0,26.9439,-22.3043,0.863963,1.11022e-16
monthly,cohort_x_period,1990-2001|2007-2021,same,G2,rank,pctile,5122,3991,65283,20983900.0,26.9317,-13.7382,0.498447,0.0
monthly,cohort_x_period,1990-2001|2007-2021,same,G3plus_id,rank,pctile,4044,3294,65283,15665500.0,26.9439,-13.6168,0.570676,1.11022e-16
monthly,cohort_x_period,1990-2001|2007-2021,same,G2,lths,pct,5122,3991,65283,20983900.0,26.9317,5.65381,0.521111,0.0
monthly,cohort_x_period,1990-2001|2007-2021,same,G3plus_id,lths,pct,4044,3294,65283,15665500.0,26.9439,4.78972,0.654895,1.11022e-16
monthly,cohort_x_period,1990-2001|2007-2021,same,G2,yrs,years,5122,3991,65283,20983900.0,26.9317,-1.08081,0.0420631,0.0
monthly,cohort_x_period,1990-2001|2007-2021,same,G3plus_id,yrs,years,4044,3294,65283,15665500.0,26.9439,-1.0582,0.0455166,1.11022e-16
monthly,cohort_x_period,1990-2001|2007-2021,same,G2,emp,pct,5122,3991,65283,20983900.0,26.9317,-5.45645,0.740703,0.0
monthly,cohort_x_period,1990-2001|2007-2021,same,G3plus_id,emp,pct,4044,3294,65283,15665500.0,26.9439,-5.45148,0.858273,1.11022e-16
monthly,cohort_x_period,1990-2001|2022-2025,same,G2,ba,pct,6371,4963,70772,27800500.0,29.0892,-21.9503,0.73891,-4.44089e-16
monthly,cohort_x_period,1990-2001|2022-2025,same,G3plus_id,ba,pct,4930,4002,70772,20536400.0,29.1909,-19.4815,0.881074,-2.22045e-16
monthly,cohort_x_period,1990-2001|2022-2025,same,G2,rank,pctile,6371,4963,70772,27800500.0,29.0892,-12.3893,0.431356,-4.44089e-16
monthly,cohort_x_period,1990-2001|2022-2025,same,G3plus_id,rank,pctile,4930,4002,70772,20536400.0,29.1909,-10.7112,0.487839,-2.22045e-16
monthly,cohort_x_period,1990-2001|2022-2025,same,G2,lths,pct,6371,4963,70772,27800500.0,29.0892,3.30586,0.428647,-4.44089e-16
monthly,cohort_x_period,1990-2001|2022-2025,same,G3plus_id,lths,pct,4930,4002,70772,20536400.0,29.1909,1.79046,0.404933,-2.22045e-16
monthly,cohort_x_period,1990-2001|2022-2025,same,G2,yrs,years,6371,4963,70772,27800500.0,29.0892,-1.02719,0.0354994,-4.44089e-16
monthly,cohort_x_period,1990-2001|2022-2025,same,G3plus_id,yrs,years,4930,4002,70772,20536400.0,29.1909,-0.869882,0.0409501,-2.22045e-16
monthly,cohort_x_period,1990-2001|2022-2025,same,G2,emp,pct,6371,4963,70772,27800500.0,29.0892,-1.84129,0.565168,-4.44089e-16
monthly,cohort_x_period,1990-2001|2022-2025,same,G3plus_id,emp,pct,4930,4002,70772,20536400.0,29.1909,-5.49737,0.792394,-2.22045e-16
monthly,cohort_x_period,1990-2001|2026-2026,same,G2,ba,pct,1264,1264,13662,6509760.0,29.9435,-20.5259,1.60431,0.0
monthly,cohort_x_period,1990-2001|2026-2026,same,G3plus_id,ba,pct,1057,1057,13662,5136400.0,30.1853,-21.0746,1.65987,2.22045e-16
monthly,cohort_x_period,1990-2001|2026-2026,same,G2,rank,pctile,1264,1264,13662,6509760.0,29.9435,-11.2024,0.939583,0.0
monthly,cohort_x_period,1990-2001|2026-2026,same,G3plus_id,rank,pctile,1057,1057,13662,5136400.0,30.1853,-12.3706,1.00387,2.22045e-16
monthly,cohort_x_period,1990-2001|2026-2026,same,G2,lths,pct,1264,1264,13662,6509760.0,29.9435,2.13239,0.765538,0.0
monthly,cohort_x_period,1990-2001|2026-2026,same,G3plus_id,lths,pct,1057,1057,13662,5136400.0,30.1853,2.25198,0.993849,2.22045e-16
monthly,cohort_x_period,1990-2001|2026-2026,same,G2,yrs,years,1264,1264,13662,6509760.0,29.9435,-0.973368,0.0795469,0.0
monthly,cohort_x_period,1990-2001|2026-2026,same,G3plus_id,yrs,years,1057,1057,13662,5136400.0,30.1853,-1.05139,0.0882433,2.22045e-16
monthly,cohort_x_period,1990-2001|2026-2026,same,G2,emp,pct,1264,1264,13662,6509760.0,29.9435,-2.25303,1.26184,0.0
monthly,cohort_x_period,1990-2001|2026-2026,same,G3plus_id,emp,pct,1057,1057,13662,5136400.0,30.1853,-2.52108,1.60282,2.22045e-16
asec,all,all,same,G2,ba,pct,54034,37268,1736405,93101300.0,37.8277,-17.7091,0.287488,2.22045e-16
asec,all,all,same,G3plus_id,ba,pct,80279,55926,1736405,125510000.0,40.9287,-18.6711,0.213259,0.0
asec,all,all,same,G2,rank,pctile,54034,37268,1736405,93101300.0,37.8277,-11.9295,0.186044,2.22045e-16
asec,all,all,same,G3plus_id,rank,pctile,80279,55926,1736405,125510000.0,40.9287,-13.1843,0.154733,0.0
asec,all,all,same,G2,lths,pct,54034,37268,1736405,93101300.0,37.8277,9.65716,0.238223,2.22045e-16
asec,all,all,same,G3plus_id,lths,pct,80279,55926,1736405,125510000.0,40.9287,10.1377,0.193264,0.0
asec,all,all,same,G2,yrs,years,54034,37268,1736405,93101300.0,37.8277,-1.14133,0.0172186,2.22045e-16
asec,all,all,same,G3plus_id,yrs,years,80279,55926,1736405,125510000.0,40.9287,-1.21624,0.0143429,0.0
asec,all,all,same,G2,emp,pct,54034,37268,1736405,93101300.0,37.8277,-4.21749,0.24357,2.22045e-16
asec,all,all,same,G3plus_id,emp,pct,80279,55926,1736405,125510000.0,40.9287,-5.39959,0.231085,0.0
asec,all,all,same,G2,earn,usd2024,54034,37268,1736405,71471000.0,37.8277,-13820.6,418.859,2.22045e-16
asec,all,all,same,G3plus_id,earn,usd2024,80279,55926,1736405,93777000.0,40.9287,-15742.5,326.957,-2.22045e-16
asec,period_2022_2025,2022-2025,same,G2,ba,pct,9183,7001,151280,19682300.0,37.4961,-21.6669,0.70025,-2.22045e-16
asec,period_2022_2025,2022-2025,same,G3plus_id,ba,pct,9979,7709,151280,20403000.0,41.2375,-19.8512,0.674771,0.0
asec,period_2022_2025,2022-2025,same,G2,rank,pctile,9183,7001,151280,19682300.0,37.4961,-13.3845,0.411155,-2.22045e-16
asec,period_2022_2025,2022-2025,same,G3plus_id,rank,pctile,9979,7709,151280,20403000.0,41.2375,-12.556,0.429416,0.0
asec,period_2022_2025,2022-2025,same,G2,lths,pct,9183,7001,151280,19682300.0,37.4961,6.27957,0.459887,-2.22045e-16
asec,period_2022_2025,2022-2025,same,G3plus_id,lths,pct,9979,7709,151280,20403000.0,41.2375,5.67421,0.430565,0.0
asec,period_2022_2025,2022-2025,same,G2,yrs,years,9183,7001,151280,19682300.0,37.4961,-1.19523,0.0377665,-2.22045e-16
asec,period_2022_2025,2022-2025,same,G3plus_id,yrs,years,9979,7709,151280,20403000.0,41.2375,-1.10162,0.0388747,0.0
asec,period_2022_2025,2022-2025,same,G2,emp,pct,9183,7001,151280,19682300.0,37.4961,-3.33251,0.576982,-2.22045e-16
asec,period_2022_2025,2022-2025,same,G3plus_id,emp,pct,9979,7709,151280,20403000.0,41.2375,-4.10375,0.612291,0.0
asec,period_2022_2025,2022-2025,same,G2,earn,usd2024,9183,7001,151280,15325300.0,37.4961,-18870.8,1026.87,0.0
asec,period_2022_2025,2022-2025,same,G3plus_id,earn,usd2024,9979,7709,151280,15401000.0,41.2375,-17804.4,1018.86,1.11022e-16
asec,cohort,1930-1939,same,G2,ba,pct,850,633,38757,1274990.0,60.8897,-12.7407,1.05515,0.0
asec,cohort,1930-1939,same,G3plus_id,ba,pct,801,585,38757,1125990.0,60.8821,-14.1453,1.1435,0.0
asec,cohort,1930-1939,same,G2,rank,pctile,850,633,38757,1274990.0,60.8897,-18.9615,1.34611,0.0
asec,cohort,1930-1939,same,G3plus_id,rank,pctile,801,585,38757,1125990.0,60.8821,-23.7427,1.37732,0.0
asec,cohort,1930-1939,same,G2,lths,pct,850,633,38757,1274990.0,60.8897,31.3289,2.56269,0.0
asec,cohort,1930-1939,same,G3plus_id,lths,pct,801,585,38757,1125990.0,60.8821,37.9303,2.45996,0.0
asec,cohort,1930-1939,same,G2,yrs,years,850,633,38757,1274990.0,60.8897,-2.61722,0.183252,0.0
asec,cohort,1930-1939,same,G3plus_id,yrs,years,801,585,38757,1125990.0,60.8821,-3.23073,0.212601,0.0
asec,cohort,1930-1939,same,G2,emp,pct,850,633,38757,1274990.0,60.8897,-6.9345,2.26578,0.0
asec,cohort,1930-1939,same,G3plus_id,emp,pct,801,585,38757,1125990.0,60.8821,-11.5879,2.37348,0.0
asec,cohort,1930-1939,same,G2,earn,usd2024,850,633,38757,585726.0,60.8897,-15939.3,2603.49,0.0
asec,cohort,1930-1939,same,G3plus_id,earn,usd2024,801,585,38757,518518.0,60.8821,-18059.8,2948.94,0.0
asec,cohort,1940-1949,same,G2,ba,pct,2413,1600,169176,3532520.0,56.431,-17.5825,0.934526,0.0
asec,cohort,1940-1949,same,G3plus_id,ba,pct,4704,3140,169176,6388530.0,56.1035,-19.3569,0.64409,1.11022e-16
asec,cohort,1940-1949,same,G2,rank,pctile,2413,1600,169176,3532520.0,56.431,-16.0933,0.806476,0.0
asec,cohort,1940-1949,same,G3plus_id,rank,pctile,4704,3140,169176,6388530.0,56.1035,-17.9269,0.562692,1.11022e-16
asec,cohort,1940-1949,same,G2,lths,pct,2413,1600,169176,3532520.0,56.431,22.1042,1.37352,0.0
asec,cohort,1940-1949,same,G3plus_id,lths,pct,4704,3140,169176,6388530.0,56.1035,24.0457,0.952396,1.11022e-16
asec,cohort,1940-1949,same,G2,yrs,years,2413,1600,169176,3532520.0,56.431,-2.05197,0.0995268,0.0
asec,cohort,1940-1949,same,G3plus_id,yrs,years,4704,3140,169176,6388530.0,56.1035,-2.19708,0.0707107,1.11022e-16
asec,cohort,1940-1949,same,G2,emp,pct,2413,1600,169176,3532520.0,56.431,-5.02786,1.19477,0.0
asec,cohort,1940-1949,same,G3plus_id,emp,pct,4704,3140,169176,6388530.0,56.1035,-7.04447,0.907021,1.11022e-16
asec,cohort,1940-1949,same,G2,earn,usd2024,2413,1600,169176,2248920.0,56.431,-16527.8,2194.04,1.11022e-16
asec,cohort,1940-1949,same,G3plus_id,earn,usd2024,4704,3140,169176,3995770.0,56.1035,-22050.2,1290.44,0.0
asec,cohort,1950-1959,same,G2,ba,pct,5081,3360,392390,7451070.0,51.4613,-16.3939,0.772442,2.22045e-16
asec,cohort,1950-1959,same,G3plus_id,ba,pct,13520,8953,392390,18875700.0,51.3961,-18.5957,0.43601,-2.22045e-16
asec,cohort,1950-1959,same,G2,rank,pctile,5081,3360,392390,7451070.0,51.4613,-13.9299,0.613842,2.22045e-16
asec,cohort,1950-1959,same,G3plus_id,rank,pctile,13520,8953,392390,18875700.0,51.3961,-15.013,0.31969,-2.22045e-16
asec,cohort,1950-1959,same,G2,lths,pct,5081,3360,392390,7451070.0,51.4613,16.9078,0.834807,2.22045e-16
asec,cohort,1950-1959,same,G3plus_id,lths,pct,13520,8953,392390,18875700.0,51.3961,14.5292,0.521361,-2.22045e-16
asec,cohort,1950-1959,same,G2,yrs,years,5081,3360,392390,7451070.0,51.4613,-1.57463,0.0652423,2.22045e-16
asec,cohort,1950-1959,same,G3plus_id,yrs,years,13520,8953,392390,18875700.0,51.3961,-1.45935,0.0326985,-2.22045e-16
asec,cohort,1950-1959,same,G2,emp,pct,5081,3360,392390,7451070.0,51.4613,-6.99499,0.885397,2.22045e-16
asec,cohort,1950-1959,same,G3plus_id,emp,pct,13520,8953,392390,18875700.0,51.3961,-7.34218,0.534889,-2.22045e-16
asec,cohort,1950-1959,same,G2,earn,usd2024,5081,3360,392390,5111820.0,51.4613,-16792.7,1870.51,1.11022e-16
asec,cohort,1950-1959,same,G3plus_id,earn,usd2024,13520,8953,392390,12961700.0,51.3961,-19111.0,863.831,0.0
asec,cohort,1960-1969,same,G2,ba,pct,9029,6146,492867,14073600.0,45.0741,-14.9084,0.60508,2.22045e-16
asec,cohort,1960-1969,same,G3plus_id,ba,pct,20126,13784,492867,29548400.0,45.2992,-18.2562,0.384742,0.0
asec,cohort,1960-1969,same,G2,rank,pctile,9029,6146,492867,14073600.0,45.0741,-10.5898,0.429438,2.22045e-16
asec,cohort,1960-1969,same,G3plus_id,rank,pctile,20126,13784,492867,29548400.0,45.2992,-13.807,0.291195,0.0
asec,cohort,1960-1969,same,G2,lths,pct,9029,6146,492867,14073600.0,45.0741,10.675,0.583137,2.22045e-16
asec,cohort,1960-1969,same,G3plus_id,lths,pct,20126,13784,492867,29548400.0,45.2992,11.8376,0.405232,0.0
asec,cohort,1960-1969,same,G2,yrs,years,9029,6146,492867,14073600.0,45.0741,-1.03955,0.0402822,2.22045e-16
asec,cohort,1960-1969,same,G3plus_id,yrs,years,20126,13784,492867,29548400.0,45.2992,-1.20556,0.0247097,0.0
asec,cohort,1960-1969,same,G2,emp,pct,9029,6146,492867,14073600.0,45.0741,-3.14832,0.618101,2.22045e-16
asec,cohort,1960-1969,same,G3plus_id,emp,pct,20126,13784,492867,29548400.0,45.2992,-5.23682,0.455069,0.0
asec,cohort,1960-1969,same,G2,earn,usd2024,9029,6146,492867,10689100.0,45.0741,-16016.3,1141.22,0.0
asec,cohort,1960-1969,same,G3plus_id,earn,usd2024,20126,13784,492867,21822500.0,45.2992,-19691.7,620.054,3.33067e-16
asec,cohort,1970-1979,same,G2,ba,pct,13774,9333,359613,22381400.0,37.981,-21.2215,0.523085,3.33067e-16
asec,cohort,1970-1979,same,G3plus_id,ba,pct,19358,13713,359613,29670700.0,38.3986,-21.1254,0.456983,1.11022e-16
asec,cohort,1970-1979,same,G2,rank,pctile,13774,9333,359613,22381400.0,37.981,-14.5488,0.336455,3.33067e-16
asec,cohort,1970-1979,same,G3plus_id,rank,pctile,19358,13713,359613,29670700.0,38.3986,-14.4045,0.309,1.11022e-16
asec,cohort,1970-1979,same,G2,lths,pct,13774,9333,359613,22381400.0,37.981,11.5522,0.469022,3.33067e-16
asec,cohort,1970-1979,same,G3plus_id,lths,pct,19358,13713,359613,29670700.0,38.3986,9.45535,0.374574,1.11022e-16
asec,cohort,1970-1979,same,G2,yrs,years,13774,9333,359613,22381400.0,37.981,-1.33381,0.0315612,3.33067e-16
asec,cohort,1970-1979,same,G3plus_id,yrs,years,19358,13713,359613,29670700.0,38.3986,-1.25107,0.0269244,1.11022e-16
asec,cohort,1970-1979,same,G2,emp,pct,13774,9333,359613,22381400.0,37.981,-3.46706,0.485818,3.33067e-16
asec,cohort,1970-1979,same,G3plus_id,emp,pct,19358,13713,359613,29670700.0,38.3986,-3.84525,0.448503,1.11022e-16
asec,cohort,1970-1979,same,G2,earn,usd2024,13774,9333,359613,17600000.0,37.981,-16454.4,781.903,3.33067e-16
asec,cohort,1970-1979,same,G3plus_id,earn,usd2024,19358,13713,359613,23290500.0,38.3986,-17009.2,715.385,-2.22045e-16
asec,cohort,1980-1989,same,G2,ba,pct,13652,9622,214688,24467300.0,33.1052,-23.9922,0.534676,0.0
asec,cohort,1980-1989,same,G3plus_id,ba,pct,14796,10847,214688,25424500.0,33.4025,-23.0006,0.5177,-2.22045e-16
asec,cohort,1980-1989,same,G2,rank,pctile,13652,9622,214688,24467300.0,33.1052,-15.4576,0.344813,0.0
asec,cohort,1980-1989,same,G3plus_id,rank,pctile,14796,10847,214688,25424500.0,33.4025,-14.9605,0.340284,-2.22045e-16
asec,cohort,1980-1989,same,G2,lths,pct,13652,9622,214688,24467300.0,33.1052,8.9829,0.435156,0.0
asec,cohort,1980-1989,same,G3plus_id,lths,pct,14796,10847,214688,25424500.0,33.4025,7.25182,0.397258,-2.22045e-16
asec,cohort,1980-1989,same,G2,yrs,years,13652,9622,214688,24467300.0,33.1052,-1.34367,0.0320407,0.0
asec,cohort,1980-1989,same,G3plus_id,yrs,years,14796,10847,214688,25424500.0,33.4025,-1.27814,0.0310807,-2.22045e-16
asec,cohort,1980-1989,same,G2,emp,pct,13652,9622,214688,24467300.0,33.1052,-4.38442,0.512493,0.0
asec,cohort,1980-1989,same,G3plus_id,emp,pct,14796,10847,214688,25424500.0,33.4025,-5.21054,0.523744,-2.22045e-16
asec,cohort,1980-1989,same,G2,earn,usd2024,13652,9622,214688,19257800.0,33.1052,-17612.7,743.524,0.0
asec,cohort,1980-1989,same,G3plus_id,earn,usd2024,14796,10847,214688,19792000.0,33.4025,-15788.0,869.108,0.0
asec,cohort,1990-2001,same,G2,ba,pct,9235,6891,68914,19920400.0,28.4615,-22.8967,0.712493,0.0
asec,cohort,1990-2001,same,G3plus_id,ba,pct,6974,5422,68914,14476400.0,28.5146,-21.4939,0.752292,1.11022e-16
asec,cohort,1990-2001,same,G2,rank,pctile,9235,6891,68914,19920400.0,28.4615,-13.3579,0.425966,0.0
asec,cohort,1990-2001,same,G3plus_id,rank,pctile,6974,5422,68914,14476400.0,28.5146,-12.486,0.455116,1.11022e-16
asec,cohort,1990-2001,same,G2,lths,pct,9235,6891,68914,19920400.0,28.4615,4.45429,0.390822,0.0
asec,cohort,1990-2001,same,G3plus_id,lths,pct,6974,5422,68914,14476400.0,28.5146,3.22078,0.421632,1.11022e-16
asec,cohort,1990-2001,same,G2,yrs,years,9235,6891,68914,19920400.0,28.4615,-1.10575,0.0354458,0.0
asec,cohort,1990-2001,same,G3plus_id,yrs,years,6974,5422,68914,14476400.0,28.5146,-1.00177,0.0371754,1.11022e-16
asec,cohort,1990-2001,same,G2,emp,pct,9235,6891,68914,19920400.0,28.4615,-4.10088,0.603732,0.0
asec,cohort,1990-2001,same,G3plus_id,emp,pct,6974,5422,68914,14476400.0,28.5146,-5.88359,0.717364,1.11022e-16
asec,cohort,1990-2001,same,G2,earn,usd2024,9235,6891,68914,15977600.0,28.4615,-14919.4,871.745,0.0
asec,cohort,1990-2001,same,G3plus_id,earn,usd2024,6974,5422,68914,11396100.0,28.5146,-12342.8,912.813,0.0
asec,state,elsewhere,same,G2,ba,pct,19109,13586,1576177,27586300.0,37.4068,-16.7065,0.456509,-2.22045e-16
asec,state,elsewhere,same,G3plus_id,ba,pct,30865,21944,1576177,38692500.0,40.3281,-16.1623,0.371186,0.0
asec,state,elsewhere,same,G2,rank,pctile,19109,13586,1576177,27586300.0,37.4068,-11.5389,0.302743,-2.22045e-16
asec,state,elsewhere,same,G3plus_id,rank,pctile,30865,21944,1576177,38692500.0,40.3281,-10.9232,0.251047,0.0
asec,state,elsewhere,same,G2,lths,pct,19109,13586,1576177,27586300.0,37.4068,9.36532,0.41032,-2.22045e-16
asec,state,elsewhere,same,G3plus_id,lths,pct,30865,21944,1576177,38692500.0,40.3281,7.87776,0.307885,0.0
asec,state,elsewhere,same,G2,yrs,years,19109,13586,1576177,27586300.0,37.4068,-1.10315,0.0296604,-2.22045e-16
asec,state,elsewhere,same,G3plus_id,yrs,years,30865,21944,1576177,38692500.0,40.3281,-1.00037,0.0227835,0.0
asec,state,elsewhere,same,G2,emp,pct,19109,13586,1576177,27586300.0,37.4068,-3.042,0.459446,-2.22045e-16
asec,state,elsewhere,same,G3plus_id,emp,pct,30865,21944,1576177,38692500.0,40.3281,-4.65321,0.368629,0.0
asec,state,elsewhere,same,G2,earn,usd2024,19109,13586,1576177,21644000.0,37.4068,-13685.5,584.969,1.11022e-16
asec,state,elsewhere,same,G3plus_id,earn,usd2024,30865,21944,1576177,29648300.0,40.3281,-13586.9,517.301,2.22045e-16
asec,state,TX_NM,same,G2,ba,pct,13869,9521,77624,24805800.0,38.9715,-20.8343,0.590052,2.22045e-16
asec,state,TX_NM,same,G3plus_id,ba,pct,30409,20982,77624,50743400.0,41.5239,-22.6624,0.440861,0.0
asec,state,TX_NM,same,G2,rank,pctile,13869,9521,77624,24805800.0,38.9715,-15.3768,0.384584,2.22045e-16
asec,state,TX_NM,same,G3plus_id,rank,pctile,30409,20982,77624,50743400.0,41.5239,-17.5451,0.280457,0.0
asec,state,TX_NM,same,G2,lths,pct,13869,9521,77624,24805800.0,38.9715,14.1572,0.487938,2.22045e-16
asec,state,TX_NM,same,G3plus_id,lths,pct,30409,20982,77624,50743400.0,41.5239,14.8096,0.374881,0.0
asec,state,TX_NM,same,G2,yrs,years,13869,9521,77624,24805800.0,38.9715,-1.50362,0.0385243,2.22045e-16
asec,state,TX_NM,same,G3plus_id,yrs,years,30409,20982,77624,50743400.0,41.5239,-1.61475,0.0278088,0.0
asec,state,TX_NM,same,G2,emp,pct,13869,9521,77624,24805800.0,38.9715,-4.43386,0.55205,2.22045e-16
asec,state,TX_NM,same,G3plus_id,emp,pct,30409,20982,77624,50743400.0,41.5239,-5.39328,0.390161,0.0
asec,state,TX_NM,same,G2,earn,usd2024,13869,9521,77624,18785900.0,38.9715,-22474.8,916.299,0.0
asec,state,TX_NM,same,G3plus_id,earn,usd2024,30409,20982,77624,37511600.0,41.5239,-24348.9,740.963,0.0
asec,state,CA,same,G2,ba,pct,21056,14161,82604,40709200.0,37.4158,-23.6875,0.545365,0.0
asec,state,CA,same,G3plus_id,ba,pct,19005,13000,82604,36074400.0,40.7357,-25.1966,0.489867,2.22045e-16
asec,state,CA,same,G2,rank,pctile,21056,14161,82604,40709200.0,37.4158,-16.0503,0.338387,0.0
asec,state,CA,same,G3plus_id,rank,pctile,19005,13000,82604,36074400.0,40.7357,-17.3644,0.331546,2.22045e-16
asec,state,CA,same,G2,lths,pct,21056,14161,82604,40709200.0,37.4158,9.44845,0.376734,0.0
asec,state,CA,same,G3plus_id,lths,pct,19005,13000,82604,36074400.0,40.7357,9.2195,0.37171,2.22045e-16
asec,state,CA,same,G2,yrs,years,21056,14161,82604,40709200.0,37.4158,-1.36848,0.030365,0.0
asec,state,CA,same,G3plus_id,yrs,years,19005,13000,82604,36074400.0,40.7357,-1.43828,0.0297943,2.22045e-16
asec,state,CA,same,G2,emp,pct,21056,14161,82604,40709200.0,37.4158,-3.25487,0.43354,0.0
asec,state,CA,same,G3plus_id,emp,pct,19005,13000,82604,36074400.0,40.7357,-5.08858,0.461726,2.22045e-16
asec,state,CA,same,G2,earn,usd2024,21056,14161,82604,31041000.0,37.4158,-23544.4,817.693,-2.22045e-16
asec,state,CA,same,G3plus_id,earn,usd2024,19005,13000,82604,26617100.0,40.7357,-26040.5,761.677,0.0
asec,state_national_whites,elsewhere,national,G2,ba,pct,19109,13586,1736405,27586300.0,37.4068,-17.3793,0.457067,-2.22045e-16
asec,state_national_whites,elsewhere,national,G3plus_id,ba,pct,30865,21944,1736405,38692500.0,40.3281,-16.8806,0.37438,0.0
asec,state_national_whites,elsewhere,national,G2,rank,pctile,19109,13586,1736405,27586300.0,37.4068,-12.0838,0.302395,-2.22045e-16
asec,state_national_whites,elsewhere,national,G3plus_id,rank,pctile,30865,21944,1736405,38692500.0,40.3281,-11.5222,0.253668,0.0
asec,state_national_whites,elsewhere,national,G2,lths,pct,19109,13586,1736405,27586300.0,37.4068,9.58881,0.409391,-2.22045e-16
asec,state_national_whites,elsewhere,national,G3plus_id,lths,pct,30865,21944,1736405,38692500.0,40.3281,8.12135,0.30909,0.0
asec,state_national_whites,elsewhere,national,G2,yrs,years,19109,13586,1736405,27586300.0,37.4068,-1.14223,0.0296713,-2.22045e-16
asec,state_national_whites,elsewhere,national,G3plus_id,yrs,years,30865,21944,1736405,38692500.0,40.3281,-1.04328,0.0229596,0.0
asec,state_national_whites,elsewhere,national,G2,emp,pct,19109,13586,1736405,27586300.0,37.4068,-2.90023,0.457471,-2.22045e-16
asec,state_national_whites,elsewhere,national,G3plus_id,emp,pct,30865,21944,1736405,38692500.0,40.3281,-4.53275,0.367064,0.0
asec,state_national_whites,elsewhere,national,G2,earn,usd2024,19109,13586,1736405,21644000.0,37.4068,-15039.2,585.636,1.11022e-16
asec,state_national_whites,elsewhere,national,G3plus_id,earn,usd2024,30865,21944,1736405,29648300.0,40.3281,-15098.9,515.161,2.22045e-16
asec,state_national_whites,TX_NM,national,G2,ba,pct,13869,9521,1736405,24805800.0,38.9715,-18.3796,0.505815,2.22045e-16
asec,state_national_whites,TX_NM,national,G3plus_id,ba,pct,30409,20982,1736405,50743400.0,41.5239,-19.8875,0.313438,0.0
asec,state_national_whites,TX_NM,national,G2,rank,pctile,13869,9521,1736405,24805800.0,38.9715,-13.4848,0.350399,2.22045e-16
asec,state_national_whites,TX_NM,national,G3plus_id,rank,pctile,30409,20982,1736405,50743400.0,41.5239,-15.4423,0.232375,0.0
asec,state_national_whites,TX_NM,national,G2,lths,pct,13869,9521,1736405,24805800.0,38.9715,13.2212,0.473876,2.22045e-16
asec,state_national_whites,TX_NM,national,G3plus_id,lths,pct,30409,20982,1736405,50743400.0,41.5239,13.8148,0.349565,0.0
asec,state_national_whites,TX_NM,national,G2,yrs,years,13869,9521,1736405,24805800.0,38.9715,-1.37846,0.0350933,2.22045e-16
asec,state_national_whites,TX_NM,national,G3plus_id,yrs,years,30409,20982,1736405,50743400.0,41.5239,-1.47316,0.0229055,0.0
asec,state_national_whites,TX_NM,national,G2,emp,pct,13869,9521,1736405,24805800.0,38.9715,-4.16598,0.52028,2.22045e-16
asec,state_national_whites,TX_NM,national,G3plus_id,emp,pct,30409,20982,1736405,50743400.0,41.5239,-5.07075,0.3481,0.0
asec,state_national_whites,TX_NM,national,G2,earn,usd2024,13869,9521,1736405,18785900.0,38.9715,-17546.7,829.251,0.0
asec,state_national_whites,TX_NM,national,G3plus_id,earn,usd2024,30409,20982,1736405,37511600.0,41.5239,-19184.2,538.124,0.0
asec,state_national_whites,CA,national,G2,ba,pct,21056,14161,1736405,40709200.0,37.4158,-17.5241,0.420912,0.0
asec,state_national_whites,CA,national,G3plus_id,ba,pct,19005,13000,1736405,36074400.0,40.7357,-18.8806,0.414336,2.22045e-16
asec,state_national_whites,CA,national,G2,rank,pctile,21056,14161,1736405,40709200.0,37.4158,-10.8783,0.275752,0.0
asec,state_national_whites,CA,national,G3plus_id,rank,pctile,19005,13000,1736405,36074400.0,40.7357,-11.7947,0.30136,2.22045e-16
asec,state_national_whites,CA,national,G2,lths,pct,21056,14161,1736405,40709200.0,37.4158,7.53179,0.354198,0.0
asec,state_national_whites,CA,national,G3plus_id,lths,pct,19005,13000,1736405,36074400.0,40.7357,7.12813,0.364817,2.22045e-16
asec,state_national_whites,CA,national,G2,yrs,years,21056,14161,1736405,40709200.0,37.4158,-0.996235,0.0249716,0.0
asec,state_national_whites,CA,national,G3plus_id,yrs,years,19005,13000,1736405,36074400.0,40.7357,-1.04038,0.0268332,2.22045e-16
asec,state_national_whites,CA,national,G2,emp,pct,21056,14161,1736405,40709200.0,37.4158,-5.14152,0.362124,0.0
asec,state_national_whites,CA,national,G3plus_id,emp,pct,19005,13000,1736405,36074400.0,40.7357,-6.7919,0.442146,2.22045e-16
asec,state_national_whites,CA,national,G2,earn,usd2024,21056,14161,1736405,31041000.0,37.4158,-10715.9,657.934,-2.22045e-16
asec,state_national_whites,CA,national,G3plus_id,earn,usd2024,19005,13000,1736405,26617100.0,40.7357,-11608.9,593.943,0.0
asec,cohort_x_state,1930-1939|elsewhere,same,G2,ba,pct,221,174,34993,254843.0,60.7379,-5.74747,2.81556,-2.22045e-16
asec,cohort_x_state,1930-1939|elsewhere,same,G3plus_id,ba,pct,206,154,34993,234233.0,60.4408,-16.2712,1.20921,2.22045e-16
asec,cohort_x_state,1930-1939|elsewhere,same,G2,rank,pctile,221,174,34993,254843.0,60.7379,-9.02219,2.60226,-2.22045e-16
asec,cohort_x_state,1930-1939|elsewhere,same,G3plus_id,rank,pctile,206,154,34993,234233.0,60.4408,-20.9873,2.36983,2.22045e-16
asec,cohort_x_state,1930-1939|elsewhere,same,G2,lths,pct,221,174,34993,254843.0,60.7379,16.2593,4.23008,-2.22045e-16
asec,cohort_x_state,1930-1939|elsewhere,same,G3plus_id,lths,pct,206,154,34993,234233.0,60.4408,30.9859,4.65104,2.22045e-16
asec,cohort_x_state,1930-1939|elsewhere,same,G2,yrs,years,221,174,34993,254843.0,60.7379,-1.20769,0.288876,-2.22045e-16
asec,cohort_x_state,1930-1939|elsewhere,same,G3plus_id,yrs,years,206,154,34993,234233.0,60.4408,-2.50018,0.283494,2.22045e-16
asec,cohort_x_state,1930-1939|elsewhere,same,G2,emp,pct,221,174,34993,254843.0,60.7379,-9.88257,4.05662,-2.22045e-16
asec,cohort_x_state,1930-1939|elsewhere,same,G3plus_id,emp,pct,206,154,34993,234233.0,60.4408,-8.01601,4.11806,2.22045e-16
asec,cohort_x_state,1930-1939|elsewhere,same,G2,earn,usd2024,221,174,34993,117805.0,60.7379,-5989.81,5218.61,0.0
asec,cohort_x_state,1930-1939|elsewhere,same,G3plus_id,earn,usd2024,206,154,34993,120094.0,60.4408,-9371.58,5494.64,1.11022e-16
asec,cohort_x_state,1930-1939|TX_NM,same,G2,ba,pct,356,255,1906,542364.0,60.994,-16.3073,2.21331,0.0
asec,cohort_x_state,1930-1939|TX_NM,same,G3plus_id,ba,pct,419,302,1906,589280.0,60.8803,-16.0855,2.0678,1.11022e-16
asec,cohort_x_state,1930-1939|TX_NM,same,G2,rank,pctile,356,255,1906,542364.0,60.994,-29.2246,1.9627,0.0
asec,cohort_x_state,1930-1939|TX_NM,same,G3plus_id,rank,pctile,419,302,1906,589280.0,60.8803,-30.5796,1.89263,1.11022e-16
asec,cohort_x_state,1930-1939|TX_NM,same,G2,lths,pct,356,255,1906,542364.0,60.994,46.9857,3.66797,0.0
asec,cohort_x_state,1930-1939|TX_NM,same,G3plus_id,lths,pct,419,302,1906,589280.0,60.8803,48.5467,3.52523,1.11022e-16
asec,cohort_x_state,1930-1939|TX_NM,same,G2,yrs,years,356,255,1906,542364.0,60.994,-4.19825,0.326691,0.0
asec,cohort_x_state,1930-1939|TX_NM,same,G3plus_id,yrs,years,419,302,1906,589280.0,60.8803,-4.61865,0.338847,1.11022e-16
asec,cohort_x_state,1930-1939|TX_NM,same,G2,emp,pct,356,255,1906,542364.0,60.994,-8.52224,3.64989,0.0
asec,cohort_x_state,1930-1939|TX_NM,same,G3plus_id,emp,pct,419,302,1906,589280.0,60.8803,-15.7959,3.7133,1.11022e-16
asec,cohort_x_state,1930-1939|TX_NM,same,G2,earn,usd2024,356,255,1906,247656.0,60.994,-31756.8,4614.97,0.0
asec,cohort_x_state,1930-1939|TX_NM,same,G3plus_id,earn,usd2024,419,302,1906,257233.0,60.8803,-28945.8,5540.42,0.0
asec,cohort_x_state,1930-1939|CA,same,G2,ba,pct,273,204,1858,477783.0,60.8523,-26.447,2.03804,0.0
asec,cohort_x_state,1930-1939|CA,same,G3plus_id,ba,pct,176,129,1858,302476.0,61.2271,-25.0473,2.68529,0.0
asec,cohort_x_state,1930-1939|CA,same,G2,rank,pctile,273,204,1858,477783.0,60.8523,-25.2681,1.86518,0.0
asec,cohort_x_state,1930-1939|CA,same,G3plus_id,rank,pctile,176,129,1858,302476.0,61.2271,-26.1457,2.48817,0.0
asec,cohort_x_state,1930-1939|CA,same,G2,lths,pct,273,204,1858,477783.0,60.8523,32.8282,4.18375,0.0
asec,cohort_x_state,1930-1939|CA,same,G3plus_id,lths,pct,176,129,1858,302476.0,61.2271,36.0005,4.97194,0.0
asec,cohort_x_state,1930-1939|CA,same,G2,yrs,years,273,204,1858,477783.0,60.8523,-2.84904,0.255638,0.0
asec,cohort_x_state,1930-1939|CA,same,G3plus_id,yrs,years,176,129,1858,302476.0,61.2271,-2.60174,0.293008,0.0
asec,cohort_x_state,1930-1939|CA,same,G2,emp,pct,273,204,1858,477783.0,60.8523,-9.10366,4.35465,0.0
asec,cohort_x_state,1930-1939|CA,same,G3plus_id,emp,pct,176,129,1858,302476.0,61.2271,-14.9551,4.81058,0.0
asec,cohort_x_state,1930-1939|CA,same,G2,earn,usd2024,273,204,1858,220265.0,60.8523,-23413.9,5330.57,0.0
asec,cohort_x_state,1930-1939|CA,same,G3plus_id,earn,usd2024,176,129,1858,141191.0,61.2271,-28669.6,6719.51,0.0
asec,cohort_x_state,1940-1949|elsewhere,same,G2,ba,pct,820,544,153105,919413.0,56.8581,-17.0731,1.78244,0.0
asec,cohort_x_state,1940-1949|elsewhere,same,G3plus_id,ba,pct,1554,1041,153105,1526590.0,56.1705,-15.3536,1.34434,0.0
asec,cohort_x_state,1940-1949|elsewhere,same,G2,rank,pctile,820,544,153105,919413.0,56.8581,-13.964,1.54084,0.0
asec,cohort_x_state,1940-1949|elsewhere,same,G3plus_id,rank,pctile,1554,1041,153105,1526590.0,56.1705,-14.6517,1.07841,0.0
asec,cohort_x_state,1940-1949|elsewhere,same,G2,lths,pct,820,544,153105,919413.0,56.8581,17.9792,2.5515,0.0
asec,cohort_x_state,1940-1949|elsewhere,same,G3plus_id,lths,pct,1554,1041,153105,1526590.0,56.1705,19.1079,1.7516,0.0
asec,cohort_x_state,1940-1949|elsewhere,same,G2,yrs,years,820,544,153105,919413.0,56.8581,-1.70812,0.180897,0.0
asec,cohort_x_state,1940-1949|elsewhere,same,G3plus_id,yrs,years,1554,1041,153105,1526590.0,56.1705,-1.77641,0.135642,0.0
asec,cohort_x_state,1940-1949|elsewhere,same,G2,emp,pct,820,544,153105,919413.0,56.8581,-5.83169,2.42729,0.0
asec,cohort_x_state,1940-1949|elsewhere,same,G3plus_id,emp,pct,1554,1041,153105,1526590.0,56.1705,-8.20339,1.77447,0.0
asec,cohort_x_state,1940-1949|elsewhere,same,G2,earn,usd2024,820,544,153105,583282.0,56.8581,-15679.1,4639.68,0.0
asec,cohort_x_state,1940-1949|elsewhere,same,G3plus_id,earn,usd2024,1554,1041,153105,935683.0,56.1705,-11690.3,3257.93,0.0
asec,cohort_x_state,1940-1949|TX_NM,same,G2,ba,pct,791,525,7774,1201840.0,56.1909,-23.1504,1.79894,-2.22045e-16
asec,cohort_x_state,1940-1949|TX_NM,same,G3plus_id,ba,pct,2189,1454,7774,3227680.0,56.2453,-25.6575,1.24571,0.0
asec,cohort_x_state,1940-1949|TX_NM,same,G2,rank,pctile,791,525,7774,1201840.0,56.1909,-24.4181,1.42087,-2.22045e-16
asec,cohort_x_state,1940-1949|TX_NM,same,G3plus_id,rank,pctile,2189,1454,7774,3227680.0,56.2453,-25.0083,0.857868,0.0
asec,cohort_x_state,1940-1949|TX_NM,same,G2,lths,pct,791,525,7774,1201840.0,56.1909,33.7387,2.4777,-2.22045e-16
asec,cohort_x_state,1940-1949|TX_NM,same,G3plus_id,lths,pct,2189,1454,7774,3227680.0,56.2453,33.2446,1.40929,0.0
asec,cohort_x_state,1940-1949|TX_NM,same,G2,yrs,years,791,525,7774,1201840.0,56.1909,-3.26788,0.216201,-2.22045e-16
asec,cohort_x_state,1940-1949|TX_NM,same,G3plus_id,yrs,years,2189,1454,7774,3227680.0,56.2453,-3.08256,0.118391,0.0
asec,cohort_x_state,1940-1949|TX_NM,same,G2,emp,pct,791,525,7774,1201840.0,56.1909,-5.27377,2.15551,-2.22045e-16
asec,cohort_x_state,1940-1949|TX_NM,same,G3plus_id,emp,pct,2189,1454,7774,3227680.0,56.2453,-8.91843,1.50882,0.0
asec,cohort_x_state,1940-1949|TX_NM,same,G2,earn,usd2024,791,525,7774,770208.0,56.1909,-25074.5,4401.04,2.22045e-16
asec,cohort_x_state,1940-1949|TX_NM,same,G3plus_id,earn,usd2024,2189,1454,7774,1984150.0,56.2453,-33721.1,2299.77,-2.22045e-16
asec,cohort_x_state,1940-1949|CA,same,G2,ba,pct,802,531,8297,1411270.0,56.3571,-24.8456,1.81875,1.11022e-16
asec,cohort_x_state,1940-1949|CA,same,G3plus_id,ba,pct,961,645,8297,1634260.0,55.7607,-27.5279,1.52363,1.11022e-16
asec,cohort_x_state,1940-1949|CA,same,G2,rank,pctile,802,531,8297,1411270.0,56.3571,-21.0634,1.25254,1.11022e-16
asec,cohort_x_state,1940-1949|CA,same,G3plus_id,rank,pctile,961,645,8297,1634260.0,55.7607,-21.9376,1.16497,1.11022e-16
asec,cohort_x_state,1940-1949|CA,same,G2,lths,pct,802,531,8297,1411270.0,56.3571,21.6065,2.18066,1.11022e-16
asec,cohort_x_state,1940-1949|CA,same,G3plus_id,lths,pct,961,645,8297,1634260.0,55.7607,19.3727,1.93435,1.11022e-16
asec,cohort_x_state,1940-1949|CA,same,G2,yrs,years,802,531,8297,1411270.0,56.3571,-2.15619,0.139177,1.11022e-16
asec,cohort_x_state,1940-1949|CA,same,G3plus_id,yrs,years,961,645,8297,1634260.0,55.7607,-2.07772,0.125778,1.11022e-16
asec,cohort_x_state,1940-1949|CA,same,G2,emp,pct,802,531,8297,1411270.0,56.3571,-6.63825,2.14759,1.11022e-16
asec,cohort_x_state,1940-1949|CA,same,G3plus_id,emp,pct,961,645,8297,1634260.0,55.7607,-6.35568,1.85873,1.11022e-16
asec,cohort_x_state,1940-1949|CA,same,G2,earn,usd2024,802,531,8297,895426.0,56.3571,-28457.0,3328.51,1.11022e-16
asec,cohort_x_state,1940-1949|CA,same,G3plus_id,earn,usd2024,961,645,8297,1075940.0,55.7607,-32211.2,2743.79,0.0
asec,cohort_x_state,1950-1959|elsewhere,same,G2,ba,pct,1796,1219,355449,2015760.0,51.3316,-14.9215,1.44042,1.11022e-16
asec,cohort_x_state,1950-1959|elsewhere,same,G3plus_id,ba,pct,4644,3126,355449,4930000.0,52.0059,-17.9698,0.766785,-2.22045e-16
asec,cohort_x_state,1950-1959|elsewhere,same,G2,rank,pctile,1796,1219,355449,2015760.0,51.3316,-12.574,1.05006,1.11022e-16
asec,cohort_x_state,1950-1959|elsewhere,same,G3plus_id,rank,pctile,4644,3126,355449,4930000.0,52.0059,-13.1418,0.58194,-2.22045e-16
asec,cohort_x_state,1950-1959|elsewhere,same,G2,lths,pct,1796,1219,355449,2015760.0,51.3316,16.8764,1.47544,1.11022e-16
asec,cohort_x_state,1950-1959|elsewhere,same,G3plus_id,lths,pct,4644,3126,355449,4930000.0,52.0059,11.6891,0.911178,-2.22045e-16
asec,cohort_x_state,1950-1959|elsewhere,same,G2,yrs,years,1796,1219,355449,2015760.0,51.3316,-1.42446,0.113721,1.11022e-16
asec,cohort_x_state,1950-1959|elsewhere,same,G3plus_id,yrs,years,4644,3126,355449,4930000.0,52.0059,-1.27072,0.0567397,-2.22045e-16
asec,cohort_x_state,1950-1959|elsewhere,same,G2,emp,pct,1796,1219,355449,2015760.0,51.3316,-4.43984,1.58232,1.11022e-16
asec,cohort_x_state,1950-1959|elsewhere,same,G3plus_id,emp,pct,4644,3126,355449,4930000.0,52.0059,-6.60813,0.990426,-2.22045e-16
asec,cohort_x_state,1950-1959|elsewhere,same,G2,earn,usd2024,1796,1219,355449,1449270.0,51.3316,-16881.7,1994.36,0.0
asec,cohort_x_state,1950-1959|elsewhere,same,G3plus_id,earn,usd2024,4644,3126,355449,3442390.0,52.0059,-18764.3,1179.28,2.22045e-16
asec,cohort_x_state,1950-1959|TX_NM,same,G2,ba,pct,1595,1033,17471,2489550.0,51.4077,-22.7692,1.38049,0.0
asec,cohort_x_state,1950-1959|TX_NM,same,G3plus_id,ba,pct,5606,3676,17471,8322430.0,51.3079,-23.9433,0.85154,1.11022e-16
asec,cohort_x_state,1950-1959|TX_NM,same,G2,rank,pctile,1595,1033,17471,2489550.0,51.4077,-20.1473,1.05417,0.0
asec,cohort_x_state,1950-1959|TX_NM,same,G3plus_id,rank,pctile,5606,3676,17471,8322430.0,51.3079,-21.0344,0.576415,1.11022e-16
asec,cohort_x_state,1950-1959|TX_NM,same,G2,lths,pct,1595,1033,17471,2489550.0,51.4077,21.8279,1.51676,0.0
asec,cohort_x_state,1950-1959|TX_NM,same,G3plus_id,lths,pct,5606,3676,17471,8322430.0,51.3079,21.4215,0.931727,1.11022e-16
asec,cohort_x_state,1950-1959|TX_NM,same,G2,yrs,years,1595,1033,17471,2489550.0,51.4077,-2.20257,0.127819,0.0
asec,cohort_x_state,1950-1959|TX_NM,same,G3plus_id,yrs,years,5606,3676,17471,8322430.0,51.3079,-2.07228,0.0623565,1.11022e-16
asec,cohort_x_state,1950-1959|TX_NM,same,G2,emp,pct,1595,1033,17471,2489550.0,51.4077,-6.94314,1.70874,0.0
asec,cohort_x_state,1950-1959|TX_NM,same,G3plus_id,emp,pct,5606,3676,17471,8322430.0,51.3079,-8.94959,0.895132,1.11022e-16
asec,cohort_x_state,1950-1959|TX_NM,same,G2,earn,usd2024,1595,1033,17471,1730910.0,51.4077,-30772.1,2523.67,2.22045e-16
asec,cohort_x_state,1950-1959|TX_NM,same,G3plus_id,earn,usd2024,5606,3676,17471,5625640.0,51.3079,-29558.8,1835.12,0.0
asec,cohort_x_state,1950-1959|CA,same,G2,ba,pct,1690,1108,19470,2945760.0,51.5955,-21.7556,1.39657,-2.22045e-16
asec,cohort_x_state,1950-1959|CA,same,G3plus_id,ba,pct,3270,2151,19470,5623260.0,50.9921,-23.3078,0.940012,0.0
asec,cohort_x_state,1950-1959|CA,same,G2,rank,pctile,1690,1108,19470,2945760.0,51.5955,-18.0892,0.974187,-2.22045e-16
asec,cohort_x_state,1950-1959|CA,same,G3plus_id,rank,pctile,3270,2151,19470,5623260.0,50.9921,-18.1926,0.64679,0.0
asec,cohort_x_state,1950-1959|CA,same,G2,lths,pct,1690,1108,19470,2945760.0,51.5955,16.1511,1.30072,-2.22045e-16
asec,cohort_x_state,1950-1959|CA,same,G3plus_id,lths,pct,3270,2151,19470,5623260.0,50.9921,10.8151,0.843102,0.0
asec,cohort_x_state,1950-1959|CA,same,G2,yrs,years,1690,1108,19470,2945760.0,51.5955,-1.79581,0.101587,-2.22045e-16
asec,cohort_x_state,1950-1959|CA,same,G3plus_id,yrs,years,3270,2151,19470,5623260.0,50.9921,-1.49207,0.0589299,0.0
asec,cohort_x_state,1950-1959|CA,same,G2,emp,pct,1690,1108,19470,2945760.0,51.5955,-8.13032,1.53628,-2.22045e-16
asec,cohort_x_state,1950-1959|CA,same,G3plus_id,emp,pct,3270,2151,19470,5623260.0,50.9921,-5.42209,1.04855,0.0
asec,cohort_x_state,1950-1959|CA,same,G2,earn,usd2024,1690,1108,19470,1931630.0,51.5955,-27292.1,4382.48,1.11022e-16
asec,cohort_x_state,1950-1959|CA,same,G3plus_id,earn,usd2024,3270,2151,19470,3893620.0,50.9921,-29986.1,1898.94,0.0
asec,cohort_x_state,1960-1969|elsewhere,same,G2,ba,pct,3035,2110,447871,3850250.0,46.128,-11.493,1.13237,0.0
asec,cohort_x_state,1960-1969|elsewhere,same,G3plus_id,ba,pct,7209,5041,447871,8224870.0,46.186,-15.0059,0.71518,2.22045e-16
asec,cohort_x_state,1960-1969|elsewhere,same,G2,rank,pctile,3035,2110,447871,3850250.0,46.128,-8.74968,0.781326,0.0
asec,cohort_x_state,1960-1969|elsewhere,same,G3plus_id,rank,pctile,7209,5041,447871,8224870.0,46.186,-10.8057,0.49932,2.22045e-16
asec,cohort_x_state,1960-1969|elsewhere,same,G2,lths,pct,3035,2110,447871,3850250.0,46.128,9.04677,0.912515,0.0
asec,cohort_x_state,1960-1969|elsewhere,same,G3plus_id,lths,pct,7209,5041,447871,8224870.0,46.186,8.78458,0.658009,2.22045e-16
asec,cohort_x_state,1960-1969|elsewhere,same,G2,yrs,years,3035,2110,447871,3850250.0,46.128,-0.888999,0.0763347,0.0
asec,cohort_x_state,1960-1969|elsewhere,same,G3plus_id,yrs,years,7209,5041,447871,8224870.0,46.186,-0.96119,0.0437242,2.22045e-16
asec,cohort_x_state,1960-1969|elsewhere,same,G2,emp,pct,3035,2110,447871,3850250.0,46.128,-2.6783,1.13976,0.0
asec,cohort_x_state,1960-1969|elsewhere,same,G3plus_id,emp,pct,7209,5041,447871,8224870.0,46.186,-4.65146,0.795225,2.22045e-16
asec,cohort_x_state,1960-1969|elsewhere,same,G2,earn,usd2024,3035,2110,447871,2946040.0,46.128,-15072.4,1706.21,0.0
asec,cohort_x_state,1960-1969|elsewhere,same,G3plus_id,earn,usd2024,7209,5041,447871,6198090.0,46.186,-17249.4,1158.8,0.0
asec,cohort_x_state,1960-1969|TX_NM,same,G2,ba,pct,2762,1876,21102,4421800.0,44.2501,-19.8241,1.13577,0.0
asec,cohort_x_state,1960-1969|TX_NM,same,G3plus_id,ba,pct,8153,5527,21102,12833200.0,44.7661,-23.5293,0.784771,1.11022e-16
asec,cohort_x_state,1960-1969|TX_NM,same,G2,rank,pctile,2762,1876,21102,4421800.0,44.2501,-15.2743,0.770797,0.0
asec,cohort_x_state,1960-1969|TX_NM,same,G3plus_id,rank,pctile,8153,5527,21102,12833200.0,44.7661,-18.5969,0.532619,1.11022e-16
asec,cohort_x_state,1960-1969|TX_NM,same,G2,lths,pct,2762,1876,21102,4421800.0,44.2501,15.4592,1.06642,0.0
asec,cohort_x_state,1960-1969|TX_NM,same,G3plus_id,lths,pct,8153,5527,21102,12833200.0,44.7661,15.9755,0.7289,1.11022e-16
asec,cohort_x_state,1960-1969|TX_NM,same,G2,yrs,years,2762,1876,21102,4421800.0,44.2501,-1.46448,0.0743219,0.0
asec,cohort_x_state,1960-1969|TX_NM,same,G3plus_id,yrs,years,8153,5527,21102,12833200.0,44.7661,-1.60346,0.0506588,1.11022e-16
asec,cohort_x_state,1960-1969|TX_NM,same,G2,emp,pct,2762,1876,21102,4421800.0,44.2501,-4.20192,1.20368,0.0
asec,cohort_x_state,1960-1969|TX_NM,same,G3plus_id,emp,pct,8153,5527,21102,12833200.0,44.7661,-5.42553,0.732983,1.11022e-16
asec,cohort_x_state,1960-1969|TX_NM,same,G2,earn,usd2024,2762,1876,21102,3339640.0,44.2501,-26130.3,2656.83,1.11022e-16
asec,cohort_x_state,1960-1969|TX_NM,same,G3plus_id,earn,usd2024,8153,5527,21102,9443400.0,44.7661,-30063.1,1255.86,2.22045e-16
asec,cohort_x_state,1960-1969|CA,same,G2,ba,pct,3232,2160,23894,5801550.0,45.0027,-21.7755,1.04972,1.11022e-16
asec,cohort_x_state,1960-1969|CA,same,G3plus_id,ba,pct,4764,3216,23894,8490390.0,45.2462,-24.513,0.903845,0.0
asec,cohort_x_state,1960-1969|CA,same,G2,rank,pctile,3232,2160,23894,5801550.0,45.0027,-15.0828,0.729066,1.11022e-16
asec,cohort_x_state,1960-1969|CA,same,G3plus_id,rank,pctile,4764,3216,23894,8490390.0,45.2462,-17.9988,0.619006,0.0
asec,cohort_x_state,1960-1969|CA,same,G2,lths,pct,3232,2160,23894,5801550.0,45.0027,10.6188,0.980488,1.11022e-16
asec,cohort_x_state,1960-1969|CA,same,G3plus_id,lths,pct,4764,3216,23894,8490390.0,45.2462,11.6689,0.738874,0.0
asec,cohort_x_state,1960-1969|CA,same,G2,yrs,years,3232,2160,23894,5801550.0,45.0027,-1.30993,0.0746636,1.11022e-16
asec,cohort_x_state,1960-1969|CA,same,G3plus_id,yrs,years,4764,3216,23894,8490390.0,45.2462,-1.4546,0.0548327,0.0
asec,cohort_x_state,1960-1969|CA,same,G2,emp,pct,3232,2160,23894,5801550.0,45.0027,-1.28364,1.02429,1.11022e-16
asec,cohort_x_state,1960-1969|CA,same,G3plus_id,emp,pct,4764,3216,23894,8490390.0,45.2462,-4.52985,0.948391,0.0
asec,cohort_x_state,1960-1969|CA,same,G2,earn,usd2024,3232,2160,23894,4403380.0,45.0027,-29724.1,2167.23,0.0
asec,cohort_x_state,1960-1969|CA,same,G3plus_id,earn,usd2024,4764,3216,23894,6180990.0,45.2462,-30368.5,1587.29,1.11022e-16
asec,cohort_x_state,1970-1979|elsewhere,same,G2,ba,pct,4581,3196,327484,6170790.0,38.6166,-21.0209,0.878485,3.33067e-16
asec,cohort_x_state,1970-1979|elsewhere,same,G3plus_id,ba,pct,7899,5665,327484,9665320.0,39.0976,-19.0766,0.783285,1.11022e-16
asec,cohort_x_state,1970-1979|elsewhere,same,G2,rank,pctile,4581,3196,327484,6170790.0,38.6166,-15.0163,0.613014,3.33067e-16
asec,cohort_x_state,1970-1979|elsewhere,same,G3plus_id,rank,pctile,7899,5665,327484,9665320.0,39.0976,-12.961,0.509923,1.11022e-16
asec,cohort_x_state,1970-1979|elsewhere,same,G2,lths,pct,4581,3196,327484,6170790.0,38.6166,12.082,0.909071,3.33067e-16
asec,cohort_x_state,1970-1979|elsewhere,same,G3plus_id,lths,pct,7899,5665,327484,9665320.0,39.0976,8.21641,0.546664,1.11022e-16
asec,cohort_x_state,1970-1979|elsewhere,same,G2,yrs,years,4581,3196,327484,6170790.0,38.6166,-1.41147,0.0593514,3.33067e-16
asec,cohort_x_state,1970-1979|elsewhere,same,G3plus_id,yrs,years,7899,5665,327484,9665320.0,39.0976,-1.15943,0.0453002,1.11022e-16
asec,cohort_x_state,1970-1979|elsewhere,same,G2,emp,pct,4581,3196,327484,6170790.0,38.6166,-1.59018,0.878021,3.33067e-16
asec,cohort_x_state,1970-1979|elsewhere,same,G3plus_id,emp,pct,7899,5665,327484,9665320.0,39.0976,-3.47273,0.714334,1.11022e-16
asec,cohort_x_state,1970-1979|elsewhere,same,G2,earn,usd2024,4581,3196,327484,4961290.0,38.6166,-19010.4,1075.33,0.0
asec,cohort_x_state,1970-1979|elsewhere,same,G3plus_id,earn,usd2024,7899,5665,327484,7702910.0,39.0976,-17096.5,1118.13,1.11022e-16
asec,cohort_x_state,1970-1979|TX_NM,same,G2,ba,pct,3575,2436,15885,6199210.0,37.6059,-22.7664,1.00849,1.11022e-16
asec,cohort_x_state,1970-1979|TX_NM,same,G3plus_id,ba,pct,7103,5005,15885,11909200.0,37.843,-22.454,0.895519,-2.22045e-16
asec,cohort_x_state,1970-1979|TX_NM,same,G2,rank,pctile,3575,2436,15885,6199210.0,37.6059,-16.1012,0.658389,1.11022e-16
asec,cohort_x_state,1970-1979|TX_NM,same,G3plus_id,rank,pctile,7103,5005,15885,11909200.0,37.843,-16.583,0.571657,-2.22045e-16
asec,cohort_x_state,1970-1979|TX_NM,same,G2,lths,pct,3575,2436,15885,6199210.0,37.6059,13.8052,0.910918,1.11022e-16
asec,cohort_x_state,1970-1979|TX_NM,same,G3plus_id,lths,pct,7103,5005,15885,11909200.0,37.843,11.9684,0.640519,-2.22045e-16
asec,cohort_x_state,1970-1979|TX_NM,same,G2,yrs,years,3575,2436,15885,6199210.0,37.6059,-1.44109,0.0608269,1.11022e-16
asec,cohort_x_state,1970-1979|TX_NM,same,G3plus_id,yrs,years,7103,5005,15885,11909200.0,37.843,-1.35951,0.0486472,-2.22045e-16
asec,cohort_x_state,1970-1979|TX_NM,same,G2,emp,pct,3575,2436,15885,6199210.0,37.6059,-4.4012,1.07221,1.11022e-16
asec,cohort_x_state,1970-1979|TX_NM,same,G3plus_id,emp,pct,7103,5005,15885,11909200.0,37.843,-2.53929,0.808532,-2.22045e-16
asec,cohort_x_state,1970-1979|TX_NM,same,G2,earn,usd2024,3575,2436,15885,4836230.0,37.6059,-25888.5,1738.5,1.11022e-16
asec,cohort_x_state,1970-1979|TX_NM,same,G3plus_id,earn,usd2024,7103,5005,15885,9377180.0,37.843,-23392.2,1596.99,-2.22045e-16
asec,cohort_x_state,1970-1979|CA,same,G2,ba,pct,5618,3701,16244,10011400.0,37.8215,-28.6832,0.981952,-2.22045e-16
asec,cohort_x_state,1970-1979|CA,same,G3plus_id,ba,pct,4356,3043,16244,8096180.0,38.3812,-30.4806,0.999212,0.0
asec,cohort_x_state,1970-1979|CA,same,G2,rank,pctile,5618,3701,16244,10011400.0,37.8215,-18.9555,0.596766,-2.22045e-16
asec,cohort_x_state,1970-1979|CA,same,G3plus_id,rank,pctile,4356,3043,16244,8096180.0,38.3812,-19.3877,0.621451,0.0
asec,cohort_x_state,1970-1979|CA,same,G2,lths,pct,5618,3701,16244,10011400.0,37.8215,11.4257,0.710154,-2.22045e-16
asec,cohort_x_state,1970-1979|CA,same,G3plus_id,lths,pct,4356,3043,16244,8096180.0,38.3812,9.18769,0.791753,0.0
asec,cohort_x_state,1970-1979|CA,same,G2,yrs,years,5618,3701,16244,10011400.0,37.8215,-1.64364,0.0567957,-2.22045e-16
asec,cohort_x_state,1970-1979|CA,same,G3plus_id,yrs,years,4356,3043,16244,8096180.0,38.3812,-1.63466,0.05846,0.0
asec,cohort_x_state,1970-1979|CA,same,G2,emp,pct,5618,3701,16244,10011400.0,37.8215,-2.24173,0.87779,-2.22045e-16
asec,cohort_x_state,1970-1979|CA,same,G3plus_id,emp,pct,4356,3043,16244,8096180.0,38.3812,-4.44564,0.974663,0.0
asec,cohort_x_state,1970-1979|CA,same,G2,earn,usd2024,5618,3701,16244,7802520.0,37.8215,-28268.5,1720.0,1.11022e-16
asec,cohort_x_state,1970-1979|CA,same,G3plus_id,earn,usd2024,4356,3043,16244,6210410.0,38.3812,-31069.3,1637.34,1.11022e-16
asec,cohort_x_state,1980-1989|elsewhere,same,G2,ba,pct,4882,3530,194718,7220360.0,33.4705,-23.1752,0.907072,0.0
asec,cohort_x_state,1980-1989|elsewhere,same,G3plus_id,ba,pct,6206,4597,194718,8659460.0,33.5809,-20.9247,0.821864,1.11022e-16
asec,cohort_x_state,1980-1989|elsewhere,same,G2,rank,pctile,4882,3530,194718,7220360.0,33.4705,-15.4921,0.575198,0.0
asec,cohort_x_state,1980-1989|elsewhere,same,G3plus_id,rank,pctile,6206,4597,194718,8659460.0,33.5809,-13.6686,0.53368,1.11022e-16
asec,cohort_x_state,1980-1989|elsewhere,same,G2,lths,pct,4882,3530,194718,7220360.0,33.4705,10.1242,0.734487,0.0
asec,cohort_x_state,1980-1989|elsewhere,same,G3plus_id,lths,pct,6206,4597,194718,8659460.0,33.5809,7.06416,0.616712,1.11022e-16
asec,cohort_x_state,1980-1989|elsewhere,same,G2,yrs,years,4882,3530,194718,7220360.0,33.4705,-1.40908,0.0570904,0.0
asec,cohort_x_state,1980-1989|elsewhere,same,G3plus_id,yrs,years,6206,4597,194718,8659460.0,33.5809,-1.16793,0.0459308,1.11022e-16
asec,cohort_x_state,1980-1989|elsewhere,same,G2,emp,pct,4882,3530,194718,7220360.0,33.4705,-3.99404,0.852004,0.0
asec,cohort_x_state,1980-1989|elsewhere,same,G3plus_id,emp,pct,6206,4597,194718,8659460.0,33.5809,-4.77213,0.83003,1.11022e-16
asec,cohort_x_state,1980-1989|elsewhere,same,G2,earn,usd2024,4882,3530,194718,5778050.0,33.4705,-17997.1,1025.8,0.0
asec,cohort_x_state,1980-1989|elsewhere,same,G3plus_id,earn,usd2024,6206,4597,194718,6842050.0,33.5809,-15887.5,1172.76,0.0
asec,cohort_x_state,1980-1989|TX_NM,same,G2,ba,pct,3011,2136,10144,5779120.0,32.9331,-23.9767,1.273,1.11022e-16
asec,cohort_x_state,1980-1989|TX_NM,same,G3plus_id,ba,pct,4888,3609,10144,9202760.0,33.1145,-24.3349,1.10992,0.0
asec,cohort_x_state,1980-1989|TX_NM,same,G2,rank,pctile,3011,2136,10144,5779120.0,32.9331,-15.9723,0.791504,1.11022e-16
asec,cohort_x_state,1980-1989|TX_NM,same,G3plus_id,rank,pctile,4888,3609,10144,9202760.0,33.1145,-16.7907,0.647933,0.0
asec,cohort_x_state,1980-1989|TX_NM,same,G2,lths,pct,3011,2136,10144,5779120.0,32.9331,10.779,0.974143,1.11022e-16
asec,cohort_x_state,1980-1989|TX_NM,same,G3plus_id,lths,pct,4888,3609,10144,9202760.0,33.1145,9.18217,0.749159,0.0
asec,cohort_x_state,1980-1989|TX_NM,same,G2,yrs,years,3011,2136,10144,5779120.0,32.9331,-1.34284,0.0706038,1.11022e-16
asec,cohort_x_state,1980-1989|TX_NM,same,G3plus_id,yrs,years,4888,3609,10144,9202760.0,33.1145,-1.36851,0.0620513,0.0
asec,cohort_x_state,1980-1989|TX_NM,same,G2,emp,pct,3011,2136,10144,5779120.0,32.9331,-3.1054,1.15201,1.11022e-16
asec,cohort_x_state,1980-1989|TX_NM,same,G3plus_id,emp,pct,4888,3609,10144,9202760.0,33.1145,-4.95621,0.900032,0.0
asec,cohort_x_state,1980-1989|TX_NM,same,G2,earn,usd2024,3011,2136,10144,4519840.0,32.9331,-24152.8,1785.36,0.0
asec,cohort_x_state,1980-1989|TX_NM,same,G3plus_id,earn,usd2024,4888,3609,10144,7140390.0,33.1145,-20971.6,2099.52,0.0
asec,cohort_x_state,1980-1989|CA,same,G2,ba,pct,5759,3956,9826,11467800.0,32.962,-31.2844,1.09565,0.0
asec,cohort_x_state,1980-1989|CA,same,G3plus_id,ba,pct,3702,2641,9826,7562230.0,33.5486,-30.7495,1.2315,1.11022e-16
asec,cohort_x_state,1980-1989|CA,same,G2,rank,pctile,5759,3956,9826,11467800.0,32.962,-19.3386,0.619565,0.0
asec,cohort_x_state,1980-1989|CA,same,G3plus_id,rank,pctile,3702,2641,9826,7562230.0,33.5486,-18.9413,0.724105,1.11022e-16
asec,cohort_x_state,1980-1989|CA,same,G2,lths,pct,5759,3956,9826,11467800.0,32.962,8.93925,0.622405,0.0
asec,cohort_x_state,1980-1989|CA,same,G3plus_id,lths,pct,3702,2641,9826,7562230.0,33.5486,7.24449,0.761054,1.11022e-16
asec,cohort_x_state,1980-1989|CA,same,G2,yrs,years,5759,3956,9826,11467800.0,32.962,-1.62159,0.0577832,0.0
asec,cohort_x_state,1980-1989|CA,same,G3plus_id,yrs,years,3702,2641,9826,7562230.0,33.5486,-1.61587,0.0701773,1.11022e-16
asec,cohort_x_state,1980-1989|CA,same,G2,emp,pct,5759,3956,9826,11467800.0,32.962,-2.86402,0.882781,0.0
asec,cohort_x_state,1980-1989|CA,same,G3plus_id,emp,pct,3702,2641,9826,7562230.0,33.5486,-3.7369,1.0668,1.11022e-16
asec,cohort_x_state,1980-1989|CA,same,G2,earn,usd2024,5759,3956,9826,8959880.0,32.962,-28633.0,1724.02,-2.22045e-16
asec,cohort_x_state,1980-1989|CA,same,G3plus_id,earn,usd2024,3702,2641,9826,5809530.0,33.5486,-27621.6,1782.23,0.0
asec,cohort_x_state,1990-2001|elsewhere,same,G2,ba,pct,3774,2921,62557,7154880.0,28.3891,-24.0873,0.994672,2.22045e-16
asec,cohort_x_state,1990-2001|elsewhere,same,G3plus_id,ba,pct,3147,2483,62557,5451980.0,28.5293,-21.362,1.08001,2.22045e-16
asec,cohort_x_state,1990-2001|elsewhere,same,G2,rank,pctile,3774,2921,62557,7154880.0,28.3891,-14.8778,0.646308,2.22045e-16
asec,cohort_x_state,1990-2001|elsewhere,same,G3plus_id,rank,pctile,3147,2483,62557,5451980.0,28.5293,-12.7225,0.65194,2.22045e-16
asec,cohort_x_state,1990-2001|elsewhere,same,G2,lths,pct,3774,2921,62557,7154880.0,28.3891,6.33586,0.71616,2.22045e-16
asec,cohort_x_state,1990-2001|elsewhere,same,G3plus_id,lths,pct,3147,2483,62557,5451980.0,28.5293,4.69191,0.784373,2.22045e-16
asec,cohort_x_state,1990-2001|elsewhere,same,G2,yrs,years,3774,2921,62557,7154880.0,28.3891,-1.25811,0.0578612,2.22045e-16
asec,cohort_x_state,1990-2001|elsewhere,same,G3plus_id,yrs,years,3147,2483,62557,5451980.0,28.5293,-1.03486,0.0566528,2.22045e-16
asec,cohort_x_state,1990-2001|elsewhere,same,G2,emp,pct,3774,2921,62557,7154880.0,28.3891,-2.89261,0.991853,2.22045e-16
asec,cohort_x_state,1990-2001|elsewhere,same,G3plus_id,emp,pct,3147,2483,62557,5451980.0,28.5293,-4.32609,0.996731,2.22045e-16
asec,cohort_x_state,1990-2001|elsewhere,same,G2,earn,usd2024,3774,2921,62557,5808300.0,28.3891,-14586.3,1365.95,2.22045e-16
asec,cohort_x_state,1990-2001|elsewhere,same,G3plus_id,earn,usd2024,3147,2483,62557,4407110.0,28.5293,-10244.8,1616.11,2.22045e-16
asec,cohort_x_state,1990-2001|TX_NM,same,G2,ba,pct,1779,1330,3342,4171910.0,28.5261,-22.5234,1.84675,0.0
asec,cohort_x_state,1990-2001|TX_NM,same,G3plus_id,ba,pct,2051,1604,3342,4658840.0,28.4882,-21.1742,1.73673,-2.22045e-16
asec,cohort_x_state,1990-2001|TX_NM,same,G2,rank,pctile,1779,1330,3342,4171910.0,28.5261,-13.1583,1.11936,0.0
asec,cohort_x_state,1990-2001|TX_NM,same,G3plus_id,rank,pctile,2051,1604,3342,4658840.0,28.4882,-12.4166,1.02158,-2.22045e-16
asec,cohort_x_state,1990-2001|TX_NM,same,G2,lths,pct,1779,1330,3342,4171910.0,28.5261,5.31895,0.867599,0.0
asec,cohort_x_state,1990-2001|TX_NM,same,G3plus_id,lths,pct,2051,1604,3342,4658840.0,28.4882,3.27012,0.788461,-2.22045e-16
asec,cohort_x_state,1990-2001|TX_NM,same,G2,yrs,years,1779,1330,3342,4171910.0,28.5261,-1.06459,0.0915107,0.0
asec,cohort_x_state,1990-2001|TX_NM,same,G3plus_id,yrs,years,2051,1604,3342,4658840.0,28.4882,-0.972973,0.0821953,-2.22045e-16
asec,cohort_x_state,1990-2001|TX_NM,same,G2,emp,pct,1779,1330,3342,4171910.0,28.5261,-2.40196,1.49599,0.0
asec,cohort_x_state,1990-2001|TX_NM,same,G3plus_id,emp,pct,2051,1604,3342,4658840.0,28.4882,-2.54533,1.50158,-2.22045e-16
asec,cohort_x_state,1990-2001|TX_NM,same,G2,earn,usd2024,1779,1330,3342,3341430.0,28.5261,-16501.2,2402.56,0.0
asec,cohort_x_state,1990-2001|TX_NM,same,G3plus_id,earn,usd2024,2051,1604,3342,3683660.0,28.4882,-16047.8,1956.78,0.0
asec,cohort_x_state,1990-2001|CA,same,G2,ba,pct,3682,2640,3015,8593580.0,28.4905,-29.7888,1.57644,2.22045e-16
asec,cohort_x_state,1990-2001|CA,same,G3plus_id,ba,pct,1776,1335,3015,4365580.0,28.5243,-29.3275,1.762,2.22045e-16
asec,cohort_x_state,1990-2001|CA,same,G2,rank,pctile,3682,2640,3015,8593580.0,28.4905,-17.0537,0.917107,2.22045e-16
asec,cohort_x_state,1990-2001|CA,same,G3plus_id,rank,pctile,1776,1335,3015,4365580.0,28.5243,-17.0543,1.05879,2.22045e-16
asec,cohort_x_state,1990-2001|CA,same,G2,lths,pct,3682,2640,3015,8593580.0,28.4905,3.97953,0.616411,2.22045e-16
asec,cohort_x_state,1990-2001|CA,same,G3plus_id,lths,pct,1776,1335,3015,4365580.0,28.5243,3.02942,0.78003,2.22045e-16
asec,cohort_x_state,1990-2001|CA,same,G2,yrs,years,3682,2640,3015,8593580.0,28.4905,-1.32316,0.0755107,2.22045e-16
asec,cohort_x_state,1990-2001|CA,same,G3plus_id,yrs,years,1776,1335,3015,4365580.0,28.5243,-1.29686,0.0819595,2.22045e-16
asec,cohort_x_state,1990-2001|CA,same,G2,emp,pct,3682,2640,3015,8593580.0,28.4905,-3.47737,1.25943,2.22045e-16
asec,cohort_x_state,1990-2001|CA,same,G3plus_id,emp,pct,1776,1335,3015,4365580.0,28.5243,-7.85228,1.57333,2.22045e-16
asec,cohort_x_state,1990-2001|CA,same,G2,earn,usd2024,3682,2640,3015,6827890.0,28.4905,-24235.0,2164.83,0.0
asec,cohort_x_state,1990-2001|CA,same,G3plus_id,earn,usd2024,1776,1335,3015,3305370.0,28.5243,-21490.5,2182.0,0.0
asec,cohort_x_period,1930-1939|1994-2006,same,G2,ba,pct,850,633,38757,1274990.0,60.8897,-12.7407,1.05515,0.0
asec,cohort_x_period,1930-1939|1994-2006,same,G3plus_id,ba,pct,801,585,38757,1125990.0,60.8821,-14.1453,1.1435,0.0
asec,cohort_x_period,1930-1939|1994-2006,same,G2,rank,pctile,850,633,38757,1274990.0,60.8897,-18.9615,1.34611,0.0
asec,cohort_x_period,1930-1939|1994-2006,same,G3plus_id,rank,pctile,801,585,38757,1125990.0,60.8821,-23.7427,1.37732,0.0
asec,cohort_x_period,1930-1939|1994-2006,same,G2,lths,pct,850,633,38757,1274990.0,60.8897,31.3289,2.56269,0.0
asec,cohort_x_period,1930-1939|1994-2006,same,G3plus_id,lths,pct,801,585,38757,1125990.0,60.8821,37.9303,2.45996,0.0
asec,cohort_x_period,1930-1939|1994-2006,same,G2,yrs,years,850,633,38757,1274990.0,60.8897,-2.61722,0.183252,0.0
asec,cohort_x_period,1930-1939|1994-2006,same,G3plus_id,yrs,years,801,585,38757,1125990.0,60.8821,-3.23073,0.212601,0.0
asec,cohort_x_period,1930-1939|1994-2006,same,G2,emp,pct,850,633,38757,1274990.0,60.8897,-6.9345,2.26578,0.0
asec,cohort_x_period,1930-1939|1994-2006,same,G3plus_id,emp,pct,801,585,38757,1125990.0,60.8821,-11.5879,2.37348,0.0
asec,cohort_x_period,1930-1939|1994-2006,same,G2,earn,usd2024,850,633,38757,585726.0,60.8897,-15939.3,2603.49,0.0
asec,cohort_x_period,1930-1939|1994-2006,same,G3plus_id,earn,usd2024,801,585,38757,518518.0,60.8821,-18059.8,2948.94,0.0
asec,cohort_x_period,1940-1949|1994-2006,same,G2,ba,pct,1932,1326,137192,2886200.0,55.195,-17.1498,1.05105,0.0
asec,cohort_x_period,1940-1949|1994-2006,same,G3plus_id,ba,pct,3680,2518,137192,5064820.0,54.6083,-18.8184,0.756092,1.11022e-16
asec,cohort_x_period,1940-1949|1994-2006,same,G2,rank,pctile,1932,1326,137192,2886200.0,55.195,-16.0524,0.927972,0.0
asec,cohort_x_period,1940-1949|1994-2006,same,G3plus_id,rank,pctile,3680,2518,137192,5064820.0,54.6083,-18.0559,0.666828,1.11022e-16
asec,cohort_x_period,1940-1949|1994-2006,same,G2,lths,pct,1932,1326,137192,2886200.0,55.195,22.3596,1.51844,0.0
asec,cohort_x_period,1940-1949|1994-2006,same,G3plus_id,lths,pct,3680,2518,137192,5064820.0,54.6083,24.9493,1.08488,1.11022e-16
asec,cohort_x_period,1940-1949|1994-2006,same,G2,yrs,years,1932,1326,137192,2886200.0,55.195,-2.07115,0.112741,0.0
asec,cohort_x_period,1940-1949|1994-2006,same,G3plus_id,yrs,years,3680,2518,137192,5064820.0,54.6083,-2.23808,0.0854449,1.11022e-16
asec,cohort_x_period,1940-1949|1994-2006,same,G2,emp,pct,1932,1326,137192,2886200.0,55.195,-5.62939,1.33865,0.0
asec,cohort_x_period,1940-1949|1994-2006,same,G3plus_id,emp,pct,3680,2518,137192,5064820.0,54.6083,-6.24305,1.01345,1.11022e-16
asec,cohort_x_period,1940-1949|1994-2006,same,G2,earn,usd2024,1932,1326,137192,1919570.0,55.195,-17832.1,2237.69,1.11022e-16
asec,cohort_x_period,1940-1949|1994-2006,same,G3plus_id,earn,usd2024,3680,2518,137192,3395340.0,54.6083,-22171.6,1413.69,0.0
asec,cohort_x_period,1940-1949|2007-2021,same,G2,ba,pct,481,331,31984,646325.0,61.9505,-18.9637,2.15509,0.0
asec,cohort_x_period,1940-1949|2007-2021,same,G3plus_id,ba,pct,1024,708,31984,1323710.0,61.8242,-21.876,1.39068,0.0
asec,cohort_x_period,1940-1949|2007-2021,same,G2,rank,pctile,481,331,31984,646325.0,61.9505,-15.9511,1.69137,0.0
asec,cohort_x_period,1940-1949|2007-2021,same,G3plus_id,rank,pctile,1024,708,31984,1323710.0,61.8242,-17.9536,1.16415,0.0
asec,cohort_x_period,1940-1949|2007-2021,same,G2,lths,pct,481,331,31984,646325.0,61.9505,20.5993,2.78265,0.0
asec,cohort_x_period,1940-1949|2007-2021,same,G3plus_id,lths,pct,1024,708,31984,1323710.0,61.8242,20.8755,1.98636,0.0
asec,cohort_x_period,1940-1949|2007-2021,same,G2,yrs,years,481,331,31984,646325.0,61.9505,-1.9271,0.228518,0.0
asec,cohort_x_period,1940-1949|2007-2021,same,G3plus_id,yrs,years,1024,708,31984,1323710.0,61.8242,-2.07321,0.147706,0.0
asec,cohort_x_period,1940-1949|2007-2021,same,G2,emp,pct,481,331,31984,646325.0,61.9505,-2.59955,2.84211,0.0
asec,cohort_x_period,1940-1949|2007-2021,same,G3plus_id,emp,pct,1024,708,31984,1323710.0,61.8242,-9.99243,1.90745,0.0
asec,cohort_x_period,1940-1949|2007-2021,same,G2,earn,usd2024,481,331,31984,329346.0,61.9505,-9071.02,8111.28,0.0
asec,cohort_x_period,1940-1949|2007-2021,same,G3plus_id,earn,usd2024,1024,708,31984,600432.0,61.8242,-21554.5,2940.26,0.0
asec,cohort_x_period,1950-1959|1994-2006,same,G2,ba,pct,2589,1809,215367,3727690.0,45.011,-17.5221,0.913661,0.0
asec,cohort_x_period,1950-1959|1994-2006,same,G3plus_id,ba,pct,7064,4905,215367,9575810.0,45.2573,-18.6477,0.56578,2.22045e-16
asec,cohort_x_period,1950-1959|1994-2006,same,G2,rank,pctile,2589,1809,215367,3727690.0,45.011,-15.3886,0.766954,0.0
asec,cohort_x_period,1950-1959|1994-2006,same,G3plus_id,rank,pctile,7064,4905,215367,9575810.0,45.2573,-15.1093,0.451985,2.22045e-16
asec,cohort_x_period,1950-1959|1994-2006,same,G2,lths,pct,2589,1809,215367,3727690.0,45.011,18.019,1.15444,0.0
asec,cohort_x_period,1950-1959|1994-2006,same,G3plus_id,lths,pct,7064,4905,215367,9575810.0,45.2573,14.5502,0.71426,2.22045e-16
asec,cohort_x_period,1950-1959|1994-2006,same,G2,yrs,years,2589,1809,215367,3727690.0,45.011,-1.67134,0.0819727,0.0
asec,cohort_x_period,1950-1959|1994-2006,same,G3plus_id,yrs,years,7064,4905,215367,9575810.0,45.2573,-1.46404,0.0461495,2.22045e-16
asec,cohort_x_period,1950-1959|1994-2006,same,G2,emp,pct,2589,1809,215367,3727690.0,45.011,-7.79061,1.13678,0.0
asec,cohort_x_period,1950-1959|1994-2006,same,G3plus_id,emp,pct,7064,4905,215367,9575810.0,45.2573,-6.28012,0.691775,2.22045e-16
asec,cohort_x_period,1950-1959|1994-2006,same,G2,earn,usd2024,2589,1809,215367,2859240.0,45.011,-17455.0,2057.79,0.0
asec,cohort_x_period,1950-1959|1994-2006,same,G3plus_id,earn,usd2024,7064,4905,215367,7363500.0,45.2573,-17487.7,1079.68,0.0
asec,cohort_x_period,1950-1959|2007-2021,same,G2,ba,pct,2445,1590,173858,3629770.0,57.7699,-15.45,1.22039,0.0
asec,cohort_x_period,1950-1959|2007-2021,same,G3plus_id,ba,pct,6337,4165,173858,9076040.0,57.5699,-18.4215,0.695669,0.0
asec,cohort_x_period,1950-1959|2007-2021,same,G2,rank,pctile,2445,1590,173858,3629770.0,57.7699,-12.6097,0.904699,0.0
asec,cohort_x_period,1950-1959|2007-2021,same,G3plus_id,rank,pctile,6337,4165,173858,9076040.0,57.5699,-14.864,0.503256,0.0
asec,cohort_x_period,1950-1959|2007-2021,same,G2,lths,pct,2445,1590,173858,3629770.0,57.7699,15.936,1.21484,0.0
asec,cohort_x_period,1950-1959|2007-2021,same,G3plus_id,lths,pct,6337,4165,173858,9076040.0,57.5699,14.4277,0.747456,0.0
asec,cohort_x_period,1950-1959|2007-2021,same,G2,yrs,years,2445,1590,173858,3629770.0,57.7699,-1.49741,0.0988659,0.0
asec,cohort_x_period,1950-1959|2007-2021,same,G3plus_id,yrs,years,6337,4165,173858,9076040.0,57.5699,-1.45358,0.0488314,0.0
asec,cohort_x_period,1950-1959|2007-2021,same,G2,emp,pct,2445,1590,173858,3629770.0,57.7699,-6.3709,1.31944,0.0
asec,cohort_x_period,1950-1959|2007-2021,same,G3plus_id,emp,pct,6337,4165,173858,9076040.0,57.5699,-8.10629,0.849804,0.0
asec,cohort_x_period,1950-1959|2007-2021,same,G2,earn,usd2024,2445,1590,173858,2202040.0,57.7699,-15660.0,3285.25,0.0
asec,cohort_x_period,1950-1959|2007-2021,same,G3plus_id,earn,usd2024,6337,4165,173858,5519460.0,57.5699,-21384.5,1236.0,1.11022e-16
asec,cohort_x_period,1950-1959|2022-2025,same,G2,ba,pct,47,42,3165,93608.4,63.7069,-7.7408,8.00139,1.11022e-16
asec,cohort_x_period,1950-1959|2022-2025,same,G3plus_id,ba,pct,119,105,3165,223849.0,63.6875,-21.9329,3.72045,0.0
asec,cohort_x_period,1950-1959|2022-2025,same,G2,rank,pctile,47,42,3165,93608.4,63.7069,-8.75232,5.82107,1.11022e-16
asec,cohort_x_period,1950-1959|2022-2025,same,G3plus_id,rank,pctile,119,105,3165,223849.0,63.6875,-16.472,2.97019,0.0
asec,cohort_x_period,1950-1959|2022-2025,same,G2,lths,pct,47,42,3165,93608.4,63.7069,10.4108,6.61513,1.11022e-16
asec,cohort_x_period,1950-1959|2022-2025,same,G3plus_id,lths,pct,119,105,3165,223849.0,63.6875,17.6069,5.07702,0.0
asec,cohort_x_period,1950-1959|2022-2025,same,G2,yrs,years,47,42,3165,93608.4,63.7069,-0.706459,0.499621,1.11022e-16
asec,cohort_x_period,1950-1959|2022-2025,same,G3plus_id,yrs,years,119,105,3165,223849.0,63.6875,-1.41542,0.249134,0.0
asec,cohort_x_period,1950-1959|2022-2025,same,G2,emp,pct,47,42,3165,93608.4,63.7069,0.966703,8.0759,1.11022e-16
asec,cohort_x_period,1950-1959|2022-2025,same,G3plus_id,emp,pct,119,105,3165,223849.0,63.6875,-20.6231,5.48148,0.0
asec,cohort_x_period,1950-1959|2022-2025,same,G2,earn,usd2024,47,42,3165,50536.0,63.7069,-30952.7,8108.17,0.0
asec,cohort_x_period,1950-1959|2022-2025,same,G3plus_id,earn,usd2024,119,105,3165,78695.2,63.6875,-6168.4,19723.3,0.0
asec,cohort_x_period,1960-1969|1994-2006,same,G2,ba,pct,3770,2736,218170,5449470.0,34.8635,-15.3024,0.868975,3.33067e-16
asec,cohort_x_period,1960-1969|1994-2006,same,G3plus_id,ba,pct,8519,6231,218170,11647700.0,35.6586,-17.9425,0.515251,2.22045e-16
asec,cohort_x_period,1960-1969|1994-2006,same,G2,rank,pctile,3770,2736,218170,5449470.0,34.8635,-10.8028,0.626763,3.33067e-16
asec,cohort_x_period,1960-1969|1994-2006,same,G3plus_id,rank,pctile,8519,6231,218170,11647700.0,35.6586,-14.1662,0.408649,2.22045e-16
asec,cohort_x_period,1960-1969|1994-2006,same,G2,lths,pct,3770,2736,218170,5449470.0,34.8635,11.5044,0.908374,3.33067e-16
asec,cohort_x_period,1960-1969|1994-2006,same,G3plus_id,lths,pct,8519,6231,218170,11647700.0,35.6586,13.4886,0.625418,2.22045e-16
asec,cohort_x_period,1960-1969|1994-2006,same,G2,yrs,years,3770,2736,218170,5449470.0,34.8635,-1.0616,0.0626595,3.33067e-16
asec,cohort_x_period,1960-1969|1994-2006,same,G3plus_id,yrs,years,8519,6231,218170,11647700.0,35.6586,-1.20774,0.0345444,2.22045e-16
asec,cohort_x_period,1960-1969|1994-2006,same,G2,emp,pct,3770,2736,218170,5449470.0,34.8635,-2.8838,0.918111,3.33067e-16
asec,cohort_x_period,1960-1969|1994-2006,same,G3plus_id,emp,pct,8519,6231,218170,11647700.0,35.6586,-4.72096,0.619662,2.22045e-16
asec,cohort_x_period,1960-1969|1994-2006,same,G2,earn,usd2024,3770,2736,218170,4485570.0,34.8635,-13003.3,1301.69,0.0
asec,cohort_x_period,1960-1969|1994-2006,same,G3plus_id,earn,usd2024,8519,6231,218170,9310380.0,35.6586,-16908.7,722.33,-2.22045e-16
asec,cohort_x_period,1960-1969|2007-2021,same,G2,ba,pct,4260,2834,231461,6554900.0,49.1311,-15.567,0.834488,-2.22045e-16
asec,cohort_x_period,1960-1969|2007-2021,same,G3plus_id,ba,pct,9536,6437,231461,13921300.0,49.3848,-18.9517,0.562692,-2.22045e-16
asec,cohort_x_period,1960-1969|2007-2021,same,G2,rank,pctile,4260,2834,231461,6554900.0,49.1311,-10.892,0.592313,-2.22045e-16
asec,cohort_x_period,1960-1969|2007-2021,same,G3plus_id,rank,pctile,9536,6437,231461,13921300.0,49.3848,-14.0083,0.42895,-2.22045e-16
asec,cohort_x_period,1960-1969|2007-2021,same,G2,lths,pct,4260,2834,231461,6554900.0,49.1311,10.5886,0.811103,-2.22045e-16
asec,cohort_x_period,1960-1969|2007-2021,same,G3plus_id,lths,pct,9536,6437,231461,13921300.0,49.3848,11.3567,0.615177,-2.22045e-16
asec,cohort_x_period,1960-1969|2007-2021,same,G2,yrs,years,4260,2834,231461,6554900.0,49.1311,-1.04428,0.0549607,-2.22045e-16
asec,cohort_x_period,1960-1969|2007-2021,same,G3plus_id,yrs,years,9536,6437,231461,13921300.0,49.3848,-1.23745,0.0378014,-2.22045e-16
asec,cohort_x_period,1960-1969|2007-2021,same,G2,emp,pct,4260,2834,231461,6554900.0,49.1311,-3.06127,0.958855,-2.22045e-16
asec,cohort_x_period,1960-1969|2007-2021,same,G3plus_id,emp,pct,9536,6437,231461,13921300.0,49.3848,-5.91533,0.634895,-2.22045e-16
asec,cohort_x_period,1960-1969|2007-2021,same,G2,earn,usd2024,4260,2834,231461,4925660.0,49.1311,-20269.7,1347.41,0.0
asec,cohort_x_period,1960-1969|2007-2021,same,G3plus_id,earn,usd2024,9536,6437,231461,10036700.0,49.3848,-20974.4,1080.0,0.0
asec,cohort_x_period,1960-1969|2022-2025,same,G2,ba,pct,830,624,36503,1684280.0,58.803,-12.0794,2.14206,0.0
asec,cohort_x_period,1960-1969|2022-2025,same,G3plus_id,ba,pct,1704,1264,36503,3259480.0,58.9541,-16.538,1.38658,0.0
asec,cohort_x_period,1960-1969|2022-2025,same,G2,rank,pctile,830,624,36503,1684280.0,58.803,-9.39552,1.47232,0.0
asec,cohort_x_period,1960-1969|2022-2025,same,G3plus_id,rank,pctile,1704,1264,36503,3259480.0,58.9541,-12.1915,0.997076,0.0
asec,cohort_x_period,1960-1969|2022-2025,same,G2,lths,pct,830,624,36503,1684280.0,58.803,9.26801,1.92665,0.0
asec,cohort_x_period,1960-1969|2022-2025,same,G3plus_id,lths,pct,1704,1264,36503,3259480.0,58.9541,9.16643,1.23141,0.0
asec,cohort_x_period,1960-1969|2022-2025,same,G2,yrs,years,830,624,36503,1684280.0,58.803,-0.976393,0.148248,0.0
asec,cohort_x_period,1960-1969|2022-2025,same,G3plus_id,yrs,years,1704,1264,36503,3259480.0,58.9541,-1.07845,0.0919515,0.0
asec,cohort_x_period,1960-1969|2022-2025,same,G2,emp,pct,830,624,36503,1684280.0,58.803,-3.79958,2.21058,0.0
asec,cohort_x_period,1960-1969|2022-2025,same,G3plus_id,emp,pct,1704,1264,36503,3259480.0,58.9541,-3.46377,1.52747,0.0
asec,cohort_x_period,1960-1969|2022-2025,same,G2,earn,usd2024,830,624,36503,1053540.0,58.803,-10477.3,6378.03,2.22045e-16
asec,cohort_x_period,1960-1969|2022-2025,same,G3plus_id,earn,usd2024,1704,1264,36503,2056290.0,58.9541,-22881.7,2629.26,0.0
asec,cohort_x_period,1960-1969|2026-2026,same,G2,ba,pct,169,169,6733,384953.0,60.4674,-17.3953,3.75211,0.0
asec,cohort_x_period,1960-1969|2026-2026,same,G3plus_id,ba,pct,367,367,6733,719967.0,60.4498,-19.6686,2.49026,0.0
asec,cohort_x_period,1960-1969|2026-2026,same,G2,rank,pctile,169,169,6733,384953.0,60.4674,-12.7575,2.32807,0.0
asec,cohort_x_period,1960-1969|2026-2026,same,G3plus_id,rank,pctile,367,367,6733,719967.0,60.4498,-14.2929,1.55114,0.0
asec,cohort_x_period,1960-1969|2026-2026,same,G2,lths,pct,169,169,6733,384953.0,60.4674,8.11056,3.26516,0.0
asec,cohort_x_period,1960-1969|2026-2026,same,G3plus_id,lths,pct,367,367,6733,719967.0,60.4498,7.03397,2.13671,0.0
asec,cohort_x_period,1960-1969|2026-2026,same,G2,yrs,years,169,169,6733,384953.0,60.4674,-1.30655,0.23102,0.0
asec,cohort_x_period,1960-1969|2026-2026,same,G3plus_id,yrs,years,367,367,6733,719967.0,60.4498,-1.24991,0.138047,0.0
asec,cohort_x_period,1960-1969|2026-2026,same,G2,emp,pct,169,169,6733,384953.0,60.4674,-3.45689,4.38247,0.0
asec,cohort_x_period,1960-1969|2026-2026,same,G3plus_id,emp,pct,367,367,6733,719967.0,60.4498,-7.63979,3.05332,0.0
asec,cohort_x_period,1960-1969|2026-2026,same,G2,earn,usd2024,169,169,6733,224290.0,60.4674,-13200.3,10566.5,0.0
asec,cohort_x_period,1960-1969|2026-2026,same,G3plus_id,earn,usd2024,367,367,6733,419093.0,60.4498,-36700.0,3850.37,0.0
asec,cohort_x_period,1970-1979|1994-2006,same,G2,ba,pct,3899,2899,103155,5809300.0,28.3998,-20.9756,0.785281,0.0
asec,cohort_x_period,1970-1979|1994-2006,same,G3plus_id,ba,pct,5745,4426,103155,8006720.0,28.8799,-21.3077,0.632473,-2.22045e-16
asec,cohort_x_period,1970-1979|1994-2006,same,G2,rank,pctile,3899,2899,103155,5809300.0,28.3998,-14.5036,0.573309,0.0
asec,cohort_x_period,1970-1979|1994-2006,same,G3plus_id,rank,pctile,5745,4426,103155,8006720.0,28.8799,-15.6095,0.474871,-2.22045e-16
asec,cohort_x_period,1970-1979|1994-2006,same,G2,lths,pct,3899,2899,103155,5809300.0,28.3998,12.9994,0.876206,0.0
asec,cohort_x_period,1970-1979|1994-2006,same,G3plus_id,lths,pct,5745,4426,103155,8006720.0,28.8799,12.1641,0.708253,-2.22045e-16
asec,cohort_x_period,1970-1979|1994-2006,same,G2,yrs,years,3899,2899,103155,5809300.0,28.3998,-1.21989,0.0479795,0.0
asec,cohort_x_period,1970-1979|1994-2006,same,G3plus_id,yrs,years,5745,4426,103155,8006720.0,28.8799,-1.25477,0.0376174,-2.22045e-16
asec,cohort_x_period,1970-1979|1994-2006,same,G2,emp,pct,3899,2899,103155,5809300.0,28.3998,-4.48264,0.894402,0.0
asec,cohort_x_period,1970-1979|1994-2006,same,G3plus_id,emp,pct,5745,4426,103155,8006720.0,28.8799,-4.52829,0.730246,-2.22045e-16
asec,cohort_x_period,1970-1979|1994-2006,same,G2,earn,usd2024,3899,2899,103155,4702760.0,28.3998,-9178.58,1141.05,0.0
asec,cohort_x_period,1970-1979|1994-2006,same,G3plus_id,earn,usd2024,5745,4426,103155,6534430.0,28.8799,-11063.0,771.468,0.0
asec,cohort_x_period,1970-1979|2007-2021,same,G2,ba,pct,8071,5453,210925,12612900.0,38.9666,-21.4343,0.717836,1.11022e-16
asec,cohort_x_period,1970-1979|2007-2021,same,G3plus_id,ba,pct,10985,7724,210925,16168300.0,39.4388,-21.201,0.597084,0.0
asec,cohort_x_period,1970-1979|2007-2021,same,G2,rank,pctile,8071,5453,210925,12612900.0,38.9666,-14.8195,0.461157,1.11022e-16
asec,cohort_x_period,1970-1979|2007-2021,same,G3plus_id,rank,pctile,10985,7724,210925,16168300.0,39.4388,-14.2536,0.389829,0.0
asec,cohort_x_period,1970-1979|2007-2021,same,G2,lths,pct,8071,5453,210925,12612900.0,38.9666,11.4767,0.58192,1.11022e-16
asec,cohort_x_period,1970-1979|2007-2021,same,G3plus_id,lths,pct,10985,7724,210925,16168300.0,39.4388,8.62815,0.454955,0.0
asec,cohort_x_period,1970-1979|2007-2021,same,G2,yrs,years,8071,5453,210925,12612900.0,38.9666,-1.3792,0.0453791,1.11022e-16
asec,cohort_x_period,1970-1979|2007-2021,same,G3plus_id,yrs,years,10985,7724,210925,16168300.0,39.4388,-1.24211,0.0347676,0.0
asec,cohort_x_period,1970-1979|2007-2021,same,G2,emp,pct,8071,5453,210925,12612900.0,38.9666,-2.46661,0.622841,1.11022e-16
asec,cohort_x_period,1970-1979|2007-2021,same,G3plus_id,emp,pct,10985,7724,210925,16168300.0,39.4388,-3.72499,0.585693,0.0
asec,cohort_x_period,1970-1979|2007-2021,same,G2,earn,usd2024,8071,5453,210925,9898810.0,38.9666,-17139.6,1067.85,0.0
asec,cohort_x_period,1970-1979|2007-2021,same,G3plus_id,earn,usd2024,10985,7724,210925,12546100.0,39.4388,-18542.3,958.887,2.22045e-16
asec,cohort_x_period,1970-1979|2022-2025,same,G2,ba,pct,1460,1076,37423,3172900.0,48.4157,-21.453,1.59024,0.0
asec,cohort_x_period,1970-1979|2022-2025,same,G3plus_id,ba,pct,2111,1598,37423,4323670.0,48.723,-21.1959,1.41695,0.0
asec,cohort_x_period,1970-1979|2022-2025,same,G2,rank,pctile,1460,1076,37423,3172900.0,48.4157,-14.1762,0.960086,0.0
asec,cohort_x_period,1970-1979|2022-2025,same,G3plus_id,rank,pctile,2111,1598,37423,4323670.0,48.723,-13.6854,0.883983,0.0
asec,cohort_x_period,1970-1979|2022-2025,same,G2,lths,pct,1460,1076,37423,3172900.0,48.4157,9.81306,1.22758,0.0
asec,cohort_x_period,1970-1979|2022-2025,same,G3plus_id,lths,pct,2111,1598,37423,4323670.0,48.723,7.84557,0.96948,0.0
asec,cohort_x_period,1970-1979|2022-2025,same,G2,yrs,years,1460,1076,37423,3172900.0,48.4157,-1.37148,0.0911083,0.0
asec,cohort_x_period,1970-1979|2022-2025,same,G3plus_id,yrs,years,2111,1598,37423,4323670.0,48.723,-1.27882,0.0814536,0.0
asec,cohort_x_period,1970-1979|2022-2025,same,G2,emp,pct,1460,1076,37423,3172900.0,48.4157,-5.67688,1.66032,0.0
asec,cohort_x_period,1970-1979|2022-2025,same,G3plus_id,emp,pct,2111,1598,37423,4323670.0,48.723,-2.90927,1.30802,0.0
asec,cohort_x_period,1970-1979|2022-2025,same,G2,earn,usd2024,1460,1076,37423,2382420.0,48.4157,-26009.7,2584.1,2.22045e-16
asec,cohort_x_period,1970-1979|2022-2025,same,G3plus_id,earn,usd2024,2111,1598,37423,3344220.0,48.723,-22160.4,2327.22,0.0
asec,cohort_x_period,1970-1979|2026-2026,same,G2,ba,pct,344,344,8110,786270.0,50.8537,-23.1365,2.62435,2.22045e-16
asec,cohort_x_period,1970-1979|2026-2026,same,G3plus_id,ba,pct,517,517,8110,1171970.0,50.9891,-20.723,2.481,0.0
asec,cohort_x_period,1970-1979|2026-2026,same,G2,rank,pctile,344,344,8110,786270.0,50.8537,-16.174,1.66704,2.22045e-16
asec,cohort_x_period,1970-1979|2026-2026,same,G3plus_id,rank,pctile,517,517,8110,1171970.0,50.9891,-14.4559,1.55289,0.0
asec,cohort_x_period,1970-1979|2026-2026,same,G2,lths,pct,344,344,8110,786270.0,50.8537,10.1052,2.30322,2.22045e-16
asec,cohort_x_period,1970-1979|2026-2026,same,G3plus_id,lths,pct,517,517,8110,1171970.0,50.9891,8.71877,1.89601,0.0
asec,cohort_x_period,1970-1979|2026-2026,same,G2,yrs,years,344,344,8110,786270.0,50.8537,-1.58553,0.169524,2.22045e-16
asec,cohort_x_period,1970-1979|2026-2026,same,G3plus_id,yrs,years,517,517,8110,1171970.0,50.9891,-1.38213,0.151003,0.0
asec,cohort_x_period,1970-1979|2026-2026,same,G2,emp,pct,344,344,8110,786270.0,50.8537,-2.9842,2.80945,2.22045e-16
asec,cohort_x_period,1970-1979|2026-2026,same,G3plus_id,emp,pct,517,517,8110,1171970.0,50.9891,-5.11186,2.49871,0.0
asec,cohort_x_period,1970-1979|2026-2026,same,G2,earn,usd2024,344,344,8110,616047.0,50.8537,-28388.9,5161.77,2.22045e-16
asec,cohort_x_period,1970-1979|2026-2026,same,G3plus_id,earn,usd2024,517,517,8110,865745.0,50.9891,-22945.4,5197.76,0.0
asec,cohort_x_period,1980-1989|1994-2006,same,G2,ba,pct,247,218,3837,381872.0,25.3437,-19.3722,2.97355,0.0
asec,cohort_x_period,1980-1989|1994-2006,same,G3plus_id,ba,pct,278,253,3837,392816.0,25.3559,-22.3459,2.38934,0.0
asec,cohort_x_period,1980-1989|1994-2006,same,G2,rank,pctile,247,218,3837,381872.0,25.3437,-15.6619,2.22487,0.0
asec,cohort_x_period,1980-1989|1994-2006,same,G3plus_id,rank,pctile,278,253,3837,392816.0,25.3559,-17.1347,1.96204,0.0
asec,cohort_x_period,1980-1989|1994-2006,same,G2,lths,pct,247,218,3837,381872.0,25.3437,16.2132,3.18549,0.0
asec,cohort_x_period,1980-1989|1994-2006,same,G3plus_id,lths,pct,278,253,3837,392816.0,25.3559,14.1507,3.22855,0.0
asec,cohort_x_period,1980-1989|1994-2006,same,G2,yrs,years,247,218,3837,381872.0,25.3437,-1.31795,0.192275,0.0
asec,cohort_x_period,1980-1989|1994-2006,same,G3plus_id,yrs,years,278,253,3837,392816.0,25.3559,-1.34802,0.170544,0.0
asec,cohort_x_period,1980-1989|1994-2006,same,G2,emp,pct,247,218,3837,381872.0,25.3437,-2.78587,3.26581,0.0
asec,cohort_x_period,1980-1989|1994-2006,same,G3plus_id,emp,pct,278,253,3837,392816.0,25.3559,-5.75171,3.09076,0.0
asec,cohort_x_period,1980-1989|1994-2006,same,G2,earn,usd2024,247,218,3837,287663.0,25.3437,-6770.31,2274.07,2.22045e-16
asec,cohort_x_period,1980-1989|1994-2006,same,G3plus_id,earn,usd2024,278,253,3837,320842.0,25.3559,-6760.35,2374.93,0.0
asec,cohort_x_period,1980-1989|2007-2021,same,G2,ba,pct,10319,7358,158827,17323600.0,30.9184,-24.266,0.587149,0.0
asec,cohort_x_period,1980-1989|2007-2021,same,G3plus_id,ba,pct,11038,8211,158827,17687300.0,31.0554,-23.9417,0.564863,1.11022e-16
asec,cohort_x_period,1980-1989|2007-2021,same,G2,rank,pctile,10319,7358,158827,17323600.0,30.9184,-15.7479,0.380847,0.0
asec,cohort_x_period,1980-1989|2007-2021,same,G3plus_id,rank,pctile,11038,8211,158827,17687300.0,31.0554,-15.7018,0.3822,1.11022e-16
asec,cohort_x_period,1980-1989|2007-2021,same,G2,lths,pct,10319,7358,158827,17323600.0,30.9184,9.33143,0.513914,0.0
asec,cohort_x_period,1980-1989|2007-2021,same,G3plus_id,lths,pct,11038,8211,158827,17687300.0,31.0554,8.19465,0.489707,1.11022e-16
asec,cohort_x_period,1980-1989|2007-2021,same,G2,yrs,years,10319,7358,158827,17323600.0,30.9184,-1.33917,0.0348746,0.0
asec,cohort_x_period,1980-1989|2007-2021,same,G3plus_id,yrs,years,11038,8211,158827,17687300.0,31.0554,-1.32219,0.0345145,1.11022e-16
asec,cohort_x_period,1980-1989|2007-2021,same,G2,emp,pct,10319,7358,158827,17323600.0,30.9184,-4.61276,0.580026,0.0
asec,cohort_x_period,1980-1989|2007-2021,same,G3plus_id,emp,pct,11038,8211,158827,17687300.0,31.0554,-6.05921,0.58618,1.11022e-16
asec,cohort_x_period,1980-1989|2007-2021,same,G2,earn,usd2024,10319,7358,158827,13616000.0,30.9184,-15485.2,742.513,0.0
asec,cohort_x_period,1980-1989|2007-2021,same,G3plus_id,earn,usd2024,11038,8211,158827,13695000.0,31.0554,-14111.5,909.169,0.0
asec,cohort_x_period,1980-1989|2022-2025,same,G2,ba,pct,2507,1906,42243,5349070.0,38.6399,-23.5068,1.27119,2.22045e-16
asec,cohort_x_period,1980-1989|2022-2025,same,G3plus_id,ba,pct,2805,2190,42243,5774500.0,38.9842,-20.4066,1.2361,1.11022e-16
asec,cohort_x_period,1980-1989|2022-2025,same,G2,rank,pctile,2507,1906,42243,5349070.0,38.6399,-14.9341,0.765345,2.22045e-16
asec,cohort_x_period,1980-1989|2022-2025,same,G3plus_id,rank,pctile,2805,2190,42243,5774500.0,38.9842,-12.8969,0.752758,1.11022e-16
asec,cohort_x_period,1980-1989|2022-2025,same,G2,lths,pct,2507,1906,42243,5349070.0,38.6399,8.00193,0.924792,2.22045e-16
asec,cohort_x_period,1980-1989|2022-2025,same,G3plus_id,lths,pct,2805,2190,42243,5774500.0,38.9842,4.68963,0.794164,1.11022e-16
asec,cohort_x_period,1980-1989|2022-2025,same,G2,yrs,years,2507,1906,42243,5349070.0,38.6399,-1.35989,0.0731981,2.22045e-16
asec,cohort_x_period,1980-1989|2022-2025,same,G3plus_id,yrs,years,2805,2190,42243,5774500.0,38.9842,-1.138,0.0692405,1.11022e-16
asec,cohort_x_period,1980-1989|2022-2025,same,G2,emp,pct,2507,1906,42243,5349070.0,38.6399,-3.78838,1.09691,2.22045e-16
asec,cohort_x_period,1980-1989|2022-2025,same,G3plus_id,emp,pct,2805,2190,42243,5774500.0,38.9842,-2.84105,1.13302,1.11022e-16
asec,cohort_x_period,1980-1989|2022-2025,same,G2,earn,usd2024,2507,1906,42243,4211170.0,38.6399,-24098.0,1815.89,0.0
asec,cohort_x_period,1980-1989|2022-2025,same,G3plus_id,earn,usd2024,2805,2190,42243,4559690.0,38.9842,-18653.6,2274.8,1.11022e-16
asec,cohort_x_period,1980-1989|2026-2026,same,G2,ba,pct,579,579,9781,1412750.0,41.0629,-24.5531,2.09718,0.0
asec,cohort_x_period,1980-1989|2026-2026,same,G3plus_id,ba,pct,675,675,9781,1569800.0,41.3292,-22.47,2.12862,0.0
asec,cohort_x_period,1980-1989|2026-2026,same,G2,rank,pctile,579,579,9781,1412750.0,41.0629,-15.219,1.30798,0.0
asec,cohort_x_period,1980-1989|2026-2026,same,G3plus_id,rank,pctile,675,675,9781,1569800.0,41.3292,-14.8209,1.28147,0.0
asec,cohort_x_period,1980-1989|2026-2026,same,G2,lths,pct,579,579,9781,1412750.0,41.0629,6.79722,1.51552,0.0
asec,cohort_x_period,1980-1989|2026-2026,same,G3plus_id,lths,pct,675,675,9781,1569800.0,41.3292,4.49611,1.39796,0.0
asec,cohort_x_period,1980-1989|2026-2026,same,G2,yrs,years,579,579,9781,1412750.0,41.0629,-1.39802,0.128859,0.0
asec,cohort_x_period,1980-1989|2026-2026,same,G3plus_id,yrs,years,675,675,9781,1569800.0,41.3292,-1.30835,0.120091,0.0
asec,cohort_x_period,1980-1989|2026-2026,same,G2,emp,pct,579,579,9781,1412750.0,41.0629,-4.63828,1.75171,0.0
asec,cohort_x_period,1980-1989|2026-2026,same,G3plus_id,emp,pct,675,675,9781,1569800.0,41.3292,-4.42185,1.97107,0.0
asec,cohort_x_period,1980-1989|2026-2026,same,G2,earn,usd2024,579,579,9781,1142940.0,41.0629,-23593.2,5238.26,1.11022e-16
asec,cohort_x_period,1980-1989|2026-2026,same,G3plus_id,earn,usd2024,675,675,9781,1216400.0,41.3292,-27206.8,3489.67,0.0
asec,cohort_x_period,1990-2001|2007-2021,same,G2,ba,pct,3601,2813,27923,7283830.0,26.9714,-24.0071,1.02657,1.11022e-16
asec,cohort_x_period,1990-2001|2007-2021,same,G3plus_id,ba,pct,2740,2233,27923,5244340.0,26.894,-22.375,1.11909,2.22045e-16
asec,cohort_x_period,1990-2001|2007-2021,same,G2,rank,pctile,3601,2813,27923,7283830.0,26.9714,-14.1572,0.643889,1.11022e-16
asec,cohort_x_period,1990-2001|2007-2021,same,G3plus_id,rank,pctile,2740,2233,27923,5244340.0,26.894,-13.0928,0.708962,2.22045e-16
asec,cohort_x_period,1990-2001|2007-2021,same,G2,lths,pct,3601,2813,27923,7283830.0,26.9714,5.62889,0.673479,1.11022e-16
asec,cohort_x_period,1990-2001|2007-2021,same,G3plus_id,lths,pct,2740,2233,27923,5244340.0,26.894,4.03179,0.747826,2.22045e-16
asec,cohort_x_period,1990-2001|2007-2021,same,G2,yrs,years,3601,2813,27923,7283830.0,26.9714,-1.14584,0.0536916,1.11022e-16
asec,cohort_x_period,1990-2001|2007-2021,same,G3plus_id,yrs,years,2740,2233,27923,5244340.0,26.894,-1.0082,0.0545365,2.22045e-16
asec,cohort_x_period,1990-2001|2007-2021,same,G2,emp,pct,3601,2813,27923,7283830.0,26.9714,-7.18449,0.951088,1.11022e-16
asec,cohort_x_period,1990-2001|2007-2021,same,G3plus_id,emp,pct,2740,2233,27923,5244340.0,26.894,-7.0779,1.13594,2.22045e-16
asec,cohort_x_period,1990-2001|2007-2021,same,G2,earn,usd2024,3601,2813,27923,5694820.0,26.9714,-15236.1,922.333,-2.22045e-16
asec,cohort_x_period,1990-2001|2007-2021,same,G3plus_id,earn,usd2024,2740,2233,27923,4088770.0,26.894,-12689.7,1143.98,0.0
asec,cohort_x_period,1990-2001|2022-2025,same,G2,ba,pct,4339,3390,31946,9382400.0,29.0649,-22.5202,1.0021,-2.22045e-16
asec,cohort_x_period,1990-2001|2022-2025,same,G3plus_id,ba,pct,3240,2605,31946,6821490.0,29.1984,-20.0275,1.15588,0.0
asec,cohort_x_period,1990-2001|2022-2025,same,G2,rank,pctile,4339,3390,31946,9382400.0,29.0649,-13.0216,0.58266,-2.22045e-16
asec,cohort_x_period,1990-2001|2022-2025,same,G3plus_id,rank,pctile,3240,2605,31946,6821490.0,29.1984,-11.7715,0.673442,0.0
asec,cohort_x_period,1990-2001|2022-2025,same,G2,lths,pct,4339,3390,31946,9382400.0,29.0649,3.53408,0.491155,-2.22045e-16
asec,cohort_x_period,1990-2001|2022-2025,same,G3plus_id,lths,pct,3240,2605,31946,6821490.0,29.1984,3.08717,0.594053,0.0
asec,cohort_x_period,1990-2001|2022-2025,same,G2,yrs,years,4339,3390,31946,9382400.0,29.0649,-1.08477,0.0492638,-2.22045e-16
asec,cohort_x_period,1990-2001|2022-2025,same,G3plus_id,yrs,years,3240,2605,31946,6821490.0,29.1984,-0.959674,0.0580842,0.0
asec,cohort_x_period,1990-2001|2022-2025,same,G2,emp,pct,4339,3390,31946,9382400.0,29.0649,-2.29875,0.803413,-2.22045e-16
asec,cohort_x_period,1990-2001|2022-2025,same,G3plus_id,emp,pct,3240,2605,31946,6821490.0,29.1984,-5.7927,1.01673,0.0
asec,cohort_x_period,1990-2001|2022-2025,same,G2,earn,usd2024,4339,3390,31946,7627590.0,29.0649,-14654.0,1243.02,0.0
asec,cohort_x_period,1990-2001|2022-2025,same,G3plus_id,earn,usd2024,3240,2605,31946,5362140.0,29.1984,-12448.6,1255.42,1.11022e-16
asec,cohort_x_period,1990-2001|2026-2026,same,G2,ba,pct,1295,1295,9045,3254150.0,30.0572,-21.7614,1.56287,0.0
asec,cohort_x_period,1990-2001|2026-2026,same,G3plus_id,ba,pct,994,994,9045,2410560.0,30.1053,-24.0189,1.77697,1.11022e-16
asec,cohort_x_period,1990-2001|2026-2026,same,G2,rank,pctile,1295,1295,9045,3254150.0,30.0572,-12.599,0.982411,0.0
asec,cohort_x_period,1990-2001|2026-2026,same,G3plus_id,rank,pctile,994,994,9045,2410560.0,30.1053,-13.2689,1.07316,1.11022e-16
asec,cohort_x_period,1990-2001|2026-2026,same,G2,lths,pct,1295,1295,9045,3254150.0,30.0572,4.52278,0.946014,0.0
asec,cohort_x_period,1990-2001|2026-2026,same,G3plus_id,lths,pct,994,994,9045,2410560.0,30.1053,1.90087,0.95922,1.11022e-16
asec,cohort_x_period,1990-2001|2026-2026,same,G2,yrs,years,1295,1295,9045,3254150.0,30.0572,-1.08745,0.0825443,0.0
asec,cohort_x_period,1990-2001|2026-2026,same,G3plus_id,yrs,years,994,994,9045,2410560.0,30.1053,-1.12155,0.088618,1.11022e-16
asec,cohort_x_period,1990-2001|2026-2026,same,G2,emp,pct,1295,1295,9045,3254150.0,30.0572,-2.36461,1.36498,0.0
asec,cohort_x_period,1990-2001|2026-2026,same,G3plus_id,emp,pct,994,994,9045,2410560.0,30.1053,-3.5353,1.5569,1.11022e-16
asec,cohort_x_period,1990-2001|2026-2026,same,G2,earn,usd2024,1295,1295,9045,2655230.0,30.0572,-15794.2,2788.11,0.0
asec,cohort_x_period,1990-2001|2026-2026,same,G3plus_id,earn,usd2024,994,994,9045,1945230.0,30.1053,-12068.4,3000.14,0.0
