fiscal_year,country,total,family_sponsored,employment,immediate_relatives,diversity,refugee_asylee,other
2005,Afghanistan,4749,143,16,517,16,4049,8
2005,Albania,5947,125,207,2036,2438,1137,4
2005,Algeria,1115,26,133,404,341,206,5
2005,American Samoa,15,,0,,0,0,0
2005,Angola,188,18,35,74,3,58,0
2005,Anguilla,35,11,5,19,0,0,0
2005,Antigua-Barbuda,440,173,20,240,,0,
2005,Argentina,7081,195,3382,3129,69,279,27
2005,Armenia,2591,131,237,750,580,811,82
2005,Aruba,42,,,31,0,0,0
2005,Australia,3193,69,1383,1489,239,3,10
2005,Austria,532,,236,220,32,32,
2005,Azerbaijan,1523,21,64,253,162,938,85
2005,Bahamas,698,79,104,473,11,5,26
2005,Bahrain,140,23,67,47,,,0
2005,Bangladesh,11487,3118,1520,4625,1753,405,66
2005,Barbados,846,199,104,538,,0,
2005,Belarus,3503,53,292,660,604,1677,217
2005,Belgium,859,,471,333,18,20,
2005,Belize,876,204,63,597,,,9
2005,Benin,193,,15,72,66,32,
2005,Bermuda,116,5,35,76,0,0,0
2005,Bhutan,30,0,11,13,0,6,0
2005,Bolivia,2197,244,654,1210,45,23,21
2005,Bosnia-Herzegovina,14074,,71,650,44,13298,
2005,Botswana,54,,24,22,,3,
2005,Brazil,16664,335,8866,7105,170,99,89
2005,British Virgin Islands,41,12,,23,,0,0
2005,Brunei,49,9,25,6,5,4,0
2005,Bulgaria,5635,80,792,1713,2854,163,33
2005,Burkina Faso,128,,12,94,16,,0
2005,Burma,2095,362,149,371,279,931,3
2005,Burundi,186,0,,16,,162,0
2005,Cambodia,4022,604,60,2244,42,302,770
2005,Cameroon,1458,40,148,605,410,249,6
2005,Canada,21878,761,12296,8483,72,28,238
2005,Cape Verde,1225,485,29,698,0,,
2005,Cayman Islands,37,4,5,28,0,0,0
2005,Central African Republic,24,0,7,12,,,0
2005,Chad,31,4,0,7,4,16,0
2005,Chile,2404,211,759,1316,16,73,29
2005,"China, People's Republic",69967,17082,20626,26852,32,5335,40
2005,Colombia,25571,2725,5976,15413,12,1270,175
2005,"Congo, Democratic Republic",260,6,29,29,,190,
2005,"Congo, Republic",1064,,70,179,169,623,
2005,Costa Rica,2278,178,437,1586,8,51,18
2005,Cote d'Ivoire,930,32,74,516,58,237,13
2005,Croatia,1780,16,171,306,29,1258,0
2005,Cuba,36261,1478,18,1759,371,32555,80
2005,Cyprus,196,4,98,86,8,0,0
2005,Czech Republic,476,4,204,229,33,3,3
2005,Czechoslovakia (former),784,12,178,541,48,,
2005,Denmark,718,11,379,311,14,0,3
2005,Djibouti,50,0,10,10,3,27,0
2005,Dominica,198,55,8,131,,0,
2005,Dominican Republic,27504,15813,444,11134,6,49,58
2005,Ecuador,11608,2547,2323,6366,193,77,102
2005,Egypt,7905,897,995,2548,2478,938,49
2005,El Salvador,21359,3847,1243,6234,,,9476
2005,Equatorial Guinea,10,0,,6,0,,
2005,Eritrea,796,41,,358,85,281,
2005,Estonia,438,,52,258,20,91,
2005,Ethiopia,10573,378,182,2771,3427,3802,13
2005,Fiji,1422,366,56,677,254,50,19
2005,Finland,574,3,324,220,24,,
2005,France,4399,101,2191,1880,183,30,14
2005,French Polynesia,19,0,,,0,0,0
2005,Gabon,66,,9,46,5,,0
2005,Gambia,581,13,44,356,19,104,45
2005,Georgia,1389,14,132,624,255,344,20
2005,Germany,9264,167,3516,4473,602,464,42
2005,Ghana,6491,534,487,4100,1049,289,32
2005,Greece,1070,61,374,537,74,19,5
2005,Grenada,840,199,58,576,,0,
2005,Guadeloupe,48,12,,27,,,0
2005,Guatemala,16825,1949,1071,7518,,,5586
2005,Guinea,495,9,41,280,17,134,14
2005,Guinea-Bissau,26,0,,18,,5,0
2005,Guyana,9318,5360,279,3655,5,4,15
2005,Haiti,14529,4363,192,6032,4,1118,2820
2005,Honduras,7012,1889,589,4174,7,158,195
2005,Hong Kong,3705,1802,898,903,58,31,13
2005,Hungary,1567,26,473,930,115,17,6
2005,Iceland,135,7,39,84,,,0
2005,India,84681,15256,47705,19108,60,2331,221
2005,Indonesia,3924,179,974,1452,121,1158,40
2005,Iran,13887,1986,1024,3922,407,6480,68
2005,Iraq,4077,899,158,828,18,2169,5
2005,Ireland,2088,18,732,1234,95,4,5
2005,Israel,5755,262,2437,2805,192,31,28
2005,Italy,3066,96,1317,1540,79,24,10
2005,Jamaica,18346,5032,1214,12049,,,45
2005,Japan,8768,135,3451,4885,271,11,15
2005,Jordan,3748,1020,436,2172,32,65,23
2005,Kazakhstan,2229,10,105,1225,168,634,87
2005,Kenya,5348,147,967,1963,1536,718,17
2005,Korea,26562,1997,15929,8598,8,7,23
2005,Kuwait,1152,278,319,433,16,103,3
2005,Kyrgyzstan,656,4,44,228,102,240,38
2005,Laos,1242,103,64,735,,317,
2005,Latvia,769,16,91,413,73,156,20
2005,Lebanon,4282,1095,880,2046,45,193,23
2005,Lesotho,12,,,8,0,0,0
2005,Liberia,4880,178,55,712,373,3548,14
2005,Libya,223,29,40,114,7,33,0
2005,Lithuania,2417,42,272,1176,888,26,13
2005,Luxembourg,35,0,,18,,0,0
2005,Macau,133,73,18,37,,0,
2005,Macedonia,1070,109,92,544,201,113,11
2005,Madagascar,60,0,18,30,6,,
2005,Malawi,131,4,58,61,3,5,0
2005,Malaysia,2632,217,1407,917,41,36,14
2005,Mali,277,5,49,175,8,24,16
2005,Malta,74,,30,40,0,,0
2005,Marshall Islands,32,0,,,0,0,0
2005,Martinique,37,4,9,21,,0,
2005,Mauritania,275,0,10,57,,203,
2005,Mauritius,99,7,53,32,,,0
2005,Mexico,161445,65369,16347,72435,11,240,7043
2005,Moldova,3507,6,103,437,277,2351,333
2005,Mongolia,323,0,77,193,53,0,0
2005,Montserrat,50,17,,30,,0,0
2005,Morocco,4411,137,373,1922,1958,4,17
2005,Mozambique,54,4,15,31,,,0
2005,Namibia,63,0,31,24,,,0
2005,Nepal,3158,58,961,518,1545,72,4
2005,Netherlands,1815,21,928,789,57,17,3
2005,Netherlands Antilles,116,,31,68,,,
2005,New Zealand,1293,35,471,684,100,,
2005,Nicaragua,3305,469,101,1530,4,208,993
2005,Niger,126,,7,105,,7,0
2005,Nigeria,10598,900,1383,5383,2379,502,51
2005,Norway,423,,149,259,7,0,
2005,Oman,101,11,67,15,4,4,0
2005,Pakistan,14926,3203,4798,5789,12,967,157
2005,Panama,1815,278,183,1305,11,26,12
2005,Papua New Guinea,44,0,23,,,0,0
2005,Paraguay,516,34,152,310,12,5,3
2005,Peru,15676,2264,2301,8911,1128,900,172
2005,Philippines,60748,14975,18332,27157,6,85,193
2005,Poland,15352,2953,3241,5768,3259,60,71
2005,Portugal,1125,149,407,548,7,3,11
2005,Qatar,174,28,84,47,,9,
2005,Romania,7103,295,1714,3322,1585,163,24
2005,Russia,18083,172,2574,8767,613,5335,622
2005,Rwanda,276,,9,16,,242,
2005,Saint Kitts-Nevis,342,148,22,172,0,0,0
2005,Saint Lucia,832,187,,580,,0,0
2005,Saint Vincent and the Grenadines,625,171,40,411,0,0,3
2005,Samoa,173,17,,151,,0,0
2005,Saudi Arabia,1210,212,487,354,51,97,9
2005,Senegal,913,48,99,637,42,79,8
2005,Serbia and Montenegro¹,5202,120,353,1400,208,3078,43
2005,Seychelles,16,0,,13,0,,0
2005,Sierra Leone,2731,95,97,623,116,1793,7
2005,Singapore,1204,78,719,365,30,3,9
2005,Slovak Republic,965,43,293,391,228,,
2005,Slovenia,114,,16,68,,24,0
2005,Somalia,5829,,29,260,46,5478,
2005,South Africa,4536,78,3017,1291,128,18,4
2005,Soviet Union (former),2899,26,283,1858,20,512,200
2005,Spain,1888,30,744,1002,56,47,9
2005,Sri Lanka,1894,156,844,480,270,137,7
2005,Sudan,5231,28,59,269,248,4619,8
2005,Suriname,300,65,76,137,0,16,6
2005,Swaziland,16,0,6,6,,,0
2005,Sweden,1517,31,645,771,51,12,7
2005,Switzerland,1092,24,536,418,80,27,7
2005,Syria,2831,690,493,1420,19,196,13
2005,Taiwan,9196,2749,3001,3101,326,6,13
2005,Tajikistan,207,5,6,70,33,85,8
2005,Tanzania,829,67,204,444,67,41,6
2005,Thailand,5505,337,1084,3370,60,414,240
2005,Togo,1523,19,35,228,985,253,3
2005,Tonga,309,67,8,205,26,0,3
2005,Trinidad and Tobago,6568,1413,955,4119,,,53
2005,Tunisia,495,6,100,356,27,,
2005,Turkey,4614,167,1439,1869,1043,89,7
2005,Turkmenistan,148,,14,49,38,42,
2005,Turks and Caicos Islands,34,9,,20,0,0,
2005,Uganda,858,60,155,398,81,159,5
2005,Ukraine,22761,198,1235,4346,2745,12421,1816
2005,United Arab Emirates,812,162,427,184,22,,
2005,United Kingdom,19800,594,10753,8237,113,33,70
2005,United States,183,22,15,121,3,7,15
2005,Uruguay,1154,54,335,697,10,46,12
2005,Uzbekistan,2887,37,133,769,955,866,127
2005,Venezuela,10645,454,4929,4573,133,520,36
2005,Vietnam,32784,12220,304,11379,5,5818,3058
2005,Yemen,3366,799,28,2384,22,129,4
2005,Zambia,499,18,176,262,25,18,0
2005,Zimbabwe,923,19,462,383,46,,
2006,Afghanistan,3417,191,22,652,10,2534,8
2006,Albania,7914,169,160,2537,1500,3542,6
2006,Algeria,1300,39,99,561,355,242,4
2006,American Samoa,28,,0,,0,0,0
2006,Angola,272,,32,104,,115,1
2006,Anguilla,32,13,0,19,0,0,0
2006,Antigua-Barbuda,570,196,23,346,3,0,2
2006,Argentina,7327,259,2050,4449,54,486,29
2006,Armenia,6317,137,133,976,435,4585,51
2006,Aruba,51,,7,38,0,,0
2006,Australia,3249,67,892,2009,259,6,16
2006,Austria,524,16,142,316,27,20,3
2006,Azerbaijan,2371,21,24,382,111,1761,72
2006,Bahamas,847,73,51,661,11,7,44
2006,Bahrain,148,13,97,31,0,7,0
2006,Bangladesh,14644,3384,1060,6036,3093,981,90
2006,Barbados,959,241,,598,,0,6
2006,Belarus,3086,51,155,963,425,1202,290
2006,Belgium,716,12,276,388,16,22,2
2006,Belize,1252,257,81,883,0,5,26
2006,Benin,275,,,111,108,35,1
2006,Bermuda,160,22,13,125,0,0,0
2006,Bhutan,78,0,4,13,3,58,0
2006,Bolivia,4025,334,1512,2001,54,86,38
2006,Bosnia-Herzegovina,3789,33,59,907,46,2744,0
2006,Botswana,53,,4,40,4,,1
2006,Brazil,17910,464,5553,11399,191,235,68
2006,British Virgin Islands,47,11,4,31,0,0,1
2006,Brunei,25,5,9,7,,,0
2006,Bulgaria,4828,106,436,2265,1631,360,30
2006,Burkina Faso,222,3,13,144,26,32,4
2006,Burma,4562,353,153,573,442,3041,0
2006,Burundi,320,0,3,13,18,286,0
2006,Cambodia,5773,809,73,4235,46,426,184
2006,Cameroon,2920,95,111,993,604,1114,3
2006,Canada,18207,714,6382,10762,53,63,233
2006,Cape Verde,1780,702,10,1051,0,3,14
2006,Cayman Islands,65,6,7,49,0,3,0
2006,Central African Republic,51,,3,11,,33,0
2006,Chad,73,0,,18,,49,0
2006,Chile,2774,191,522,1871,20,153,17
2006,"China, People's Republic",87345,16573,9484,33773,20,27454,41
2006,Colombia,43151,3828,3242,23330,9,12591,151
2006,"Congo, Democratic Republic",738,8,24,35,39,631,1
2006,"Congo, Republic",1600,27,41,216,251,1059,6
2006,Costa Rica,3109,222,363,2376,12,116,20
2006,Cote d'Ivoire,2067,50,67,727,93,1108,22
2006,Croatia,945,18,109,390,19,407,2
2006,Cuba,45614,1447,18,2792,314,40985,58
2006,Cyprus,180,9,61,100,10,0,0
2006,Czech Republic,344,3,144,178,16,3,0
2006,Czechoslovakia (former),1442,32,126,1236,29,16,3
2006,Denmark,699,12,275,394,14,3,1
2006,Djibouti,34,0,0,17,,,0
2006,Dominica,471,,,366,0,,1
2006,Dominican Republic,38069,17563,385,19957,,,56
2006,Ecuador,17490,3095,3990,9961,134,234,76
2006,Egypt,10500,805,729,2754,3727,2451,34
2006,El Salvador,31783,6003,1964,7519,,,15418
2006,Equatorial Guinea,13,,,6,0,3,0
2006,Eritrea,1593,51,16,466,140,920,0
2006,Estonia,423,4,34,281,18,74,12
2006,Ethiopia,16157,551,143,4500,3357,7595,11
2006,Fiji,2115,388,32,687,325,668,15
2006,Finland,542,5,241,264,31,0,1
2006,France,4258,183,1487,2333,189,53,13
2006,French Guiana,15,12,0,3,0,0,0
2006,French Polynesia,37,,,32,,0,0
2006,Gabon,85,,14,57,7,,0
2006,Gambia,897,25,31,500,25,235,81
2006,Georgia,2003,21,173,805,212,775,17
2006,Germany,8436,218,2197,5210,511,271,29
2006,Ghana,9367,738,370,6759,1129,342,29
2006,Greece,1124,54,252,665,62,86,5
2006,Grenada,1068,256,,722,0,,6
2006,Guadeloupe,53,13,,36,0,,1
2006,Guatemala,24146,2702,1304,9144,12,1559,9425
2006,Guinea,1110,26,28,429,34,563,30
2006,Guinea-Bissau,25,0,,11,,10,0
2006,Guyana,9552,4954,376,4156,33,17,16
2006,Haiti,22228,3624,194,8937,0,6101,3372
2006,Honduras,8177,1921,894,4790,6,299,267
2006,Hong Kong,3256,1617,470,1084,54,20,11
2006,Hungary,1704,33,338,1212,76,29,16
2006,Iceland,145,,36,101,,0,0
2006,India,61369,14525,17169,22608,30,6841,196
2006,Indonesia,4869,185,463,1855,151,2163,52
2006,Iran,13947,2062,623,4364,547,6316,35
2006,Iraq,4337,574,104,1087,28,2540,4
2006,Ireland,1906,27,428,1391,52,3,5
2006,Israel,5943,312,1779,3631,113,83,25
2006,Italy,3215,146,814,2103,87,57,8
2006,Jamaica,24976,6218,873,17827,0,16,42
2006,Japan,8265,148,2134,5658,281,30,14
2006,Jordan,4038,872,273,2704,36,127,26
2006,Kazakhstan,2081,18,71,1203,122,560,107
2006,Kenya,8779,188,816,2816,1534,3412,13
2006,Korea,24386,2412,10886,11040,6,14,28
2006,Kuwait,1230,232,360,488,22,125,3
2006,Kyrgyzstan,786,15,38,339,86,273,35
2006,Laos,2893,138,,1071,,1628,12
2006,Latvia,892,27,76,543,51,167,28
2006,Lebanon,4083,1004,559,2160,61,278,21
2006,Lesotho,19,,,12,0,0,0
2006,Liberia,6887,224,73,1298,294,4989,9
2006,Libya,271,22,41,139,25,44,0
2006,Lithuania,1885,55,193,1217,360,52,8
2006,Luxembourg,28,0,10,18,0,0,0
2006,Macau,189,132,9,38,,,1
2006,Macedonia,1317,148,95,726,131,203,14
2006,Madagascar,72,10,13,38,4,5,2
2006,Malawi,131,10,21,79,14,7,0
2006,Malaysia,2281,218,785,1134,29,104,11
2006,Mali,408,11,37,272,15,45,28
2006,Malta,70,,14,48,,3,1
2006,Marshall Islands,53,0,,,0,0,0
2006,Martinique,30,,4,19,,0,1
2006,Mauritania,720,5,4,73,6,632,0
2006,Mauritius,108,4,20,63,4,16,1
2006,Mexico,173753,62998,8864,94663,16,491,6721
2006,"Micronesia, Federated States",13,0,0,13,0,0,0
2006,Moldova,3036,24,83,443,118,1971,397
2006,Mongolia,498,6,83,277,96,36,0
2006,Montserrat,90,25,,55,0,,0
2006,Morocco,4949,233,317,2832,1523,29,15
2006,Mozambique,78,,18,54,0,,0
2006,Namibia,56,0,15,37,,,0
2006,Nepal,3733,88,864,668,1715,395,3
2006,Netherlands,1651,47,579,943,55,14,13
2006,Netherlands Antilles,100,15,,72,,0,1
2006,New Zealand,1100,,269,716,90,,4
2006,Nicaragua,4145,805,83,2391,9,303,554
2006,Niger,116,0,,101,,10,2
2006,Nigeria,13459,1217,1123,7379,2942,740,58
2006,Norway,481,,113,338,18,,2
2006,Oman,155,10,114,22,6,3,0
2006,Pakistan,17418,3777,3136,7966,9,2408,122
2006,Panama,2418,363,143,1845,6,54,7
2006,Papua New Guinea,30,0,9,16,4,0,1
2006,Paraguay,719,55,184,465,,,1
2006,Peru,21718,2790,2305,13536,1264,1644,179
2006,Philippines,74607,16020,23733,34354,10,272,218
2006,Poland,17052,3051,3710,8077,2100,49,65
2006,Portugal,1409,154,392,846,5,6,6
2006,Qatar,226,47,94,53,11,21,0
2006,Romania,7137,328,956,4250,1207,362,34
2006,Russia,13188,198,1461,6932,232,4146,219
2006,Rwanda,502,,,36,18,429,0
2006,Saint Kitts-Nevis,458,184,,257,,0,0
2006,Saint Lucia,1212,219,,905,,0,1
2006,Saint Vincent and the Grenadines,756,246,,475,0,,3
2006,Samoa,283,24,3,252,0,0,4
2006,Saudi Arabia,1542,199,533,525,56,220,9
2006,Senegal,1367,75,93,957,87,137,18
2006,Serbia and Montenegro,5891,131,218,2091,220,3194,37
2006,Seychelles,15,4,,6,,,0
2006,Sierra Leone,3572,124,88,942,145,2260,13
2006,Singapore,997,58,434,461,19,16,9
2006,Slovak Republic,1111,62,335,581,122,9,2
2006,Slovenia,115,,21,81,,9,0
2006,Somalia,9462,15,11,355,36,9045,0
2006,South Africa,3201,71,1204,1739,129,54,4
2006,Soviet Union (former),6229,113,182,4822,38,605,469
2006,Spain,1971,53,503,1253,26,125,11
2006,Sri Lanka,2192,195,490,631,318,549,9
2006,Sudan,5504,39,32,413,303,4711,6
2006,Suriname,314,65,51,172,0,23,3
2006,Swaziland,11,,,7,,0,0
2006,Sweden,1376,28,325,961,40,17,5
2006,Switzerland,983,35,348,506,65,23,6
2006,Syria,2918,817,250,1524,24,287,16
2006,Taiwan,8087,2523,1704,3589,241,12,18
2006,Tajikistan,239,10,19,99,26,83,2
2006,Tanzania,949,67,100,565,69,142,6
2006,Thailand,11750,425,688,4969,52,5539,77
2006,Togo,1720,21,37,409,749,501,3
2006,Tonga,437,98,,280,37,,6
2006,Trinidad and Tobago,8854,1726,1073,5955,55,14,31
2006,Tunisia,510,10,83,366,39,12,0
2006,Turkey,4941,254,1149,2537,704,287,10
2006,Turkmenistan,248,,,87,31,121,4
2006,Turks and Caicos Islands,52,13,3,34,0,0,2
2006,Uganda,1372,79,132,583,69,504,5
2006,Ukraine,17142,289,754,5076,3282,5934,1807
2006,United Arab Emirates,1006,112,550,231,24,81,8
2006,United Kingdom,17207,671,6409,9893,131,47,56
2006,United States,333,43,15,230,0,23,22
2006,Uruguay,1664,59,263,1223,6,101,12
2006,Uzbekistan,4015,52,119,1111,928,1700,105
2006,Venezuela,11341,565,2308,6996,174,1274,24
2006,Vietnam,30695,12781,156,15129,3,1832,794
2006,Yemen,4308,891,36,3061,33,280,7
2006,Zambia,672,29,113,436,31,60,3
2006,Zimbabwe,1049,31,251,541,61,161,4
2007,Afghanistan,1753,149,61,563,18,960,2
2007,Albania,5737,150,78,2078,1174,2255,2
2007,Algeria,1036,14,93,378,444,104,3
2007,American Samoa,11,0,0,11,0,0,0
2007,Angola,199,28,34,77,0,60,0
2007,Anguilla,25,5,5,15,0,0,0
2007,Antigua-Barbuda,415,112,14,289,0,0,0
2007,Argentina,5645,222,1837,3208,54,305,19
2007,Armenia,4351,113,153,820,593,2637,35
2007,Aruba,55,9,,38,,0,0
2007,Australia,2518,74,708,1475,246,3,12
2007,Austria,485,11,187,234,39,6,8
2007,Azerbaijan,1166,17,41,261,88,741,18
2007,Bahamas,738,72,54,582,6,5,19
2007,Bahrain,133,20,70,38,0,5,0
2007,Bangladesh,12074,3015,1165,4108,3254,475,57
2007,Barbados,689,184,65,432,4,0,4
2007,Belarus,2328,41,170,785,490,680,162
2007,Belgium,638,22,264,315,24,11,2
2007,Belize,1073,262,60,738,3,5,5
2007,Benin,258,,34,75,125,,0
2007,Bermuda,108,7,16,84,0,0,1
2007,Bhutan,52,,,9,0,38,0
2007,Bolivia,2590,254,815,1363,85,63,10
2007,Bosnia-Herzegovina,1569,16,66,747,32,707,1
2007,Botswana,49,,15,29,,,0
2007,Brazil,14295,372,4142,9255,255,220,51
2007,British Virgin Islands,40,,,27,,0,0
2007,Brunei,32,,15,12,0,,0
2007,Bulgaria,3981,72,588,1700,1368,237,16
2007,Burkina Faso,238,4,23,130,45,32,4
2007,Burma,3130,510,109,587,148,1774,2
2007,Burundi,257,,10,28,,214,0
2007,Cambodia,4246,471,53,3324,56,281,61
2007,Cameroon,3392,67,73,757,923,1563,9
2007,Canada,15495,602,6674,7891,56,42,230
2007,Cape Verde,2048,944,5,1090,,,3
2007,Cayman Islands,40,7,3,30,0,0,0
2007,Central African Republic,52,0,,,0,38,0
2007,Chad,74,0,0,26,3,45,0
2007,Chile,2274,217,451,1470,32,89,15
2007,"China, People's Republic",76655,15261,13886,27115,22,20352,19
2007,Colombia,33187,3177,2641,17174,11,10091,93
2007,"Congo, Democratic Republic",1129,24,14,82,207,802,0
2007,"Congo, Republic",972,21,23,156,126,643,3
2007,Costa Rica,2540,217,238,1979,6,83,17
2007,Cote d'Ivoire,1193,68,61,598,147,274,45
2007,Croatia,482,16,82,275,24,81,4
2007,Cuba,29104,1794,14,2737,229,24261,69
2007,Cyprus,137,5,53,73,5,0,1
2007,Czech Republic,287,6,148,110,19,4,0
2007,Czechoslovakia (former),927,16,93,792,14,12,0
2007,Denmark,517,,221,266,15,,4
2007,Djibouti,23,,,7,6,7,0
2007,Dominica,428,93,4,331,0,0,0
2007,Dominican Republic,28024,13250,308,14360,,,44
2007,Ecuador,12248,2657,2429,6848,107,128,79
2007,Egypt,9267,778,731,2648,3826,1245,39
2007,El Salvador,21127,6145,1276,6240,0,493,6973
2007,Eritrea,1081,33,23,350,170,503,2
2007,Estonia,368,5,43,241,18,56,5
2007,Ethiopia,12786,442,120,4940,3419,3851,14
2007,Fiji,1637,435,36,546,299,310,11
2007,Finland,426,7,226,173,19,0,1
2007,France,3423,107,1234,1806,206,51,19
2007,French Polynesia,27,,,,0,0,1
2007,Gabon,95,5,3,55,12,19,1
2007,Gambia,826,33,38,467,8,192,88
2007,Georgia,1554,9,116,599,212,607,11
2007,Germany,7582,218,2288,4370,580,99,27
2007,Ghana,7610,771,365,5227,1135,93,19
2007,Greece,882,60,221,494,67,34,6
2007,Grenada,751,165,,524,,,0
2007,Guadeloupe,38,5,,28,0,,2
2007,Guatemala,17908,2641,801,8972,7,1061,4426
2007,Guinea,1088,29,42,319,49,603,46
2007,Guinea-Bissau,25,0,,16,0,,1
2007,Guyana,5726,2868,241,2577,5,32,3
2007,Haiti,30405,8028,102,13569,0,6261,2445
2007,Honduras,7646,2303,599,4308,11,219,206
2007,Hong Kong,3527,1818,749,910,34,5,11
2007,Hungary,1266,32,286,855,75,13,5
2007,Iceland,95,0,24,66,5,0,0
2007,India,65353,15551,28703,18205,57,2680,157
2007,Indonesia,3716,168,742,1381,130,1255,40
2007,Iran,10460,2260,720,4257,639,2570,14
2007,Iraq,3765,778,481,1023,30,1422,31
2007,Ireland,1503,10,436,991,55,5,6
2007,Israel,4496,188,1256,2885,100,50,17
2007,Italy,2569,120,736,1602,66,34,11
2007,Jamaica,19375,4988,732,13602,,,41
2007,Japan,6748,137,2285,4088,201,15,22
2007,Jordan,3917,1211,231,2354,26,76,19
2007,Kazakhstan,1604,21,85,1035,111,290,62
2007,Kenya,7030,212,501,2330,1787,2187,13
2007,Kiribati,10,,0,7,,0,0
2007,Korea,22405,2222,11308,8848,,,15
2007,Kuwait,1017,296,196,417,24,82,2
2007,Kyrgyzstan,597,9,29,290,84,160,25
2007,Laos,2575,119,,952,,1472,3
2007,Latvia,568,10,56,370,36,90,6
2007,Lebanon,4267,929,642,2492,43,154,7
2007,Lesotho,14,,0,,0,,0
2007,Liberia,4102,288,47,1259,550,1949,9
2007,Libya,186,18,32,105,16,15,0
2007,Lithuania,1361,42,163,890,206,56,4
2007,Luxembourg,39,,17,18,,,0
2007,Macau,178,123,,39,,0,0
2007,Macedonia,1227,227,70,636,194,93,7
2007,Madagascar,53,,14,33,,3,0
2007,Malawi,123,6,28,76,7,4,2
2007,Malaysia,2149,180,1009,877,34,44,5
2007,Mali,412,11,16,269,19,61,36
2007,Malta,53,10,18,25,0,0,0
2007,Marshall Islands,48,0,3,45,0,0,0
2007,Martinique,23,,,17,,0,1
2007,Mauritania,651,3,,64,,581,0
2007,Mauritius,88,,31,44,,6,1
2007,Mexico,148640,45422,11900,87466,10,396,3446
2007,Moldova,1356,8,53,395,184,555,161
2007,Mongolia,530,0,75,262,61,132,0
2007,Montserrat,66,13,4,47,0,0,2
2007,Morocco,4513,229,212,2160,1869,35,8
2007,Mozambique,81,,15,28,,28,0
2007,Namibia,57,0,18,29,5,5,0
2007,Nepal,3472,128,837,643,1175,683,6
2007,Netherlands,1368,39,581,684,50,10,4
2007,Netherlands Antilles,93,22,,53,,,0
2007,New Zealand,1047,43,309,599,93,0,3
2007,Nicaragua,3716,970,57,2312,9,133,235
2007,Niger,97,5,4,73,12,3,0
2007,Nigeria,12448,963,916,7462,2726,345,36
2007,Norway,343,,86,227,16,,2
2007,Oman,103,11,64,17,4,6,1
2007,Pakistan,13492,3209,3257,5868,3,1087,68
2007,Palau,11,0,,,0,0,0
2007,Panama,1916,271,117,1472,11,41,4
2007,Papua New Guinea,31,,,19,6,0,0
2007,Paraguay,545,36,137,345,8,16,3
2007,Peru,17699,2676,1688,10841,1482,919,93
2007,Philippines,72596,13535,17182,41416,4,372,87
2007,Poland,10355,2345,2095,5545,280,34,56
2007,Portugal,1019,149,179,672,5,6,8
2007,Qatar,138,40,43,43,8,4,0
2007,Romania,5802,296,1234,3115,962,175,20
2007,Russia,9426,135,1466,4502,182,3065,76
2007,Rwanda,357,0,18,43,14,282,0
2007,Saint Kitts-Nevis,347,168,12,165,0,0,2
2007,Saint Lucia,928,167,,702,,0,1
2007,Saint Vincent and the Grenadines,567,146,34,387,0,0,0
2007,Samoa,290,24,,258,,0,0
2007,Saudi Arabia,1171,182,327,480,66,110,6
2007,Senegal,1024,43,98,676,72,125,10
2007,Serbia and Montenegro,3586,146,210,1666,309,1226,29
2007,Sierra Leone,1999,122,75,682,208,901,11
2007,Singapore,985,67,552,333,12,17,4
2007,Slovak Republic,763,,190,443,98,,2
2007,Slovenia,87,3,13,67,,,0
2007,Solomon Islands,10,0,3,7,0,0,0
2007,Somalia,6251,27,14,467,21,5721,1
2007,South Africa,2988,101,1350,1329,160,40,8
2007,Soviet Union (former),5090,65,134,4151,17,476,247
2007,Spain,1578,48,458,952,46,68,6
2007,Sri Lanka,1831,236,615,502,237,236,5
2007,Sudan,2930,52,33,569,329,1944,3
2007,Suriname,197,52,21,108,,,4
2007,Swaziland,13,0,,8,,0,0
2007,Sweden,1145,34,381,645,69,9,7
2007,Switzerland,705,16,266,364,42,11,6
2007,Syria,2385,687,268,1231,17,180,2
2007,Taiwan,8990,3052,2598,3065,258,8,9
2007,Tajikistan,172,5,22,66,26,52,1
2007,Tanzania,832,68,125,429,118,91,1
2007,Thailand,8751,356,639,4066,38,3631,21
2007,Togo,1565,27,37,285,485,724,7
2007,Tonga,438,163,,243,23,,4
2007,Trinidad and Tobago,6829,1477,590,4659,57,17,29
2007,Tunisia,417,24,44,288,54,5,2
2007,Turkey,4425,248,1383,1907,724,153,10
2007,Turkmenistan,217,3,4,62,43,105,0
2007,Turks and Caicos Islands,31,,7,18,0,,0
2007,Uganda,1122,60,114,431,91,425,1
2007,Ukraine,11001,197,753,4101,2798,2322,830
2007,United Arab Emirates,758,189,280,205,41,35,8
2007,United Kingdom,14545,647,5821,7913,96,22,46
2007,United States,171,18,12,119,,,12
2007,Uruguay,1418,,207,1088,,70,3
2007,Uzbekistan,4665,39,112,688,964,2792,70
2007,Venezuela,10692,618,2352,5469,167,2056,30
2007,Vietnam,28691,12430,,13974,,1768,317
2007,Yemen,2396,295,44,1796,13,245,3
2007,Zambia,576,31,124,336,26,56,3
2007,Zimbabwe,1057,30,224,445,43,315,0
2008,Afghanistan,2813,322,631,736,22,1092,10
2008,Albania,5754,132,72,2041,2037,1465,7
2008,Algeria,1037,31,136,330,473,65,2
2008,American Samoa,14,,0,,0,0,0
2008,Angola,221,36,32,87,7,57,2
2008,Anguilla,22,,,15,0,0,0
2008,Antigua-Barbuda,444,189,,244,,0,1
2008,Argentina,5353,181,1944,2783,64,362,19
2008,Armenia,3586,208,245,733,675,1701,24
2008,Aruba,36,,,24,6,0,0
2008,Australia,2464,59,897,1290,197,3,18
2008,Austria,443,14,184,212,23,3,7
2008,Azerbaijan,1071,35,113,258,123,532,10
2008,Bahamas,682,104,52,499,4,10,13
2008,Bahrain,96,,37,32,,0,2
2008,Bangladesh,11753,3210,1304,3883,2930,385,41
2008,Barbados,585,145,,382,,0,1
2008,Belarus,2390,48,357,602,641,711,31
2008,Belgium,642,18,290,288,30,13,3
2008,Belize,1077,297,76,687,,,11
2008,Benin,317,4,37,111,139,25,1
2008,Bermuda,92,,22,60,,0,1
2008,Bhutan,42,0,4,11,5,22,0
2008,Bolivia,2436,301,584,1386,73,83,9
2008,Bosnia-Herzegovina,1491,15,77,577,45,772,5
2008,Botswana,41,0,,21,9,,0
2008,Brazil,12195,328,3493,8037,50,229,58
2008,British Virgin Islands,53,,,33,0,0,1
2008,Brunei,18,7,7,,0,,0
2008,Bulgaria,2960,64,478,1187,1027,190,14
2008,Burkina Faso,238,0,14,133,48,39,4
2008,Burma,3403,485,98,529,90,2199,2
2008,Burundi,255,,,21,9,218,1
2008,Cambodia,3713,464,65,2826,106,209,43
2008,Cameroon,3771,83,106,733,747,2094,8
2008,Canada,15109,736,6998,7044,60,51,220
2008,Cape Verde,1916,930,,972,0,,2
2008,Cayman Islands,37,,9,23,0,,1
2008,Central African Republic,88,0,,,0,74,0
2008,Chad,96,0,,19,,71,0
2008,Chile,2017,156,429,1299,21,105,7
2008,"China, People's Republic",80271,16403,15329,26515,25,21891,108
2008,Colombia,30213,3633,3208,15074,9,8194,95
2008,"Congo, Democratic Republic",1261,7,25,45,145,1038,1
2008,"Congo, Republic",950,22,17,146,194,570,1
2008,Costa Rica,2090,163,218,1588,7,106,8
2008,Cote d'Ivoire,1645,75,53,571,166,716,64
2008,Croatia,455,15,103,206,24,106,1
2008,Cuba,49500,2562,12,3183,224,43455,64
2008,Cyprus,141,9,52,72,,,1
2008,Czech Republic,227,,104,68,33,,4
2008,Czechoslovakia (former),862,6,116,681,40,13,6
2008,Denmark,498,6,238,235,17,0,2
2008,Djibouti,39,,,15,8,13,0
2008,Dominica,454,134,5,312,3,0,0
2008,Dominican Republic,31879,9956,370,21421,,,36
2008,Ecuador,11663,2977,1602,6758,94,170,62
2008,Egypt,8712,794,991,2562,3344,992,29
2008,El Salvador,19659,6802,1038,6428,0,590,4801
2008,Equatorial Guinea,16,0,,,0,8,0
2008,Eritrea,1270,40,40,325,201,662,2
2008,Estonia,287,7,48,179,16,35,2
2008,Ethiopia,12917,614,147,5123,2926,4086,21
2008,Fiji,1176,353,23,402,281,113,4
2008,Finland,302,6,145,139,5,5,2
2008,France,4872,119,2559,1851,273,50,20
2008,French Polynesia,26,,,21,0,0,0
2008,Gabon,82,0,5,39,14,22,2
2008,Gambia,739,28,16,456,12,162,65
2008,Georgia,1620,18,208,591,279,517,7
2008,Germany,7091,188,2340,3680,753,101,29
2008,Ghana,8195,656,403,5665,1142,309,20
2008,Greece,769,51,178,416,96,25,3
2008,Grenada,784,212,44,523,,,2
2008,Guadeloupe,33,,0,18,,0,0
2008,Guatemala,16182,2799,758,8287,34,951,3353
2008,Guinea,1735,16,19,331,64,1247,58
2008,Guinea-Bissau,17,,,11,0,,0
2008,Guyana,6823,3758,199,2797,13,43,13
2008,Haiti,26007,9675,117,8958,0,5620,1637
2008,Honduras,6540,2078,445,3676,15,182,144
2008,Hong Kong,3373,1939,705,682,30,12,5
2008,Hungary,1127,25,299,706,76,11,10
2008,Iceland,122,,59,53,,0,3
2008,India,63352,15042,25577,19116,65,3423,129
2008,Indonesia,3606,193,765,1273,182,1171,22
2008,Iran,13852,3090,2017,4491,762,3465,27
2008,Iraq,4795,759,1361,1153,71,1420,31
2008,Ireland,1465,15,448,936,53,3,10
2008,Israel,5851,241,2674,2760,108,48,20
2008,Italy,2514,107,806,1427,127,43,4
2008,Jamaica,18477,5790,697,11937,4,15,34
2008,Japan,6821,124,2566,3824,266,24,17
2008,Jordan,3936,1302,297,2233,31,58,15
2008,Kazakhstan,1630,26,189,882,159,329,45
2008,Kenya,6998,235,486,2185,1476,2610,6
2008,Korea,26666,2042,16165,8423,7,8,21
2008,Kuwait,1104,292,265,451,20,69,7
2008,Kyrgyzstan,632,9,53,282,126,150,12
2008,Laos,2198,106,52,812,4,1218,6
2008,Latvia,455,8,72,276,19,76,4
2008,Lebanon,4254,1250,754,2047,51,143,9
2008,Lesotho,16,0,,13,0,,0
2008,Liberia,7193,221,40,1211,468,5240,13
2008,Libya,285,26,55,168,24,12,0
2008,Lithuania,967,26,119,663,124,32,3
2008,Luxembourg,28,0,13,11,,,0
2008,Macau,205,148,18,28,11,0,0
2008,Macedonia,1107,168,67,562,210,92,8
2008,Madagascar,77,7,32,23,15,0,0
2008,Malawi,133,6,31,76,12,8,0
2008,Malaysia,1945,155,916,801,32,35,6
2008,Mali,523,10,36,280,34,122,41
2008,Malta,66,0,19,43,0,4,0
2008,Marshall Islands,39,0,,,0,0,0
2008,Martinique,24,,3,17,,0,1
2008,Mauritania,844,6,,65,,765,1
2008,Mauritius,83,,32,27,18,,0
2008,Mexico,189989,66693,8767,111703,11,416,2399
2008,"Micronesia, Federated States",13,0,,,0,0,0
2008,Moldova,1692,22,141,424,247,721,137
2008,Mongolia,659,3,77,274,154,150,1
2008,Montserrat,61,29,3,29,0,0,0
2008,Morocco,4425,234,262,2267,1626,20,16
2008,Mozambique,69,12,13,25,0,19,0
2008,Namibia,46,0,,29,0,,0
2008,Nepal,4093,97,765,650,1663,911,7
2008,Netherlands,1240,32,579,544,70,6,9
2008,Netherlands Antilles,78,18,,47,,0,1
2008,New Zealand,893,44,252,506,89,0,2
2008,Nicaragua,3614,913,67,2286,18,169,161
2008,Niger,107,0,4,92,8,3,0
2008,Nigeria,12475,1236,798,6927,3219,253,42
2008,Norway,350,17,115,207,,,2
2008,Oman,70,9,32,25,,,0
2008,Pakistan,19719,6667,4224,7771,5,999,53
2008,Panama,1678,331,106,1187,8,37,9
2008,Papua New Guinea,15,,,9,,0,0
2008,Paraguay,481,27,99,338,5,12,0
2008,Peru,15184,2803,1481,9832,192,812,64
2008,Philippines,54030,13799,9193,30662,8,304,64
2008,Poland,8354,1993,1782,4453,21,33,72
2008,Portugal,772,89,166,498,,,5
2008,Qatar,151,27,39,69,5,10,1
2008,Romania,4930,272,1174,2532,793,147,12
2008,Russia,11695,235,4045,4023,200,3114,78
2008,Rwanda,378,,,71,32,265,0
2008,Saint Kitts-Nevis,363,179,,169,,0,0
2008,Saint Lucia,946,196,,709,,0,1
2008,Saint Vincent and the Grenadines,568,188,25,352,,,0
2008,Samoa,227,35,,186,,0,2
2008,Saudi Arabia,1194,235,302,504,72,75,6
2008,Senegal,1149,55,92,722,94,156,30
2008,Serbia and Montenegro,3255,115,432,1416,302,969,21
2008,Seychelles,16,6,,6,,,0
2008,Sierra Leone,2795,121,70,739,263,1584,18
2008,Singapore,922,42,516,320,18,22,4
2008,Slovak Republic,653,,180,373,60,,4
2008,Slovenia,79,,14,52,7,,1
2008,Somalia,10745,46,18,514,22,10141,4
2008,South Africa,2723,94,1216,1214,156,36,7
2008,Soviet Union (former),5270,55,467,4172,16,382,178
2008,Spain,1621,47,606,805,50,103,10
2008,Sri Lanka,1935,209,634,456,389,241,6
2008,Sudan,3598,53,67,511,267,2693,7
2008,Suriname,218,65,21,117,,,5
2008,Swaziland,18,,,10,0,,0
2008,Sweden,1019,31,373,559,33,20,3
2008,Switzerland,720,19,337,286,68,7,3
2008,Syria,2641,733,594,1154,39,115,6
2008,Taiwan,9073,2751,3281,2762,263,6,10
2008,Tajikistan,231,10,20,80,70,50,1
2008,Tanzania,838,99,131,403,68,133,4
2008,Thailand,6637,343,591,3531,36,2122,14
2008,Togo,1661,38,28,298,382,913,2
2008,Tonga,365,131,0,213,19,0,2
2008,Trinidad and Tobago,5937,1385,444,4019,55,5,29
2008,Tunisia,410,24,80,263,29,13,1
2008,Turkey,4210,130,1290,1868,814,89,19
2008,Turkmenistan,274,4,16,72,62,119,1
2008,Turks and Caicos Islands,35,5,,25,0,,0
2008,Uganda,1174,99,83,440,107,442,3
2008,Ukraine,10813,312,1334,3659,2445,2690,373
2008,United Arab Emirates,693,164,212,243,34,30,10
2008,United Kingdom,14348,723,6630,6781,106,33,75
2008,United States,216,21,24,136,,,18
2008,Uruguay,1451,48,272,993,4,128,6
2008,Uzbekistan,6375,67,189,679,1980,3416,44
2008,Venezuela,10514,502,2882,4463,134,2497,36
2008,Vietnam,31497,16016,420,12330,3,2404,324
2008,Yemen,1872,236,52,1395,21,163,5
2008,Zambia,613,27,115,351,41,78,1
2008,Zimbabwe,953,37,209,350,44,310,3
2009,Afghanistan,3165,322,934,913,38,950,8
2009,Albania,5137,173,92,1945,1948,966,13
2009,Algeria,1485,41,85,449,837,62,11
2009,American Samoa,19,,,15,0,0,1
2009,Angola,173,20,13,92,6,42,0
2009,Anguilla,21,,,11,0,0,0
2009,Antigua-Barbuda,437,134,,295,,0,1
2009,Argentina,5780,160,1635,3413,52,498,22
2009,Armenia,3442,160,190,1044,911,1100,37
2009,Aruba,38,,4,27,4,,0
2009,Australia,2622,51,759,1616,187,4,5
2009,Austria,512,14,169,256,50,17,6
2009,Azerbaijan,834,36,55,280,152,299,12
2009,Bahamas,751,85,49,594,3,5,15
2009,Bahrain,120,13,60,41,,,0
2009,Bangladesh,16651,7326,957,5128,2928,232,80
2009,Barbados,603,140,47,411,3,0,2
2009,Belarus,2407,55,205,744,664,623,116
2009,Belgium,686,16,291,323,42,13,1
2009,Belize,1041,244,42,742,3,3,7
2009,Benin,401,,16,170,161,50,
2009,Bermuda,108,3,21,83,0,0,1
2009,Bhutan,594,0,9,14,6,565,0
2009,Bolivia,2837,332,563,1715,46,169,12
2009,Bosnia-Herzegovina,1501,20,98,728,53,596,6
2009,Botswana,55,3,10,31,5,6,0
2009,Brazil,14701,262,3292,10658,6,422,61
2009,British Virgin Islands,46,20,4,21,0,0,1
2009,Brunei,26,3,12,8,,,0
2009,Bulgaria,3133,84,444,1625,765,200,15
2009,Burkina Faso,416,4,20,224,94,68,6
2009,Burma,13621,399,111,628,258,12221,4
2009,Burundi,1505,0,5,33,20,1442,5
2009,Cambodia,3771,383,63,3063,72,166,24
2009,Cameroon,3463,54,122,973,1386,912,16
2009,Canada,16140,635,6927,8203,67,38,270
2009,Cape Verde,2238,880,17,1327,8,3,3
2009,Cayman Islands,45,,7,32,,,0
2009,Central African Republic,107,0,,20,,84,0
2009,Chad,102,0,4,24,12,61,1
2009,Chile,2250,144,435,1531,19,112,9
2009,"China, People's Republic",64238,11013,11295,23244,28,18486,172
2009,Colombia,27849,3127,2850,17551,10,4227,84
2009,"Congo, Democratic Republic",2122,17,34,99,419,1550,3
2009,"Congo, Republic",1563,20,26,198,300,1013,6
2009,Costa Rica,2384,134,227,1918,,95,
2009,Cote d'Ivoire,2159,46,47,656,207,1120,83
2009,Croatia,496,11,105,263,33,81,3
2009,Cuba,38954,1022,13,3385,183,34301,50
2009,Cyprus,142,10,55,69,,,0
2009,Czech Republic,146,8,55,60,15,4,4
2009,Czechoslovakia (former),865,14,125,691,20,13,2
2009,Denmark,603,8,304,270,17,,
2009,Djibouti,54,,,24,,14,0
2009,Dominica,484,88,,383,9,,1
2009,Dominican Republic,49414,20611,408,28212,16,135,32
2009,Ecuador,12128,3098,1339,7349,18,250,74
2009,Egypt,8844,668,755,3175,3336,867,43
2009,El Salvador,19909,6823,836,8628,0,705,2917
2009,Equatorial Guinea,32,0,,,0,23,0
2009,Eritrea,1928,57,63,365,293,1146,4
2009,Estonia,282,15,32,172,18,39,6
2009,Ethiopia,15462,560,169,6503,3829,4382,19
2009,Fiji,1194,222,21,532,282,134,3
2009,Finland,423,8,174,218,18,4,1
2009,France,4491,89,2061,2043,241,43,14
2009,French Guiana,18,,,12,0,0,0
2009,French Polynesia,30,0,3,27,0,0,0
2009,Gabon,171,0,10,84,8,69,0
2009,Gambia,978,26,37,656,13,195,51
2009,Georgia,1578,19,135,755,306,348,15
2009,Germany,7583,185,2251,4118,908,89,32
2009,Ghana,8401,404,369,5455,1819,342,12
2009,Greece,798,28,169,506,71,18,6
2009,Grenada,748,157,28,559,,,
2009,Guadeloupe,32,,,23,,0,0
2009,Guatemala,12187,2791,700,5587,0,1002,2107
2009,Guinea,1725,15,32,424,100,1099,55
2009,Guinea-Bissau,20,0,0,17,0,3,0
2009,Guyana,6670,3298,161,3140,24,28,19
2009,Haiti,24280,7133,149,11021,0,5402,575
2009,Honduras,6404,1772,463,3737,12,245,175
2009,Hong Kong,2651,1101,657,842,37,7,7
2009,Hungary,1314,29,244,912,108,12,9
2009,Iceland,131,,56,70,,0,0
2009,India,57304,12911,20264,21532,63,2228,306
2009,Indonesia,3679,189,626,1627,111,1086,40
2009,Iran,18553,2410,1200,4054,1057,9804,28
2009,Iraq,12110,488,2347,1251,64,7948,12
2009,Ireland,1637,10,494,1066,53,3,11
2009,Israel,5612,216,2034,3169,84,87,22
2009,Italy,2892,111,845,1699,167,54,16
2009,Jamaica,21783,4833,593,16290,6,24,37
2009,Japan,7690,105,2502,4832,217,18,16
2009,Jordan,4282,1077,178,2728,51,228,20
2009,Kazakhstan,1562,22,129,907,159,269,76
2009,Kenya,9880,190,521,3146,2324,3677,22
2009,Kiribati,10,0,0,6,4,0,0
2009,"Korea, North",67,,,21,0,42,0
2009,"Korea, South",25859,1660,14147,9990,7,12,43
2009,Kuwait,1124,278,165,526,37,116,2
2009,Kyrgyzstan,574,5,26,247,126,128,42
2009,Laos,1688,80,69,1108,,427,
2009,Latvia,444,7,39,306,30,51,11
2009,Lebanon,3831,977,574,2056,82,137,5
2009,Lesotho,14,0,,,0,0,1
2009,Liberia,7641,210,57,1058,751,5524,41
2009,Libya,296,16,34,189,32,23,2
2009,Lithuania,1069,30,102,808,96,26,7
2009,Luxembourg,30,,18,9,0,0,
2009,Macau,158,93,22,40,,,0
2009,Macedonia,1128,148,65,660,192,55,8
2009,Madagascar,71,,11,39,12,,0
2009,Malawi,164,5,20,119,13,6,1
2009,Malaysia,2014,99,751,850,24,287,3
2009,Mali,576,6,20,338,36,110,66
2009,Malta,58,3,16,36,0,3,0
2009,Marshall Islands,48,3,7,38,0,0,0
2009,Martinique,24,7,9,8,0,0,0
2009,Mauritania,597,,5,76,,506,4
2009,Mauritius,110,9,40,47,9,5,0
2009,Mexico,164920,57177,8660,96187,12,466,2418
2009,"Micronesia, Federated States",16,0,6,10,0,0,0
2009,Moldova,2295,34,93,582,240,969,377
2009,Mongolia,831,,88,357,146,233,
2009,Montserrat,43,,,28,0,0,0
2009,Morocco,5447,226,258,2834,2100,21,8
2009,Mozambique,66,,22,38,,,2
2009,Namibia,53,0,11,31,0,11,0
2009,Nepal,4514,145,751,1013,1778,812,15
2009,Netherlands,1499,42,607,750,87,6,7
2009,Netherlands Antilles,97,13,9,69,6,0,0
2009,New Caledonia,13,0,0,13,0,0,0
2009,New Zealand,947,22,264,585,72,,
2009,Nicaragua,4137,874,73,2816,20,192,162
2009,Niger,183,3,5,156,14,5,0
2009,Nigeria,15253,1394,793,9086,3720,215,45
2009,Norway,407,7,114,267,15,,
2009,Oman,74,3,26,26,16,3,0
2009,Pakistan,21555,8694,3184,8800,14,808,55
2009,Palau,16,,,,0,0,0
2009,Panama,1806,252,96,1390,9,54,5
2009,Papua New Guinea,19,0,,14,,0,0
2009,Paraguay,530,28,76,402,3,19,2
2009,Peru,16957,2714,1361,11900,5,887,90
2009,Philippines,60029,14286,8516,37037,4,108,78
2009,Poland,8754,1619,1351,5688,11,30,55
2009,Portugal,946,80,147,694,12,7,6
2009,Qatar,134,17,28,72,3,14,0
2009,Romania,4910,250,962,3163,389,126,20
2009,Russia,8238,220,1916,3596,208,2214,84
2009,Rwanda,952,0,5,53,29,865,0
2009,Saint Kitts-Nevis,310,101,,194,,0,0
2009,Saint Lucia,1027,172,29,821,4,0,1
2009,Saint Vincent and the Grenadines,591,126,,448,,0,0
2009,Samoa,250,19,5,219,6,0,1
2009,Sao Tome and Principe,11,,0,7,0,,0
2009,Saudi Arabia,1418,279,226,687,104,117,5
2009,Senegal,1524,68,78,1055,129,162,32
2009,Serbia and Montenegro,3166,132,255,1782,297,684,16
2009,Seychelles,10,0,,6,,,0
2009,Sierra Leone,2687,90,26,905,499,1147,20
2009,Singapore,832,42,426,339,15,6,4
2009,Slovakia,706,20,184,447,49,3,3
2009,Slovenia,108,0,20,76,5,6,1
2009,Somalia,13390,30,11,665,42,12628,14
2009,South Africa,3171,71,1307,1497,272,14,10
2009,Soviet Union (former),5911,62,232,4909,10,413,285
2009,Spain,1769,26,598,995,60,86,4
2009,Sri Lanka,2009,128,506,576,524,271,4
2009,Sudan,3577,31,28,685,443,2380,10
2009,Suriname,227,52,,142,0,,1
2009,Swaziland,42,,8,29,,,0
2009,Sweden,1138,29,403,647,47,9,3
2009,Switzerland,798,21,335,346,81,10,5
2009,Syria,2442,652,372,1213,25,173,7
2009,Taiwan,8038,1884,2519,3372,251,5,7
2009,Tajikistan,265,6,14,110,79,45,11
2009,Tanzania,2773,78,120,473,90,2008,4
2009,Thailand,10444,218,585,4733,49,4827,32
2009,Togo,1680,74,18,476,411,698,3
2009,Tonga,379,84,3,256,29,0,7
2009,Trinidad and Tobago,6256,1199,382,4562,66,15,32
2009,Tunisia,416,11,50,297,48,7,3
2009,Turkey,4958,163,1295,2325,1036,129,10
2009,Turkmenistan,290,,,104,71,87,1
2009,Turks and Caicos Islands,31,6,0,25,0,0,0
2009,Uganda,1364,72,114,553,158,461,6
2009,Ukraine,11223,306,808,4340,1579,2964,1226
2009,United Arab Emirates,697,150,185,250,55,53,4
2009,United Kingdom,15748,474,7044,8024,136,14,56
2009,United States,181,14,23,104,4,14,22
2009,Uruguay,1775,50,196,1363,3,161,2
2009,Uzbekistan,5467,41,118,835,2492,1951,30
2009,Venezuela,11154,395,2915,5435,227,2152,30
2009,Vietnam,29234,12748,,13038,,2535,498
2009,Yemen,3134,363,28,2510,40,186,7
2009,Zambia,704,22,86,474,44,70,8
2009,Zimbabwe,983,13,217,467,66,210,10
2010,Afghanistan,2017,260,46,961,54,519,177
2010,Albania,4711,315,91,2031,1638,629,7
2010,Algeria,1305,31,53,441,743,32,5
2010,American Samoa,14,0,0,,,0,0
2010,Angola,148,14,14,77,13,30,0
2010,Anguilla,19,4,0,15,0,0,0
2010,Antigua-Barbuda,359,107,12,234,5,0,1
2010,Argentina,4399,188,1336,2509,77,241,48
2010,Armenia,2979,175,149,951,1018,654,32
2010,Aruba,49,,7,36,0,,1
2010,Australia,2512,58,735,1454,246,3,16
2010,Austria,442,23,127,221,58,6,7
2010,Azerbaijan,781,55,44,324,211,135,12
2010,Bahamas,652,85,41,488,13,7,18
2010,Bahrain,104,16,42,42,,,1
2010,Bangladesh,14819,6006,827,4935,2800,171,80
2010,Barbados,465,111,48,285,16,,
2010,Belarus,2038,69,162,697,725,291,94
2010,Belgium,592,17,262,253,49,9,2
2010,Belize,965,212,46,687,7,4,9
2010,Benin,486,3,19,175,222,64,3
2010,Bermuda,72,6,7,59,0,0,0
2010,Bhutan,6109,,6,28,,6071,0
2010,Bolivia,2253,267,484,1307,68,107,20
2010,Bosnia-Herzegovina,946,23,41,623,32,227,0
2010,Botswana,66,,17,27,,13,0
2010,Brazil,12258,305,3208,8291,10,334,110
2010,British Virgin Islands,46,14,3,29,0,0,0
2010,Brunei,20,,6,9,0,,0
2010,Bulgaria,2570,125,344,1398,560,126,17
2010,Burkina Faso,377,13,12,202,90,52,8
2010,Burma,12925,459,86,604,329,11445,2
2010,Burundi,841,3,15,22,34,765,2
2010,Cambodia,2986,418,59,2266,115,113,15
2010,Cameroon,4161,106,83,1075,1548,1339,10
2010,Canada,13328,628,5731,6659,80,35,195
2010,Cape Verde,1668,737,20,903,3,0,5
2010,Cayman Islands,52,8,3,41,0,0,0
2010,Central African Republic,101,,0,23,,72,0
2010,Chad,120,,,21,10,78,8
2010,Chile,1950,199,390,1253,10,75,23
2010,"China, People's Republic",70863,13610,17949,24198,23,14943,140
2010,Colombia,22406,3297,2374,14113,9,2516,97
2010,"Congo, Democratic Republic",1764,12,25,142,549,1033,3
2010,"Congo, Republic",968,12,26,194,218,510,8
2010,Costa Rica,2164,166,299,1611,17,53,18
2010,Cote d'Ivoire,1621,37,60,527,269,671,57
2010,Croatia,357,23,73,215,25,19,2
2010,Cuba,33573,455,8,3153,125,29804,28
2010,Cyprus,122,4,32,69,14,,
2010,Czech Republic,190,6,81,75,28,0,0
2010,Czechoslovakia (former),750,9,153,562,11,13,2
2010,Denmark,518,14,224,247,29,0,4
2010,Djibouti,37,0,,26,,6,0
2010,Dominica,366,76,3,287,0,0,0
2010,Dominican Republic,53870,31089,396,22218,16,72,79
2010,Ecuador,11492,3382,1674,6173,0,113,150
2010,Egypt,8978,786,802,3321,3447,593,29
2010,El Salvador,18806,7315,1107,7649,,,2279
2010,Equatorial Guinea,12,0,0,,0,,0
2010,Eritrea,1656,52,45,391,386,781,1
2010,Estonia,260,11,35,182,11,18,3
2010,Ethiopia,14266,702,184,6709,3987,2664,20
2010,Fiji,1201,375,33,506,233,49,5
2010,Finland,397,11,172,176,33,,
2010,France,3861,101,1738,1703,273,25,21
2010,French Polynesia,16,0,,,0,0,0
2010,Gabon,138,,,84,11,37,0
2010,Gambia,859,47,26,557,29,148,52
2010,Georgia,1518,28,111,810,458,101,10
2010,Germany,6888,162,2106,3615,919,46,40
2010,Ghana,7429,527,265,4393,2086,135,23
2010,Greece,745,40,153,466,70,11,5
2010,Grenada,664,163,28,465,3,0,5
2010,Guadeloupe,34,,,18,0,0,0
2010,Guatemala,10467,2662,1095,4094,,644,
2010,Guinea,1379,15,23,400,111,767,63
2010,Guinea-Bissau,30,,,23,0,4,0
2010,Guyana,6749,3706,160,2824,23,14,22
2010,Haiti,22582,8492,179,10665,4,2817,425
2010,Honduras,6448,1749,626,3727,21,151,174
2010,Hong Kong,2432,1196,464,731,30,7,4
2010,Hungary,1022,36,180,705,81,13,7
2010,Iceland,105,,,53,32,0,0
2010,India,69162,14636,31118,21831,58,1324,195
2010,Indonesia,3032,306,515,1461,138,573,39
2010,Iran,14182,2731,1084,4142,1469,4735,21
2010,Iraq,19855,369,124,973,32,15855,2502
2010,Ireland,1507,8,436,986,68,,
2010,Israel,4515,225,1584,2521,106,46,33
2010,Italy,2579,104,856,1413,175,27,4
2010,Jamaica,19825,5386,562,13781,,46,
2010,Japan,6264,120,1973,3916,218,12,25
2010,Jordan,3868,1019,227,2163,63,372,24
2010,Kazakhstan,1282,41,108,752,191,132,58
2010,Kenya,7421,254,391,3048,2279,1416,33
2010,"Korea, North",35,,,,0,20,0
2010,"Korea, South",22227,2351,11642,8128,6,7,93
2010,Kosovo,355,,,241,45,44,0
2010,Kuwait,1037,247,150,450,53,133,4
2010,Kyrgyzstan,507,24,27,248,129,51,28
2010,Laos,1200,113,59,847,4,172,5
2010,Latvia,435,22,47,306,31,21,8
2010,Lebanon,3487,916,497,1843,46,173,12
2010,Lesotho,23,,,17,,0,0
2010,Liberia,4837,190,37,1174,762,2658,16
2010,Libya,355,34,32,190,73,26,0
2010,Lithuania,985,72,86,678,130,7,12
2010,Luxembourg,22,,11,8,0,,0
2010,Macau,143,84,18,34,7,0,0
2010,Macedonia,963,151,46,576,148,34,8
2010,Madagascar,80,,24,36,17,,0
2010,Malawi,164,11,18,118,11,3,3
2010,Malaysia,1714,149,508,704,40,301,12
2010,Mali,528,13,33,303,26,102,51
2010,Malta,74,3,17,19,4,31,0
2010,Marshall Islands,37,0,,,0,0,0
2010,Martinique,15,0,,9,,0,0
2010,Mauritania,495,4,20,57,7,406,1
2010,Mauritius,84,8,19,32,20,5,0
2010,Mexico,139120,34114,11535,88572,10,397,4492
2010,"Micronesia, Federated States",10,,,5,0,0,0
2010,Moldova,1981,46,89,607,379,511,349
2010,Monaco,12,0,4,8,0,0,0
2010,Mongolia,594,5,66,320,80,121,2
2010,Montenegro,120,24,4,76,9,7,0
2010,Montserrat,27,3,,20,,0,0
2010,Morocco,5013,292,188,2754,1753,7,19
2010,Mozambique,53,,9,39,,,0
2010,Namibia,60,,12,40,,4,0
2010,Nepal,7115,269,788,1312,1644,3093,9
2010,Netherlands,1321,56,576,584,92,5,8
2010,Netherlands Antilles,77,10,,48,0,,
2010,New Zealand,919,40,296,495,85,0,3
2010,Nicaragua,3565,984,86,2202,13,121,159
2010,Niger,96,0,,88,,0,0
2010,Nigeria,13376,1412,845,7961,2937,168,53
2010,Norway,334,,77,235,16,,2
2010,Oman,63,14,23,22,,,0
2010,Pakistan,18258,6247,2896,8522,14,507,72
2010,Palau,18,0,3,12,3,0,0
2010,Panama,1536,221,120,1148,16,26,5
2010,Papua New Guinea,30,0,4,13,13,0,0
2010,Paraguay,467,26,110,303,12,13,3
2010,Peru,14247,2926,1198,9403,5,523,192
2010,Philippines,58173,17849,6423,33746,14,55,86
2010,Poland,7643,1510,1396,4658,11,21,47
2010,Portugal,755,63,162,509,8,,
2010,Qatar,148,28,36,63,11,6,4
2010,Romania,4003,326,777,2457,357,74,12
2010,Russia,6718,324,1489,3157,857,813,78
2010,Rwanda,489,0,12,89,44,340,4
2010,Saint Kitts-Nevis,339,155,7,170,,0,
2010,Saint Lucia,872,164,30,670,4,,
2010,Saint Vincent and the Grenadines,576,122,17,423,5,0,9
2010,Samoa,219,20,5,185,7,0,2
2010,Sao Tome and Principe,10,,0,,0,,0
2010,Saudi Arabia,1263,279,171,623,95,82,13
2010,Senegal,1285,65,82,868,142,89,39
2010,Serbia,20,,5,12,,0,0
2010,Serbia and Montenegro,2196,110,173,1266,190,449,8
2010,Sierra Leone,2011,104,62,929,415,484,17
2010,Singapore,774,65,377,289,14,18,11
2010,Slovakia,538,15,149,333,37,3,1
2010,Slovenia,74,,14,53,,,0
2010,Somalia,4558,35,10,725,59,3715,14
2010,South Africa,2758,82,1107,1277,267,11,14
2010,Soviet Union (former),4978,62,195,4087,82,339,213
2010,Spain,1684,49,570,897,85,66,17
2010,Sri Lanka,2036,195,530,645,394,258,14
2010,Sudan,2397,52,29,778,480,1049,9
2010,Suriname,216,59,19,127,4,,
2010,Swaziland,22,,,17,,,0
2010,Sweden,1097,26,416,581,61,3,10
2010,Switzerland,675,16,281,293,75,,
2010,Syria,2555,797,258,1215,44,230,11
2010,Taiwan,6732,1729,2090,2691,196,6,20
2010,Tajikistan,299,18,22,106,116,36,1
2010,Tanzania,1850,77,134,525,76,1036,2
2010,Thailand,9384,345,530,4126,43,4276,64
2010,Togo,1563,71,23,624,467,376,2
2010,Tonga,343,85,4,226,20,0,8
2010,Trinidad and Tobago,5435,1022,400,3882,91,9,31
2010,Tunisia,418,17,41,299,57,4,0
2010,Turkey,4483,174,1081,2037,1053,119,19
2010,Turkmenistan,224,6,7,81,71,58,1
2010,Turks and Caicos Islands,29,5,5,18,0,0,1
2010,Uganda,1085,61,94,502,134,289,5
2010,Ukraine,8477,410,643,4095,1758,850,721
2010,United Arab Emirates,779,174,205,296,44,41,19
2010,United Kingdom,12792,538,5575,6438,155,22,64
2010,United States,201,10,20,142,5,11,13
2010,Uruguay,1331,45,202,948,8,111,17
2010,Uzbekistan,4770,102,105,824,3279,418,42
2010,Venezuela,9409,550,2769,4323,415,1314,38
2010,Vietnam,30632,18027,360,11091,0,1032,122
2010,Yemen,3591,583,47,2750,45,156,10
2010,Zambia,628,21,84,385,30,97,11
2010,Zimbabwe,1274,24,209,429,58,547,7
2011,Afghanistan,1648,171,34,754,36,501,152
2011,Albania,3612,293,94,1884,913,415,13
2011,Algeria,1364,60,48,419,792,36,9
2011,Angola,148,17,7,91,10,22,1
2011,Anguilla,25,9,6,10,0,0,0
2011,Antigua-Barbuda,368,129,14,221,,,2
2011,Argentina,4473,215,1210,2675,53,258,62
2011,Armenia,2983,219,117,905,954,767,21
2011,Aruba,39,,4,31,,0,0
2011,Australia,2343,58,564,1454,254,4,9
2011,Austria,424,20,139,205,51,6,3
2011,Azerbaijan,728,56,45,276,208,133,10
2011,Bahamas,668,81,49,517,3,6,12
2011,Bahrain,119,30,33,50,,,1
2011,Bangladesh,16707,7821,648,4988,3049,117,84
2011,Barbados,455,116,52,272,,,6
2011,Belarus,1964,72,197,671,622,356,46
2011,Belgium,567,21,197,284,42,14,9
2011,Belize,905,247,37,591,8,7,15
2011,Benin,462,14,16,171,236,23,2
2011,Bermuda,71,3,7,60,0,0,1
2011,Bhutan,10137,0,,10,,10119,3
2011,Bolivia,2173,373,320,1294,45,105,36
2011,Bosnia-Herzegovina,878,23,41,521,40,251,2
2011,Botswana,76,7,9,51,6,3,0
2011,Brazil,11763,516,2386,8417,12,330,102
2011,British Virgin Islands,37,19,0,18,0,0,0
2011,Brunei,25,,11,,,0,0
2011,Bulgaria,2661,119,335,1476,623,87,21
2011,Burkina Faso,433,10,27,216,90,77,13
2011,Burma,16518,634,76,699,275,14833,1
2011,Burundi,593,,,33,17,536,0
2011,Cambodia,2745,456,49,1993,176,62,9
2011,Cameroon,4754,210,68,1131,1683,1653,9
2011,Canada,12800,637,5157,6582,83,41,300
2011,Cape Verde,1808,886,9,905,,,3
2011,Cayman Islands,41,8,,28,0,,2
2011,Central African Republic,134,,,23,7,99,0
2011,Chad,171,,,38,7,120,0
2011,Chile,1853,180,335,1228,16,59,35
2011,"China, People's Republic",87016,17840,17544,24374,25,27097,136
2011,Colombia,22635,4731,1830,14024,8,1920,122
2011,"Congo, Democratic Republic",2424,39,23,192,721,1446,3
2011,"Congo, Republic",1371,30,14,218,455,651,3
2011,Costa Rica,2135,237,161,1645,11,62,19
2011,Cote d'Ivoire,1302,60,43,508,194,437,60
2011,Croatia,349,13,64,223,25,20,4
2011,Cuba,36452,680,8,2404,208,33129,23
2011,Cyprus,101,,37,54,5,,0
2011,Czech Republic,303,8,82,175,30,3,5
2011,Czechoslovakia (former),466,8,72,372,9,4,1
2011,Denmark,459,7,191,240,17,0,4
2011,Djibouti,56,0,3,26,14,13,0
2011,Dominica,287,82,,200,,0,1
2011,Dominican Republic,46109,24539,333,21063,10,85,79
2011,Ecuador,11103,3960,1076,5743,0,146,178
2011,Egypt,7778,765,651,2771,2822,746,23
2011,El Salvador,18667,8159,572,7359,0,431,2146
2011,Equatorial Guinea,13,0,0,8,,,0
2011,Eritrea,2102,97,25,344,290,1346,0
2011,Estonia,191,10,18,137,15,10,1
2011,Ethiopia,13793,1202,174,5496,3546,3352,23
2011,Fiji,1041,370,26,424,172,45,4
2011,Finland,363,5,159,154,42,0,3
2011,France,3653,139,1409,1790,262,27,26
2011,French Polynesia,21,3,3,15,0,0,0
2011,Gabon,204,7,4,85,13,95,0
2011,Gambia,972,74,24,600,17,210,47
2011,Georgia,1490,36,85,773,453,130,13
2011,Germany,6125,170,1543,3529,795,49,39
2011,Ghana,8798,871,264,4379,3166,97,21
2011,Greece,949,63,194,613,58,15,6
2011,Grenada,579,173,15,378,4,4,5
2011,Guatemala,11092,3739,,4215,,794,1748
2011,Guinea,1555,89,28,421,246,719,52
2011,Guinea-Bissau,29,3,3,17,0,6,0
2011,Guyana,6599,3753,158,2628,27,11,22
2011,Haiti,22111,8102,,11056,,2388,452
2011,Honduras,6133,1879,483,3261,23,220,267
2011,Hong Kong,2306,1199,460,614,23,3,7
2011,Hungary,1044,35,204,694,98,9,4
2011,Iceland,90,0,26,56,6,0,2
2011,India,69013,13527,33587,20472,51,1217,159
2011,Indonesia,2856,301,506,1444,81,489,35
2011,Iran,14822,2711,1151,3779,1783,5386,12
2011,Iraq,21133,292,107,826,43,19104,761
2011,Ireland,1371,20,374,877,94,4,2
2011,Israel,3826,206,1165,2272,97,64,22
2011,Italy,2443,103,631,1465,194,40,10
2011,Jamaica,19662,6074,602,12882,,,58
2011,Japan,6161,166,2012,3760,180,11,32
2011,Jordan,3876,1068,194,2055,54,489,16
2011,Kazakhstan,1235,65,104,657,220,149,40
2011,Kenya,7762,312,363,2936,2154,1961,36
2011,"Korea, North",36,0,5,14,0,17,0
2011,"Korea, South",22824,2503,12593,7637,10,10,71
2011,Kosovo,670,54,16,395,78,126,1
2011,Kuwait,973,212,152,396,26,180,7
2011,Kyrgyzstan,542,20,25,232,141,108,16
2011,Laos,956,84,21,740,0,107,4
2011,Latvia,426,18,26,319,41,17,5
2011,Lebanon,3295,901,450,1578,42,316,8
2011,Lesotho,25,,3,17,,0,0
2011,Liberia,4151,397,43,1186,900,1615,10
2011,Libya,357,19,39,234,41,23,1
2011,Lithuania,936,47,65,665,149,8,2
2011,Luxembourg,24,,7,12,,0,0
2011,Macau,130,86,14,26,,,1
2011,Macedonia,1078,210,52,588,183,35,10
2011,Madagascar,83,6,17,37,12,11,0
2011,Malawi,123,13,14,78,13,4,1
2011,Malaysia,2273,178,593,744,39,707,12
2011,Mali,629,27,48,329,45,138,42
2011,Malta,51,,,16,0,19,0
2011,Marshall Islands,38,0,,,0,0,0
2011,Mauritania,393,24,5,63,6,294,1
2011,Mauritius,101,,28,44,19,,0
2011,Mexico,143446,43631,9164,84280,12,605,5754
2011,Moldova,2258,57,80,674,507,601,339
2011,Mongolia,774,17,131,296,144,178,8
2011,Montenegro,204,46,7,118,3,30,0
2011,Montserrat,30,,,19,0,0,3
2011,Morocco,4399,335,139,2469,1421,16,19
2011,Mozambique,60,,7,38,,8,0
2011,Namibia,43,0,7,29,3,3,1
2011,Nepal,10166,381,1148,1522,1801,5299,15
2011,Netherlands,1085,,426,554,61,,7
2011,Netherlands Antilles,86,9,11,62,4,0,0
2011,New Zealand,803,36,195,459,108,0,5
2011,Nicaragua,3401,960,44,2122,24,141,110
2011,Niger,96,3,0,84,9,0,0
2011,Nigeria,11824,1415,639,6955,2672,101,42
2011,Norway,339,18,76,220,21,4,0
2011,Oman,60,13,27,13,4,3,0
2011,Pakistan,15546,5555,2544,6866,6,512,63
2011,Panama,1374,266,94,962,6,34,12
2011,Papua New Guinea,20,,3,14,,0,0
2011,Paraguay,500,53,42,368,6,24,7
2011,Peru,14064,3616,998,8786,4,509,151
2011,Philippines,57011,20191,7398,29279,5,46,92
2011,Poland,6863,1646,970,4174,17,20,36
2011,Portugal,821,83,115,598,13,3,9
2011,Qatar,193,50,40,73,22,7,1
2011,Romania,3882,287,661,2437,428,59,10
2011,Russia,7944,372,1331,3922,1365,892,62
2011,Rwanda,520,,,104,67,335,3
2011,Saint Kitts-Nevis,350,178,,159,,0,1
2011,Saint Lucia,785,184,16,575,7,0,3
2011,Saint Vincent and the Grenadines,468,120,10,329,5,0,4
2011,Samoa,267,19,,243,,0,0
2011,Saudi Arabia,1396,269,208,689,115,109,6
2011,Senegal,1424,125,94,949,111,109,36
2011,Serbia,244,,80,136,,17,0
2011,Serbia and Montenegro,1398,78,114,836,129,226,15
2011,Seychelles,15,5,3,7,0,0,0
2011,Sierra Leone,1985,173,51,1059,321,364,17
2011,Singapore,690,42,359,255,9,15,10
2011,Slovakia,594,25,149,382,36,0,2
2011,Slovenia,69,,18,45,,3,1
2011,Somalia,4451,47,19,697,56,3622,10
2011,South Africa,2649,112,879,1281,306,51,20
2011,Soviet Union (former),3687,60,141,2905,59,395,127
2011,Spain,1890,87,568,1013,85,124,13
2011,Sri Lanka,2053,225,513,515,378,418,4
2011,Sudan,2628,73,35,642,445,1428,5
2011,Suriname,196,48,20,117,0,3,8
2011,Swaziland,19,0,,14,,,0
2011,Sweden,979,26,327,561,48,9,8
2011,Switzerland,615,13,220,301,67,7,7
2011,Syria,2785,879,277,1196,48,378,7
2011,Taiwan,6154,1392,2163,2363,,,10
2011,Tajikistan,382,9,26,137,171,34,5
2011,Tanzania,1427,83,82,479,55,724,4
2011,Thailand,9962,426,474,3658,35,5247,122
2011,Togo,1506,112,20,586,474,312,2
2011,Tonga,408,108,,281,,0,4
2011,Trinidad and Tobago,5023,1071,365,3453,58,9,67
2011,Tunisia,440,18,66,294,49,12,1
2011,Turkey,4403,199,1093,2015,914,165,17
2011,Turkmenistan,260,10,19,89,84,58,0
2011,Turks and Caicos Islands,33,12,0,20,0,0,1
2011,Uganda,1239,91,83,604,161,284,16
2011,Ukraine,8292,603,589,4118,1651,833,498
2011,United Arab Emirates,707,168,161,258,44,64,12
2011,United Kingdom,11572,630,4560,6143,162,20,57
2011,United States,269,18,21,194,,,19
2011,Uruguay,1553,51,139,1172,7,155,29
2011,Uzbekistan,5056,135,103,749,3550,472,47
2011,Venezuela,9183,741,2148,4481,427,1348,38
2011,Vietnam,34157,19491,333,12551,4,1703,75
2011,Yemen,3361,823,40,2260,38,199,1
2011,Zambia,652,31,81,405,38,93,4
2011,Zimbabwe,1016,54,130,410,88,318,16
2012,Afghanistan,1617,195,29,729,19,503,142
2012,Albania,3364,231,75,2217,542,291,8
2012,Algeria,1369,48,57,539,688,33,4
2012,Angola,187,22,5,114,14,32,0
2012,Anguilla,23,11,,,0,0,0
2012,Antigua-Barbuda,337,100,15,222,0,0,0
2012,Argentina,4359,176,1204,2648,45,261,25
2012,Armenia,2681,132,145,1158,710,521,15
2012,Aruba,54,6,21,27,0,0,0
2012,Australia,2414,42,805,1311,246,0,10
2012,Austria,407,15,140,213,33,,
2012,Azerbaijan,663,72,44,299,140,101,7
2012,Bahamas,619,57,40,504,,,9
2012,Bahrain,104,16,28,51,4,5,0
2012,Bangladesh,14705,7357,549,5758,827,149,65
2012,Barbados,460,94,48,311,3,,
2012,Belarus,1659,76,143,695,416,300,29
2012,Belgium,574,19,237,256,48,11,3
2012,Belize,847,204,32,601,,,6
2012,Benin,415,7,,229,154,18,
2012,Bermuda,85,,20,52,0,0,
2012,Bhutan,10198,0,4,19,4,10171,0
2012,Bolivia,1948,238,286,1290,19,104,11
2012,Bosnia-Herzegovina,815,22,58,536,32,167,0
2012,Botswana,80,,21,35,4,15,
2012,Brazil,11441,329,2615,8167,11,235,84
2012,British Virgin Islands,39,12,0,24,0,0,3
2012,Brunei,19,,14,,0,0,0
2012,Bulgaria,2440,80,322,1520,447,63,8
2012,Burkina Faso,558,13,15,292,101,131,6
2012,Burma,17383,392,85,789,234,15883,0
2012,Burundi,535,,7,39,20,465,
2012,Cambodia,2473,382,34,1807,171,68,11
2012,Cameroon,3815,159,92,1175,1234,1150,5
2012,Canada,12932,561,5429,6571,64,30,277
2012,Cape Verde,1684,711,5,959,6,,
2012,Cayman Islands,44,10,3,31,0,0,0
2012,Central African Republic,116,,,11,3,97,0
2012,Chad,155,8,0,19,6,122,0
2012,Chile,1673,109,329,1151,7,59,18
2012,"China, People's Republic",81784,17789,19930,25714,44,18167,140
2012,Colombia,20931,3085,1964,14332,7,1464,79
2012,Comoros,10,0,0,10,0,0,0
2012,"Congo, Democratic Republic",3731,58,,370,813,2462,
2012,"Congo, Republic",1461,60,17,203,722,454,5
2012,Costa Rica,2020,87,185,1685,3,47,13
2012,Cote d'Ivoire,1760,96,70,737,332,478,47
2012,Croatia,336,,63,219,25,22,
2012,Cuba,32820,971,13,3402,74,28346,14
2012,Cyprus,107,9,27,61,7,3,0
2012,Czech Republic,677,13,110,519,17,7,11
2012,Czechoslovakia (former),159,8,33,113,,,0
2012,Denmark,459,7,218,208,22,,
2012,Djibouti,106,3,0,23,10,70,0
2012,Dominica,125,44,5,71,,0,
2012,Dominican Republic,41566,19427,377,21629,3,61,69
2012,Ecuador,9342,2487,882,5667,,,178
2012,Egypt,8988,843,608,4321,2254,934,28
2012,El Salvador,16256,5890,653,7326,0,442,1945
2012,Equatorial Guinea,20,0,,11,0,,0
2012,Eritrea,2643,97,38,485,201,1820,2
2012,Estonia,227,5,27,165,15,10,5
2012,Ethiopia,14544,1193,178,6768,1718,4669,18
2012,Fiji,853,236,,389,138,68,
2012,Finland,348,7,143,151,44,,
2012,France,3862,129,1650,1842,196,35,10
2012,French Polynesia,30,,,25,0,0,
2012,Gabon,197,3,5,107,13,69,0
2012,Gambia,1159,49,30,801,15,225,39
2012,Georgia,1341,43,82,819,270,114,13
2012,Germany,5812,148,1733,3256,595,49,31
2012,Ghana,10592,808,291,7159,2220,95,19
2012,Greece,1054,25,197,754,61,12,5
2012,Grenada,671,127,17,514,6,4,3
2012,Guatemala,10341,2991,739,4447,0,718,1446
2012,Guinea,1656,121,35,507,161,784,48
2012,Guinea-Bissau,47,,,36,,,0
2012,Guyana,5683,2808,132,2704,6,8,25
2012,Haiti,22818,8447,,11495,,2348,395
2012,Honduras,6884,1850,486,4078,28,224,218
2012,Hong Kong,2104,892,575,613,16,3,5
2012,Hungary,1054,41,201,702,92,14,4
2012,Iceland,103,0,34,55,14,0,0
2012,India,66434,11433,33408,20497,27,895,174
2012,Indonesia,2603,243,508,1398,80,354,20
2012,Iran,12916,2463,953,3797,2262,3430,11
2012,Iraq,20369,292,94,872,47,15421,3643
2012,Ireland,1514,30,486,914,77,,
2012,Israel,4153,203,1508,2257,88,72,25
2012,Italy,2673,118,829,1502,160,53,11
2012,Jamaica,20705,5818,589,14193,3,57,45
2012,Japan,6061,138,2095,3604,204,8,12
2012,Jordan,4099,1190,197,2276,88,318,30
2012,Kazakhstan,1202,29,94,664,247,129,39
2012,Kenya,7043,278,416,2926,1331,2071,21
2012,"Korea, North",49,0,,,0,28,0
2012,"Korea, South",20846,1264,12000,7521,12,9,40
2012,Kosovo,782,66,,518,76,116,
2012,Kuwait,1044,224,179,427,32,175,7
2012,Kyrgyzstan,648,17,36,234,162,172,27
2012,Laos,949,69,28,644,0,208,0
2012,Latvia,436,19,33,324,39,16,5
2012,Lebanon,2879,764,387,1420,74,228,6
2012,Lesotho,17,0,0,12,,,
2012,Liberia,4109,364,42,1304,1003,1387,9
2012,Libya,315,,33,174,57,31,
2012,Lithuania,924,42,90,656,122,11,3
2012,Luxembourg,19,,6,10,,0,0
2012,Macau,120,65,17,33,5,0,0
2012,Macedonia,906,151,50,613,70,19,3
2012,Madagascar,79,,29,36,,,0
2012,Malawi,192,5,29,119,10,26,3
2012,Malaysia,2605,200,606,705,37,1051,6
2012,Mali,734,46,30,419,13,187,39
2012,Malta,62,,11,24,,23,
2012,Marshall Islands,50,0,,44,,,0
2012,Mauritania,410,36,7,90,10,263,4
2012,Mauritius,77,0,25,39,,,0
2012,Mexico,146406,41724,7858,92053,7,508,4256
2012,"Micronesia, Federated States",13,,,8,0,0,0
2012,Moldova,2021,43,73,691,560,445,209
2012,Mongolia,691,4,106,281,139,153,8
2012,Montenegro,265,31,3,202,3,26,0
2012,Montserrat,27,,,20,0,0,0
2012,Morocco,3656,315,118,2618,569,24,12
2012,Mozambique,94,,16,44,,28,0
2012,Namibia,59,0,7,43,,6,
2012,Nepal,11312,272,912,1766,2353,5987,22
2012,Netherlands,1091,30,483,514,51,5,8
2012,Netherlands Antilles,106,,24,61,0,0,
2012,New Zealand,814,26,216,484,83,,
2012,Nicaragua,3046,659,36,2129,6,125,91
2012,Niger,48,,,32,10,0,0
2012,Nigeria,13575,1544,768,8718,2352,153,40
2012,Norway,276,9,75,175,13,,
2012,Oman,74,17,35,16,,,0
2012,Pakistan,14740,4566,2217,7179,13,713,52
2012,Palau,10,0,0,,0,,0
2012,Panama,1281,205,80,965,3,23,5
2012,Papua New Guinea,21,4,,12,,,0
2012,Paraguay,467,23,57,352,8,21,6
2012,Peru,12609,2300,951,8915,,362,
2012,Philippines,57327,17735,9250,30229,10,31,72
2012,Poland,6300,985,1094,4154,8,23,36
2012,Portugal,811,66,158,562,15,4,6
2012,Qatar,141,20,24,49,27,18,3
2012,Romania,3748,222,603,2306,521,79,17
2012,Russia,9969,349,1153,6374,1149,811,133
2012,Rwanda,592,8,12,89,47,436,0
2012,Saint Kitts-Nevis,311,137,7,164,3,0,0
2012,Saint Lucia,919,175,32,703,,,5
2012,Saint Vincent and the Grenadines,503,120,15,364,,,
2012,Samoa,238,11,,222,,0,
2012,Sao Tome and Principe,12,,0,,0,0,0
2012,Saudi Arabia,1343,230,222,647,134,103,7
2012,Senegal,1615,151,71,1105,100,150,38
2012,Serbia,704,9,102,542,15,36,0
2012,Serbia and Montenegro,801,46,84,373,116,174,8
2012,Sierra Leone,1688,166,42,880,301,286,13
2012,Singapore,712,41,392,238,17,12,12
2012,Slovakia,528,33,129,342,18,,
2012,Slovenia,86,,21,59,,0,0
2012,Somalia,5204,100,15,894,38,4154,3
2012,South Africa,2781,67,1078,1230,268,125,13
2012,South Sudan,17,0,,,0,8,0
2012,Soviet Union (former),1296,14,144,731,13,381,13
2012,Spain,1842,75,635,910,69,138,15
2012,Sri Lanka,1994,165,482,608,280,454,5
2012,Sudan,2471,75,,978,447,943,
2012,Suriname,187,39,19,122,,,4
2012,Swaziland,24,3,3,15,,,0
2012,Sweden,968,25,356,530,42,11,4
2012,Switzerland,635,14,258,282,63,12,6
2012,Syria,3014,921,243,1410,67,367,6
2012,Taiwan,5331,1200,1850,2094,172,5,10
2012,Tajikistan,411,,23,167,143,62,
2012,Tanzania,1516,52,108,473,74,803,6
2012,Thailand,9459,303,390,3630,35,4935,166
2012,Togo,1756,106,18,793,545,289,5
2012,Tonga,276,48,,218,4,,3
2012,Trinidad and Tobago,5214,889,319,3911,,,47
2012,Tunisia,422,15,43,324,35,,
2012,Turkey,4162,120,1111,1899,844,172,16
2012,Turkmenistan,223,10,8,96,72,37,0
2012,Turks and Caicos Islands,30,3,3,24,0,0,0
2012,Uganda,1340,77,75,669,159,360,0
2012,Ukraine,7642,469,622,4043,1529,695,284
2012,United Arab Emirates,854,173,212,279,96,69,25
2012,United Kingdom,12014,474,5175,6148,132,21,64
2012,United States,279,,18,206,,14,31
2012,Uruguay,1374,35,145,1043,4,140,7
2012,Uzbekistan,4726,176,98,824,3062,531,35
2012,Venezuela,9387,549,2669,4157,446,1528,38
2012,Vietnam,28304,14309,330,12930,,620,
2012,Yemen,2620,592,26,1720,58,220,4
2012,Zambia,643,26,89,366,,125,
2012,Zimbabwe,914,,148,364,61,308,
2013,Afghanistan,2196,271,66,699,64,520,576
2013,Albania,3186,359,92,1565,938,227,5
2013,Algeria,1241,75,65,423,628,45,5
2013,Angola,143,23,6,69,14,31,0
2013,Anguilla,22,12,,,0,0,1
2013,Antigua-Barbuda,344,144,6,180,9,4,1
2013,Argentina,4372,314,1296,2414,38,245,65
2013,Armenia,2722,238,121,1165,803,387,8
2013,Aruba,45,6,10,29,0,0,0
2013,Australia,2759,56,868,1451,368,,
2013,Austria,415,13,143,209,38,5,7
2013,Azerbaijan,637,54,54,283,131,109,6
2013,Bahamas,630,73,61,458,15,13,10
2013,Bahrain,115,12,47,32,12,12,0
2013,Bangladesh,12099,6272,740,4701,92,245,49
2013,Barbados,428,140,,246,0,,0
2013,Belarus,1970,97,188,656,682,335,12
2013,Belgium,675,20,298,292,50,10,5
2013,Belize,946,299,53,561,10,8,15
2013,Benin,342,15,4,183,117,18,5
2013,Bermuda,88,13,17,55,0,0,3
2013,Bhutan,8954,5,9,24,4,8911,1
2013,Bolivia,2071,485,326,1129,30,72,29
2013,Bosnia-Herzegovina,697,37,61,449,39,111,0
2013,Botswana,53,,18,27,,5,0
2013,Brazil,11033,549,2801,7273,9,265,136
2013,British Virgin Islands,45,16,3,26,0,0,0
2013,Brunei,21,,13,4,,0,0
2013,Bulgaria,2844,122,404,1454,798,58,8
2013,Burkina Faso,585,20,24,288,115,134,4
2013,Burma,12565,476,101,687,190,11110,1
2013,Burundi,260,9,8,39,20,184,0
2013,Cambodia,2624,381,50,1782,340,60,11
2013,Cameroon,3908,253,119,1212,1153,1165,6
2013,Canada,13181,608,6120,6088,61,26,278
2013,Cape Verde,1673,871,8,787,3,0,4
2013,Cayman Islands,44,9,3,28,,,0
2013,Central African Republic,213,9,4,18,,179,
2013,Chad,111,7,,23,6,72,
2013,Chile,1736,208,381,1067,14,49,17
2013,"China, People's Republic",71798,13109,20245,24135,26,14146,137
2013,Colombia,21131,5322,1812,12709,8,1170,110
2013,"Congo, Democratic Republic",2792,68,35,421,1076,1190,2
2013,"Congo, Republic",1059,38,12,201,509,294,5
2013,Costa Rica,2114,249,211,1564,21,47,22
2013,Cote d'Ivoire,1486,131,62,642,235,379,37
2013,Croatia,353,16,78,219,16,23,1
2013,Cuba,32219,2492,12,3110,194,26407,4
2013,Cyprus,126,,54,58,7,,1
2013,Czech Republic,676,23,132,475,28,8,10
2013,Czechoslovakia (former),74,4,33,31,,0,
2013,Denmark,506,17,239,237,9,,
2013,Djibouti,90,,,20,7,58,0
2013,Dominica,244,155,6,76,6,0,1
2013,Dominican Republic,41311,22147,380,18568,26,90,100
2013,Ecuador,10591,4095,927,5173,,158,
2013,Egypt,10294,813,814,3218,3101,2321,27
2013,El Salvador,18260,8232,813,7449,0,425,1341
2013,Equatorial Guinea,18,,,12,0,3,0
2013,Eritrea,2138,139,31,501,163,1303,1
2013,Estonia,211,15,36,133,16,10,1
2013,Ethiopia,13097,1390,251,5331,2255,3858,12
2013,Fiji,895,225,29,375,226,36,4
2013,Finland,331,5,161,137,23,,
2013,France,4425,153,2086,1896,250,27,13
2013,Gabon,127,3,6,77,7,33,1
2013,Gambia,1018,76,24,644,4,237,33
2013,Georgia,1368,75,92,734,354,96,17
2013,Germany,6032,141,1927,3331,558,50,25
2013,Ghana,10265,1324,451,6407,1989,73,21
2013,Greece,1361,65,288,914,73,18,3
2013,Grenada,687,235,30,413,,,6
2013,Guatemala,10224,3700,778,3945,,734,
2013,Guinea,1518,77,25,423,174,780,39
2013,Guinea-Bissau,43,,4,29,5,,1
2013,Guyana,5897,3569,132,2164,12,9,11
2013,Haiti,20351,9908,113,8142,0,1997,191
2013,Honduras,8898,3133,623,4591,29,243,279
2013,Hong Kong,2226,768,738,671,31,12,6
2013,Hungary,1052,39,253,640,106,10,4
2013,Iceland,139,,77,49,10,0,
2013,India,68458,11943,35720,19756,39,754,246
2013,Indonesia,2731,265,657,1340,112,338,19
2013,Iran,12863,2272,1584,3054,3447,2481,25
2013,Iraq,9552,266,96,668,39,6804,1679
2013,Ireland,1626,36,614,920,50,,
2013,Israel,3996,212,1509,2078,124,38,35
2013,Italy,2960,111,1038,1564,168,69,10
2013,Jamaica,19400,6095,679,12510,,64,
2013,Japan,5925,140,2343,3115,294,10,23
2013,Jordan,4188,1255,282,2393,77,167,14
2013,Kazakhstan,1241,47,145,601,271,164,13
2013,Kenya,6123,379,586,2927,903,1307,21
2013,"Korea, North",48,7,17,12,0,12,0
2013,"Korea, South",23166,1795,14300,6978,16,19,58
2013,Kosovo,839,92,23,436,122,166,0
2013,Kuwait,937,207,214,371,74,66,5
2013,Kyrgyzstan,652,16,40,214,175,199,8
2013,Laos,923,88,26,681,,124,
2013,Latvia,424,23,53,287,45,11,5
2013,Lebanon,2783,777,455,1372,69,97,13
2013,Lesotho,20,0,5,9,,,0
2013,Liberia,3334,397,34,1238,896,761,8
2013,Libya,376,21,45,173,46,91,0
2013,Lithuania,854,58,88,553,138,14,3
2013,Luxembourg,40,,11,21,5,,0
2013,Macau,106,49,24,,,0,0
2013,Macedonia,895,113,57,560,128,32,5
2013,Madagascar,95,,21,49,18,,0
2013,Malawi,159,8,32,103,7,7,2
2013,Malaysia,2477,186,771,609,30,874,7
2013,Mali,667,39,25,369,17,182,35
2013,Malta,43,7,,22,,7,0
2013,Marshall Islands,46,0,,,0,0,0
2013,Mauritania,354,26,3,73,5,247,0
2013,Mauritius,83,6,29,40,,,1
2013,Mexico,135028,35528,8066,85476,7,597,5354
2013,Moldova,2485,80,77,733,883,579,133
2013,Mongolia,729,18,149,278,98,177,9
2013,Montenegro,265,32,4,206,,20,
2013,Morocco,3336,325,135,2241,606,19,10
2013,Mozambique,73,3,11,34,3,22,0
2013,Namibia,57,0,11,37,3,4,2
2013,Nepal,13046,492,1362,1822,3210,6137,23
2013,Netherlands,1142,33,560,514,27,4,4
2013,Netherlands Antilles,128,31,18,73,,,1
2013,New Zealand,921,40,287,484,104,,
2013,Nicaragua,3048,868,73,1874,18,127,88
2013,Niger,37,8,0,24,5,0,0
2013,Nigeria,13840,2059,900,7957,2778,115,31
2013,Norway,335,10,117,192,,,0
2013,Oman,73,9,32,25,3,4,0
2013,Pakistan,13251,3966,2553,5956,14,696,66
2013,Palau,16,,,12,0,0,0
2013,Panama,1234,251,96,845,9,23,10
2013,Papua New Guinea,27,,5,15,,0,0
2013,Paraguay,448,66,59,292,3,26,2
2013,Peru,12564,3770,918,7420,4,328,124
2013,Philippines,54446,15170,10482,28653,,33,
2013,Poland,6430,1215,1111,3403,645,15,41
2013,Portugal,918,80,188,627,14,7,2
2013,Qatar,191,43,43,66,25,12,2
2013,Romania,3773,292,891,2112,401,55,22
2013,Russia,9753,458,1509,5411,1452,836,87
2013,Rwanda,540,16,9,79,97,335,4
2013,Saint Kitts-Nevis,259,115,8,126,5,0,5
2013,Saint Lucia,853,238,27,572,9,3,4
2013,Saint Vincent and the Grenadines,529,168,23,328,7,0,3
2013,Samoa,237,12,0,225,0,0,0
2013,Saudi Arabia,1463,224,270,695,148,117,9
2013,Senegal,1340,153,72,897,75,95,48
2013,Serbia,866,39,111,611,73,32,0
2013,Serbia and Montenegro,653,68,74,276,79,138,18
2013,Sierra Leone,1651,198,30,836,377,204,6
2013,Singapore,835,59,501,241,16,15,3
2013,Slovakia,507,28,132,309,31,3,4
2013,Slovenia,62,0,10,46,,,0
2013,Somalia,3764,115,11,851,19,2766,2
2013,South Africa,2629,84,1042,1164,267,64,8
2013,South Sudan,59,0,0,43,0,16,0
2013,Soviet Union (former),1264,25,152,580,8,488,11
2013,Spain,2480,74,985,1120,115,182,4
2013,Sri Lanka,1847,164,586,555,210,327,5
2013,Sudan,1945,80,46,612,250,956,1
2013,Suriname,178,39,18,110,5,,
2013,Swaziland,15,,,7,0,,0
2013,Sweden,1106,34,443,543,70,7,9
2013,Switzerland,697,13,313,314,40,9,8
2013,Syria,3366,1047,285,1673,70,277,14
2013,Taiwan,5385,837,2353,2007,170,4,14
2013,Tajikistan,550,40,50,189,205,66,0
2013,Tanzania,837,49,108,435,50,194,1
2013,Thailand,7583,371,451,3491,33,3076,161
2013,Togo,1257,101,10,638,273,230,5
2013,Tonga,348,112,0,225,9,0,2
2013,Trinidad and Tobago,4724,1288,366,2994,31,13,32
2013,Tunisia,445,8,66,330,31,9,1
2013,Turkey,4144,198,1292,1785,730,116,23
2013,Turkmenistan,210,8,14,78,58,52,0
2013,Turks and Caicos Islands,50,9,,36,0,,0
2013,Uganda,1350,110,83,700,166,281,10
2013,Ukraine,8193,578,790,3960,1847,738,280
2013,United Arab Emirates,910,172,315,268,82,61,12
2013,United Kingdom,12984,518,5948,6303,144,24,47
2013,United States,319,16,35,221,,25,
2013,Uruguay,1352,86,163,956,,130,
2013,Uzbekistan,4382,220,111,743,2944,337,27
2013,Venezuela,9572,744,3000,3607,537,1647,37
2013,Vietnam,27101,13847,458,12528,4,214,50
2013,Yemen,3532,631,37,2575,108,172,9
2013,Zambia,505,27,100,309,28,40,1
2013,Zimbabwe,924,38,206,372,44,257,7
2014,Afghanistan,10527,403,60,1008,82,528,8446
2014,Albania,3828,465,87,1699,1426,138,13
2014,Algeria,1669,148,34,461,1012,,
2014,Angola,148,23,10,77,13,25,0
2014,Anguilla,20,,,13,0,0,0
2014,Antigua-Barbuda,369,128,15,217,,,5
2014,Argentina,3874,206,1108,2245,63,139,113
2014,Armenia,2913,317,113,967,1216,292,8
2014,Aruba,40,,5,31,0,,0
2014,Australia,2809,77,743,1565,408,,
2014,Austria,438,34,155,207,36,,
2014,Azerbaijan,672,80,,262,201,70,
2014,Bahamas,654,59,75,506,4,5,5
2014,Bahrain,122,16,47,37,,17,
2014,Bangladesh,14645,8709,560,5194,,114,
2014,Barbados,384,121,36,220,,0,
2014,Belarus,2015,118,173,605,801,305,13
2014,Belgium,632,27,284,282,28,8,3
2014,Belize,789,224,42,497,,,18
2014,Benin,517,41,11,204,235,22,4
2014,Bermuda,106,,20,73,0,,
2014,Bhutan,7298,8,,25,8,7254,
2014,Bolivia,1719,345,246,997,23,50,58
2014,Bosnia-Herzegovina,693,45,49,476,38,85,0
2014,Botswana,58,,5,32,7,9,
2014,Brazil,10429,587,2410,7062,10,180,180
2014,British Virgin Islands,56,,0,30,0,,
2014,Brunei,25,0,13,,,0,0
2014,Bulgaria,2981,179,292,1454,1011,36,9
2014,Burkina Faso,583,19,16,229,173,141,5
2014,Burma,11144,452,68,575,241,9804,4
2014,Burundi,273,3,15,42,43,170,0
2014,Cambodia,2536,450,61,1626,372,20,7
2014,Cameroon,3943,358,103,1212,1381,876,13
2014,Canada,11586,567,5121,5597,49,49,203
2014,Cape Verde,1154,544,,600,4,,
2014,Cayman Islands,48,13,,31,,0,0
2014,Central African Republic,155,,3,20,0,128,
2014,Chad,119,5,,23,10,78,
2014,Chile,1581,156,326,1010,19,39,31
2014,"China, People's Republic",76089,16320,22749,24311,22,12514,173
2014,Colombia,18175,4294,1444,11425,11,825,176
2014,"Congo, Democratic Republic",4347,151,37,419,2256,1473,11
2014,"Congo, Republic",552,10,10,96,108,322,6
2014,Costa Rica,1966,179,188,1501,25,52,21
2014,Cote d'Ivoire,1477,121,39,544,406,337,30
2014,Croatia,297,,52,170,40,18,
2014,Cuba,46679,3701,5,2586,287,40086,14
2014,Curacao,27,7,6,11,3,0,0
2014,Cyprus,129,6,44,69,7,3,0
2014,Czech Republic,606,26,122,410,32,11,5
2014,Czechoslovakia (former),74,,24,42,0,,4
2014,Denmark,514,18,233,228,26,4,5
2014,Djibouti,190,,0,38,,124,0
2014,Dominica,345,212,,125,5,0,
2014,Dominican Republic,44577,25025,293,19000,6,111,142
2014,Ecuador,10960,4609,906,4873,,,414
2014,Egypt,11477,1027,722,2774,3462,3462,30
2014,El Salvador,19273,8176,963,8013,0,386,1735
2014,Equatorial Guinea,15,0,0,9,0,6,0
2014,Eritrea,2002,136,,507,194,1154,
2014,Estonia,220,8,32,156,19,,
2014,Ethiopia,12300,1310,182,4271,2494,4020,23
2014,Fiji,802,262,23,274,211,29,3
2014,Finland,350,,141,179,22,,
2014,France,4284,148,1837,1968,289,26,16
2014,French Polynesia,24,,,,0,0,
2014,Gabon,167,12,9,82,22,39,3
2014,Gambia,1111,106,12,623,16,308,46
2014,Georgia,1240,82,57,656,361,72,12
2014,Germany,5584,193,1602,3167,548,42,32
2014,Ghana,7115,926,280,4266,1556,65,22
2014,Greece,1235,53,243,800,122,8,9
2014,Grenada,633,151,27,441,,,7
2014,Guatemala,10238,3015,904,4092,37,675,1515
2014,Guinea,1375,99,15,428,251,544,38
2014,Guinea-Bissau,30,,0,24,0,,0
2014,Guyana,6267,4179,87,1958,12,9,22
2014,Haiti,15274,6998,110,6617,0,1344,205
2014,Honduras,8156,2214,739,4447,30,244,482
2014,Hong Kong,2278,907,687,619,42,16,7
2014,Hungary,996,34,196,642,100,19,5
2014,Iceland,86,,36,37,,0,0
2014,India,77908,16309,40980,19056,40,877,646
2014,Indonesia,2139,198,468,1152,50,242,29
2014,Iran,11615,2224,1215,2729,2897,2521,29
2014,Iraq,19153,271,68,606,50,14582,3576
2014,Ireland,1605,22,571,935,69,,
2014,Israel,3805,247,1277,2115,111,29,26
2014,Italy,3298,155,944,1812,273,102,12
2014,Jamaica,19026,6379,629,11917,4,44,53
2014,Japan,5545,170,2134,2949,247,13,32
2014,Jordan,5187,1625,231,2690,168,453,20
2014,Kazakhstan,1221,75,113,566,289,168,10
2014,Kenya,5884,459,363,2711,1298,1019,34
2014,"Korea, North",142,20,44,55,0,23,0
2014,"Korea, South",20423,1565,11875,6872,10,8,93
2014,Kosovo,758,118,13,424,99,101,3
2014,Kuwait,1057,256,184,389,71,149,8
2014,Kyrgyzstan,707,48,24,214,208,209,4
2014,Laos,806,44,27,673,0,59,3
2014,Latvia,384,32,35,254,45,14,4
2014,Lebanon,3245,1092,355,1527,67,194,10
2014,Lesotho,13,,,,4,,0
2014,Liberia,3874,408,14,1265,1638,543,6
2014,Libya,524,,42,200,88,169,
2014,Lithuania,747,58,59,485,133,5,7
2014,Luxembourg,26,,6,12,,,
2014,Macau,105,46,23,33,3,0,0
2014,Macedonia,960,169,44,537,179,,
2014,Madagascar,86,,23,44,13,,0
2014,Malawi,172,10,24,99,22,9,8
2014,Malaysia,2622,199,534,702,29,1151,7
2014,Maldives,13,0,,,9,,0
2014,Mali,604,36,21,306,31,173,37
2014,Malta,39,0,14,19,0,6,0
2014,Marshall Islands,56,,,51,,0,0
2014,Mauritania,320,16,10,89,,199,
2014,Mauritius,81,12,30,32,3,0,4
2014,Mexico,134052,33988,7240,81576,11,618,10619
2014,Moldova,2341,113,77,693,1032,400,26
2014,Mongolia,651,34,103,269,75,158,12
2014,Montenegro,289,61,,182,14,24,
2014,Montserrat,38,19,,,0,0,0
2014,Morocco,3605,480,140,2054,898,16,17
2014,Mozambique,71,3,4,24,0,34,6
2014,Namibia,44,3,10,28,,,0
2014,Nepal,12357,806,946,1610,3443,5516,36
2014,Netherlands,1195,47,501,564,73,,
2014,Netherlands Antilles (former),45,,9,31,0,,0
2014,New Zealand,796,39,209,429,114,0,5
2014,Nicaragua,2886,795,67,1800,9,115,100
2014,Niger,71,11,,41,16,,0
2014,Nigeria,12828,1882,884,7147,2740,126,49
2014,Norway,271,11,64,186,,,0
2014,Oman,90,20,26,27,8,5,4
2014,Pakistan,18612,8191,2242,7377,20,703,79
2014,Palau,12,,,9,0,0,0
2014,Panama,1095,229,68,756,12,21,9
2014,Papua New Guinea,18,,3,12,,0,0
2014,Paraguay,391,33,41,294,,,14
2014,Peru,10606,3095,702,6397,3,190,219
2014,Philippines,49996,16644,8340,24782,5,44,181
2014,Poland,5689,954,1076,3083,519,14,43
2014,Portugal,892,84,178,579,33,11,7
2014,Qatar,202,55,34,62,41,10,0
2014,Romania,3246,242,545,1944,447,53,15
2014,Russia,9079,576,1233,4683,1794,760,33
2014,Rwanda,555,19,13,51,138,334,0
2014,Saint Kitts-Nevis,263,112,10,138,0,0,3
2014,Saint Lucia,844,252,15,549,14,,
2014,Saint Vincent and the Grenadines,448,128,11,298,3,0,8
2014,Samoa,239,21,,214,,0,
2014,Saudi Arabia,1696,333,225,715,239,174,10
2014,Senegal,1273,164,63,809,103,77,57
2014,Serbia,1143,77,124,714,199,29,0
2014,Serbia and Montenegro,267,7,37,123,0,95,5
2014,Sierra Leone,1740,158,48,724,686,119,5
2014,Singapore,779,51,375,302,28,16,7
2014,Sint Maarten,45,,,23,0,,0
2014,Slovakia,460,30,115,280,31,4,0
2014,Slovenia,78,,17,54,3,,0
2014,Somalia,5190,176,,1645,79,3276,
2014,South Africa,2676,116,1020,1147,262,116,15
2014,South Sudan,74,,0,54,0,,0
2014,Soviet Union (former),1136,17,93,613,8,402,3
2014,Spain,2928,115,997,1255,170,377,14
2014,Sri Lanka,1767,246,485,502,284,243,7
2014,Sudan,2442,129,,529,592,1161,
2014,Suriname,158,58,12,83,0,,
2014,Swaziland,23,,,16,,,0
2014,Sweden,954,25,381,495,44,3,6
2014,Switzerland,656,16,254,305,62,11,8
2014,Syria,3540,985,212,1573,105,652,13
2014,Taiwan,4697,921,1680,1921,155,,
2014,Tajikistan,516,,36,188,220,43,
2014,Tanzania,774,50,71,398,37,208,10
2014,Thailand,6197,313,377,3064,16,2202,225
2014,Togo,1612,180,9,690,554,163,16
2014,Tonga,320,110,0,204,,0,
2014,Trinidad and Tobago,3988,913,244,2677,68,7,79
2014,Tunisia,429,,37,290,44,29,
2014,Turkey,3834,208,897,1645,931,139,14
2014,Turkmenistan,254,,22,87,105,21,
2014,Turks and Caicos Islands,40,6,,30,0,,0
2014,Uganda,1409,97,115,662,198,331,6
2014,Ukraine,7752,837,659,3886,1790,518,62
2014,United Arab Emirates,1039,235,265,284,124,112,19
2014,United Kingdom,12225,594,4888,6526,131,23,63
2014,United States,358,21,26,274,3,16,18
2014,Uruguay,1128,44,114,856,8,53,53
2014,Uzbekistan,5194,399,99,796,3504,345,51
2014,Venezuela,8427,749,2039,3667,684,1214,74
2014,Vietnam,30283,18603,549,10922,3,155,51
2014,Yemen,3492,665,,2379,241,145,
2014,Zambia,441,29,50,266,26,67,3
2014,Zimbabwe,797,60,145,330,51,197,14
2015,Afghanistan,8328,272,16,1011,50,691,6288
2015,Albania,4653,614,81,2017,1770,152,19
2015,Algeria,1775,103,40,570,1035,19,8
2015,Angola,154,8,12,89,6,39,0
2015,Anguilla,22,,,18,0,0,1
2015,Antigua-Barbuda,290,97,12,176,,0,
2015,Argentina,3730,194,1095,2194,48,133,66
2015,Armenia,2962,247,120,1035,1324,225,11
2015,Aruba,38,4,4,30,0,0,0
2015,Australia,3034,68,930,1636,390,,
2015,Austria,474,17,166,247,39,5,0
2015,Azerbaijan,676,70,34,291,229,49,3
2015,Bahamas,725,53,84,562,6,14,6
2015,Bahrain,145,24,60,47,,,0
2015,Bangladesh,13570,7044,653,5667,0,167,39
2015,Barbados,376,97,28,235,9,0,7
2015,Belarus,1994,86,236,695,772,199,6
2015,Belgium,662,14,303,298,40,,
2015,Belize,772,182,35,537,0,5,13
2015,Benin,466,19,11,233,180,19,4
2015,Bermuda,112,19,13,77,0,,
2015,Bhutan,6325,,4,28,,6290,0
2015,Bolivia,1626,248,220,1038,17,43,60
2015,Bosnia-Herzegovina,859,,66,602,69,64,
2015,Botswana,61,3,6,28,6,18,0
2015,Brazil,11424,452,2725,7903,21,116,207
2015,British Virgin Islands,38,10,,24,0,0,
2015,Brunei,21,3,8,10,0,0,0
2015,Bulgaria,2688,130,301,1379,819,45,14
2015,Burkina Faso,575,33,15,274,98,152,3
2015,Burma,12808,486,,688,134,11443,
2015,Burundi,351,9,8,60,40,234,0
2015,Cambodia,1868,336,60,1224,190,51,7
2015,Cameroon,4374,425,91,1557,1470,825,6
2015,Canada,12673,534,5551,6237,68,44,239
2015,Cape Verde,1253,578,4,658,7,3,3
2015,Cayman Islands,53,5,6,39,,,0
2015,Central African Republic,234,,6,19,,205,0
2015,Chad,175,,,29,10,129,1
2015,Chile,1596,112,333,1061,14,40,36
2015,"China, People's Republic",74558,14384,22531,27659,24,9727,233
2015,Colombia,17316,3211,1292,11870,12,785,146
2015,"Congo, Democratic Republic",5345,172,38,490,2596,2043,6
2015,"Congo, Republic",496,20,3,87,68,313,5
2015,Costa Rica,2029,155,212,1589,9,27,37
2015,Cote d'Ivoire,1497,107,62,584,397,305,42
2015,Croatia,348,15,58,235,27,13,0
2015,Cuba,54396,2211,9,3882,428,47803,63
2015,Curacao,22,4,6,12,0,0,0
2015,Cyprus,113,,39,61,7,,0
2015,Czech Republic,637,18,109,456,41,8,5
2015,Czechoslovakia (former),58,,14,39,0,,
2015,Denmark,609,6,290,284,24,,
2015,Djibouti,370,,,34,12,319,0
2015,Dominica,229,123,,,0,0,0
2015,Dominican Republic,50610,26432,369,23554,,,147
2015,Ecuador,10187,3100,641,5675,,,585
2015,Egypt,12085,903,746,3334,2890,4194,18
2015,El Salvador,19487,6845,1327,9446,3,366,1500
2015,Equatorial Guinea,25,,0,13,,8,0
2015,Eritrea,2220,155,,511,178,1352,
2015,Estonia,189,8,25,131,19,3,3
2015,Ethiopia,11394,1544,170,3350,2507,3808,15
2015,Fiji,875,309,17,339,169,34,7
2015,Finland,407,5,209,177,16,0,0
2015,France,4693,122,2121,2085,314,41,10
2015,French Polynesia,14,0,,,0,0,0
2015,Gabon,146,,9,92,15,21,
2015,Gambia,1142,89,30,732,9,242,40
2015,Georgia,1410,111,63,734,431,68,3
2015,Germany,5436,142,1724,3026,458,59,27
2015,Ghana,6186,886,337,4346,508,88,21
2015,Greece,1211,65,309,715,113,,
2015,Grenada,525,122,23,360,,,14
2015,Guatemala,11773,2647,1608,5196,25,667,1630
2015,Guinea,1389,97,14,455,306,481,36
2015,Guinea-Bissau,39,,,28,,6,0
2015,Guyana,5543,3423,59,2007,11,16,27
2015,Haiti,16967,7002,114,8475,3,1240,133
2015,Honduras,9274,1982,1188,5081,28,284,711
2015,Hong Kong,2085,705,675,636,38,19,12
2015,Hungary,1095,31,256,676,114,14,4
2015,Iceland,104,,43,42,,0,0
2015,India,64116,14591,27514,20558,53,978,422
2015,Indonesia,2084,134,467,1193,57,187,46
2015,Iran,13114,2250,1485,3232,2377,3756,14
2015,Iraq,21107,209,68,866,37,18973,954
2015,Ireland,1607,24,651,881,45,,
2015,Israel,3965,155,1640,2013,98,39,20
2015,Italy,3544,102,1125,1889,269,147,12
2015,Jamaica,17642,5440,622,11437,0,63,80
2015,Japan,5395,139,1957,3092,178,14,15
2015,Jordan,4664,1172,281,2519,101,581,10
2015,Kazakhstan,1201,45,117,561,351,123,4
2015,Kenya,5602,419,360,2569,1046,1173,35
2015,"Korea, North",55,,10,26,0,12,
2015,"Korea, South",17138,949,9645,6465,7,7,65
2015,Kosovo,814,115,10,475,118,96,0
2015,Kuwait,1055,189,222,382,41,217,4
2015,Kyrgyzstan,790,34,47,284,245,175,5
2015,Laos,917,85,43,753,0,36,0
2015,Latvia,480,23,36,366,43,5,7
2015,Lebanon,2813,723,400,1454,50,173,13
2015,Lesotho,23,0,3,17,0,,
2015,Liberia,3795,309,20,1252,1787,414,13
2015,Libya,734,24,43,289,81,297,0
2015,Lithuania,750,42,63,506,128,5,6
2015,Luxembourg,27,,,13,0,,0
2015,Macau,99,41,27,21,10,0,0
2015,Macedonia,1060,132,62,637,210,,
2015,Madagascar,72,8,19,29,16,0,0
2015,Malawi,160,9,19,79,7,46,0
2015,Malaysia,2749,152,583,682,20,1296,16
2015,Mali,587,27,15,314,19,161,51
2015,Malta,58,,,15,,26,0
2015,Marshall Islands,32,,0,,0,0,0
2015,Mauritania,298,19,6,115,,154,
2015,Mauritius,96,6,39,46,,0,
2015,Mexico,158619,41529,6479,97816,9,726,12060
2015,Moldova,2496,93,100,753,1304,241,5
2015,Monaco,10,0,,,0,0,0
2015,Mongolia,644,31,82,337,66,104,24
2015,Montenegro,251,36,5,186,11,13,0
2015,Montserrat,14,5,0,9,0,0,0
2015,Morocco,3710,298,131,2350,900,18,13
2015,Mozambique,107,3,21,26,4,53,0
2015,Namibia,86,0,14,30,5,37,0
2015,Nepal,12926,657,1358,2161,3471,5261,18
2015,Netherlands,1309,21,565,662,51,6,4
2015,Netherlands Antilles (former),22,0,7,15,0,0,0
2015,New Zealand,855,20,222,465,145,,
2015,Nicaragua,3324,828,,2167,,119,142
2015,Niger,55,,,42,6,0,0
2015,Nigeria,11542,1702,861,8279,519,144,37
2015,Norway,310,6,95,201,,3,
2015,Oman,85,,30,32,7,8,
2015,Pakistan,18057,6793,2276,8095,11,803,79
2015,Palau,15,,,9,0,0,0
2015,Panama,1052,175,95,728,6,34,14
2015,Papua New Guinea,11,0,4,7,0,0,0
2015,Paraguay,382,26,54,279,,18,
2015,Peru,10148,2536,547,6651,8,157,249
2015,Philippines,56478,15695,10545,29955,9,19,255
2015,Poland,5275,897,837,3060,418,17,46
2015,Portugal,857,60,216,536,21,10,14
2015,Qatar,229,34,51,70,60,14,0
2015,Romania,3376,239,534,1980,518,97,8
2015,Russia,8799,428,1732,4335,1748,532,24
2015,Rwanda,732,8,26,75,179,444,0
2015,Saint Kitts-Nevis,222,81,7,130,,0,
2015,Saint Lucia,739,188,30,508,,,6
2015,Saint Vincent and the Grenadines,415,78,20,308,,,5
2015,Samoa,207,,0,198,0,0,
2015,Saudi Arabia,1744,253,310,717,269,192,3
2015,Senegal,1244,111,70,828,102,83,50
2015,Serbia,1278,90,135,829,201,,
2015,Serbia and Montenegro (former),232,7,26,122,,71,
2015,Seychelles,11,,,6,,,0
2015,Sierra Leone,1599,121,46,889,424,111,8
2015,Singapore,781,47,426,282,12,9,5
2015,Sint Maarten,45,13,,29,,0,0
2015,Slovakia,424,11,91,262,45,11,4
2015,Slovenia,107,,29,71,,0,1
2015,Somalia,6796,116,,986,56,5630,
2015,South Africa,2907,77,935,1286,262,332,15
2015,South Sudan,127,,,91,3,29,0
2015,Soviet Union (former),1022,9,191,541,5,272,4
2015,Spain,3303,108,1114,1328,167,578,8
2015,Sri Lanka,1763,233,477,552,249,238,14
2015,Sudan,3580,99,,491,983,1975,
2015,Suriname,134,32,8,91,,0,
2015,Swaziland,19,0,5,14,0,0,0
2015,Sweden,1066,27,393,581,50,12,3
2015,Switzerland,640,10,251,331,34,8,6
2015,Syria,3840,801,250,1507,140,1137,5
2015,Taiwan,4888,662,2119,1950,138,,
2015,Tajikistan,595,25,44,188,277,61,0
2015,Tanzania,799,59,,406,66,211,
2015,Thailand,7502,291,336,3288,25,3439,123
2015,Togo,1547,155,16,669,537,157,13
2015,Tonga,327,103,,210,,0,0
2015,Trinidad and Tobago,3212,651,272,2188,53,4,44
2015,Tunisia,518,20,56,351,41,45,5
2015,Turkey,4201,222,1041,1670,1108,142,18
2015,Turkmenistan,226,,20,68,90,35,
2015,Turks and Caicos Islands,38,3,,30,0,,2
2015,Uganda,1664,122,135,686,185,531,5
2015,Ukraine,7987,797,881,4519,1285,471,34
2015,United Arab Emirates,1193,209,312,303,118,238,13
2015,United Kingdom,12592,492,5459,6481,92,31,37
2015,United States,370,12,43,270,0,19,26
2015,Uruguay,1078,37,115,834,5,47,40
2015,Uzbekistan,3977,396,131,805,2318,306,21
2015,Venezuela,9144,731,2207,4610,738,806,52
2015,Vietnam,30832,16065,872,13690,,148,
2015,Yemen,3194,577,25,2319,136,134,3
2015,Zambia,460,31,75,272,35,44,3
2015,Zimbabwe,779,60,167,311,42,189,10
2016,Afghanistan,12513,400,42,1081,127,686,10177
2016,Albania,5773,889,75,2918,1730,155,6
2016,Algeria,2180,169,62,674,1253,21,1
2016,Angola,198,20,30,85,30,32,1
2016,Anguilla,20,4,0,15,0,0,1
2016,Antigua and Barbuda,324,91,15,217,0,0,1
2016,Argentina,4091,195,1343,2341,31,101,80
2016,Armenia,3543,304,102,1589,1286,256,6
2016,Aruba,23,,,,0,0,0
2016,Australia,3239,67,1006,1773,388,,
2016,Austria,432,15,149,233,27,5,3
2016,Azerbaijan,784,54,56,354,232,87,1
2016,Bahamas,656,52,60,532,5,5,2
2016,Bahrain,138,28,62,36,5,7,0
2016,Bangladesh,18723,9899,653,7841,,289,
2016,Barbados,371,80,42,245,0,0,4
2016,Belarus,2127,109,285,751,792,188,2
2016,Belgium,691,19,308,323,32,9,0
2016,Belize,851,183,46,586,,,24
2016,Benin,577,21,18,267,249,22,0
2016,Bermuda,99,,19,70,,0,0
2016,Bhutan,4217,3,11,47,3,4153,0
2016,Bolivia,1595,287,109,1098,24,38,39
2016,Bosnia and Herzegovina,971,126,72,642,61,65,5
2016,Botswana,78,8,14,39,3,13,1
2016,Brazil,13812,551,3489,9438,14,152,168
2016,Brunei,31,4,14,13,0,0,0
2016,Bulgaria,2670,163,281,1445,726,50,5
2016,Burkina Faso,642,38,11,267,144,179,3
2016,Burma,13065,569,61,777,125,11532,1
2016,Burundi,415,9,11,58,58,278,1
2016,Cabo Verde,2242,1086,3,1145,3,4,1
2016,Cambodia,3173,508,70,2239,287,63,6
2016,Cameroon,4899,485,104,1936,1664,701,9
2016,Canada,12793,576,5221,6665,62,73,196
2016,Cayman Islands,55,8,3,38,0,6,0
2016,Central African Republic,202,5,,26,,167,0
2016,Chad,136,6,4,27,15,84,0
2016,Chile,1698,81,381,1166,3,49,18
2016,"China, People's Republic",81772,17294,19942,31658,28,12657,193
2016,Colombia,18610,3097,1339,13014,14,1008,138
2016,"Congo, Democratic Republic",6791,208,39,865,2839,2840,0
2016,"Congo, Republic",625,6,11,97,46,460,5
2016,Costa Rica,2224,148,237,1753,3,52,31
2016,Cote d'Ivoire,1617,126,36,730,391,309,25
2016,Croatia,388,20,72,254,29,13,0
2016,Cuba,66516,4363,17,4555,538,57036,7
2016,Curacao,35,4,4,22,0,5,0
2016,Cyprus,131,7,23,80,12,9,0
2016,Czechia,650,9,151,445,38,5,2
2016,Czechoslovakia (former),62,,11,42,0,,4
2016,Denmark,521,14,243,243,17,3,1
2016,Djibouti,281,7,4,54,24,191,1
2016,Dominica,298,155,4,136,3,0,0
2016,Dominican Republic,61161,28375,330,32191,3,111,151
2016,Ecuador,10757,3043,671,6246,0,235,562
2016,Egypt,12045,941,881,3899,3476,2826,22
2016,El Salvador,23449,6573,1860,12516,0,897,1603
2016,Equatorial Guinea,18,,0,14,0,,0
2016,Eritrea,2267,178,29,678,134,1247,1
2016,Estonia,211,,38,140,18,,0
2016,Ethiopia,13232,1993,190,5372,2096,3569,12
2016,Fiji,866,296,14,341,181,33,1
2016,Finland,489,12,225,215,35,0,2
2016,France,5159,186,2418,2233,276,37,9
2016,French Polynesia,27,0,,21,,0,0
2016,Gabon,165,,9,108,13,32,
2016,Gambia,1247,104,18,850,19,242,14
2016,Georgia,1635,142,82,900,445,64,2
2016,Germany,5306,171,1653,3019,409,42,12
2016,Ghana,6949,1151,252,4962,478,90,16
2016,Greece,1451,59,340,916,117,18,1
2016,Grenada,585,78,29,464,,,9
2016,Guatemala,13002,2438,1530,6295,13,1162,1564
2016,Guinea,1501,122,16,743,245,352,23
2016,Guinea-Bissau,37,4,,28,0,,0
2016,Guyana,5771,3256,57,2399,4,21,34
2016,Haiti,23584,8807,169,13576,0,948,84
2016,Honduras,13302,2284,1316,8379,28,469,826
2016,Hong Kong,2510,943,692,801,47,25,2
2016,Hungary,1048,23,264,653,94,13,1
2016,Iceland,97,,,57,0,0,0
2016,India,64687,18230,20747,24246,28,1068,368
2016,Indonesia,2129,187,382,1324,37,173,26
2016,Iran,13298,2523,1600,3172,2883,3111,9
2016,Iraq,18904,279,72,1310,103,15026,2114
2016,Ireland,1759,40,666,993,51,4,5
2016,Israel,4142,174,1704,2119,102,33,10
2016,Italy,4078,146,1320,2106,273,228,5
2016,Jamaica,23350,5831,823,16587,,,55
2016,Japan,5207,167,1650,3203,170,8,9
2016,Jordan,5269,1360,311,3199,102,284,13
2016,Kazakhstan,1310,64,155,588,359,144,0
2016,Kenya,6274,399,423,2810,1039,1574,29
2016,"Korea, North",47,,,27,0,12,0
2016,"Korea, South",21801,1250,13463,7053,7,9,19
2016,Kosovo,1020,121,22,605,180,91,1
2016,Kuwait,1186,192,197,473,57,262,5
2016,Kyrgyzstan,847,42,47,328,228,201,1
2016,Laos,856,105,12,720,0,18,1
2016,Latvia,391,34,59,264,31,,
2016,Lebanon,2971,793,349,1668,47,109,5
2016,Lesotho,19,,0,15,0,,1
2016,Liberia,3619,326,30,1504,1403,352,4
2016,Libya,642,34,66,328,75,135,4
2016,Lithuania,735,53,60,476,140,,
2016,Luxembourg,34,3,16,12,,,0
2016,Macau,109,30,45,28,6,0,0
2016,Macedonia,1262,204,42,730,266,17,3
2016,Madagascar,88,,18,42,20,,0
2016,Malawi,205,11,23,104,7,59,1
2016,Malaysia,3382,181,552,781,37,1822,9
2016,Maldives,11,,,7,0,,0
2016,Mali,598,30,26,326,26,168,22
2016,Malta,65,0,9,26,0,30,0
2016,Marshall Islands,32,,0,,0,0,
2016,Mauritania,317,16,16,127,6,151,1
2016,Mauritius,110,11,38,51,10,0,0
2016,Mexico,174534,34718,6078,119541,11,1042,13144
2016,"Micronesia, Federated States",11,0,0,,,0,0
2016,Moldova,2929,149,102,814,1435,428,1
2016,Monaco,11,,4,4,,0,0
2016,Mongolia,750,29,112,354,135,106,14
2016,Montenegro,387,94,11,261,8,9,4
2016,Montserrat,14,,0,8,,0,0
2016,Morocco,4586,421,152,2958,1025,21,9
2016,Mozambique,101,3,8,37,0,53,0
2016,Namibia,87,,12,31,,41,0
2016,Nepal,12851,994,1386,2989,3242,4209,31
2016,Netherlands,1319,39,542,683,43,9,3
2016,Netherlands Antilles (former),18,,,13,,0,0
2016,New Zealand,846,35,234,484,90,,
2016,Nicaragua,3486,778,75,2401,10,121,101
2016,Niger,119,8,12,86,13,0,0
2016,Nigeria,14380,2313,958,10914,20,133,42
2016,Norway,362,21,104,231,,,0
2016,Oman,116,24,35,27,12,17,1
2016,Pakistan,19313,7121,1992,9272,10,887,31
2016,Palau,14,,0,,0,0,0
2016,Panama,1029,146,96,760,4,17,6
2016,Papua New Guinea,23,,5,13,,0,0
2016,Paraguay,434,30,46,337,0,17,4
2016,Peru,10940,2687,462,7425,8,140,218
2016,Philippines,53287,14857,7657,30345,9,17,402
2016,Poland,5603,887,798,3512,363,11,32
2016,Portugal,1006,62,197,704,18,15,10
2016,Qatar,272,51,54,106,43,18,0
2016,Romania,3554,270,562,2224,403,91,4
2016,Russia,9297,555,1627,4781,1815,499,20
2016,Rwanda,1357,20,20,100,258,956,3
2016,Saint Kitts and Nevis,250,74,4,172,0,0,0
2016,Saint Lucia,777,104,32,628,,,
2016,Saint Vincent and the Grenadines,422,75,28,314,,,1
2016,Samoa,219,,,211,0,0,0
2016,Sao Tome and Principe,12,,,9,0,0,0
2016,Saudi Arabia,2117,316,318,901,271,307,4
2016,Senegal,1533,137,63,1085,117,86,45
2016,Serbia,1351,108,122,859,239,22,1
2016,Serbia and Montenegro (former),202,7,36,98,0,56,5
2016,Seychelles,16,,,10,0,0,0
2016,Sierra Leone,1535,128,10,949,324,121,3
2016,Singapore,812,42,431,316,15,5,3
2016,Sint Maarten,42,0,6,33,0,3,0
2016,Slovakia,483,19,89,339,28,7,1
2016,Slovenia,119,,35,69,9,3,
2016,Somalia,6958,177,13,1489,80,5199,0
2016,South Africa,3023,112,932,1433,231,307,8
2016,South Sudan,124,3,0,100,7,14,0
2016,Soviet Union (former),1042,16,153,568,4,296,5
2016,Spain,3519,118,1321,1383,151,540,6
2016,Sri Lanka,1913,254,477,634,296,241,11
2016,Sudan,3159,111,28,726,1256,1037,1
2016,Suriname,156,44,9,97,,,0
2016,Swaziland,20,0,,,,0,0
2016,Sweden,1144,27,444,617,46,7,3
2016,Switzerland,743,21,291,369,45,16,1
2016,Syria,4800,1170,241,1850,114,1416,9
2016,Taiwan,5120,841,2083,2052,137,,
2016,Tajikistan,593,29,52,179,289,42,2
2016,Tanzania,788,51,59,420,28,226,4
2016,Thailand,7039,300,362,3612,32,2651,82
2016,Togo,1938,201,11,899,710,114,3
2016,Tonga,283,48,8,221,4,0,2
2016,Trinidad and Tobago,3469,614,242,2556,21,5,31
2016,Tunisia,518,17,55,366,64,14,2
2016,Turkey,4469,227,1154,1900,1000,179,9
2016,Turkmenistan,235,15,29,98,75,18,0
2016,Turks and Caicos Islands,39,5,,28,,,0
2016,Uganda,1649,86,109,663,152,623,16
2016,Ukraine,10422,986,930,5404,1915,1175,12
2016,United Arab Emirates,1370,247,382,388,137,197,19
2016,United Kingdom,12673,565,5132,6848,76,28,24
2016,United States,468,,30,364,,30,28
2016,Uruguay,972,31,112,763,4,33,29
2016,Uzbekistan,4359,588,133,903,2500,225,10
2016,Venezuela,10772,818,2550,5490,724,1135,55
2016,Vietnam,41451,21845,1261,18172,0,115,58
2016,"Virgin Islands, British",40,8,5,27,0,0,0
2016,Yemen,13040,4049,26,8407,421,134,3
2016,Zambia,487,22,78,280,15,91,1
2016,Zimbabwe,815,76,143,399,66,123,8
2017,Afghanistan,19538,345,39,1112,159,1013,16870
2017,Albania,5722,1083,70,2154,2330,78,7
2017,Algeria,2139,137,63,589,1333,15,2
2017,Angola,209,20,24,103,19,38,5
2017,Anguilla,23,9,0,14,0,0,0
2017,Antigua and Barbuda,322,114,,194,,0,0
2017,Argentina,3482,139,1134,2029,33,87,60
2017,Armenia,3437,352,119,1301,1488,171,6
2017,Aruba,47,,8,31,0,,0
2017,Australia,2906,79,926,1569,325,3,4
2017,Austria,387,13,136,205,27,5,1
2017,Azerbaijan,881,62,52,341,359,66,1
2017,Bahamas,725,74,80,559,3,5,4
2017,Bahrain,130,25,50,38,5,9,3
2017,Bangladesh,14693,7711,752,6089,0,114,27
2017,Barbados,373,85,32,249,,,
2017,Belarus,1919,114,294,685,677,145,4
2017,Belgium,625,11,281,274,48,9,2
2017,Belize,746,165,15,541,,,16
2017,Benin,648,27,27,279,298,14,3
2017,Bermuda,68,8,10,49,0,0,1
2017,Bhutan,2940,3,6,46,10,2873,2
2017,Bolivia,1510,281,108,1032,18,29,42
2017,Bosnia and Herzegovina,846,117,61,552,68,48,0
2017,Botswana,112,5,18,40,3,46,0
2017,Brazil,14989,683,3841,10102,9,140,214
2017,Brunei,24,,11,,0,,1
2017,Bulgaria,2184,167,265,1237,491,20,4
2017,Burkina Faso,541,33,39,246,142,78,3
2017,Burma,12897,576,59,864,154,11243,1
2017,Burundi,1094,13,7,92,80,902,0
2017,Cabo Verde,2618,1405,4,1203,,3,
2017,Cambodia,4056,731,139,2938,231,10,7
2017,Cameroon,4668,507,78,2088,1559,432,4
2017,Canada,11484,644,4793,5687,54,65,241
2017,Cayman Islands,67,,15,25,,17,0
2017,Central African Republic,178,,,46,7,117,0
2017,Chad,205,0,,35,,150,0
2017,Chile,1625,80,382,1067,5,72,19
2017,"China, People's Republic",71565,15773,19221,27683,19,8700,169
2017,Colombia,17956,3417,1275,12324,9,821,110
2017,"Congo, Democratic Republic",8709,279,41,527,2989,4872,1
2017,"Congo, Republic",632,10,6,88,58,466,4
2017,Costa Rica,2184,151,236,1703,18,49,27
2017,Cote d'Ivoire,1810,204,21,762,623,193,7
2017,Croatia,375,33,92,209,21,20,0
2017,Cuba,65028,4743,12,4752,396,55117,8
2017,Curacao,34,10,,15,,,0
2017,Cyprus,117,,35,68,,,0
2017,Czechia,582,12,111,419,30,5,5
2017,Czechoslovakia (former),52,,18,27,0,4,
2017,Denmark,461,,216,215,22,,1
2017,Djibouti,222,,,27,36,142,0
2017,Dominica,510,184,19,302,3,0,2
2017,Dominican Republic,58520,30147,314,27844,3,105,107
2017,Ecuador,10594,3215,569,5957,,,602
2017,Egypt,9834,1133,952,3524,2918,1298,9
2017,El Salvador,25109,7764,1349,13063,,,1614
2017,Equatorial Guinea,20,0,0,15,0,5,0
2017,Eritrea,2449,266,22,757,106,1298,0
2017,Estonia,176,7,42,117,9,0,1
2017,Ethiopia,14637,2301,209,6256,2608,3247,16
2017,Fiji,805,278,17,279,191,32,8
2017,Finland,439,6,245,166,22,0,0
2017,France,4782,153,2334,2007,253,29,6
2017,French Polynesia,20,,,14,0,0,0
2017,Gabon,150,16,8,93,13,19,1
2017,Gambia,1134,141,17,759,14,192,11
2017,Georgia,1629,132,89,824,534,48,2
2017,Germany,4662,173,1546,2622,267,34,20
2017,Ghana,8455,1654,244,5782,677,84,14
2017,Greece,1314,74,348,748,135,7,2
2017,Grenada,544,106,36,394,3,0,5
2017,Guatemala,13198,2700,1184,6294,7,1513,1500
2017,Guinea,1348,125,11,721,286,192,13
2017,Guinea-Bissau,48,7,,38,,,0
2017,Guyana,5468,3213,47,2175,,,16
2017,Haiti,21824,9139,254,11923,0,454,54
2017,Honduras,11387,1920,1137,6636,36,737,921
2017,Hong Kong,2415,993,677,700,36,8,1
2017,Hungary,972,37,242,585,86,19,3
2017,Iceland,86,3,42,34,6,0,1
2017,India,60394,14962,23569,20549,40,795,479
2017,Indonesia,1914,203,334,1177,42,137,21
2017,Iran,13791,2366,2049,3128,2583,3656,9
2017,Iraq,14203,325,58,1594,173,9536,2517
2017,Ireland,1485,38,565,849,29,3,1
2017,Israel,3802,126,1642,1915,70,35,14
2017,Italy,3655,177,1284,1786,221,182,5
2017,Jamaica,21905,6150,957,14694,,,54
2017,Japan,4635,187,1541,2733,158,7,9
2017,Jordan,5264,1554,296,2945,114,333,22
2017,Kazakhstan,1377,83,183,562,402,142,5
2017,Kenya,6957,527,361,3119,1290,1637,23
2017,"Korea, North",32,,,14,0,,1
2017,"Korea, South",19194,1374,11315,6439,7,5,54
2017,Kosovo,1014,147,15,497,303,48,4
2017,Kuwait,1177,251,242,433,45,201,5
2017,Kyrgyzstan,715,43,54,254,194,168,2
2017,Laos,685,111,32,526,0,16,0
2017,Latvia,359,17,57,259,19,4,3
2017,Lebanon,2818,850,363,1462,65,76,2
2017,Lesotho,24,0,,17,,0,0
2017,Liberia,4155,577,39,1856,1394,287,2
2017,Libya,780,26,106,434,148,62,4
2017,Lithuania,645,44,55,453,83,6,4
2017,Luxembourg,33,,16,14,,0,0
2017,Macau,109,53,30,,,0,0
2017,Macedonia,1027,210,35,544,229,9,0
2017,Madagascar,60,,17,28,11,,0
2017,Malawi,228,5,20,91,7,104,1
2017,Malaysia,4109,183,478,698,54,2693,3
2017,Mali,544,42,16,338,33,105,10
2017,Malta,75,,8,18,0,48,0
2017,Marshall Islands,23,,,,0,0,0
2017,Mauritania,287,19,5,122,14,127,0
2017,Mauritius,96,14,26,51,5,0,0
2017,Mexico,170581,34413,5493,114431,6,1056,15182
2017,Moldova,2480,87,122,773,1206,286,6
2017,Monaco,14,0,9,5,0,0,0
2017,Mongolia,661,30,125,311,120,49,26
2017,Montenegro,323,82,7,209,15,8,2
2017,Montserrat,12,0,0,12,0,0,0
2017,Morocco,4229,354,131,2371,1346,19,8
2017,Mozambique,96,4,13,35,4,38,2
2017,Namibia,130,3,7,43,7,69,1
2017,Nepal,11610,1064,1355,2684,3205,3287,15
2017,Netherlands,1056,31,376,612,22,13,2
2017,New Zealand,798,,249,420,98,,0
2017,Nicaragua,3072,756,80,2028,3,81,124
2017,Niger,116,10,11,86,9,0,0
2017,Nigeria,13539,2631,979,9741,15,150,23
2017,Norway,290,4,69,202,10,4,1
2017,Oman,104,12,33,34,11,12,2
2017,Pakistan,17408,6858,2250,7483,8,763,46
2017,Palau,13,0,0,13,0,0,0
2017,Panama,889,156,49,658,,16,
2017,Papua New Guinea,18,0,,11,,0,0
2017,Paraguay,391,32,28,306,3,17,5
2017,Peru,10115,2875,411,6445,4,115,265
2017,Philippines,49147,13495,9341,25684,5,22,600
2017,Poland,4845,828,787,2939,249,12,30
2017,Portugal,939,69,228,617,14,5,6
2017,Qatar,224,24,64,87,36,13,0
2017,Romania,2953,251,538,1809,286,57,12
2017,Russia,8918,520,1944,4284,1556,603,11
2017,Rwanda,1394,32,19,99,219,1024,1
2017,Saint Kitts and Nevis,238,70,,161,0,,0
2017,Saint Lucia,777,163,30,572,6,,
2017,Saint Vincent and the Grenadines,361,78,14,265,0,0,4
2017,Samoa,194,7,,184,0,0,
2017,Sao Tome and Principe,10,,0,,0,0,1
2017,Saudi Arabia,2135,334,404,878,327,189,3
2017,Senegal,1470,164,53,1069,112,61,11
2017,Serbia,1410,112,148,851,279,20,0
2017,Serbia and Montenegro (former),144,,27,78,0,34,
2017,Seychelles,10,0,0,10,0,0,0
2017,Sierra Leone,2058,265,20,1235,465,70,3
2017,Singapore,818,66,427,312,,,0
2017,Sint Maarten,35,0,4,31,0,0,0
2017,Slovakia,388,10,98,254,21,,
2017,Slovenia,108,,29,63,12,,0
2017,Somalia,7404,256,10,1706,85,5344,3
2017,South Africa,2912,120,860,1277,288,361,6
2017,South Sudan,160,17,3,108,8,24,0
2017,Soviet Union (former),939,11,170,554,4,196,4
2017,Spain,3045,106,1076,1290,117,450,6
2017,Sri Lanka,1627,249,460,541,213,146,18
2017,Sudan,3515,85,23,597,1609,1200,1
2017,Suriname,136,47,,79,0,,0
2017,Swaziland,19,,7,6,,,2
2017,Sweden,950,32,345,514,53,4,2
2017,Switzerland,565,18,235,270,34,6,2
2017,Syria,5877,1253,264,1808,151,2390,11
2017,Taiwan,4858,796,2170,1712,175,,
2017,Tajikistan,652,28,30,158,362,70,4
2017,Tanzania,1415,68,84,383,45,825,10
2017,Thailand,6311,295,348,3283,20,2304,61
2017,Togo,1572,153,7,622,697,83,10
2017,Tonga,262,65,0,180,15,0,2
2017,Trinidad and Tobago,3100,690,211,2149,,,29
2017,Tunisia,535,17,61,346,94,16,1
2017,Turkey,4844,177,1260,1965,1254,172,16
2017,Turkmenistan,251,21,19,96,94,21,0
2017,Turks and Caicos Islands,35,,5,26,0,0,
2017,Uganda,1898,131,112,589,147,910,9
2017,Ukraine,10135,1029,1151,4249,2030,1656,20
2017,United Arab Emirates,1314,238,412,389,121,128,26
2017,United Kingdom,10948,560,4319,5948,81,22,18
2017,United States,409,,39,298,,23,34
2017,Uruguay,1001,46,122,760,12,33,28
2017,Uzbekistan,4095,610,152,787,2379,157,10
2017,Venezuela,11809,773,3237,5507,1251,1001,40
2017,Vietnam,38231,19218,1364,17515,4,73,57
2017,"Virgin Islands, British",25,7,0,17,0,0,1
2017,Yemen,6029,1637,46,3936,275,132,3
2017,Zambia,537,27,58,271,19,160,2
2017,Zimbabwe,810,54,150,409,62,133,2
2018,Afghanistan,12935,351,33,719,143,1929,9760
2018,Albania,5049,869,101,1678,2249,143,9
2018,Algeria,2123,208,78,732,1091,14,0
2018,Angola,176,15,19,90,18,34,0
2018,Anguilla,23,,,13,0,0,0
2018,Antigua and Barbuda,325,100,11,210,0,0,4
2018,Argentina,3080,183,984,1733,36,87,57
2018,Armenia,3217,329,,1174,1379,173,
2018,Aruba,45,,12,28,,,0
2018,Australia,2693,76,934,1238,433,5,7
2018,Austria,401,18,180,176,21,,
2018,Azerbaijan,1015,66,59,326,488,76,0
2018,Bahamas,759,75,74,597,,10,
2018,Bahrain,143,23,58,51,,7,
2018,Bangladesh,15717,7229,865,7374,,211,
2018,Barbados,318,68,,214,0,0,
2018,Belarus,1951,,269,554,755,234,
2018,Belgium,537,22,254,225,29,4,3
2018,Belize,632,96,18,495,,,17
2018,Benin,573,53,14,273,223,10,0
2018,Bermuda,65,,,50,0,0,0
2018,Bhutan,2350,5,7,50,,2283,
2018,Bolivia,1523,280,112,1046,16,35,34
2018,Bosnia and Herzegovina,682,124,75,377,51,55,0
2018,Botswana,72,7,11,34,4,16,0
2018,Brazil,15394,684,4378,9957,16,185,174
2018,Brunei,29,,14,10,,0,0
2018,Bulgaria,1798,181,234,1026,324,30,3
2018,Burkina Faso,525,38,15,252,96,121,3
2018,Burma,8182,523,62,735,97,6765,0
2018,Burundi,762,12,4,92,57,597,0
2018,Cabo Verde,1929,957,6,963,,0,
2018,Cambodia,3187,631,193,2234,113,13,3
2018,Cameroon,4236,530,75,1794,1380,447,10
2018,Canada,9898,547,4542,4471,31,99,208
2018,Cayman Islands,47,9,7,27,0,4,0
2018,Central African Republic,304,,0,19,,282,0
2018,Chad,251,,,34,11,201,0
2018,Chile,1519,126,287,998,25,61,22
2018,"China, People's Republic",65214,11728,18843,24022,19,10420,182
2018,Colombia,17545,3171,1116,12296,9,846,107
2018,"Congo, Democratic Republic",9941,365,,565,2323,6634,
2018,"Congo, Republic",580,18,34,80,62,378,8
2018,Costa Rica,2171,174,212,1687,8,51,39
2018,Cote d'Ivoire,1375,157,48,635,316,203,16
2018,Croatia,286,31,70,159,18,,
2018,Cuba,76486,3381,13,3024,201,69860,7
2018,Curacao,56,11,7,31,,,
2018,Cyprus,120,7,44,50,5,14,0
2018,Czechia,534,15,124,359,30,6,0
2018,Czechoslovakia (former),51,,10,27,0,7,
2018,Denmark,353,13,180,148,,,0
2018,Djibouti,281,,,39,38,196,0
2018,Dominica,492,195,17,274,0,0,6
2018,Dominican Republic,57413,30270,223,26731,0,97,92
2018,Ecuador,11472,3194,444,6449,235,413,737
2018,Egypt,9826,1074,969,2900,3420,1449,14
2018,El Salvador,28326,7315,1475,15410,0,2480,1646
2018,Equatorial Guinea,17,0,,12,,,0
2018,Eritrea,2428,259,,630,94,1405,
2018,Estonia,151,8,39,87,13,,
2018,Eswatini (formerly Swaziland),18,,,,0,0,
2018,Ethiopia,12403,1914,259,4701,2170,3347,12
2018,Fiji,730,252,15,270,164,23,6
2018,Finland,442,7,261,148,22,,
2018,France,4276,145,2269,1596,231,28,7
2018,French Polynesia,10,0,0,10,0,0,0
2018,Gabon,112,13,12,63,,12,
2018,Gambia,1023,143,7,657,13,190,13
2018,Georgia,1643,154,107,761,564,57,0
2018,Germany,4443,149,1707,2250,278,46,13
2018,Ghana,8394,1574,261,5574,852,114,19
2018,Greece,1214,55,371,700,81,,
2018,Grenada,501,88,32,368,0,3,10
2018,Guatemala,15638,2993,1213,8061,24,1917,1430
2018,Guinea,1282,119,11,778,122,226,26
2018,Guinea-Bissau,27,4,,19,0,,0
2018,Guyana,5165,3003,56,2073,3,13,17
2018,Haiti,21360,8155,154,12530,0,476,45
2018,Honduras,13794,2296,1162,8273,49,1189,825
2018,Hong Kong,2075,765,683,560,52,,
2018,Hungary,917,38,263,527,78,,
2018,Iceland,89,,49,36,,0,0
2018,India,59821,14845,22672,20652,34,1228,390
2018,Indonesia,1756,160,329,1078,42,121,26
2018,Iran,10116,713,2566,1752,628,4441,16
2018,Iraq,14351,365,94,1280,206,11763,643
2018,Ireland,1401,29,600,733,30,,
2018,Israel,3706,156,1824,1626,63,32,5
2018,Italy,3329,172,1331,1485,158,176,7
2018,Jamaica,20347,5667,1047,13542,3,43,45
2018,Japan,4317,116,1632,2428,119,8,14
2018,Jordan,5322,1058,366,2411,150,1327,10
2018,Kazakhstan,1378,,167,533,442,172,
2018,Kenya,7190,529,547,2609,908,2549,48
2018,"Korea, North",41,0,,23,,15,0
2018,"Korea, South",17676,1178,10601,5833,15,10,39
2018,Kosovo,886,151,,429,207,86,
2018,Kuwait,1090,217,252,337,63,218,3
2018,Kyrgyzstan,908,64,35,232,316,258,3
2018,Laos,863,110,28,701,,20,
2018,Latvia,356,15,43,239,37,19,3
2018,Lebanon,2581,769,351,1304,18,135,4
2018,Lesotho,12,0,,8,,0,0
2018,Liberia,3101,370,35,1497,928,262,9
2018,Libya,499,22,154,168,58,97,0
2018,Lithuania,658,47,69,449,89,4,0
2018,Luxembourg,30,0,,15,0,0,
2018,Macau,91,41,29,21,0,0,0
2018,Macedonia,1082,189,35,585,255,14,4
2018,Madagascar,79,6,30,34,9,0,0
2018,Malawi,257,5,28,98,6,120,0
2018,Malaysia,3051,200,531,526,30,1753,11
2018,Mali,488,42,15,303,12,85,31
2018,Malta,58,,,10,0,39,0
2018,Marshall Islands,23,0,0,23,0,0,0
2018,Mauritania,212,12,4,96,7,93,0
2018,Mauritius,67,,22,36,0,0,
2018,Mexico,161858,36276,5600,105539,10,1270,13163
2018,"Micronesia, Federated States",19,0,,,0,0,0
2018,Moldova,2206,121,112,701,644,624,4
2018,Monaco,13,0,6,7,0,0,0
2018,Mongolia,636,33,90,293,135,66,19
2018,Montenegro,299,62,15,193,,17,
2018,Montserrat,20,,0,,0,0,0
2018,Morocco,3077,280,158,1959,660,13,7
2018,Mozambique,100,,,42,0,47,0
2018,Namibia,75,,,25,0,42,0
2018,Nepal,11953,1022,1594,2497,3466,3346,28
2018,Netherlands,998,46,438,479,20,,
2018,New Zealand,719,33,223,350,110,0,3
2018,Nicaragua,3061,769,80,1998,5,114,95
2018,Niger,93,,9,68,10,,
2018,Nigeria,13952,2531,1209,9998,12,172,30
2018,Norway,284,10,92,162,16,,
2018,Oman,110,13,46,30,5,16,0
2018,Pakistan,15802,5260,2271,6766,11,1414,80
2018,Panama,897,166,57,619,5,38,12
2018,Papua New Guinea,27,0,,19,,0,0
2018,Paraguay,389,36,31,296,0,20,6
2018,Peru,9878,2688,419,6411,,,195
2018,Philippines,47258,15064,8655,23018,8,23,490
2018,Poland,4357,794,771,2495,242,11,44
2018,Portugal,889,58,206,592,18,11,4
2018,Qatar,236,33,78,69,36,,
2018,Romania,2448,216,496,1492,186,47,11
2018,Russia,8621,536,2056,3461,1865,684,19
2018,Rwanda,1620,45,34,90,222,1229,0
2018,Saint Kitts and Nevis,250,141,,104,0,0,
2018,Saint Lucia,696,155,24,506,,0,
2018,Saint Vincent and the Grenadines,333,84,,239,0,0,
2018,Samoa,179,6,3,163,4,0,3
2018,Saudi Arabia,2100,371,387,776,300,263,3
2018,Senegal,1420,205,51,983,91,59,31
2018,Serbia,1217,85,140,771,204,17,0
2018,Serbia and Montenegro (former),132,,28,67,0,26,
2018,Sierra Leone,1527,248,12,1100,114,48,5
2018,Singapore,801,45,465,278,9,,
2018,Sint Maarten,27,,,23,0,,0
2018,Slovakia,370,19,69,250,24,5,3
2018,Slovenia,95,,37,48,,0,0
2018,Somalia,7557,112,6,635,6,6798,0
2018,South Africa,3010,96,997,1154,160,598,5
2018,South Sudan,185,,0,128,,49,0
2018,Soviet Union (former),1022,6,226,496,18,270,6
2018,Spain,2841,158,1175,1074,,346,
2018,Sri Lanka,1594,187,446,517,234,193,17
2018,Sudan,3658,155,,855,1048,1556,
2018,Suriname,182,59,,112,,,
2018,Sweden,889,34,365,444,33,10,3
2018,Switzerland,570,21,277,248,16,8,0
2018,Syria,14686,448,286,876,41,13035,0
2018,Taiwan,5079,850,2522,1544,157,,
2018,Tajikistan,893,46,46,187,570,39,5
2018,Tanzania,3186,48,78,363,,2669,
2018,Thailand,5556,292,450,3093,36,1646,39
2018,Togo,1534,230,12,695,518,74,5
2018,Tonga,225,38,0,168,16,0,3
2018,Trinidad and Tobago,2758,660,175,1874,29,7,13
2018,Tunisia,517,14,86,349,47,18,3
2018,Turkey,5585,198,1573,2005,1472,319,18
2018,Turkmenistan,286,,31,94,121,20,
2018,Turks and Caicos Islands,41,7,0,34,0,0,0
2018,Uganda,2412,134,,590,117,1463,
2018,Ukraine,11879,998,1288,3730,2576,3277,10
2018,United Arab Emirates,1379,246,530,322,101,173,7
2018,United Kingdom,9908,478,4323,5009,49,34,15
2018,United States,306,19,28,206,0,30,23
2018,Uruguay,960,48,96,741,14,36,25
2018,Uzbekistan,4612,532,139,715,2993,226,7
2018,Venezuela,11762,854,2454,6399,850,1168,37
2018,Vietnam,33834,16240,1560,15866,3,58,107
2018,"Virgin Islands, British",37,,,21,0,0,0
2018,Yemen,1885,346,24,1271,,224,
2018,Zambia,477,25,60,211,,169,
2018,Zimbabwe,749,49,160,361,41,131,7
2019,Afghanistan,10136,328,34,744,254,928,7848
2019,Albania,5366,1259,114,1749,2139,100,5
2019,Algeria,2299,141,67,744,1327,,
2019,Angola,226,27,18,117,22,42,0
2019,Anguilla,14,,0,11,0,0,
2019,Antigua and Barbuda,323,86,,222,,0,
2019,Argentina,3925,189,1181,2326,52,123,54
2019,Armenia,3101,305,200,1191,1208,189,8
2019,Aruba,52,5,4,43,0,0,0
2019,Australia,3205,88,1144,1621,344,3,5
2019,Austria,437,25,168,234,5,,
2019,Azerbaijan,1169,56,73,337,640,63,0
2019,Bahamas,922,76,76,756,8,3,3
2019,Bahrain,183,28,90,60,,,
2019,Bangladesh,15176,7773,1071,6146,,158,
2019,Barbados,338,68,,227,0,0,
2019,Belarus,2263,154,375,721,888,,
2019,Belgium,714,19,330,328,24,9,4
2019,Belize,806,150,24,611,0,9,12
2019,Benin,619,48,18,294,251,8,0
2019,Bermuda,84,,16,62,0,0,
2019,Bhutan,1441,,,56,17,1360,0
2019,Bolivia,1525,266,145,1009,10,44,51
2019,Bosnia and Herzegovina,637,101,58,422,,28,
2019,Botswana,61,,15,39,0,,0
2019,Brazil,19825,767,5867,12730,8,248,205
2019,Brunei,23,,10,9,0,,0
2019,Bulgaria,1759,153,205,1156,217,22,6
2019,Burkina Faso,646,38,,385,105,87,
2019,Burma,5024,582,,860,193,3311,
2019,Burundi,781,12,,126,134,504,
2019,Cabo Verde,1852,965,9,874,,0,
2019,Cambodia,2748,581,131,1936,78,16,6
2019,Cameroon,4369,502,100,1871,1403,489,4
2019,Canada,11388,489,4998,5588,58,54,201
2019,Cayman Islands,53,9,5,34,0,5,0
2019,Central African Republic,231,6,,20,9,189,
2019,Chad,224,0,6,44,24,150,0
2019,Chile,1762,109,408,1147,18,60,20
2019,"China, People's Republic",62248,12748,17154,25104,21,7081,140
2019,Colombia,19841,2506,1356,15171,,704,
2019,Comoros,10,0,,5,,0,0
2019,"Congo, Democratic Republic",8999,302,60,591,2638,5403,5
2019,"Congo, Republic",476,9,34,142,136,152,3
2019,Costa Rica,2348,204,245,1800,13,49,37
2019,Cote d'Ivoire,1589,192,42,818,380,146,11
2019,Croatia,360,26,99,215,13,7,0
2019,Cuba,41641,4334,12,4276,112,32900,7
2019,Curacao,53,,9,36,0,,0
2019,Cyprus,111,6,34,64,4,3,0
2019,Czechia,714,21,155,487,33,15,3
2019,Denmark,416,13,182,207,8,3,3
2019,Djibouti,151,,,33,26,77,0
2019,Dominica,511,176,20,308,4,0,3
2019,Dominican Republic,49911,25694,230,23778,3,115,91
2019,Ecuador,11083,2968,416,6329,108,378,884
2019,Egypt,9479,1015,982,3077,3313,1087,5
2019,El Salvador,27656,5807,1725,15718,,2785,
2019,Equatorial Guinea,30,,,25,,,0
2019,Eritrea,2385,179,141,615,98,1349,3
2019,Estonia,193,10,41,118,20,4,0
2019,Eswatini (formerly Swaziland),32,,13,14,,0,0
2019,Ethiopia,9060,1355,283,3575,1520,2321,6
2019,Fiji,734,293,13,273,152,3,0
2019,Finland,497,10,308,159,20,0,0
2019,France,4787,152,2364,2008,218,29,16
2019,French Polynesia,25,0,6,19,0,0,0
2019,Gabon,148,7,3,103,13,22,0
2019,Gambia,1378,148,16,1000,24,170,20
2019,Georgia,1691,135,80,852,595,25,4
2019,Germany,4848,153,1727,2687,223,47,11
2019,Ghana,8526,1363,344,6101,610,83,25
2019,Greece,1350,91,396,750,99,11,3
2019,Grenada,554,115,23,407,,,
2019,Guatemala,13453,2264,1333,6008,33,2070,1745
2019,Guinea,1579,177,11,967,238,169,17
2019,Guinea-Bissau,51,,0,47,,0,0
2019,Guyana,5385,2886,85,2391,10,4,9
2019,Haiti,17253,5761,144,10826,,475,
2019,Honduras,15901,1958,1235,10362,24,1371,951
2019,Hong Kong,2021,565,782,622,41,,
2019,Hungary,1070,31,263,730,35,5,6
2019,Iceland,70,,32,33,,0,0
2019,India,54495,13387,18553,21049,25,1007,474
2019,Indonesia,1899,208,292,1217,69,95,18
2019,Iran,6640,416,2512,1397,190,2096,29
2019,Iraq,6514,402,86,1456,281,4076,213
2019,Ireland,1760,33,752,947,22,6,0
2019,Israel,4304,150,1732,2267,76,64,15
2019,Italy,3822,187,1378,1896,164,186,11
2019,Jamaica,21689,4942,1184,15484,,,47
2019,Japan,4503,148,1607,2547,195,3,3
2019,Jordan,4998,1133,334,2804,278,439,10
2019,Kazakhstan,1533,,201,682,465,120,
2019,Kenya,7052,517,742,2673,1139,1948,33
2019,"Korea, North",29,0,3,23,0,,
2019,"Korea, South",18479,1118,10495,6812,16,4,34
2019,Kosovo,1020,268,20,469,221,42,0
2019,Kuwait,1201,231,383,377,59,148,3
2019,Kyrgyzstan,881,37,61,280,333,165,5
2019,Laos,850,102,22,707,,15,
2019,Latvia,319,23,40,215,24,13,4
2019,Lebanon,2605,746,401,1285,77,93,3
2019,Lesotho,22,,,15,,0,
2019,Liberia,3495,514,15,1803,900,255,8
2019,Libya,511,23,156,214,52,66,0
2019,Lithuania,750,69,73,495,99,4,10
2019,Luxembourg,42,,,24,0,0,0
2019,Macau,99,28,36,32,3,0,0
2019,Madagascar,75,,24,42,5,,0
2019,Malawi,213,9,15,95,3,88,3
2019,Malaysia,2303,162,557,709,29,835,11
2019,Mali,586,52,8,445,26,41,14
2019,Malta,47,0,,10,,28,0
2019,Marshall Islands,22,0,,,0,0,0
2019,Mauritania,230,35,4,108,16,67,0
2019,Mauritius,95,5,27,54,6,,
2019,Mexico,156052,30554,6698,102103,13,1303,15381
2019,"Micronesia, Federated States",21,0,,,,0,0
2019,Moldova,1935,95,103,907,541,286,3
2019,Mongolia,765,46,141,341,166,62,9
2019,Montenegro,376,97,,258,13,,0
2019,Montserrat,24,3,0,21,0,0,0
2019,Morocco,3721,352,141,2019,1183,13,13
2019,Mozambique,77,,,32,0,33,0
2019,Namibia,98,0,15,48,7,28,0
2019,Nepal,10201,895,1528,2637,2919,2192,30
2019,Netherlands,1274,40,551,640,33,,
2019,Netherlands Antilles (former),21,,,16,0,0,0
2019,New Zealand,844,,288,427,82,,
2019,Nicaragua,3818,828,77,2680,4,113,116
2019,Niger,201,6,23,134,25,8,5
2019,Nigeria,15888,2527,1655,11491,11,172,32
2019,North Macedonia (formerly Macedonia),1079,208,67,590,196,18,0
2019,Norway,329,6,59,255,,5,
2019,Oman,148,11,84,39,,6,
2019,Pakistan,13921,4743,2266,5999,13,815,85
2019,Palau,14,0,3,11,0,0,0
2019,Panama,1059,148,89,788,0,27,7
2019,Papua New Guinea,24,0,,20,,0,0
2019,Paraguay,452,41,37,353,5,12,4
2019,Peru,10049,2535,413,6722,,,222
2019,Philippines,45920,13793,7358,24441,8,17,303
2019,Poland,4700,535,922,2956,227,12,48
2019,Portugal,940,47,237,622,8,19,7
2019,Qatar,287,45,97,84,42,19,0
2019,Romania,2616,203,475,1680,199,52,7
2019,Russia,9822,555,2082,4441,2190,534,20
2019,Rwanda,1509,50,26,114,330,986,3
2019,Saint Kitts and Nevis,238,109,,123,0,,0
2019,Saint Lucia,726,144,34,541,,,
2019,Saint Vincent and the Grenadines,403,73,,309,0,0,
2019,Samoa,195,,,183,0,0,0
2019,Sao Tome and Principe,12,3,0,9,0,0,0
2019,Saudi Arabia,2514,318,492,1055,416,229,4
2019,Senegal,1665,242,58,1205,88,53,19
2019,Serbia,1532,117,143,1060,184,28,0
2019,Serbia and Montenegro (former),139,3,27,76,0,28,5
2019,Sierra Leone,1443,209,15,1023,147,46,3
2019,Singapore,818,58,448,301,8,3,0
2019,Sint Maarten,37,0,,,0,0,0
2019,Slovakia,422,18,92,289,16,,
2019,Slovenia,119,,53,61,,,0
2019,Somalia,3752,59,,377,,3308,0
2019,South Africa,3174,,1187,1502,216,147,
2019,South Sudan,191,8,13,120,10,40,0
2019,Soviet Union (former),1227,13,251,728,12,220,3
2019,Spain,3115,148,1226,1369,73,295,4
2019,Sri Lanka,1689,185,466,531,370,125,12
2019,Sudan,2949,131,,594,1244,948,
2019,Suriname,172,47,,113,0,,0
2019,Sweden,1018,34,394,570,8,9,3
2019,Switzerland,595,9,261,300,19,,
2019,Syria,5967,318,290,696,,4606,
2019,Taiwan,5801,919,2551,2154,168,6,3
2019,Tajikistan,1158,60,44,193,837,24,0
2019,Tanzania,3142,67,56,449,50,2513,7
2019,Thailand,5551,292,487,3737,55,946,34
2019,Togo,1546,203,,649,607,68,
2019,Tonga,256,42,0,200,,,0
2019,Trinidad and Tobago,3150,734,171,2208,5,4,28
2019,Tunisia,510,20,86,354,38,9,3
2019,Turkey,5713,236,1625,2264,1356,209,23
2019,Turkmenistan,330,20,21,116,164,9,0
2019,Turks and Caicos Islands,56,,,51,0,0,0
2019,Uganda,2560,127,115,644,147,1522,5
2019,Ukraine,11762,890,1375,4511,1907,3060,19
2019,United Arab Emirates,1586,262,731,365,138,80,10
2019,United Kingdom,11337,481,4565,6203,58,13,17
2019,United States,262,,29,178,,17,30
2019,Uruguay,1109,41,107,879,8,33,41
2019,Uzbekistan,2550,583,166,750,893,146,12
2019,Venezuela,15720,826,2871,9800,746,1440,37
2019,Vietnam,39712,21870,1804,15861,5,64,108
2019,"Virgin Islands, British",58,11,3,44,0,0,0
2019,Yemen,3717,1128,97,2335,,121,
2019,Zambia,511,17,61,267,13,145,8
2019,Zimbabwe,758,50,184,391,36,92,5
2020,Afghanistan,11407,330,34,535,213,743,9552
2020,Albania,3508,1049,176,1087,1128,63,5
2020,Algeria,1581,130,76,416,934,22,3
2020,Angola,181,,28,81,46,20,
2020,Anguilla,11,,0,,0,0,0
2020,Antigua and Barbuda,190,43,,129,0,0,
2020,Argentina,2970,89,1309,1465,19,56,32
2020,Armenia,2145,333,172,775,625,230,10
2020,Aruba,22,4,4,14,0,0,0
2020,Australia,2523,,1184,1072,226,,0
2020,Austria,311,7,160,134,6,,
2020,Azerbaijan,814,37,80,240,388,69,0
2020,Bahamas,614,43,99,466,3,,
2020,Bahrain,127,6,77,40,,,0
2020,Bangladesh,9272,4884,1367,2892,,105,
2020,Barbados,226,50,46,127,0,,
2020,Belarus,1723,89,388,472,481,293,0
2020,Belgium,629,13,372,235,,,
2020,Belize,475,71,35,353,0,3,13
2020,Benin,450,28,16,161,235,7,3
2020,Bermuda,67,14,20,33,0,0,0
2020,Bhutan,1091,,,31,8,1045,0
2020,Bolivia,976,156,138,617,4,23,38
2020,Bosnia and Herzegovina,477,87,77,257,,33,
2020,Botswana,43,,13,23,0,,
2020,Brazil,16746,555,7427,8448,5,150,161
2020,Brunei,11,0,7,4,0,0,0
2020,Bulgaria,1118,115,195,686,107,11,4
2020,Burkina Faso,465,25,41,279,47,69,4
2020,Burma,4000,343,,472,136,2976,
2020,Burundi,1099,5,10,52,74,958,0
2020,Cabo Verde,995,455,12,524,0,,
2020,Cambodia,1593,356,129,1003,81,17,7
2020,Cameroon,2842,352,118,1301,766,296,9
2020,Canada,9526,278,5597,3496,14,28,113
2020,Cayman Islands,50,,11,26,0,,0
2020,Central African Republic,148,,3,13,,128,
2020,Chad,111,3,5,22,12,69,0
2020,Chile,1520,73,539,849,11,42,6
2020,"China, People's Republic",41483,7738,14018,14660,10,4956,101
2020,Colombia,11989,1162,1519,8786,,448,
2020,"Congo, Democratic Republic",7522,194,69,404,1687,5168,0
2020,"Congo, Republic",308,,34,77,96,88,
2020,Costa Rica,1658,126,342,1134,3,37,16
2020,Cote d'Ivoire,1049,129,45,542,244,78,11
2020,Croatia,241,10,69,146,12,4,0
2020,Cuba,16367,2257,8,1639,310,12148,5
2020,Curacao,31,,,23,0,,0
2020,Cyprus,105,,43,53,,,0
2020,Czechia,454,7,145,285,12,5,0
2020,Czechoslovakia (former),69,0,38,24,0,4,3
2020,Denmark,405,,234,160,5,0,
2020,Djibouti,84,,,23,14,37,0
2020,Dominica,287,82,,186,0,,0
2020,Dominican Republic,30005,13337,363,16107,0,61,137
2020,Ecuador,6157,1318,720,3394,39,138,548
2020,Egypt,6164,732,1144,1817,1606,853,12
2020,El Salvador,17907,3181,1286,10287,,2006,
2020,Equatorial Guinea,27,,0,23,,,0
2020,Eritrea,1881,108,107,334,45,1281,6
2020,Estonia,126,,40,81,,,0
2020,Eswatini,25,0,9,16,0,0,0
2020,Ethiopia,6280,1268,282,2471,588,1661,10
2020,Fiji,425,110,25,153,126,,
2020,Finland,317,5,203,104,,0,
2020,France,4053,94,2556,1296,82,14,11
2020,French Polynesia,15,0,10,5,0,0,0
2020,Gabon,86,4,5,58,10,9,0
2020,Gambia,664,94,8,461,3,85,13
2020,Georgia,1179,91,93,642,309,,
2020,Germany,3913,99,1839,1850,89,28,8
2020,Ghana,4627,708,339,3260,260,47,13
2020,Greece,945,71,417,418,32,,
2020,Grenada,307,43,23,235,0,,
2020,Guatemala,7815,1000,931,3259,6,1358,1261
2020,Guinea,858,86,18,480,158,104,12
2020,Guinea-Bissau,27,,0,22,,,0
2020,Guyana,3027,1472,55,1475,0,8,17
2020,Haiti,9338,3331,247,5604,0,120,36
2020,Honduras,8277,951,861,4977,9,727,752
2020,Hong Kong,1783,670,608,476,26,,
2020,Hungary,761,25,293,421,19,,
2020,Iceland,81,,44,,0,0,0
2020,India,46363,7077,24883,12945,14,1146,298
2020,Indonesia,1428,131,349,809,36,85,18
2020,Iran,8805,1988,3170,2852,221,561,13
2020,Iraq,2266,175,101,767,123,922,178
2020,Ireland,1466,26,795,634,,,0
2020,Israel,3687,79,1993,1490,,90,
2020,Italy,3184,95,1659,1281,79,65,5
2020,Jamaica,12826,2279,668,9831,0,11,37
2020,Japan,3905,92,1777,1901,125,4,6
2020,Jordan,3063,587,352,1789,180,149,6
2020,Kazakhstan,1307,54,189,492,443,129,0
2020,Kenya,4026,318,603,1720,634,731,20
2020,"Korea, North",28,0,,21,0,,0
2020,"Korea, South",16244,955,10736,4522,8,5,18
2020,Kosovo,678,203,65,304,87,19,0
2020,Kuwait,768,113,318,253,44,34,6
2020,Kyrgyzstan,594,36,47,170,215,126,0
2020,Laos,486,58,17,393,,9,
2020,Latvia,224,14,44,136,20,,
2020,Lebanon,2120,592,414,1030,,49,
2020,Lesotho,14,0,,10,0,0,
2020,Liberia,1674,141,27,967,297,233,9
2020,Libya,514,26,181,232,33,42,0
2020,Lithuania,475,31,92,306,40,3,3
2020,Luxembourg,20,0,12,8,0,0,0
2020,Macau,64,24,19,18,,0,
2020,Madagascar,84,,43,24,,0,0
2020,Malawi,197,3,18,83,,90,
2020,Malaysia,1898,87,626,386,22,773,4
2020,Mali,389,32,23,272,14,29,19
2020,Malta,44,0,9,13,3,19,0
2020,Marshall Islands,12,0,,,0,0,0
2020,Mauritania,134,12,,62,,48,0
2020,Mauritius,68,3,30,32,3,0,0
2020,Mexico,100325,14064,7933,66579,3,1026,10720
2020,"Micronesia, Federated States",15,0,3,12,0,0,0
2020,Moldova,1367,,111,594,275,325,
2020,Mongolia,543,44,162,228,41,59,9
2020,Montenegro,303,69,21,193,15,,
2020,Montserrat,12,,,,0,0,0
2020,Morocco,2866,356,168,1511,813,12,6
2020,Mozambique,60,,19,26,,11,0
2020,Namibia,90,0,8,25,,54,
2020,Nepal,7847,754,1775,1862,1828,1616,12
2020,Netherlands,962,16,532,402,5,4,3
2020,New Zealand,607,20,247,286,50,,
2020,Nicaragua,2570,574,131,1649,,,112
2020,Niger,139,3,23,97,7,6,3
2020,Nigeria,12398,2040,1670,8385,7,281,15
2020,North Macedonia,590,90,58,351,69,16,6
2020,Norway,248,9,89,145,,,0
2020,Oman,118,8,79,22,,4,
2020,Pakistan,10474,3591,2506,3400,12,884,81
2020,Panama,601,96,99,383,4,10,9
2020,Papua New Guinea,19,0,8,7,,,0
2020,Paraguay,256,19,40,188,0,4,5
2020,Peru,5626,1183,493,3727,3,80,140
2020,Philippines,25491,5152,5087,14890,,,343
2020,Poland,3341,250,1070,1896,86,8,31
2020,Portugal,679,28,248,391,5,3,4
2020,Qatar,215,43,99,42,18,13,0
2020,Romania,1994,154,593,1081,113,48,5
2020,Russia,7967,425,2203,2964,1593,771,11
2020,Rwanda,1084,,37,81,197,744,
2020,Saint Kitts and Nevis,106,29,,68,0,,0
2020,Saint Lucia,463,84,34,342,0,,
2020,Saint Vincent and the Grenadines,196,34,,140,0,0,
2020,Samoa,154,,0,150,,0,0
2020,Saudi Arabia,1854,234,526,641,275,167,11
2020,Senegal,999,137,45,721,43,38,15
2020,Serbia,1077,73,155,696,122,31,0
2020,Serbia and Montenegro (former),149,,52,83,0,9,
2020,Sierra Leone,713,69,13,496,109,23,3
2020,Singapore,807,25,557,208,12,5,0
2020,Sint Maarten,21,,,17,0,0,0
2020,Slovakia,343,,129,194,11,,
2020,Slovenia,76,6,35,31,,,0
2020,Somalia,2024,139,12,987,,883,
2020,South Africa,2733,111,1370,1075,92,82,3
2020,South Sudan,117,7,10,73,3,24,0
2020,Soviet Union (former),1070,7,272,562,14,207,8
2020,Spain,2620,85,1391,946,44,148,6
2020,Sri Lanka,1463,131,632,360,192,137,11
2020,Sudan,1867,66,,329,935,490,
2020,Suriname,117,37,13,67,0,0,0
2020,Sweden,835,15,416,394,,,0
2020,Switzerland,592,7,350,215,15,,
2020,Syria,3176,1009,298,1017,,807,
2020,Taiwan,4759,518,2679,1416,142,,
2020,Tajikistan,523,23,39,137,303,,
2020,Tanzania,2312,25,66,264,28,1921,8
2020,Thailand,4177,148,622,2503,38,842,24
2020,Togo,1276,218,22,550,462,21,3
2020,Tonga,202,17,,171,8,0,
2020,Trinidad and Tobago,1718,301,176,1211,5,4,21
2020,Tunisia,463,20,82,310,37,,
2020,Turkey,4359,168,1762,1423,805,179,22
2020,Turkmenistan,250,17,55,76,74,28,0
2020,Turks and Caicos Islands,33,,,28,0,0,
2020,Uganda,1802,84,102,426,106,1075,9
2020,Ukraine,9886,629,1511,2936,964,3832,14
2020,United Arab Emirates,1251,194,613,262,101,75,6
2020,United Kingdom,9655,260,5083,4255,31,16,10
2020,United States,187,,29,121,,9,20
2020,Uruguay,699,14,131,525,0,18,11
2020,Uzbekistan,1347,271,172,455,335,105,9
2020,Venezuela,12136,472,3132,6494,254,1757,27
2020,Vietnam,29995,18393,1865,9556,0,64,117
2020,"Virgin Islands, British",29,,,23,0,0,0
2020,Yemen,5908,2319,74,3408,,61,
2020,Zambia,401,11,61,153,,169,
2020,Zimbabwe,674,30,292,258,15,72,7
2021,Afghanistan,9488,185,25,517,104,426,8231
2021,Albania,2612,278,170,1420,669,,
2021,Algeria,1898,227,117,807,727,,
2021,Angola,208,16,28,110,19,35,0
2021,Anguilla,11,3,0,8,0,0,0
2021,Antigua and Barbuda,201,25,12,164,0,0,0
2021,Argentina,3248,108,1057,1960,38,66,19
2021,Armenia,1833,199,131,1088,209,203,3
2021,Aruba,28,,,22,0,0,0
2021,Australia,2682,43,953,1495,187,,
2021,Austria,359,18,124,202,11,,
2021,Azerbaijan,545,,67,277,126,54,
2021,Bahamas,997,81,100,782,25,,
2021,Bahrain,151,7,79,61,,,0
2021,Bangladesh,6405,1238,1229,3735,0,173,30
2021,Barbados,269,39,36,190,0,0,4
2021,Belarus,1435,,337,554,346,134,
2021,Belgium,601,19,282,281,7,6,6
2021,Belize,670,110,25,523,0,4,8
2021,Benin,467,52,26,311,72,,
2021,Bermuda,71,6,6,59,0,0,0
2021,Bhutan,137,,,46,5,80,0
2021,Bolivia,1121,117,95,846,18,24,21
2021,Bosnia and Herzegovina,478,53,52,343,13,14,3
2021,Botswana,58,4,9,41,0,,
2021,Brazil,18351,528,6886,10615,9,178,135
2021,Brunei,24,,,13,0,0,0
2021,Bulgaria,1000,39,142,701,96,,
2021,Burkina Faso,551,54,36,386,,57,
2021,Burma,2143,73,60,527,,1427,
2021,Burundi,730,11,11,82,42,584,0
2021,Cabo Verde,941,269,13,655,,,
2021,Cambodia,1762,127,203,1376,41,12,3
2021,Cameroon,3578,334,94,2191,645,310,4
2021,Canada,9978,268,4219,5290,19,34,148
2021,Cayman Islands,58,,,37,0,0,0
2021,Central African Republic,151,3,4,29,0,109,6
2021,Chad,100,,,35,,42,0
2021,Chile,1632,85,408,1062,22,46,9
2021,"China, People's Republic",49847,6397,22119,16041,18,5187,85
2021,Colombia,15293,838,1160,12725,8,475,87
2021,"Congo, Democratic Republic",3906,152,40,576,313,2822,3
2021,"Congo, Republic",219,9,12,116,19,60,3
2021,Costa Rica,1991,63,257,1599,11,35,26
2021,Cote d'Ivoire,1207,220,41,762,101,79,4
2021,Croatia,294,16,99,166,8,5,0
2021,Cuba,23077,682,7,2563,464,19354,7
2021,Curacao,29,,7,18,0,,0
2021,Cyprus,102,12,39,46,,,0
2021,Czechia,496,13,108,359,,9,
2021,Czechoslovakia (former),48,,13,30,0,,0
2021,Denmark,322,,142,166,,0,8
2021,Djibouti,111,9,6,38,30,28,0
2021,Dominica,279,45,,222,,0,
2021,Dominican Republic,24553,4329,304,19746,0,56,118
2021,Ecuador,7532,889,560,5242,93,163,585
2021,Egypt,4396,237,865,1942,310,1025,17
2021,El Salvador,18668,2004,3406,11080,,1124,
2021,Equatorial Guinea,29,0,0,23,6,0,0
2021,Eritrea,1304,61,23,298,,912,
2021,Estonia,140,10,36,89,,,0
2021,Eswatini,28,0,8,20,0,0,0
2021,Ethiopia,3706,532,436,1939,69,717,13
2021,Fiji,419,48,,189,167,9,
2021,Finland,324,14,159,148,3,0,0
2021,France,4107,115,2021,1884,60,19,8
2021,French Polynesia,12,,0,,0,0,0
2021,Gabon,123,12,,96,6,4,
2021,Gambia,778,44,27,620,8,65,14
2021,Georgia,1239,,93,734,323,52,
2021,Germany,3900,120,1395,2239,99,34,13
2021,Ghana,3939,371,362,3013,148,32,13
2021,Greece,842,29,281,508,17,7,0
2021,Grenada,370,42,26,299,0,0,3
2021,Guatemala,8904,594,2573,3462,5,1116,1154
2021,Guinea,745,38,19,555,36,84,13
2021,Guinea-Bissau,23,,0,,0,,0
2021,Guyana,3435,897,60,2456,,,17
2021,Haiti,11456,3108,225,7989,,116,
2021,Honduras,10116,783,2054,5916,22,593,748
2021,Hong Kong,1334,159,402,704,64,5,0
2021,Hungary,730,13,185,483,37,5,7
2021,Iceland,83,,32,45,,0,0
2021,India,93450,1896,75332,14949,22,1009,242
2021,Indonesia,1588,157,223,1051,61,81,15
2021,Iran,5734,889,2276,1898,166,493,12
2021,Iraq,1726,98,71,878,37,578,64
2021,Ireland,1364,11,579,764,6,4,0
2021,Israel,3103,83,1329,1630,30,22,9
2021,Italy,3069,131,1178,1604,79,74,3
2021,Jamaica,13357,997,895,11390,,,49
2021,Japan,3960,171,1209,2399,171,5,5
2021,Jordan,3416,504,344,2151,280,133,4
2021,Kazakhstan,1330,80,166,615,331,134,4
2021,Kenya,3088,160,512,1753,367,274,22
2021,"Korea, North",20,0,,16,,0,0
2021,"Korea, South",12351,697,6405,5240,,,
2021,Kosovo,562,47,85,312,100,,
2021,Kuwait,916,110,338,357,,63,
2021,Kyrgyzstan,710,72,42,261,188,144,3
2021,Laos,349,,,334,,,0
2021,Latvia,258,19,39,187,8,,
2021,Lebanon,2253,288,439,1453,37,,
2021,Lesotho,14,0,,11,0,0,
2021,Liberia,2504,69,20,1055,60,1294,6
2021,Libya,409,20,111,195,41,42,0
2021,Lithuania,487,31,81,327,44,,
2021,Luxembourg,32,,19,,0,0,0
2021,Macau,46,4,20,22,0,0,0
2021,Madagascar,84,,14,57,7,,0
2021,Malawi,167,7,22,90,,43,
2021,Malaysia,1605,102,443,556,22,476,6
2021,Mali,378,14,17,293,8,31,15
2021,Malta,23,0,8,12,,,0
2021,Marshall Islands,12,0,,,0,0,0
2021,Mauritania,144,7,,78,,52,0
2021,Mauritius,65,0,,34,,0,0
2021,Mexico,107230,14610,6457,75293,8,959,9903
2021,"Micronesia, Federated States",10,0,,,0,0,0
2021,Moldova,1052,,85,603,182,127,
2021,Mongolia,762,77,188,291,117,72,17
2021,Montenegro,266,27,19,206,6,8,0
2021,Montserrat,13,,,,0,0,0
2021,Morocco,3819,258,129,2652,767,10,3
2021,Mozambique,48,,5,34,,4,0
2021,Namibia,75,,,42,0,21,0
2021,Nepal,7309,635,1542,3570,1022,518,22
2021,Netherlands,1009,24,407,557,18,,
2021,Netherlands Antilles (former),14,,0,,0,,0
2021,New Zealand,665,22,206,370,67,0,0
2021,Nicaragua,4220,1048,157,2754,36,158,67
2021,Niger,182,14,21,127,12,3,5
2021,Nigeria,13100,1003,1567,10142,6,366,16
2021,North Macedonia,745,98,52,500,73,,
2021,Norway,226,,69,153,,0,0
2021,Oman,154,12,93,29,12,8,0
2021,Pakistan,9691,1799,1949,5433,,440,
2021,Palau,10,,,,0,0,0
2021,Panama,844,92,75,641,5,24,7
2021,Papua New Guinea,20,0,,14,,0,0
2021,Paraguay,356,38,30,272,5,6,5
2021,Peru,5044,414,317,3948,146,87,132
2021,Philippines,27511,1671,7855,17726,3,12,244
2021,Poland,2970,224,724,1923,43,11,45
2021,Portugal,750,31,250,447,7,6,9
2021,Qatar,323,59,147,88,19,10,0
2021,Romania,1846,166,341,1219,87,,
2021,Russia,5525,277,1463,2855,356,566,8
2021,Rwanda,784,42,,157,80,470,
2021,Saint Kitts and Nevis,113,13,4,96,0,0,0
2021,Saint Lucia,457,,42,377,0,0,
2021,Saint Vincent and the Grenadines,228,17,13,198,0,0,0
2021,Samoa,130,3,5,122,0,0,0
2021,Saudi Arabia,1780,152,495,847,141,141,4
2021,Senegal,962,75,40,806,12,17,12
2021,Serbia,810,11,142,629,3,25,0
2021,Serbia and Montenegro (former),403,68,37,250,35,,
2021,Sierra Leone,1227,225,12,940,19,31,0
2021,Singapore,799,29,489,272,,,0
2021,Sint Maarten,24,0,,,0,0,0
2021,Slovakia,311,16,68,217,5,,
2021,Slovenia,87,,,52,,,0
2021,Somalia,961,79,8,616,4,254,0
2021,South Africa,2716,68,1146,1413,63,22,4
2021,South Sudan,69,,,52,3,10,0
2021,Soviet Union (former),1082,25,220,557,18,256,6
2021,Spain,2644,113,1190,1144,45,149,3
2021,Sri Lanka,1232,31,414,500,221,58,8
2021,Sudan,871,,42,464,123,218,
2021,Suriname,117,15,,93,0,,
2021,Sweden,788,12,317,446,,6,
2021,Switzerland,614,18,293,286,11,,
2021,Syria,1748,224,155,714,42,613,0
2021,Taiwan,4246,532,1993,1587,131,,
2021,Tajikistan,538,63,59,232,166,,
2021,Tanzania,1438,54,48,367,10,956,3
2021,Thailand,4037,70,409,3004,47,474,33
2021,Togo,1143,228,30,642,208,31,4
2021,Tonga,171,10,,157,,0,
2021,Trinidad and Tobago,1852,178,193,1455,,,12
2021,Tunisia,514,31,87,339,48,,
2021,Turkey,4465,230,1296,1965,576,377,21
2021,Turkmenistan,161,10,33,63,22,33,0
2021,Turks and Caicos Islands,53,6,,43,,0,0
2021,Uganda,1146,29,76,451,63,523,4
2021,Ukraine,7578,313,1147,3283,889,1927,19
2021,United Arab Emirates,1332,107,653,397,75,90,10
2021,United Kingdom,9229,181,3799,5200,26,14,9
2021,United States,256,,33,157,,14,38
2021,Uruguay,830,44,115,628,4,26,13
2021,Uzbekistan,990,157,115,568,48,93,9
2021,Venezuela,14412,737,2275,8392,579,2419,10
2021,Vietnam,16312,2979,2072,11154,,,65
2021,"Virgin Islands, British",39,,,33,0,0,0
2021,Yemen,4345,1204,174,2735,157,72,3
2021,Zambia,361,23,41,227,,57,
2021,Zimbabwe,737,52,295,320,29,37,4
2022,Afghanistan,14193,534,44,948,540,609,11518
2022,Albania,5945,1674,304,2225,1439,296,7
2022,Algeria,3125,337,127,588,2039,,
2022,Angola,453,,37,112,186,94,
2022,Anguilla,19,,,11,0,0,0
2022,Antigua and Barbuda,280,93,20,161,,,
2022,Argentina,4128,290,1501,2105,143,66,23
2022,Armenia,3037,395,255,1242,976,162,7
2022,Aruba,46,10,,27,0,,0
2022,Australia,2859,120,1172,1303,249,7,8
2022,Austria,344,25,132,154,28,,
2022,Azerbaijan,1129,63,159,273,481,150,3
2022,Bahamas,767,58,100,589,16,,
2022,Bahrain,163,20,73,58,,6,
2022,Bangladesh,10858,2373,2038,5668,,752,
2022,Barbados,306,102,,173,0,0,
2022,Belarus,2172,,491,486,816,193,
2022,Belgium,552,18,270,234,24,,
2022,Belize,591,113,43,409,0,5,21
2022,Benin,721,170,32,307,195,17,0
2022,Bermuda,65,11,19,35,0,0,0
2022,Bhutan,209,0,10,63,70,63,3
2022,Bolivia,1621,485,152,902,23,38,21
2022,Bosnia and Herzegovina,506,105,72,246,53,30,0
2022,Botswana,58,,15,36,,0,0
2022,Brazil,24169,1370,11555,10770,20,301,153
2022,Brunei,23,,17,,0,0,0
2022,Bulgaria,1151,196,197,593,150,,
2022,Burkina Faso,814,89,33,379,39,271,3
2022,Burma,2879,302,134,616,327,1500,0
2022,Burundi,788,19,17,116,86,550,0
2022,Cabo Verde,1119,317,,780,0,0,
2022,Cambodia,3400,1281,255,1678,165,,
2022,Cameroon,5879,1397,171,1812,1272,1222,5
2022,Canada,11317,623,5290,5130,55,43,176
2022,Cayman Islands,40,4,7,25,0,4,0
2022,Central African Republic,135,,5,16,6,102,
2022,Chad,174,8,,38,55,68,
2022,Chile,1747,111,625,935,14,47,15
2022,"China, People's Republic",67950,11738,30514,16698,33,8861,106
2022,Colombia,21723,4616,1849,14200,9,983,66
2022,"Congo, Democratic Republic",4688,601,,615,914,2464,
2022,"Congo, Republic",527,10,65,99,141,212,0
2022,Costa Rica,2167,310,312,1464,13,41,27
2022,Cote d'Ivoire,1559,351,57,746,173,223,9
2022,Croatia,259,,77,153,16,,
2022,Cuba,36642,9958,38,11432,663,14548,3
2022,Curacao,35,,9,23,0,,0
2022,Cyprus,90,,43,34,8,,0
2022,Czechia,474,24,150,281,16,3,0
2022,Czechoslovakia (former),63,0,35,,0,,
2022,Denmark,374,17,179,164,8,,
2022,Djibouti,154,13,3,35,62,41,0
2022,Dominica,455,195,26,228,,,
2022,Dominican Republic,40152,10679,302,28966,3,109,93
2022,Ecuador,11910,4828,1105,4921,160,427,469
2022,Egypt,8348,614,1097,3158,1059,2409,11
2022,El Salvador,30876,10719,4509,10541,0,3995,1112
2022,Equatorial Guinea,52,,,35,0,10,0
2022,Eritrea,1760,135,45,370,24,1186,0
2022,Estonia,118,,26,72,11,,
2022,Eswatini,22,,9,8,0,,0
2022,Ethiopia,5720,1424,413,2492,349,1031,11
2022,Fiji,1124,303,18,169,630,,
2022,Finland,288,6,150,117,15,0,0
2022,France,4351,234,2483,1463,140,27,4
2022,French Polynesia,51,,32,,0,0,
2022,Gabon,125,17,,71,12,13,
2022,Gambia,1010,47,28,742,12,173,8
2022,Georgia,2303,234,200,821,917,131,0
2022,Germany,4088,186,1772,1844,223,45,18
2022,Ghana,5451,452,760,3832,285,110,12
2022,Greece,918,98,341,421,49,,
2022,Grenada,449,147,23,276,0,,
2022,Guatemala,16990,3642,3332,5953,0,2932,1131
2022,Guinea,1365,38,43,714,191,371,8
2022,Guinea-Bissau,40,,4,29,,3,0
2022,Guyana,3455,1624,73,1727,,24,
2022,Haiti,10432,1910,309,7610,0,573,30
2022,Honduras,17099,3659,2886,7262,32,2597,663
2022,Hong Kong,2301,680,763,746,105,,
2022,Hungary,840,46,288,398,88,14,6
2022,Iceland,68,,25,36,,0,0
2022,India,127012,8055,96335,20396,56,1829,341
2022,Indonesia,1752,196,328,959,131,123,15
2022,Iran,9407,1601,3070,3188,983,555,10
2022,Iraq,2797,272,108,1127,223,817,250
2022,Ireland,1366,53,677,613,19,0,4
2022,Israel,3439,150,1506,1624,94,56,9
2022,Italy,3477,275,1514,1410,215,60,3
2022,Jamaica,16482,3774,1015,11531,0,126,36
2022,Japan,4184,193,1661,1956,365,,
2022,Jordan,4779,1003,645,2238,667,218,8
2022,Kazakhstan,1787,94,279,615,542,253,4
2022,Kenya,5014,482,1484,2274,495,264,15
2022,"Korea, North",22,0,4,15,0,,
2022,"Korea, South",16172,1169,10338,4622,15,10,18
2022,Kosovo,853,128,,291,229,156,
2022,Kuwait,1116,175,328,339,127,144,3
2022,Kyrgyzstan,1637,73,,293,919,279,
2022,Laos,621,66,17,523,7,8,0
2022,Latvia,253,27,56,134,32,,
2022,Lebanon,3434,802,609,1752,206,62,3
2022,Lesotho,13,0,,8,0,,0
2022,Liberia,2412,150,35,825,311,1086,5
2022,Libya,709,39,162,308,104,96,0
2022,Lithuania,506,55,108,262,71,6,4
2022,Luxembourg,30,,15,,0,0,0
2022,Macau,62,19,18,21,,0,
2022,Madagascar,97,10,31,38,13,5,0
2022,Malawi,179,13,35,109,5,17,0
2022,Malaysia,1573,111,547,544,34,332,5
2022,Mali,481,10,29,302,25,104,11
2022,Malta,30,5,10,10,0,5,0
2022,Marshall Islands,15,0,,,0,0,0
2022,Mauritania,326,,7,118,34,162,
2022,Mauritius,85,4,33,44,4,0,0
2022,Mexico,138772,25148,8356,94101,15,1392,9760
2022,"Micronesia, Federated States",21,0,,13,0,0,
2022,Moldova,1499,119,,574,366,331,
2022,Mongolia,1005,37,308,275,318,57,10
2022,Montenegro,324,60,20,210,19,15,0
2022,Montserrat,10,,,7,0,0,0
2022,Morocco,4756,747,180,1595,2211,20,3
2022,Mozambique,66,,16,34,0,,0
2022,Namibia,50,,12,29,4,,0
2022,Nepal,12010,2510,2463,2866,2894,1262,15
2022,Netherlands,972,50,480,418,20,,
2022,Netherlands Antilles (former),14,,,10,0,0,0
2022,New Zealand,650,31,210,310,95,0,4
2022,Nicaragua,3754,1011,243,1936,35,469,60
2022,Niger,199,13,54,101,,18,
2022,Nigeria,12385,818,3213,7529,14,797,14
2022,North Macedonia,979,273,95,377,204,26,4
2022,Norway,279,13,96,163,,,0
2022,Oman,210,16,131,38,22,3,0
2022,Pakistan,11777,2688,2880,5122,6,1027,54
2022,Panama,952,205,98,627,3,15,4
2022,Papua New Guinea,26,0,6,12,4,4,0
2022,Paraguay,375,38,46,282,,,
2022,Peru,8035,1083,540,5555,581,152,124
2022,Philippines,35998,3573,17127,15034,12,35,217
2022,Poland,3192,474,1040,1499,131,6,42
2022,Portugal,746,60,258,408,10,5,5
2022,Qatar,430,42,195,70,87,23,13
2022,Romania,1827,157,470,933,218,45,4
2022,Russia,8906,595,2341,3117,1935,908,10
2022,Rwanda,1540,128,72,158,560,622,0
2022,Saint Kitts and Nevis,143,44,,94,0,0,
2022,Saint Lucia,628,217,39,367,0,,
2022,Saint Martin (French),15,6,0,9,0,0,0
2022,Saint Vincent and the Grenadines,317,77,,218,0,0,
2022,Samoa,139,6,,128,,0,
2022,Sao Tome and Principe,15,,0,,0,0,0
2022,Saudi Arabia,2764,304,892,859,445,257,7
2022,Senegal,1253,72,67,944,51,108,11
2022,Serbia,636,,121,474,10,22,
2022,Serbia and Montenegro (former),544,107,101,198,109,,
2022,Seychelles,14,,,5,4,0,0
2022,Sierra Leone,2323,585,,1402,166,106,
2022,Singapore,971,49,638,261,17,6,0
2022,Sint Maarten,44,8,,31,,0,0
2022,Slovakia,324,21,99,186,12,3,3
2022,Slovenia,90,,26,58,,0,0
2022,Somalia,1042,156,,597,30,252,
2022,South Africa,3535,213,1782,1223,263,,
2022,South Sudan,100,,7,63,,24,0
2022,Soviet Union (former),1236,26,242,485,19,458,6
2022,Spain,2865,167,1395,1081,,127,
2022,Sri Lanka,2572,396,643,516,723,287,7
2022,Sudan,1371,62,60,349,529,371,0
2022,Suriname,106,19,10,73,0,,
2022,Sweden,751,38,333,351,24,,
2022,Switzerland,614,14,300,271,26,,
2022,Syria,3248,720,204,1137,151,1032,4
2022,Taiwan,5091,711,2746,1330,295,4,5
2022,Tajikistan,951,56,101,220,500,68,6
2022,Tanzania,1643,59,69,311,58,1143,3
2022,Thailand,4632,427,725,2848,91,527,14
2022,Togo,1887,555,,632,574,96,
2022,Tonga,213,29,3,164,17,0,0
2022,Trinidad and Tobago,2435,733,291,1361,28,3,19
2022,Tunisia,569,39,127,288,98,,
2022,Turkey,7001,390,1771,1709,1223,1882,26
2022,Turkmenistan,942,73,,115,603,95,
2022,Turks and Caicos Islands,45,5,3,37,0,0,0
2022,Uganda,1620,85,164,610,99,657,5
2022,Ukraine,11621,1770,1794,3957,1975,2116,9
2022,United Arab Emirates,1960,143,1141,299,90,168,119
2022,United Kingdom,9143,593,4246,4204,65,26,9
2022,United States,288,9,46,176,4,21,32
2022,Uruguay,731,31,158,502,,28,
2022,Uzbekistan,4979,1793,216,947,1777,243,3
2022,Venezuela,21025,1339,3117,7733,707,8100,29
2022,Vietnam,24425,9749,2995,11446,4,89,142
2022,"Virgin Islands, British",45,,,28,,0,0
2022,Yemen,5648,2093,352,2585,480,,
2022,Zambia,365,32,73,203,26,31,0
2022,Zimbabwe,1433,69,783,334,106,133,8
2023,Afghanistan,30300,520,70,1930,750,860,26170
2023,Albania,5160,450,190,2350,1990,180,20
2023,Algeria,5150,170,90,860,4000,30,20
2023,Angola,570,10,30,160,280,90,0
2023,Anguilla,20,0,0,20,0,0,0
2023,Antigua and Barbuda,250,60,10,170,0,0,0
2023,Argentina,5050,160,1770,2930,90,60,50
2023,Armenia,4720,540,200,1650,2110,210,10
2023,Aruba,40,0,10,30,0,0,0
2023,Australia,2790,70,1090,1320,290,10,10
2023,Austria,380,20,160,190,20,0,0
2023,Azerbaijan,1370,60,120,360,730,90,10
2023,Bahamas,870,40,130,680,10,10,10
2023,Bahrain,200,20,90,80,10,10,0
2023,Bangladesh,18910,8880,2560,6970,0,470,20
2023,Barbados,300,30,40,220,0,0,0
2023,Belarus,2600,110,340,840,1180,130,0
2023,Belgium,670,10,370,270,10,10,0
2023,Belize,700,90,30,560,0,10,20
2023,Benin,710,50,30,330,290,10,0
2023,Bermuda,80,0,10,60,0,0,0
2023,Bhutan,210,0,20,50,100,40,0
2023,Bolivia,1580,190,140,1150,20,50,40
2023,Bosnia and Herzegovina,460,30,80,300,40,10,0
2023,Botswana,50,10,10,20,10,0,0
2023,Brazil,28880,600,14030,13700,20,320,210
2023,Brunei,30,0,10,10,0,0,0
2023,Bulgaria,960,60,120,640,120,20,10
2023,Burkina Faso,810,70,30,460,80,170,0
2023,Burma,3970,470,140,1100,760,1490,0
2023,Burundi,840,10,20,80,160,570,0
2023,Cabo Verde,1860,800,30,1020,20,0,0
2023,Cambodia,2470,440,130,1790,90,10,10
2023,Cameroon,6010,510,110,2400,1840,1140,10
2023,Canada,11870,670,5310,5490,70,50,280
2023,Cayman Islands,50,10,10,30,0,0,0
2023,Central African Republic,110,0,0,10,10,100,0
2023,Chad,270,10,10,40,170,40,0
2023,Chile,2200,90,720,1230,10,120,20
2023,"China, People's Republic",59260,4630,26270,22100,30,5940,280
2023,Colombia,24810,2000,2910,18970,10,800,100
2023,"Congo, Democratic Republic",4880,240,40,780,1120,2690,0
2023,"Congo, Republic",470,20,30,130,90,210,0
2023,Costa Rica,2490,100,380,1920,30,40,20
2023,Cote d'Ivoire,1700,200,50,760,500,170,10
2023,Croatia,250,10,70,160,10,10,0
2023,Cuba,81600,17020,20,21240,800,42510,10
2023,Curacao,40,0,0,30,0,0,0
2023,Cyprus,110,0,40,50,10,10,0
2023,Czechia,530,10,160,330,10,10,0
2023,Czechoslovakia (former),60,0,20,30,0,0,0
2023,Denmark,430,10,250,170,10,0,10
2023,Djibouti,160,10,0,30,50,60,0
2023,Dominica,390,100,20,260,0,0,0
2023,Dominican Republic,68870,40180,370,28100,0,90,130
2023,Ecuador,11300,1990,870,7180,250,290,720
2023,Egypt,10190,820,1170,3710,2940,1550,10
2023,El Salvador,26210,4620,3740,12650,0,3390,1810
2023,Equatorial Guinea,60,0,0,40,0,10,0
2023,Eritrea,1520,90,30,390,50,960,0
2023,Estonia,140,0,30,100,10,0,0
2023,Eswatini,20,0,0,20,0,0,0
2023,Ethiopia,6510,1240,300,3210,790,960,10
2023,Fiji,960,70,10,260,610,0,10
2023,Finland,320,0,140,150,20,0,0
2023,France,4480,150,2450,1710,140,20,20
2023,French Polynesia,20,0,10,10,0,0,0
2023,Gabon,160,10,10,90,30,10,0
2023,Gambia,1080,60,30,790,50,140,10
2023,Georgia,2690,250,160,1060,1110,110,0
2023,Germany,4550,130,1800,2220,330,50,30
2023,Ghana,6910,250,690,5140,740,80,20
2023,Greece,1020,60,360,520,60,0,10
2023,Grenada,450,70,30,350,0,0,0
2023,Guatemala,15690,2160,2690,5860,30,2900,2050
2023,Guinea,1540,40,80,690,500,240,10
2023,Guinea-Bissau,50,0,0,40,10,0,0
2023,Guyana,5860,3050,60,2720,10,20,10
2023,Haiti,15450,3050,220,11770,0,380,20
2023,Honduras,14140,1670,2440,6780,0,2110,1140
2023,Hong Kong,2290,600,850,820,10,10,0
2023,Hungary,810,20,270,460,40,10,10
2023,Iceland,60,0,20,40,0,0,0
2023,India,78070,15140,28570,31790,60,1740,790
2023,Indonesia,1930,90,310,1300,70,150,20
2023,Iran,11450,1860,3300,4030,1610,630,20
2023,Iraq,3960,290,110,1830,740,770,230
2023,Ireland,1340,20,640,670,10,0,10
2023,Israel,3650,80,1730,1750,40,50,10
2023,Italy,3470,130,1490,1600,120,100,20
2023,Jamaica,21460,5690,820,14820,0,80,60
2023,Japan,4060,80,1550,2230,180,0,10
2023,Jordan,7140,1310,580,4260,750,230,10
2023,Kazakhstan,2900,60,380,790,1460,200,10
2023,Kenya,5080,160,1260,2030,1350,270,20
2023,"Korea, North",20,0,10,20,0,0,0
2023,"Korea, South",15770,490,9570,5620,30,10,50
2023,Kosovo,1040,180,50,390,350,60,10
2023,Kuwait,1170,150,290,460,200,90,0
2023,Kyrgyzstan,2680,50,60,410,1970,190,10
2023,Laos,730,40,20,640,10,10,0
2023,Latvia,240,10,60,140,30,0,0
2023,Lebanon,3650,830,570,2010,160,70,10
2023,Lesotho,20,0,10,10,0,0,0
2023,Liberia,2590,200,10,1120,540,720,10
2023,Libya,920,40,220,290,300,70,0
2023,Lithuania,530,20,100,350,70,0,0
2023,Luxembourg,60,0,40,20,0,0,0
2023,Macau,90,20,30,40,0,0,0
2023,Madagascar,80,0,10,50,10,0,0
2023,Malawi,200,0,50,110,20,20,0
2023,Malaysia,1700,80,510,660,40,400,20
2023,Mali,40,0,0,20,10,0,0
2023,Malta,540,10,10,380,50,70,10
2023,Marshall Islands,40,0,10,20,0,0,0
2023,Mauritania,390,0,0,110,140,140,0
2023,Mauritius,60,0,20,40,0,0,0
2023,Mexico,180530,29860,8800,123280,10,1580,17000
2023,"Micronesia, Federated States",20,0,0,10,0,0,0
2023,Moldova,1540,70,80,830,340,230,0
2023,Mongolia,810,40,170,350,170,70,20
2023,Montenegro,340,20,20,260,30,10,0
2023,Montserrat,10,0,0,10,0,0,0
2023,Morocco,6170,410,170,2320,3260,10,10
2023,Mozambique,70,0,10,50,0,0,0
2023,Namibia,100,0,30,50,0,20,0
2023,Nauru,10,0,0,0,0,0,0
2023,Nepal,11930,660,2350,3930,4230,740,30
2023,Netherlands,1210,30,590,560,20,10,10
2023,Netherlands Antilles (former),10,0,0,10,0,0,0
2023,New Zealand,720,30,240,350,90,0,10
2023,Nicaragua,3870,620,160,2360,40,560,130
2023,Niger,200,0,30,110,30,10,10
2023,Nigeria,15790,830,3430,10740,20,770,20
2023,North Macedonia,920,100,80,500,220,10,0
2023,Norway,310,10,120,170,10,0,0
2023,Oman,210,10,120,50,30,0,0
2023,Pakistan,11110,1960,2460,5820,20,700,150
2023,Palau,10,0,0,10,0,0,0
2023,Panama,1010,110,110,750,0,20,10
2023,Papua New Guinea,40,0,10,10,10,0,0
2023,Paraguay,450,30,40,360,0,10,10
2023,Peru,12580,3150,600,7950,480,150,240
2023,Philippines,49200,12030,16250,20640,10,20,240
2023,Poland,3170,190,830,1930,190,10,30
2023,Portugal,890,30,230,610,10,10,10
2023,Qatar,660,40,270,100,160,30,60
2023,Romania,1860,60,400,1220,130,40,10
2023,Russia,11570,410,2260,4860,3200,830,30
2023,Rwanda,1850,60,50,250,810,680,0
2023,Saint Kitts and Nevis,150,40,10,100,0,0,0
2023,Saint Lucia,560,90,40,430,0,0,0
2023,Saint Vincent and the Grenadines,260,50,0,210,0,0,0
2023,Samoa,170,10,0,160,0,0,0
2023,Sao Tome and Principe,10,0,0,10,0,0,0
2023,Saudi Arabia,3040,260,950,890,640,280,10
2023,Senegal,1400,50,60,1030,170,80,20
2023,Serbia,690,0,150,510,10,20,0
2023,Serbia and Montenegro (former),540,60,50,290,120,20,10
2023,Sierra Leone,1870,210,30,1250,330,60,0
2023,Singapore,880,40,530,300,10,0,10
2023,Sint Maarten,50,10,0,30,0,0,0
2023,Slovakia,330,0,90,230,10,0,0
2023,Slovenia,100,10,30,60,0,0,0
2023,Somalia,1230,90,10,560,240,330,0
2023,South Africa,3850,90,1860,1560,290,50,10
2023,South Sudan,100,10,0,40,20,40,0
2023,Soviet Union (former),1440,10,260,810,10,340,0
2023,Spain,3350,150,1570,1270,70,270,10
2023,Sri Lanka,2270,120,590,630,750,150,10
2023,Sudan,3340,130,60,560,2260,330,0
2023,Suriname,140,50,20,70,0,0,0
2023,Sweden,820,30,310,440,20,0,10
2023,Switzerland,620,10,330,240,20,10,0
2023,Syria,3680,650,220,1660,200,930,0
2023,Taiwan,5300,390,2540,2180,170,0,30
2023,Tajikistan,2090,80,60,350,1550,40,10
2023,Tanzania,1820,30,110,380,120,1180,10
2023,Thailand,5230,180,570,3460,470,540,20
2023,Togo,2100,340,10,700,960,80,0
2023,Tonga,250,60,0,170,20,0,0
2023,Trinidad and Tobago,2590,530,300,1710,20,10,30
2023,Tunisia,660,20,100,390,150,10,0
2023,Turkey,7330,160,1570,2350,1480,1690,90
2023,Turkmenistan,720,30,60,120,450,50,0
2023,Turks and Caicos Islands,50,10,0,40,0,0,0
2023,Uganda,1660,40,150,520,310,640,10
2023,Ukraine,11250,520,1240,4880,2650,1940,30
2023,United Arab Emirates,1840,210,820,360,260,130,70
2023,United Kingdom,9720,290,4450,4860,50,30,40
2023,United States,220,10,30,120,10,20,40
2023,Uruguay,870,20,120,670,10,40,20
2023,Uzbekistan,5550,1110,160,1250,2790,190,50
2023,Venezuela,18440,620,3440,9220,360,4770,30
2023,Vietnam,36000,18180,3330,14080,0,150,260
2023,"Virgin Islands, British",40,0,0,30,0,0,0
2023,Yemen,5580,1040,90,3680,660,100,0
2023,Zambia,480,20,80,230,40,90,0
2023,Zimbabwe,1310,60,650,370,120,90,10
