scheme,band,band_label,nativity,subgroup,denominator,measure,ratio,se,ci_lo,ci_hi,excludes_one,difference,se_difference,n_mexican,n_denominator,pooled_ratio,coverage_composition_part,standard_share_medicaid_ever
transport,0,0-17,us_born,all,nh_white,public,4.613969936583557,3.188608333472038,-1.6355875578259198,10.863527430993035,False,2944.8145550876548,2524.041041329865,691,1546,,,
transport,0,0-17,us_born,all,nh_white,medicare,0.021917492311780324,0.02123704742235018,-0.01970635577399522,0.06354134039755586,True,-6.857343212165654,4.86277043190576,691,1546,,,
transport,0,0-17,us_born,all,nh_white,medicaid,4.92338414102522,3.5677010140818495,-2.0691813541822324,11.915949636232673,False,2864.9789111940663,2527.8030651847084,691,1546,,,
transport,0,0-17,us_born,all,nh_white,out_of_pocket,0.3217710557785374,0.09393586427406976,0.1376601449447179,0.5058819666123568,True,-485.32129677446034,114.88368672932258,691,1546,,,
transport,0,0-17,us_born,all,nh_white,private,0.3894775549321929,0.09646977584341546,0.20040026868244648,0.5785548411819392,True,-1248.6670033761338,278.4357365435839,691,1546,,,
transport,0,0-17,us_born,all,nh_white,total_all_sources,1.325006342866872,0.6991666143274601,-0.04533504040775593,2.6953477261414998,False,1177.9076801939518,2521.2548268751734,691,1546,,,
transport,0,0-17,us_born,all,nh_white,share_medicaid_ever,2.180858531523581,0.20155714047883114,1.7858137953581916,2.5759032676889704,True,0.3355869239122197,0.04101610124641743,691,1546,,,
transport,0,0-17,us_born,all,all_donors,public,2.435796589755268,0.9457158022578613,0.5822276777194564,4.28936550179108,False,2216.154710366688,2074.4367839359506,691,3372,,,
transport,0,0-17,us_born,all,all_donors,medicare,0.035619299976934936,0.03137608116760447,-0.025876689087575275,0.09711528904144515,True,-4.160393295322419,2.3951901407183933,691,3372,,,
transport,0,0-17,us_born,all,all_donors,medicaid,2.462046827177902,0.9931305225680133,0.5155467709971528,4.408546883358651,False,2134.9577922229178,2077.7285361586155,691,3372,,,
transport,0,0-17,us_born,all,all_donors,out_of_pocket,0.46377611422320286,0.11461677956692684,0.23913135424805987,0.6884208741983459,True,-266.2182246942242,68.5228533219228,691,3372,,,
transport,0,0-17,us_born,all,all_donors,private,0.5148507468373872,0.11085065880412052,0.2975874479187731,0.7321140457560013,True,-750.6222879377384,183.582322250161,691,3372,,,
transport,0,0-17,us_born,all,all_donors,total_all_sources,1.328216954958248,0.5384461867186823,0.2728818213767017,2.3835520885397945,False,1186.6683685976805,2081.485502565612,691,3372,,,
transport,0,0-17,us_born,all,all_donors,share_medicaid_ever,1.4148443046702122,0.07551270288807058,1.2668421266343202,1.5628464827061042,True,0.1817235174186272,0.03186726327168505,691,3372,,,
transport,0,0-17,foreign_born,all,nh_white,public,8.783705309472879,5.444179163547436,-1.8866897764634931,19.45410039540925,False,407.2752839076377,140.58067717391438,38,27,,,
transport,0,0-17,foreign_born,all,nh_white,medicare,,,,,False,0.0,0.0,38,27,,,
transport,0,0-17,foreign_born,all,nh_white,medicaid,32.38597238881536,34.19131514139598,-34.62777387237979,99.39971865001051,False,445.4080622566612,138.73833643167237,38,27,,,
transport,0,0-17,foreign_born,all,nh_white,out_of_pocket,1.5233426869495026,1.0776766876844386,-0.5888648078904168,3.635550181789422,False,211.57878244947864,413.76632294501013,38,27,,,
transport,0,0-17,foreign_born,all,nh_white,private,0.4736879007320094,0.3975801826624051,-0.3055549382531606,1.2529307397171794,False,-370.0256405098024,352.75307950297105,38,27,,,
transport,0,0-17,foreign_born,all,nh_white,total_all_sources,1.294873556029114,0.6930986446247319,-0.06357482516888635,2.6533219372271146,False,343.22574387658483,757.7002061907046,38,27,,,
transport,0,0-17,foreign_born,all,nh_white,share_medicaid_ever,7.826368805362166,6.064757017904819,-4.06033652471782,19.713074135442152,False,0.5207560314459151,0.1300124734631641,38,27,,,
transport,0,0-17,foreign_born,all,all_donors,public,1.3644133435393884,0.48729185313082096,0.40933886144319775,2.319487825635579,False,122.75176339160043,146.34416750647938,38,173,,,
transport,0,0-17,foreign_born,all,all_donors,medicare,,,,,False,0.0,0.0,38,173,,,
transport,0,0-17,foreign_born,all,all_donors,medicaid,1.513200083985608,0.5560272701155096,0.42340666013708494,2.602993507834131,False,155.8726033077022,144.37854428548886,38,173,,,
transport,0,0-17,foreign_born,all,all_donors,out_of_pocket,1.3872190558769693,0.7258705883646042,-0.0354611547545538,2.8098992665084923,False,171.90766506062926,338.9861649906749,38,173,,,
transport,0,0-17,foreign_born,all,all_donors,private,0.45534792986331774,0.3614793499312025,-0.25313857715679045,1.163834436883426,False,-398.3424122520233,342.4024575442785,38,173,,,
transport,0,0-17,foreign_born,all,all_donors,total_all_sources,0.97588643169552,0.41108402158388774,0.17017655477121385,1.781596308619826,False,-37.24205107479793,635.7781429456992,38,173,,,
transport,0,0-17,foreign_born,all,all_donors,share_medicaid_ever,1.5317160573901583,0.2824530074734731,0.9781183354171282,2.0853137793631884,False,0.20725565100729676,0.10588924315292311,38,173,,,
transport,0,0-17,both,all,nh_white,public,4.510554961002404,3.0951373095827877,-1.5558026929860596,10.576912614990867,False,2817.090091895076,2411.808132843113,729,1573,,,
transport,0,0-17,both,all,nh_white,medicare,0.02133332404161308,0.020647932666624697,-0.01913588034017941,0.06180252842340557,True,-6.75004654970208,4.78310524277553,729,1573,,,
transport,0,0-17,both,all,nh_white,medicaid,4.817777360674249,3.465774929725342,-1.9750166801092588,11.610571401457758,False,2743.4814467970104,2415.415286069836,729,1573,,,
transport,0,0-17,both,all,nh_white,out_of_pocket,0.3471007865788722,0.10121293104075878,0.14872708696924894,0.5454744861884955,True,-463.8965611036684,114.9145856161246,729,1573,,,
transport,0,0-17,both,all,nh_white,private,0.38394579932708905,0.09514936992898522,0.19745646111459958,0.5704351375395785,True,-1246.5570756471711,273.86421615112334,729,1573,,,
transport,0,0-17,both,all,nh_white,total_all_sources,1.300743820411824,0.6755782202047526,-0.023365159929160884,2.6248528007528087,False,1077.9617938369825,2409.6103699178752,729,1573,,,
transport,0,0-17,both,all,nh_white,share_medicaid_ever,2.203634083360266,0.2026621880076929,1.8064234938371024,2.6008446728834294,True,0.33799696793696454,0.040412024194323576,729,1573,,,
transport,0,0-17,both,all,all_donors,public,2.4309971964518278,0.9378678291510449,0.5928100290570151,4.269184363846641,False,2130.6360131180463,1982.0742092341372,729,3545,,,
transport,0,0-17,both,all,all_donors,medicare,0.0357230753980265,0.03144012950527762,-0.025898446101592747,0.09734459689764574,True,-3.9717639644877716,2.2855963329874336,729,3545,,,
transport,0,0-17,both,all,all_donors,medicaid,2.4589824034728283,0.9850254663369048,0.5283679655977234,4.389596841347933,False,2054.1530032863757,1985.3117158571158,729,3545,,,
transport,0,0-17,both,all,all_donors,out_of_pocket,0.499139588514397,0.12290367327637876,0.25825281532501676,0.7400263617037772,True,-247.47155933352332,69.27382641961465,729,3545,,,
transport,0,0-17,both,all,all_donors,private,0.5144010360230526,0.11039685037393122,0.29802718528349026,0.730774886762615,True,-733.3969208743605,177.19158328124877,729,3545,,,
transport,0,0-17,both,all,all_donors,total_all_sources,1.3238299544827474,0.5282308714962389,0.28851647082791376,2.359143438137581,False,1140.4683635284591,1987.6189702965091,729,3545,,,
transport,0,0-17,both,all,all_donors,share_medicaid_ever,1.4197173064057318,0.0743528626857356,1.2739883733942379,1.5654462394172257,True,0.1829417413974216,0.03132176958488378,729,3545,,,
transport,1,18-34,us_born,all,nh_white,public,0.8281915561690713,0.25029607609201304,0.3376202615570288,1.3187628507811138,False,-200.36972305491167,315.1313365604965,507,1412,,,
transport,1,18-34,us_born,all,nh_white,medicare,0.37841623688285697,0.31003661169095514,-0.22924435592024495,0.9860768296859589,True,-60.93354519001464,44.708331758798685,507,1412,,,
transport,1,18-34,us_born,all,nh_white,medicaid,0.7297277581721135,0.2592727637991717,0.22156247895357672,1.2378930373906503,False,-261.95623645599267,283.5001827433712,507,1412,,,
transport,1,18-34,us_born,all,nh_white,out_of_pocket,0.4648484666338842,0.08397487389390963,0.3002607381955285,0.6294361950722398,True,-441.40688539153274,86.76436945252652,507,1412,,,
transport,1,18-34,us_born,all,nh_white,private,0.2346015272871449,0.06218053340886411,0.11272992126628165,0.3564731333080081,True,-2990.3669068028175,554.9229620123002,507,1412,,,
transport,1,18-34,us_born,all,nh_white,total_all_sources,0.3875948507625403,0.07279475600186695,0.24491975073550012,0.5302699507895805,True,-3667.393869361309,701.7566755293884,507,1412,,,
transport,1,18-34,us_born,all,nh_white,share_medicaid_ever,1.9067097719699175,0.22256951634867456,1.4704815358700167,2.3429380080698183,True,0.1751609855446179,0.03757009251411863,507,1412,,,
transport,1,18-34,us_born,all,all_donors,public,0.8954777760666434,0.2136791745936469,0.47667428961684927,1.3142812625164375,False,-112.73849209844366,234.3837506453039,507,2674,,,
transport,1,18-34,us_born,all,all_donors,medicare,0.4773418105712518,0.3494926667023392,-0.20765122902619404,1.1623348501686976,False,-40.61765359880167,31.362844241336955,507,2674,,,
transport,1,18-34,us_born,all,all_donors,medicaid,0.7883310218468919,0.23096895561918368,0.3356401872864617,1.2410218564073219,False,-189.90515823012504,213.93521620079764,507,2674,,,
transport,1,18-34,us_born,all,all_donors,out_of_pocket,0.5563945492527714,0.08976606423498636,0.38045629631828914,0.7323328021872537,True,-305.6945802048744,67.12482642576367,507,2674,,,
transport,1,18-34,us_born,all,all_donors,private,0.31504319639835765,0.07723131298025009,0.16367260447832668,0.46641378831838864,True,-1992.7866283547914,376.19583027904497,507,2674,,,
transport,1,18-34,us_born,all,all_donors,total_all_sources,0.48822950311859,0.08099799121560258,0.32947635751591725,0.6469826487212627,True,-2433.032698101917,486.35754090613415,507,2674,,,
transport,1,18-34,us_born,all,all_donors,share_medicaid_ever,1.4154588670078943,0.1180376485497687,1.184109327030551,1.6468084069852376,True,0.10811462721259618,0.031300858225985044,507,2674,,,
transport,1,18-34,foreign_born,all,nh_white,public,2.30219905786699,1.5391134939519926,-0.7144079583985214,5.318806074132501,False,908.388165465466,556.8170526080694,134,64,,,
transport,1,18-34,foreign_born,all,nh_white,medicare,3.391541624419679,4.752123759263662,-5.922449793814188,12.705533042653546,False,3.0475953411932672,4.443391242859984,134,64,,,
transport,1,18-34,foreign_born,all,nh_white,medicaid,4.579401082402162,3.027614201700362,-1.3546137120125339,10.513415876816858,False,921.4185140416046,389.0433285598764,134,64,,,
transport,1,18-34,foreign_born,all,nh_white,out_of_pocket,0.17600296732568949,0.07201778098782201,0.03485071034306492,0.31715522430831405,True,-1789.9798078360132,717.3917155866334,134,64,,,
transport,1,18-34,foreign_born,all,nh_white,private,0.2782253075223574,0.1785675477441723,-0.07176065486385685,0.6282112699085717,True,-2969.2059759510566,1456.418506596701,134,64,,,
transport,1,18-34,foreign_born,all,nh_white,total_all_sources,0.46782077745335104,0.15383488305117446,0.16630994710711794,0.7693316077995842,True,-3724.757805264805,1828.6775202087533,134,64,,,
transport,1,18-34,foreign_born,all,nh_white,share_medicaid_ever,1.8707904739366483,0.8272072747377035,0.24949400770121977,3.4920869401720767,False,0.1101747113826918,0.0672002758320264,134,64,,,
transport,1,18-34,foreign_born,all,all_donors,public,1.9980994823958707,0.4161239986307506,1.1825114319768046,2.813687532814937,True,802.2203705284988,307.04034764569445,134,466,,,
transport,1,18-34,foreign_born,all,all_donors,medicare,0.46280927534293587,0.48927432953557154,-0.4961507891067664,1.421769339792638,False,-5.016524753470103,6.291136776120041,134,466,,,
transport,1,18-34,foreign_born,all,all_donors,medicaid,1.8851318332104519,0.5061454413068661,0.8931049973098625,2.8771586691110413,False,553.5049187487857,309.10760407653004,134,466,,,
transport,1,18-34,foreign_born,all,all_donors,out_of_pocket,0.39215590574396714,0.12006465982822205,0.1568334966645989,0.6274783148233354,True,-592.6194700278984,204.3786998626552,134,466,,,
transport,1,18-34,foreign_born,all,all_donors,private,0.5441064425372667,0.276429348367899,0.002314875466308708,1.0858980096082247,False,-958.9917993937779,585.9517384781686,134,466,,,
transport,1,18-34,foreign_born,all,all_donors,total_all_sources,0.8294157558666767,0.1741487784510377,0.48809042215099774,1.1707410895823558,False,-673.4203945093186,702.0854358009757,134,466,,,
transport,1,18-34,foreign_born,all,all_donors,share_medicaid_ever,1.2079021860296497,0.21729082545764666,0.7820199939616832,1.6337843780976162,False,0.04073996865216967,0.0408724556961885,134,466,,,
transport,1,18-34,both,all,nh_white,public,0.941331887409873,0.2372153547888616,0.47639833544381316,1.4062654393759328,False,-67.31089786238294,280.60959315333923,641,1476,,,
transport,1,18-34,both,all,nh_white,medicare,0.33203390268309063,0.26621414265503673,-0.18973622909598953,0.8538040344621708,True,-62.870922545824556,40.61746252240094,641,1476,,,
transport,1,18-34,both,all,nh_white,medicaid,0.8414326730860254,0.24765317450291402,0.35604137040330075,1.32682397576875,False,-149.13116201162427,253.5892755003881,641,1476,,,
transport,1,18-34,both,all,nh_white,out_of_pocket,0.4358639746224884,0.06823390709323902,0.3021279741952878,0.569599975049689,True,-496.0064235662071,82.29134152205695,641,1476,,,
transport,1,18-34,both,all,nh_white,private,0.2444837199743478,0.04667445746468437,0.15300346434561976,0.3359639756030759,True,-2958.0666085305875,509.5815483796245,641,1476,,,
transport,1,18-34,both,all,nh_white,total_all_sources,0.4131615562115217,0.05730893313954022,0.3008381112656089,0.5254850011574345,True,-3538.2316821901,611.7232731111177,641,1476,,,
transport,1,18-34,both,all,nh_white,share_medicaid_ever,1.8104214234974707,0.2068127067061512,1.4050759668081692,2.2157668801867723,True,0.15437847811339014,0.0345787670798525,641,1476,,,
transport,1,18-34,both,all,all_donors,public,1.0378721677748008,0.1898381046741635,0.6657963197200955,1.4099480158295061,False,39.40962806820676,196.07054790589984,641,3140,,,
transport,1,18-34,both,all,all_donors,medicare,0.45785346516577696,0.32654959029527836,-0.18217197097927895,1.0978789013108328,False,-37.005648869671646,26.216867640095444,641,3140,,,
transport,1,18-34,both,all,all_donors,medicaid,0.9206299971263963,0.20506269430273447,0.5187145017202898,1.3225454925325026,False,-68.22528257673162,178.97106541737506,641,3140,,,
transport,1,18-34,both,all,all_donors,out_of_pocket,0.5259435279868153,0.07226235812741474,0.38431190861914716,0.6675751473544835,True,-345.4183507245741,59.07468580768937,641,3140,,,
transport,1,18-34,both,all,all_donors,private,0.3421202093826287,0.057585910915570984,0.22925389797117762,0.4549865207940798,True,-1840.6952151440337,312.73647688650726,641,3140,,,
transport,1,18-34,both,all,all_donors,total_all_sources,0.5365671577220164,0.06263735635093919,0.4138001951873743,0.6593341202566584,True,-2151.5445144367727,384.0620996469995,641,3140,,,
transport,1,18-34,both,all,all_donors,share_medicaid_ever,1.3721207122389483,0.11380342754444206,1.1490700929346283,1.5951713315432683,True,0.0935291625645584,0.028978040759732933,641,3140,,,
transport,2,35-49,us_born,all,nh_white,public,0.662721876953028,0.2322528614908828,0.207514633124528,1.117929120781528,False,-620.6628376165231,501.6109788017089,209,1651,,,
transport,2,35-49,us_born,all,nh_white,medicare,0.4059735032114969,0.29879175698936866,-0.1796475793651096,0.9915945857881034,True,-359.94104047848907,260.4474252161907,209,1651,,,
transport,2,35-49,us_born,all,nh_white,medicaid,0.5138795760134702,0.18319675931627966,0.15482052566910948,0.8729386263578309,True,-503.8953022812726,253.97123612166334,209,1651,,,
transport,2,35-49,us_born,all,nh_white,out_of_pocket,0.5283639982980168,0.15420074697836314,0.2261360878312515,0.8305919087647822,True,-648.6784739798944,239.32722411364222,209,1651,,,
transport,2,35-49,us_born,all,nh_white,private,0.5898488302290765,0.1524821608490989,0.2909892866799992,0.8887083737781538,True,-2685.0352850874037,1164.781607825128,209,1651,,,
transport,2,35-49,us_born,all,nh_white,total_all_sources,0.5954262673407862,0.12022995508703534,0.35977988550732865,0.8310726491742437,True,-3981.951853525148,1373.7556566622195,209,1651,,,
transport,2,35-49,us_born,all,nh_white,share_medicaid_ever,1.6977770318020196,0.29968225253069986,1.1104106100360105,2.2851434535680286,True,0.0937350716476491,0.03880521534942133,209,1651,,,
transport,2,35-49,us_born,all,all_donors,public,0.6155632953851852,0.18598188471841215,0.2510454995602171,0.9800810912101532,True,-761.6422150146245,430.5652608397663,209,2458,,,
transport,2,35-49,us_born,all,all_donors,medicare,0.4604861392893301,0.3155615719442989,-0.15800317662634095,1.078975455205001,False,-288.210158328083,208.808956779533,209,2458,,,
transport,2,35-49,us_born,all,all_donors,medicaid,0.4340100284005451,0.13831577268863054,0.16291609543700036,0.7051039613640898,True,-694.6511680630807,248.13635553574923,209,2458,,,
transport,2,35-49,us_born,all,all_donors,out_of_pocket,0.5952683204194388,0.16561404971255292,0.27067074764900895,0.9198658931898687,True,-494.09468725200475,216.18915491124255,209,2458,,,
transport,2,35-49,us_born,all,all_donors,private,0.6965440338234558,0.16527655148563744,0.37260794542262643,1.020480122224285,False,-1682.2629069694408,972.0512980714722,209,2458,,,
transport,2,35-49,us_born,all,all_donors,total_all_sources,0.6644435460458673,0.12169451182097846,0.4259266857605657,0.9029604063311689,True,-2959.6054670119047,1145.1625930480432,209,2458,,,
transport,2,35-49,us_born,all,all_donors,share_medicaid_ever,1.3786200822354695,0.2070355566871595,0.9728378476094361,1.7844023168615029,False,0.06263616285316123,0.03509597625910602,209,2458,,,
transport,2,35-49,foreign_born,all,nh_white,public,5.155735386994297,2.7742641544212763,-0.28172243927187157,10.593193213260466,False,533.899676559239,242.57622897126282,294,94,,,
transport,2,35-49,foreign_born,all,nh_white,medicare,0.2211544942370124,0.22427848924558508,-0.21842326719138822,0.6607322556654129,True,-38.13994809567543,40.153650201807835,294,94,,,
transport,2,35-49,foreign_born,all,nh_white,medicaid,10.158795500052891,6.696059421296552,-2.9652398040284673,23.28283080413425,False,492.05249477599153,226.0956057194184,294,94,,,
transport,2,35-49,foreign_born,all,nh_white,out_of_pocket,0.3258722579264678,0.0975201309389186,0.13473631351855708,0.5170082023343785,True,-832.9555989435287,303.8072006790782,294,94,,,
transport,2,35-49,foreign_born,all,nh_white,private,0.2507025946482187,0.1266214623249008,0.0025290888216178142,0.49887610047481956,True,-2676.9538511943338,1403.6130008517962,294,94,,,
transport,2,35-49,foreign_born,all,nh_white,total_all_sources,0.41481882423144945,0.1532912722676327,0.11437345144256578,0.7152641970203331,True,-2904.06100856604,1568.5019778834703,294,94,,,
transport,2,35-49,foreign_born,all,nh_white,share_medicaid_ever,2.3913003448721604,1.1233972762035016,0.1894821431829019,4.593118546561419,False,0.09010625007147624,0.04385779965316661,294,94,,,
transport,2,35-49,foreign_born,all,all_donors,public,1.1778134054649934,0.3385348981721893,0.5142971975375678,1.841329613392419,False,99.997788957132,192.7241185613876,294,872,,,
transport,2,35-49,foreign_born,all,all_donors,medicare,0.19709622699484056,0.13534019613649756,-0.06816568309328161,0.4623581370829627,True,-44.11738242651157,21.094269182255506,294,872,,,
transport,2,35-49,foreign_born,all,all_donors,medicaid,1.2574927463342487,0.4185310860659631,0.43718689123452725,2.07779860143397,False,111.75701790450194,184.7838919683055,294,872,,,
transport,2,35-49,foreign_born,all,all_donors,out_of_pocket,0.6279104290254046,0.11665867187710272,0.3992636336620076,0.8565572243888016,True,-238.60351820395704,85.73529837181108,294,872,,,
transport,2,35-49,foreign_born,all,all_donors,private,0.4854812911981349,0.15790259331098788,0.17599789524312337,0.7949646871531464,True,-949.2359048841373,365.18458701635325,294,872,,,
transport,2,35-49,foreign_born,all,all_donors,total_all_sources,0.6572513157924261,0.13033520676688498,0.40179900461175044,0.9127036269731018,True,-1073.5398663814153,440.99528124310456,294,872,,,
transport,2,35-49,foreign_born,all,all_donors,share_medicaid_ever,1.030017577620818,0.1998304744003355,0.6383570447826072,1.4216781104590288,False,0.004513351482356959,0.03003505999366483,294,872,,,
transport,2,35-49,both,all,nh_white,public,0.5236362229745933,0.14313608308626188,0.24309465523738727,0.8041777907117994,True,-829.2796978094995,364.0621805195938,503,1745,,,
transport,2,35-49,both,all,nh_white,medicare,0.20224481166212918,0.14277889607765684,-0.0775966824024654,0.48208630572672373,True,-457.5968388348017,203.85896672608894,503,1745,,,
transport,2,35-49,both,all,nh_white,medicaid,0.5512053106888747,0.1407972182558943,0.27524783378389645,0.827162787593853,True,-439.6017119023667,208.4447924876179,503,1745,,,
transport,2,35-49,both,all,nh_white,out_of_pocket,0.400495688766671,0.08029643843776046,0.24311756134182286,0.5578738161915192,True,-819.682059279168,156.44426509948042,503,1745,,,
transport,2,35-49,both,all,nh_white,private,0.3486319063587311,0.07863990506682993,0.19450052468009552,0.5027632880373667,True,-4151.714776268083,818.7179698530203,503,1745,,,
transport,2,35-49,both,all,nh_white,total_all_sources,0.3932364637318277,0.06395890299302391,0.26787931737480974,0.5185936100888456,True,-5800.113990788812,952.7932046688184,503,1745,,,
transport,2,35-49,both,all,nh_white,share_medicaid_ever,1.4398711116065084,0.24555076111000038,0.9586004634545091,1.9211417597585076,False,0.05731331493910424,0.030652998298985497,503,1745,,,
transport,2,35-49,both,all,all_donors,public,0.5607655867174625,0.13478862081828946,0.29658474438778937,0.8249464290471356,True,-714.0144319076306,290.333261586598,503,3330,,,
transport,2,35-49,both,all,all_donors,medicare,0.2801560940797301,0.1830763376613565,-0.07866693415802256,0.6389791223174828,True,-298.0773838215513,125.94049763300347,503,3330,,,
transport,2,35-49,both,all,all_donors,medicaid,0.5249567246976397,0.1203137074085388,0.28914619133041375,0.7607672580648656,True,-488.57892569034993,188.8583486116316,503,3330,,,
transport,2,35-49,both,all,all_donors,out_of_pocket,0.5091234219293909,0.09348531463029039,0.3258955721706263,0.6923512716881555,True,-527.9590003286066,119.68530855973037,503,3330,,,
transport,2,35-49,both,all,all_donors,private,0.48132860964763396,0.09815063860708423,0.2889568929181423,0.6737003263771256,True,-2394.5216923592325,551.8088434159455,503,3330,,,
transport,2,35-49,both,all,all_donors,total_all_sources,0.5083536925906331,0.0739970958431033,0.3633220497775921,0.6533853354036742,True,-3635.445481885626,662.2435336817383,503,3330,,,
transport,2,35-49,both,all,all_donors,share_medicaid_ever,1.1605571772557208,0.15831474803811973,0.850265972879473,1.4708483816319686,False,0.025954752298903705,0.02596940692354485,503,3330,,,
transport,3,50-64,us_born,all,nh_white,public,1.0649153557485416,0.27396035898588644,0.52796291894454,1.601867792552543,False,197.68069096678119,828.7115440767034,154,2025,,,
transport,3,50-64,us_born,all,nh_white,medicare,0.5186010398623725,0.1677480536525552,0.1898208962266716,0.8473811834980733,True,-715.8661571141851,295.0124149916672,154,2025,,,
transport,3,50-64,us_born,all,nh_white,medicaid,1.8263247294860205,0.672052708731847,0.5091256246590135,3.1435238343130276,False,966.5339260750461,748.1956639049097,154,2025,,,
transport,3,50-64,us_born,all,nh_white,out_of_pocket,1.241326475507722,0.6262613504200134,0.013876783775077506,2.4687761672403665,False,441.632886054525,1142.4472497344989,154,2025,,,
transport,3,50-64,us_born,all,nh_white,private,0.7814256624666477,0.210204299552722,0.3694328059478436,1.1934185189854518,False,-1767.0213236794852,1738.8758637214742,154,2025,,,
transport,3,50-64,us_born,all,nh_white,total_all_sources,0.9150455713143498,0.21142614070483773,0.50065795014257,1.3294331924861296,False,-1112.9594302000442,2784.2320025506156,154,2025,,,
transport,3,50-64,us_born,all,nh_white,share_medicaid_ever,1.2746853802833986,0.30709703584901654,0.6727862502603204,1.8765845103064769,False,0.03061912965160561,0.03385983939602062,154,2025,,,
transport,3,50-64,us_born,all,all_donors,public,0.9645280082399097,0.23437340543984736,0.5051645746438049,1.4238914418360145,False,-119.26214880829184,789.4547642314183,154,2820,,,
transport,3,50-64,us_born,all,all_donors,medicare,0.5064869318180326,0.1550524633043288,0.2025896880273298,0.8103841756087354,True,-751.433373903173,264.11017876677295,154,2820,,,
transport,3,50-64,us_born,all,all_donors,medicaid,1.4768366032265614,0.5069912257673124,0.4831520602448137,2.470521146208309,False,689.733770326083,722.2892684455505,154,2820,,,
transport,3,50-64,us_born,all,all_donors,out_of_pocket,1.3382087339653657,0.6302898039755402,0.10286341835049617,2.573554049580235,False,574.1209731137119,1085.0759241737173,154,2820,,,
transport,3,50-64,us_born,all,all_donors,private,0.8128142753428765,0.20990823793409527,0.40140168893378547,1.2242268617519676,False,-1454.8281368364915,1645.7803775217521,154,2820,,,
transport,3,50-64,us_born,all,all_donors,total_all_sources,0.9199090366002679,0.20264124750092682,0.5227394897161841,1.3170785834843517,False,-1043.697555037128,2641.7856834577965,154,2820,,,
transport,3,50-64,us_born,all,all_donors,share_medicaid_ever,1.049559794288626,0.24037804803339857,0.5784274774691256,1.5206921111081262,False,0.006709383409594594,0.032553331010610295,154,2820,,,
transport,3,50-64,foreign_born,all,nh_white,public,0.19377725652603583,0.14877056662851737,-0.09780769602547468,0.48536220907754635,True,-7354.894259525867,6036.125214318104,269,117,,,
transport,3,50-64,foreign_born,all,nh_white,medicare,0.08614822016255533,0.10365382274998032,-0.11700953928730459,0.2893059796124152,True,-6309.598386645133,5867.48992274201,269,117,,,
transport,3,50-64,foreign_born,all,nh_white,medicaid,6.277965603788726,3.287577505813971,-0.16556790399067722,12.721499111568129,False,974.1186064614155,436.737948345288,269,117,,,
transport,3,50-64,foreign_born,all,nh_white,out_of_pocket,0.2646769366003044,0.06255526744903224,0.14207086535693042,0.38728300784367836,True,-1379.2538956735605,336.29013511194364,269,117,,,
transport,3,50-64,foreign_born,all,nh_white,private,0.21370905593441783,0.06729617013048021,0.08181098618119648,0.3456071256876392,True,-5362.724644968115,1382.304026017822,269,117,,,
transport,3,50-64,foreign_born,all,nh_white,total_all_sources,0.21203981963898527,0.08279503434183258,0.04976453423023647,0.3743151050477341,True,-14276.806161891114,6134.593571734563,269,117,,,
transport,3,50-64,foreign_born,all,nh_white,share_medicaid_ever,2.2148771772412554,0.8584093612840026,0.5324257451325789,3.897328609349932,False,0.11057981236582289,0.049053257645563765,269,117,,,
transport,3,50-64,foreign_born,all,all_donors,public,0.5817567459228693,0.2756980548925671,0.04139848772569099,1.1221150041200476,False,-1270.900959957663,1135.5972663007772,269,802,,,
transport,3,50-64,foreign_born,all,all_donors,medicare,0.3943845858629277,0.3949227269862904,-0.3796497357065459,1.1684189074324012,False,-913.3752762623355,1041.8858906822938,269,802,,,
transport,3,50-64,foreign_born,all,all_donors,medicaid,1.1006267801538643,0.354927810448452,0.4049810545632393,1.7962725057444893,False,105.93457187510057,374.39374121115776,269,802,,,
transport,3,50-64,foreign_born,all,all_donors,out_of_pocket,0.5290724466393179,0.09533430702575967,0.3422206383777451,0.7159242549008906,True,-441.89703483103904,122.94274840820782,269,802,,,
transport,3,50-64,foreign_born,all,all_donors,private,0.37700117198772726,0.09947213537106059,0.1820393691951557,0.5719629747802988,True,-2408.6277166234213,640.9588845161414,269,802,,,
transport,3,50-64,foreign_born,all,all_donors,total_all_sources,0.48159906214447823,0.11096289418461965,0.2641157859222947,0.6990823383666618,True,-4135.465140547219,1335.4820672153285,269,802,,,
transport,3,50-64,foreign_born,all,all_donors,share_medicaid_ever,1.2938548053080743,0.19604955967946985,0.9096047291513774,1.6781048814647712,False,0.04578680896579845,0.031389733189033514,269,802,,,
transport,3,50-64,both,all,nh_white,public,0.6981795846982403,0.18546529305455622,0.33467428992914344,1.061684879467337,False,-1024.589274228449,705.5674391895384,423,2142,,,
transport,3,50-64,both,all,nh_white,medicare,0.3707505358024127,0.18844077916846566,0.0014133954135543414,0.740087676191271,True,-1131.7587208875234,490.41484090019793,423,2142,,,
transport,3,50-64,both,all,nh_white,medicaid,1.3996434785180811,0.4394985212381201,0.5382422056327537,2.2610447514034084,False,444.81430926403414,457.84064010024633,423,2142,,,
transport,3,50-64,both,all,nh_white,out_of_pocket,0.6664305261102821,0.2601467078118852,0.15655234810232233,1.1763087041182418,False,-611.3160711389642,485.9234490852977,423,2142,,,
transport,3,50-64,both,all,nh_white,private,0.4296205960380371,0.09279080480140998,0.24775396053078722,0.611487231545287,True,-4569.659868318848,898.2800068899136,423,2142,,,
transport,3,50-64,both,all,nh_white,total_all_sources,0.5353639081232523,0.09773639742578608,0.34380408919001837,0.7269237270564862,True,-6221.120399487051,1455.3567671816534,423,2142,,,
transport,3,50-64,both,all,nh_white,share_medicaid_ever,1.6075252363377652,0.2560830749654383,1.1056116323552354,2.109438840320295,True,0.06700633170220534,0.026927191070527608,423,2142,,,
transport,3,50-64,both,all,all_donors,public,0.7198416693575469,0.16890377118696817,0.38879636097809517,1.0508869777369987,False,-922.4331379776268,582.6148575619269,423,3622,,,
transport,3,50-64,both,all,all_donors,medicare,0.43884218623799204,0.20573508741944163,0.03560882453968689,0.8420755479362971,True,-852.6865786147574,365.79398001226826,423,3622,,,
transport,3,50-64,both,all,all_donors,medicaid,1.143995691876261,0.31223010741276175,0.5320359264581754,1.7559554572943465,False,196.08688798677804,420.2243922125024,423,3622,,,
transport,3,50-64,both,all,all_donors,out_of_pocket,0.7960855307113569,0.2865165354873873,0.23452344018088545,1.3576476212418283,False,-312.84031039918864,433.63866621967264,423,3622,,,
transport,3,50-64,both,all,all_donors,private,0.4965575075197254,0.1021288538516442,0.2963886321881479,0.6967263828513028,True,-3489.6787616242027,772.26442465954,423,3622,,,
transport,3,50-64,both,all,all_donors,total_all_sources,0.6001497643259299,0.10266330202785263,0.39893338981738086,0.801366138834479,True,-4775.759747256655,1264.230348626338,423,3622,,,
transport,3,50-64,both,all,all_donors,share_medicaid_ever,1.2684531758457218,0.17239126382742143,0.9305725074946332,1.6063338441968105,False,0.03752350734685675,0.024372695823482268,423,3622,,,
transport,4,65+,us_born,all,nh_white,public,0.9736837432316711,0.22602314636254897,0.5306865166886497,1.4166809697746925,False,-290.00881885351373,2491.8611473621772,125,3372,,,
transport,4,65+,us_born,all,nh_white,medicare,0.9303015883088769,0.23916828389183717,0.46154036563662487,1.399062810981129,False,-689.2915430072026,2369.08761982616,125,3372,,,
transport,4,65+,us_born,all,nh_white,medicaid,2.864317739027074,0.8444492048442633,1.2092277107588314,4.519407767295316,True,520.1756991253551,281.57899701621034,125,3372,,,
transport,4,65+,us_born,all,nh_white,out_of_pocket,0.48638632114481833,0.11182561143836185,0.26721215017645883,0.7055604921131778,True,-1193.5972071643887,279.1904922628148,125,3372,,,
transport,4,65+,us_born,all,nh_white,private,0.63635497941158,0.19430908054774895,0.25551617966889967,1.0171937791542605,False,-1079.2783985591327,612.4041937042907,125,3372,,,
transport,4,65+,us_born,all,nh_white,total_all_sources,0.8383974418578031,0.1812298877130984,0.48319338901789216,1.193601494697714,False,-2660.669670941543,2995.116120673672,125,3372,,,
transport,4,65+,us_born,all,nh_white,share_medicaid_ever,2.3105993810588017,0.5099741411890287,1.3110684312815608,3.3101303308360426,True,0.09254436251564425,0.03487638815927672,125,3372,,,
transport,4,65+,us_born,all,all_donors,public,0.9706462919640946,0.21825273697235165,0.5428787879709919,1.3984137959571972,False,-324.49423002397634,2411.5304476841966,125,4177,,,
transport,4,65+,us_born,all,all_donors,medicare,0.9487871015398965,0.2359061434234428,0.48641955669820813,1.411154646381585,False,-496.6088047274716,2285.9683871039506,125,4177,,,
transport,4,65+,us_born,all,all_donors,medicaid,1.9311298530597323,0.6282878203565229,0.699708353235776,3.1625513528836886,False,385.34532410999225,283.00178135835085,125,4177,,,
transport,4,65+,us_born,all,all_donors,out_of_pocket,0.5290686715976913,0.11944446409587325,0.29496182381709213,0.7631755193782905,True,-1006.1161067932017,265.44797973755146,125,4177,,,
transport,4,65+,us_born,all,all_donors,private,0.645933137007855,0.1920628816402719,0.2694968062259429,1.0223694677897672,False,-1035.2685115646036,585.8963014180594,125,4177,,,
transport,4,65+,us_born,all,all_donors,total_all_sources,0.8487583781987283,0.17829234144986994,0.4993118102376654,1.1982049461597912,False,-2459.687441760363,2894.509434527495,125,4177,,,
transport,4,65+,us_born,all,all_donors,share_medicaid_ever,1.708381791742917,0.3476729216892874,1.026955386832099,2.3898081966537346,True,0.06765300906558269,0.03356346226823888,125,4177,,,
transport,4,65+,foreign_born,all,nh_white,public,0.7385658170477751,0.21663047413211395,0.31397788979499597,1.1631537443005544,False,-3121.3460041228736,3097.842179018386,155,130,,,
transport,4,65+,foreign_born,all,nh_white,medicare,0.6968747309231453,0.22262647721917814,0.2605348535685294,1.1332146082777612,False,-3278.053340084376,3016.3350111315253,155,130,,,
transport,4,65+,foreign_born,all,nh_white,medicaid,1.8602595285906225,1.1068454760246673,-0.3091177408688175,4.0296367980500625,False,535.0377228313507,475.8711001935216,155,130,,,
transport,4,65+,foreign_born,all,nh_white,out_of_pocket,0.4044572362313461,0.16140730179876717,0.08810473786397538,0.7208097345987168,True,-1035.2791931947813,361.9376796243038,155,130,,,
transport,4,65+,foreign_born,all,nh_white,private,0.1029727197512621,0.06734180853305126,-0.02901479962731046,0.23496023912983466,True,-2641.5330706694876,1382.1978414178634,155,130,,,
transport,4,65+,foreign_born,all,nh_white,total_all_sources,0.5990838455268181,0.15572205202562087,0.29387423195792867,0.9042934590957077,True,-6688.7402452897095,3561.8850389554073,155,130,,,
transport,4,65+,foreign_born,all,nh_white,share_medicaid_ever,3.95643984200641,1.1640973925674325,1.6748508780772573,6.238028805935563,True,0.26661205759609474,0.047694549625860165,155,130,,,
transport,4,65+,foreign_born,all,all_donors,public,0.8437445618618282,0.16330824604105987,0.523666281242945,1.1638228424807116,False,-1633.0252475606612,1757.0116377789943,155,662,,,
transport,4,65+,foreign_born,all,all_donors,medicare,0.8354361215763801,0.17562432305096895,0.49121877358725335,1.179653469565507,False,-1484.4646396278822,1640.296871344611,155,662,,,
transport,4,65+,foreign_born,all,all_donors,medicaid,0.9742723715209977,0.3576001394780423,0.27338897727753475,1.6751557657644605,False,-30.552574919493736,428.9088715517735,155,662,,,
transport,4,65+,foreign_born,all,all_donors,out_of_pocket,0.7070062088903283,0.24773838167403148,0.22144790322098884,1.1925645145596677,False,-291.37503120427766,254.50034573739975,155,662,,,
transport,4,65+,foreign_born,all,all_donors,private,0.21326703666294916,0.11070966573201868,-0.0037199209122756594,0.430253994238174,True,-1118.6035608256161,366.7316762478652,155,662,,,
transport,4,65+,foreign_born,all,all_donors,total_all_sources,0.7730435267724803,0.13844115614895114,0.5017038467424503,1.0443832068025105,False,-2934.384430982658,1883.647930943584,155,662,,,
transport,4,65+,foreign_born,all,all_donors,share_medicaid_ever,1.263145012871357,0.16528166618010773,0.9391988998535741,1.58709112588914,False,0.0743288200954238,0.044043011415069146,155,662,,,
transport,4,65+,both,all,nh_white,public,0.8857373106598034,0.15137185918545026,0.5890539183834523,1.1824207029361546,False,-1263.452106643157,1682.5756900781455,280,3502,,,
transport,4,65+,both,all,nh_white,medicare,0.8447125178165492,0.14929683626316426,0.5520960957349738,1.1373289398981248,False,-1541.561037003983,1495.6729343687355,280,3502,,,
transport,4,65+,both,all,nh_white,medicaid,3.3262501493821586,0.9989028570466661,1.3684365255165307,5.284063773247786,True,681.429839247704,268.49486087267076,280,3502,,,
transport,4,65+,both,all,nh_white,out_of_pocket,0.40047789946400675,0.08132689243701309,0.2410801193128982,0.5598756796151153,True,-1378.9984453967345,215.52528536970001,280,3502,,,
transport,4,65+,both,all,nh_white,private,0.37494822289683877,0.10757204077649468,0.16411089723143507,0.5857855485622425,True,-1854.5313628385754,404.7585797341185,280,3502,,,
transport,4,65+,both,all,nh_white,total_all_sources,0.7247508755187306,0.11612224643562497,0.49715545470102107,0.9523462963364402,True,-4534.228251829358,1944.7293713432084,280,3502,,,
transport,4,65+,both,all,nh_white,share_medicaid_ever,3.6125189230521335,0.4833311044686129,2.665207365685686,4.559830480418581,True,0.18654999163390756,0.029270130553439012,280,3502,,,
transport,4,65+,both,all,all_donors,public,0.8933746165162947,0.14456539068975985,0.6100316573534033,1.1767175756791861,False,-1168.924009189619,1582.046208525882,280,4839,,,
transport,4,65+,both,all,all_donors,medicare,0.8740281268750134,0.1458340614321326,0.5881986187488317,1.159857635001195,False,-1208.5966467149156,1397.1933618574642,280,4839,,,
transport,4,65+,both,all,all_donors,medicaid,1.833547521566563,0.4987608681381998,0.8559941831177605,2.8111008600153657,False,442.9531905347076,265.97801805089574,280,4839,,,
transport,4,65+,both,all,all_donors,out_of_pocket,0.46928241208495225,0.09251064276172528,0.2879648840853196,0.6505999400845849,True,-1041.7567808881931,194.01845335857993,280,4839,,,
transport,4,65+,both,all,all_donors,private,0.41268499456871066,0.11234340738747652,0.19249596218874565,0.6328740269486757,True,-1583.2223294141015,345.72278768634163,280,4839,,,
transport,4,65+,both,all,all_donors,total_all_sources,0.7577061433025053,0.11589038834965246,0.5305651559828262,0.9848471306221844,True,-3817.752546161073,1821.6607667031788,280,4839,,,
transport,4,65+,both,all,all_donors,share_medicaid_ever,2.0817764541315484,0.22793018228736717,1.6350415058586594,2.5285114024044373,True,0.13404460892713918,0.02763213557958092,280,4839,,,
ledger,0,0-17,us_born,all,nh_white,public,4.613969936583557,3.188608333472038,-1.6355875578259198,10.863527430993035,False,2944.8145550876548,2524.041041329865,691,1546,,,
ledger,0,0-17,us_born,all,nh_white,medicare,0.021917492311780324,0.02123704742235018,-0.01970635577399522,0.06354134039755586,True,-6.857343212165654,4.86277043190576,691,1546,,,
ledger,0,0-17,us_born,all,nh_white,medicaid,4.92338414102522,3.5677010140818495,-2.0691813541822324,11.915949636232673,False,2864.9789111940663,2527.8030651847084,691,1546,,,
ledger,0,0-17,us_born,all,nh_white,out_of_pocket,0.3217710557785374,0.09393586427406976,0.1376601449447179,0.5058819666123568,True,-485.32129677446034,114.88368672932258,691,1546,,,
ledger,0,0-17,us_born,all,nh_white,private,0.3894775549321929,0.09646977584341546,0.20040026868244648,0.5785548411819392,True,-1248.6670033761338,278.4357365435839,691,1546,,,
ledger,0,0-17,us_born,all,nh_white,total_all_sources,1.325006342866872,0.6991666143274601,-0.04533504040775593,2.6953477261414998,False,1177.9076801939518,2521.2548268751734,691,1546,,,
ledger,0,0-17,us_born,all,nh_white,share_medicaid_ever,2.180858531523581,0.20155714047883114,1.7858137953581916,2.5759032676889704,True,0.3355869239122197,0.04101610124641743,691,1546,,,
ledger,0,0-17,us_born,all,all_donors,public,2.435796589755268,0.9457158022578613,0.5822276777194564,4.28936550179108,False,2216.154710366688,2074.4367839359506,691,3372,,,
ledger,0,0-17,us_born,all,all_donors,medicare,0.035619299976934936,0.03137608116760447,-0.025876689087575275,0.09711528904144515,True,-4.160393295322419,2.3951901407183933,691,3372,,,
ledger,0,0-17,us_born,all,all_donors,medicaid,2.462046827177902,0.9931305225680133,0.5155467709971528,4.408546883358651,False,2134.9577922229178,2077.7285361586155,691,3372,,,
ledger,0,0-17,us_born,all,all_donors,out_of_pocket,0.46377611422320286,0.11461677956692684,0.23913135424805987,0.6884208741983459,True,-266.2182246942242,68.5228533219228,691,3372,,,
ledger,0,0-17,us_born,all,all_donors,private,0.5148507468373872,0.11085065880412052,0.2975874479187731,0.7321140457560013,True,-750.6222879377384,183.582322250161,691,3372,,,
ledger,0,0-17,us_born,all,all_donors,total_all_sources,1.328216954958248,0.5384461867186823,0.2728818213767017,2.3835520885397945,False,1186.6683685976805,2081.485502565612,691,3372,,,
ledger,0,0-17,us_born,all,all_donors,share_medicaid_ever,1.4148443046702122,0.07551270288807058,1.2668421266343202,1.5628464827061042,True,0.1817235174186272,0.03186726327168505,691,3372,,,
ledger,0,0-17,foreign_born,all,nh_white,public,8.783705309472879,5.444179163547436,-1.8866897764634931,19.45410039540925,False,407.2752839076377,140.58067717391438,38,27,,,
ledger,0,0-17,foreign_born,all,nh_white,medicare,,,,,False,0.0,0.0,38,27,,,
ledger,0,0-17,foreign_born,all,nh_white,medicaid,32.38597238881536,34.19131514139598,-34.62777387237979,99.39971865001051,False,445.4080622566612,138.73833643167237,38,27,,,
ledger,0,0-17,foreign_born,all,nh_white,out_of_pocket,1.5233426869495026,1.0776766876844386,-0.5888648078904168,3.635550181789422,False,211.57878244947864,413.76632294501013,38,27,,,
ledger,0,0-17,foreign_born,all,nh_white,private,0.4736879007320094,0.3975801826624051,-0.3055549382531606,1.2529307397171794,False,-370.0256405098024,352.75307950297105,38,27,,,
ledger,0,0-17,foreign_born,all,nh_white,total_all_sources,1.294873556029114,0.6930986446247319,-0.06357482516888635,2.6533219372271146,False,343.22574387658483,757.7002061907046,38,27,,,
ledger,0,0-17,foreign_born,all,nh_white,share_medicaid_ever,7.826368805362166,6.064757017904819,-4.06033652471782,19.713074135442152,False,0.5207560314459151,0.1300124734631641,38,27,,,
ledger,0,0-17,foreign_born,all,all_donors,public,1.3644133435393884,0.48729185313082096,0.40933886144319775,2.319487825635579,False,122.75176339160043,146.34416750647938,38,173,,,
ledger,0,0-17,foreign_born,all,all_donors,medicare,,,,,False,0.0,0.0,38,173,,,
ledger,0,0-17,foreign_born,all,all_donors,medicaid,1.513200083985608,0.5560272701155096,0.42340666013708494,2.602993507834131,False,155.8726033077022,144.37854428548886,38,173,,,
ledger,0,0-17,foreign_born,all,all_donors,out_of_pocket,1.3872190558769693,0.7258705883646042,-0.0354611547545538,2.8098992665084923,False,171.90766506062926,338.9861649906749,38,173,,,
ledger,0,0-17,foreign_born,all,all_donors,private,0.45534792986331774,0.3614793499312025,-0.25313857715679045,1.163834436883426,False,-398.3424122520233,342.4024575442785,38,173,,,
ledger,0,0-17,foreign_born,all,all_donors,total_all_sources,0.97588643169552,0.41108402158388774,0.17017655477121385,1.781596308619826,False,-37.24205107479793,635.7781429456992,38,173,,,
ledger,0,0-17,foreign_born,all,all_donors,share_medicaid_ever,1.5317160573901583,0.2824530074734731,0.9781183354171282,2.0853137793631884,False,0.20725565100729676,0.10588924315292311,38,173,,,
ledger,0,0-17,both,all,nh_white,public,4.510554961002404,3.0951373095827877,-1.5558026929860596,10.576912614990867,False,2817.090091895076,2411.808132843113,729,1573,,,
ledger,0,0-17,both,all,nh_white,medicare,0.02133332404161308,0.020647932666624697,-0.01913588034017941,0.06180252842340557,True,-6.75004654970208,4.78310524277553,729,1573,,,
ledger,0,0-17,both,all,nh_white,medicaid,4.817777360674249,3.465774929725342,-1.9750166801092588,11.610571401457758,False,2743.4814467970104,2415.415286069836,729,1573,,,
ledger,0,0-17,both,all,nh_white,out_of_pocket,0.3471007865788722,0.10121293104075878,0.14872708696924894,0.5454744861884955,True,-463.8965611036684,114.9145856161246,729,1573,,,
ledger,0,0-17,both,all,nh_white,private,0.38394579932708905,0.09514936992898522,0.19745646111459958,0.5704351375395785,True,-1246.5570756471711,273.86421615112334,729,1573,,,
ledger,0,0-17,both,all,nh_white,total_all_sources,1.300743820411824,0.6755782202047526,-0.023365159929160884,2.6248528007528087,False,1077.9617938369825,2409.6103699178752,729,1573,,,
ledger,0,0-17,both,all,nh_white,share_medicaid_ever,2.203634083360266,0.2026621880076929,1.8064234938371024,2.6008446728834294,True,0.33799696793696454,0.040412024194323576,729,1573,,,
ledger,0,0-17,both,all,all_donors,public,2.4309971964518278,0.9378678291510449,0.5928100290570151,4.269184363846641,False,2130.6360131180463,1982.0742092341372,729,3545,,,
ledger,0,0-17,both,all,all_donors,medicare,0.0357230753980265,0.03144012950527762,-0.025898446101592747,0.09734459689764574,True,-3.9717639644877716,2.2855963329874336,729,3545,,,
ledger,0,0-17,both,all,all_donors,medicaid,2.4589824034728283,0.9850254663369048,0.5283679655977234,4.389596841347933,False,2054.1530032863757,1985.3117158571158,729,3545,,,
ledger,0,0-17,both,all,all_donors,out_of_pocket,0.499139588514397,0.12290367327637876,0.25825281532501676,0.7400263617037772,True,-247.47155933352332,69.27382641961465,729,3545,,,
ledger,0,0-17,both,all,all_donors,private,0.5144010360230526,0.11039685037393122,0.29802718528349026,0.730774886762615,True,-733.3969208743605,177.19158328124877,729,3545,,,
ledger,0,0-17,both,all,all_donors,total_all_sources,1.3238299544827474,0.5282308714962389,0.28851647082791376,2.359143438137581,False,1140.4683635284591,1987.6189702965091,729,3545,,,
ledger,0,0-17,both,all,all_donors,share_medicaid_ever,1.4197173064057318,0.0743528626857356,1.2739883733942379,1.5654462394172257,True,0.1829417413974216,0.03132176958488378,729,3545,,,
ledger,1,18-24,us_born,all,nh_white,public,0.6582189110879522,0.2308983358595717,0.20566648871295834,1.1107713334629459,False,-393.618634642488,350.823870144638,255,474,,,
ledger,1,18-24,us_born,all,nh_white,medicare,0.32320629368723214,0.3396463832787115,-0.3424883850183296,0.988900972392794,True,-26.78586014363418,35.350001122230225,255,474,,,
ledger,1,18-24,us_born,all,nh_white,medicaid,0.7457326536674791,0.2737889331204306,0.20911620538578957,1.2823491019491686,False,-251.84001804858212,327.82801110136404,255,474,,,
ledger,1,18-24,us_born,all,nh_white,out_of_pocket,0.31122812283527457,0.11220249908008792,0.0913152656629137,0.5311409800076354,True,-455.25645761311046,114.27700844557147,255,474,,,
ledger,1,18-24,us_born,all,nh_white,private,0.08110217756882623,0.03258158118054687,0.017243451895586362,0.14496090324206612,True,-3202.4700726659335,1110.0134740797068,255,474,,,
ledger,1,18-24,us_born,all,nh_white,total_all_sources,0.24607337281534716,0.0670817253782087,0.11459560705325159,0.3775511385774427,True,-4034.48778890657,1187.2181585962012,255,474,,,
ledger,1,18-24,us_born,all,nh_white,share_medicaid_ever,2.4369216942973058,0.3301411424185517,1.7898569453420357,3.083986443252576,True,0.29774109972306984,0.0474291876787125,255,474,,,
ledger,1,18-24,us_born,all,all_donors,public,0.7339397429457989,0.19493947560349684,0.3518653915978206,1.116014094293777,False,-274.80053763702006,228.09093346388158,255,1079,,,
ledger,1,18-24,us_born,all,all_donors,medicare,0.35508810549021624,0.28774085617989753,-0.20887360950310235,0.9190498204835349,True,-23.23236149594497,22.195697555386978,255,1079,,,
ledger,1,18-24,us_born,all,all_donors,medicaid,0.8018525100027731,0.21787599375169223,0.37482340915358253,1.2288816108519638,False,-182.52039237603253,218.17935581242583,255,1079,,,
ledger,1,18-24,us_born,all,all_donors,out_of_pocket,0.41363909994434384,0.13412556418823662,0.15075782472928478,0.6765203751594029,True,-291.6103673973983,75.03773206861725,255,1079,,,
ledger,1,18-24,us_born,all,all_donors,private,0.12723107539631354,0.0446654326412071,0.039688436065647884,0.2147737147269792,True,-1938.904636608222,573.9935676792167,255,1079,,,
ledger,1,18-24,us_born,all,all_donors,total_all_sources,0.34650892713800535,0.07654805344071709,0.19647749930755248,0.4965403549684582,True,-2483.414294861057,623.2302469726222,255,1079,,,
ledger,1,18-24,us_born,all,all_donors,share_medicaid_ever,1.6571624537412117,0.13667481955926164,1.3892847298115485,1.925040177670875,True,0.20024188191749492,0.038808064123893524,255,1079,,,
ledger,1,18-24,foreign_born,all,nh_white,public,69.76386536189291,81.21883984714647,-89.42213560464079,228.9498663284266,False,1954.0677365825497,1106.3645376488919,28,13,,,
ledger,1,18-24,foreign_born,all,nh_white,medicare,,,,,False,0.0,0.0,28,13,,,
ledger,1,18-24,foreign_born,all,nh_white,medicaid,69.76386536189291,81.21883984714647,-89.42213560464079,228.9498663284266,False,1954.0677365825497,1106.3645376488919,28,13,,,
ledger,1,18-24,foreign_born,all,nh_white,out_of_pocket,1.1289488647054702,1.0536272175544295,-0.9361225348323599,3.1940202642433,False,40.87109011601717,320.54806844135464,28,13,,,
ledger,1,18-24,foreign_born,all,nh_white,private,0.1354519305163016,0.10990990438246899,-0.07996752361757867,0.35087138465018186,True,-1084.6201651810297,576.2160484808612,28,13,,,
ledger,1,18-24,foreign_born,all,nh_white,total_all_sources,1.5720553806149065,0.9259504913565495,-0.2427742339110972,3.3868849951409103,False,915.2454018415551,1300.6865640804942,28,13,,,
ledger,1,18-24,foreign_born,all,nh_white,share_medicaid_ever,5.285692096955103,5.953902090368212,-6.383741567644334,16.95512576155454,False,0.1670601129761013,0.10525532676375586,28,13,,,
ledger,1,18-24,foreign_born,all,all_donors,public,2.1619510171229,1.0220874221748755,0.15869648060875896,4.165205553637041,False,1065.4960366435298,964.5267508912902,28,110,,,
ledger,1,18-24,foreign_born,all,all_donors,medicare,,,,,False,0.0,0.0,28,110,,,
ledger,1,18-24,foreign_born,all,all_donors,medicaid,2.1929245173994216,1.0382586791325974,0.15797489966340272,4.2278741351354405,False,1078.4478513396102,964.5461590569402,28,110,,,
ledger,1,18-24,foreign_born,all,all_donors,out_of_pocket,1.823982508413078,0.9441993002746584,-0.026614114353172402,3.6745791311793283,False,161.64798413523715,217.49213328054535,28,110,,,
ledger,1,18-24,foreign_born,all,all_donors,private,0.3763501002705109,0.2640854179570862,-0.14124780776758522,0.8939480083086071,True,-281.5934502777752,165.67589819732078,28,110,,,
ledger,1,18-24,foreign_born,all,all_donors,total_all_sources,1.5949314370217762,0.6168346990043522,0.3859576425586413,2.803905231484911,False,938.1930731839775,1014.3242898752013,28,110,,,
ledger,1,18-24,foreign_born,all,all_donors,share_medicaid_ever,0.7232138707611346,0.3371006993346644,0.06250864090192698,1.3839191006203424,False,-0.07885536398753959,0.10109191502537423,28,110,,,
ledger,1,18-24,both,all,nh_white,public,0.7595681948382549,0.26182964682556203,0.24639151697531125,1.2727448727011985,False,-271.6976918104889,353.8122768288483,283,487,,,
ledger,1,18-24,both,all,nh_white,medicare,0.3025584585519852,0.31681636015714687,-0.31839019706909316,0.9235071141730635,True,-27.071552868095083,34.56496709596619,283,487,,,
ledger,1,18-24,both,all,nh_white,medicaid,0.8647728679359362,0.3114736291234272,0.2542957727200329,1.4752499631518394,False,-131.4312463032038,331.9579499055134,283,487,,,
ledger,1,18-24,both,all,nh_white,out_of_pocket,0.33342011585986686,0.11069864497791457,0.11645475856576859,0.5503854731539651,True,-436.17283433484977,112.18363331978152,283,487,,,
ledger,1,18-24,both,all,nh_white,private,0.07943187749815064,0.03132147058822117,0.018042923202406566,0.1408208317938947,True,-3168.7530799650494,1092.4342171322082,283,487,,,
ledger,1,18-24,both,all,nh_white,total_all_sources,0.26803393783191737,0.07280364198460253,0.12534142159874823,0.4107264540650865,True,-3864.09810037296,1174.0019153480573,283,487,,,
ledger,1,18-24,both,all,nh_white,share_medicaid_ever,2.3555874307080056,0.3235406079977304,1.7214594914962622,2.989715369919749,True,0.2764969798188328,0.04719535536674831,283,487,,,
ledger,1,18-24,both,all,all_donors,public,0.8382197018751749,0.20903887948992914,0.42851102670630525,1.2479283770440446,False,-165.66416279792645,227.8473238420366,283,1189,,,
ledger,1,18-24,both,all,all_donors,medicare,0.3529431557543388,0.28481728113100074,-0.2052884574370421,0.9111747689457197,True,-21.530411308835554,20.493316097154132,283,1189,,,
ledger,1,18-24,both,all,all_donors,medicaid,0.9137549608491213,0.23182061495206968,0.4593949046691372,1.3681150170291054,False,-79.33068782494513,219.626789901168,283,1189,,,
ledger,1,18-24,both,all,all_donors,out_of_pocket,0.4599514866426069,0.13517390712887875,0.19501549702044246,0.7248874762647712,True,-256.1645071613159,71.21828589111878,283,1189,,,
ledger,1,18-24,both,all,all_donors,private,0.13104469242049196,0.04466895722635314,0.043495145029879625,0.21859423981110432,True,-1813.031288765179,530.9231989928787,283,1189,,,
ledger,1,18-24,both,all,all_donors,total_all_sources,0.3897421445562749,0.08377878670745637,0.22553873994119744,0.5539455491713524,True,-2215.557333832228,583.20279278345,283,1189,,,
ledger,1,18-24,both,all,all_donors,share_medicaid_ever,1.5846760422072175,0.13436174943758272,1.3213318524097604,1.8480202320046746,True,0.17727067287248166,0.03894941010870042,283,1189,,,
ledger,2,25-34,us_born,all,nh_white,public,1.0026349957122835,0.433513602991227,0.15296394704128324,1.8523060443832837,False,3.096778711805655,509.04177268215847,252,938,,,
ledger,2,25-34,us_born,all,nh_white,medicare,0.46165956559661253,0.4468293799222968,-0.414109926285454,1.3374290574786791,False,-72.23391644257543,76.50855600368342,252,938,,,
ledger,2,25-34,us_born,all,nh_white,medicaid,0.7062328836699421,0.428321652157403,-0.13326212835726048,1.5457278956971447,False,-280.8724855662832,448.6818627758987,252,938,,,
ledger,2,25-34,us_born,all,nh_white,out_of_pocket,0.6101619923531701,0.14386138927005782,0.32819885061795984,0.8921251340883805,True,-361.0535788368627,146.07900069956426,252,938,,,
ledger,2,25-34,us_born,all,nh_white,private,0.3754263173074897,0.10377533889614989,0.17203039058759734,0.578822244027382,True,-2603.107311863313,612.6763437824573,252,938,,,
ledger,2,25-34,us_born,all,nh_white,total_all_sources,0.5245410125120746,0.11692934932874682,0.2953636990920281,0.7537183259321212,True,-3034.659202980155,897.1284769137554,252,938,,,
ledger,2,25-34,us_born,all,nh_white,share_medicaid_ever,1.2393791854143852,0.21704081062701608,0.8139870134100555,1.6647713574187148,False,0.044167772553276335,0.03860528796027214,252,938,,,
ledger,2,25-34,us_born,all,all_donors,public,1.0591300465591773,0.36233439288999075,0.3489676861346096,1.769292406983745,False,65.78578346977724,400.9227847276349,252,1595,,,
ledger,2,25-34,us_born,all,all_donors,medicare,0.5701410998329979,0.4965480823642754,-0.4030752581934103,1.543357457859406,False,-46.70351572642142,58.095786749932415,252,1595,,,
ledger,2,25-34,us_born,all,all_donors,medicaid,0.7678296602511083,0.40137738711691756,-0.01885556270684119,1.5545148832090578,False,-204.1718224340658,357.88856262733003,252,1595,,,
ledger,2,25-34,us_born,all,all_donors,out_of_pocket,0.679684989338993,0.1442520931348632,0.39695608210014355,0.9624138965778425,True,-266.319053829656,122.79873875188416,252,1595,,,
ledger,2,25-34,us_born,all,all_donors,private,0.45755243754997027,0.11828377623740119,0.22572049616926929,0.6893843789306713,True,-1855.0259671209149,497.8723665427324,252,1595,,,
ledger,2,25-34,us_born,all,all_donors,total_all_sources,0.6129509555022268,0.12453880649559652,0.36885938009325464,0.8570425309111989,True,-2114.056492658131,735.9357938590651,252,1595,,,
ledger,2,25-34,us_born,all,all_donors,share_medicaid_ever,1.0063881127170116,0.1460230454393124,0.7201882027431035,1.2925880226909197,False,0.0014515445962714202,0.03318230820975264,252,1595,,,
ledger,2,25-34,foreign_born,all,nh_white,public,1.7883219094007696,1.2428553771413395,-0.647629867788202,4.224273686589742,False,664.3895554359472,679.6510196495617,106,51,,,
ledger,2,25-34,foreign_born,all,nh_white,medicare,3.517991814883136,4.903913289755774,-6.093501616345517,13.129485246111788,False,3.905034479325999,5.547306481268315,106,51,,,
ledger,2,25-34,foreign_born,all,nh_white,medicaid,3.1518394729238297,2.2596193025385882,-1.2769329788233197,7.580611924670979,False,660.8667529139884,428.6830846406916,106,51,,,
ledger,2,25-34,foreign_born,all,nh_white,out_of_pocket,0.15098030015453345,0.06589489901615013,0.021828671317975362,0.2801319289910915,True,-2186.1656678296067,861.0059145695712,106,51,,,
ledger,2,25-34,foreign_born,all,nh_white,private,0.2957766357406167,0.19466981511940973,-0.08576919077049727,0.6773224622517307,True,-3333.9413245460883,1766.4844460461368,106,51,,,
ledger,2,25-34,foreign_born,all,nh_white,total_all_sources,0.4251157465582644,0.15283721552850627,0.12556030862500622,0.7246711844915226,True,-4697.200928844975,2189.498741254563,106,51,,,
ledger,2,25-34,foreign_born,all,nh_white,share_medicaid_ever,1.6818440212266814,0.7811481678140233,0.15082174572174556,3.212866296731617,False,0.09922150157326098,0.07793191465475521,106,51,,,
ledger,2,25-34,foreign_born,all,all_donors,public,1.9524738726135018,0.4816361262332161,1.008484411543011,2.8964633336839927,True,735.2461131113514,356.7681531464647,106,356,,,
ledger,2,25-34,foreign_born,all,all_donors,medicare,0.4560992965959962,0.4778308535091343,-0.48043196698394147,1.392630560175934,False,-6.506172916286577,7.940932229286364,106,356,,,
ledger,2,25-34,foreign_born,all,all_donors,medicaid,1.7695077776421895,0.5960246937375866,0.6013208440200037,2.937694711264375,False,420.9482050813199,327.9588482197854,106,356,,,
ledger,2,25-34,foreign_born,all,all_donors,out_of_pocket,0.3256663317775578,0.10756394862891788,0.11484486642996225,0.5364877971251534,True,-804.9845928235031,255.59745756867738,106,356,,,
ledger,2,25-34,foreign_born,all,all_donors,private,0.5453450857503553,0.28168426192730744,-0.006745922638914381,1.097436094139625,False,-1167.4058708260143,732.7814050341689,106,356,,,
ledger,2,25-34,foreign_born,all,all_donors,total_all_sources,0.7528497847972982,0.18275679437979156,0.3946530498829146,1.111046519711682,False,-1140.2985685365047,867.0708249574535,106,356,,,
ledger,2,25-34,foreign_born,all,all_donors,share_medicaid_ever,1.4314829798385809,0.2683536070314468,0.9055195749355306,1.957446384741631,False,0.07377070854921264,0.041676200845071384,106,356,,,
ledger,2,25-34,both,all,nh_white,public,1.0911710909602241,0.3836729804715688,0.3391858673948098,1.8431563145256384,False,105.54269688697855,427.5053954920152,358,989,,,
ledger,2,25-34,both,all,nh_white,medicare,0.3725678567516621,0.35141362162494694,-0.3161901853100198,1.061325898813344,False,-79.77868447368851,64.78126471136706,358,989,,,
ledger,2,25-34,both,all,nh_white,medicaid,0.8145175986395014,0.37689217943404546,0.07582250089396458,1.5532126963850381,False,-170.9622605147066,375.977400273297,358,989,,,
ledger,2,25-34,both,all,nh_white,out_of_pocket,0.5126812722275534,0.10070191161529442,0.31530915228724066,0.7100533921678662,True,-493.91168522481655,123.11729527386903,358,989,,,
ledger,2,25-34,both,all,nh_white,private,0.3626368658086109,0.06697318949237194,0.23137182647378549,0.49390190514343624,True,-2675.5402657255154,501.92732938596623,358,989,,,
ledger,2,25-34,both,all,nh_white,total_all_sources,0.5218687553475215,0.07802347346899818,0.3689455573995687,0.6747919532954744,True,-3097.0176339227296,675.0817981333072,358,989,,,
ledger,2,25-34,both,all,nh_white,share_medicaid_ever,1.2761275932415574,0.19335241204279616,0.8971638293137283,1.6550913571693866,False,0.050377716834134195,0.03334718297229712,358,989,,,
ledger,2,25-34,both,all,all_donors,public,1.201268404830536,0.3051366087321759,0.6032116413507811,1.7993251683102909,False,211.64082075565193,313.166963686937,358,1951,,,
ledger,2,25-34,both,all,all_donors,medicare,0.5187150503863385,0.43804378826313634,-0.339834998260898,1.377265099033575,False,-43.95405246010558,44.22355472786634,358,1951,,,
ledger,2,25-34,both,all,all_donors,medicaid,0.9157118150388133,0.335383872585914,0.2583715037748514,1.573052126302775,False,-69.10443143405587,277.1704110594963,358,1951,,,
ledger,2,25-34,both,all,all_donors,out_of_pocket,0.5797097570087637,0.10457791271859626,0.37474081450194174,0.7846786995155857,True,-376.7231863090525,101.81883741708582,358,1951,,,
ledger,2,25-34,both,all,all_donors,private,0.46594704934123843,0.07724372292965644,0.3145521343673211,0.6173419643151558,True,-1744.7943937041211,366.0730339266626,358,1951,,,
ledger,2,25-34,both,all,all_donors,total_all_sources,0.6365920787927208,0.08442026279908234,0.47113140414111293,0.8020527534443287,True,-1929.705384613298,510.1660199929611,358,1951,,,
ledger,2,25-34,both,all,all_donors,share_medicaid_ever,1.072181577591211,0.12759398942185313,0.8221019536805941,1.3222612015018278,False,0.015674034619077154,0.02769532898489144,358,1951,,,
ledger,3,35-44,us_born,all,nh_white,public,0.6750483035671723,0.26916782743316,0.14748905600128637,1.2026075511330583,False,-613.660538086958,589.6624881252931,148,1127,,,
ledger,3,35-44,us_born,all,nh_white,medicare,0.07904259225910465,0.05263606531226557,-0.024122200040833902,0.1822073845590432,True,-642.523991341714,276.2838329487158,148,1127,,,
ledger,3,35-44,us_born,all,nh_white,medicaid,0.5670763873498238,0.2497331010657696,0.07760850351341397,1.0565442711862336,False,-460.8714840151331,336.2712007900962,148,1127,,,
ledger,3,35-44,us_born,all,nh_white,out_of_pocket,0.6306590288226042,0.2246267148752162,0.19039875770163278,1.0709192999435755,False,-480.21570229290273,318.05561209940157,148,1127,,,
ledger,3,35-44,us_born,all,nh_white,private,0.7276558714205458,0.22781599113266263,0.28114473369823073,1.1741670091428609,False,-1497.243256022533,1328.2091077031819,148,1127,,,
ledger,3,35-44,us_born,all,nh_white,total_all_sources,0.706724653863599,0.16109637531725227,0.39098156020183716,1.0224677475253607,False,-2560.5012809638274,1511.6447248986533,148,1127,,,
ledger,3,35-44,us_born,all,nh_white,share_medicaid_ever,1.5324171896711807,0.33444004240114567,0.8769267515768866,2.1879076277654748,False,0.07853266444296994,0.04850503703299996,148,1127,,,
ledger,3,35-44,us_born,all,all_donors,public,0.6212431651159105,0.2174160906097495,0.1951154578613044,1.0473708723705166,False,-777.2184349780043,528.6369642346522,148,1706,,,
ledger,3,35-44,us_born,all,all_donors,medicare,0.0947866344908838,0.05439951302834836,-0.01183445182119644,0.20140772080296404,True,-526.6412005681777,193.67913296519885,148,1706,,,
ledger,3,35-44,us_born,all,all_donors,medicaid,0.4654210958591276,0.1894622935021728,0.09408182416651178,0.8367603675517434,True,-693.3872944885923,364.77202923126373,148,1706,,,
ledger,3,35-44,us_born,all,all_donors,out_of_pocket,0.6875334137190202,0.23305828454867455,0.23074756970493032,1.14431925773311,False,-372.66041290012663,291.66016223149785,148,1706,,,
ledger,3,35-44,us_born,all,all_donors,private,0.8285766141291314,0.23686886848761599,0.3643221628346495,1.2928310654236133,False,-827.6329717582598,1158.4502199017782,148,1706,,,
ledger,3,35-44,us_born,all,all_donors,total_all_sources,0.7598989791024473,0.15795546891609646,0.4503119488657622,1.0694860093391325,False,-1949.5654908142342,1321.2260215389672,148,1706,,,
ledger,3,35-44,us_born,all,all_donors,share_medicaid_ever,1.2767397787829127,0.24387366378538428,0.7987561809857294,1.7547233765800958,False,0.048994178304229474,0.04410039682246073,148,1706,,,
ledger,3,35-44,foreign_born,all,nh_white,public,4.742940502660265,3.318968038899361,-1.762117319422015,11.247998324742547,False,526.6889840748049,331.2442623170726,194,66,,,
ledger,3,35-44,foreign_born,all,nh_white,medicare,0.04404281413695579,0.049565904919432816,-0.05310457436626922,0.14119020264018078,True,-54.875930316263464,54.956968246371794,194,66,,,
ledger,3,35-44,foreign_born,all,nh_white,medicaid,6.97928289720658,5.321199777489494,-3.450077021215379,17.40864281562854,False,457.1614173026236,303.02016022967877,194,66,,,
ledger,3,35-44,foreign_born,all,nh_white,out_of_pocket,0.2612783213997466,0.1060033152951333,0.05351564117944149,0.4690410016200517,True,-813.5249750988905,363.46838976429757,194,66,,,
ledger,3,35-44,foreign_born,all,nh_white,private,0.4416119587756737,0.21305087887755267,0.024039909301065143,0.8591840082502823,True,-1152.7215639197238,645.8398473419295,194,66,,,
ledger,3,35-44,foreign_born,all,nh_white,total_all_sources,0.5647001180940473,0.20714248350813458,0.15870831074992142,0.9706919254381732,True,-1453.6217353510253,899.064025256014,194,66,,,
ledger,3,35-44,foreign_born,all,nh_white,share_medicaid_ever,1.6292656768341451,0.7751763726928068,0.1099479046898455,3.148583448978445,False,0.057998326177834916,0.051473650635673794,194,66,,,
ledger,3,35-44,foreign_born,all,all_donors,public,1.2276380495808732,0.4419032740505425,0.36152354779147644,2.0937525513702697,False,123.75521339755244,249.1139160884717,194,587,,,
ledger,3,35-44,foreign_born,all,all_donors,medicare,0.07246185227324829,0.05871954808784919,-0.04262634716740392,0.1875500517139005,True,-32.36241058123012,20.639033732776532,194,587,,,
ledger,3,35-44,foreign_born,all,all_donors,medicaid,1.1906798137885737,0.5096709371760436,0.19174313295675172,2.1896164946203958,False,85.45569279804351,235.40710176838402,194,587,,,
ledger,3,35-44,foreign_born,all,all_donors,out_of_pocket,0.5821825708552284,0.13931146293495517,0.30913712086912964,0.8552280208413272,True,-206.5003425338997,80.41586467310303,194,587,,,
ledger,3,35-44,foreign_born,all,all_donors,private,0.5921462593992365,0.21702427810350636,0.16678649054555938,1.0175060282529136,False,-627.9204019066074,347.63109726773695,194,587,,,
ledger,3,35-44,foreign_born,all,all_donors,total_all_sources,0.7223692496076026,0.18825337049706573,0.35339942346507863,1.0913390757501267,False,-724.7513850558032,491.25655740703587,194,587,,,
ledger,3,35-44,foreign_born,all,all_donors,share_medicaid_ever,0.9449864012568618,0.19745745433911258,0.557976902273239,1.3319959002404846,False,-0.008742141290238675,0.03159524154621605,194,587,,,
ledger,3,35-44,both,all,nh_white,public,0.531372664741145,0.16288695542673434,0.21212009855336456,0.8506252309289254,True,-836.2771595234016,432.43247382345004,342,1193,,,
ledger,3,35-44,both,all,nh_white,medicare,0.0407173717143055,0.025736176809559478,-0.009724607932186033,0.09115935136079703,True,-632.734989806747,257.87690718700014,342,1193,,,
ledger,3,35-44,both,all,nh_white,medicaid,0.5627555984252508,0.1644417626199388,0.24045566613588581,0.8850555307146157,True,-439.7769548157479,254.95285384509287,342,1193,,,
ledger,3,35-44,both,all,nh_white,out_of_pocket,0.4143458139153957,0.11780900535113825,0.18344440637267823,0.6452472214581132,True,-754.5363905972688,207.60894363481574,342,1193,,,
ledger,3,35-44,both,all,nh_white,private,0.44201518809609425,0.11980901999925388,0.2071938238745176,0.6768365523176709,True,-2953.655828336956,817.1165940461143,342,1193,,,
ledger,3,35-44,both,all,nh_white,total_all_sources,0.45977465177826926,0.0891972392645975,0.28495127529925623,0.6345980282572823,True,-4543.335139342148,979.9900226526066,342,1193,,,
ledger,3,35-44,both,all,nh_white,share_medicaid_ever,1.2845430343530577,0.2470476601728155,0.8003385179494491,1.7687475507566663,False,0.041034324805773875,0.03473558094866965,342,1193,,,
ledger,3,35-44,both,all,all_donors,public,0.5627176194958471,0.16145185320423394,0.24627780197830085,0.8791574370133933,True,-736.8741000802867,377.49240161475757,342,2293,,,
ledger,3,35-44,both,all,all_donors,medicare,0.059847092284654846,0.03225023811032217,-0.003362212904417697,0.12305639747372739,True,-421.9008953344609,145.83856866060086,342,2293,,,
ledger,3,35-44,both,all,all_donors,medicaid,0.5190036594784211,0.14857819268764752,0.22779575292257953,0.8102115660342626,True,-524.5650921291893,269.8796077239465,342,2293,,,
ledger,3,35-44,both,all,all_donors,out_of_pocket,0.5219500324370043,0.1379634222886043,0.2515466935674493,0.7923533713065594,True,-488.92951860391975,164.7858771167262,342,2293,,,
ledger,3,35-44,both,all,all_donors,private,0.5808619235810834,0.14233315689317225,0.3018940622645768,0.8598297848975899,True,-1688.3361131247061,615.4603301805397,342,2293,,,
ledger,3,35-44,both,all,all_donors,total_all_sources,0.5703430021833955,0.10208341152337115,0.3702631921786069,0.7704228121881841,True,-2912.9337805889227,776.3932148003163,342,2293,,,
ledger,3,35-44,both,all,all_donors,share_medicaid_ever,1.0730781814799808,0.17214779234308394,0.7356747084694562,1.4104816544905054,False,0.012615496827018402,0.02989966432748677,342,2293,,,
ledger,4,45-54,us_born,all,nh_white,public,0.590617014587282,0.22849538422617396,0.14277429087033944,1.0384597383042244,False,-885.2298163632206,559.5204732152679,114,1087,,,
ledger,4,45-54,us_born,all,nh_white,medicare,0.6445760357474245,0.4348566908736638,-0.2077274168012242,1.4968794882960732,False,-267.5042376278603,357.51111117821694,114,1087,,,
ledger,4,45-54,us_born,all,nh_white,medicaid,0.6912467476552029,0.35160908343398367,0.0021056074874559183,1.3803878878229499,False,-305.60887897124235,382.4920475788486,114,1087,,,
ledger,4,45-54,us_born,all,nh_white,out_of_pocket,0.5743558079997965,0.1908836531936609,0.200230722502787,0.9484808934968059,True,-674.7855871982408,317.2617109532029,114,1087,,,
ledger,4,45-54,us_born,all,nh_white,private,0.604350775856095,0.1704838278281403,0.27020861336641255,0.9384929383457774,True,-3095.6612798749684,1529.0888049612827,114,1087,,,
ledger,4,45-54,us_born,all,nh_white,total_all_sources,0.5960628761096126,0.1353652837271924,0.33075179524726966,0.8613739569719556,True,-4740.664193480462,1800.5909171144733,114,1087,,,
ledger,4,45-54,us_born,all,nh_white,share_medicaid_ever,1.6451669852064963,0.3829730498645001,0.8945536004226139,2.3957803699903786,False,0.0692449347338806,0.03904760085717033,114,1087,,,
ledger,4,45-54,us_born,all,all_donors,public,0.6133913174166351,0.2230125586415841,0.1762947343790035,1.0504879004542667,False,-804.9449457863077,497.98532107687464,114,1563,,,
ledger,4,45-54,us_born,all,all_donors,medicare,0.6744527056045289,0.4275199721914697,-0.16347104256231715,1.5123764537713749,False,-234.16431047333202,320.55004166170204,114,1563,,,
ledger,4,45-54,us_born,all,all_donors,medicaid,0.6849407651217969,0.32056771078304525,0.05663959738057589,1.313241932863018,False,-314.7217280047133,337.63817006323006,114,1563,,,
ledger,4,45-54,us_born,all,all_donors,out_of_pocket,0.6482717850912231,0.2057065533014867,0.2450943492364402,1.051449220946006,False,-494.02643811260623,290.62080134161414,114,1563,,,
ledger,4,45-54,us_born,all,all_donors,private,0.691829808400916,0.18407139510565457,0.3310565034097907,1.0526031133920413,False,-2106.3161554861326,1340.355552620004,114,1563,,,
ledger,4,45-54,us_born,all,all_donors,total_all_sources,0.6683018356069702,0.14267758165184796,0.38865891416807535,0.947944757045865,True,-3472.0655225363,1580.144516976051,114,1563,,,
ledger,4,45-54,us_born,all,all_donors,share_medicaid_ever,1.3497863023611625,0.2790396794986062,0.8028785802862947,1.8966940244360302,False,0.04575764266056573,0.036426306110965236,114,1563,,,
ledger,4,45-54,foreign_born,all,nh_white,public,5.96835315712653,3.7162687345462215,-1.3153997194563063,13.252106033709367,False,731.4429967721954,396.6723196771391,187,66,,,
ledger,4,45-54,foreign_born,all,nh_white,medicare,1.4172758263606378,1.3009563846774155,-1.1325518330645328,3.9671034857858083,False,7.613124201833742,19.263288747420557,187,66,,,
ledger,4,45-54,foreign_born,all,nh_white,medicaid,10.393400804441228,8.730292614461213,-6.7176582943987775,27.504459903281234,False,738.9055272623295,392.7847244214445,187,66,,,
ledger,4,45-54,foreign_born,all,nh_white,out_of_pocket,0.3981591259733386,0.11015078217818004,0.18226756003518924,0.6140506919114879,True,-811.2845869512843,291.4974626528567,187,66,,,
ledger,4,45-54,foreign_born,all,nh_white,private,0.17722285067839186,0.08519425323010744,0.010245182657596108,0.3442005186991876,True,-4629.324864109826,2206.8384864093086,187,66,,,
ledger,4,45-54,foreign_born,all,nh_white,total_all_sources,0.3680438080874036,0.14621595388580197,0.08146580450606239,0.6546218116687448,True,-4504.353619131685,2452.000261927265,187,66,,,
ledger,4,45-54,foreign_born,all,nh_white,share_medicaid_ever,3.1656041459953967,2.2142495712740295,-1.1742452664849563,7.50545355847575,False,0.12480617365742228,0.053757039273825837,187,66,,,
ledger,4,45-54,foreign_born,all,all_donors,public,0.9140277493712616,0.3722934256752353,0.18434604336676097,1.6437094553757623,False,-82.6459271230442,360.8435339964115,187,556,,,
ledger,4,45-54,foreign_born,all,all_donors,medicare,0.13418585788198958,0.09172389603185074,-0.04558967486213425,0.3139613906261134,True,-166.844539266707,89.49066093301947,187,556,,,
ledger,4,45-54,foreign_born,all,all_donors,medicaid,1.368613705100879,0.5558794166065899,0.27911006880482647,2.4581173413969317,False,220.1984871322652,328.724927954209,187,556,,,
ledger,4,45-54,foreign_born,all,all_donors,out_of_pocket,0.6404662959593632,0.12562701193091066,0.3942418770893946,0.8866907148293318,True,-301.29473929039136,127.79881415149259,187,556,,,
ledger,4,45-54,foreign_born,all,all_donors,private,0.3874871514725496,0.11830392703481478,0.1556157152546582,0.6193585876904409,True,-1576.2062732186453,526.079658572434,187,556,,,
ledger,4,45-54,foreign_born,all,all_donors,total_all_sources,0.5781942640861766,0.12317312629025055,0.3367793726940818,0.8196091554782714,True,-1913.7434722598578,691.9708042848082,187,556,,,
ledger,4,45-54,foreign_born,all,all_donors,share_medicaid_ever,1.2860484492006319,0.21998154750514953,0.8548925388271518,1.717204359574112,False,0.04057848868950581,0.03101617768809178,187,556,,,
ledger,4,45-54,both,all,nh_white,public,0.5080735914112462,0.16140888758763877,0.19171798495480002,0.8244291978676923,True,-1007.4072129588999,419.4392933647307,301,1153,,,
ledger,4,45-54,both,all,nh_white,medicare,0.2987203450003899,0.18750261377243077,-0.0687780250006983,0.6662187150014781,True,-498.55183857977113,215.6845813919347,301,1153,,,
ledger,4,45-54,both,all,nh_white,medicaid,0.813820522531266,0.33568675597651776,0.1558865707302055,1.4717544743323265,False,-174.64713023723482,336.41217578271306,301,1153,,,
ledger,4,45-54,both,all,nh_white,out_of_pocket,0.43803711424056924,0.08904497525668145,0.26351216973321334,0.6125620587479251,True,-883.3195331599161,175.8711409748457,301,1153,,,
ledger,4,45-54,both,all,nh_white,private,0.3263183955317784,0.0814902394474757,0.1666004611231808,0.48603632994037593,True,-5186.952002724953,1055.9170822870692,301,1153,,,
ledger,4,45-54,both,all,nh_white,total_all_sources,0.3833595212596728,0.06956600234134502,0.2470126621222075,0.5197063803971381,True,-7075.553609595942,1233.040615563052,301,1153,,,
ledger,4,45-54,both,all,nh_white,share_medicaid_ever,1.7229319204742375,0.3118786714005615,1.1116609569829348,2.33420288396554,True,0.07555045912304316,0.02951061864389229,301,1153,,,
ledger,4,45-54,both,all,all_donors,public,0.5779049019237753,0.1651506703033826,0.2542155361064968,0.9015942677410538,True,-759.9507891095852,331.1845905322837,301,2119,,,
ledger,4,45-54,both,all,all_donors,medicare,0.3618030282068336,0.21196706581441652,-0.053644786698054114,0.7772508431117213,True,-374.5988384697695,156.7953728965881,301,2119,,,
ledger,4,45-54,both,all,all_donors,medicaid,0.8501055836736573,0.2968540121073199,0.2682824112770932,1.4319287560702214,False,-134.60799977709212,272.4166446804139,301,2119,,,
ledger,4,45-54,both,all,all_donors,out_of_pocket,0.5454992079315493,0.10289204600122993,0.3438345034735001,0.7471639123895985,True,-573.6693269021514,139.7871400793579,301,2119,,,
ledger,4,45-54,both,all,all_donors,private,0.4358881782112358,0.1031159270136933,0.2337846750319361,0.6379916813905355,True,-3251.5408012596095,769.822974713868,301,2119,,,
ledger,4,45-54,both,all,all_donors,total_all_sources,0.4899955079113476,0.08318714949196274,0.3269516909305512,0.653039324892144,True,-4578.429724504841,921.9148071192238,301,2119,,,
ledger,4,45-54,both,all,all_donors,share_medicaid_ever,1.3478160803224442,0.18771548340575095,0.9799004935066462,1.715731667138242,False,0.04646509688662859,0.025325427847487442,301,2119,,,
ledger,5,55-64,us_born,all,nh_white,public,1.3042462643023622,0.3851321773452148,0.5494010674182482,2.059091461186476,False,994.1945547004789,1227.5014077222474,101,1462,,,
ledger,5,55-64,us_born,all,nh_white,medicare,0.6532370386811237,0.2370315538340996,0.18866372996672154,1.1178103473955259,False,-581.2155419168976,445.157096336804,101,1462,,,
ledger,5,55-64,us_born,all,nh_white,medicaid,2.211735041561821,0.9458079374783637,0.3579855478121172,4.0654845353115245,False,1510.232075216069,1110.9327622800802,101,1462,,,
ledger,5,55-64,us_born,all,nh_white,out_of_pocket,1.4440637170089945,0.9149372347671056,-0.3491803112492007,3.2373077452671897,False,853.7125028000082,1750.7616300882205,101,1462,,,
ledger,5,55-64,us_born,all,nh_white,private,0.7384054469314456,0.26321683653847855,0.22250992719146112,1.2543009666714302,False,-2258.5169976108637,2335.1281960688134,101,1462,,,
ledger,5,55-64,us_born,all,nh_white,total_all_sources,0.9716380154739144,0.2751502519617764,0.43235343129171133,1.5109225996561175,False,-395.70152748284636,3845.1842992152215,101,1462,,,
ledger,5,55-64,us_born,all,nh_white,share_medicaid_ever,1.447443809679051,0.4038170354358991,0.655976963880954,2.238910655477148,False,0.05042092756252256,0.04464461937334315,101,1462,,,
ledger,5,55-64,us_born,all,all_donors,public,1.10427254146273,0.3081063547274257,0.5003951827890533,1.7081499001364064,False,402.43839914672844,1184.1154762116125,101,2009,,,
ledger,5,55-64,us_born,all,all_donors,medicare,0.6161806146833342,0.20802596605402987,0.20845721336828377,1.0239040159983845,False,-682.0154164804396,402.49540221857,101,2009,,,
ledger,5,55-64,us_born,all,all_donors,medicaid,1.6301781041028438,0.6502052534417699,0.35579922479823667,2.904556983407451,False,1065.6077614633061,1080.3161178655685,101,2009,,,
ledger,5,55-64,us_born,all,all_donors,out_of_pocket,1.5542625150252505,0.9131260112529616,-0.2354315803772702,3.343956610427771,False,990.0197152806227,1668.141995521411,101,2009,,,
ledger,5,55-64,us_born,all,all_donors,private,0.7589213152633786,0.2607633772837506,0.2478344873001973,1.2700081432265597,False,-2025.1240015804515,2219.6146517154093,101,2009,,,
ledger,5,55-64,us_born,all,all_donors,total_all_sources,0.9501065323341836,0.25668441625907185,0.4470143210737153,1.453198743594652,False,-711.8803319984963,3664.0108918023097,101,2009,,,
ledger,5,55-64,us_born,all,all_donors,share_medicaid_ever,1.158102246377528,0.30174545850172846,0.5666920152156146,1.749512477539441,False,0.022267177785792708,0.04260281556144781,101,2009,,,
ledger,5,55-64,foreign_born,all,nh_white,public,0.16275802034736217,0.13349629392751636,-0.09888990782014304,0.42440594851486735,True,-11174.687631694102,8806.67065448243,182,79,,,
ledger,5,55-64,foreign_born,all,nh_white,medicare,0.09456625673140878,0.11470671364011198,-0.13025477078816006,0.3193872842509776,True,-9203.719763329851,8612.107483357891,182,79,,,
ledger,5,55-64,foreign_born,all,nh_white,medicaid,5.910571763479856,3.6444098647676366,-1.2323403163672006,13.053483843326912,False,992.7404879430662,552.619143443731,182,79,,,
ledger,5,55-64,foreign_born,all,nh_white,out_of_pocket,0.24299000606396876,0.06906222001339857,0.10763054214532625,0.37834946998261126,True,-1672.923392573578,459.13958238478523,182,79,,,
ledger,5,55-64,foreign_born,all,nh_white,private,0.20673066524272357,0.08220101441616577,0.04561963749438089,0.3678416929910663,True,-6352.820087683818,1998.056346350605,182,79,,,
ledger,5,55-64,foreign_born,all,nh_white,total_all_sources,0.1856685395652892,0.08433633782895024,0.020372354832543793,0.3509647242980346,True,-19548.711516396033,8937.897515720113,182,79,,,
ledger,5,55-64,foreign_born,all,nh_white,share_medicaid_ever,2.413328800423158,1.0146215959135154,0.4247070144961156,4.4019505863502,False,0.11733125728929711,0.05326446371041527,182,79,,,
ledger,5,55-64,foreign_born,all,all_donors,public,0.5419908597321589,0.3145425725220479,-0.07450125401563312,1.1584829734799509,False,-1835.7307277426362,1765.6094970132256,182,531,,,
ledger,5,55-64,foreign_born,all,all_donors,medicare,0.43581755260584365,0.45263919486914184,-0.45133896732888157,1.322974072540569,False,-1244.3935819854341,1651.4389306417931,182,531,,,
ledger,5,55-64,foreign_born,all,all_donors,medicaid,1.0014792085170212,0.41252595669321185,0.1929431907103959,1.8100152263236464,False,1.7649021342881497,492.20329738208187,182,531,,,
ledger,5,55-64,foreign_born,all,all_donors,out_of_pocket,0.5043685656738778,0.10941180898976921,0.2899253605705544,0.7188117707772012,True,-527.6837056768471,156.81058854152053,182,531,,,
ledger,5,55-64,foreign_born,all,all_donors,private,0.36378429228856696,0.12270271507775399,0.12329138993088928,0.6042771946462446,True,-2895.417778100561,926.4510849686859,182,531,,,
ledger,5,55-64,foreign_born,all,all_donors,total_all_sources,0.4568715213742678,0.13774474537767128,0.18689678137439197,0.7268462613741435,True,-5298.631700165188,2051.817245398768,182,531,,,
ledger,5,55-64,foreign_born,all,all_donors,share_medicaid_ever,1.2679533937040421,0.21894847975283038,0.8388222589186973,1.697084528489387,False,0.04233923265235165,0.03574576923286374,182,531,,,
ledger,5,55-64,both,all,nh_white,public,0.7918043851670844,0.24023151070449764,0.32095927623462056,1.2626494940995483,False,-799.9924015837269,993.770991692526,283,1541,,,
ledger,5,55-64,both,all,nh_white,medicare,0.47075136825301733,0.2617055203077603,-0.042182026105508585,0.9836847626115433,True,-1143.2814162199647,747.0427361113395,283,1541,,,
ledger,5,55-64,both,all,nh_white,medicaid,1.5548065546300571,0.5420816695448473,0.4923460056428135,2.6172671036173005,False,658.4412267801417,592.6751190040219,283,1541,,,
ledger,5,55-64,both,all,nh_white,out_of_pocket,0.7578957600356324,0.3879212203068779,-0.0024158606046761344,1.5182073806759409,False,-469.41339079272484,759.5766896393966,283,1541,,,
ledger,5,55-64,both,all,nh_white,private,0.4211405362433511,0.11832569982768049,0.1892264261356001,0.6530546463511022,True,-4977.033316417216,1205.185028273172,283,1541,,,
ledger,5,55-64,both,all,nh_white,total_all_sources,0.56772262106059,0.1278823570665121,0.317077806952135,0.8183674351690451,True,-6278.898194488282,2028.728756350646,283,1541,,,
ledger,5,55-64,both,all,nh_white,share_medicaid_ever,1.665307289732215,0.30987056675907343,1.0579721390154166,2.2726424404490135,True,0.07384560631251953,0.032641685040178954,283,1541,,,
ledger,5,55-64,both,all,all_donors,public,0.7821497855503803,0.20861727059177446,0.37326744863745537,1.1910321224633051,False,-847.4230019185229,839.5691066933422,283,2540,,,
ledger,5,55-64,both,all,all_donors,medicare,0.5453277657391118,0.2765676541979234,0.0032651242224540633,1.0873904072557696,False,-847.8632554465884,580.4600359927797,283,2540,,,
ledger,5,55-64,both,all,all_donors,medicaid,1.161296511799102,0.3554645006613115,0.4645988927204173,1.857994130877787,False,256.291173023498,557.6951154147337,283,2540,,,
ledger,5,55-64,both,all,all_donors,out_of_pocket,0.8969345354871084,0.4218787688360051,0.07006734272643944,1.7238017282477776,False,-168.85540824671511,686.3204457409031,283,2540,,,
ledger,5,55-64,both,all,all_donors,private,0.47572709836309796,0.12785634867526663,0.22513325976477994,0.726320936961416,True,-3990.4693190412772,1063.942564132386,283,2540,,,
ledger,5,55-64,both,all,all_donors,total_all_sources,0.6180069629383044,0.13071122789533915,0.3618176638884324,0.8741962619881763,True,-5097.053705963246,1793.4039084719304,283,2540,,,
ledger,5,55-64,both,all,all_donors,share_medicaid_ever,1.2804225626850336,0.20067506796655438,0.8871066568754595,1.6737384684946077,False,0.04048148143194519,0.029434259226176675,283,2540,,,
ledger,6,65-74,us_born,all,nh_white,public,1.2781279323909684,0.40065752414143474,0.4928536149387691,2.063402249843168,False,2550.56095755931,3661.010067467,83,1914,,,
ledger,6,65-74,us_born,all,nh_white,medicare,1.2763289812552419,0.4369471822100573,0.419928240977269,2.132729721533215,False,2285.310303592736,3594.8211862165485,83,1914,,,
ledger,6,65-74,us_born,all,nh_white,medicaid,2.5099977323846296,0.7300338038234009,1.0791577693939847,3.940837695375275,True,545.9415098570736,350.061543701263,83,1914,,,
ledger,6,65-74,us_born,all,nh_white,out_of_pocket,0.44999305779529275,0.10777180175626819,0.23876420780401655,0.661221907786569,True,-1202.0147860511497,275.33650798968245,83,1914,,,
ledger,6,65-74,us_born,all,nh_white,private,0.6472096225519814,0.24902532827928114,0.1591289478863266,1.1352902972176362,False,-1211.1334195826075,905.8948040773795,83,1914,,,
ledger,6,65-74,us_born,all,nh_white,total_all_sources,0.9969399419077088,0.2964365486596275,0.41593498283348374,1.577944900981934,False,-45.82155260974105,4439.152020007575,83,1914,,,
ledger,6,65-74,us_born,all,nh_white,share_medicaid_ever,2.244325868837128,0.6046492863301338,1.0592350443522187,3.429416693322037,True,0.10250622399478715,0.049023598979225216,83,1914,,,
ledger,6,65-74,us_born,all,all_donors,public,1.2497673507545204,0.37193566199320266,0.5207868486817802,1.9787478528272606,False,2342.458571986226,3512.422726421342,83,2422,,,
ledger,6,65-74,us_born,all,all_donors,medicare,1.288111653926876,0.4171499501922033,0.47051277539748015,2.1057105324562717,False,2360.960323265017,3443.225663595605,83,2422,,,
ledger,6,65-74,us_born,all,all_donors,medicaid,1.8612807976023116,0.6294122950097115,0.6276553679565775,3.0949062272480456,False,419.92914560547086,354.3860722513526,83,2422,,,
ledger,6,65-74,us_born,all,all_donors,out_of_pocket,0.4991200740893276,0.11696932283471399,0.26986441403724964,0.7283757341414057,True,-986.9065742677617,255.1488076003472,83,2422,,,
ledger,6,65-74,us_born,all,all_donors,private,0.6340127489375247,0.23799491207561588,0.16755129276554076,1.1004742051095087,False,-1282.5910027865525,875.2932862020286,83,2422,,,
ledger,6,65-74,us_born,all,all_donors,total_all_sources,0.9942157601580698,0.28389270098176017,0.437796290760021,1.5506352295561185,False,-86.85099032993821,4262.208042299336,83,2422,,,
ledger,6,65-74,us_born,all,all_donors,share_medicaid_ever,1.702141876976929,0.42455206432159076,0.8700351213444786,2.5342486326093794,False,0.07626603008887797,0.04708419649754055,83,2422,,,
ledger,6,65-74,foreign_born,all,nh_white,public,1.1973868174922846,0.39527305927023065,0.42266585726366634,1.9721077777209028,False,818.3819408675408,1512.6190822584879,89,67,,,
ledger,6,65-74,foreign_born,all,nh_white,medicare,1.560262919605991,0.5181494492541888,0.5447086604585165,2.575817178753465,False,1608.1909553004693,1271.6847400540644,89,67,,,
ledger,6,65-74,foreign_born,all,nh_white,medicaid,0.5322004259476646,0.4488620552937107,-0.34755303645463476,1.4119538883499638,False,-383.8098157719585,630.2744356440091,89,67,,,
ledger,6,65-74,foreign_born,all,nh_white,out_of_pocket,0.4703375364265584,0.28460216278961753,-0.0874724525632975,1.0281475254164143,False,-791.0689934785212,495.38161348480924,89,67,,,
ledger,6,65-74,foreign_born,all,nh_white,private,0.22175075369086356,0.14649800017411896,-0.06538005045755219,0.5088815578392794,True,-1343.3439732553677,554.0878746239449,89,67,,,
ledger,6,65-74,foreign_born,all,nh_white,total_all_sources,0.8244825664859133,0.23307051152760297,0.36767275803348404,1.2812923749383427,False,-1292.8322388920315,1831.071691949168,89,67,,,
ledger,6,65-74,foreign_born,all,nh_white,share_medicaid_ever,3.2623715052735074,1.4535134035814312,0.41353758320767,6.111205427339344,False,0.20347837135475538,0.06649285904764476,89,67,,,
ledger,6,65-74,foreign_born,all,all_donors,public,0.6913498005689803,0.18009283369805618,0.3383743326470288,1.0443252684909319,False,-2216.3639875497947,1506.8412589474542,89,362,,,
ledger,6,65-74,foreign_born,all,all_donors,medicare,0.686885140862665,0.19114999213905612,0.3122380406250005,1.0615322411003294,False,-2041.564375922745,1461.524748687059,89,362,,,
ledger,6,65-74,foreign_born,all,all_donors,medicaid,0.8311569657409565,0.3372760390146739,0.1701080764238696,1.4922058550580435,False,-88.7016242543865,195.64215371326551,89,362,,,
ledger,6,65-74,foreign_born,all,all_donors,out_of_pocket,0.6309275195995103,0.3493866483729743,-0.05385772789067911,1.3157127670896998,False,-410.9197347045397,409.711593082237,89,362,,,
ledger,6,65-74,foreign_born,all,all_donors,private,0.24685028717144158,0.15462349230371647,-0.056206188907648946,0.5499067632505321,True,-1167.8345111876172,359.12413116305044,89,362,,,
ledger,6,65-74,foreign_born,all,all_donors,total_all_sources,0.6150420321258455,0.16014130680661265,0.3011708383477057,0.9289132259039854,True,-3801.122859832233,1913.8793583574434,89,362,,,
ledger,6,65-74,foreign_born,all,all_donors,share_medicaid_ever,1.3057335414428963,0.256130473445253,0.8037270381470077,1.807740044738785,False,0.06870309033075608,0.05522398809419997,89,362,,,
ledger,6,65-74,both,all,nh_white,public,0.9576375616638884,0.23328621557404136,0.5004049810491202,1.4148701422786565,False,-380.4776157132801,2097.810892265502,172,1981,,,
ledger,6,65-74,both,all,nh_white,medicare,0.9606080562549544,0.2559745382959655,0.4589071802355932,1.4623089322743157,False,-317.7809691333432,2068.026404260693,172,1981,,,
ledger,6,65-74,both,all,nh_white,medicaid,1.8216668659825355,0.3478396148690312,1.1399137484429511,2.50341998352212,True,311.2567515384765,138.32783410260419,172,1981,,,
ledger,6,65-74,both,all,nh_white,out_of_pocket,0.39533223797342404,0.10782595179085955,0.18399725586458718,0.6066672200822609,True,-1305.7375348649116,277.04303933381226,172,1981,,,
ledger,6,65-74,both,all,nh_white,private,0.40744955781157494,0.14418471593068127,0.12485270746630106,0.6900464081568488,True,-1996.1912768120096,599.2868914631028,172,1981,,,
ledger,6,65-74,both,all,nh_white,total_all_sources,0.7379612085165331,0.172916538899785,0.3990510199416353,1.076871397091431,False,-3848.805307141867,2572.1359485466446,172,1981,,,
ledger,6,65-74,both,all,nh_white,share_medicaid_ever,2.842896794989743,0.5170292255214088,1.8295381340131442,3.856255455966342,True,0.15233996174039682,0.039383994832402985,172,1981,,,
ledger,6,65-74,both,all,all_donors,public,0.9488125549076338,0.21638565163066556,0.5247044709402986,1.372920638874969,False,-464.01536796637083,1957.6200120289188,172,2784,,,
ledger,6,65-74,both,all,all_donors,medicare,0.9740632712433894,0.2416570108195946,0.5004242334253779,1.447702309061401,False,-206.34537121782796,1920.6799217969367,172,2784,,,
ledger,6,65-74,both,all,all_donors,medicaid,1.3998622381338595,0.28890731903471983,0.8336142979557853,1.9661101783119337,False,197.11381320090322,152.92679534965836,172,2784,,,
ledger,6,65-74,both,all,all_donors,out_of_pocket,0.4619327381325069,0.12197641108180327,0.22286336544872018,0.7010021108162936,True,-994.3954553627759,247.11307443932026,172,2784,,,
ledger,6,65-74,both,all,all_donors,private,0.42552380058946243,0.14283624976515047,0.14556989536299975,0.7054777058159252,True,-1853.100025294596,524.9446956733003,172,2784,,,
ledger,6,65-74,both,all,all_donors,total_all_sources,0.7589529123026556,0.16908453520492925,0.4275533129582994,1.0903525116470119,False,-3442.5554581645865,2402.5004449623575,172,2784,,,
ledger,6,65-74,both,all,all_donors,share_medicaid_ever,1.8772932383399177,0.2979219240124506,1.2933769970706357,2.4612094796091997,True,0.10982130181389954,0.03748029995600586,172,2784,,,
ledger,7,75+,us_born,all,nh_white,public,0.659929283983653,0.11840311507624511,0.4278634427768611,0.891995125190445,True,-4578.84711459284,1681.2612404404176,42,1458,,,
ledger,7,75+,us_born,all,nh_white,medicare,0.5550942138146102,0.08652521384722346,0.3855079109194258,0.7246805167097946,True,-5352.019391986564,1182.2400417516312,42,1458,,,
ledger,7,75+,us_born,all,nh_white,medicaid,3.516221443610524,2.3441075267399833,-1.078144884689105,8.110587771910154,False,427.6354847520555,381.7493136857293,42,1458,,,
ledger,7,75+,us_born,all,nh_white,out_of_pocket,0.5599566251533667,0.24312736965158555,0.08343573698030254,1.036477513326431,False,-1103.1431695275637,628.5862076101913,42,1458,,,
ledger,7,75+,us_born,all,nh_white,private,0.5389602847245061,0.23825776265981144,0.07198365087418357,1.0059369185748286,False,-1085.00313432642,643.350382406985,42,1458,,,
ledger,7,75+,us_born,all,nh_white,total_all_sources,0.6352581543277073,0.11188960958548265,0.4159585492959137,0.8545577593595008,True,-6723.469820336561,2213.7032157567974,42,1458,,,
ledger,7,75+,us_born,all,nh_white,share_medicaid_ever,2.2284959418082444,0.7905523071574608,0.6790418918845749,3.777949991731914,False,0.06764489065634915,0.04076170213844307,42,1458,,,
ledger,7,75+,us_born,all,all_donors,public,0.6653720040722276,0.11642705725378975,0.4371791650288169,0.8935648431156384,True,-4468.7088109656015,1617.7917826221596,42,1755,,,
ledger,7,75+,us_born,all,all_donors,medicare,0.5679030789163996,0.08666770778272113,0.39803749303962443,0.7377686647931747,True,-5080.696740218643,1130.9050731606014,42,1755,,,
ledger,7,75+,us_born,all,all_donors,medicaid,1.9110269647842009,1.2689096215280293,-0.5759901930470874,4.398044122615489,False,284.88232875740664,381.1002168923238,42,1755,,,
ledger,7,75+,us_born,all,all_donors,out_of_pocket,0.5937221733992327,0.25392536276738803,0.09603760761388419,1.0914067391845812,False,-960.5735697045561,608.8379075057451,42,1755,,,
ledger,7,75+,us_born,all,all_donors,private,0.5962068386805298,0.25691207263658505,0.09266842911928475,1.0997452482417749,False,-859.0361186550417,598.1102711592679,42,1755,,,
ledger,7,75+,us_born,all,all_donors,total_all_sources,0.6514307392954402,0.11191186542237114,0.43208751362489933,0.8707739649659809,True,-6265.83499944108,2121.272219556236,42,1755,,,
ledger,7,75+,us_born,all,all_donors,share_medicaid_ever,1.583156007522009,0.531297830146851,0.5418313953699021,2.6244806196741157,False,0.045199555217574974,0.04020705342975312,42,1755,,,
ledger,7,75+,foreign_born,all,nh_white,public,0.6887606653637875,0.2625200100713128,0.17423090040292222,1.2032904303246528,False,-6408.242906454134,6362.842517935759,66,63,,,
ledger,7,75+,foreign_born,all,nh_white,medicare,0.6006462862569377,0.24310401691311095,0.12417116861022409,1.0771214039036514,False,-7839.866741655202,6052.962357331869,66,63,,,
ledger,7,75+,foreign_born,all,nh_white,medicaid,5.377145317992634,3.9340848836154976,-2.3335193660171916,13.08781000200246,False,1757.9234695901323,906.5317007919145,66,63,,,
ledger,7,75+,foreign_born,all,nh_white,out_of_pocket,0.35021527846818085,0.09620197500031097,0.1616628722259487,0.538767684710413,True,-1306.1618865913279,402.4739767980634,66,63,,,
ledger,7,75+,foreign_born,all,nh_white,private,0.0448023437519612,0.04031468513520628,-0.03421298716111538,0.12381767466503779,True,-4104.875926251255,2995.0715875961164,66,63,,,
ledger,7,75+,foreign_born,all,nh_white,total_all_sources,0.5717948347003935,0.20273444333184074,0.17444262734420912,0.9691470420565779,True,-11572.653769325583,7142.74344131395,66,63,,,
ledger,7,75+,foreign_born,all,nh_white,share_medicaid_ever,4.919980103849672,2.0727487102516444,0.8574672827546008,8.982492924944744,False,0.3545476137847719,0.09623826952504579,66,63,,,
ledger,7,75+,foreign_born,all,all_donors,public,0.9953813407024571,0.28204839720261266,0.4425766402880885,1.5481860411168258,False,-65.80202455598192,4018.870236512938,66,300,,,
ledger,7,75+,foreign_born,all,all_donors,medicare,0.9889661556460855,0.30356493491473613,0.3939898162439571,1.583942495048214,False,-131.5573671922266,3621.234861297002,66,300,,,
ledger,7,75+,foreign_born,all,all_donors,medicaid,1.1039414647392352,0.5199327929118287,0.08489191625072867,2.1229910132277414,False,203.3309825518245,983.153793328981,66,300,,,
ledger,7,75+,foreign_born,all,all_donors,out_of_pocket,0.8219834411309234,0.17446638798035316,0.4800356041766394,1.1639312780852074,False,-152.46141042321176,158.21704615977038,66,300,,,
ledger,7,75+,foreign_born,all,all_donors,private,0.15132019781150088,0.11293010974254954,-0.07001875005405209,0.3726591456770538,True,-1079.8277563578474,631.6130800578642,66,300,,,
ledger,7,75+,foreign_born,all,all_donors,total_all_sources,0.9379452245280436,0.24715007091034816,0.4535399867672408,1.4223504622888465,False,-1022.3957093044646,4077.0938438719754,66,300,,,
ledger,7,75+,foreign_born,all,all_donors,share_medicaid_ever,1.2732420591196165,0.2664126075607804,0.7510829432730837,1.7954011749661494,False,0.09549719683229246,0.09068887473914956,66,300,,,
ledger,7,75+,both,all,nh_white,public,0.8500938383102586,0.21608730842137372,0.42657049628816746,1.2736171803323497,False,-2065.882781241802,3009.3852902759886,108,1521,,,
ledger,7,75+,both,all,nh_white,medicare,0.7608799021560493,0.1813326470954377,0.40547444462767973,1.1162853596844189,False,-2957.3251703745154,2296.0055226160753,108,1521,,,
ledger,7,75+,both,all,nh_white,medicaid,7.945689222630764,3.7802838702340207,0.5364689856343965,15.354909459627132,False,1251.9679482108177,635.227701483775,108,1521,,,
ledger,7,75+,both,all,nh_white,out_of_pocket,0.41444990192141556,0.1187737179960374,0.18165769233926538,0.6472421115035658,True,-1454.9813884804605,337.4056801365726,108,1521,,,
ledger,7,75+,both,all,nh_white,private,0.28424266212435545,0.10680579750007059,0.07490714568413895,0.493578178564572,True,-1746.3146491798275,435.38159527539335,108,1521,,,
ledger,7,75+,both,all,nh_white,total_all_sources,0.7286675022341299,0.168716298913897,0.39798963275799754,1.0593453717102623,False,-5105.261912472573,3252.2975431017526,108,1521,,,
ledger,7,75+,both,all,nh_white,share_medicaid_ever,5.2073015818523025,1.1322098853197988,2.988210983685272,7.426392180019333,True,0.23828597551444045,0.0547494584344586,108,1521,,,
ledger,7,75+,both,all,all_donors,public,0.8677356916098555,0.21022922682982714,0.4556939785256927,1.2797774046940185,False,-1785.6990356337847,2843.8022757649665,108,2055,,,
ledger,7,75+,both,all,all_donors,medicare,0.7984678859527097,0.18170025093769201,0.44234193813294315,1.1545938337724762,False,-2375.121985038091,2157.318351356679,108,2055,,,
ledger,7,75+,both,all,all_donors,medicaid,2.4573475742881463,1.0995515472091413,0.3022661426129365,4.612429005963357,False,849.3877467723315,618.5435293002486,108,2055,,,
ledger,7,75+,both,all,all_donors,out_of_pocket,0.4865741593454242,0.13540389736638883,0.2211873971409442,0.7519609215499041,True,-1086.661056171455,304.16536466001253,108,2055,,,
ledger,7,75+,both,all,all_donors,private,0.34903944121689895,0.12727960759419288,0.09957599436589015,0.5985028880679077,True,-1293.379940785675,355.22229092562094,108,2055,,,
ledger,7,75+,both,all,all_donors,total_all_sources,0.773310742996314,0.17101606260420463,0.43812541951422573,1.1084960664784023,False,-4019.041688170828,3048.307246404282,108,2055,,,
ledger,7,75+,both,all,all_donors,share_medicaid_ever,2.413190322018822,0.4419429779691855,1.5469980019788399,3.2793826420588044,True,0.1727096679022349,0.05304749568733845,108,2055,,,
pooled,all_ages,all_ages,us_born,all,nh_white,public,0.7198845055580825,0.2896482836832005,0.15218430135516892,1.287584709760996,False,-1106.035720987807,1147.5343842532411,1686,10006,,,
pooled,all_ages,all_ages,us_born,all,nh_white,medicare,0.2128435139480817,0.05039786992274381,0.11406550400196941,0.311621523894194,True,-2193.2279474690363,179.06842932857802,1686,10006,,,
pooled,all_ages,all_ages,us_born,all,nh_white,medicaid,2.4468039630520475,1.399619886125004,-0.29640060579901206,5.190008531903107,False,1175.5638401151461,1128.2999522050623,1686,10006,,,
pooled,all_ages,all_ages,us_born,all,nh_white,out_of_pocket,0.37873265720312005,0.0738715154507449,0.2339471474362659,0.5235181669699742,True,-907.6290265428622,118.23938930081573,1686,10006,,,
pooled,all_ages,all_ages,us_born,all,nh_white,private,0.36890019828312914,0.05540949175552468,0.26029959004063175,0.47750080652562654,True,-2932.249957797084,342.77529900667594,1686,10006,,,
pooled,all_ages,all_ages,us_born,all,nh_white,total_all_sources,0.5074570120060539,0.117497289297315,0.2771665567022329,0.7377474673098748,True,-5004.923806994159,1220.759778799333,1686,10006,,,
pooled,all_ages,all_ages,us_born,all,nh_white,share_medicaid_ever,2.766909340625987,0.22234174252577948,2.3311275330155814,3.2026911482363927,True,0.2714632898357381,0.02922495746658124,1686,10006,,,
pooled,all_ages,all_ages,us_born,all,all_donors,public,0.7943172184226912,0.2898288330959977,0.22626314387326518,1.3623712929721172,False,-736.0355776314414,1011.5479952421292,1686,15501,,,
pooled,all_ages,all_ages,us_born,all,all_donors,medicare,0.27431223990392395,0.06269535944430536,0.1514315933952923,0.39719288641255557,True,-1568.8727688007525,141.90713856296222,1686,15501,,,
pooled,all_ages,all_ages,us_born,all,all_donors,medicaid,1.8161584619016815,0.8241232599450404,0.2009065535876613,3.4314103702157017,False,893.4216114228959,1001.3147197418623,1686,15501,,,
pooled,all_ages,all_ages,us_born,all,all_donors,out_of_pocket,0.47222636001987434,0.08625341547869292,0.3031727721380666,0.6412799479016821,True,-618.386607254489,99.05406305268853,1686,15501,,,
pooled,all_ages,all_ages,us_born,all,all_donors,private,0.4446644812086092,0.06214486507400164,0.3228627838394649,0.5664661785777535,True,-2140.596666303445,274.355646209911,1686,15501,,,
pooled,all_ages,all_ages,us_born,all,all_donors,total_all_sources,0.5924651987755005,0.12777952505801687,0.3420219317001541,0.842908465850847,True,-3546.944912345053,1071.6412101245248,1686,15501,,,
pooled,all_ages,all_ages,us_born,all,all_donors,share_medicaid_ever,1.8032703685551956,0.10553295113166677,1.5964295851549033,2.010111151955488,True,0.1893619299462014,0.025574860995194,1686,15501,,,
pooled,all_ages,all_ages,foreign_born,all,nh_white,public,0.40478887719919704,0.14306944757594864,0.12437791266229636,0.6851998417360977,True,-3153.865637061469,1735.7645357429515,890,432,,,
pooled,all_ages,all_ages,foreign_born,all,nh_white,medicare,0.258029002169266,0.11525534067683949,0.03213268541676631,0.4839253189217657,True,-3188.64131396412,1691.5540964623872,890,432,,,
pooled,all_ages,all_ages,foreign_born,all,nh_white,medicaid,3.571369559233461,1.4373486418169972,0.7542179880445845,6.388521130422338,False,649.674114324826,207.27856887563377,890,432,,,
pooled,all_ages,all_ages,foreign_born,all,nh_white,out_of_pocket,0.28780864381527205,0.04098036634453514,0.20748860170672584,0.36812868592381826,True,-1168.6626598105702,186.19639085100175,890,432,,,
pooled,all_ages,all_ages,foreign_born,all,nh_white,private,0.23746222495782296,0.05398575378002796,0.13165209187072108,0.34327235804492484,True,-3209.0249912794,599.7421319912722,890,432,,,
pooled,all_ages,all_ages,foreign_born,all,nh_white,total_all_sources,0.3321621721785985,0.06347722026341884,0.20774910662358145,0.4565752377336155,True,-7514.317698842855,1847.7440166080924,890,432,,,
pooled,all_ages,all_ages,foreign_born,all,nh_white,share_medicaid_ever,2.526306934421402,0.5436474607904079,1.4607774909855513,3.591836377857253,True,0.1372503712098103,0.028875221350322697,890,432,,,
pooled,all_ages,all_ages,foreign_born,all,all_donors,public,0.7189153417884451,0.12023668309886268,0.4832557732941184,0.9545749102827717,True,-838.6101411487098,410.5865345498815,890,2975,,,
pooled,all_ages,all_ages,foreign_born,all,all_donors,medicare,0.5521064270733754,0.14107533814028936,0.2756038452115984,0.8286090089351524,True,-899.5789605508812,367.51352720480577,890,2975,,,
pooled,all_ages,all_ages,foreign_born,all,all_donors,medicaid,1.1974137994998746,0.2287527901314054,0.7490665694792705,1.6457610295204788,False,148.76443107028808,169.85408642615903,890,2975,,,
pooled,all_ages,all_ages,foreign_born,all,all_donors,out_of_pocket,0.5669623783208134,0.06222855100263564,0.4449966595455337,0.6889280970960932,True,-360.7178967221514,65.11162591983768,890,2975,,,
pooled,all_ages,all_ages,foreign_born,all,all_donors,private,0.442704737566239,0.08475298421241152,0.2765919409276206,0.6088175342048574,True,-1257.9907585359288,249.1203258344786,890,2975,,,
pooled,all_ages,all_ages,foreign_born,all,all_donors,total_all_sources,0.6067818841828767,0.06650891648778609,0.4764268032160338,0.7371369651497196,True,-2421.9748074993595,487.788585174208,890,2975,,,
pooled,all_ages,all_ages,foreign_born,all,all_donors,share_medicaid_ever,1.1395903674070371,0.109151803640048,0.9256567634249551,1.3535239713891192,False,0.027826875519094157,0.021824337813717187,890,2975,,,
pooled,all_ages,all_ages,both,all,nh_white,public,0.6588597038156425,0.20485837875078008,0.257344659532848,1.060374748098437,False,-1366.7309064904375,829.2403587523289,2576,10438,,,
pooled,all_ages,all_ages,both,all,nh_white,medicare,0.2606174543253258,0.05527925962030724,0.1522720963774843,0.3689628122731673,True,-2108.0006862934483,202.4306867942522,2576,10438,,,
pooled,all_ages,all_ages,both,all,nh_white,medicaid,2.120890430928876,1.0041711812842136,0.1527510812987758,4.089029780558976,False,883.8588081894845,782.0294999827428,2576,10438,,,
pooled,all_ages,all_ages,both,all,nh_white,out_of_pocket,0.3607019250389926,0.05303676566161704,0.2567517744857326,0.46465207559225263,True,-938.902122785533,90.7264441244945,2576,10438,,,
pooled,all_ages,all_ages,both,all,nh_white,private,0.32549022115484844,0.04260294851525226,0.24198997642973985,0.408990465879957,True,-3121.286264735425,300.68312467744124,2576,10438,,,
pooled,all_ages,all_ages,both,all,nh_white,total_all_sources,0.464714177166586,0.08353482227341105,0.300988934055746,0.6284394202774259,True,-5464.260796439077,891.1317780108346,2576,10438,,,
pooled,all_ages,all_ages,both,all,nh_white,share_medicaid_ever,2.4356120694079926,0.192298141078116,2.058714638600883,2.812509500215102,True,0.21664395911223105,0.0255663615256297,2576,10438,,,
pooled,all_ages,all_ages,both,all,all_donors,public,0.7573343254667498,0.2108972233020417,0.34398336335524665,1.170685287578253,False,-845.7921453848985,711.3648414979523,2576,18476,,,
pooled,all_ages,all_ages,both,all,all_donors,medicare,0.3475489174108925,0.0697155089712056,0.2109090306634505,0.48418880415833454,True,-1394.8807092596849,153.8460046317124,2576,18476,,,
pooled,all_ages,all_ages,both,all,all_donors,medicaid,1.6060466192882705,0.5930748119245717,0.44364134777824393,2.768451890798297,False,631.0820835960849,677.1270586670265,2576,18476,,,
pooled,all_ages,all_ages,both,all,all_donors,out_of_pocket,0.47353124647966655,0.06367873452534516,0.34872322022890273,0.5983392727304303,True,-588.9648048598503,69.93949339286209,2576,18476,,,
pooled,all_ages,all_ages,both,all,all_donors,private,0.4178391722061163,0.05005971792772512,0.31972392799154103,0.5159544164206916,True,-2098.539379952801,220.80751560860094,2576,18476,,,
pooled,all_ages,all_ages,both,all,all_donors,total_all_sources,0.5711734855306788,0.09442718284700043,0.3860996079889796,0.756247363072378,True,-3561.6003960402686,752.541813153284,2576,18476,,,
pooled,all_ages,all_ages,both,all,all_donors,share_medicaid_ever,1.5977281484562778,0.09232640258552606,1.416771724566501,1.7786845723460545,True,0.1375049783541821,0.022104764346113623,2576,18476,,,
pooled,65plus,65plus,us_born,all,nh_white,public,0.9736837432316711,0.22602314636254897,0.5306865166886497,1.4166809697746925,False,-290.00881885351373,2491.8611473621772,125,3372,,,
pooled,65plus,65plus,us_born,all,nh_white,medicare,0.9303015883088769,0.23916828389183717,0.46154036563662487,1.399062810981129,False,-689.2915430072026,2369.08761982616,125,3372,,,
pooled,65plus,65plus,us_born,all,nh_white,medicaid,2.864317739027074,0.8444492048442633,1.2092277107588314,4.519407767295316,True,520.1756991253551,281.57899701621034,125,3372,,,
pooled,65plus,65plus,us_born,all,nh_white,out_of_pocket,0.48638632114481833,0.11182561143836185,0.26721215017645883,0.7055604921131778,True,-1193.5972071643887,279.1904922628148,125,3372,,,
pooled,65plus,65plus,us_born,all,nh_white,private,0.63635497941158,0.19430908054774895,0.25551617966889967,1.0171937791542605,False,-1079.2783985591327,612.4041937042907,125,3372,,,
pooled,65plus,65plus,us_born,all,nh_white,total_all_sources,0.8383974418578031,0.1812298877130984,0.48319338901789216,1.193601494697714,False,-2660.669670941543,2995.116120673672,125,3372,,,
pooled,65plus,65plus,us_born,all,nh_white,share_medicaid_ever,2.3105993810588017,0.5099741411890287,1.3110684312815608,3.3101303308360426,True,0.09254436251564425,0.03487638815927672,125,3372,,,
pooled,65plus,65plus,us_born,all,all_donors,public,0.9706462919640946,0.21825273697235165,0.5428787879709919,1.3984137959571972,False,-324.49423002397634,2411.5304476841966,125,4177,,,
pooled,65plus,65plus,us_born,all,all_donors,medicare,0.9487871015398965,0.2359061434234428,0.48641955669820813,1.411154646381585,False,-496.6088047274716,2285.9683871039506,125,4177,,,
pooled,65plus,65plus,us_born,all,all_donors,medicaid,1.9311298530597323,0.6282878203565229,0.699708353235776,3.1625513528836886,False,385.34532410999225,283.00178135835085,125,4177,,,
pooled,65plus,65plus,us_born,all,all_donors,out_of_pocket,0.5290686715976913,0.11944446409587325,0.29496182381709213,0.7631755193782905,True,-1006.1161067932017,265.44797973755146,125,4177,,,
pooled,65plus,65plus,us_born,all,all_donors,private,0.645933137007855,0.1920628816402719,0.2694968062259429,1.0223694677897672,False,-1035.2685115646036,585.8963014180594,125,4177,,,
pooled,65plus,65plus,us_born,all,all_donors,total_all_sources,0.8487583781987283,0.17829234144986994,0.4993118102376654,1.1982049461597912,False,-2459.687441760363,2894.509434527495,125,4177,,,
pooled,65plus,65plus,us_born,all,all_donors,share_medicaid_ever,1.708381791742917,0.3476729216892874,1.026955386832099,2.3898081966537346,True,0.06765300906558269,0.03356346226823888,125,4177,,,
pooled,65plus,65plus,foreign_born,all,nh_white,public,0.7385658170477751,0.21663047413211395,0.31397788979499597,1.1631537443005544,False,-3121.3460041228736,3097.842179018386,155,130,,,
pooled,65plus,65plus,foreign_born,all,nh_white,medicare,0.6968747309231453,0.22262647721917814,0.2605348535685294,1.1332146082777612,False,-3278.053340084376,3016.3350111315253,155,130,,,
pooled,65plus,65plus,foreign_born,all,nh_white,medicaid,1.8602595285906225,1.1068454760246673,-0.3091177408688175,4.0296367980500625,False,535.0377228313507,475.8711001935216,155,130,,,
pooled,65plus,65plus,foreign_born,all,nh_white,out_of_pocket,0.4044572362313461,0.16140730179876717,0.08810473786397538,0.7208097345987168,True,-1035.2791931947813,361.9376796243038,155,130,,,
pooled,65plus,65plus,foreign_born,all,nh_white,private,0.1029727197512621,0.06734180853305126,-0.02901479962731046,0.23496023912983466,True,-2641.5330706694876,1382.1978414178634,155,130,,,
pooled,65plus,65plus,foreign_born,all,nh_white,total_all_sources,0.5990838455268181,0.15572205202562087,0.29387423195792867,0.9042934590957077,True,-6688.7402452897095,3561.8850389554073,155,130,,,
pooled,65plus,65plus,foreign_born,all,nh_white,share_medicaid_ever,3.95643984200641,1.1640973925674325,1.6748508780772573,6.238028805935563,True,0.26661205759609474,0.047694549625860165,155,130,,,
pooled,65plus,65plus,foreign_born,all,all_donors,public,0.8437445618618282,0.16330824604105987,0.523666281242945,1.1638228424807116,False,-1633.0252475606612,1757.0116377789943,155,662,,,
pooled,65plus,65plus,foreign_born,all,all_donors,medicare,0.8354361215763801,0.17562432305096895,0.49121877358725335,1.179653469565507,False,-1484.4646396278822,1640.296871344611,155,662,,,
pooled,65plus,65plus,foreign_born,all,all_donors,medicaid,0.9742723715209977,0.3576001394780423,0.27338897727753475,1.6751557657644605,False,-30.552574919493736,428.9088715517735,155,662,,,
pooled,65plus,65plus,foreign_born,all,all_donors,out_of_pocket,0.7070062088903283,0.24773838167403148,0.22144790322098884,1.1925645145596677,False,-291.37503120427766,254.50034573739975,155,662,,,
pooled,65plus,65plus,foreign_born,all,all_donors,private,0.21326703666294916,0.11070966573201868,-0.0037199209122756594,0.430253994238174,True,-1118.6035608256161,366.7316762478652,155,662,,,
pooled,65plus,65plus,foreign_born,all,all_donors,total_all_sources,0.7730435267724803,0.13844115614895114,0.5017038467424503,1.0443832068025105,False,-2934.384430982658,1883.647930943584,155,662,,,
pooled,65plus,65plus,foreign_born,all,all_donors,share_medicaid_ever,1.263145012871357,0.16528166618010773,0.9391988998535741,1.58709112588914,False,0.0743288200954238,0.044043011415069146,155,662,,,
pooled,65plus,65plus,both,all,nh_white,public,0.8857373106598034,0.15137185918545026,0.5890539183834523,1.1824207029361546,False,-1263.452106643157,1682.5756900781455,280,3502,,,
pooled,65plus,65plus,both,all,nh_white,medicare,0.8447125178165492,0.14929683626316426,0.5520960957349738,1.1373289398981248,False,-1541.561037003983,1495.6729343687355,280,3502,,,
pooled,65plus,65plus,both,all,nh_white,medicaid,3.3262501493821586,0.9989028570466661,1.3684365255165307,5.284063773247786,True,681.429839247704,268.49486087267076,280,3502,,,
pooled,65plus,65plus,both,all,nh_white,out_of_pocket,0.40047789946400675,0.08132689243701309,0.2410801193128982,0.5598756796151153,True,-1378.9984453967345,215.52528536970001,280,3502,,,
pooled,65plus,65plus,both,all,nh_white,private,0.37494822289683877,0.10757204077649468,0.16411089723143507,0.5857855485622425,True,-1854.5313628385754,404.7585797341185,280,3502,,,
pooled,65plus,65plus,both,all,nh_white,total_all_sources,0.7247508755187306,0.11612224643562497,0.49715545470102107,0.9523462963364402,True,-4534.228251829358,1944.7293713432084,280,3502,,,
pooled,65plus,65plus,both,all,nh_white,share_medicaid_ever,3.6125189230521335,0.4833311044686129,2.665207365685686,4.559830480418581,True,0.18654999163390756,0.029270130553439012,280,3502,,,
pooled,65plus,65plus,both,all,all_donors,public,0.8933746165162947,0.14456539068975985,0.6100316573534033,1.1767175756791861,False,-1168.924009189619,1582.046208525882,280,4839,,,
pooled,65plus,65plus,both,all,all_donors,medicare,0.8740281268750134,0.1458340614321326,0.5881986187488317,1.159857635001195,False,-1208.5966467149156,1397.1933618574642,280,4839,,,
pooled,65plus,65plus,both,all,all_donors,medicaid,1.833547521566563,0.4987608681381998,0.8559941831177605,2.8111008600153657,False,442.9531905347076,265.97801805089574,280,4839,,,
pooled,65plus,65plus,both,all,all_donors,out_of_pocket,0.46928241208495225,0.09251064276172528,0.2879648840853196,0.6505999400845849,True,-1041.7567808881931,194.01845335857993,280,4839,,,
pooled,65plus,65plus,both,all,all_donors,private,0.41268499456871066,0.11234340738747652,0.19249596218874565,0.6328740269486757,True,-1583.2223294141015,345.72278768634163,280,4839,,,
pooled,65plus,65plus,both,all,all_donors,total_all_sources,0.7577061433025053,0.11589038834965246,0.5305651559828262,0.9848471306221844,True,-3817.752546161073,1821.6607667031788,280,4839,,,
pooled,65plus,65plus,both,all,all_donors,share_medicaid_ever,2.0817764541315484,0.22793018228736717,1.6350415058586594,2.5285114024044373,True,0.13404460892713918,0.02763213557958092,280,4839,,,
pooled,18_64,18_64,us_born,all,nh_white,public,0.6762158111528469,0.12592514296710838,0.42940706618925717,0.9230245561164366,True,-652.2863180007753,282.9864420797049,870,5088,,,
pooled,18_64,18_64,us_born,all,nh_white,medicare,0.2666775596328446,0.07535920441457467,0.11897623307668642,0.4143788861890028,True,-534.013940430782,106.83179154753016,870,5088,,,
pooled,18_64,18_64,us_born,all,nh_white,medicaid,0.8306809227889049,0.22321739016504422,0.393182877342393,1.268178968235417,False,-179.18854989363842,244.67510928191265,870,5088,,,
pooled,18_64,18_64,us_born,all,nh_white,out_of_pocket,0.5548794694161179,0.14002587954436005,0.2804337886056283,0.8293251502266075,True,-595.8597909550257,192.86540089293487,870,5088,,,
pooled,18_64,18_64,us_born,all,nh_white,private,0.3895372668770133,0.06781714494526904,0.25661810524995343,0.5224564285040731,True,-3756.3346620722473,543.5041626058662,870,5088,,,
pooled,18_64,18_64,us_born,all,nh_white,total_all_sources,0.475669131116086,0.06783914198682693,0.3427068560798062,0.6086314061523658,True,-5039.282101114502,763.5081843233256,870,5088,,,
pooled,18_64,18_64,us_born,all,nh_white,share_medicaid_ever,2.0578510895579263,0.21461737046702667,1.6372087729858638,2.4784934061299886,True,0.15546609770897918,0.029347875071147198,870,5088,,,
pooled,18_64,18_64,us_born,all,all_donors,public,0.6723236606299463,0.10949862962120263,0.4577102902158984,0.8869370310439942,True,-663.9488772748261,235.4092428637852,870,7952,,,
pooled,18_64,18_64,us_born,all,all_donors,medicare,0.3020588722354746,0.0796773459198537,0.14589414384882193,0.4582236006221273,True,-448.71572140135396,79.90395371690843,870,7952,,,
pooled,18_64,18_64,us_born,all,all_donors,medicaid,0.7584601535301577,0.18090576664572183,0.4038913663089356,1.1130289407513798,False,-279.9591169355516,214.11369675561016,870,7952,,,
pooled,18_64,18_64,us_born,all,all_donors,out_of_pocket,0.6472842933717512,0.15186044336749424,0.34964329369517794,0.9449252930483245,True,-404.7574403170023,170.18399903068442,870,7952,,,
pooled,18_64,18_64,us_born,all,all_donors,private,0.46622381554348225,0.07640227204658377,0.3164781139951467,0.6159695170918178,True,-2744.2196669905065,448.47048245622005,870,7952,,,
pooled,18_64,18_64,us_born,all,all_donors,total_all_sources,0.5424635967898606,0.0713703337900226,0.4025803129968142,0.6823468805829069,True,-3855.877849592285,636.7226662672932,870,7952,,,
pooled,18_64,18_64,us_born,all,all_donors,share_medicaid_ever,1.552715262828247,0.13082322199874613,1.2963064593692164,1.8091240662872776,True,0.10765513266601098,0.02626333618031951,870,7952,,,
pooled,18_64,18_64,foreign_born,all,nh_white,public,0.3365418048980955,0.22422785779921203,-0.10293672071892879,0.7760203305151198,True,-2439.1552965045285,2319.2117192602864,697,275,,,
pooled,18_64,18_64,foreign_born,all,nh_white,medicare,0.07897517747394732,0.09470146853032307,-0.10663629012853922,0.26458664507643387,True,-2417.673919998593,2244.120493115728,697,275,,,
pooled,18_64,18_64,foreign_born,all,nh_white,medicaid,5.641015788369011,2.2421317412472965,1.2465183269302305,10.035513249807792,True,730.4754973619915,215.0369571174334,697,275,,,
pooled,18_64,18_64,foreign_born,all,nh_white,out_of_pocket,0.2490767571433117,0.040622002302900695,0.16945909564972322,0.3286944186369002,True,-1296.735129084082,253.29338994807756,697,275,,,
pooled,18_64,18_64,foreign_born,all,nh_white,private,0.23039884850915945,0.056545285937645066,0.11957212457585595,0.341225572442463,True,-3804.2492168141152,807.614366148111,697,275,,,
pooled,18_64,18_64,foreign_born,all,nh_white,total_all_sources,0.2789025602706402,0.07606628052180561,0.12981539000998057,0.42798973053129985,True,-7552.10945160323,2537.430778720096,697,275,,,
pooled,18_64,18_64,foreign_born,all,nh_white,share_medicaid_ever,2.0638260669647717,0.5455656465020706,0.9945370486184026,3.1331150853111405,False,0.0969480278730672,0.03190142327044523,697,275,,,
pooled,18_64,18_64,foreign_born,all,all_donors,public,0.8578512116341097,0.2536938864678889,0.3606203310590541,1.3550820922091653,False,-205.0199398691616,400.4376171534959,697,2140,,,
pooled,18_64,18_64,foreign_born,all,all_donors,medicare,0.3970494616181396,0.38618735446808083,-0.35986384442410235,1.1539627676603814,False,-314.8140286381268,346.04060659541074,697,2140,,,
pooled,18_64,18_64,foreign_born,all,all_donors,medicaid,1.2899405721764,0.2548071359937513,0.7905277626248477,1.789353381727952,False,199.5672216117714,177.99810552055953,697,2140,,,
pooled,18_64,18_64,foreign_born,all,all_donors,out_of_pocket,0.5201542069483797,0.06369997995470615,0.3953045404212322,0.6450038734755271,True,-396.7879806798046,77.58616522964722,697,2140,,,
pooled,18_64,18_64,foreign_born,all,all_donors,private,0.4415467476324641,0.08940752520764111,0.26631121827863047,0.6167822769862977,True,-1440.4350805062193,323.5098359253874,697,2140,,,
pooled,18_64,18_64,foreign_born,all,all_donors,total_all_sources,0.5908056717474562,0.08598546333915008,0.4222772604087329,0.7593340830861796,True,-2023.0740175927058,544.8541897493685,697,2140,,,
pooled,18_64,18_64,foreign_born,all,all_donors,share_medicaid_ever,1.145849403471601,0.13890064464451585,0.8736091425389535,1.4180896644042482,False,0.023939692024060627,0.022566656264125025,697,2140,,,
pooled,18_64,18_64,both,all,nh_white,public,0.6253883180167787,0.1048006534183805,0.41998281176048846,0.830793824273069,True,-786.9427049642038,277.9001739336805,1567,5363,,,
pooled,18_64,18_64,both,all,nh_white,medicare,0.24112211982971535,0.10251016196244297,0.040205894333959324,0.44203834532547137,True,-627.2148228959975,171.89515316136507,1567,5363,,,
pooled,18_64,18_64,both,all,nh_white,medicaid,0.8723822851473202,0.16677150388919762,0.5455161438769114,1.199248426417729,False,-129.09866380881942,177.6060682771789,1567,5363,,,
pooled,18_64,18_64,both,all,nh_white,out_of_pocket,0.45731956927866524,0.08617281261902526,0.28842396009885707,0.6262151784584734,True,-737.3752680109989,126.89529889202431,1567,5363,,,
pooled,18_64,18_64,both,all,nh_white,private,0.3133501694077041,0.04500754988332624,0.22513699260399478,0.40156334621141343,True,-4182.074718379723,450.57577224405173,1567,5363,,,
pooled,18_64,18_64,both,all,nh_white,total_all_sources,0.4070936018751178,0.045890140664180235,0.31715057892784754,0.49703662482238803,True,-5724.844051153339,616.6506444993269,1567,5363,,,
pooled,18_64,18_64,both,all,nh_white,share_medicaid_ever,1.7910068413850349,0.18636908108262445,1.4257301546312657,2.156283528138804,True,0.11396098945779806,0.025301915849753172,1567,5363,,,
pooled,18_64,18_64,both,all,all_donors,public,0.6875400223116973,0.0947760982391861,0.5017822831676625,0.8732977614557321,True,-597.0462507230463,201.97231126198614,1567,10092,,,
pooled,18_64,18_64,both,all,all_donors,medicare,0.3219341124902011,0.1244839900249482,0.07794997538945928,0.565918249590943,True,-419.74581148060213,108.83999539504651,1567,10092,,,
pooled,18_64,18_64,both,all,all_donors,medicaid,0.8278707044165536,0.13117141321823947,0.5707794587075832,1.084961950125524,False,-183.48894278892806,145.3674297428711,1567,10092,,,
pooled,18_64,18_64,both,all,all_donors,out_of_pocket,0.5731543788965071,0.09853911575198561,0.38002126095419175,0.7662874968388225,True,-462.7680929760619,103.6837792113724,1567,10092,,,
pooled,18_64,18_64,both,all,all_donors,private,0.4117802920956603,0.05487934368951225,0.3042187549690208,0.5193418292222998,True,-2726.2169785751694,328.4508584117285,1567,10092,,,
pooled,18_64,18_64,both,all,all_donors,total_all_sources,0.5079214708053585,0.05132447442841184,0.40732734940022436,0.6085155922104928,True,-3808.1114033449635,455.05499617332714,1567,10092,,,
pooled,18_64,18_64,both,all,all_donors,share_medicaid_ever,1.3672827539902743,0.11531558520789062,1.141268360126649,1.5932971478538998,True,0.06931311496713907,0.022358620562988294,1567,10092,,,
pooled,under18,under18,us_born,all,nh_white,public,4.613969936583557,3.188608333472038,-1.6355875578259198,10.863527430993035,False,2944.8145550876548,2524.041041329865,691,1546,,,
pooled,under18,under18,us_born,all,nh_white,medicare,0.021917492311780324,0.02123704742235018,-0.01970635577399522,0.06354134039755586,True,-6.857343212165654,4.86277043190576,691,1546,,,
pooled,under18,under18,us_born,all,nh_white,medicaid,4.92338414102522,3.5677010140818495,-2.0691813541822324,11.915949636232673,False,2864.9789111940663,2527.8030651847084,691,1546,,,
pooled,under18,under18,us_born,all,nh_white,out_of_pocket,0.3217710557785374,0.09393586427406976,0.1376601449447179,0.5058819666123568,True,-485.32129677446034,114.88368672932258,691,1546,,,
pooled,under18,under18,us_born,all,nh_white,private,0.3894775549321929,0.09646977584341546,0.20040026868244648,0.5785548411819392,True,-1248.6670033761338,278.4357365435839,691,1546,,,
pooled,under18,under18,us_born,all,nh_white,total_all_sources,1.325006342866872,0.6991666143274601,-0.04533504040775593,2.6953477261414998,False,1177.9076801939518,2521.2548268751734,691,1546,,,
pooled,under18,under18,us_born,all,nh_white,share_medicaid_ever,2.180858531523581,0.20155714047883114,1.7858137953581916,2.5759032676889704,True,0.3355869239122197,0.04101610124641743,691,1546,,,
pooled,under18,under18,us_born,all,all_donors,public,2.435796589755268,0.9457158022578613,0.5822276777194564,4.28936550179108,False,2216.154710366688,2074.4367839359506,691,3372,,,
pooled,under18,under18,us_born,all,all_donors,medicare,0.035619299976934936,0.03137608116760447,-0.025876689087575275,0.09711528904144515,True,-4.160393295322419,2.3951901407183933,691,3372,,,
pooled,under18,under18,us_born,all,all_donors,medicaid,2.462046827177902,0.9931305225680133,0.5155467709971528,4.408546883358651,False,2134.9577922229178,2077.7285361586155,691,3372,,,
pooled,under18,under18,us_born,all,all_donors,out_of_pocket,0.46377611422320286,0.11461677956692684,0.23913135424805987,0.6884208741983459,True,-266.2182246942242,68.5228533219228,691,3372,,,
pooled,under18,under18,us_born,all,all_donors,private,0.5148507468373872,0.11085065880412052,0.2975874479187731,0.7321140457560013,True,-750.6222879377384,183.582322250161,691,3372,,,
pooled,under18,under18,us_born,all,all_donors,total_all_sources,1.328216954958248,0.5384461867186823,0.2728818213767017,2.3835520885397945,False,1186.6683685976805,2081.485502565612,691,3372,,,
pooled,under18,under18,us_born,all,all_donors,share_medicaid_ever,1.4148443046702122,0.07551270288807058,1.2668421266343202,1.5628464827061042,True,0.1817235174186272,0.03186726327168505,691,3372,,,
pooled,under18,under18,foreign_born,all,nh_white,public,8.783705309472879,5.444179163547436,-1.8866897764634931,19.45410039540925,False,407.2752839076377,140.58067717391438,38,27,,,
pooled,under18,under18,foreign_born,all,nh_white,medicare,,,,,False,0.0,0.0,38,27,,,
pooled,under18,under18,foreign_born,all,nh_white,medicaid,32.38597238881536,34.19131514139598,-34.62777387237979,99.39971865001051,False,445.4080622566612,138.73833643167237,38,27,,,
pooled,under18,under18,foreign_born,all,nh_white,out_of_pocket,1.5233426869495026,1.0776766876844386,-0.5888648078904168,3.635550181789422,False,211.57878244947864,413.76632294501013,38,27,,,
pooled,under18,under18,foreign_born,all,nh_white,private,0.4736879007320094,0.3975801826624051,-0.3055549382531606,1.2529307397171794,False,-370.0256405098024,352.75307950297105,38,27,,,
pooled,under18,under18,foreign_born,all,nh_white,total_all_sources,1.294873556029114,0.6930986446247319,-0.06357482516888635,2.6533219372271146,False,343.22574387658483,757.7002061907046,38,27,,,
pooled,under18,under18,foreign_born,all,nh_white,share_medicaid_ever,7.826368805362166,6.064757017904819,-4.06033652471782,19.713074135442152,False,0.5207560314459151,0.1300124734631641,38,27,,,
pooled,under18,under18,foreign_born,all,all_donors,public,1.3644133435393884,0.48729185313082096,0.40933886144319775,2.319487825635579,False,122.75176339160043,146.34416750647938,38,173,,,
pooled,under18,under18,foreign_born,all,all_donors,medicare,,,,,False,0.0,0.0,38,173,,,
pooled,under18,under18,foreign_born,all,all_donors,medicaid,1.513200083985608,0.5560272701155096,0.42340666013708494,2.602993507834131,False,155.8726033077022,144.37854428548886,38,173,,,
pooled,under18,under18,foreign_born,all,all_donors,out_of_pocket,1.3872190558769693,0.7258705883646042,-0.0354611547545538,2.8098992665084923,False,171.90766506062926,338.9861649906749,38,173,,,
pooled,under18,under18,foreign_born,all,all_donors,private,0.45534792986331774,0.3614793499312025,-0.25313857715679045,1.163834436883426,False,-398.3424122520233,342.4024575442785,38,173,,,
pooled,under18,under18,foreign_born,all,all_donors,total_all_sources,0.97588643169552,0.41108402158388774,0.17017655477121385,1.781596308619826,False,-37.24205107479793,635.7781429456992,38,173,,,
pooled,under18,under18,foreign_born,all,all_donors,share_medicaid_ever,1.5317160573901583,0.2824530074734731,0.9781183354171282,2.0853137793631884,False,0.20725565100729676,0.10588924315292311,38,173,,,
pooled,under18,under18,both,all,nh_white,public,4.510554961002404,3.0951373095827877,-1.5558026929860596,10.576912614990867,False,2817.090091895076,2411.808132843113,729,1573,,,
pooled,under18,under18,both,all,nh_white,medicare,0.02133332404161308,0.020647932666624697,-0.01913588034017941,0.06180252842340557,True,-6.75004654970208,4.78310524277553,729,1573,,,
pooled,under18,under18,both,all,nh_white,medicaid,4.817777360674249,3.465774929725342,-1.9750166801092588,11.610571401457758,False,2743.4814467970104,2415.415286069836,729,1573,,,
pooled,under18,under18,both,all,nh_white,out_of_pocket,0.3471007865788722,0.10121293104075878,0.14872708696924894,0.5454744861884955,True,-463.8965611036684,114.9145856161246,729,1573,,,
pooled,under18,under18,both,all,nh_white,private,0.38394579932708905,0.09514936992898522,0.19745646111459958,0.5704351375395785,True,-1246.5570756471711,273.86421615112334,729,1573,,,
pooled,under18,under18,both,all,nh_white,total_all_sources,1.300743820411824,0.6755782202047526,-0.023365159929160884,2.6248528007528087,False,1077.9617938369825,2409.6103699178752,729,1573,,,
pooled,under18,under18,both,all,nh_white,share_medicaid_ever,2.203634083360266,0.2026621880076929,1.8064234938371024,2.6008446728834294,True,0.33799696793696454,0.040412024194323576,729,1573,,,
pooled,under18,under18,both,all,all_donors,public,2.4309971964518278,0.9378678291510449,0.5928100290570151,4.269184363846641,False,2130.6360131180463,1982.0742092341372,729,3545,,,
pooled,under18,under18,both,all,all_donors,medicare,0.0357230753980265,0.03144012950527762,-0.025898446101592747,0.09734459689764574,True,-3.9717639644877716,2.2855963329874336,729,3545,,,
pooled,under18,under18,both,all,all_donors,medicaid,2.4589824034728283,0.9850254663369048,0.5283679655977234,4.389596841347933,False,2054.1530032863757,1985.3117158571158,729,3545,,,
pooled,under18,under18,both,all,all_donors,out_of_pocket,0.499139588514397,0.12290367327637876,0.25825281532501676,0.7400263617037772,True,-247.47155933352332,69.27382641961465,729,3545,,,
pooled,under18,under18,both,all,all_donors,private,0.5144010360230526,0.11039685037393122,0.29802718528349026,0.730774886762615,True,-733.3969208743605,177.19158328124877,729,3545,,,
pooled,under18,under18,both,all,all_donors,total_all_sources,1.3238299544827474,0.5282308714962389,0.28851647082791376,2.359143438137581,False,1140.4683635284591,1987.6189702965091,729,3545,,,
pooled,under18,under18,both,all,all_donors,share_medicaid_ever,1.4197173064057318,0.0743528626857356,1.2739883733942379,1.5654462394172257,True,0.1829417413974216,0.03132176958488378,729,3545,,,
pooled,65plus,65plus,both,medicaid_ever,nh_white,public,0.8434848743680396,0.16476671040332214,0.5205480561263872,1.166421692609692,False,-2919.22787287364,3157.4183669566146,106,292,,,
pooled,65plus,65plus,both,medicaid_ever,nh_white,medicare,0.8199799401587156,0.18871046271187827,0.45011422973754533,1.1898456505798858,False,-2603.0439399428997,2815.938507915367,106,292,,,
pooled,65plus,65plus,both,medicaid_ever,nh_white,medicaid,0.9757367356446394,0.2905364739013486,0.4062957106027347,1.545177760686544,False,-89.62020734970292,1083.6467314930949,106,292,,,
pooled,65plus,65plus,both,medicaid_ever,nh_white,out_of_pocket,0.4920932683077009,0.20381874297633837,0.09261587269985161,0.8915706639155502,True,-419.1397546927894,261.47682221039594,106,292,,,
pooled,65plus,65plus,both,medicaid_ever,nh_white,private,0.03842484677991643,0.03575521270624193,-0.031654082383886666,0.10850377594371952,True,-2100.5240029146767,1603.9428711018522,106,292,,,
pooled,65plus,65plus,both,medicaid_ever,nh_white,total_all_sources,0.7450714579762391,0.15738901915966755,0.4365946488612062,1.053548267091272,False,-5597.160589264722,3772.0789656386964,106,292,,,
pooled,65plus,65plus,both,medicaid_ever,nh_white,share_medicaid_ever,1.0,0.0,1.0,1.0,False,0.0,0.0,106,292,,,
pooled,65plus,65plus,both,medicaid_ever,all_donors,public,0.8844844801197824,0.15480092583991442,0.5810802407000943,1.1878887195394705,False,-2054.655912146989,2746.061864878663,106,742,,,
pooled,65plus,65plus,both,medicaid_ever,all_donors,medicare,0.8828540581360229,0.18010674068040605,0.529851333029532,1.2358567832425138,False,-1573.265996748667,2424.8700185473867,106,742,,,
pooled,65plus,65plus,both,medicaid_ever,all_donors,medicaid,0.9017528776591685,0.23684897044614497,0.43753742580933264,1.3659683295090042,False,-392.6645298008589,953.1302719360677,106,742,,,
pooled,65plus,65plus,both,medicaid_ever,all_donors,out_of_pocket,0.7030915388951184,0.23484840631586523,0.24279712068939363,1.1633859571008434,False,-171.4877145372488,150.95844372430773,106,742,,,
pooled,65plus,65plus,both,medicaid_ever,all_donors,private,0.08047903316486657,0.06912530895680635,-0.055004082810677896,0.21596214914041104,True,-959.037184652177,676.6754653107769,106,742,,,
pooled,65plus,65plus,both,medicaid_ever,all_donors,total_all_sources,0.8361691885155781,0.15119665966862486,0.5398291809823137,1.1325091960488425,False,-3205.1521768876573,2980.1857289247114,106,742,,,
pooled,65plus,65plus,both,medicaid_ever,all_donors,share_medicaid_ever,1.0,0.0,1.0,1.0,False,0.0,0.0,106,742,,,
pooled,65plus,65plus,both,no_medicaid,nh_white,public,0.7380249712323527,0.16864414785856238,0.4074885152261227,1.0685614272385826,False,-2743.789910035598,1785.287752533212,174,3210,,,
pooled,65plus,65plus,both,no_medicaid,nh_white,medicare,0.7494749095270381,0.18044811748428924,0.39580309817977877,1.1031467208742973,False,-2399.679401580557,1746.4903908423285,174,3210,,,
pooled,65plus,65plus,both,no_medicaid,nh_white,medicaid,1.91594172701537,0.9409686040585278,0.07167715247772555,3.7602063015530147,False,28.78298773267096,25.05465867771071,174,3210,,,
pooled,65plus,65plus,both,no_medicaid,nh_white,out_of_pocket,0.4558452160941957,0.10323537735121249,0.2535075945554172,0.6581828376329741,True,-1313.361595308546,271.8086001431703,174,3210,,,
pooled,65plus,65plus,both,no_medicaid,nh_white,private,0.48560780121557545,0.14010185419192706,0.21101321283211644,0.7602023895990344,True,-1557.1576011180075,483.3881916405796,174,3210,,,
pooled,65plus,65plus,both,no_medicaid,nh_white,total_all_sources,0.6480693142079761,0.1343228291816981,0.38480140671032204,0.9113372217056301,True,-5649.044177067999,2192.4785007405762,174,3210,,,
pooled,65plus,65plus,both,no_medicaid,nh_white,share_medicaid_ever,,,,,False,0.0,0.0,174,3210,,,
pooled,65plus,65plus,both,no_medicaid,all_donors,public,0.7731430732837169,0.17064472793698854,0.4386855523755834,1.1076005941918505,False,-2268.0581728507286,1704.3699747122644,174,4097,,,
pooled,65plus,65plus,both,no_medicaid,all_donors,medicare,0.7931057308316866,0.18429379766769755,0.4318965248288876,1.1543149368344856,False,-1872.7356050074413,1665.7329769562803,174,4097,,,
pooled,65plus,65plus,both,no_medicaid,all_donors,medicaid,1.4583264268492897,0.6447640280879561,0.1946121532699241,2.7220407004286553,False,18.922149850077894,24.669378245478065,174,4097,,,
pooled,65plus,65plus,both,no_medicaid,all_donors,out_of_pocket,0.5096296788760184,0.11271716843508336,0.28870808830392003,0.7305512694481168,True,-1058.641044900904,253.68995317943072,174,4097,,,
pooled,65plus,65plus,both,no_medicaid,all_donors,private,0.5018079278594716,0.13750419630622765,0.23230465537613987,0.7713112003428033,True,-1459.4295838158216,433.56332990621627,174,4097,,,
pooled,65plus,65plus,both,no_medicaid,all_donors,total_all_sources,0.6835572280493086,0.13721093976656695,0.4146287278219427,0.9524857282766745,True,-4815.701880089864,2085.94827029278,174,4097,,,
pooled,65plus,65plus,both,no_medicaid,all_donors,share_medicaid_ever,,,,,False,0.0,0.0,174,4097,,,
pooled,18_64,18_64,both,medicaid_ever,nh_white,public,0.378297277185743,0.06995652969879479,0.24118499849269856,0.5154095558787875,True,-6661.913944217289,1493.4313110823425,445,899,,,
pooled,18_64,18_64,both,medicaid_ever,nh_white,medicare,0.16557730375917476,0.08751296954759917,-0.005944964734270114,0.33709957225261966,True,-3266.7223635439427,1064.0433448628116,445,899,,,
pooled,18_64,18_64,both,medicaid_ever,nh_white,medicaid,0.5152180651826812,0.08372867618042062,0.3511128753958401,0.6793232549695223,True,-3201.1252388844346,796.3976493871517,445,899,,,
pooled,18_64,18_64,both,medicaid_ever,nh_white,out_of_pocket,0.5307688371572051,0.11583472150694266,0.3037369548443703,0.75780071947004,True,-259.6979988285759,95.47125341226383,445,899,,,
pooled,18_64,18_64,both,medicaid_ever,nh_white,private,0.3589102572384442,0.21563578539756018,-0.0637281159187818,0.7815486303956702,True,-1419.0163282694884,779.7445252937514,445,899,,,
pooled,18_64,18_64,both,medicaid_ever,nh_white,total_all_sources,0.3838674335503074,0.07158240863115668,0.24356849070661118,0.5241663763940037,True,-8372.582387159957,1796.6192967141517,445,899,,,
pooled,18_64,18_64,both,medicaid_ever,nh_white,share_medicaid_ever,1.0,0.0,1.0,1.0,False,0.0,0.0,445,899,,,
pooled,18_64,18_64,both,medicaid_ever,all_donors,public,0.5198866895198574,0.07537028680231471,0.372163641882866,0.6676097371568488,True,-3743.5575353879954,797.7505411608893,445,2234,,,
pooled,18_64,18_64,both,medicaid_ever,all_donors,medicare,0.2892096186694067,0.13711272213423611,0.020473621464056013,0.5579456158747573,True,-1593.1465702008463,504.55451970888095,445,2234,,,
pooled,18_64,18_64,both,medicaid_ever,all_donors,medicaid,0.6236722924842892,0.08401473718371512,0.4590064334336095,0.788338151534969,True,-2052.849280477391,539.3097038666472,445,2234,,,
pooled,18_64,18_64,both,medicaid_ever,all_donors,out_of_pocket,0.7613799959374384,0.12690479162043425,0.5126511748958269,1.01010881697905,False,-92.06457633752285,53.51262823994842,445,2234,,,
pooled,18_64,18_64,both,medicaid_ever,all_donors,private,0.5618184414821203,0.2824943745808195,0.008139641468546843,1.1154972414956938,False,-619.6016129580846,455.6963038414556,445,2234,,,
pooled,18_64,18_64,both,medicaid_ever,all_donors,total_all_sources,0.5381601501289754,0.07997989573782233,0.38140243499557513,0.6949178652623758,True,-4476.580532761321,981.7719448892441,445,2234,,,
pooled,18_64,18_64,both,medicaid_ever,all_donors,share_medicaid_ever,1.0,0.0,1.0,1.0,False,0.0,0.0,445,2234,,,
pooled,18_64,18_64,both,no_medicaid,nh_white,public,0.5546844316548974,0.1318515402411075,0.2962601614761931,0.8131087018336018,True,-289.731376632163,105.8669485647715,1122,4464,,,
pooled,18_64,18_64,both,no_medicaid,nh_white,medicare,0.14075295241456975,0.05162902125503188,0.03956193019765432,0.2419439746314852,True,-263.49054885044404,48.567024005502866,1122,4464,,,
pooled,18_64,18_64,both,no_medicaid,nh_white,medicaid,0.08910391537486899,0.06929702122713197,-0.04671575046621727,0.22492358121595524,True,-64.14297136191884,47.19869378484444,1122,4464,,,
pooled,18_64,18_64,both,no_medicaid,nh_white,out_of_pocket,0.49208468451361614,0.1054079637296307,0.28548887191983563,0.6986804971073967,True,-758.9859062657315,166.9680436500642,1122,4464,,,
pooled,18_64,18_64,both,no_medicaid,nh_white,private,0.3404794377823004,0.04763112996364821,0.24712413851060328,0.4338347370539975,True,-4447.244353869875,491.28994123581884,1122,4464,,,
pooled,18_64,18_64,both,no_medicaid,nh_white,total_all_sources,0.3873487007756895,0.05057702600485919,0.28821955136101973,0.4864778501903593,True,-5509.875140225438,604.5235869905922,1122,4464,,,
pooled,18_64,18_64,both,no_medicaid,nh_white,share_medicaid_ever,,,,,False,0.0,0.0,1122,4464,,,
pooled,18_64,18_64,both,no_medicaid,all_donors,public,0.6664623573952004,0.14061189434895965,0.39086810867328836,0.9420566061171125,True,-180.61044310912575,81.04585072492674,1122,7858,,,
pooled,18_64,18_64,both,no_medicaid,all_donors,medicare,0.17861597509942767,0.06154830243243176,0.05798351902228241,0.29924843117657296,True,-198.48626524935673,30.975031580490885,1122,7858,,,
pooled,18_64,18_64,both,no_medicaid,all_donors,medicaid,0.13929521003701612,0.10102274832991899,-0.05870573830887901,0.33729615838291127,True,-38.769934246958776,27.55889739296724,1122,7858,,,
pooled,18_64,18_64,both,no_medicaid,all_donors,out_of_pocket,0.5898665922272674,0.11604276608523444,0.3624269500338019,0.817306234420733,True,-511.2738702877591,140.48537031818228,1122,7858,,,
pooled,18_64,18_64,both,no_medicaid,all_donors,private,0.4264405616204679,0.0551375414874605,0.31837296610896226,0.5345081571319735,True,-3087.972794101117,366.67758802214166,1122,7858,,,
pooled,18_64,18_64,both,no_medicaid,all_donors,total_all_sources,0.4782384392773903,0.057356366877220503,0.365822025913972,0.5906548526408085,True,-3800.6519676711,465.2005654480809,1122,7858,,,
pooled,18_64,18_64,both,no_medicaid,all_donors,share_medicaid_ever,,,,,False,0.0,0.0,1122,7858,,,
pooled,all_ages,all_ages,both,medicaid_ever,nh_white,public,0.610026479054334,0.23227571266167685,0.15477444775407323,1.0652785103545948,False,-3486.5819358162644,2190.4487119396445,1045,1693,,,
pooled,all_ages,all_ages,both,medicaid_ever,nh_white,medicare,0.2346870483764205,0.06877670179512728,0.09988718988251974,0.36948690687032126,True,-2927.127355513574,663.915807968817,1045,1693,,,
pooled,all_ages,all_ages,both,medicaid_ever,nh_white,medicaid,0.918025005374138,0.40621133977654683,0.12186540930034351,1.7141846014479325,False,-404.4276449002482,2010.8692538740252,1045,1693,,,
pooled,all_ages,all_ages,both,medicaid_ever,nh_white,out_of_pocket,0.42943370538026,0.0857571635655727,0.26135275337542696,0.597514657385093,True,-264.0755889618599,64.92569932712912,1045,1693,,,
pooled,all_ages,all_ages,both,medicaid_ever,nh_white,private,0.24111630012772697,0.11661349941266895,0.012558041167713085,0.46967455908774086,True,-1390.1798280143107,486.63687382178136,1045,1693,,,
pooled,all_ages,all_ages,both,medicaid_ever,nh_white,total_all_sources,0.5419458509690903,0.18447888091417236,0.18037388846905894,0.9035178134691217,True,-5191.626735581225,2274.720083839676,1045,1693,,,
pooled,all_ages,all_ages,both,medicaid_ever,nh_white,share_medicaid_ever,1.0,0.0,1.0,1.0,False,0.0,0.0,1045,1693,,,
pooled,all_ages,all_ages,both,medicaid_ever,all_donors,public,0.7875243797372058,0.2435828032694539,0.3101108580757708,1.2649379013986408,False,-1471.4941541612834,1613.1908126806602,1045,4727,,,
pooled,all_ages,all_ages,both,medicaid_ever,all_donors,medicare,0.36806032531908034,0.08655059792126826,0.19842427055298728,0.5376963800851734,True,-1541.1620096205804,294.5095239976768,1045,4727,,,
pooled,all_ages,all_ages,both,medicaid_ever,all_donors,medicaid,1.0323461049214917,0.3549213525951679,0.33671303649072104,1.7279791733522623,False,141.9092209036453,1569.3078049580195,1045,4727,,,
pooled,all_ages,all_ages,both,medicaid_ever,all_donors,out_of_pocket,0.6645319918412403,0.10131046161762718,0.4659671358135636,0.8630968478689172,True,-100.33523891876499,33.542089301894045,1045,4727,,,
pooled,all_ages,all_ages,both,medicaid_ever,all_donors,private,0.45011996267231247,0.18314621878157544,0.09115996995573139,0.8090799553888935,True,-539.5876585755839,229.97779338956363,1045,4727,,,
pooled,all_ages,all_ages,both,medicaid_ever,all_donors,total_all_sources,0.7423724756125731,0.20688180075412613,0.3368915970776945,1.1478533541474518,False,-2131.6354469573016,1628.7306818973289,1045,4727,,,
pooled,all_ages,all_ages,both,medicaid_ever,all_donors,share_medicaid_ever,1.0,0.0,1.0,1.0,False,0.0,0.0,1045,4727,,,
pooled,all_ages,all_ages,both,no_medicaid,nh_white,public,0.32084421767324006,0.06214778383868259,0.19903679963044177,0.4426516357160384,True,-2125.362246441392,225.7577636134761,1531,8745,,,
pooled,all_ages,all_ages,both,no_medicaid,nh_white,medicare,0.24391093515106094,0.06097992879957076,0.12439247092408544,0.3634293993780364,True,-2024.7855794810778,197.22645596467143,1531,8745,,,
pooled,all_ages,all_ages,both,no_medicaid,nh_white,medicaid,0.23507003149339167,0.13849342849803029,-0.03637210045822081,0.5065121634450042,True,-39.661657816961565,28.152700076157284,1531,8745,,,
pooled,all_ages,all_ages,both,no_medicaid,nh_white,out_of_pocket,0.4383246112910778,0.07330299711510958,0.29465337698661953,0.5819958455955361,True,-925.3074466185517,131.18291853698398,1531,8745,,,
pooled,all_ages,all_ages,both,no_medicaid,nh_white,private,0.4146570932431683,0.05276714588391585,0.3112353877437223,0.5180787987426143,True,-2999.499315282355,354.35041865241755,1531,8745,,,
pooled,all_ages,all_ages,both,no_medicaid,nh_white,total_all_sources,0.3927907132137995,0.04104208603280675,0.3123497027391039,0.4732317236884951,True,-6076.951739837216,478.3674741330746,1531,8745,,,
pooled,all_ages,all_ages,both,no_medicaid,nh_white,share_medicaid_ever,,,,,False,0.0,0.0,1531,8745,,,
pooled,all_ages,all_ages,both,no_medicaid,all_donors,public,0.4085501843111131,0.07579822533017794,0.25998839257191275,0.5571119760503135,True,-1453.5509722064385,191.73797117558456,1531,13749,,,
pooled,all_ages,all_ages,both,no_medicaid,all_donors,medicare,0.31893659877574404,0.07729813833991547,0.167435031557515,0.4704381659939731,True,-1394.8276176487004,165.77083739353588,1531,13749,,,
pooled,all_ages,all_ages,both,no_medicaid,all_donors,medicaid,0.292818905703808,0.14179441674038323,0.014906955683793521,0.5707308557238224,True,-29.43594489326851,17.892818217199995,1531,13749,,,
pooled,all_ages,all_ages,both,no_medicaid,all_donors,out_of_pocket,0.529556038184363,0.08212641696819138,0.36859121874738876,0.6905208576213373,True,-641.4938444528068,109.6796718137371,1531,13749,,,
pooled,all_ages,all_ages,both,no_medicaid,all_donors,private,0.4841767053028094,0.05685712189400892,0.3727387941259481,0.5956146164796706,True,-2263.729687587907,283.621417282362,1531,13749,,,
pooled,all_ages,all_ages,both,no_medicaid,all_donors,total_all_sources,0.4727759498017156,0.04577422332900577,0.38306012065657113,0.5624917789468601,True,-4383.776767901177,389.0137628764076,1531,13749,,,
pooled,all_ages,all_ages,both,no_medicaid,all_donors,share_medicaid_ever,,,,,False,0.0,0.0,1531,13749,,,
pooled,65plus,65plus,both,coverage_standardized,nh_white,public,0.7592432962314666,0.14265587334674487,0.4796429222887392,1.0388436701741939,False,,,280,3502,0.8857373106598034,0.12649401442833685,0.12391156085454862
pooled,65plus,65plus,both,coverage_standardized,nh_white,total_all_sources,0.6637934989529141,0.1175542625517372,0.4333913781223435,0.8941956197834846,True,,,280,3502,0.7247508755187306,0.06095737656581657,0.12391156085454862
pooled,65plus,65plus,both,coverage_standardized,all_donors,public,0.7955272756997781,0.1426227929722055,0.515991738099743,1.0750628132998132,False,,,280,4839,0.8933746165162947,0.09784734081651658,0.12391156085454862
pooled,65plus,65plus,both,coverage_standardized,all_donors,total_all_sources,0.7070366877071596,0.1201014098225064,0.4716422499625619,0.9424311254517572,True,,,280,4839,0.7577061433025053,0.05066945559534575,0.12391156085454862
pooled,18_64,18_64,both,coverage_standardized,nh_white,public,0.41480747428938247,0.06508687639255113,0.287239540693772,0.5423754078849929,True,,,1567,5363,0.6253883180167787,0.21058084372739627,0.188718675772548
pooled,18_64,18_64,both,coverage_standardized,nh_white,total_all_sources,0.38644332661080977,0.044685971500943805,0.2988604318547766,0.4740262213668429,True,,,1567,5363,0.4070936018751178,0.020650275264308016,0.188718675772548
pooled,18_64,18_64,both,coverage_standardized,all_donors,public,0.5535857494166313,0.07038705161397552,0.4156296632752774,0.6915418355579852,True,,,1567,10092,0.6875400223116973,0.133954272895066,0.188718675772548
pooled,18_64,18_64,both,coverage_standardized,all_donors,total_all_sources,0.49240220891225867,0.05081074818846906,0.3928149724353255,0.5919894453891918,True,,,1567,10092,0.5079214708053585,0.015519261893099878,0.188718675772548
pooled,all_ages,all_ages,both,coverage_standardized,nh_white,public,0.4540147919757162,0.11521309775855791,0.22820126982165026,0.6798283141297822,True,,,2576,10438,0.6588597038156425,0.2048449118399263,0.23004601457921844
pooled,all_ages,all_ages,both,coverage_standardized,nh_white,total_all_sources,0.4305003104611587,0.05956737469401523,0.3137504014072863,0.5472502195150312,True,,,2576,10438,0.464714177166586,0.034213866705427254,0.23004601457921844
pooled,all_ages,all_ages,both,coverage_standardized,all_donors,public,0.5817783433831434,0.12914808004937842,0.3286527578138658,0.8349039289524209,True,,,2576,18476,0.7573343254667498,0.17555598208360645,0.23004601457921844
pooled,all_ages,all_ages,both,coverage_standardized,all_donors,total_all_sources,0.5345613860453671,0.06559458574833057,0.40599836039781484,0.6631244116929194,True,,,2576,18476,0.5711734855306788,0.036612099485311744,0.23004601457921844
